

--------------------------------------------------
--- START Generated from: /media/truecrypt1/source/bmr_44/art/art-data/testdata/src/main/resources/brp-testdata/SierraTestdata-VR00093.xls
--------------------------------------------------

--------------------------------------------------
--- Sheet: (0) (toelichtingTP) wordt overgeslagen
--------------------------------------------------
--------------------------------------------------
--- START
--- Sheet: (admhnd)
--- Handler: SheetHandlerImplSimpleInsert
--------------------------------------------------

begin;

INSERT INTO kern.admhnd (id,srt,partij,toelichtingontlening,tsreg,tslev) VALUES('35001','37','993',null,'20000101','20000101');
INSERT INTO kern.admhnd (id,srt,partij,toelichtingontlening,tsreg,tslev) VALUES('35002','30','302',null,'20020202','20020202');
INSERT INTO kern.admhnd (id,srt,partij,toelichtingontlening,tsreg,tslev) VALUES('35003','30','347',null,'20041212','20041212');
INSERT INTO kern.admhnd (id,srt,partij,toelichtingontlening,tsreg,tslev) VALUES('35004','32','347',null,'20080102','20080102');
INSERT INTO kern.admhnd (id,srt,partij,toelichtingontlening,tsreg,tslev) VALUES('35005','38','2',null,'20090101','20090101');
INSERT INTO kern.admhnd (id,srt,partij,toelichtingontlening,tsreg,tslev) VALUES('35006','38','2',null,'20100101','20100101');
INSERT INTO kern.admhnd (id,srt,partij,toelichtingontlening,tsreg,tslev) VALUES('35007','38','2',null,'20110101','20110101');
INSERT INTO kern.admhnd (id,srt,partij,toelichtingontlening,tsreg,tslev) VALUES('35008','37','993',null,'20000101','20000101');
INSERT INTO kern.admhnd (id,srt,partij,toelichtingontlening,tsreg,tslev) VALUES('35009','30','302',null,'20020202','20020202');
INSERT INTO kern.admhnd (id,srt,partij,toelichtingontlening,tsreg,tslev) VALUES('35010','30','347',null,'20041212','20041212');
INSERT INTO kern.admhnd (id,srt,partij,toelichtingontlening,tsreg,tslev) VALUES('35011','32','347',null,'20080102','20080102');
INSERT INTO kern.admhnd (id,srt,partij,toelichtingontlening,tsreg,tslev) VALUES('35012','38','2',null,'20090101','20090101');
INSERT INTO kern.admhnd (id,srt,partij,toelichtingontlening,tsreg,tslev) VALUES('35013','38','2',null,'20100101','20100101');
INSERT INTO kern.admhnd (id,srt,partij,toelichtingontlening,tsreg,tslev) VALUES('35014','38','2',null,'20110101','20110101');
INSERT INTO kern.admhnd (id,srt,partij,toelichtingontlening,tsreg,tslev) VALUES('35015','37','993',null,'20000101','20000101');
INSERT INTO kern.admhnd (id,srt,partij,toelichtingontlening,tsreg,tslev) VALUES('35016','30','302',null,'20020202','20020202');
INSERT INTO kern.admhnd (id,srt,partij,toelichtingontlening,tsreg,tslev) VALUES('35017','30','347',null,'20041212','20041212');
INSERT INTO kern.admhnd (id,srt,partij,toelichtingontlening,tsreg,tslev) VALUES('35018','32','347',null,'20080102','20080102');
INSERT INTO kern.admhnd (id,srt,partij,toelichtingontlening,tsreg,tslev) VALUES('35019','38','2',null,'20090101','20090101');
INSERT INTO kern.admhnd (id,srt,partij,toelichtingontlening,tsreg,tslev) VALUES('35020','38','2',null,'20100101','20100101');
INSERT INTO kern.admhnd (id,srt,partij,toelichtingontlening,tsreg,tslev) VALUES('35021','38','2',null,'20110101','20110101');
INSERT INTO kern.admhnd (id,srt,partij,toelichtingontlening,tsreg,tslev) VALUES('35022','38','2',null,'20120101','20120101');
INSERT INTO kern.admhnd (id,srt,partij,toelichtingontlening,tsreg,tslev) VALUES('35023','38','2',null,'20130101','20130101');
INSERT INTO kern.admhnd (id,srt,partij,toelichtingontlening,tsreg,tslev) VALUES('35024','77','347',null,'20121213','20121213');
INSERT INTO kern.admhnd (id,srt,partij,toelichtingontlening,tsreg,tslev) VALUES('35025','84','347',null,'20121216','20121216');
INSERT INTO kern.admhnd (id,srt,partij,toelichtingontlening,tsreg,tslev) VALUES('35026','83','347',null,'20121219','20121219');
INSERT INTO kern.admhnd (id,srt,partij,toelichtingontlening,tsreg,tslev) VALUES('35027','77','347',null,'20121224','20121224');
INSERT INTO kern.admhnd (id,srt,partij,toelichtingontlening,tsreg,tslev) VALUES('35028','77','302',null,'20121227','20121227');
INSERT INTO kern.admhnd (id,srt,partij,toelichtingontlening,tsreg,tslev) VALUES('35029','43','177',null,'20120930','20120930');
INSERT INTO kern.admhnd (id,srt,partij,toelichtingontlening,tsreg,tslev) VALUES('35030','53','177',null,'20131031','20131031');
INSERT INTO kern.admhnd (id,srt,partij,toelichtingontlening,tsreg,tslev) VALUES('35031','43','177',null,'20141103','20141103');
INSERT INTO kern.admhnd (id,srt,partij,toelichtingontlening,tsreg,tslev) VALUES('35032','60','177',null,'20110505','20110505');
INSERT INTO kern.admhnd (id,srt,partij,toelichtingontlening,tsreg,tslev) VALUES('35033','57','177',null,'20110505 04:00:00+00','20110505 04:00:00+00');
INSERT INTO kern.admhnd (id,srt,partij,toelichtingontlening,tsreg,tslev) VALUES('35034','64','177',null,'20120505','20120505');
INSERT INTO kern.admhnd (id,srt,partij,toelichtingontlening,tsreg,tslev) VALUES('35035','66','177',null,'20130505','20130505');
INSERT INTO kern.admhnd (id,srt,partij,toelichtingontlening,tsreg,tslev) VALUES('35036','66','177',null,'20140505','20140505');

commit;


--------------------------------------------------
--- EIND
--- Sheet: (admhnd)
--- Handler: SheetHandlerImplSimpleInsert
--- Aantal: (36)
--------------------------------------------------
--------------------------------------------------
--- START
--- Sheet: (brp_actie)
--- Handler: SheetHandlerImplSimpleInsert
--------------------------------------------------

begin;

INSERT INTO kern.actie (id,srt,admhnd,partij,tsreg) VALUES('35001','7','35001','993','20000101');
INSERT INTO kern.actie (id,srt,admhnd,partij,tsreg) VALUES('35002','18','35002','302','20020202');
INSERT INTO kern.actie (id,srt,admhnd,partij,tsreg) VALUES('35003','18','35003','347','20041212');
INSERT INTO kern.actie (id,srt,admhnd,partij,tsreg) VALUES('35004','49','35004','347','20080102');
INSERT INTO kern.actie (id,srt,admhnd,partij,tsreg) VALUES('35005','52','35005','2','20090101');
INSERT INTO kern.actie (id,srt,admhnd,partij,tsreg) VALUES('35006','52','35006','2','20100101');
INSERT INTO kern.actie (id,srt,admhnd,partij,tsreg) VALUES('35007','52','35007','2','20110101');
INSERT INTO kern.actie (id,srt,admhnd,partij,tsreg) VALUES('35008','7','35008','993','20000101');
INSERT INTO kern.actie (id,srt,admhnd,partij,tsreg) VALUES('35009','18','35009','302','20020202');
INSERT INTO kern.actie (id,srt,admhnd,partij,tsreg) VALUES('35010','18','35010','347','20041212');
INSERT INTO kern.actie (id,srt,admhnd,partij,tsreg) VALUES('35011','49','35011','347','20080102');
INSERT INTO kern.actie (id,srt,admhnd,partij,tsreg) VALUES('35012','52','35012','2','20090101');
INSERT INTO kern.actie (id,srt,admhnd,partij,tsreg) VALUES('35013','52','35013','2','20100101');
INSERT INTO kern.actie (id,srt,admhnd,partij,tsreg) VALUES('35014','52','35014','2','20110101');
INSERT INTO kern.actie (id,srt,admhnd,partij,tsreg) VALUES('35015','7','35015','993','20000101');
INSERT INTO kern.actie (id,srt,admhnd,partij,tsreg) VALUES('35016','18','35016','302','20020202');
INSERT INTO kern.actie (id,srt,admhnd,partij,tsreg) VALUES('35017','18','35017','347','20041212');
INSERT INTO kern.actie (id,srt,admhnd,partij,tsreg) VALUES('35018','49','35018','347','20080102');
INSERT INTO kern.actie (id,srt,admhnd,partij,tsreg) VALUES('35019','52','35019','2','20090101');
INSERT INTO kern.actie (id,srt,admhnd,partij,tsreg) VALUES('35020','52','35020','2','20100101');
INSERT INTO kern.actie (id,srt,admhnd,partij,tsreg) VALUES('35021','52','35021','2','20110101');
INSERT INTO kern.actie (id,srt,admhnd,partij,tsreg) VALUES('35022','52','35022','2','20120101');
INSERT INTO kern.actie (id,srt,admhnd,partij,tsreg) VALUES('35023','52','35023','2','20130101');
INSERT INTO kern.actie (id,srt,admhnd,partij,tsreg) VALUES('35024','22','35024','347','20121213');
INSERT INTO kern.actie (id,srt,admhnd,partij,tsreg) VALUES('35025','51','35025','347','20121216');
INSERT INTO kern.actie (id,srt,admhnd,partij,tsreg) VALUES('35026','51','35026','347','20121219');
INSERT INTO kern.actie (id,srt,admhnd,partij,tsreg) VALUES('35027','22','35027','347','20121224');
INSERT INTO kern.actie (id,srt,admhnd,partij,tsreg) VALUES('35028','51','35028','302','20121227');
INSERT INTO kern.actie (id,srt,admhnd,partij,tsreg) VALUES('35029','42','35029','177','20120930');
INSERT INTO kern.actie (id,srt,admhnd,partij,tsreg) VALUES('35030','24','35030','177','20131031');
INSERT INTO kern.actie (id,srt,admhnd,partij,tsreg) VALUES('35031','42','35031','177','20141103');
INSERT INTO kern.actie (id,srt,admhnd,partij,tsreg) VALUES('35032','30','35032','177','20110505');
INSERT INTO kern.actie (id,srt,admhnd,partij,tsreg) VALUES('35033','29','35033','177','20110505 04:00:00+00');
INSERT INTO kern.actie (id,srt,admhnd,partij,tsreg) VALUES('35034','28','35033','177','20110505 08:00:00+00');
INSERT INTO kern.actie (id,srt,admhnd,partij,tsreg) VALUES('35035','13','35034','177','20120505');
INSERT INTO kern.actie (id,srt,admhnd,partij,tsreg) VALUES('35036','10','35035','177','20130505');
INSERT INTO kern.actie (id,srt,admhnd,partij,tsreg) VALUES('35037','10','35036','177','20140505');

commit;


--------------------------------------------------
--- EIND
--- Sheet: (brp_actie)
--- Handler: SheetHandlerImplSimpleInsert
--- Aantal: (37)
--------------------------------------------------
--------------------------------------------------
--- START
--- Sheet: (pers)
--- Handler: SheetHandlerImplSimpleInsert
--------------------------------------------------

begin;

INSERT INTO kern.pers (id,srt,admhnd,datgeboorte,gemgeboorte,wplnaamgeboorte,blplaatsgeboorte,blregiogeboorte,landgebiedgeboorte,omslocgeboorte,datoverlijden,gemoverlijden,wplnaamoverlijden,blplaatsoverlijden,blregiooverlijden,landgebiedoverlijden,omslocoverlijden,naderebijhaard,datinschr,versienr,vorigebsn,volgendebsn,naamgebruik,indnaamgebruikafgeleid,predicaatnaamgebruik,voornamennaamgebruik,voorvoegselnaamgebruik,scheidingstekennaamgebruik,adellijketitelnaamgebruik,geslnaamstamnaamgebruik,gempk,indpkvollediggeconv,aandverblijfsr,srtmigratie,rdnwijzmigratie,aangmigratie,landgebiedmigratie,bladresregel1migratie,bladresregel2migratie,bladresregel3migratie,bladresregel4migratie,bladresregel5migratie,bladresregel6migratie,datmededelingverblijfsr,datvoorzeindeverblijfsr,inddeelneuverkiezingen,dataanlaanpdeelneuverkiezing,datvoorzeindeuitsleuverkiezi,predicaat,voornamen,voorvoegsel,scheidingsteken,adellijketitel,geslnaamstam,indnreeks,indafgeleid,bijhpartij,indonverwdocaanw,geslachtsaand,bsn,anr,tslaatstewijz,induitslkiesr,datvoorzeindeuitslkiesr,bijhaard,indonverwbijhvoorstelnieting,dattijdstempel) VALUES('35001','1','35007','19500808','993','Zevenaar',null,null,'229',null,null,null,null,null,null,null,null,'1','20000101','1',null,null,'1','true',null,'Joep',null,null,null,'Melk',null,null,null,'2','1','3','32','Dorp','3','Gent',null,null,null,null,null,null,null,null,null,'Joep',null,null,null,'Melk','false','true','2','false','1','350011643','3501279204','20000101',null,null,'1','false',null);
INSERT INTO kern.pers (id,srt,admhnd,datgeboorte,gemgeboorte,wplnaamgeboorte,blplaatsgeboorte,blregiogeboorte,landgebiedgeboorte,omslocgeboorte,datoverlijden,gemoverlijden,wplnaamoverlijden,blplaatsoverlijden,blregiooverlijden,landgebiedoverlijden,omslocoverlijden,naderebijhaard,datinschr,versienr,vorigebsn,volgendebsn,naamgebruik,indnaamgebruikafgeleid,predicaatnaamgebruik,voornamennaamgebruik,voorvoegselnaamgebruik,scheidingstekennaamgebruik,adellijketitelnaamgebruik,geslnaamstamnaamgebruik,gempk,indpkvollediggeconv,aandverblijfsr,srtmigratie,rdnwijzmigratie,aangmigratie,landgebiedmigratie,bladresregel1migratie,bladresregel2migratie,bladresregel3migratie,bladresregel4migratie,bladresregel5migratie,bladresregel6migratie,datmededelingverblijfsr,datvoorzeindeverblijfsr,inddeelneuverkiezingen,dataanlaanpdeelneuverkiezing,datvoorzeindeuitsleuverkiezi,predicaat,voornamen,voorvoegsel,scheidingsteken,adellijketitel,geslnaamstam,indnreeks,indafgeleid,bijhpartij,indonverwdocaanw,geslachtsaand,bsn,anr,tslaatstewijz,induitslkiesr,datvoorzeindeuitslkiesr,bijhaard,indonverwbijhvoorstelnieting,dattijdstempel) VALUES('35002','2','35001','19300101',null,null,'Larashe',null,'125',null,null,null,null,null,null,null,null,null,null,null,null,null,null,null,null,'Job',null,null,null,null,null,null,null,null,null,null,null,null,null,null,null,null,null,null,null,null,null,null,null,'Truus',null,null,null,'Zoutenbier','false','true',null,null,'2',null,null,null,null,null,null,null,null);
INSERT INTO kern.pers (id,srt,admhnd,datgeboorte,gemgeboorte,wplnaamgeboorte,blplaatsgeboorte,blregiogeboorte,landgebiedgeboorte,omslocgeboorte,datoverlijden,gemoverlijden,wplnaamoverlijden,blplaatsoverlijden,blregiooverlijden,landgebiedoverlijden,omslocoverlijden,naderebijhaard,datinschr,versienr,vorigebsn,volgendebsn,naamgebruik,indnaamgebruikafgeleid,predicaatnaamgebruik,voornamennaamgebruik,voorvoegselnaamgebruik,scheidingstekennaamgebruik,adellijketitelnaamgebruik,geslnaamstamnaamgebruik,gempk,indpkvollediggeconv,aandverblijfsr,srtmigratie,rdnwijzmigratie,aangmigratie,landgebiedmigratie,bladresregel1migratie,bladresregel2migratie,bladresregel3migratie,bladresregel4migratie,bladresregel5migratie,bladresregel6migratie,datmededelingverblijfsr,datvoorzeindeverblijfsr,inddeelneuverkiezingen,dataanlaanpdeelneuverkiezing,datvoorzeindeuitsleuverkiezi,predicaat,voornamen,voorvoegsel,scheidingsteken,adellijketitel,geslnaamstam,indnreeks,indafgeleid,bijhpartij,indonverwdocaanw,geslachtsaand,bsn,anr,tslaatstewijz,induitslkiesr,datvoorzeindeuitslkiesr,bijhaard,indonverwbijhvoorstelnieting,dattijdstempel) VALUES('35003','2','35001','19290101',null,null,'Larashe',null,'125',null,null,null,null,null,null,null,null,null,null,null,null,null,null,null,null,'Jo',null,null,null,null,null,null,null,null,null,null,null,null,null,null,null,null,null,null,null,null,null,null,null,'Piet',null,null,null,'Parkiet','false','true',null,null,'1',null,null,null,null,null,null,null,null);
INSERT INTO kern.pers (id,srt,admhnd,datgeboorte,gemgeboorte,wplnaamgeboorte,blplaatsgeboorte,blregiogeboorte,landgebiedgeboorte,omslocgeboorte,datoverlijden,gemoverlijden,wplnaamoverlijden,blplaatsoverlijden,blregiooverlijden,landgebiedoverlijden,omslocoverlijden,naderebijhaard,datinschr,versienr,vorigebsn,volgendebsn,naamgebruik,indnaamgebruikafgeleid,predicaatnaamgebruik,voornamennaamgebruik,voorvoegselnaamgebruik,scheidingstekennaamgebruik,adellijketitelnaamgebruik,geslnaamstamnaamgebruik,gempk,indpkvollediggeconv,aandverblijfsr,srtmigratie,rdnwijzmigratie,aangmigratie,landgebiedmigratie,bladresregel1migratie,bladresregel2migratie,bladresregel3migratie,bladresregel4migratie,bladresregel5migratie,bladresregel6migratie,datmededelingverblijfsr,datvoorzeindeverblijfsr,inddeelneuverkiezingen,dataanlaanpdeelneuverkiezing,datvoorzeindeuitsleuverkiezi,predicaat,voornamen,voorvoegsel,scheidingsteken,adellijketitel,geslnaamstam,indnreeks,indafgeleid,bijhpartij,indonverwdocaanw,geslachtsaand,bsn,anr,tslaatstewijz,induitslkiesr,datvoorzeindeuitslkiesr,bijhaard,indonverwbijhvoorstelnieting,dattijdstempel) VALUES('35004','1','35014','19600808','993','Zevenaar',null,null,'229',null,null,null,null,null,null,null,null,'1','20000101','1',null,null,'1','true',null,'Job',null,null,null,'Welk',null,null,null,'2','1','3','32','Dorp','3','Gent',null,null,null,null,null,null,null,null,null,'Job',null,null,null,'Welk','false','true','302','false','1','350011692','3505165080','20000101',null,null,'1','false',null);
INSERT INTO kern.pers (id,srt,admhnd,datgeboorte,gemgeboorte,wplnaamgeboorte,blplaatsgeboorte,blregiogeboorte,landgebiedgeboorte,omslocgeboorte,datoverlijden,gemoverlijden,wplnaamoverlijden,blplaatsoverlijden,blregiooverlijden,landgebiedoverlijden,omslocoverlijden,naderebijhaard,datinschr,versienr,vorigebsn,volgendebsn,naamgebruik,indnaamgebruikafgeleid,predicaatnaamgebruik,voornamennaamgebruik,voorvoegselnaamgebruik,scheidingstekennaamgebruik,adellijketitelnaamgebruik,geslnaamstamnaamgebruik,gempk,indpkvollediggeconv,aandverblijfsr,srtmigratie,rdnwijzmigratie,aangmigratie,landgebiedmigratie,bladresregel1migratie,bladresregel2migratie,bladresregel3migratie,bladresregel4migratie,bladresregel5migratie,bladresregel6migratie,datmededelingverblijfsr,datvoorzeindeverblijfsr,inddeelneuverkiezingen,dataanlaanpdeelneuverkiezing,datvoorzeindeuitsleuverkiezi,predicaat,voornamen,voorvoegsel,scheidingsteken,adellijketitel,geslnaamstam,indnreeks,indafgeleid,bijhpartij,indonverwdocaanw,geslachtsaand,bsn,anr,tslaatstewijz,induitslkiesr,datvoorzeindeuitslkiesr,bijhaard,indonverwbijhvoorstelnieting,dattijdstempel) VALUES('35005','2','35008','19400101',null,null,'Larashe',null,'125',null,null,null,null,null,null,null,null,null,null,null,null,null,null,null,null,null,null,null,null,null,null,null,null,null,null,null,null,null,null,null,null,null,null,null,null,null,null,null,null,'Truus',null,null,null,'Zoutenbier','false','true',null,null,'2',null,null,null,null,null,null,null,null);
INSERT INTO kern.pers (id,srt,admhnd,datgeboorte,gemgeboorte,wplnaamgeboorte,blplaatsgeboorte,blregiogeboorte,landgebiedgeboorte,omslocgeboorte,datoverlijden,gemoverlijden,wplnaamoverlijden,blplaatsoverlijden,blregiooverlijden,landgebiedoverlijden,omslocoverlijden,naderebijhaard,datinschr,versienr,vorigebsn,volgendebsn,naamgebruik,indnaamgebruikafgeleid,predicaatnaamgebruik,voornamennaamgebruik,voorvoegselnaamgebruik,scheidingstekennaamgebruik,adellijketitelnaamgebruik,geslnaamstamnaamgebruik,gempk,indpkvollediggeconv,aandverblijfsr,srtmigratie,rdnwijzmigratie,aangmigratie,landgebiedmigratie,bladresregel1migratie,bladresregel2migratie,bladresregel3migratie,bladresregel4migratie,bladresregel5migratie,bladresregel6migratie,datmededelingverblijfsr,datvoorzeindeverblijfsr,inddeelneuverkiezingen,dataanlaanpdeelneuverkiezing,datvoorzeindeuitsleuverkiezi,predicaat,voornamen,voorvoegsel,scheidingsteken,adellijketitel,geslnaamstam,indnreeks,indafgeleid,bijhpartij,indonverwdocaanw,geslachtsaand,bsn,anr,tslaatstewijz,induitslkiesr,datvoorzeindeuitslkiesr,bijhaard,indonverwbijhvoorstelnieting,dattijdstempel) VALUES('35006','2','35008','19390101',null,null,'Larashe',null,'125',null,null,null,null,null,null,null,null,null,null,null,null,null,null,null,null,null,null,null,null,null,null,null,null,null,null,null,null,null,null,null,null,null,null,null,null,null,null,null,null,'Piet',null,null,null,'Parkiet','false','true',null,null,'1',null,null,null,null,null,null,null,null);
INSERT INTO kern.pers (id,srt,admhnd,datgeboorte,gemgeboorte,wplnaamgeboorte,blplaatsgeboorte,blregiogeboorte,landgebiedgeboorte,omslocgeboorte,datoverlijden,gemoverlijden,wplnaamoverlijden,blplaatsoverlijden,blregiooverlijden,landgebiedoverlijden,omslocoverlijden,naderebijhaard,datinschr,versienr,vorigebsn,volgendebsn,naamgebruik,indnaamgebruikafgeleid,predicaatnaamgebruik,voornamennaamgebruik,voorvoegselnaamgebruik,scheidingstekennaamgebruik,adellijketitelnaamgebruik,geslnaamstamnaamgebruik,gempk,indpkvollediggeconv,aandverblijfsr,srtmigratie,rdnwijzmigratie,aangmigratie,landgebiedmigratie,bladresregel1migratie,bladresregel2migratie,bladresregel3migratie,bladresregel4migratie,bladresregel5migratie,bladresregel6migratie,datmededelingverblijfsr,datvoorzeindeverblijfsr,inddeelneuverkiezingen,dataanlaanpdeelneuverkiezing,datvoorzeindeuitsleuverkiezi,predicaat,voornamen,voorvoegsel,scheidingsteken,adellijketitel,geslnaamstam,indnreeks,indafgeleid,bijhpartij,indonverwdocaanw,geslachtsaand,bsn,anr,tslaatstewijz,induitslkiesr,datvoorzeindeuitslkiesr,bijhaard,indonverwbijhvoorstelnieting,dattijdstempel) VALUES('35007','1','35036','19700808','993','Zevenaar',null,null,'229',null,null,null,null,null,null,null,null,'1','20000101','1',null,null,'1','true',null,'Jo',null,null,null,'Elk',null,null,null,'2','1','3','32','Dorp','3','Gent',null,null,null,null,null,null,null,null,null,'Jo',null,null,null,'Elk','false','true','347','false','1','350019344','3508153508','20140505',null,null,'1','false',null);
INSERT INTO kern.pers (id,srt,admhnd,datgeboorte,gemgeboorte,wplnaamgeboorte,blplaatsgeboorte,blregiogeboorte,landgebiedgeboorte,omslocgeboorte,datoverlijden,gemoverlijden,wplnaamoverlijden,blplaatsoverlijden,blregiooverlijden,landgebiedoverlijden,omslocoverlijden,naderebijhaard,datinschr,versienr,vorigebsn,volgendebsn,naamgebruik,indnaamgebruikafgeleid,predicaatnaamgebruik,voornamennaamgebruik,voorvoegselnaamgebruik,scheidingstekennaamgebruik,adellijketitelnaamgebruik,geslnaamstamnaamgebruik,gempk,indpkvollediggeconv,aandverblijfsr,srtmigratie,rdnwijzmigratie,aangmigratie,landgebiedmigratie,bladresregel1migratie,bladresregel2migratie,bladresregel3migratie,bladresregel4migratie,bladresregel5migratie,bladresregel6migratie,datmededelingverblijfsr,datvoorzeindeverblijfsr,inddeelneuverkiezingen,dataanlaanpdeelneuverkiezing,datvoorzeindeuitsleuverkiezi,predicaat,voornamen,voorvoegsel,scheidingsteken,adellijketitel,geslnaamstam,indnreeks,indafgeleid,bijhpartij,indonverwdocaanw,geslachtsaand,bsn,anr,tslaatstewijz,induitslkiesr,datvoorzeindeuitslkiesr,bijhaard,indonverwbijhvoorstelnieting,dattijdstempel) VALUES('35008','2','35015','19400101',null,null,'Larashe',null,'125',null,null,null,null,null,null,null,null,null,null,null,null,null,null,null,null,null,null,null,null,null,null,null,null,null,null,null,null,null,null,null,null,null,null,null,null,null,null,null,null,'Truus',null,null,null,'Zoutenbier','false','true',null,null,'2',null,null,null,null,null,null,null,null);
INSERT INTO kern.pers (id,srt,admhnd,datgeboorte,gemgeboorte,wplnaamgeboorte,blplaatsgeboorte,blregiogeboorte,landgebiedgeboorte,omslocgeboorte,datoverlijden,gemoverlijden,wplnaamoverlijden,blplaatsoverlijden,blregiooverlijden,landgebiedoverlijden,omslocoverlijden,naderebijhaard,datinschr,versienr,vorigebsn,volgendebsn,naamgebruik,indnaamgebruikafgeleid,predicaatnaamgebruik,voornamennaamgebruik,voorvoegselnaamgebruik,scheidingstekennaamgebruik,adellijketitelnaamgebruik,geslnaamstamnaamgebruik,gempk,indpkvollediggeconv,aandverblijfsr,srtmigratie,rdnwijzmigratie,aangmigratie,landgebiedmigratie,bladresregel1migratie,bladresregel2migratie,bladresregel3migratie,bladresregel4migratie,bladresregel5migratie,bladresregel6migratie,datmededelingverblijfsr,datvoorzeindeverblijfsr,inddeelneuverkiezingen,dataanlaanpdeelneuverkiezing,datvoorzeindeuitsleuverkiezi,predicaat,voornamen,voorvoegsel,scheidingsteken,adellijketitel,geslnaamstam,indnreeks,indafgeleid,bijhpartij,indonverwdocaanw,geslachtsaand,bsn,anr,tslaatstewijz,induitslkiesr,datvoorzeindeuitslkiesr,bijhaard,indonverwbijhvoorstelnieting,dattijdstempel) VALUES('35009','2','35015','19390101',null,null,'Larashe',null,'125',null,null,null,null,null,null,null,null,null,null,null,null,null,null,null,null,null,null,null,null,null,null,null,null,null,null,null,null,null,null,null,null,null,null,null,null,null,null,null,null,'Piet',null,null,null,'Parkiet','false','true',null,null,'1',null,null,null,null,null,null,null,null);

commit;


--------------------------------------------------
--- EIND
--- Sheet: (pers)
--- Handler: SheetHandlerImplSimpleInsert
--- Aantal: (9)
--------------------------------------------------
--------------------------------------------------
--- START
--- Sheet: (his_persafgeleidadministrati)
--- Handler: SheetHandlerImplSimpleInsert
--------------------------------------------------

begin;

INSERT INTO kern.his_persafgeleidadministrati (id,pers,tsreg,tsverval,actieinh,actieverval,nadereaandverval,admhnd,tslaatstewijz,sorteervolgorde,indonverwbijhvoorstelnieting,tslaatstewijzgbasystematiek) VALUES('35001','35001','20000101','20020202','35001','35002',null,'35001','20000101','1','FALSE',null);
INSERT INTO kern.his_persafgeleidadministrati (id,pers,tsreg,tsverval,actieinh,actieverval,nadereaandverval,admhnd,tslaatstewijz,sorteervolgorde,indonverwbijhvoorstelnieting,tslaatstewijzgbasystematiek) VALUES('35002','35001','20020202','20041212','35002','35003',null,'35002','20020202','1','FALSE',null);
INSERT INTO kern.his_persafgeleidadministrati (id,pers,tsreg,tsverval,actieinh,actieverval,nadereaandverval,admhnd,tslaatstewijz,sorteervolgorde,indonverwbijhvoorstelnieting,tslaatstewijzgbasystematiek) VALUES('35003','35001','20041212','20080102','35003','35004',null,'35003','20041212','1','FALSE',null);
INSERT INTO kern.his_persafgeleidadministrati (id,pers,tsreg,tsverval,actieinh,actieverval,nadereaandverval,admhnd,tslaatstewijz,sorteervolgorde,indonverwbijhvoorstelnieting,tslaatstewijzgbasystematiek) VALUES('35004','35001','20080102','20090101','35004','35005',null,'35004','20080102','1','FALSE',null);
INSERT INTO kern.his_persafgeleidadministrati (id,pers,tsreg,tsverval,actieinh,actieverval,nadereaandverval,admhnd,tslaatstewijz,sorteervolgorde,indonverwbijhvoorstelnieting,tslaatstewijzgbasystematiek) VALUES('35005','35001','20090101','20100101','35005','35006',null,'35005','20090101','1','FALSE',null);
INSERT INTO kern.his_persafgeleidadministrati (id,pers,tsreg,tsverval,actieinh,actieverval,nadereaandverval,admhnd,tslaatstewijz,sorteervolgorde,indonverwbijhvoorstelnieting,tslaatstewijzgbasystematiek) VALUES('35006','35001','20100101','20110101','35006','35007',null,'35006','20100101','1','FALSE',null);
INSERT INTO kern.his_persafgeleidadministrati (id,pers,tsreg,tsverval,actieinh,actieverval,nadereaandverval,admhnd,tslaatstewijz,sorteervolgorde,indonverwbijhvoorstelnieting,tslaatstewijzgbasystematiek) VALUES('35007','35001','20110101',null,'35007',null,null,'35007','20110101','1','FALSE',null);
INSERT INTO kern.his_persafgeleidadministrati (id,pers,tsreg,tsverval,actieinh,actieverval,nadereaandverval,admhnd,tslaatstewijz,sorteervolgorde,indonverwbijhvoorstelnieting,tslaatstewijzgbasystematiek) VALUES('35008','35004','20000101','20020202','35008','35009',null,'35008','20000101','1','FALSE',null);
INSERT INTO kern.his_persafgeleidadministrati (id,pers,tsreg,tsverval,actieinh,actieverval,nadereaandverval,admhnd,tslaatstewijz,sorteervolgorde,indonverwbijhvoorstelnieting,tslaatstewijzgbasystematiek) VALUES('35009','35004','20020202','20041212','35009','35010',null,'35009','20020202','1','FALSE',null);
INSERT INTO kern.his_persafgeleidadministrati (id,pers,tsreg,tsverval,actieinh,actieverval,nadereaandverval,admhnd,tslaatstewijz,sorteervolgorde,indonverwbijhvoorstelnieting,tslaatstewijzgbasystematiek) VALUES('35010','35004','20041212','20080102','35010','35011',null,'35010','20041212','1','FALSE',null);
INSERT INTO kern.his_persafgeleidadministrati (id,pers,tsreg,tsverval,actieinh,actieverval,nadereaandverval,admhnd,tslaatstewijz,sorteervolgorde,indonverwbijhvoorstelnieting,tslaatstewijzgbasystematiek) VALUES('35011','35004','20080102','20090101','35011','35012',null,'35011','20080102','1','FALSE',null);
INSERT INTO kern.his_persafgeleidadministrati (id,pers,tsreg,tsverval,actieinh,actieverval,nadereaandverval,admhnd,tslaatstewijz,sorteervolgorde,indonverwbijhvoorstelnieting,tslaatstewijzgbasystematiek) VALUES('35012','35004','20090101','20100101','35012','35013',null,'35012','20090101','1','FALSE',null);
INSERT INTO kern.his_persafgeleidadministrati (id,pers,tsreg,tsverval,actieinh,actieverval,nadereaandverval,admhnd,tslaatstewijz,sorteervolgorde,indonverwbijhvoorstelnieting,tslaatstewijzgbasystematiek) VALUES('35013','35004','20100101','20110101','35013','35014',null,'35013','20100101','1','FALSE',null);
INSERT INTO kern.his_persafgeleidadministrati (id,pers,tsreg,tsverval,actieinh,actieverval,nadereaandverval,admhnd,tslaatstewijz,sorteervolgorde,indonverwbijhvoorstelnieting,tslaatstewijzgbasystematiek) VALUES('35014','35004','20110101',null,'35014',null,null,'35014','20110101','1','FALSE',null);
INSERT INTO kern.his_persafgeleidadministrati (id,pers,tsreg,tsverval,actieinh,actieverval,nadereaandverval,admhnd,tslaatstewijz,sorteervolgorde,indonverwbijhvoorstelnieting,tslaatstewijzgbasystematiek) VALUES('35015','35007','20000101','20020202','35015','35016',null,'35015','20000101','1','FALSE',null);
INSERT INTO kern.his_persafgeleidadministrati (id,pers,tsreg,tsverval,actieinh,actieverval,nadereaandverval,admhnd,tslaatstewijz,sorteervolgorde,indonverwbijhvoorstelnieting,tslaatstewijzgbasystematiek) VALUES('35016','35007','20020202','20041212','35016','35017',null,'35016','20020202','1','FALSE',null);
INSERT INTO kern.his_persafgeleidadministrati (id,pers,tsreg,tsverval,actieinh,actieverval,nadereaandverval,admhnd,tslaatstewijz,sorteervolgorde,indonverwbijhvoorstelnieting,tslaatstewijzgbasystematiek) VALUES('35017','35007','20041212','20080102','35017','35018',null,'35017','20041212','1','FALSE',null);
INSERT INTO kern.his_persafgeleidadministrati (id,pers,tsreg,tsverval,actieinh,actieverval,nadereaandverval,admhnd,tslaatstewijz,sorteervolgorde,indonverwbijhvoorstelnieting,tslaatstewijzgbasystematiek) VALUES('35018','35007','20080102','20090101','35018','35019',null,'35018','20080102','1','FALSE',null);
INSERT INTO kern.his_persafgeleidadministrati (id,pers,tsreg,tsverval,actieinh,actieverval,nadereaandverval,admhnd,tslaatstewijz,sorteervolgorde,indonverwbijhvoorstelnieting,tslaatstewijzgbasystematiek) VALUES('35019','35007','20090101','20100101','35019','35020',null,'35019','20090101','1','FALSE',null);
INSERT INTO kern.his_persafgeleidadministrati (id,pers,tsreg,tsverval,actieinh,actieverval,nadereaandverval,admhnd,tslaatstewijz,sorteervolgorde,indonverwbijhvoorstelnieting,tslaatstewijzgbasystematiek) VALUES('35020','35007','20100101','20110101','35020','35021',null,'35020','20100101','1','FALSE',null);
INSERT INTO kern.his_persafgeleidadministrati (id,pers,tsreg,tsverval,actieinh,actieverval,nadereaandverval,admhnd,tslaatstewijz,sorteervolgorde,indonverwbijhvoorstelnieting,tslaatstewijzgbasystematiek) VALUES('35021','35007','20110101','20120101','35021','35022',null,'35021','20110101','1','FALSE',null);
INSERT INTO kern.his_persafgeleidadministrati (id,pers,tsreg,tsverval,actieinh,actieverval,nadereaandverval,admhnd,tslaatstewijz,sorteervolgorde,indonverwbijhvoorstelnieting,tslaatstewijzgbasystematiek) VALUES('35022','35007','20120101','20130101','35022','35023',null,'35022','20120101','1','FALSE',null);
INSERT INTO kern.his_persafgeleidadministrati (id,pers,tsreg,tsverval,actieinh,actieverval,nadereaandverval,admhnd,tslaatstewijz,sorteervolgorde,indonverwbijhvoorstelnieting,tslaatstewijzgbasystematiek) VALUES('35023','35007','20130101','20121213','35023','35024',null,'35023','20130101','1','FALSE',null);
INSERT INTO kern.his_persafgeleidadministrati (id,pers,tsreg,tsverval,actieinh,actieverval,nadereaandverval,admhnd,tslaatstewijz,sorteervolgorde,indonverwbijhvoorstelnieting,tslaatstewijzgbasystematiek) VALUES('35024','35007','20121213','20121216','35024','35025',null,'35024','20121213','1','FALSE',null);
INSERT INTO kern.his_persafgeleidadministrati (id,pers,tsreg,tsverval,actieinh,actieverval,nadereaandverval,admhnd,tslaatstewijz,sorteervolgorde,indonverwbijhvoorstelnieting,tslaatstewijzgbasystematiek) VALUES('35025','35007','20121216','20121219','35025','35026',null,'35025','20121216','1','FALSE',null);
INSERT INTO kern.his_persafgeleidadministrati (id,pers,tsreg,tsverval,actieinh,actieverval,nadereaandverval,admhnd,tslaatstewijz,sorteervolgorde,indonverwbijhvoorstelnieting,tslaatstewijzgbasystematiek) VALUES('35026','35007','20121219','20121224','35026','35027',null,'35026','20121219','1','FALSE',null);
INSERT INTO kern.his_persafgeleidadministrati (id,pers,tsreg,tsverval,actieinh,actieverval,nadereaandverval,admhnd,tslaatstewijz,sorteervolgorde,indonverwbijhvoorstelnieting,tslaatstewijzgbasystematiek) VALUES('35027','35007','20121224','20121227','35027','35028',null,'35027','20121224','1','FALSE',null);
INSERT INTO kern.his_persafgeleidadministrati (id,pers,tsreg,tsverval,actieinh,actieverval,nadereaandverval,admhnd,tslaatstewijz,sorteervolgorde,indonverwbijhvoorstelnieting,tslaatstewijzgbasystematiek) VALUES('35028','35007','20121227','20120930','35028','35029',null,'35028','20121227','1','FALSE',null);
INSERT INTO kern.his_persafgeleidadministrati (id,pers,tsreg,tsverval,actieinh,actieverval,nadereaandverval,admhnd,tslaatstewijz,sorteervolgorde,indonverwbijhvoorstelnieting,tslaatstewijzgbasystematiek) VALUES('35029','35007','20120930','20131031','35029','35030',null,'35029','20120930','1','FALSE',null);
INSERT INTO kern.his_persafgeleidadministrati (id,pers,tsreg,tsverval,actieinh,actieverval,nadereaandverval,admhnd,tslaatstewijz,sorteervolgorde,indonverwbijhvoorstelnieting,tslaatstewijzgbasystematiek) VALUES('35030','35007','20131031','20141103','35030','35031',null,'35030','20131031','1','FALSE',null);
INSERT INTO kern.his_persafgeleidadministrati (id,pers,tsreg,tsverval,actieinh,actieverval,nadereaandverval,admhnd,tslaatstewijz,sorteervolgorde,indonverwbijhvoorstelnieting,tslaatstewijzgbasystematiek) VALUES('35031','35007','20141103','20110505','35031','35032',null,'35031','20141103','1','FALSE',null);
INSERT INTO kern.his_persafgeleidadministrati (id,pers,tsreg,tsverval,actieinh,actieverval,nadereaandverval,admhnd,tslaatstewijz,sorteervolgorde,indonverwbijhvoorstelnieting,tslaatstewijzgbasystematiek) VALUES('35032','35007','20110505','20110505 04:00:00+00','35032','35033',null,'35032','20110505','1','FALSE',null);
INSERT INTO kern.his_persafgeleidadministrati (id,pers,tsreg,tsverval,actieinh,actieverval,nadereaandverval,admhnd,tslaatstewijz,sorteervolgorde,indonverwbijhvoorstelnieting,tslaatstewijzgbasystematiek) VALUES('35033','35007','20110505 04:00:00+00','20110505 08:00:00+00','35033','35034',null,'35033','20110505 04:00:00+00','1','FALSE',null);
INSERT INTO kern.his_persafgeleidadministrati (id,pers,tsreg,tsverval,actieinh,actieverval,nadereaandverval,admhnd,tslaatstewijz,sorteervolgorde,indonverwbijhvoorstelnieting,tslaatstewijzgbasystematiek) VALUES('35034','35007','20110505 08:00:00+00','20120505','35034','35035',null,'35033','20110505 08:00:00+00','1','FALSE',null);
INSERT INTO kern.his_persafgeleidadministrati (id,pers,tsreg,tsverval,actieinh,actieverval,nadereaandverval,admhnd,tslaatstewijz,sorteervolgorde,indonverwbijhvoorstelnieting,tslaatstewijzgbasystematiek) VALUES('35035','35007','20120505','20130505','35035','35036',null,'35034','20120505','1','FALSE',null);
INSERT INTO kern.his_persafgeleidadministrati (id,pers,tsreg,tsverval,actieinh,actieverval,nadereaandverval,admhnd,tslaatstewijz,sorteervolgorde,indonverwbijhvoorstelnieting,tslaatstewijzgbasystematiek) VALUES('35036','35007','20130505','20140505','35036','35037',null,'35035','20130505','1','FALSE',null);
INSERT INTO kern.his_persafgeleidadministrati (id,pers,tsreg,tsverval,actieinh,actieverval,nadereaandverval,admhnd,tslaatstewijz,sorteervolgorde,indonverwbijhvoorstelnieting,tslaatstewijzgbasystematiek) VALUES('35037','35007','20140505',null,'35037',null,null,'35036','20140505','1','FALSE',null);

commit;


--------------------------------------------------
--- EIND
--- Sheet: (his_persafgeleidadministrati)
--- Handler: SheetHandlerImplSimpleInsert
--- Aantal: (37)
--------------------------------------------------
--------------------------------------------------
--- START
--- Sheet: (his_persids)
--- Handler: SheetHandlerImplSimpleInsert
--------------------------------------------------

begin;

INSERT INTO kern.his_persids (id,pers,dataanvgel,tsreg,actieinh,anr,bsn,nadereaandverval) VALUES('35001','35001','20000101','20000101','35001','3501279204','350011643',null);
INSERT INTO kern.his_persids (id,pers,dataanvgel,tsreg,actieinh,anr,bsn,nadereaandverval) VALUES('35002','35004','20000101','20000101','35008','3505165080','350011692',null);
INSERT INTO kern.his_persids (id,pers,dataanvgel,tsreg,actieinh,anr,bsn,nadereaandverval) VALUES('35003','35007','20000101','20000101','35015','3508153508','350019344',null);

commit;


--------------------------------------------------
--- EIND
--- Sheet: (his_persids)
--- Handler: SheetHandlerImplSimpleInsert
--- Aantal: (3)
--------------------------------------------------
--------------------------------------------------
--- START
--- Sheet: (persadres)
--- Handler: SheetHandlerImplSimpleInsert
--------------------------------------------------

begin;

INSERT INTO kern.persadres (id,pers,srt,rdnwijz,aangadresh,dataanvadresh,identcodeadresseerbaarobject,identcodenraand,gem,nor,afgekortenor,gemdeel,huisnr,huisletter,huisnrtoevoeging,postcode,wplnaam,loctenopzichtevanadres,locoms,bladresregel1,bladresregel2,bladresregel3,bladresregel4,bladresregel5,bladresregel6,landgebied,indpersaangetroffenopadres) VALUES('35001','35001','1','1','3','20041212','0347012004121231','0347202004121231','347','Vredenburg','Vredenburg','Noord','3','F','II','3511BA','Utrecht','by',null,null,null,null,null,null,null,'229',null);
INSERT INTO kern.persadres (id,pers,srt,rdnwijz,aangadresh,dataanvadresh,identcodeadresseerbaarobject,identcodenraand,gem,nor,afgekortenor,gemdeel,huisnr,huisletter,huisnrtoevoeging,postcode,wplnaam,loctenopzichtevanadres,locoms,bladresregel1,bladresregel2,bladresregel3,bladresregel4,bladresregel5,bladresregel6,landgebied,indpersaangetroffenopadres) VALUES('35002','35004','1','1','3','20041212','0347012004121231','0347202004121231','347','Vredenburg','Vredenburg','Noord','3','F','II','3511BA','Utrecht','by',null,null,null,null,null,null,null,'229',null);
INSERT INTO kern.persadres (id,pers,srt,rdnwijz,aangadresh,dataanvadresh,identcodeadresseerbaarobject,identcodenraand,gem,nor,afgekortenor,gemdeel,huisnr,huisletter,huisnrtoevoeging,postcode,wplnaam,loctenopzichtevanadres,locoms,bladresregel1,bladresregel2,bladresregel3,bladresregel4,bladresregel5,bladresregel6,landgebied,indpersaangetroffenopadres) VALUES('35003','35007','1','1','3','20041212','0347012004121231','0347202004121231','347','Vredenburg','Vredenburg','Noord','3','F','II','3511BA','Utrecht','by',null,null,null,null,null,null,null,'229',null);

commit;


--------------------------------------------------
--- EIND
--- Sheet: (persadres)
--- Handler: SheetHandlerImplSimpleInsert
--- Aantal: (3)
--------------------------------------------------
--------------------------------------------------
--- START
--- Sheet: (his_persadres)
--- Handler: SheetHandlerImplSimpleInsert
--------------------------------------------------

begin;

INSERT INTO kern.his_persadres (id,persadres,dataanvgel,dateindegel,tsreg,tsverval,actieinh,actieverval,actieaanpgel,srt,rdnwijz,aangadresh,dataanvadresh,identcodeadresseerbaarobject,identcodenraand,gem,nor,afgekortenor,gemdeel,huisnr,huisletter,huisnrtoevoeging,postcode,wplnaam,loctenopzichtevanadres,locoms,bladresregel1,bladresregel2,bladresregel3,bladresregel4,bladresregel5,bladresregel6,landgebied,indpersaangetroffenopadres,nadereaandverval) VALUES('35001','35001','20000101',null,'20000101','20020202','35001','35002',null,'1','2',null,'20000101',null,null,'993','Reijmerstokkerdorpsstraat','dorpsstraat',null,'108',null,null,'6274NH',null,null,null,null,null,null,null,null,null,'229',null,null);
INSERT INTO kern.his_persadres (id,persadres,dataanvgel,dateindegel,tsreg,tsverval,actieinh,actieverval,actieaanpgel,srt,rdnwijz,aangadresh,dataanvadresh,identcodeadresseerbaarobject,identcodenraand,gem,nor,afgekortenor,gemdeel,huisnr,huisletter,huisnrtoevoeging,postcode,wplnaam,loctenopzichtevanadres,locoms,bladresregel1,bladresregel2,bladresregel3,bladresregel4,bladresregel5,bladresregel6,landgebied,indpersaangetroffenopadres,nadereaandverval) VALUES('35002','35001','20000101','20020202','20020202',null,'35001',null,'35002','1','2',null,'20000101',null,null,'993','Reijmerstokkerdorpsstraat','dorpsstraat',null,'108',null,null,'6274NH',null,null,null,null,null,null,null,null,null,'229',null,null);
INSERT INTO kern.his_persadres (id,persadres,dataanvgel,dateindegel,tsreg,tsverval,actieinh,actieverval,actieaanpgel,srt,rdnwijz,aangadresh,dataanvadresh,identcodeadresseerbaarobject,identcodenraand,gem,nor,afgekortenor,gemdeel,huisnr,huisletter,huisnrtoevoeging,postcode,wplnaam,loctenopzichtevanadres,locoms,bladresregel1,bladresregel2,bladresregel3,bladresregel4,bladresregel5,bladresregel6,landgebied,indpersaangetroffenopadres,nadereaandverval) VALUES('35003','35001','20020202',null,'20020202','20041212','35002','35003',null,'1','1','3','20020202',null,null,'302','Zonegge','Zonegge',null,'1',null,null,'6901KT',null,null,null,null,null,null,null,null,null,'229',null,null);
INSERT INTO kern.his_persadres (id,persadres,dataanvgel,dateindegel,tsreg,tsverval,actieinh,actieverval,actieaanpgel,srt,rdnwijz,aangadresh,dataanvadresh,identcodeadresseerbaarobject,identcodenraand,gem,nor,afgekortenor,gemdeel,huisnr,huisletter,huisnrtoevoeging,postcode,wplnaam,loctenopzichtevanadres,locoms,bladresregel1,bladresregel2,bladresregel3,bladresregel4,bladresregel5,bladresregel6,landgebied,indpersaangetroffenopadres,nadereaandverval) VALUES('35004','35001','20020202','20041212','20041212',null,'35002',null,'35003','1','1','3','20020202',null,null,'302','Zonegge','Zonegge',null,'1',null,null,'6901KT',null,null,null,null,null,null,null,null,null,'229',null,null);
INSERT INTO kern.his_persadres (id,persadres,dataanvgel,dateindegel,tsreg,tsverval,actieinh,actieverval,actieaanpgel,srt,rdnwijz,aangadresh,dataanvadresh,identcodeadresseerbaarobject,identcodenraand,gem,nor,afgekortenor,gemdeel,huisnr,huisletter,huisnrtoevoeging,postcode,wplnaam,loctenopzichtevanadres,locoms,bladresregel1,bladresregel2,bladresregel3,bladresregel4,bladresregel5,bladresregel6,landgebied,indpersaangetroffenopadres,nadereaandverval) VALUES('35005','35001','20041212','20080102','20080102',null,'35003',null,'35004','1','1','3','20041212','0347012004121231','0347202004121231','347','Vredenburg','Vredenburg','Noord','3','F','II','3511BA','Utrecht','by',null,null,null,null,null,null,null,'229',null,null);
INSERT INTO kern.his_persadres (id,persadres,dataanvgel,dateindegel,tsreg,tsverval,actieinh,actieverval,actieaanpgel,srt,rdnwijz,aangadresh,dataanvadresh,identcodeadresseerbaarobject,identcodenraand,gem,nor,afgekortenor,gemdeel,huisnr,huisletter,huisnrtoevoeging,postcode,wplnaam,loctenopzichtevanadres,locoms,bladresregel1,bladresregel2,bladresregel3,bladresregel4,bladresregel5,bladresregel6,landgebied,indpersaangetroffenopadres,nadereaandverval) VALUES('35006','35002','20000101',null,'20000101','20020202','35006','35007',null,'1','2',null,'20000101',null,null,'993','Reijmerstokkerdorpsstraat','dorpsstraat',null,'108',null,null,'6274NH',null,null,null,null,null,null,null,null,null,'229',null,null);
INSERT INTO kern.his_persadres (id,persadres,dataanvgel,dateindegel,tsreg,tsverval,actieinh,actieverval,actieaanpgel,srt,rdnwijz,aangadresh,dataanvadresh,identcodeadresseerbaarobject,identcodenraand,gem,nor,afgekortenor,gemdeel,huisnr,huisletter,huisnrtoevoeging,postcode,wplnaam,loctenopzichtevanadres,locoms,bladresregel1,bladresregel2,bladresregel3,bladresregel4,bladresregel5,bladresregel6,landgebied,indpersaangetroffenopadres,nadereaandverval) VALUES('35007','35002','20000101','20020202','20020202',null,'35006',null,'35007','1','2',null,'20000101',null,null,'993','Reijmerstokkerdorpsstraat','dorpsstraat',null,'108',null,null,'6274NH',null,null,null,null,null,null,null,null,null,'229',null,null);
INSERT INTO kern.his_persadres (id,persadres,dataanvgel,dateindegel,tsreg,tsverval,actieinh,actieverval,actieaanpgel,srt,rdnwijz,aangadresh,dataanvadresh,identcodeadresseerbaarobject,identcodenraand,gem,nor,afgekortenor,gemdeel,huisnr,huisletter,huisnrtoevoeging,postcode,wplnaam,loctenopzichtevanadres,locoms,bladresregel1,bladresregel2,bladresregel3,bladresregel4,bladresregel5,bladresregel6,landgebied,indpersaangetroffenopadres,nadereaandverval) VALUES('35008','35002','20020202',null,'20020202','20041212','35007','35008',null,'1','1','3','20020202',null,null,'302','Zonegge','Zonegge',null,'1',null,null,'6901KT',null,null,null,null,null,null,null,null,null,'229',null,null);
INSERT INTO kern.his_persadres (id,persadres,dataanvgel,dateindegel,tsreg,tsverval,actieinh,actieverval,actieaanpgel,srt,rdnwijz,aangadresh,dataanvadresh,identcodeadresseerbaarobject,identcodenraand,gem,nor,afgekortenor,gemdeel,huisnr,huisletter,huisnrtoevoeging,postcode,wplnaam,loctenopzichtevanadres,locoms,bladresregel1,bladresregel2,bladresregel3,bladresregel4,bladresregel5,bladresregel6,landgebied,indpersaangetroffenopadres,nadereaandverval) VALUES('35009','35002','20020202','20041212','20041212',null,'35007',null,'35008','1','1','3','20020202',null,null,'302','Zonegge','Zonegge',null,'1',null,null,'6901KT',null,null,null,null,null,null,null,null,null,'229',null,null);
INSERT INTO kern.his_persadres (id,persadres,dataanvgel,dateindegel,tsreg,tsverval,actieinh,actieverval,actieaanpgel,srt,rdnwijz,aangadresh,dataanvadresh,identcodeadresseerbaarobject,identcodenraand,gem,nor,afgekortenor,gemdeel,huisnr,huisletter,huisnrtoevoeging,postcode,wplnaam,loctenopzichtevanadres,locoms,bladresregel1,bladresregel2,bladresregel3,bladresregel4,bladresregel5,bladresregel6,landgebied,indpersaangetroffenopadres,nadereaandverval) VALUES('35010','35002','20041212','20080102','20080102',null,'35008',null,'35009','1','1','3','20041212','0347012004121231','0347202004121231','347','Vredenburg','Vredenburg','Noord','3','F','II','3511BA','Utrecht','by',null,null,null,null,null,null,null,'229',null,null);
INSERT INTO kern.his_persadres (id,persadres,dataanvgel,dateindegel,tsreg,tsverval,actieinh,actieverval,actieaanpgel,srt,rdnwijz,aangadresh,dataanvadresh,identcodeadresseerbaarobject,identcodenraand,gem,nor,afgekortenor,gemdeel,huisnr,huisletter,huisnrtoevoeging,postcode,wplnaam,loctenopzichtevanadres,locoms,bladresregel1,bladresregel2,bladresregel3,bladresregel4,bladresregel5,bladresregel6,landgebied,indpersaangetroffenopadres,nadereaandverval) VALUES('35011','35003','20000101',null,'20000101','20020202','35015','35016',null,'1','2',null,'20000101',null,null,'993','Reijmerstokkerdorpsstraat','dorpsstraat',null,'108',null,null,'6274NH',null,null,null,null,null,null,null,null,null,'229',null,null);
INSERT INTO kern.his_persadres (id,persadres,dataanvgel,dateindegel,tsreg,tsverval,actieinh,actieverval,actieaanpgel,srt,rdnwijz,aangadresh,dataanvadresh,identcodeadresseerbaarobject,identcodenraand,gem,nor,afgekortenor,gemdeel,huisnr,huisletter,huisnrtoevoeging,postcode,wplnaam,loctenopzichtevanadres,locoms,bladresregel1,bladresregel2,bladresregel3,bladresregel4,bladresregel5,bladresregel6,landgebied,indpersaangetroffenopadres,nadereaandverval) VALUES('35012','35003','20000101','20020202','20020202',null,'35015',null,'35016','1','2',null,'20000101',null,null,'993','Reijmerstokkerdorpsstraat','dorpsstraat',null,'108',null,null,'6274NH',null,null,null,null,null,null,null,null,null,'229',null,null);
INSERT INTO kern.his_persadres (id,persadres,dataanvgel,dateindegel,tsreg,tsverval,actieinh,actieverval,actieaanpgel,srt,rdnwijz,aangadresh,dataanvadresh,identcodeadresseerbaarobject,identcodenraand,gem,nor,afgekortenor,gemdeel,huisnr,huisletter,huisnrtoevoeging,postcode,wplnaam,loctenopzichtevanadres,locoms,bladresregel1,bladresregel2,bladresregel3,bladresregel4,bladresregel5,bladresregel6,landgebied,indpersaangetroffenopadres,nadereaandverval) VALUES('35013','35003','20020202',null,'20020202','20041212','35016','35017',null,'1','1','3','20020202',null,null,'302','Zonegge','Zonegge',null,'1',null,null,'6901KT',null,null,null,null,null,null,null,null,null,'229',null,null);
INSERT INTO kern.his_persadres (id,persadres,dataanvgel,dateindegel,tsreg,tsverval,actieinh,actieverval,actieaanpgel,srt,rdnwijz,aangadresh,dataanvadresh,identcodeadresseerbaarobject,identcodenraand,gem,nor,afgekortenor,gemdeel,huisnr,huisletter,huisnrtoevoeging,postcode,wplnaam,loctenopzichtevanadres,locoms,bladresregel1,bladresregel2,bladresregel3,bladresregel4,bladresregel5,bladresregel6,landgebied,indpersaangetroffenopadres,nadereaandverval) VALUES('35014','35003','20020202','20041212','20041212',null,'35016',null,'35017','1','1','3','20020202',null,null,'302','Zonegge','Zonegge',null,'1',null,null,'6901KT',null,null,null,null,null,null,null,null,null,'229',null,null);
INSERT INTO kern.his_persadres (id,persadres,dataanvgel,dateindegel,tsreg,tsverval,actieinh,actieverval,actieaanpgel,srt,rdnwijz,aangadresh,dataanvadresh,identcodeadresseerbaarobject,identcodenraand,gem,nor,afgekortenor,gemdeel,huisnr,huisletter,huisnrtoevoeging,postcode,wplnaam,loctenopzichtevanadres,locoms,bladresregel1,bladresregel2,bladresregel3,bladresregel4,bladresregel5,bladresregel6,landgebied,indpersaangetroffenopadres,nadereaandverval) VALUES('35015','35003','20041212','20080102','20080102',null,'35017',null,'35018','1','1','3','20041212','0347012004121231','0347202004121231','347','Vredenburg','Vredenburg','Noord','3','F','II','3511BA','Utrecht','by',null,null,null,null,null,null,null,'229',null,null);

commit;


--------------------------------------------------
--- EIND
--- Sheet: (his_persadres)
--- Handler: SheetHandlerImplSimpleInsert
--- Aantal: (15)
--------------------------------------------------
--------------------------------------------------
--- START
--- Sheet: (his_persbijhouding)
--- Handler: SheetHandlerImplSimpleInsert
--------------------------------------------------

begin;

INSERT INTO kern.his_persbijhouding (id,pers,dataanvgel,dateindegel,tsreg,tsverval,actieinh,actieverval,nadereaandverval,actieaanpgel,bijhpartij,bijhaard,naderebijhaard,indonverwdocaanw) VALUES('35001','35001','20000101',null,'20000101','20020202','35001','35002',null,null,'993','1','1','false');
INSERT INTO kern.his_persbijhouding (id,pers,dataanvgel,dateindegel,tsreg,tsverval,actieinh,actieverval,nadereaandverval,actieaanpgel,bijhpartij,bijhaard,naderebijhaard,indonverwdocaanw) VALUES('35002','35001','20000101','20020202','20020202',null,'35001',null,null,'35002','993','1','1','false');
INSERT INTO kern.his_persbijhouding (id,pers,dataanvgel,dateindegel,tsreg,tsverval,actieinh,actieverval,nadereaandverval,actieaanpgel,bijhpartij,bijhaard,naderebijhaard,indonverwdocaanw) VALUES('35003','35001','20020202',null,'20020202','20041212','35002','35003',null,null,'302','1','1','false');
INSERT INTO kern.his_persbijhouding (id,pers,dataanvgel,dateindegel,tsreg,tsverval,actieinh,actieverval,nadereaandverval,actieaanpgel,bijhpartij,bijhaard,naderebijhaard,indonverwdocaanw) VALUES('35004','35001','20020202','20041212','20041212',null,'35002',null,null,'35003','302','1','1','false');
INSERT INTO kern.his_persbijhouding (id,pers,dataanvgel,dateindegel,tsreg,tsverval,actieinh,actieverval,nadereaandverval,actieaanpgel,bijhpartij,bijhaard,naderebijhaard,indonverwdocaanw) VALUES('35005','35001','20041212',null,'20041212','20080102','35003','35004',null,null,'347','1','1','false');
INSERT INTO kern.his_persbijhouding (id,pers,dataanvgel,dateindegel,tsreg,tsverval,actieinh,actieverval,nadereaandverval,actieaanpgel,bijhpartij,bijhaard,naderebijhaard,indonverwdocaanw) VALUES('35006','35001','20041212','20080102','20080102',null,'35003',null,null,'35004','347','1','1','false');
INSERT INTO kern.his_persbijhouding (id,pers,dataanvgel,dateindegel,tsreg,tsverval,actieinh,actieverval,nadereaandverval,actieaanpgel,bijhpartij,bijhaard,naderebijhaard,indonverwdocaanw) VALUES('35007','35001','20080102',null,'20080102',null,'35004',null,null,null,'2','2','3','false');
INSERT INTO kern.his_persbijhouding (id,pers,dataanvgel,dateindegel,tsreg,tsverval,actieinh,actieverval,nadereaandverval,actieaanpgel,bijhpartij,bijhaard,naderebijhaard,indonverwdocaanw) VALUES('35008','35004','20000101',null,'20000101','20020202','35008','35009',null,null,'993','1','1','false');
INSERT INTO kern.his_persbijhouding (id,pers,dataanvgel,dateindegel,tsreg,tsverval,actieinh,actieverval,nadereaandverval,actieaanpgel,bijhpartij,bijhaard,naderebijhaard,indonverwdocaanw) VALUES('35009','35004','20000101','20020202','20020202',null,'35008',null,null,'35009','993','1','1','false');
INSERT INTO kern.his_persbijhouding (id,pers,dataanvgel,dateindegel,tsreg,tsverval,actieinh,actieverval,nadereaandverval,actieaanpgel,bijhpartij,bijhaard,naderebijhaard,indonverwdocaanw) VALUES('35010','35004','20020202',null,'20020202','20041212','35009','35010',null,null,'302','1','1','false');
INSERT INTO kern.his_persbijhouding (id,pers,dataanvgel,dateindegel,tsreg,tsverval,actieinh,actieverval,nadereaandverval,actieaanpgel,bijhpartij,bijhaard,naderebijhaard,indonverwdocaanw) VALUES('35011','35004','20020202','20041212','20041212',null,'35009',null,null,'35010','302','1','1','false');
INSERT INTO kern.his_persbijhouding (id,pers,dataanvgel,dateindegel,tsreg,tsverval,actieinh,actieverval,nadereaandverval,actieaanpgel,bijhpartij,bijhaard,naderebijhaard,indonverwdocaanw) VALUES('35012','35004','20041212',null,'20041212','20080102','35010','35011',null,null,'347','1','1','false');
INSERT INTO kern.his_persbijhouding (id,pers,dataanvgel,dateindegel,tsreg,tsverval,actieinh,actieverval,nadereaandverval,actieaanpgel,bijhpartij,bijhaard,naderebijhaard,indonverwdocaanw) VALUES('35013','35004','20041212','20080102','20080102',null,'35010',null,null,'35011','347','1','1','false');
INSERT INTO kern.his_persbijhouding (id,pers,dataanvgel,dateindegel,tsreg,tsverval,actieinh,actieverval,nadereaandverval,actieaanpgel,bijhpartij,bijhaard,naderebijhaard,indonverwdocaanw) VALUES('35014','35004','20080102',null,'20080102',null,'35011',null,null,null,'2','2','3','false');
INSERT INTO kern.his_persbijhouding (id,pers,dataanvgel,dateindegel,tsreg,tsverval,actieinh,actieverval,nadereaandverval,actieaanpgel,bijhpartij,bijhaard,naderebijhaard,indonverwdocaanw) VALUES('35015','35007','20000101',null,'20000101','20020202','35015','35016',null,null,'993','1','1','false');
INSERT INTO kern.his_persbijhouding (id,pers,dataanvgel,dateindegel,tsreg,tsverval,actieinh,actieverval,nadereaandverval,actieaanpgel,bijhpartij,bijhaard,naderebijhaard,indonverwdocaanw) VALUES('35016','35007','20000101','20020202','20020202',null,'35015',null,null,'35016','993','1','1','false');
INSERT INTO kern.his_persbijhouding (id,pers,dataanvgel,dateindegel,tsreg,tsverval,actieinh,actieverval,nadereaandverval,actieaanpgel,bijhpartij,bijhaard,naderebijhaard,indonverwdocaanw) VALUES('35017','35007','20020202',null,'20020202','20041212','35016','35017',null,null,'302','1','1','false');
INSERT INTO kern.his_persbijhouding (id,pers,dataanvgel,dateindegel,tsreg,tsverval,actieinh,actieverval,nadereaandverval,actieaanpgel,bijhpartij,bijhaard,naderebijhaard,indonverwdocaanw) VALUES('35018','35007','20020202','20041212','20041212',null,'35016',null,null,'35017','302','1','1','false');
INSERT INTO kern.his_persbijhouding (id,pers,dataanvgel,dateindegel,tsreg,tsverval,actieinh,actieverval,nadereaandverval,actieaanpgel,bijhpartij,bijhaard,naderebijhaard,indonverwdocaanw) VALUES('35019','35007','20041212',null,'20041212','20080102','35017','35018',null,null,'347','1','1','false');
INSERT INTO kern.his_persbijhouding (id,pers,dataanvgel,dateindegel,tsreg,tsverval,actieinh,actieverval,nadereaandverval,actieaanpgel,bijhpartij,bijhaard,naderebijhaard,indonverwdocaanw) VALUES('35020','35007','20041212','20080102','20080102',null,'35017',null,null,'35018','347','1','1','false');
INSERT INTO kern.his_persbijhouding (id,pers,dataanvgel,dateindegel,tsreg,tsverval,actieinh,actieverval,nadereaandverval,actieaanpgel,bijhpartij,bijhaard,naderebijhaard,indonverwdocaanw) VALUES('35021','35007','20080102',null,'20080102',null,'35018',null,null,null,'2','2','3','false');

commit;


--------------------------------------------------
--- EIND
--- Sheet: (his_persbijhouding)
--- Handler: SheetHandlerImplSimpleInsert
--- Aantal: (21)
--------------------------------------------------
--------------------------------------------------
--- START
--- Sheet: (his_persmigratie)
--- Handler: SheetHandlerImplSimpleInsert
--------------------------------------------------

begin;

INSERT INTO kern.his_persmigratie (id,pers,dataanvgel,tsreg,tsverval,nadereaandverval,actieinh,actieverval,actieaanpgel,srtmigratie,rdnwijzmigratie,aangmigratie,landgebiedmigratie,bladresregel1migratie,bladresregel2migratie,bladresregel3migratie,bladresregel4migratie,bladresregel5migratie,bladresregel6migratie) VALUES('35001','35001','20080102','20080102',null,null,'35004',null,null,'2','1','3','32','Dorp','3','Gent',null,null,null);
INSERT INTO kern.his_persmigratie (id,pers,dataanvgel,tsreg,tsverval,nadereaandverval,actieinh,actieverval,actieaanpgel,srtmigratie,rdnwijzmigratie,aangmigratie,landgebiedmigratie,bladresregel1migratie,bladresregel2migratie,bladresregel3migratie,bladresregel4migratie,bladresregel5migratie,bladresregel6migratie) VALUES('35002','35004','20080102','20080102',null,null,'35011',null,null,'2','1','3','32','Dorp','3','Gent',null,null,null);
INSERT INTO kern.his_persmigratie (id,pers,dataanvgel,tsreg,tsverval,nadereaandverval,actieinh,actieverval,actieaanpgel,srtmigratie,rdnwijzmigratie,aangmigratie,landgebiedmigratie,bladresregel1migratie,bladresregel2migratie,bladresregel3migratie,bladresregel4migratie,bladresregel5migratie,bladresregel6migratie) VALUES('35003','35007','20080102','20080102',null,null,'35018',null,null,'2','1','3','32','Dorp','3','Gent',null,null,null);

commit;


--------------------------------------------------
--- EIND
--- Sheet: (his_persmigratie)
--- Handler: SheetHandlerImplSimpleInsert
--- Aantal: (43)
--------------------------------------------------
--------------------------------------------------
--- START
--- Sheet: (persverificatie)
--- Handler: SheetHandlerImplSimpleInsert
--------------------------------------------------

begin;

INSERT INTO kern.persverificatie (id,geverifieerde,partij,srt,dat) VALUES('35001','35001','2','Attestie de vita','20090101');
INSERT INTO kern.persverificatie (id,geverifieerde,partij,srt,dat) VALUES('35002','35001','2','Attestie de vita','20100101');
INSERT INTO kern.persverificatie (id,geverifieerde,partij,srt,dat) VALUES('35003','35001','2','Attestie de vita','20110101');
INSERT INTO kern.persverificatie (id,geverifieerde,partij,srt,dat) VALUES('35004','35004','2','Attestie de vita','20090101');
INSERT INTO kern.persverificatie (id,geverifieerde,partij,srt,dat) VALUES('35005','35004','2','SoortVerificatie','20100101');
INSERT INTO kern.persverificatie (id,geverifieerde,partij,srt,dat) VALUES('35006','35004','2','Attestie de vita','20110101');
INSERT INTO kern.persverificatie (id,geverifieerde,partij,srt,dat) VALUES('35007','35007','2','Attestie de vita','20090101');
--INSERT INTO kern.persverificatie (id,geverifieerde,partij,srt,dat) VALUES('35008','35007','2922','Attestie de vita','20100101');
INSERT INTO kern.persverificatie (id,geverifieerde,partij,srt,dat) VALUES('35009','35007','2','SoortVerificatie','20110101');
--INSERT INTO kern.persverificatie (id,geverifieerde,partij,srt,dat) VALUES('35010','35007','2922','Attestie de vita','20130101');

commit;


--------------------------------------------------
--- EIND
--- Sheet: (persverificatie)
--- Handler: SheetHandlerImplSimpleInsert
--- Aantal: (47)
--------------------------------------------------
--------------------------------------------------
--- START
--- Sheet: (his_persverificatie)
--- Handler: SheetHandlerImplSimpleInsert
--------------------------------------------------

begin;

INSERT INTO kern.his_persverificatie (id,persverificatie,tsreg,tsverval,nadereaandverval,actieinh,actieverval,dat) VALUES('35001','35001','20090101',null,null,'35005',null,'20090101');
INSERT INTO kern.his_persverificatie (id,persverificatie,tsreg,tsverval,nadereaandverval,actieinh,actieverval,dat) VALUES('35002','35002','20100101',null,null,'35006',null,'20100101');
INSERT INTO kern.his_persverificatie (id,persverificatie,tsreg,tsverval,nadereaandverval,actieinh,actieverval,dat) VALUES('35003','35003','20110101',null,null,'35007',null,'20110101');
INSERT INTO kern.his_persverificatie (id,persverificatie,tsreg,tsverval,nadereaandverval,actieinh,actieverval,dat) VALUES('35004','35004','20090101',null,null,'35012',null,'20090101');
INSERT INTO kern.his_persverificatie (id,persverificatie,tsreg,tsverval,nadereaandverval,actieinh,actieverval,dat) VALUES('35005','35005','20100101',null,null,'35013',null,'20100101');
INSERT INTO kern.his_persverificatie (id,persverificatie,tsreg,tsverval,nadereaandverval,actieinh,actieverval,dat) VALUES('35006','35006','20110101',null,null,'35014',null,'20110101');
INSERT INTO kern.his_persverificatie (id,persverificatie,tsreg,tsverval,nadereaandverval,actieinh,actieverval,dat) VALUES('35007','35007','20090101',null,null,'35019',null,'20090101');
--INSERT INTO kern.his_persverificatie (id,persverificatie,tsreg,tsverval,nadereaandverval,actieinh,actieverval,dat) VALUES('35008','35008','20100101',null,null,'35020',null,'20100101');
INSERT INTO kern.his_persverificatie (id,persverificatie,tsreg,tsverval,nadereaandverval,actieinh,actieverval,dat) VALUES('35009','35009','20110101',null,null,'35021',null,'20110101');
--INSERT INTO kern.his_persverificatie (id,persverificatie,tsreg,tsverval,nadereaandverval,actieinh,actieverval,dat) VALUES('35010','35010','20120101','20130101',null,'35022','35023','20120101');
--INSERT INTO kern.his_persverificatie (id,persverificatie,tsreg,tsverval,nadereaandverval,actieinh,actieverval,dat) VALUES('35011','35010','20130101',null,null,'35023',null,'20130101');

commit;


--------------------------------------------------
--- EIND
--- Sheet: (his_persverificatie)
--- Handler: SheetHandlerImplSimpleInsert
--- Aantal: (44)
--------------------------------------------------
--------------------------------------------------
--- START
--- Sheet: (onderzoek)
--- Handler: SheetHandlerImplSimpleInsert
--------------------------------------------------

begin;

INSERT INTO kern.onderzoek (id,admhnd,status,dataanv,dateinde,oms,verwachteafhandeldat) VALUES('35024','35024','3','20121213','20121219','Onderzoek dat gestart, gewijzigd en uiteindelijk beeindigd is.',null);
INSERT INTO kern.onderzoek (id,admhnd,status,dataanv,dateinde,oms,verwachteafhandeldat) VALUES('35027','35027','1','20121224',null,'Onderzoek dat gestart is',null);

commit;


--------------------------------------------------
--- EIND
--- Sheet: (onderzoek)
--- Handler: SheetHandlerImplSimpleInsert
--- Aantal: (2)
--------------------------------------------------
--------------------------------------------------
--- START
--- Sheet: (personderzoek)
--- Handler: SheetHandlerImplSimpleInsert
--------------------------------------------------

begin;

INSERT INTO kern.personderzoek (id,pers,onderzoek,rol) VALUES('35024','35007','35024','1');
INSERT INTO kern.personderzoek (id,pers,onderzoek,rol) VALUES('35027','35007','35027','1');

commit;


--------------------------------------------------
--- EIND
--- Sheet: (personderzoek)
--- Handler: SheetHandlerImplSimpleInsert
--- Aantal: (2)
--------------------------------------------------
--------------------------------------------------
--- START
--- Sheet: (partijonderzoek)
--- Handler: SheetHandlerImplSimpleInsert
--------------------------------------------------

begin;

INSERT INTO kern.partijonderzoek (id,partij,onderzoek,rol) VALUES('35024','347','35024','1');
INSERT INTO kern.partijonderzoek (id,partij,onderzoek,rol) VALUES('35027','347','35027','1');
INSERT INTO kern.partijonderzoek (id,partij,onderzoek,rol) VALUES('35028','302','35027','2');

commit;


--------------------------------------------------
--- EIND
--- Sheet: (partijonderzoek)
--- Handler: SheetHandlerImplSimpleInsert
--- Aantal: (3)
--------------------------------------------------
--------------------------------------------------
--- START
--- Sheet: (gegeveninonderzoek)
--- Handler: SheetHandlerImplSimpleInsert
--------------------------------------------------

begin;

INSERT INTO kern.gegeveninonderzoek (id,onderzoek,element,objectsleutelgegeven,voorkomensleutelgegeven) VALUES('35024','35024','3018',null,'34003');
INSERT INTO kern.gegeveninonderzoek (id,onderzoek,element,objectsleutelgegeven,voorkomensleutelgegeven) VALUES('35025','35027','3013',null,'34003');

commit;


--------------------------------------------------
--- EIND
--- Sheet: (gegeveninonderzoek)
--- Handler: SheetHandlerImplSimpleInsert
--- Aantal: (2)
--------------------------------------------------
--------------------------------------------------
--- START
--- Sheet: (his_onderzoek)
--- Handler: SheetHandlerImplSimpleInsert
--------------------------------------------------

begin;

INSERT INTO kern.his_onderzoek (id,onderzoek,status,dataanv,dateinde,oms,verwachteafhandeldat,tsreg,tsverval,actieinh,actieverval) VALUES('35004','35024','1','20121213',null,null,'20121217','20121213','20121216','35024','35025');
INSERT INTO kern.his_onderzoek (id,onderzoek,status,dataanv,dateinde,oms,verwachteafhandeldat,tsreg,tsverval,actieinh,actieverval) VALUES('35005','35024','1','20121213',null,null,'20121218','20121216','20121219','35025','35026');
INSERT INTO kern.his_onderzoek (id,onderzoek,status,dataanv,dateinde,oms,verwachteafhandeldat,tsreg,tsverval,actieinh,actieverval) VALUES('35006','35024','3','20121213','20121219',null,'20121218','20121219',null,'35026',null);
INSERT INTO kern.his_onderzoek (id,onderzoek,status,dataanv,dateinde,oms,verwachteafhandeldat,tsreg,tsverval,actieinh,actieverval) VALUES('35007','35027','1','20121224',null,null,'20130101','20121224','20121227','35027','35028');
INSERT INTO kern.his_onderzoek (id,onderzoek,status,dataanv,dateinde,oms,verwachteafhandeldat,tsreg,tsverval,actieinh,actieverval) VALUES('35008','35027','1','20121227',null,null,'20130101','20121227',null,'35028',null);

commit;


--------------------------------------------------
--- EIND
--- Sheet: (his_onderzoek)
--- Handler: SheetHandlerImplSimpleInsert
--- Aantal: (5)
--------------------------------------------------
--------------------------------------------------
--- START
--- Sheet: (his_personderzoek)
--- Handler: SheetHandlerImplSimpleInsert
--------------------------------------------------

begin;

INSERT INTO kern.his_personderzoek (id,personderzoek,tsreg,tsverval,actieinh,actieverval,nadereaandverval,rol) VALUES('35024','35024','20121213',null,'35024',null,null,'1');
INSERT INTO kern.his_personderzoek (id,personderzoek,tsreg,tsverval,actieinh,actieverval,nadereaandverval,rol) VALUES('35027','35027','20121224',null,'35027',null,null,'1');

commit;


--------------------------------------------------
--- EIND
--- Sheet: (his_personderzoek)
--- Handler: SheetHandlerImplSimpleInsert
--- Aantal: (2)
--------------------------------------------------
--------------------------------------------------
--- START
--- Sheet: (his_partijonderzoek)
--- Handler: SheetHandlerImplSimpleInsert
--------------------------------------------------

begin;

INSERT INTO kern.his_partijonderzoek (id,partijonderzoek,tsreg,tsverval,actieinh,actieverval,nadereaandverval,rol) VALUES('35024','35024','20121213',null,'35024',null,null,'1');
INSERT INTO kern.his_partijonderzoek (id,partijonderzoek,tsreg,tsverval,actieinh,actieverval,nadereaandverval,rol) VALUES('35027','35027','20121224',null,'35027',null,null,'1');
INSERT INTO kern.his_partijonderzoek (id,partijonderzoek,tsreg,tsverval,actieinh,actieverval,nadereaandverval,rol) VALUES('35028','35028','20121227',null,'35028',null,null,'2');

commit;


--------------------------------------------------
--- EIND
--- Sheet: (his_partijonderzoek)
--- Handler: SheetHandlerImplSimpleInsert
--- Aantal: (3)
--------------------------------------------------
--------------------------------------------------
--- START
--- Sheet: (his_onderzoekafgeleidadminis)
--- Handler: SheetHandlerImplSimpleInsert
--------------------------------------------------

begin;

INSERT INTO kern.his_onderzoekafgeleidadminis (id,onderzoek,tsreg,tsverval,actieinh,actieverval,nadereaandverval,admhnd) VALUES('35004','35024','20121213','20121216','35024','35025',null,'35024');
INSERT INTO kern.his_onderzoekafgeleidadminis (id,onderzoek,tsreg,tsverval,actieinh,actieverval,nadereaandverval,admhnd) VALUES('35005','35024','20121216','20121219','35025','35026',null,'35024');
INSERT INTO kern.his_onderzoekafgeleidadminis (id,onderzoek,tsreg,tsverval,actieinh,actieverval,nadereaandverval,admhnd) VALUES('35006','35024','20121219',null,'35026',null,null,'35024');
INSERT INTO kern.his_onderzoekafgeleidadminis (id,onderzoek,tsreg,tsverval,actieinh,actieverval,nadereaandverval,admhnd) VALUES('35007','35027','20121224','20121227','35027','35028',null,'35027');
INSERT INTO kern.his_onderzoekafgeleidadminis (id,onderzoek,tsreg,tsverval,actieinh,actieverval,nadereaandverval,admhnd) VALUES('35008','35027','20121227',null,'35028',null,null,'35027');

commit;


--------------------------------------------------
--- EIND
--- Sheet: (his_onderzoekafgeleidadminis)
--- Handler: SheetHandlerImplSimpleInsert
--- Aantal: (5)
--------------------------------------------------
--------------------------------------------------
--- START
--- Sheet: (his_persgeslachtsaand)
--- Handler: SheetHandlerImplSimpleInsert
--------------------------------------------------

begin;

INSERT INTO kern.his_persgeslachtsaand (id,pers,dataanvgel,dateindegel,tsreg,tsverval,actieinh,actieverval,actieaanpgel,geslachtsaand,nadereaandverval) VALUES('35001','35001','19500808',null,'20000101',null,'35001',null,null,'1',null);
INSERT INTO kern.his_persgeslachtsaand (id,pers,dataanvgel,dateindegel,tsreg,tsverval,actieinh,actieverval,actieaanpgel,geslachtsaand,nadereaandverval) VALUES('35002','35002','19300101',null,'20000101',null,'35001',null,null,'2',null);
INSERT INTO kern.his_persgeslachtsaand (id,pers,dataanvgel,dateindegel,tsreg,tsverval,actieinh,actieverval,actieaanpgel,geslachtsaand,nadereaandverval) VALUES('35003','35003','19290101',null,'20000101',null,'35001',null,null,'1',null);
INSERT INTO kern.his_persgeslachtsaand (id,pers,dataanvgel,dateindegel,tsreg,tsverval,actieinh,actieverval,actieaanpgel,geslachtsaand,nadereaandverval) VALUES('35004','35004','19600808',null,'20000101',null,'35008',null,null,'1',null);
INSERT INTO kern.his_persgeslachtsaand (id,pers,dataanvgel,dateindegel,tsreg,tsverval,actieinh,actieverval,actieaanpgel,geslachtsaand,nadereaandverval) VALUES('35005','35005','19400101',null,'20000101',null,'35008',null,null,'2',null);
INSERT INTO kern.his_persgeslachtsaand (id,pers,dataanvgel,dateindegel,tsreg,tsverval,actieinh,actieverval,actieaanpgel,geslachtsaand,nadereaandverval) VALUES('35006','35006','19390101',null,'20000101',null,'35008',null,null,'1',null);
INSERT INTO kern.his_persgeslachtsaand (id,pers,dataanvgel,dateindegel,tsreg,tsverval,actieinh,actieverval,actieaanpgel,geslachtsaand,nadereaandverval) VALUES('35007','35007','19700808',null,'20000101',null,'35015',null,null,'1',null);
INSERT INTO kern.his_persgeslachtsaand (id,pers,dataanvgel,dateindegel,tsreg,tsverval,actieinh,actieverval,actieaanpgel,geslachtsaand,nadereaandverval) VALUES('35008','35008','19400101',null,'20000101',null,'35015',null,null,'2',null);
INSERT INTO kern.his_persgeslachtsaand (id,pers,dataanvgel,dateindegel,tsreg,tsverval,actieinh,actieverval,actieaanpgel,geslachtsaand,nadereaandverval) VALUES('35009','35009','19390101',null,'20000101',null,'35015',null,null,'1',null);

commit;


--------------------------------------------------
--- EIND
--- Sheet: (his_persgeslachtsaand)
--- Handler: SheetHandlerImplSimpleInsert
--- Aantal: (9)
--------------------------------------------------
--------------------------------------------------
--- START
--- Sheet: (persgeslnaamcomp)
--- Handler: SheetHandlerImplSimpleInsert
--------------------------------------------------

begin;

INSERT INTO kern.persgeslnaamcomp (id,pers,voorvoegsel,scheidingsteken,stam,predicaat,adellijketitel,volgnr) VALUES('35001','35001',null,null,'Melk',null,null,'1');
INSERT INTO kern.persgeslnaamcomp (id,pers,voorvoegsel,scheidingsteken,stam,predicaat,adellijketitel,volgnr) VALUES('35002','35004',null,null,'Welk',null,null,'1');
INSERT INTO kern.persgeslnaamcomp (id,pers,voorvoegsel,scheidingsteken,stam,predicaat,adellijketitel,volgnr) VALUES('35003','35007',null,null,'Elk',null,null,'1');
INSERT INTO kern.persgeslnaamcomp (id,pers,voorvoegsel,scheidingsteken,stam,predicaat,adellijketitel,volgnr) VALUES('35004','35007',null,null,'Kelk',null,null,'2');

commit;


--------------------------------------------------
--- EIND
--- Sheet: (persgeslnaamcomp)
--- Handler: SheetHandlerImplSimpleInsert
--- Aantal: (4)
--------------------------------------------------
--------------------------------------------------
--- START
--- Sheet: (his_persgeslnaamcomp)
--- Handler: SheetHandlerImplSimpleInsert
--------------------------------------------------

begin;

INSERT INTO kern.his_persgeslnaamcomp (id,persgeslnaamcomp,dataanvgel,dateindegel,tsreg,tsverval,actieinh,actieverval,actieaanpgel,voorvoegsel,scheidingsteken,stam,predicaat,adellijketitel,nadereaandverval) VALUES('35001','35001','19500808',null,'20000101',null,'35001',null,null,null,null,'Melk',null,null,null);
INSERT INTO kern.his_persgeslnaamcomp (id,persgeslnaamcomp,dataanvgel,dateindegel,tsreg,tsverval,actieinh,actieverval,actieaanpgel,voorvoegsel,scheidingsteken,stam,predicaat,adellijketitel,nadereaandverval) VALUES('35002','35002','19600808',null,'20000101',null,'35008',null,null,null,null,'Welk',null,null,null);
INSERT INTO kern.his_persgeslnaamcomp (id,persgeslnaamcomp,dataanvgel,dateindegel,tsreg,tsverval,actieinh,actieverval,actieaanpgel,voorvoegsel,scheidingsteken,stam,predicaat,adellijketitel,nadereaandverval) VALUES('35003','35003','19700808',null,'20000101',null,'35015',null,null,null,null,'Elk',null,null,null);
INSERT INTO kern.his_persgeslnaamcomp (id,persgeslnaamcomp,dataanvgel,dateindegel,tsreg,tsverval,actieinh,actieverval,actieaanpgel,voorvoegsel,scheidingsteken,stam,predicaat,adellijketitel,nadereaandverval) VALUES('35004','35004','19700808',null,'20000101','20110505','35015','35032',null,null,null,'Elke',null,null,null);
INSERT INTO kern.his_persgeslnaamcomp (id,persgeslnaamcomp,dataanvgel,dateindegel,tsreg,tsverval,actieinh,actieverval,actieaanpgel,voorvoegsel,scheidingsteken,stam,predicaat,adellijketitel,nadereaandverval) VALUES('35005','35004','19700808','20110505','20110505',null,'35015',null,'35032',null,null,'Elke',null,null,null);
INSERT INTO kern.his_persgeslnaamcomp (id,persgeslnaamcomp,dataanvgel,dateindegel,tsreg,tsverval,actieinh,actieverval,actieaanpgel,voorvoegsel,scheidingsteken,stam,predicaat,adellijketitel,nadereaandverval) VALUES('35006','35004','20110505',null,'20110505',null,'35032',null,null,null,null,'Kelk',null,null,null);

commit;


--------------------------------------------------
--- EIND
--- Sheet: (his_persgeslnaamcomp)
--- Handler: SheetHandlerImplSimpleInsert
--- Aantal: (6)
--------------------------------------------------
--------------------------------------------------
--- START
--- Sheet: (his_perssamengesteldenaam)
--- Handler: SheetHandlerImplSimpleInsert
--------------------------------------------------

begin;

INSERT INTO kern.his_perssamengesteldenaam (id,pers,dataanvgel,dateindegel,tsreg,tsverval,actieinh,actieverval,actieaanpgel,predicaat,voornamen,voorvoegsel,scheidingsteken,adellijketitel,geslnaamstam,indnreeks,indafgeleid,nadereaandverval) VALUES('35001','35001','19500808',null,'20000101',null,'35001',null,null,null,'Joep',null,null,null,'Melk','false','true',null);
INSERT INTO kern.his_perssamengesteldenaam (id,pers,dataanvgel,dateindegel,tsreg,tsverval,actieinh,actieverval,actieaanpgel,predicaat,voornamen,voorvoegsel,scheidingsteken,adellijketitel,geslnaamstam,indnreeks,indafgeleid,nadereaandverval) VALUES('35002','35002','19300101',null,'20000101',null,'35001',null,null,null,'Truus',null,null,null,'Zoutenbier','false','true',null);
INSERT INTO kern.his_perssamengesteldenaam (id,pers,dataanvgel,dateindegel,tsreg,tsverval,actieinh,actieverval,actieaanpgel,predicaat,voornamen,voorvoegsel,scheidingsteken,adellijketitel,geslnaamstam,indnreeks,indafgeleid,nadereaandverval) VALUES('35003','35003','19290101',null,'20000101',null,'35001',null,null,null,'Piet',null,null,null,'Parkiet','false','true',null);
INSERT INTO kern.his_perssamengesteldenaam (id,pers,dataanvgel,dateindegel,tsreg,tsverval,actieinh,actieverval,actieaanpgel,predicaat,voornamen,voorvoegsel,scheidingsteken,adellijketitel,geslnaamstam,indnreeks,indafgeleid,nadereaandverval) VALUES('35004','35004','19600808',null,'20000101',null,'35008',null,null,null,'Job',null,null,null,'Welk','false','true',null);
INSERT INTO kern.his_perssamengesteldenaam (id,pers,dataanvgel,dateindegel,tsreg,tsverval,actieinh,actieverval,actieaanpgel,predicaat,voornamen,voorvoegsel,scheidingsteken,adellijketitel,geslnaamstam,indnreeks,indafgeleid,nadereaandverval) VALUES('35005','35005','19400101',null,'20000101',null,'35008',null,null,null,'Truus',null,null,null,'Zoutenbier','false','true',null);
INSERT INTO kern.his_perssamengesteldenaam (id,pers,dataanvgel,dateindegel,tsreg,tsverval,actieinh,actieverval,actieaanpgel,predicaat,voornamen,voorvoegsel,scheidingsteken,adellijketitel,geslnaamstam,indnreeks,indafgeleid,nadereaandverval) VALUES('35006','35006','19390101',null,'20000101',null,'35008',null,null,null,'Piet',null,null,null,'Parkiet','false','true',null);
INSERT INTO kern.his_perssamengesteldenaam (id,pers,dataanvgel,dateindegel,tsreg,tsverval,actieinh,actieverval,actieaanpgel,predicaat,voornamen,voorvoegsel,scheidingsteken,adellijketitel,geslnaamstam,indnreeks,indafgeleid,nadereaandverval) VALUES('35007','35007','19700808',null,'20000101',null,'35015',null,null,null,'Jo',null,null,null,'Elk','false','true',null);
INSERT INTO kern.his_perssamengesteldenaam (id,pers,dataanvgel,dateindegel,tsreg,tsverval,actieinh,actieverval,actieaanpgel,predicaat,voornamen,voorvoegsel,scheidingsteken,adellijketitel,geslnaamstam,indnreeks,indafgeleid,nadereaandverval) VALUES('35008','35008','19400101',null,'20000101',null,'35015',null,null,null,'Truus',null,null,null,'Zoutenbier','false','true',null);
INSERT INTO kern.his_perssamengesteldenaam (id,pers,dataanvgel,dateindegel,tsreg,tsverval,actieinh,actieverval,actieaanpgel,predicaat,voornamen,voorvoegsel,scheidingsteken,adellijketitel,geslnaamstam,indnreeks,indafgeleid,nadereaandverval) VALUES('35009','35009','19390101',null,'20000101',null,'35015',null,null,null,'Piet',null,null,null,'Parkiet','false','true',null);

commit;


--------------------------------------------------
--- EIND
--- Sheet: (his_perssamengesteldenaam)
--- Handler: SheetHandlerImplSimpleInsert
--- Aantal: (9)
--------------------------------------------------
--------------------------------------------------
--- START
--- Sheet: (his_persnaamgebruik)
--- Handler: SheetHandlerImplSimpleInsert
--------------------------------------------------

begin;

INSERT INTO kern.his_persnaamgebruik (id,pers,tsreg,tsverval,actieinh,actieverval,naamgebruik,indnaamgebruikafgeleid,predicaatnaamgebruik,voornamennaamgebruik,voorvoegselnaamgebruik,scheidingstekennaamgebruik,adellijketitelnaamgebruik,geslnaamstamnaamgebruik,nadereaandverval) VALUES('35001','35001','20000101',null,'35001',null,'1','true',null,'Joep',null,null,null,'Melk',null);
INSERT INTO kern.his_persnaamgebruik (id,pers,tsreg,tsverval,actieinh,actieverval,naamgebruik,indnaamgebruikafgeleid,predicaatnaamgebruik,voornamennaamgebruik,voorvoegselnaamgebruik,scheidingstekennaamgebruik,adellijketitelnaamgebruik,geslnaamstamnaamgebruik,nadereaandverval) VALUES('35002','35004','20000101',null,'35008',null,'1','true',null,'Job',null,null,null,'Welk',null);
INSERT INTO kern.his_persnaamgebruik (id,pers,tsreg,tsverval,actieinh,actieverval,naamgebruik,indnaamgebruikafgeleid,predicaatnaamgebruik,voornamennaamgebruik,voorvoegselnaamgebruik,scheidingstekennaamgebruik,adellijketitelnaamgebruik,geslnaamstamnaamgebruik,nadereaandverval) VALUES('35003','35007','20000101',null,'35015',null,'1','true',null,'Jo',null,null,null,'Elk',null);

commit;


--------------------------------------------------
--- EIND
--- Sheet: (his_persnaamgebruik)
--- Handler: SheetHandlerImplSimpleInsert
--- Aantal: (3)
--------------------------------------------------
--------------------------------------------------
--- START
--- Sheet: (his_persgeboorte)
--- Handler: SheetHandlerImplSimpleInsert
--------------------------------------------------

begin;

INSERT INTO kern.his_persgeboorte (id,pers,tsreg,tsverval,actieinh,actieverval,datgeboorte,gemgeboorte,wplnaamgeboorte,blplaatsgeboorte,blregiogeboorte,landgebiedgeboorte,omslocgeboorte,nadereaandverval) VALUES('35001','35001','20000101',null,'35001',null,'19500808','993','Zevenaar',null,null,'229',null,null);
INSERT INTO kern.his_persgeboorte (id,pers,tsreg,tsverval,actieinh,actieverval,datgeboorte,gemgeboorte,wplnaamgeboorte,blplaatsgeboorte,blregiogeboorte,landgebiedgeboorte,omslocgeboorte,nadereaandverval) VALUES('35002','35002','20000101',null,'35001',null,'19300101',null,null,'Larashe',null,'125',null,null);
INSERT INTO kern.his_persgeboorte (id,pers,tsreg,tsverval,actieinh,actieverval,datgeboorte,gemgeboorte,wplnaamgeboorte,blplaatsgeboorte,blregiogeboorte,landgebiedgeboorte,omslocgeboorte,nadereaandverval) VALUES('35003','35003','20000101',null,'35001',null,'19290101',null,null,'Larashe',null,'125',null,null);
INSERT INTO kern.his_persgeboorte (id,pers,tsreg,tsverval,actieinh,actieverval,datgeboorte,gemgeboorte,wplnaamgeboorte,blplaatsgeboorte,blregiogeboorte,landgebiedgeboorte,omslocgeboorte,nadereaandverval) VALUES('35004','35004','20000101',null,'35008',null,'19600808','993','Zevenaar',null,null,'229',null,null);
INSERT INTO kern.his_persgeboorte (id,pers,tsreg,tsverval,actieinh,actieverval,datgeboorte,gemgeboorte,wplnaamgeboorte,blplaatsgeboorte,blregiogeboorte,landgebiedgeboorte,omslocgeboorte,nadereaandverval) VALUES('35005','35005','20000101',null,'35008',null,'19400101',null,null,'Larashe',null,'125',null,null);
INSERT INTO kern.his_persgeboorte (id,pers,tsreg,tsverval,actieinh,actieverval,datgeboorte,gemgeboorte,wplnaamgeboorte,blplaatsgeboorte,blregiogeboorte,landgebiedgeboorte,omslocgeboorte,nadereaandverval) VALUES('35006','35006','20000101',null,'35008',null,'19390101',null,null,'Larashe',null,'125',null,null);
INSERT INTO kern.his_persgeboorte (id,pers,tsreg,tsverval,actieinh,actieverval,datgeboorte,gemgeboorte,wplnaamgeboorte,blplaatsgeboorte,blregiogeboorte,landgebiedgeboorte,omslocgeboorte,nadereaandverval) VALUES('35007','35007','20000101',null,'35015',null,'19700808','993','Zevenaar',null,null,'229',null,null);
INSERT INTO kern.his_persgeboorte (id,pers,tsreg,tsverval,actieinh,actieverval,datgeboorte,gemgeboorte,wplnaamgeboorte,blplaatsgeboorte,blregiogeboorte,landgebiedgeboorte,omslocgeboorte,nadereaandverval) VALUES('35008','35008','20000101',null,'35015',null,'19400101',null,null,'Larashe',null,'125',null,null);
INSERT INTO kern.his_persgeboorte (id,pers,tsreg,tsverval,actieinh,actieverval,datgeboorte,gemgeboorte,wplnaamgeboorte,blplaatsgeboorte,blregiogeboorte,landgebiedgeboorte,omslocgeboorte,nadereaandverval) VALUES('35009','35009','20000101',null,'35015',null,'19390101',null,null,'Larashe',null,'125',null,null);

commit;


--------------------------------------------------
--- EIND
--- Sheet: (his_persgeboorte)
--- Handler: SheetHandlerImplSimpleInsert
--- Aantal: (9)
--------------------------------------------------
--------------------------------------------------
--- START
--- Sheet: (relatie)
--- Handler: SheetHandlerImplSimpleInsert
--------------------------------------------------

begin;

INSERT INTO kern.relatie (id,srt,dataanv,gemaanv,wplnaamaanv,blplaatsaanv,blregioaanv,landgebiedaanv,omslocaanv,rdneinde,dateinde,gemeinde,wplnaameinde,blplaatseinde,blregioeinde,landgebiedeinde,omsloceinde) VALUES('35001','3',null,null,null,null,null,null,null,null,null,null,null,null,null,null,null);
INSERT INTO kern.relatie (id,srt,dataanv,gemaanv,wplnaamaanv,blplaatsaanv,blregioaanv,landgebiedaanv,omslocaanv,rdneinde,dateinde,gemeinde,wplnaameinde,blplaatseinde,blregioeinde,landgebiedeinde,omsloceinde) VALUES('35002','3',null,null,null,null,null,null,null,null,null,null,null,null,null,null,null);
INSERT INTO kern.relatie (id,srt,dataanv,gemaanv,wplnaamaanv,blplaatsaanv,blregioaanv,landgebiedaanv,omslocaanv,rdneinde,dateinde,gemeinde,wplnaameinde,blplaatseinde,blregioeinde,landgebiedeinde,omsloceinde) VALUES('35003','3',null,null,null,null,null,null,null,null,null,null,null,null,null,null,null);

commit;


--------------------------------------------------
--- EIND
--- Sheet: (relatie)
--- Handler: SheetHandlerImplSimpleInsert
--- Aantal: (3)
--------------------------------------------------
--------------------------------------------------
--- START
--- Sheet: (betr)
--- Handler: SheetHandlerImplSimpleInsert
--------------------------------------------------

begin;

INSERT INTO kern.betr (id,relatie,rol,pers,indouder,indouderheeftgezag,indouderuitwiekindisgeboren) VALUES('35001','35001','1','35001',null,null,null);
INSERT INTO kern.betr (id,relatie,rol,pers,indouder,indouderheeftgezag,indouderuitwiekindisgeboren) VALUES('35002','35001','2','35002','true',null,null);
INSERT INTO kern.betr (id,relatie,rol,pers,indouder,indouderheeftgezag,indouderuitwiekindisgeboren) VALUES('35003','35001','2','35003','true',null,null);
INSERT INTO kern.betr (id,relatie,rol,pers,indouder,indouderheeftgezag,indouderuitwiekindisgeboren) VALUES('35004','35002','1','35004',null,null,null);
INSERT INTO kern.betr (id,relatie,rol,pers,indouder,indouderheeftgezag,indouderuitwiekindisgeboren) VALUES('35005','35002','2','35005','true',null,null);
INSERT INTO kern.betr (id,relatie,rol,pers,indouder,indouderheeftgezag,indouderuitwiekindisgeboren) VALUES('35006','35002','2','35006','true',null,null);
INSERT INTO kern.betr (id,relatie,rol,pers,indouder,indouderheeftgezag,indouderuitwiekindisgeboren) VALUES('35007','35003','1','35007',null,null,null);
INSERT INTO kern.betr (id,relatie,rol,pers,indouder,indouderheeftgezag,indouderuitwiekindisgeboren) VALUES('35008','35003','2','35008','true',null,null);
INSERT INTO kern.betr (id,relatie,rol,pers,indouder,indouderheeftgezag,indouderuitwiekindisgeboren) VALUES('35009','35003','2','35009','true',null,null);

commit;


--------------------------------------------------
--- EIND
--- Sheet: (betr)
--- Handler: SheetHandlerImplSimpleInsert
--- Aantal: (9)
--------------------------------------------------
--------------------------------------------------
--- START
--- Sheet: (His_OuderOuderschap)
--- Handler: SheetHandlerImplSimpleInsert
--------------------------------------------------

begin;

INSERT INTO kern.his_ouderouderschap (id,betr,dataanvgel,dateindegel,tsreg,tsverval,actieinh,actieverval,actieaanpgel,indouder,indouderuitwiekindisgeboren,nadereaandverval) VALUES('35002','35002','19500808',null,'20000101',null,'35001',null,null,'true',null,null);
INSERT INTO kern.his_ouderouderschap (id,betr,dataanvgel,dateindegel,tsreg,tsverval,actieinh,actieverval,actieaanpgel,indouder,indouderuitwiekindisgeboren,nadereaandverval) VALUES('35003','35003','19500808',null,'20000101',null,'35001',null,null,'true',null,null);
INSERT INTO kern.his_ouderouderschap (id,betr,dataanvgel,dateindegel,tsreg,tsverval,actieinh,actieverval,actieaanpgel,indouder,indouderuitwiekindisgeboren,nadereaandverval) VALUES('35004','35005','19600808',null,'20000101',null,'35008',null,null,'true',null,null);
INSERT INTO kern.his_ouderouderschap (id,betr,dataanvgel,dateindegel,tsreg,tsverval,actieinh,actieverval,actieaanpgel,indouder,indouderuitwiekindisgeboren,nadereaandverval) VALUES('35005','35006','19600808',null,'20000101',null,'35008',null,null,'true',null,null);
INSERT INTO kern.his_ouderouderschap (id,betr,dataanvgel,dateindegel,tsreg,tsverval,actieinh,actieverval,actieaanpgel,indouder,indouderuitwiekindisgeboren,nadereaandverval) VALUES('35006','35008','19700808',null,'20000101',null,'35015',null,null,'true',null,null);
INSERT INTO kern.his_ouderouderschap (id,betr,dataanvgel,dateindegel,tsreg,tsverval,actieinh,actieverval,actieaanpgel,indouder,indouderuitwiekindisgeboren,nadereaandverval) VALUES('35007','35009','19700808',null,'20000101',null,'35015',null,null,'true',null,null);

commit;


--------------------------------------------------
--- EIND
--- Sheet: (His_OuderOuderschap)
--- Handler: SheetHandlerImplSimpleInsert
--- Aantal: (6)
--------------------------------------------------
--------------------------------------------------
--- START
--- Sheet: (persindicatie)
--- Handler: SheetHandlerImplSimpleInsert
--------------------------------------------------

begin;

INSERT INTO kern.persindicatie (id,pers,srt,waarde) VALUES('35001','35007','3','true');
INSERT INTO kern.persindicatie (id,pers,srt,waarde) VALUES('35002','35007','2','true');

commit;


--------------------------------------------------
--- EIND
--- Sheet: (persindicatie)
--- Handler: SheetHandlerImplSimpleInsert
--- Aantal: (2)
--------------------------------------------------
--------------------------------------------------
--- START
--- Sheet: (his_persindicatie)
--- Handler: SheetHandlerImplSimpleInsert
--------------------------------------------------

begin;

INSERT INTO kern.his_persindicatie (id,persindicatie,dataanvgel,dateindegel,tsreg,tsverval,actieinh,actieverval,actieaanpgel,waarde,nadereaandverval) VALUES('35001','35001','20120505',null,'20120505',null,'35035',null,null,'true',null);
INSERT INTO kern.his_persindicatie (id,persindicatie,dataanvgel,dateindegel,tsreg,tsverval,actieinh,actieverval,actieaanpgel,waarde,nadereaandverval) VALUES('35002','35002','20130505',null,'20130505','20140505','35036','35037',null,'true',null);
INSERT INTO kern.his_persindicatie (id,persindicatie,dataanvgel,dateindegel,tsreg,tsverval,actieinh,actieverval,actieaanpgel,waarde,nadereaandverval) VALUES('35003','35002','20130505','20140505','20140505',null,'35036',null,'35037','true',null);

commit;


--------------------------------------------------
--- EIND
--- Sheet: (his_persindicatie)
--- Handler: SheetHandlerImplSimpleInsert
--- Aantal: (3)
--------------------------------------------------
--------------------------------------------------
--- START
--- Sheet: (persvoornaam)
--- Handler: SheetHandlerImplSimpleInsert
--------------------------------------------------

begin;

INSERT INTO kern.persvoornaam (naam,id,pers,volgnr) VALUES('Joep','35001','35001','1');
INSERT INTO kern.persvoornaam (naam,id,pers,volgnr) VALUES('Job','35002','35004','1');
INSERT INTO kern.persvoornaam (naam,id,pers,volgnr) VALUES('Jo','35003','35007','1');
INSERT INTO kern.persvoornaam (naam,id,pers,volgnr) VALUES('Ko','35004','35007','2');
INSERT INTO kern.persvoornaam (naam,id,pers,volgnr) VALUES('Mo','35005','35007','3');

commit;


--------------------------------------------------
--- EIND
--- Sheet: (persvoornaam)
--- Handler: SheetHandlerImplSimpleInsert
--- Aantal: (5)
--------------------------------------------------
--------------------------------------------------
--- START
--- Sheet: (his_persvoornaam)
--- Handler: SheetHandlerImplSimpleInsert
--------------------------------------------------

begin;

INSERT INTO kern.his_persvoornaam (id,persvoornaam,dataanvgel,dateindegel,tsreg,tsverval,actieinh,actieverval,nadereaandverval,actieaanpgel,naam) VALUES('35001','35001','19500808',null,'20000101',null,'35001',null,null,null,'Joep');
INSERT INTO kern.his_persvoornaam (id,persvoornaam,dataanvgel,dateindegel,tsreg,tsverval,actieinh,actieverval,nadereaandverval,actieaanpgel,naam) VALUES('35002','35002','19600808',null,'20000101',null,'35008',null,null,null,'Job');
INSERT INTO kern.his_persvoornaam (id,persvoornaam,dataanvgel,dateindegel,tsreg,tsverval,actieinh,actieverval,nadereaandverval,actieaanpgel,naam) VALUES('35003','35003','19700808',null,'20000101',null,'35015',null,null,null,'Jo');
INSERT INTO kern.his_persvoornaam (id,persvoornaam,dataanvgel,dateindegel,tsreg,tsverval,actieinh,actieverval,nadereaandverval,actieaanpgel,naam) VALUES('35004','35004','19700808',null,'20000101',null,'35015',null,null,null,'Ko');
INSERT INTO kern.his_persvoornaam (id,persvoornaam,dataanvgel,dateindegel,tsreg,tsverval,actieinh,actieverval,nadereaandverval,actieaanpgel,naam) VALUES('35005','35005','19700808',null,'20000101','20110505 04:00:00+00','35015','35033',null,null,'Lo');
INSERT INTO kern.his_persvoornaam (id,persvoornaam,dataanvgel,dateindegel,tsreg,tsverval,actieinh,actieverval,nadereaandverval,actieaanpgel,naam) VALUES('35006','35005','19700808','20110505','20110505 04:00:00+00',null,'35015',null,null,'35034','Lo');
INSERT INTO kern.his_persvoornaam (id,persvoornaam,dataanvgel,dateindegel,tsreg,tsverval,actieinh,actieverval,nadereaandverval,actieaanpgel,naam) VALUES('35007','35005','20110505',null,'20110505 08:00:00+00',null,'35034',null,null,null,'Mo');

commit;


--------------------------------------------------
--- EIND
--- Sheet: (his_persvoornaam)
--- Handler: SheetHandlerImplSimpleInsert
--- Aantal: (7)
--------------------------------------------------
--------------------------------------------------
--- START
--- Sheet: (persnation)
--- Handler: SheetHandlerImplSimpleInsert
--------------------------------------------------

begin;

INSERT INTO kern.persnation (rdnverlies,rdnverk,id,pers,nation) VALUES(null,'86','35001','35001','2');
INSERT INTO kern.persnation (rdnverlies,rdnverk,id,pers,nation) VALUES(null,'86','35002','35004','2');
INSERT INTO kern.persnation (rdnverlies,rdnverk,id,pers,nation) VALUES(null,null,'35003','35007','4');
INSERT INTO kern.persnation (rdnverlies,rdnverk,id,pers,nation) VALUES(null,'28','35004','35007','2');

commit;


--------------------------------------------------
--- EIND
--- Sheet: (persnation)
--- Handler: SheetHandlerImplSimpleInsert
--- Aantal: (4)
--------------------------------------------------
--------------------------------------------------
--- START
--- Sheet: (his_persnation)
--- Handler: SheetHandlerImplSimpleInsert
--------------------------------------------------

begin;

INSERT INTO kern.his_persnation (id,persnation,dataanvgel,dateindegel,tsreg,tsverval,actieinh,actieverval,actieaanpgel,rdnverlies,rdnverk,nadereaandverval) VALUES('35001','35001','19500808',null,'20000101',null,'35001',null,null,null,'86',null);
INSERT INTO kern.his_persnation (id,persnation,dataanvgel,dateindegel,tsreg,tsverval,actieinh,actieverval,actieaanpgel,rdnverlies,rdnverk,nadereaandverval) VALUES('35002','35002','19600808',null,'20000101',null,'35008',null,null,null,'86',null);
INSERT INTO kern.his_persnation (id,persnation,dataanvgel,dateindegel,tsreg,tsverval,actieinh,actieverval,actieaanpgel,rdnverlies,rdnverk,nadereaandverval) VALUES('35003','35003','19700808',null,'20000101',null,'35015',null,null,null,null,null);
INSERT INTO kern.his_persnation (id,persnation,dataanvgel,dateindegel,tsreg,tsverval,actieinh,actieverval,actieaanpgel,rdnverlies,rdnverk,nadereaandverval) VALUES('35004','35004','20120930',null,'20120930','20131031','35029','35030',null,null,'28',null);
INSERT INTO kern.his_persnation (id,persnation,dataanvgel,dateindegel,tsreg,tsverval,actieinh,actieverval,actieaanpgel,rdnverlies,rdnverk,nadereaandverval) VALUES('35005','35004','20120930','20131031','20131031',null,'35029',null,'35030',null,'28',null);
INSERT INTO kern.his_persnation (id,persnation,dataanvgel,dateindegel,tsreg,tsverval,actieinh,actieverval,actieaanpgel,rdnverlies,rdnverk,nadereaandverval) VALUES('35006','35004','20131031',null,'20131031','20141103','35030','35031',null,'35',null,null);
INSERT INTO kern.his_persnation (id,persnation,dataanvgel,dateindegel,tsreg,tsverval,actieinh,actieverval,actieaanpgel,rdnverlies,rdnverk,nadereaandverval) VALUES('35007','35004','20131031','20141103','20141103',null,'35030',null,'35031','35',null,null);
INSERT INTO kern.his_persnation (id,persnation,dataanvgel,dateindegel,tsreg,tsverval,actieinh,actieverval,actieaanpgel,rdnverlies,rdnverk,nadereaandverval) VALUES('35008','35004','20141103',null,'20141103',null,'35031',null,null,null,'28',null);

commit;


--------------------------------------------------
--- EIND
--- Sheet: (his_persnation)
--- Handler: SheetHandlerImplSimpleInsert
--- Aantal: (8)
--------------------------------------------------
--------------------------------------------------
--- START
--- Sheet: (his_persinschr)
--- Handler: SheetHandlerImplSimpleInsert
--------------------------------------------------

begin;

INSERT INTO kern.his_persinschr (id,pers,tsreg,tsverval,actieinh,actieverval,datinschr,versienr,nadereaandverval,dattijdstempel) VALUES('35001','35001','20000101',null,'35001',null,'20000101','1',null,'20000101');
INSERT INTO kern.his_persinschr (id,pers,tsreg,tsverval,actieinh,actieverval,datinschr,versienr,nadereaandverval,dattijdstempel) VALUES('35002','35004','20000101',null,'35008',null,'20000101','1',null,'20000101');
INSERT INTO kern.his_persinschr (id,pers,tsreg,tsverval,actieinh,actieverval,datinschr,versienr,nadereaandverval,dattijdstempel) VALUES('35003','35007','20000101',null,'35015',null,'20000101','1',null,'20000101');

commit;


--------------------------------------------------
--- EIND
--- Sheet: (his_persinschr)
--- Handler: SheetHandlerImplSimpleInsert
--- Aantal: (3)
--------------------------------------------------
--------------------------------------------------
--- START
--- Sheet: (-end-)
--- Handler: SheetHandlerImplTimestamp
--------------------------------------------------

begin;

DELETE FROM test.ARTversion;
INSERT INTO test.ARTversion (ID, FullVersion, ReleaseVersion, BuildTimestamp, ExcelTimestamp) VALUES (1, 'TestdataGenerator ${project.version}-r${svnrevision}-b${buildnumber} (${timestamp})','${project.version}','${timestamp}','14-11-2015 20:07:14');

commit;


--------------------------------------------------
--- EIND
--- Sheet: (-end-)
--- Handler: SheetHandlerImplTimestamp
--- Aantal: (1)
--------------------------------------------------
--------------------------------------------------
--- END Generated from: /media/truecrypt1/source/bmr_44/art/art-data/testdata/src/main/resources/brp-testdata/SierraTestdata-VR00093.xls
--------------------------------------------------