
--------------------------------------------------
--- START Generated from: /media/truecrypt1/source/bmr_44/art/art-data/testdata/src/main/resources/brp-testdata/SierraTestdata-DocumentHistorie.xls
--------------------------------------------------

--------------------------------------------------
--- START
--- Sheet: (admhnd)
--- Handler: SheetHandlerImplSimpleInsert
--------------------------------------------------

begin;

INSERT INTO kern.admhnd (id,srt,partij,toelichtingontlening,tsreg,tslev) VALUES('32001','1','993',null,'20000101','20000101');
INSERT INTO kern.admhnd (id,srt,partij,toelichtingontlening,tsreg,tslev) VALUES('32002','30','302',null,'20020202','20020202');
INSERT INTO kern.admhnd (id,srt,partij,toelichtingontlening,tsreg,tslev) VALUES('32003','30','347',null,'20121212','20121212');
INSERT INTO kern.admhnd (id,srt,partij,toelichtingontlening,tsreg,tslev) VALUES('32004','16','993',null,'20130101','20130101');
INSERT INTO kern.admhnd (id,srt,partij,toelichtingontlening,tsreg,tslev) VALUES('32005','33','302',null,'20130202','20130202');
INSERT INTO kern.admhnd (id,srt,partij,toelichtingontlening,tsreg,tslev) VALUES('32006','16','993',null,'20130303','20130303');

commit;


--------------------------------------------------
--- EIND
--- Sheet: (admhnd)
--- Handler: SheetHandlerImplSimpleInsert
--- Aantal: (6)
--------------------------------------------------
--------------------------------------------------
--- START
--- Sheet: (brp_actie)
--- Handler: SheetHandlerImplSimpleInsert
--------------------------------------------------

begin;

INSERT INTO kern.actie (id,srt,admhnd,partij,tsreg) VALUES('32001','1','32001','993','20000101');
INSERT INTO kern.actie (id,srt,admhnd,partij,tsreg) VALUES('32002','18','32002','302','20020202');
INSERT INTO kern.actie (id,srt,admhnd,partij,tsreg) VALUES('32003','18','32003','347','20121212');
INSERT INTO kern.actie (id,srt,admhnd,partij,tsreg) VALUES('32004','15','32004','993','20130101');
INSERT INTO kern.actie (id,srt,admhnd,partij,tsreg) VALUES('32005','19','32005','302','20130202');
INSERT INTO kern.actie (id,srt,admhnd,partij,tsreg) VALUES('32006','15','32006','993','20130303');

commit;


--------------------------------------------------
--- EIND
--- Sheet: (brp_actie)
--- Handler: SheetHandlerImplSimpleInsert
--- Aantal: (6)
--------------------------------------------------
--------------------------------------------------
--- START
--- Sheet: (pers)
--- Handler: SheetHandlerImplSimpleInsert
--------------------------------------------------

begin;

INSERT INTO kern.pers (id,srt,admhnd,datgeboorte,gemgeboorte,wplnaamgeboorte,blplaatsgeboorte,blregiogeboorte,landgebiedgeboorte,omslocgeboorte,datoverlijden,gemoverlijden,wplnaamoverlijden,blplaatsoverlijden,blregiooverlijden,landgebiedoverlijden,omslocoverlijden,naderebijhaard,datinschr,versienr,vorigebsn,volgendebsn,naamgebruik,indnaamgebruikafgeleid,predicaatnaamgebruik,voornamennaamgebruik,voorvoegselnaamgebruik,scheidingstekennaamgebruik,adellijketitelnaamgebruik,geslnaamstamnaamgebruik,gempk,indpkvollediggeconv,aandverblijfsr,srtmigratie,rdnwijzmigratie,aangmigratie,landgebiedmigratie,bladresregel1migratie,bladresregel2migratie,bladresregel3migratie,bladresregel4migratie,bladresregel5migratie,bladresregel6migratie,datmededelingverblijfsr,datvoorzeindeverblijfsr,inddeelneuverkiezingen,dataanlaanpdeelneuverkiezing,datvoorzeindeuitsleuverkiezi,predicaat,voornamen,voorvoegsel,scheidingsteken,adellijketitel,geslnaamstam,indnreeks,indafgeleid,bijhpartij,indonverwdocaanw,geslachtsaand,bsn,anr,tslaatstewijz,induitslkiesr,datvoorzeindeuitslkiesr,bijhaard,indonverwbijhvoorstelnieting,dattijdstempel) VALUES('32001','1','32003','19720718','993','Zevenaar',null,null,'229',null,null,null,null,null,null,null,null,'1','20000101','1',null,null,'1','true',null,'Jaap',null,null,null,'Zoet',null,null,null,null,null,null,null,null,null,null,null,null,null,null,null,null,null,null,null,'Jaap',null,null,null,'Zoet','false','true','347','false','1','320106561','3202394361','20000101',null,null,'1','false',null);
INSERT INTO kern.pers (id,srt,admhnd,datgeboorte,gemgeboorte,wplnaamgeboorte,blplaatsgeboorte,blregiogeboorte,landgebiedgeboorte,omslocgeboorte,datoverlijden,gemoverlijden,wplnaamoverlijden,blplaatsoverlijden,blregiooverlijden,landgebiedoverlijden,omslocoverlijden,naderebijhaard,datinschr,versienr,vorigebsn,volgendebsn,naamgebruik,indnaamgebruikafgeleid,predicaatnaamgebruik,voornamennaamgebruik,voorvoegselnaamgebruik,scheidingstekennaamgebruik,adellijketitelnaamgebruik,geslnaamstamnaamgebruik,gempk,indpkvollediggeconv,aandverblijfsr,srtmigratie,rdnwijzmigratie,aangmigratie,landgebiedmigratie,bladresregel1migratie,bladresregel2migratie,bladresregel3migratie,bladresregel4migratie,bladresregel5migratie,bladresregel6migratie,datmededelingverblijfsr,datvoorzeindeverblijfsr,inddeelneuverkiezingen,dataanlaanpdeelneuverkiezing,datvoorzeindeuitsleuverkiezi,predicaat,voornamen,voorvoegsel,scheidingsteken,adellijketitel,geslnaamstam,indnreeks,indafgeleid,bijhpartij,indonverwdocaanw,geslachtsaand,bsn,anr,tslaatstewijz,induitslkiesr,datvoorzeindeuitslkiesr,bijhaard,indonverwbijhvoorstelnieting,dattijdstempel) VALUES('32002','2','32001','19420102',null,null,'Larashe',null,'125',null,null,null,null,null,null,null,null,null,null,null,null,null,null,null,null,'Riet',null,null,null,'Zout',null,null,null,null,null,null,null,null,null,null,null,null,null,null,null,null,null,null,null,'Riet',null,null,null,'Zout','false','true',null,null,'2',null,null,null,null,null,null,null,null);
INSERT INTO kern.pers (id,srt,admhnd,datgeboorte,gemgeboorte,wplnaamgeboorte,blplaatsgeboorte,blregiogeboorte,landgebiedgeboorte,omslocgeboorte,datoverlijden,gemoverlijden,wplnaamoverlijden,blplaatsoverlijden,blregiooverlijden,landgebiedoverlijden,omslocoverlijden,naderebijhaard,datinschr,versienr,vorigebsn,volgendebsn,naamgebruik,indnaamgebruikafgeleid,predicaatnaamgebruik,voornamennaamgebruik,voorvoegselnaamgebruik,scheidingstekennaamgebruik,adellijketitelnaamgebruik,geslnaamstamnaamgebruik,gempk,indpkvollediggeconv,aandverblijfsr,srtmigratie,rdnwijzmigratie,aangmigratie,landgebiedmigratie,bladresregel1migratie,bladresregel2migratie,bladresregel3migratie,bladresregel4migratie,bladresregel5migratie,bladresregel6migratie,datmededelingverblijfsr,datvoorzeindeverblijfsr,inddeelneuverkiezingen,dataanlaanpdeelneuverkiezing,datvoorzeindeuitsleuverkiezi,predicaat,voornamen,voorvoegsel,scheidingsteken,adellijketitel,geslnaamstam,indnreeks,indafgeleid,bijhpartij,indonverwdocaanw,geslachtsaand,bsn,anr,tslaatstewijz,induitslkiesr,datvoorzeindeuitslkiesr,bijhaard,indonverwbijhvoorstelnieting,dattijdstempel) VALUES('32003','2','32001','19410102',null,null,'Larashe',null,'125',null,null,null,null,null,null,null,null,null,null,null,null,null,null,null,null,'Kees',null,null,null,'Zoet',null,null,null,null,null,null,null,null,null,null,null,null,null,null,null,null,null,null,null,'Kees',null,null,null,'Zoet','false','true',null,null,'1',null,null,null,null,null,null,null,null);

commit;


--------------------------------------------------
--- EIND
--- Sheet: (pers)
--- Handler: SheetHandlerImplSimpleInsert
--- Aantal: (3)
--------------------------------------------------
--------------------------------------------------
--- START
--- Sheet: (doc)
--- Handler: SheetHandlerImplSimpleInsert
--------------------------------------------------

begin;

INSERT INTO kern.doc (id,srt,ident,aktenr,oms,partij) VALUES('32001','1','32001','32001','Correctie omschrijving doc','993');
INSERT INTO kern.doc (id,srt,ident,aktenr,oms,partij) VALUES('32002','39','32002','32012','doc Registratie adres','302');
INSERT INTO kern.doc (id,srt,ident,aktenr,oms,partij) VALUES('32003','39','32003','32003','doc Registratie nieuw adres','347');

commit;


--------------------------------------------------
--- EIND
--- Sheet: (doc)
--- Handler: SheetHandlerImplSimpleInsert
--- Aantal: (3)
--------------------------------------------------
--------------------------------------------------
--- START
--- Sheet: (his_doc)
--- Handler: SheetHandlerImplSimpleInsert
--------------------------------------------------

begin;

INSERT INTO kern.his_doc (id,doc,tsreg,tsverval,nadereaandverval,actieinh,actieverval,ident,aktenr,oms,partij) VALUES('32001','32001','20000101','20130101',null,'32001','32004','32001','32001','Doc eerste inschrijving pers','993');
INSERT INTO kern.his_doc (id,doc,tsreg,tsverval,nadereaandverval,actieinh,actieverval,ident,aktenr,oms,partij) VALUES('32002','32002','20020202','20130202',null,'32002','32005','32002','32002','doc Registratie adres','302');
INSERT INTO kern.his_doc (id,doc,tsreg,tsverval,nadereaandverval,actieinh,actieverval,ident,aktenr,oms,partij) VALUES('32003','32003','20121212',null,null,'32003',null,'32003','32003','doc Registratie nieuw adres','347');
INSERT INTO kern.his_doc (id,doc,tsreg,tsverval,nadereaandverval,actieinh,actieverval,ident,aktenr,oms,partij) VALUES('32004','32001','20130101','20130303',null,'32004','32006','32001','32001','Correctie omschrijving doc','993');
INSERT INTO kern.his_doc (id,doc,tsreg,tsverval,nadereaandverval,actieinh,actieverval,ident,aktenr,oms,partij) VALUES('32005','32002','20130202',null,null,'32005',null,'32002','32012','doc Registratie adres','302');
INSERT INTO kern.his_doc (id,doc,tsreg,tsverval,nadereaandverval,actieinh,actieverval,ident,aktenr,oms,partij) VALUES('32006','32001','20130303',null,null,'32006',null,'32003','32111','Tweede correctie op omschrijving','993');

commit;


--------------------------------------------------
--- EIND
--- Sheet: (his_doc)
--- Handler: SheetHandlerImplSimpleInsert
--- Aantal: (6)
--------------------------------------------------
--------------------------------------------------
--- START
--- Sheet: (his_persafgeleidadministrati)
--- Handler: SheetHandlerImplSimpleInsert
--------------------------------------------------

begin;

INSERT INTO kern.his_persafgeleidadministrati (id,pers,tsreg,tsverval,actieinh,actieverval,nadereaandverval,admhnd,tslaatstewijz,sorteervolgorde,indonverwbijhvoorstelnieting,tslaatstewijzgbasystematiek) VALUES('32001','32001','20000101','20020202','32001','32002',null,'32001','20020202','1','FALSE',null);
INSERT INTO kern.his_persafgeleidadministrati (id,pers,tsreg,tsverval,actieinh,actieverval,nadereaandverval,admhnd,tslaatstewijz,sorteervolgorde,indonverwbijhvoorstelnieting,tslaatstewijzgbasystematiek) VALUES('32002','32001','20020202','20121212','32002','32003',null,'32002','20121212','1','FALSE',null);
INSERT INTO kern.his_persafgeleidadministrati (id,pers,tsreg,tsverval,actieinh,actieverval,nadereaandverval,admhnd,tslaatstewijz,sorteervolgorde,indonverwbijhvoorstelnieting,tslaatstewijzgbasystematiek) VALUES('32003','32001','20121212','20130101','32003','32004',null,'32003','20130101','1','FALSE',null);
INSERT INTO kern.his_persafgeleidadministrati (id,pers,tsreg,tsverval,actieinh,actieverval,nadereaandverval,admhnd,tslaatstewijz,sorteervolgorde,indonverwbijhvoorstelnieting,tslaatstewijzgbasystematiek) VALUES('32004','32001','20130101','20130202','32004','32005',null,'32004','20130202','1','FALSE',null);
INSERT INTO kern.his_persafgeleidadministrati (id,pers,tsreg,tsverval,actieinh,actieverval,nadereaandverval,admhnd,tslaatstewijz,sorteervolgorde,indonverwbijhvoorstelnieting,tslaatstewijzgbasystematiek) VALUES('32005','32001','20130202','20130303','32005','32006',null,'32005','20130303','1','FALSE',null);
INSERT INTO kern.his_persafgeleidadministrati (id,pers,tsreg,tsverval,actieinh,actieverval,nadereaandverval,admhnd,tslaatstewijz,sorteervolgorde,indonverwbijhvoorstelnieting,tslaatstewijzgbasystematiek) VALUES('32006','32001','20130303',null,'32006',null,null,'32006','20130303','1','FALSE',null);

commit;


--------------------------------------------------
--- EIND
--- Sheet: (his_persafgeleidadministrati)
--- Handler: SheetHandlerImplSimpleInsert
--- Aantal: (6)
--------------------------------------------------
--------------------------------------------------
--- START
--- Sheet: (his_persids)
--- Handler: SheetHandlerImplSimpleInsert
--------------------------------------------------

begin;

INSERT INTO kern.his_persids (id,pers,dataanvgel,tsreg,actieinh,anr,bsn,nadereaandverval) VALUES('32001','32001','20000101','20000101','32001','3202394361','320106561',null);

commit;


--------------------------------------------------
--- EIND
--- Sheet: (his_persids)
--- Handler: SheetHandlerImplSimpleInsert
--- Aantal: (1)
--------------------------------------------------
--------------------------------------------------
--- START
--- Sheet: (his_persgeslachtsaand)
--- Handler: SheetHandlerImplSimpleInsert
--------------------------------------------------

begin;

INSERT INTO kern.his_persgeslachtsaand (id,pers,dataanvgel,dateindegel,tsreg,tsverval,actieinh,actieverval,actieaanpgel,geslachtsaand,nadereaandverval) VALUES('32001','32001','19720718',null,'20000101',null,'32001',null,null,'1',null);
INSERT INTO kern.his_persgeslachtsaand (id,pers,dataanvgel,dateindegel,tsreg,tsverval,actieinh,actieverval,actieaanpgel,geslachtsaand,nadereaandverval) VALUES('32002','32002','19420102',null,'20000101',null,'32001',null,null,'2',null);
INSERT INTO kern.his_persgeslachtsaand (id,pers,dataanvgel,dateindegel,tsreg,tsverval,actieinh,actieverval,actieaanpgel,geslachtsaand,nadereaandverval) VALUES('32003','32003','19410102',null,'20000101',null,'32001',null,null,'1',null);

commit;


--------------------------------------------------
--- EIND
--- Sheet: (his_persgeslachtsaand)
--- Handler: SheetHandlerImplSimpleInsert
--- Aantal: (3)
--------------------------------------------------
--------------------------------------------------
--- START
--- Sheet: (persgeslnaamcomp)
--- Handler: SheetHandlerImplSimpleInsert
--------------------------------------------------

begin;

INSERT INTO kern.persgeslnaamcomp (id,pers,voorvoegsel,scheidingsteken,stam,predicaat,adellijketitel,volgnr) VALUES('32001','32001',null,null,'Zoet',null,null,'1');

commit;


--------------------------------------------------
--- EIND
--- Sheet: (persgeslnaamcomp)
--- Handler: SheetHandlerImplSimpleInsert
--- Aantal: (1)
--------------------------------------------------
--------------------------------------------------
--- START
--- Sheet: (his_persgeslnaamcomp)
--- Handler: SheetHandlerImplSimpleInsert
--------------------------------------------------

begin;

INSERT INTO kern.his_persgeslnaamcomp (id,persgeslnaamcomp,dataanvgel,dateindegel,tsreg,tsverval,actieinh,actieverval,actieaanpgel,voorvoegsel,scheidingsteken,stam,predicaat,adellijketitel,nadereaandverval) VALUES('32001','32001','19720718',null,'20000101',null,'32001',null,null,null,null,'Zoet',null,null,null);

commit;


--------------------------------------------------
--- EIND
--- Sheet: (his_persgeslnaamcomp)
--- Handler: SheetHandlerImplSimpleInsert
--- Aantal: (1)
--------------------------------------------------
--------------------------------------------------
--- START
--- Sheet: (his_perssamengesteldenaam)
--- Handler: SheetHandlerImplSimpleInsert
--------------------------------------------------

begin;

INSERT INTO kern.his_perssamengesteldenaam (id,pers,dataanvgel,dateindegel,tsreg,tsverval,actieinh,actieverval,actieaanpgel,predicaat,voornamen,voorvoegsel,scheidingsteken,adellijketitel,geslnaamstam,indnreeks,indafgeleid,nadereaandverval) VALUES('32001','32001','19720718',null,'20000101',null,'32001',null,null,null,'Jaap',null,null,null,'Zoet','false','true',null);
INSERT INTO kern.his_perssamengesteldenaam (id,pers,dataanvgel,dateindegel,tsreg,tsverval,actieinh,actieverval,actieaanpgel,predicaat,voornamen,voorvoegsel,scheidingsteken,adellijketitel,geslnaamstam,indnreeks,indafgeleid,nadereaandverval) VALUES('32002','32002','19420102',null,'20000101',null,'32001',null,null,null,'Riet',null,null,null,'Zout','false','true',null);
INSERT INTO kern.his_perssamengesteldenaam (id,pers,dataanvgel,dateindegel,tsreg,tsverval,actieinh,actieverval,actieaanpgel,predicaat,voornamen,voorvoegsel,scheidingsteken,adellijketitel,geslnaamstam,indnreeks,indafgeleid,nadereaandverval) VALUES('32003','32003','19410102',null,'20000101',null,'32001',null,null,null,'Kees',null,null,null,'Zoet','false','true',null);

commit;


--------------------------------------------------
--- EIND
--- Sheet: (his_perssamengesteldenaam)
--- Handler: SheetHandlerImplSimpleInsert
--- Aantal: (3)
--------------------------------------------------
--------------------------------------------------
--- START
--- Sheet: (his_persnaamgebruik)
--- Handler: SheetHandlerImplSimpleInsert
--------------------------------------------------

begin;

INSERT INTO kern.his_persnaamgebruik (id,pers,tsreg,tsverval,actieinh,actieverval,naamgebruik,indnaamgebruikafgeleid,predicaatnaamgebruik,voornamennaamgebruik,voorvoegselnaamgebruik,scheidingstekennaamgebruik,adellijketitelnaamgebruik,geslnaamstamnaamgebruik,nadereaandverval) VALUES('32001','32001','20000101',null,'32001',null,'1','true',null,'Jaap',null,null,null,'Zoet',null);

commit;


--------------------------------------------------
--- EIND
--- Sheet: (his_persnaamgebruik)
--- Handler: SheetHandlerImplSimpleInsert
--- Aantal: (1)
--------------------------------------------------
--------------------------------------------------
--- START
--- Sheet: (his_persgeboorte)
--- Handler: SheetHandlerImplSimpleInsert
--------------------------------------------------

begin;

INSERT INTO kern.his_persgeboorte (id,pers,tsreg,tsverval,actieinh,actieverval,datgeboorte,gemgeboorte,wplnaamgeboorte,blplaatsgeboorte,blregiogeboorte,landgebiedgeboorte,omslocgeboorte,nadereaandverval) VALUES('32001','32001','20000101',null,'32001',null,'19720718','993','Zevenaar',null,null,'229',null,null);
INSERT INTO kern.his_persgeboorte (id,pers,tsreg,tsverval,actieinh,actieverval,datgeboorte,gemgeboorte,wplnaamgeboorte,blplaatsgeboorte,blregiogeboorte,landgebiedgeboorte,omslocgeboorte,nadereaandverval) VALUES('32002','32002','20000101',null,'32001',null,'19420102',null,null,'Larashe',null,'125',null,null);
INSERT INTO kern.his_persgeboorte (id,pers,tsreg,tsverval,actieinh,actieverval,datgeboorte,gemgeboorte,wplnaamgeboorte,blplaatsgeboorte,blregiogeboorte,landgebiedgeboorte,omslocgeboorte,nadereaandverval) VALUES('32003','32003','20000101',null,'32001',null,'19410102',null,null,'Larashe',null,'125',null,null);

commit;


--------------------------------------------------
--- EIND
--- Sheet: (his_persgeboorte)
--- Handler: SheetHandlerImplSimpleInsert
--- Aantal: (3)
--------------------------------------------------
--------------------------------------------------
--- START
--- Sheet: (persadres)
--- Handler: SheetHandlerImplSimpleInsert
--------------------------------------------------

begin;

INSERT INTO kern.persadres (id,pers,srt,rdnwijz,aangadresh,dataanvadresh,identcodeadresseerbaarobject,identcodenraand,gem,nor,afgekortenor,gemdeel,huisnr,huisletter,huisnrtoevoeging,postcode,wplnaam,loctenopzichtevanadres,locoms,bladresregel1,bladresregel2,bladresregel3,bladresregel4,bladresregel5,bladresregel6,landgebied,indpersaangetroffenopadres) VALUES('32001','32001','1','2',null,'20121212',null,null,'347','Vredenburg','Vredenburg','Noord','3','F','II','3511BA','Utrecht','by',null,null,null,null,null,null,null,'229',null);

commit;


--------------------------------------------------
--- EIND
--- Sheet: (persadres)
--- Handler: SheetHandlerImplSimpleInsert
--- Aantal: (1)
--------------------------------------------------
--------------------------------------------------
--- START
--- Sheet: (his_persadres)
--- Handler: SheetHandlerImplSimpleInsert
--------------------------------------------------

begin;

INSERT INTO kern.his_persadres (id,persadres,dataanvgel,dateindegel,tsreg,tsverval,actieinh,actieverval,actieaanpgel,srt,rdnwijz,aangadresh,dataanvadresh,identcodeadresseerbaarobject,identcodenraand,gem,nor,afgekortenor,gemdeel,huisnr,huisletter,huisnrtoevoeging,postcode,wplnaam,loctenopzichtevanadres,locoms,bladresregel1,bladresregel2,bladresregel3,bladresregel4,bladresregel5,bladresregel6,landgebied,indpersaangetroffenopadres,nadereaandverval) VALUES('32001','32001','20000101',null,'20000101','20020202','32001','32002',null,'1','2',null,'20000101',null,null,'993','Reijmerstokkerdorpsstraat','dorpsstraat',null,'108',null,null,'6274NH',null,null,null,null,null,null,null,null,null,'229',null,null);
INSERT INTO kern.his_persadres (id,persadres,dataanvgel,dateindegel,tsreg,tsverval,actieinh,actieverval,actieaanpgel,srt,rdnwijz,aangadresh,dataanvadresh,identcodeadresseerbaarobject,identcodenraand,gem,nor,afgekortenor,gemdeel,huisnr,huisletter,huisnrtoevoeging,postcode,wplnaam,loctenopzichtevanadres,locoms,bladresregel1,bladresregel2,bladresregel3,bladresregel4,bladresregel5,bladresregel6,landgebied,indpersaangetroffenopadres,nadereaandverval) VALUES('32002','32001','20000101','20020202','20020202',null,'32001',null,'32002','1','2',null,'20000101',null,null,'993','Reijmerstokkerdorpsstraat','dorpsstraat',null,'108',null,null,'6274NH',null,null,null,null,null,null,null,null,null,'229',null,null);
INSERT INTO kern.his_persadres (id,persadres,dataanvgel,dateindegel,tsreg,tsverval,actieinh,actieverval,actieaanpgel,srt,rdnwijz,aangadresh,dataanvadresh,identcodeadresseerbaarobject,identcodenraand,gem,nor,afgekortenor,gemdeel,huisnr,huisletter,huisnrtoevoeging,postcode,wplnaam,loctenopzichtevanadres,locoms,bladresregel1,bladresregel2,bladresregel3,bladresregel4,bladresregel5,bladresregel6,landgebied,indpersaangetroffenopadres,nadereaandverval) VALUES('32003','32001','20020202',null,'20020202','20121212','32002','32003',null,'1','1','3','20020202',null,null,'302','Zonegge','Zonegge',null,'1',null,null,'6901KT',null,null,null,null,null,null,null,null,null,'229',null,null);
INSERT INTO kern.his_persadres (id,persadres,dataanvgel,dateindegel,tsreg,tsverval,actieinh,actieverval,actieaanpgel,srt,rdnwijz,aangadresh,dataanvadresh,identcodeadresseerbaarobject,identcodenraand,gem,nor,afgekortenor,gemdeel,huisnr,huisletter,huisnrtoevoeging,postcode,wplnaam,loctenopzichtevanadres,locoms,bladresregel1,bladresregel2,bladresregel3,bladresregel4,bladresregel5,bladresregel6,landgebied,indpersaangetroffenopadres,nadereaandverval) VALUES('32004','32001','20020202','20121212','20121212',null,'32002',null,'32003','1','1','3','20020202',null,null,'302','Zonegge','Zonegge',null,'1',null,null,'6901KT',null,null,null,null,null,null,null,null,null,'229',null,null);
INSERT INTO kern.his_persadres (id,persadres,dataanvgel,dateindegel,tsreg,tsverval,actieinh,actieverval,actieaanpgel,srt,rdnwijz,aangadresh,dataanvadresh,identcodeadresseerbaarobject,identcodenraand,gem,nor,afgekortenor,gemdeel,huisnr,huisletter,huisnrtoevoeging,postcode,wplnaam,loctenopzichtevanadres,locoms,bladresregel1,bladresregel2,bladresregel3,bladresregel4,bladresregel5,bladresregel6,landgebied,indpersaangetroffenopadres,nadereaandverval) VALUES('32005','32001','20121212',null,'20121212',null,'32003',null,null,'1','1','3','20121212','0347012012121231','0347202012121231','347','Vredenburg','Vredenburg','Noord','3','F','II','3511BA','Utrecht','by',null,null,null,null,null,null,null,'229',null,null);

commit;


--------------------------------------------------
--- EIND
--- Sheet: (his_persadres)
--- Handler: SheetHandlerImplSimpleInsert
--- Aantal: (5)
--------------------------------------------------
--------------------------------------------------
--- START
--- Sheet: (relatie)
--- Handler: SheetHandlerImplSimpleInsert
--------------------------------------------------

begin;

INSERT INTO kern.relatie (id,srt,dataanv,gemaanv,wplnaamaanv,blplaatsaanv,blregioaanv,landgebiedaanv,omslocaanv,rdneinde,dateinde,gemeinde,wplnaameinde,blplaatseinde,blregioeinde,landgebiedeinde,omsloceinde) VALUES('32001','3',null,null,null,null,null,null,null,null,null,null,null,null,null,null,null);

commit;


--------------------------------------------------
--- EIND
--- Sheet: (relatie)
--- Handler: SheetHandlerImplSimpleInsert
--- Aantal: (1)
--------------------------------------------------
--------------------------------------------------
--- START
--- Sheet: (betr)
--- Handler: SheetHandlerImplSimpleInsert
--------------------------------------------------

begin;

INSERT INTO kern.betr (id,relatie,rol,pers,indouder,indouderheeftgezag,indouderuitwiekindisgeboren) VALUES('32001','32001','1','32001',null,null,null);
INSERT INTO kern.betr (id,relatie,rol,pers,indouder,indouderheeftgezag,indouderuitwiekindisgeboren) VALUES('32002','32001','2','32002','true',null,null);
INSERT INTO kern.betr (id,relatie,rol,pers,indouder,indouderheeftgezag,indouderuitwiekindisgeboren) VALUES('32003','32001','2','32003','true',null,null);

commit;


--------------------------------------------------
--- EIND
--- Sheet: (betr)
--- Handler: SheetHandlerImplSimpleInsert
--- Aantal: (3)
--------------------------------------------------

--------------------------------------------------
--- START
--- Sheet: (His_OuderOuderschap)
--- Handler: SheetHandlerImplSimpleInsert
--------------------------------------------------

begin;

INSERT INTO kern.his_ouderouderschap (id,betr,dataanvgel,dateindegel,tsreg,tsverval,actieinh,actieverval,actieaanpgel,indouder,indouderuitwiekindisgeboren,nadereaandverval) VALUES('32002','32002','19420102',null,'20000101',null,'32001',null,null,'true',null,null);
INSERT INTO kern.his_ouderouderschap (id,betr,dataanvgel,dateindegel,tsreg,tsverval,actieinh,actieverval,actieaanpgel,indouder,indouderuitwiekindisgeboren,nadereaandverval) VALUES('32003','32003','19410102',null,'20000101',null,'32001',null,null,'true',null,null);

commit;


--------------------------------------------------
--- EIND
--- Sheet: (His_OuderOuderschap)
--- Handler: SheetHandlerImplSimpleInsert
--- Aantal: (2)
--------------------------------------------------

--------------------------------------------------
--- START
--- Sheet: (persvoornaam)
--- Handler: SheetHandlerImplSimpleInsert
--------------------------------------------------

begin;

INSERT INTO kern.persvoornaam (naam,id,pers,volgnr) VALUES('Jaap','32001','32001','1');

commit;


--------------------------------------------------
--- EIND
--- Sheet: (persvoornaam)
--- Handler: SheetHandlerImplSimpleInsert
--- Aantal: (1)
--------------------------------------------------
--------------------------------------------------
--- START
--- Sheet: (his_persvoornaam)
--- Handler: SheetHandlerImplSimpleInsert
--------------------------------------------------

begin;

INSERT INTO kern.his_persvoornaam (id,persvoornaam,dataanvgel,dateindegel,tsreg,tsverval,actieinh,actieverval,nadereaandverval,actieaanpgel,naam) VALUES('32001','32001','19720718',null,'20000101',null,'32001',null,null,null,'Jaap');

commit;


--------------------------------------------------
--- EIND
--- Sheet: (his_persvoornaam)
--- Handler: SheetHandlerImplSimpleInsert
--- Aantal: (1)
--------------------------------------------------
--------------------------------------------------
--- START
--- Sheet: (persnation)
--- Handler: SheetHandlerImplSimpleInsert
--------------------------------------------------

begin;

INSERT INTO kern.persnation (rdnverlies,rdnverk,id,pers,nation) VALUES(null,'86','32001','32001','2');

commit;


--------------------------------------------------
--- EIND
--- Sheet: (persnation)
--- Handler: SheetHandlerImplSimpleInsert
--- Aantal: (1)
--------------------------------------------------
--------------------------------------------------
--- START
--- Sheet: (his_persnation)
--- Handler: SheetHandlerImplSimpleInsert
--------------------------------------------------

begin;

INSERT INTO kern.his_persnation (id,persnation,dataanvgel,dateindegel,tsreg,tsverval,actieinh,actieverval,actieaanpgel,rdnverlies,rdnverk,nadereaandverval) VALUES('32001','32001','20000101',null,'20000101',null,'32001',null,null,null,'86',null);

commit;


--------------------------------------------------
--- EIND
--- Sheet: (his_persnation)
--- Handler: SheetHandlerImplSimpleInsert
--- Aantal: (1)
--------------------------------------------------
--------------------------------------------------
--- START
--- Sheet: (his_persinschr)
--- Handler: SheetHandlerImplSimpleInsert
--------------------------------------------------

begin;

INSERT INTO kern.his_persinschr (id,pers,tsreg,tsverval,actieinh,actieverval,datinschr,versienr,nadereaandverval,dattijdstempel) VALUES('32001','32001','20000101',null,'32001',null,'20000101','1',null,'20000101');

commit;


--------------------------------------------------
--- EIND
--- Sheet: (his_persinschr)
--- Handler: SheetHandlerImplSimpleInsert
--- Aantal: (1)
--------------------------------------------------
--------------------------------------------------
--- START
--- Sheet: (his_persbijhouding)
--- Handler: SheetHandlerImplSimpleInsert
--------------------------------------------------

begin;

INSERT INTO kern.his_persbijhouding (id,pers,dataanvgel,dateindegel,tsreg,tsverval,actieinh,actieverval,nadereaandverval,actieaanpgel,bijhpartij,bijhaard,naderebijhaard,indonverwdocaanw) VALUES('32001','32001','20000101',null,'20000101','20020202','32001','32002',null,null,'993','1','1','false');
INSERT INTO kern.his_persbijhouding (id,pers,dataanvgel,dateindegel,tsreg,tsverval,actieinh,actieverval,nadereaandverval,actieaanpgel,bijhpartij,bijhaard,naderebijhaard,indonverwdocaanw) VALUES('32002','32001','20000101','20020202','20020202',null,'32001',null,null,'32002','993','1','1','false');
INSERT INTO kern.his_persbijhouding (id,pers,dataanvgel,dateindegel,tsreg,tsverval,actieinh,actieverval,nadereaandverval,actieaanpgel,bijhpartij,bijhaard,naderebijhaard,indonverwdocaanw) VALUES('32003','32001','20020202',null,'20020202','20121212','32002','32003',null,null,'302','1','1','false');
INSERT INTO kern.his_persbijhouding (id,pers,dataanvgel,dateindegel,tsreg,tsverval,actieinh,actieverval,nadereaandverval,actieaanpgel,bijhpartij,bijhaard,naderebijhaard,indonverwdocaanw) VALUES('32004','32001','20020202','20121212','20121212',null,'32002',null,null,'32002','302','1','1','false');
INSERT INTO kern.his_persbijhouding (id,pers,dataanvgel,dateindegel,tsreg,tsverval,actieinh,actieverval,nadereaandverval,actieaanpgel,bijhpartij,bijhaard,naderebijhaard,indonverwdocaanw) VALUES('32005','32001','20121212',null,'20121212',null,'32003',null,null,null,'347','1','1','false');

commit;


--------------------------------------------------
--- EIND
--- Sheet: (his_persbijhouding)
--- Handler: SheetHandlerImplSimpleInsert
--- Aantal: (8)
--------------------------------------------------
--------------------------------------------------
--- START
--- Sheet: (his_persmigratie)
--- Handler: SheetHandlerImplSimpleInsert
--------------------------------------------------

begin;


commit;


--------------------------------------------------
--- EIND
--- Sheet: (his_persmigratie)
--- Handler: SheetHandlerImplSimpleInsert
--- Aantal: (44)
--------------------------------------------------
--------------------------------------------------
--- START
--- Sheet: (-end-)
--- Handler: SheetHandlerImplTimestamp
--------------------------------------------------

begin;

DELETE FROM test.ARTversion;
INSERT INTO test.ARTversion (ID, FullVersion, ReleaseVersion, BuildTimestamp, ExcelTimestamp) VALUES (1, 'TestdataGenerator ${project.version}-r${svnrevision}-b${buildnumber} (${timestamp})','${project.version}','${timestamp}','07-10-2015 15:50:59');

commit;


--------------------------------------------------
--- EIND
--- Sheet: (-end-)
--- Handler: SheetHandlerImplTimestamp
--- Aantal: (1)
--------------------------------------------------
--------------------------------------------------
--- END Generated from: /media/truecrypt1/source/bmr_44/art/art-data/testdata/src/main/resources/brp-testdata/SierraTestdata-DocumentHistorie.xls
--------------------------------------------------