
--------------------------------------------------
--- START Generated from: /media/truecrypt1/source/bmr_44/art/art-data/testdata/src/main/resources/brp-testdata/SierraTestdata-KUC091-OVERLIJDEN-Buitenland.xls
--------------------------------------------------

--------------------------------------------------
--- START
--- Sheet: (pers)
--- Handler: SheetHandlerImplSimpleInsert
--------------------------------------------------

begin;

INSERT INTO kern.pers (id,srt,tslaatstewijz,datgeboorte,gemgeboorte,wplnaamgeboorte,blplaatsgeboorte,blregiogeboorte,landgebiedgeboorte,omslocgeboorte,datoverlijden,gemoverlijden,wplnaamoverlijden,blplaatsoverlijden,blregiooverlijden,landgebiedoverlijden,omslocoverlijden,naderebijhaard,datinschr,versienr,vorigebsn,volgendebsn,naamgebruik,indnaamgebruikafgeleid,predicaatnaamgebruik,voornamennaamgebruik,voorvoegselnaamgebruik,scheidingstekennaamgebruik,adellijketitelnaamgebruik,geslnaamstamnaamgebruik,gempk,indpkvollediggeconv,srtmigratie,rdnwijzmigratie,aangmigratie,landgebiedmigratie,bladresregel1migratie,bladresregel2migratie,bladresregel3migratie,bladresregel4migratie,bladresregel5migratie,bladresregel6migratie,aandverblijfsr,datmededelingverblijfsr,datvoorzeindeverblijfsr,inddeelneuverkiezingen,dataanlaanpdeelneuverkiezing,datvoorzeindeuitsleuverkiezi,predicaat,voornamen,voorvoegsel,scheidingsteken,adellijketitel,geslnaamstam,indnreeks,indafgeleid,bijhpartij,indonverwdocaanw,geslachtsaand,bsn,anr,induitslkiesr,datvoorzeindeuitslkiesr,bijhaard,indonverwbijhvoorstelnieting,dattijdstempel) VALUES('17001','1','19811002','19811002','522','Honselersdijk',null,null,'229','omschrijving geboorte locatie Cees',null,null,null,null,null,null,null,'1','19811002','1',null,null,'1','true',null,'Cees',null,'-',null,'Vlag',null,null,null,null,null,null,null,null,null,null,null,null,null,null,null,null,null,null,null,'Cees',null,'-',null,'Vlag','false','true','347','false','1','700271478','7103065470',null,null,'1','false','19811002');
INSERT INTO kern.pers (id,srt,tslaatstewijz,datgeboorte,gemgeboorte,wplnaamgeboorte,blplaatsgeboorte,blregiogeboorte,landgebiedgeboorte,omslocgeboorte,datoverlijden,gemoverlijden,wplnaamoverlijden,blplaatsoverlijden,blregiooverlijden,landgebiedoverlijden,omslocoverlijden,naderebijhaard,datinschr,versienr,vorigebsn,volgendebsn,naamgebruik,indnaamgebruikafgeleid,predicaatnaamgebruik,voornamennaamgebruik,voorvoegselnaamgebruik,scheidingstekennaamgebruik,adellijketitelnaamgebruik,geslnaamstamnaamgebruik,gempk,indpkvollediggeconv,srtmigratie,rdnwijzmigratie,aangmigratie,landgebiedmigratie,bladresregel1migratie,bladresregel2migratie,bladresregel3migratie,bladresregel4migratie,bladresregel5migratie,bladresregel6migratie,aandverblijfsr,datmededelingverblijfsr,datvoorzeindeverblijfsr,inddeelneuverkiezingen,dataanlaanpdeelneuverkiezing,datvoorzeindeuitsleuverkiezi,predicaat,voornamen,voorvoegsel,scheidingsteken,adellijketitel,geslnaamstam,indnreeks,indafgeleid,bijhpartij,indonverwdocaanw,geslachtsaand,bsn,anr,induitslkiesr,datvoorzeindeuitslkiesr,bijhaard,indonverwbijhvoorstelnieting,dattijdstempel) VALUES('17002','1','19820528','19820528','522','Honselersdijk',null,null,'229',null,null,null,null,null,null,null,null,'1','19820528','1',null,null,'1','true',null,'Paula','de',null,null,'Prins',null,null,null,null,null,null,null,null,null,null,null,null,null,null,null,null,null,null,null,'Paula','de',null,null,'Prins','false','true','347','false','2','700280212','7108052019',null,null,'1','false','19820528');
INSERT INTO kern.pers (id,srt,tslaatstewijz,datgeboorte,gemgeboorte,wplnaamgeboorte,blplaatsgeboorte,blregiogeboorte,landgebiedgeboorte,omslocgeboorte,datoverlijden,gemoverlijden,wplnaamoverlijden,blplaatsoverlijden,blregiooverlijden,landgebiedoverlijden,omslocoverlijden,naderebijhaard,datinschr,versienr,vorigebsn,volgendebsn,naamgebruik,indnaamgebruikafgeleid,predicaatnaamgebruik,voornamennaamgebruik,voorvoegselnaamgebruik,scheidingstekennaamgebruik,adellijketitelnaamgebruik,geslnaamstamnaamgebruik,gempk,indpkvollediggeconv,srtmigratie,rdnwijzmigratie,aangmigratie,landgebiedmigratie,bladresregel1migratie,bladresregel2migratie,bladresregel3migratie,bladresregel4migratie,bladresregel5migratie,bladresregel6migratie,aandverblijfsr,datmededelingverblijfsr,datvoorzeindeverblijfsr,inddeelneuverkiezingen,dataanlaanpdeelneuverkiezing,datvoorzeindeuitsleuverkiezi,predicaat,voornamen,voorvoegsel,scheidingsteken,adellijketitel,geslnaamstam,indnreeks,indafgeleid,bijhpartij,indonverwdocaanw,geslachtsaand,bsn,anr,induitslkiesr,datvoorzeindeuitslkiesr,bijhaard,indonverwbijhvoorstelnieting,dattijdstempel) VALUES('17003','1','19660302','19660302','522','Honselersdijk',null,null,'229',null,'20120605','397','Vlodrop',null,null,'229',null,'4','19660302','1',null,null,'1','true',null,'Christoffel','van der','-',null,'Vermeer',null,null,null,null,null,null,null,null,null,null,null,null,null,null,null,null,null,null,null,'Christoffel','van der','-',null,'Vermeer','false','true','347','false','3','700234652','7123070391',null,null,'1','false','19660302');
INSERT INTO kern.pers (id,srt,tslaatstewijz,datgeboorte,gemgeboorte,wplnaamgeboorte,blplaatsgeboorte,blregiogeboorte,landgebiedgeboorte,omslocgeboorte,datoverlijden,gemoverlijden,wplnaamoverlijden,blplaatsoverlijden,blregiooverlijden,landgebiedoverlijden,omslocoverlijden,naderebijhaard,datinschr,versienr,vorigebsn,volgendebsn,naamgebruik,indnaamgebruikafgeleid,predicaatnaamgebruik,voornamennaamgebruik,voorvoegselnaamgebruik,scheidingstekennaamgebruik,adellijketitelnaamgebruik,geslnaamstamnaamgebruik,gempk,indpkvollediggeconv,srtmigratie,rdnwijzmigratie,aangmigratie,landgebiedmigratie,bladresregel1migratie,bladresregel2migratie,bladresregel3migratie,bladresregel4migratie,bladresregel5migratie,bladresregel6migratie,aandverblijfsr,datmededelingverblijfsr,datvoorzeindeverblijfsr,inddeelneuverkiezingen,dataanlaanpdeelneuverkiezing,datvoorzeindeuitsleuverkiezi,predicaat,voornamen,voorvoegsel,scheidingsteken,adellijketitel,geslnaamstam,indnreeks,indafgeleid,bijhpartij,indonverwdocaanw,geslachtsaand,bsn,anr,induitslkiesr,datvoorzeindeuitslkiesr,bijhaard,indonverwbijhvoorstelnieting,dattijdstempel) VALUES('17004','1','19691227','19691227','950','Reijmerstok',null,null,'229',null,null,null,null,null,null,null,null,'1','19691227','1',null,null,'1','true',null,'Eleonora Françoise',null,'-',null,'Crooy',null,null,null,null,null,null,null,null,null,null,null,null,null,null,null,null,null,null,null,'Eleonora Françoise',null,'-',null,'Crooy','false','true','347','false','2','700230671','7123879070',null,null,'1','false','19691227');
INSERT INTO kern.pers (id,srt,tslaatstewijz,datgeboorte,gemgeboorte,wplnaamgeboorte,blplaatsgeboorte,blregiogeboorte,landgebiedgeboorte,omslocgeboorte,datoverlijden,gemoverlijden,wplnaamoverlijden,blplaatsoverlijden,blregiooverlijden,landgebiedoverlijden,omslocoverlijden,naderebijhaard,datinschr,versienr,vorigebsn,volgendebsn,naamgebruik,indnaamgebruikafgeleid,predicaatnaamgebruik,voornamennaamgebruik,voorvoegselnaamgebruik,scheidingstekennaamgebruik,adellijketitelnaamgebruik,geslnaamstamnaamgebruik,gempk,indpkvollediggeconv,srtmigratie,rdnwijzmigratie,aangmigratie,landgebiedmigratie,bladresregel1migratie,bladresregel2migratie,bladresregel3migratie,bladresregel4migratie,bladresregel5migratie,bladresregel6migratie,aandverblijfsr,datmededelingverblijfsr,datvoorzeindeverblijfsr,inddeelneuverkiezingen,dataanlaanpdeelneuverkiezing,datvoorzeindeuitsleuverkiezi,predicaat,voornamen,voorvoegsel,scheidingsteken,adellijketitel,geslnaamstam,indnreeks,indafgeleid,bijhpartij,indonverwdocaanw,geslachtsaand,bsn,anr,induitslkiesr,datvoorzeindeuitslkiesr,bijhaard,indonverwbijhvoorstelnieting,dattijdstempel) VALUES('17005','1','19710717','19710717','348','Reijmerstok',null,null,'229',null,null,null,null,null,null,null,null,'1','19710717','1',null,null,'1','true',null,'Albert',null,'-',null,'Laar',null,null,null,null,null,null,null,null,null,null,null,null,null,null,null,null,null,null,null,'Albert',null,'-',null,'Laar','false','true','347','false','1','700282841','7124938285',null,null,'1','false','19710717');
INSERT INTO kern.pers (id,srt,tslaatstewijz,datgeboorte,gemgeboorte,wplnaamgeboorte,blplaatsgeboorte,blregiogeboorte,landgebiedgeboorte,omslocgeboorte,datoverlijden,gemoverlijden,wplnaamoverlijden,blplaatsoverlijden,blregiooverlijden,landgebiedoverlijden,omslocoverlijden,naderebijhaard,datinschr,versienr,vorigebsn,volgendebsn,naamgebruik,indnaamgebruikafgeleid,predicaatnaamgebruik,voornamennaamgebruik,voorvoegselnaamgebruik,scheidingstekennaamgebruik,adellijketitelnaamgebruik,geslnaamstamnaamgebruik,gempk,indpkvollediggeconv,srtmigratie,rdnwijzmigratie,aangmigratie,landgebiedmigratie,bladresregel1migratie,bladresregel2migratie,bladresregel3migratie,bladresregel4migratie,bladresregel5migratie,bladresregel6migratie,aandverblijfsr,datmededelingverblijfsr,datvoorzeindeverblijfsr,inddeelneuverkiezingen,dataanlaanpdeelneuverkiezing,datvoorzeindeuitsleuverkiezi,predicaat,voornamen,voorvoegsel,scheidingsteken,adellijketitel,geslnaamstam,indnreeks,indafgeleid,bijhpartij,indonverwdocaanw,geslachtsaand,bsn,anr,induitslkiesr,datvoorzeindeuitslkiesr,bijhaard,indonverwbijhvoorstelnieting,dattijdstempel) VALUES('17006','1','19720928','19720928','522','Honselersdijk',null,null,'229',null,null,null,null,null,null,null,null,'1','19720928','1',null,null,'1','true',null,'Anne-Marie',null,'-',null,'Verheul',null,null,null,null,null,null,null,null,null,null,null,null,null,null,null,null,null,null,null,'Anne-Marie',null,'-',null,'Verheul','false','true','347','false','2','700252812','7125132471',null,null,'1','false','19720928');
INSERT INTO kern.pers (id,srt,tslaatstewijz,datgeboorte,gemgeboorte,wplnaamgeboorte,blplaatsgeboorte,blregiogeboorte,landgebiedgeboorte,omslocgeboorte,datoverlijden,gemoverlijden,wplnaamoverlijden,blplaatsoverlijden,blregiooverlijden,landgebiedoverlijden,omslocoverlijden,naderebijhaard,datinschr,versienr,vorigebsn,volgendebsn,naamgebruik,indnaamgebruikafgeleid,predicaatnaamgebruik,voornamennaamgebruik,voorvoegselnaamgebruik,scheidingstekennaamgebruik,adellijketitelnaamgebruik,geslnaamstamnaamgebruik,gempk,indpkvollediggeconv,srtmigratie,rdnwijzmigratie,aangmigratie,landgebiedmigratie,bladresregel1migratie,bladresregel2migratie,bladresregel3migratie,bladresregel4migratie,bladresregel5migratie,bladresregel6migratie,aandverblijfsr,datmededelingverblijfsr,datvoorzeindeverblijfsr,inddeelneuverkiezingen,dataanlaanpdeelneuverkiezing,datvoorzeindeuitsleuverkiezi,predicaat,voornamen,voorvoegsel,scheidingsteken,adellijketitel,geslnaamstam,indnreeks,indafgeleid,bijhpartij,indonverwdocaanw,geslachtsaand,bsn,anr,induitslkiesr,datvoorzeindeuitslkiesr,bijhaard,indonverwbijhvoorstelnieting,dattijdstempel) VALUES('17007','1','19800614','19800616','603','Reijmerstok',null,null,'229',null,null,null,null,null,null,null,null,'1','19800616','1',null,null,'1','true',null,'Henk',null,'-',null,'Vermeulen',null,null,null,null,null,null,null,null,null,null,null,null,null,null,null,null,null,null,null,'Henk',null,'-',null,'Vermeulen','false','true','347','false','1','700274431','7128258191',null,null,'1','false','19800616');
INSERT INTO kern.pers (id,srt,tslaatstewijz,datgeboorte,gemgeboorte,wplnaamgeboorte,blplaatsgeboorte,blregiogeboorte,landgebiedgeboorte,omslocgeboorte,datoverlijden,gemoverlijden,wplnaamoverlijden,blplaatsoverlijden,blregiooverlijden,landgebiedoverlijden,omslocoverlijden,naderebijhaard,datinschr,versienr,vorigebsn,volgendebsn,naamgebruik,indnaamgebruikafgeleid,predicaatnaamgebruik,voornamennaamgebruik,voorvoegselnaamgebruik,scheidingstekennaamgebruik,adellijketitelnaamgebruik,geslnaamstamnaamgebruik,gempk,indpkvollediggeconv,srtmigratie,rdnwijzmigratie,aangmigratie,landgebiedmigratie,bladresregel1migratie,bladresregel2migratie,bladresregel3migratie,bladresregel4migratie,bladresregel5migratie,bladresregel6migratie,aandverblijfsr,datmededelingverblijfsr,datvoorzeindeverblijfsr,inddeelneuverkiezingen,dataanlaanpdeelneuverkiezing,datvoorzeindeuitsleuverkiezi,predicaat,voornamen,voorvoegsel,scheidingsteken,adellijketitel,geslnaamstam,indnreeks,indafgeleid,bijhpartij,indonverwdocaanw,geslachtsaand,bsn,anr,induitslkiesr,datvoorzeindeuitslkiesr,bijhaard,indonverwbijhvoorstelnieting,dattijdstempel) VALUES('17008','1','19810418','19810418','974','Reijmerstok',null,null,'229',null,null,null,null,null,null,null,null,'1','19810418','1',null,null,'1','true',null,'Anna Maria Petra',null,'-',null,'Jansma',null,null,null,null,null,null,null,null,null,null,null,null,null,null,null,null,null,null,null,'Anna Maria Petra',null,'-',null,'Jansma','false','true','347','false','2','700212280','7129168768',null,null,'1','false','19810418');
INSERT INTO kern.pers (id,srt,tslaatstewijz,datgeboorte,gemgeboorte,wplnaamgeboorte,blplaatsgeboorte,blregiogeboorte,landgebiedgeboorte,omslocgeboorte,datoverlijden,gemoverlijden,wplnaamoverlijden,blplaatsoverlijden,blregiooverlijden,landgebiedoverlijden,omslocoverlijden,naderebijhaard,datinschr,versienr,vorigebsn,volgendebsn,naamgebruik,indnaamgebruikafgeleid,predicaatnaamgebruik,voornamennaamgebruik,voorvoegselnaamgebruik,scheidingstekennaamgebruik,adellijketitelnaamgebruik,geslnaamstamnaamgebruik,gempk,indpkvollediggeconv,srtmigratie,rdnwijzmigratie,aangmigratie,landgebiedmigratie,bladresregel1migratie,bladresregel2migratie,bladresregel3migratie,bladresregel4migratie,bladresregel5migratie,bladresregel6migratie,aandverblijfsr,datmededelingverblijfsr,datvoorzeindeverblijfsr,inddeelneuverkiezingen,dataanlaanpdeelneuverkiezing,datvoorzeindeuitsleuverkiezi,predicaat,voornamen,voorvoegsel,scheidingsteken,adellijketitel,geslnaamstam,indnreeks,indafgeleid,bijhpartij,indonverwdocaanw,geslachtsaand,bsn,anr,induitslkiesr,datvoorzeindeuitslkiesr,bijhaard,indonverwbijhvoorstelnieting,dattijdstempel) VALUES('17009','1','19940101','19940101','348','Reijmerstok',null,null,'229',null,null,null,null,null,null,null,null,'1','19940101','1',null,null,'1','true',null,'Miranda',null,'-',null,'Jansma',null,null,null,null,null,null,null,null,null,null,null,null,null,null,null,null,null,null,null,'Miranda',null,'-',null,'Jansma','false','true','347','false','2','700204106','7129189273',null,null,'1','false','19940101');
INSERT INTO kern.pers (id,srt,tslaatstewijz,datgeboorte,gemgeboorte,wplnaamgeboorte,blplaatsgeboorte,blregiogeboorte,landgebiedgeboorte,omslocgeboorte,datoverlijden,gemoverlijden,wplnaamoverlijden,blplaatsoverlijden,blregiooverlijden,landgebiedoverlijden,omslocoverlijden,naderebijhaard,datinschr,versienr,vorigebsn,volgendebsn,naamgebruik,indnaamgebruikafgeleid,predicaatnaamgebruik,voornamennaamgebruik,voorvoegselnaamgebruik,scheidingstekennaamgebruik,adellijketitelnaamgebruik,geslnaamstamnaamgebruik,gempk,indpkvollediggeconv,srtmigratie,rdnwijzmigratie,aangmigratie,landgebiedmigratie,bladresregel1migratie,bladresregel2migratie,bladresregel3migratie,bladresregel4migratie,bladresregel5migratie,bladresregel6migratie,aandverblijfsr,datmededelingverblijfsr,datvoorzeindeverblijfsr,inddeelneuverkiezingen,dataanlaanpdeelneuverkiezing,datvoorzeindeuitsleuverkiezi,predicaat,voornamen,voorvoegsel,scheidingsteken,adellijketitel,geslnaamstam,indnreeks,indafgeleid,bijhpartij,indonverwdocaanw,geslachtsaand,bsn,anr,induitslkiesr,datvoorzeindeuitslkiesr,bijhaard,indonverwbijhvoorstelnieting,dattijdstempel) VALUES('17010','1','19691231','19691231','776','Reijmerstok',null,null,'229',null,null,null,null,null,null,null,null,'1','19691231','1',null,null,'1','true',null,'John','de','-',null,'Bloëmsma',null,null,null,null,null,null,null,null,null,null,null,null,null,null,null,null,null,null,null,'John','de','-',null,'Bloëmsma','false','true','347','false','1','700208537','7129657387',null,null,'1','false','19691231');
INSERT INTO kern.pers (id,srt,tslaatstewijz,datgeboorte,gemgeboorte,wplnaamgeboorte,blplaatsgeboorte,blregiogeboorte,landgebiedgeboorte,omslocgeboorte,datoverlijden,gemoverlijden,wplnaamoverlijden,blplaatsoverlijden,blregiooverlijden,landgebiedoverlijden,omslocoverlijden,naderebijhaard,datinschr,versienr,vorigebsn,volgendebsn,naamgebruik,indnaamgebruikafgeleid,predicaatnaamgebruik,voornamennaamgebruik,voorvoegselnaamgebruik,scheidingstekennaamgebruik,adellijketitelnaamgebruik,geslnaamstamnaamgebruik,gempk,indpkvollediggeconv,srtmigratie,rdnwijzmigratie,aangmigratie,landgebiedmigratie,bladresregel1migratie,bladresregel2migratie,bladresregel3migratie,bladresregel4migratie,bladresregel5migratie,bladresregel6migratie,aandverblijfsr,datmededelingverblijfsr,datvoorzeindeverblijfsr,inddeelneuverkiezingen,dataanlaanpdeelneuverkiezing,datvoorzeindeuitsleuverkiezi,predicaat,voornamen,voorvoegsel,scheidingsteken,adellijketitel,geslnaamstam,indnreeks,indafgeleid,bijhpartij,indonverwdocaanw,geslachtsaand,bsn,anr,induitslkiesr,datvoorzeindeuitslkiesr,bijhaard,indonverwbijhvoorstelnieting,dattijdstempel) VALUES('17011','1','19690516','19690516','397','Reijmerstok',null,null,'229',null,null,null,null,null,null,null,null,'1','19690516','1',null,null,'1','true',null,'Dorothea','de','-',null,'Snijder',null,null,null,null,null,null,null,null,null,null,null,null,null,null,null,null,null,null,null,'Dorothea','de','-',null,'Snijder','false','true','347','false','2','700267815','7135260167',null,null,'1','false','19690516');
INSERT INTO kern.pers (id,srt,tslaatstewijz,datgeboorte,gemgeboorte,wplnaamgeboorte,blplaatsgeboorte,blregiogeboorte,landgebiedgeboorte,omslocgeboorte,datoverlijden,gemoverlijden,wplnaamoverlijden,blplaatsoverlijden,blregiooverlijden,landgebiedoverlijden,omslocoverlijden,naderebijhaard,datinschr,versienr,vorigebsn,volgendebsn,naamgebruik,indnaamgebruikafgeleid,predicaatnaamgebruik,voornamennaamgebruik,voorvoegselnaamgebruik,scheidingstekennaamgebruik,adellijketitelnaamgebruik,geslnaamstamnaamgebruik,gempk,indpkvollediggeconv,srtmigratie,rdnwijzmigratie,aangmigratie,landgebiedmigratie,bladresregel1migratie,bladresregel2migratie,bladresregel3migratie,bladresregel4migratie,bladresregel5migratie,bladresregel6migratie,aandverblijfsr,datmededelingverblijfsr,datvoorzeindeverblijfsr,inddeelneuverkiezingen,dataanlaanpdeelneuverkiezing,datvoorzeindeuitsleuverkiezi,predicaat,voornamen,voorvoegsel,scheidingsteken,adellijketitel,geslnaamstam,indnreeks,indafgeleid,bijhpartij,indonverwdocaanw,geslachtsaand,bsn,anr,induitslkiesr,datvoorzeindeuitslkiesr,bijhaard,indonverwbijhvoorstelnieting,dattijdstempel) VALUES('17012','1','19771210','19771210','397','Reijmerstok',null,null,'229',null,null,null,null,null,null,null,null,'1','19771210','1',null,null,'1','true',null,'Bas',null,'-',null,'Cuykelaer',null,null,null,null,null,null,null,null,null,null,null,null,null,null,null,null,null,null,null,'Bas',null,'-',null,'Cuykelaer','false','true','347','false','1','700266434','7136509585',null,null,'1','false','19771210');
INSERT INTO kern.pers (id,srt,tslaatstewijz,datgeboorte,gemgeboorte,wplnaamgeboorte,blplaatsgeboorte,blregiogeboorte,landgebiedgeboorte,omslocgeboorte,datoverlijden,gemoverlijden,wplnaamoverlijden,blplaatsoverlijden,blregiooverlijden,landgebiedoverlijden,omslocoverlijden,naderebijhaard,datinschr,versienr,vorigebsn,volgendebsn,naamgebruik,indnaamgebruikafgeleid,predicaatnaamgebruik,voornamennaamgebruik,voorvoegselnaamgebruik,scheidingstekennaamgebruik,adellijketitelnaamgebruik,geslnaamstamnaamgebruik,gempk,indpkvollediggeconv,srtmigratie,rdnwijzmigratie,aangmigratie,landgebiedmigratie,bladresregel1migratie,bladresregel2migratie,bladresregel3migratie,bladresregel4migratie,bladresregel5migratie,bladresregel6migratie,aandverblijfsr,datmededelingverblijfsr,datvoorzeindeverblijfsr,inddeelneuverkiezingen,dataanlaanpdeelneuverkiezing,datvoorzeindeuitsleuverkiezi,predicaat,voornamen,voorvoegsel,scheidingsteken,adellijketitel,geslnaamstam,indnreeks,indafgeleid,bijhpartij,indonverwdocaanw,geslachtsaand,bsn,anr,induitslkiesr,datvoorzeindeuitslkiesr,bijhaard,indonverwbijhvoorstelnieting,dattijdstempel) VALUES('17013','1','19550602','19550602','396','Reijmerstok',null,null,'229',null,null,null,null,null,null,null,null,'1','19550602','1',null,null,'1','true',null,'Hendrika Isabella Gerarda Johanna','van','-',null,'Roos',null,null,null,null,null,null,null,null,null,null,null,null,null,null,null,null,null,null,null,'Hendrika Isabella Gerarda Johanna','van','-',null,'Roos','false','true','347','false','2','700218014','7138740694',null,null,'1','false','19550602');
INSERT INTO kern.pers (id,srt,tslaatstewijz,datgeboorte,gemgeboorte,wplnaamgeboorte,blplaatsgeboorte,blregiogeboorte,landgebiedgeboorte,omslocgeboorte,datoverlijden,gemoverlijden,wplnaamoverlijden,blplaatsoverlijden,blregiooverlijden,landgebiedoverlijden,omslocoverlijden,naderebijhaard,datinschr,versienr,vorigebsn,volgendebsn,naamgebruik,indnaamgebruikafgeleid,predicaatnaamgebruik,voornamennaamgebruik,voorvoegselnaamgebruik,scheidingstekennaamgebruik,adellijketitelnaamgebruik,geslnaamstamnaamgebruik,gempk,indpkvollediggeconv,srtmigratie,rdnwijzmigratie,aangmigratie,landgebiedmigratie,bladresregel1migratie,bladresregel2migratie,bladresregel3migratie,bladresregel4migratie,bladresregel5migratie,bladresregel6migratie,aandverblijfsr,datmededelingverblijfsr,datvoorzeindeverblijfsr,inddeelneuverkiezingen,dataanlaanpdeelneuverkiezing,datvoorzeindeuitsleuverkiezi,predicaat,voornamen,voorvoegsel,scheidingsteken,adellijketitel,geslnaamstam,indnreeks,indafgeleid,bijhpartij,indonverwdocaanw,geslachtsaand,bsn,anr,induitslkiesr,datvoorzeindeuitslkiesr,bijhaard,indonverwbijhvoorstelnieting,dattijdstempel) VALUES('17014','1','19780611','19780611','251','Reijmerstok',null,null,'229',null,'20111111','397','Vlodrop',null,null,'229',null,'4','19780611','1',null,null,'1','true',null,'Jan',null,'-',null,'Moes',null,null,null,null,null,null,null,null,null,null,null,null,null,null,null,null,null,null,null,'Jan',null,'-',null,'Moes','false','true','347','false','1','700224142','7143086956',null,null,'1','false','19780611');
INSERT INTO kern.pers (id,srt,tslaatstewijz,datgeboorte,gemgeboorte,wplnaamgeboorte,blplaatsgeboorte,blregiogeboorte,landgebiedgeboorte,omslocgeboorte,datoverlijden,gemoverlijden,wplnaamoverlijden,blplaatsoverlijden,blregiooverlijden,landgebiedoverlijden,omslocoverlijden,naderebijhaard,datinschr,versienr,vorigebsn,volgendebsn,naamgebruik,indnaamgebruikafgeleid,predicaatnaamgebruik,voornamennaamgebruik,voorvoegselnaamgebruik,scheidingstekennaamgebruik,adellijketitelnaamgebruik,geslnaamstamnaamgebruik,gempk,indpkvollediggeconv,srtmigratie,rdnwijzmigratie,aangmigratie,landgebiedmigratie,bladresregel1migratie,bladresregel2migratie,bladresregel3migratie,bladresregel4migratie,bladresregel5migratie,bladresregel6migratie,aandverblijfsr,datmededelingverblijfsr,datvoorzeindeverblijfsr,inddeelneuverkiezingen,dataanlaanpdeelneuverkiezing,datvoorzeindeuitsleuverkiezi,predicaat,voornamen,voorvoegsel,scheidingsteken,adellijketitel,geslnaamstam,indnreeks,indafgeleid,bijhpartij,indonverwdocaanw,geslachtsaand,bsn,anr,induitslkiesr,datvoorzeindeuitslkiesr,bijhaard,indonverwbijhvoorstelnieting,dattijdstempel) VALUES('17015','1','19880425','19880425','522','Honselersdijk',null,null,'229',null,null,null,null,null,null,null,null,'1','19880425','1',null,null,'1','true',null,'Petronella',null,'-',null,'Brest naar Kempen',null,null,null,null,null,null,null,null,null,null,null,null,null,null,null,null,null,null,null,'Petronella',null,'-',null,'Brest naar Kempen','false','true','347','false','2','700240640','7145696137',null,null,'1','false','19880425');
INSERT INTO kern.pers (id,srt,tslaatstewijz,datgeboorte,gemgeboorte,wplnaamgeboorte,blplaatsgeboorte,blregiogeboorte,landgebiedgeboorte,omslocgeboorte,datoverlijden,gemoverlijden,wplnaamoverlijden,blplaatsoverlijden,blregiooverlijden,landgebiedoverlijden,omslocoverlijden,naderebijhaard,datinschr,versienr,vorigebsn,volgendebsn,naamgebruik,indnaamgebruikafgeleid,predicaatnaamgebruik,voornamennaamgebruik,voorvoegselnaamgebruik,scheidingstekennaamgebruik,adellijketitelnaamgebruik,geslnaamstamnaamgebruik,gempk,indpkvollediggeconv,srtmigratie,rdnwijzmigratie,aangmigratie,landgebiedmigratie,bladresregel1migratie,bladresregel2migratie,bladresregel3migratie,bladresregel4migratie,bladresregel5migratie,bladresregel6migratie,aandverblijfsr,datmededelingverblijfsr,datvoorzeindeverblijfsr,inddeelneuverkiezingen,dataanlaanpdeelneuverkiezing,datvoorzeindeuitsleuverkiezi,predicaat,voornamen,voorvoegsel,scheidingsteken,adellijketitel,geslnaamstam,indnreeks,indafgeleid,bijhpartij,indonverwdocaanw,geslachtsaand,bsn,anr,induitslkiesr,datvoorzeindeuitslkiesr,bijhaard,indonverwbijhvoorstelnieting,dattijdstempel) VALUES('17016','1','19881210','19881210','1267','Reijmerstok',null,null,'229',null,null,null,null,null,null,null,null,'1','19881210','1',null,null,'1','true',null,'Maria Christina',null,'-',null,'Ophuijsen',null,null,null,null,null,null,null,null,null,null,null,null,null,null,null,null,null,null,null,'Maria Christina',null,'-',null,'Ophuijsen','false','true','347','false','2','700276713','7146861637',null,null,'1','false','19881210');
INSERT INTO kern.pers (id,srt,tslaatstewijz,datgeboorte,gemgeboorte,wplnaamgeboorte,blplaatsgeboorte,blregiogeboorte,landgebiedgeboorte,omslocgeboorte,datoverlijden,gemoverlijden,wplnaamoverlijden,blplaatsoverlijden,blregiooverlijden,landgebiedoverlijden,omslocoverlijden,naderebijhaard,datinschr,versienr,vorigebsn,volgendebsn,naamgebruik,indnaamgebruikafgeleid,predicaatnaamgebruik,voornamennaamgebruik,voorvoegselnaamgebruik,scheidingstekennaamgebruik,adellijketitelnaamgebruik,geslnaamstamnaamgebruik,gempk,indpkvollediggeconv,srtmigratie,rdnwijzmigratie,aangmigratie,landgebiedmigratie,bladresregel1migratie,bladresregel2migratie,bladresregel3migratie,bladresregel4migratie,bladresregel5migratie,bladresregel6migratie,aandverblijfsr,datmededelingverblijfsr,datvoorzeindeverblijfsr,inddeelneuverkiezingen,dataanlaanpdeelneuverkiezing,datvoorzeindeuitsleuverkiezi,predicaat,voornamen,voorvoegsel,scheidingsteken,adellijketitel,geslnaamstam,indnreeks,indafgeleid,bijhpartij,indonverwdocaanw,geslachtsaand,bsn,anr,induitslkiesr,datvoorzeindeuitslkiesr,bijhaard,indonverwbijhvoorstelnieting,dattijdstempel) VALUES('17017','1','19960523','19960523','91','Wolsum',null,null,'229',null,null,null,null,null,null,null,null,'1','19960523','1',null,null,'1','true',null,'Pieter',null,'-',null,'Addams',null,null,null,null,null,null,null,null,null,null,null,null,null,null,null,null,null,null,null,'Pieter',null,'-',null,'Addams','false','true','347','false','1','700232230','7148694271',null,null,'1','false','19960523');
INSERT INTO kern.pers (id,srt,tslaatstewijz,datgeboorte,gemgeboorte,wplnaamgeboorte,blplaatsgeboorte,blregiogeboorte,landgebiedgeboorte,omslocgeboorte,datoverlijden,gemoverlijden,wplnaamoverlijden,blplaatsoverlijden,blregiooverlijden,landgebiedoverlijden,omslocoverlijden,naderebijhaard,datinschr,versienr,vorigebsn,volgendebsn,naamgebruik,indnaamgebruikafgeleid,predicaatnaamgebruik,voornamennaamgebruik,voorvoegselnaamgebruik,scheidingstekennaamgebruik,adellijketitelnaamgebruik,geslnaamstamnaamgebruik,gempk,indpkvollediggeconv,srtmigratie,rdnwijzmigratie,aangmigratie,landgebiedmigratie,bladresregel1migratie,bladresregel2migratie,bladresregel3migratie,bladresregel4migratie,bladresregel5migratie,bladresregel6migratie,aandverblijfsr,datmededelingverblijfsr,datvoorzeindeverblijfsr,inddeelneuverkiezingen,dataanlaanpdeelneuverkiezing,datvoorzeindeuitsleuverkiezi,predicaat,voornamen,voorvoegsel,scheidingsteken,adellijketitel,geslnaamstam,indnreeks,indafgeleid,bijhpartij,indonverwdocaanw,geslachtsaand,bsn,anr,induitslkiesr,datvoorzeindeuitslkiesr,bijhaard,indonverwbijhvoorstelnieting,dattijdstempel) VALUES('17018','1','19941005','19941005','780','Etten-Leur',null,null,'229',null,null,null,null,null,null,null,null,'1','19941005','1',null,null,'1','true',null,'Petronellaatje',null,'-',null,'Verhoeven',null,null,null,null,null,null,null,null,null,null,null,null,null,null,null,null,null,null,null,'Petronellaatje',null,'-',null,'Verhoeven','false','true','347','false','2','700261175','7151629706',null,null,'1','false','19941005');
INSERT INTO kern.pers (id,srt,tslaatstewijz,datgeboorte,gemgeboorte,wplnaamgeboorte,blplaatsgeboorte,blregiogeboorte,landgebiedgeboorte,omslocgeboorte,datoverlijden,gemoverlijden,wplnaamoverlijden,blplaatsoverlijden,blregiooverlijden,landgebiedoverlijden,omslocoverlijden,naderebijhaard,datinschr,versienr,vorigebsn,volgendebsn,naamgebruik,indnaamgebruikafgeleid,predicaatnaamgebruik,voornamennaamgebruik,voorvoegselnaamgebruik,scheidingstekennaamgebruik,adellijketitelnaamgebruik,geslnaamstamnaamgebruik,gempk,indpkvollediggeconv,srtmigratie,rdnwijzmigratie,aangmigratie,landgebiedmigratie,bladresregel1migratie,bladresregel2migratie,bladresregel3migratie,bladresregel4migratie,bladresregel5migratie,bladresregel6migratie,aandverblijfsr,datmededelingverblijfsr,datvoorzeindeverblijfsr,inddeelneuverkiezingen,dataanlaanpdeelneuverkiezing,datvoorzeindeuitsleuverkiezi,predicaat,voornamen,voorvoegsel,scheidingsteken,adellijketitel,geslnaamstam,indnreeks,indafgeleid,bijhpartij,indonverwdocaanw,geslachtsaand,bsn,anr,induitslkiesr,datvoorzeindeuitslkiesr,bijhaard,indonverwbijhvoorstelnieting,dattijdstempel) VALUES('17019','1','19941005','19941005','615','Witteveen',null,null,'229',null,null,null,null,null,null,null,null,'1','19941005','1',null,null,'1','true',null,'Sanne','de','-',null,'Slot',null,null,null,null,null,null,null,null,null,null,null,null,null,null,null,null,null,null,null,'Sanne','de','-',null,'Slot','false','true','347','false','2','700281071','7153042524',null,null,'1','false','19941005');
INSERT INTO kern.pers (id,srt,tslaatstewijz,datgeboorte,gemgeboorte,wplnaamgeboorte,blplaatsgeboorte,blregiogeboorte,landgebiedgeboorte,omslocgeboorte,datoverlijden,gemoverlijden,wplnaamoverlijden,blplaatsoverlijden,blregiooverlijden,landgebiedoverlijden,omslocoverlijden,naderebijhaard,datinschr,versienr,vorigebsn,volgendebsn,naamgebruik,indnaamgebruikafgeleid,predicaatnaamgebruik,voornamennaamgebruik,voorvoegselnaamgebruik,scheidingstekennaamgebruik,adellijketitelnaamgebruik,geslnaamstamnaamgebruik,gempk,indpkvollediggeconv,srtmigratie,rdnwijzmigratie,aangmigratie,landgebiedmigratie,bladresregel1migratie,bladresregel2migratie,bladresregel3migratie,bladresregel4migratie,bladresregel5migratie,bladresregel6migratie,aandverblijfsr,datmededelingverblijfsr,datvoorzeindeverblijfsr,inddeelneuverkiezingen,dataanlaanpdeelneuverkiezing,datvoorzeindeuitsleuverkiezi,predicaat,voornamen,voorvoegsel,scheidingsteken,adellijketitel,geslnaamstam,indnreeks,indafgeleid,bijhpartij,indonverwdocaanw,geslachtsaand,bsn,anr,induitslkiesr,datvoorzeindeuitslkiesr,bijhaard,indonverwbijhvoorstelnieting,dattijdstempel) VALUES('17020','1','19760103','19760103','625','Vlaardingen',null,null,'229',null,null,null,null,null,null,null,null,'1','19760103','1',null,null,'1','true',null,'Hanna','van','-',null,'Guirten',null,null,null,null,null,null,null,null,null,null,null,null,null,null,null,null,null,null,null,'Hanna','van','-',null,'Guirten','false','true','347','false','2','700237100','7154023796',null,null,'1','false','19760103');
INSERT INTO kern.pers (id,srt,tslaatstewijz,datgeboorte,gemgeboorte,wplnaamgeboorte,blplaatsgeboorte,blregiogeboorte,landgebiedgeboorte,omslocgeboorte,datoverlijden,gemoverlijden,wplnaamoverlijden,blplaatsoverlijden,blregiooverlijden,landgebiedoverlijden,omslocoverlijden,naderebijhaard,datinschr,versienr,vorigebsn,volgendebsn,naamgebruik,indnaamgebruikafgeleid,predicaatnaamgebruik,voornamennaamgebruik,voorvoegselnaamgebruik,scheidingstekennaamgebruik,adellijketitelnaamgebruik,geslnaamstamnaamgebruik,gempk,indpkvollediggeconv,srtmigratie,rdnwijzmigratie,aangmigratie,landgebiedmigratie,bladresregel1migratie,bladresregel2migratie,bladresregel3migratie,bladresregel4migratie,bladresregel5migratie,bladresregel6migratie,aandverblijfsr,datmededelingverblijfsr,datvoorzeindeverblijfsr,inddeelneuverkiezingen,dataanlaanpdeelneuverkiezing,datvoorzeindeuitsleuverkiezi,predicaat,voornamen,voorvoegsel,scheidingsteken,adellijketitel,geslnaamstam,indnreeks,indafgeleid,bijhpartij,indonverwdocaanw,geslachtsaand,bsn,anr,induitslkiesr,datvoorzeindeuitslkiesr,bijhaard,indonverwbijhvoorstelnieting,dattijdstempel) VALUES('17021','1','19961003','19961003','345','Soest',null,null,'229',null,null,null,null,null,null,null,null,'1','19961003','1',null,null,'1','true',null,'Sander','ter','-',null,'Stassen',null,null,null,null,null,null,null,null,null,null,null,null,null,null,null,null,null,null,null,'Sander','ter','-',null,'Stassen','false','true','347','false','1','700233040','7154294741',null,null,'1','false','19961003');
INSERT INTO kern.pers (id,srt,tslaatstewijz,datgeboorte,gemgeboorte,wplnaamgeboorte,blplaatsgeboorte,blregiogeboorte,landgebiedgeboorte,omslocgeboorte,datoverlijden,gemoverlijden,wplnaamoverlijden,blplaatsoverlijden,blregiooverlijden,landgebiedoverlijden,omslocoverlijden,naderebijhaard,datinschr,versienr,vorigebsn,volgendebsn,naamgebruik,indnaamgebruikafgeleid,predicaatnaamgebruik,voornamennaamgebruik,voorvoegselnaamgebruik,scheidingstekennaamgebruik,adellijketitelnaamgebruik,geslnaamstamnaamgebruik,gempk,indpkvollediggeconv,srtmigratie,rdnwijzmigratie,aangmigratie,landgebiedmigratie,bladresregel1migratie,bladresregel2migratie,bladresregel3migratie,bladresregel4migratie,bladresregel5migratie,bladresregel6migratie,aandverblijfsr,datmededelingverblijfsr,datvoorzeindeverblijfsr,inddeelneuverkiezingen,dataanlaanpdeelneuverkiezing,datvoorzeindeuitsleuverkiezi,predicaat,voornamen,voorvoegsel,scheidingsteken,adellijketitel,geslnaamstam,indnreeks,indafgeleid,bijhpartij,indonverwdocaanw,geslachtsaand,bsn,anr,induitslkiesr,datvoorzeindeuitslkiesr,bijhaard,indonverwbijhvoorstelnieting,dattijdstempel) VALUES('17022','1','19951003','19951003','625','Vlaardingen',null,null,'229',null,null,null,null,null,null,null,null,'1','19951003','1',null,null,'1','true',null,'Ellen','van','-',null,'Zon',null,null,null,null,null,null,null,null,null,null,null,null,null,null,null,null,null,null,null,'Ellen','van','-',null,'Zon','false','true','347','false','2','700281356','7156130708',null,null,'1','false','19951003');
INSERT INTO kern.pers (id,srt,tslaatstewijz,datgeboorte,gemgeboorte,wplnaamgeboorte,blplaatsgeboorte,blregiogeboorte,landgebiedgeboorte,omslocgeboorte,datoverlijden,gemoverlijden,wplnaamoverlijden,blplaatsoverlijden,blregiooverlijden,landgebiedoverlijden,omslocoverlijden,naderebijhaard,datinschr,versienr,vorigebsn,volgendebsn,naamgebruik,indnaamgebruikafgeleid,predicaatnaamgebruik,voornamennaamgebruik,voorvoegselnaamgebruik,scheidingstekennaamgebruik,adellijketitelnaamgebruik,geslnaamstamnaamgebruik,gempk,indpkvollediggeconv,srtmigratie,rdnwijzmigratie,aangmigratie,landgebiedmigratie,bladresregel1migratie,bladresregel2migratie,bladresregel3migratie,bladresregel4migratie,bladresregel5migratie,bladresregel6migratie,aandverblijfsr,datmededelingverblijfsr,datvoorzeindeverblijfsr,inddeelneuverkiezingen,dataanlaanpdeelneuverkiezing,datvoorzeindeuitsleuverkiezi,predicaat,voornamen,voorvoegsel,scheidingsteken,adellijketitel,geslnaamstam,indnreeks,indafgeleid,bijhpartij,indonverwdocaanw,geslachtsaand,bsn,anr,induitslkiesr,datvoorzeindeuitslkiesr,bijhaard,indonverwbijhvoorstelnieting,dattijdstempel) VALUES('17023','1','19941003','19941003','365','Hellendoorn',null,null,'229',null,null,null,null,null,null,null,null,'1','19941003','1',null,null,'1','true',null,'Christian','van','-',null,'Verhaar',null,null,null,null,null,null,null,null,null,null,null,null,null,null,null,null,null,null,null,'Christian','van','-',null,'Verhaar','false','true','347','false','1','700241504','7158097396',null,null,'1','false','19941003');
INSERT INTO kern.pers (id,srt,tslaatstewijz,datgeboorte,gemgeboorte,wplnaamgeboorte,blplaatsgeboorte,blregiogeboorte,landgebiedgeboorte,omslocgeboorte,datoverlijden,gemoverlijden,wplnaamoverlijden,blplaatsoverlijden,blregiooverlijden,landgebiedoverlijden,omslocoverlijden,naderebijhaard,datinschr,versienr,vorigebsn,volgendebsn,naamgebruik,indnaamgebruikafgeleid,predicaatnaamgebruik,voornamennaamgebruik,voorvoegselnaamgebruik,scheidingstekennaamgebruik,adellijketitelnaamgebruik,geslnaamstamnaamgebruik,gempk,indpkvollediggeconv,srtmigratie,rdnwijzmigratie,aangmigratie,landgebiedmigratie,bladresregel1migratie,bladresregel2migratie,bladresregel3migratie,bladresregel4migratie,bladresregel5migratie,bladresregel6migratie,aandverblijfsr,datmededelingverblijfsr,datvoorzeindeverblijfsr,inddeelneuverkiezingen,dataanlaanpdeelneuverkiezing,datvoorzeindeuitsleuverkiezi,predicaat,voornamen,voorvoegsel,scheidingsteken,adellijketitel,geslnaamstam,indnreeks,indafgeleid,bijhpartij,indonverwdocaanw,geslachtsaand,bsn,anr,induitslkiesr,datvoorzeindeuitslkiesr,bijhaard,indonverwbijhvoorstelnieting,dattijdstempel) VALUES('17024','1','19770401','19770401','365','Hellendoorn',null,null,'229',null,null,null,null,null,null,null,null,'1','19770401','1',null,null,'1','true',null,'Anja','de','-',null,'Klaassen',null,null,null,null,null,null,null,null,null,null,null,null,null,null,null,null,null,null,null,'Anja','de','-',null,'Klaassen','false','true','347','false','2','700203345','7159421031',null,null,'1','false','19770401');
INSERT INTO kern.pers (id,srt,tslaatstewijz,datgeboorte,gemgeboorte,wplnaamgeboorte,blplaatsgeboorte,blregiogeboorte,landgebiedgeboorte,omslocgeboorte,datoverlijden,gemoverlijden,wplnaamoverlijden,blplaatsoverlijden,blregiooverlijden,landgebiedoverlijden,omslocoverlijden,naderebijhaard,datinschr,versienr,vorigebsn,volgendebsn,naamgebruik,indnaamgebruikafgeleid,predicaatnaamgebruik,voornamennaamgebruik,voorvoegselnaamgebruik,scheidingstekennaamgebruik,adellijketitelnaamgebruik,geslnaamstamnaamgebruik,gempk,indpkvollediggeconv,srtmigratie,rdnwijzmigratie,aangmigratie,landgebiedmigratie,bladresregel1migratie,bladresregel2migratie,bladresregel3migratie,bladresregel4migratie,bladresregel5migratie,bladresregel6migratie,aandverblijfsr,datmededelingverblijfsr,datvoorzeindeverblijfsr,inddeelneuverkiezingen,dataanlaanpdeelneuverkiezing,datvoorzeindeuitsleuverkiezi,predicaat,voornamen,voorvoegsel,scheidingsteken,adellijketitel,geslnaamstam,indnreeks,indafgeleid,bijhpartij,indonverwdocaanw,geslachtsaand,bsn,anr,induitslkiesr,datvoorzeindeuitslkiesr,bijhaard,indonverwbijhvoorstelnieting,dattijdstempel) VALUES('17025','1','19880611','19880611','91','Wolsum',null,null,'229',null,null,null,null,null,null,null,null,'1','19880611','1',null,null,'1','true',null,'Karel',null,'-',null,'Valstar',null,null,null,null,null,null,null,null,null,null,null,null,null,null,null,null,null,null,null,'Karel',null,'-',null,'Valstar','false','true','347','false','1','700231481','7163962780',null,null,'1','false','19880611');
INSERT INTO kern.pers (id,srt,tslaatstewijz,datgeboorte,gemgeboorte,wplnaamgeboorte,blplaatsgeboorte,blregiogeboorte,landgebiedgeboorte,omslocgeboorte,datoverlijden,gemoverlijden,wplnaamoverlijden,blplaatsoverlijden,blregiooverlijden,landgebiedoverlijden,omslocoverlijden,naderebijhaard,datinschr,versienr,vorigebsn,volgendebsn,naamgebruik,indnaamgebruikafgeleid,predicaatnaamgebruik,voornamennaamgebruik,voorvoegselnaamgebruik,scheidingstekennaamgebruik,adellijketitelnaamgebruik,geslnaamstamnaamgebruik,gempk,indpkvollediggeconv,srtmigratie,rdnwijzmigratie,aangmigratie,landgebiedmigratie,bladresregel1migratie,bladresregel2migratie,bladresregel3migratie,bladresregel4migratie,bladresregel5migratie,bladresregel6migratie,aandverblijfsr,datmededelingverblijfsr,datvoorzeindeverblijfsr,inddeelneuverkiezingen,dataanlaanpdeelneuverkiezing,datvoorzeindeuitsleuverkiezi,predicaat,voornamen,voorvoegsel,scheidingsteken,adellijketitel,geslnaamstam,indnreeks,indafgeleid,bijhpartij,indonverwdocaanw,geslachtsaand,bsn,anr,induitslkiesr,datvoorzeindeuitslkiesr,bijhaard,indonverwbijhvoorstelnieting,dattijdstempel) VALUES('17026','1','19910721','19910721','365','Hellendoorn',null,null,'229',null,null,null,null,null,null,null,null,'1','19910721','1',null,null,'1','true',null,'Helen','ter','-',null,'Botje',null,null,null,null,null,null,null,null,null,null,null,null,null,null,null,null,null,null,null,'Helen','ter','-',null,'Botje','false','true','347','false','2','700281873','7164589456',null,null,'1','false','19910721');
INSERT INTO kern.pers (id,srt,tslaatstewijz,datgeboorte,gemgeboorte,wplnaamgeboorte,blplaatsgeboorte,blregiogeboorte,landgebiedgeboorte,omslocgeboorte,datoverlijden,gemoverlijden,wplnaamoverlijden,blplaatsoverlijden,blregiooverlijden,landgebiedoverlijden,omslocoverlijden,naderebijhaard,datinschr,versienr,vorigebsn,volgendebsn,naamgebruik,indnaamgebruikafgeleid,predicaatnaamgebruik,voornamennaamgebruik,voorvoegselnaamgebruik,scheidingstekennaamgebruik,adellijketitelnaamgebruik,geslnaamstamnaamgebruik,gempk,indpkvollediggeconv,srtmigratie,rdnwijzmigratie,aangmigratie,landgebiedmigratie,bladresregel1migratie,bladresregel2migratie,bladresregel3migratie,bladresregel4migratie,bladresregel5migratie,bladresregel6migratie,aandverblijfsr,datmededelingverblijfsr,datvoorzeindeverblijfsr,inddeelneuverkiezingen,dataanlaanpdeelneuverkiezing,datvoorzeindeuitsleuverkiezi,predicaat,voornamen,voorvoegsel,scheidingsteken,adellijketitel,geslnaamstam,indnreeks,indafgeleid,bijhpartij,indonverwdocaanw,geslachtsaand,bsn,anr,induitslkiesr,datvoorzeindeuitslkiesr,bijhaard,indonverwbijhvoorstelnieting,dattijdstempel) VALUES('17027','1','19910911','19910911','625','Vlaardingen',null,null,'229',null,null,null,null,null,null,null,null,'1','19910911','1',null,null,'1','true',null,'Sander',null,'-',null,'Karlson',null,null,null,null,null,null,null,null,null,null,null,null,null,null,null,null,null,null,null,'Sander',null,'-',null,'Karlson','false','true','347','false','1','700218427','7165141071',null,null,'1','false','19910911');
INSERT INTO kern.pers (id,srt,tslaatstewijz,datgeboorte,gemgeboorte,wplnaamgeboorte,blplaatsgeboorte,blregiogeboorte,landgebiedgeboorte,omslocgeboorte,datoverlijden,gemoverlijden,wplnaamoverlijden,blplaatsoverlijden,blregiooverlijden,landgebiedoverlijden,omslocoverlijden,naderebijhaard,datinschr,versienr,vorigebsn,volgendebsn,naamgebruik,indnaamgebruikafgeleid,predicaatnaamgebruik,voornamennaamgebruik,voorvoegselnaamgebruik,scheidingstekennaamgebruik,adellijketitelnaamgebruik,geslnaamstamnaamgebruik,gempk,indpkvollediggeconv,srtmigratie,rdnwijzmigratie,aangmigratie,landgebiedmigratie,bladresregel1migratie,bladresregel2migratie,bladresregel3migratie,bladresregel4migratie,bladresregel5migratie,bladresregel6migratie,aandverblijfsr,datmededelingverblijfsr,datvoorzeindeverblijfsr,inddeelneuverkiezingen,dataanlaanpdeelneuverkiezing,datvoorzeindeuitsleuverkiezi,predicaat,voornamen,voorvoegsel,scheidingsteken,adellijketitel,geslnaamstam,indnreeks,indafgeleid,bijhpartij,indonverwdocaanw,geslachtsaand,bsn,anr,induitslkiesr,datvoorzeindeuitslkiesr,bijhaard,indonverwbijhvoorstelnieting,dattijdstempel) VALUES('17028','1','19900722','19900722','625','Vlaardingen',null,null,'229',null,null,null,null,null,null,null,null,'1','19900722','1',null,null,'1','true',null,'Violet','van','-',null,'Hoog',null,null,null,null,null,null,null,null,null,null,null,null,null,null,null,null,null,null,null,'Violet','van','-',null,'Hoog','false','true','347','false','2','700211603','7168732489',null,null,'1','false','19900722');
INSERT INTO kern.pers (id,srt,tslaatstewijz,datgeboorte,gemgeboorte,wplnaamgeboorte,blplaatsgeboorte,blregiogeboorte,landgebiedgeboorte,omslocgeboorte,datoverlijden,gemoverlijden,wplnaamoverlijden,blplaatsoverlijden,blregiooverlijden,landgebiedoverlijden,omslocoverlijden,naderebijhaard,datinschr,versienr,vorigebsn,volgendebsn,naamgebruik,indnaamgebruikafgeleid,predicaatnaamgebruik,voornamennaamgebruik,voorvoegselnaamgebruik,scheidingstekennaamgebruik,adellijketitelnaamgebruik,geslnaamstamnaamgebruik,gempk,indpkvollediggeconv,srtmigratie,rdnwijzmigratie,aangmigratie,landgebiedmigratie,bladresregel1migratie,bladresregel2migratie,bladresregel3migratie,bladresregel4migratie,bladresregel5migratie,bladresregel6migratie,aandverblijfsr,datmededelingverblijfsr,datvoorzeindeverblijfsr,inddeelneuverkiezingen,dataanlaanpdeelneuverkiezing,datvoorzeindeuitsleuverkiezi,predicaat,voornamen,voorvoegsel,scheidingsteken,adellijketitel,geslnaamstam,indnreeks,indafgeleid,bijhpartij,indonverwdocaanw,geslachtsaand,bsn,anr,induitslkiesr,datvoorzeindeuitslkiesr,bijhaard,indonverwbijhvoorstelnieting,dattijdstempel) VALUES('17029','1','19200430','19200430','1239','Ouwerkerk',null,null,'229',null,null,null,null,null,null,null,null,'1','19200430','1',null,null,'1','true',null,'Violet',null,'-',null,'Karlson',null,null,null,null,null,null,null,null,null,null,null,null,null,null,null,null,null,null,null,'Violetta',null,'-',null,'Karlson','false','true','2','false','2','700288302','7169753272',null,null,'1','false','19200430');
INSERT INTO kern.pers (id,srt,tslaatstewijz,datgeboorte,gemgeboorte,wplnaamgeboorte,blplaatsgeboorte,blregiogeboorte,landgebiedgeboorte,omslocgeboorte,datoverlijden,gemoverlijden,wplnaamoverlijden,blplaatsoverlijden,blregiooverlijden,landgebiedoverlijden,omslocoverlijden,naderebijhaard,datinschr,versienr,vorigebsn,volgendebsn,naamgebruik,indnaamgebruikafgeleid,predicaatnaamgebruik,voornamennaamgebruik,voorvoegselnaamgebruik,scheidingstekennaamgebruik,adellijketitelnaamgebruik,geslnaamstamnaamgebruik,gempk,indpkvollediggeconv,srtmigratie,rdnwijzmigratie,aangmigratie,landgebiedmigratie,bladresregel1migratie,bladresregel2migratie,bladresregel3migratie,bladresregel4migratie,bladresregel5migratie,bladresregel6migratie,aandverblijfsr,datmededelingverblijfsr,datvoorzeindeverblijfsr,inddeelneuverkiezingen,dataanlaanpdeelneuverkiezing,datvoorzeindeuitsleuverkiezi,predicaat,voornamen,voorvoegsel,scheidingsteken,adellijketitel,geslnaamstam,indnreeks,indafgeleid,bijhpartij,indonverwdocaanw,geslachtsaand,bsn,anr,induitslkiesr,datvoorzeindeuitslkiesr,bijhaard,indonverwbijhvoorstelnieting,dattijdstempel) VALUES('17030','1','19220419','19220419','1239','Ouwerkerk',null,null,'229',null,null,null,null,null,null,null,null,'1','19220419','1',null,null,'1','true',null,'Tanja','de','-',null,'Vlonder',null,null,null,null,null,null,null,null,null,null,null,null,null,null,null,null,null,null,null,'Tanja','de','-',null,'Vlonder','false','true','347','false','2','700278126','7171526315',null,null,'1','false','19220419');
INSERT INTO kern.pers (id,srt,tslaatstewijz,datgeboorte,gemgeboorte,wplnaamgeboorte,blplaatsgeboorte,blregiogeboorte,landgebiedgeboorte,omslocgeboorte,datoverlijden,gemoverlijden,wplnaamoverlijden,blplaatsoverlijden,blregiooverlijden,landgebiedoverlijden,omslocoverlijden,naderebijhaard,datinschr,versienr,vorigebsn,volgendebsn,naamgebruik,indnaamgebruikafgeleid,predicaatnaamgebruik,voornamennaamgebruik,voorvoegselnaamgebruik,scheidingstekennaamgebruik,adellijketitelnaamgebruik,geslnaamstamnaamgebruik,gempk,indpkvollediggeconv,srtmigratie,rdnwijzmigratie,aangmigratie,landgebiedmigratie,bladresregel1migratie,bladresregel2migratie,bladresregel3migratie,bladresregel4migratie,bladresregel5migratie,bladresregel6migratie,aandverblijfsr,datmededelingverblijfsr,datvoorzeindeverblijfsr,inddeelneuverkiezingen,dataanlaanpdeelneuverkiezing,datvoorzeindeuitsleuverkiezi,predicaat,voornamen,voorvoegsel,scheidingsteken,adellijketitel,geslnaamstam,indnreeks,indafgeleid,bijhpartij,indonverwdocaanw,geslachtsaand,bsn,anr,induitslkiesr,datvoorzeindeuitslkiesr,bijhaard,indonverwbijhvoorstelnieting,dattijdstempel) VALUES('17031','1','19920219','19920219','977','Koningsbosch',null,null,'229',null,null,null,null,null,null,null,null,'1','19920219','1',null,null,'1','true',null,'Berend','de','-',null,'Zatte',null,null,null,null,null,null,null,null,null,null,null,null,null,null,null,null,null,null,null,'Berend','de','-',null,'Zatte','false','true','347','false','1','700236028','7172324968',null,null,'1','false','19920219');
INSERT INTO kern.pers (id,srt,tslaatstewijz,datgeboorte,gemgeboorte,wplnaamgeboorte,blplaatsgeboorte,blregiogeboorte,landgebiedgeboorte,omslocgeboorte,datoverlijden,gemoverlijden,wplnaamoverlijden,blplaatsoverlijden,blregiooverlijden,landgebiedoverlijden,omslocoverlijden,naderebijhaard,datinschr,versienr,vorigebsn,volgendebsn,naamgebruik,indnaamgebruikafgeleid,predicaatnaamgebruik,voornamennaamgebruik,voorvoegselnaamgebruik,scheidingstekennaamgebruik,adellijketitelnaamgebruik,geslnaamstamnaamgebruik,gempk,indpkvollediggeconv,srtmigratie,rdnwijzmigratie,aangmigratie,landgebiedmigratie,bladresregel1migratie,bladresregel2migratie,bladresregel3migratie,bladresregel4migratie,bladresregel5migratie,bladresregel6migratie,aandverblijfsr,datmededelingverblijfsr,datvoorzeindeverblijfsr,inddeelneuverkiezingen,dataanlaanpdeelneuverkiezing,datvoorzeindeuitsleuverkiezi,predicaat,voornamen,voorvoegsel,scheidingsteken,adellijketitel,geslnaamstam,indnreeks,indafgeleid,bijhpartij,indonverwdocaanw,geslachtsaand,bsn,anr,induitslkiesr,datvoorzeindeuitslkiesr,bijhaard,indonverwbijhvoorstelnieting,dattijdstempel) VALUES('17032','1','19510923','19510923','522','Honselersdijk',null,null,'229',null,null,null,null,null,null,null,null,'1','19510923','1',null,null,'1','true',null,'Mike',null,'-',null,'Stuurman',null,null,null,null,null,null,null,null,null,null,null,null,null,null,null,null,null,null,null,'Mike',null,'-',null,'Stuurman','false','true','347','false','1','700254675','7173035698',null,null,'1','false','19510923');
INSERT INTO kern.pers (id,srt,tslaatstewijz,datgeboorte,gemgeboorte,wplnaamgeboorte,blplaatsgeboorte,blregiogeboorte,landgebiedgeboorte,omslocgeboorte,datoverlijden,gemoverlijden,wplnaamoverlijden,blplaatsoverlijden,blregiooverlijden,landgebiedoverlijden,omslocoverlijden,naderebijhaard,datinschr,versienr,vorigebsn,volgendebsn,naamgebruik,indnaamgebruikafgeleid,predicaatnaamgebruik,voornamennaamgebruik,voorvoegselnaamgebruik,scheidingstekennaamgebruik,adellijketitelnaamgebruik,geslnaamstamnaamgebruik,gempk,indpkvollediggeconv,srtmigratie,rdnwijzmigratie,aangmigratie,landgebiedmigratie,bladresregel1migratie,bladresregel2migratie,bladresregel3migratie,bladresregel4migratie,bladresregel5migratie,bladresregel6migratie,aandverblijfsr,datmededelingverblijfsr,datvoorzeindeverblijfsr,inddeelneuverkiezingen,dataanlaanpdeelneuverkiezing,datvoorzeindeuitsleuverkiezi,predicaat,voornamen,voorvoegsel,scheidingsteken,adellijketitel,geslnaamstam,indnreeks,indafgeleid,bijhpartij,indonverwdocaanw,geslachtsaand,bsn,anr,induitslkiesr,datvoorzeindeuitslkiesr,bijhaard,indonverwbijhvoorstelnieting,dattijdstempel) VALUES('17033','1','19531116','19531116','506','Scherpenzeel',null,null,'229',null,null,null,null,null,null,null,null,'1','19531116','1',null,null,'1','true',null,'Sanne','de','-',null,'Vriend',null,null,null,null,null,null,null,null,null,null,null,null,null,null,null,null,null,null,null,'Sanne','de','-',null,'Vriend','false','true','347','false','2','700278230','7176429838',null,null,'1','false','19531116');
INSERT INTO kern.pers (id,srt,tslaatstewijz,datgeboorte,gemgeboorte,wplnaamgeboorte,blplaatsgeboorte,blregiogeboorte,landgebiedgeboorte,omslocgeboorte,datoverlijden,gemoverlijden,wplnaamoverlijden,blplaatsoverlijden,blregiooverlijden,landgebiedoverlijden,omslocoverlijden,naderebijhaard,datinschr,versienr,vorigebsn,volgendebsn,naamgebruik,indnaamgebruikafgeleid,predicaatnaamgebruik,voornamennaamgebruik,voorvoegselnaamgebruik,scheidingstekennaamgebruik,adellijketitelnaamgebruik,geslnaamstamnaamgebruik,gempk,indpkvollediggeconv,srtmigratie,rdnwijzmigratie,aangmigratie,landgebiedmigratie,bladresregel1migratie,bladresregel2migratie,bladresregel3migratie,bladresregel4migratie,bladresregel5migratie,bladresregel6migratie,aandverblijfsr,datmededelingverblijfsr,datvoorzeindeverblijfsr,inddeelneuverkiezingen,dataanlaanpdeelneuverkiezing,datvoorzeindeuitsleuverkiezi,predicaat,voornamen,voorvoegsel,scheidingsteken,adellijketitel,geslnaamstam,indnreeks,indafgeleid,bijhpartij,indonverwdocaanw,geslachtsaand,bsn,anr,induitslkiesr,datvoorzeindeuitslkiesr,bijhaard,indonverwbijhvoorstelnieting,dattijdstempel) VALUES('17034','1','19390402','19390402','403','Egmond-Binnen',null,null,'229',null,null,null,null,null,null,null,null,'1','19390402','1',null,null,'1','true',null,'Josje','de','-',null,'Renner',null,null,null,null,null,null,null,null,null,null,null,null,null,null,null,null,null,null,null,'Josje','de','-',null,'Renner','false','true','347','false','2','700236405','7178143160',null,null,'1','false','19390402');
INSERT INTO kern.pers (id,srt,tslaatstewijz,datgeboorte,gemgeboorte,wplnaamgeboorte,blplaatsgeboorte,blregiogeboorte,landgebiedgeboorte,omslocgeboorte,datoverlijden,gemoverlijden,wplnaamoverlijden,blplaatsoverlijden,blregiooverlijden,landgebiedoverlijden,omslocoverlijden,naderebijhaard,datinschr,versienr,vorigebsn,volgendebsn,naamgebruik,indnaamgebruikafgeleid,predicaatnaamgebruik,voornamennaamgebruik,voorvoegselnaamgebruik,scheidingstekennaamgebruik,adellijketitelnaamgebruik,geslnaamstamnaamgebruik,gempk,indpkvollediggeconv,srtmigratie,rdnwijzmigratie,aangmigratie,landgebiedmigratie,bladresregel1migratie,bladresregel2migratie,bladresregel3migratie,bladresregel4migratie,bladresregel5migratie,bladresregel6migratie,aandverblijfsr,datmededelingverblijfsr,datvoorzeindeverblijfsr,inddeelneuverkiezingen,dataanlaanpdeelneuverkiezing,datvoorzeindeuitsleuverkiezi,predicaat,voornamen,voorvoegsel,scheidingsteken,adellijketitel,geslnaamstam,indnreeks,indafgeleid,bijhpartij,indonverwdocaanw,geslachtsaand,bsn,anr,induitslkiesr,datvoorzeindeuitslkiesr,bijhaard,indonverwbijhvoorstelnieting,dattijdstempel) VALUES('17035','1','19841203','19841203','342','Delft',null,null,'229',null,null,null,null,null,null,null,null,'1','19841203','1',null,null,'1','true',null,'Anna','de','-',null,'Muurbloem',null,null,null,null,null,null,null,null,null,null,null,null,null,null,null,null,null,null,null,'Anna','de','-',null,'Muurbloem','false','true','347','false','2','700253300','7178723464',null,null,'1','false','19841203');
INSERT INTO kern.pers (id,srt,tslaatstewijz,datgeboorte,gemgeboorte,wplnaamgeboorte,blplaatsgeboorte,blregiogeboorte,landgebiedgeboorte,omslocgeboorte,datoverlijden,gemoverlijden,wplnaamoverlijden,blplaatsoverlijden,blregiooverlijden,landgebiedoverlijden,omslocoverlijden,naderebijhaard,datinschr,versienr,vorigebsn,volgendebsn,naamgebruik,indnaamgebruikafgeleid,predicaatnaamgebruik,voornamennaamgebruik,voorvoegselnaamgebruik,scheidingstekennaamgebruik,adellijketitelnaamgebruik,geslnaamstamnaamgebruik,gempk,indpkvollediggeconv,srtmigratie,rdnwijzmigratie,aangmigratie,landgebiedmigratie,bladresregel1migratie,bladresregel2migratie,bladresregel3migratie,bladresregel4migratie,bladresregel5migratie,bladresregel6migratie,aandverblijfsr,datmededelingverblijfsr,datvoorzeindeverblijfsr,inddeelneuverkiezingen,dataanlaanpdeelneuverkiezing,datvoorzeindeuitsleuverkiezi,predicaat,voornamen,voorvoegsel,scheidingsteken,adellijketitel,geslnaamstam,indnreeks,indafgeleid,bijhpartij,indonverwdocaanw,geslachtsaand,bsn,anr,induitslkiesr,datvoorzeindeuitslkiesr,bijhaard,indonverwbijhvoorstelnieting,dattijdstempel) VALUES('17036','1','19851011','19851011','342','Delft',null,null,'229',null,null,null,null,null,null,null,null,'1','19851011','1',null,null,'1','true',null,'Gerard',null,'-',null,'Appelo',null,null,null,null,null,null,null,null,null,null,null,null,null,null,null,null,null,null,null,'Gerard',null,'-',null,'Appelo','false','true','347','false','1','700206565','7180231691',null,null,'1','false','19851011');
INSERT INTO kern.pers (id,srt,tslaatstewijz,datgeboorte,gemgeboorte,wplnaamgeboorte,blplaatsgeboorte,blregiogeboorte,landgebiedgeboorte,omslocgeboorte,datoverlijden,gemoverlijden,wplnaamoverlijden,blplaatsoverlijden,blregiooverlijden,landgebiedoverlijden,omslocoverlijden,naderebijhaard,datinschr,versienr,vorigebsn,volgendebsn,naamgebruik,indnaamgebruikafgeleid,predicaatnaamgebruik,voornamennaamgebruik,voorvoegselnaamgebruik,scheidingstekennaamgebruik,adellijketitelnaamgebruik,geslnaamstamnaamgebruik,gempk,indpkvollediggeconv,srtmigratie,rdnwijzmigratie,aangmigratie,landgebiedmigratie,bladresregel1migratie,bladresregel2migratie,bladresregel3migratie,bladresregel4migratie,bladresregel5migratie,bladresregel6migratie,aandverblijfsr,datmededelingverblijfsr,datvoorzeindeverblijfsr,inddeelneuverkiezingen,dataanlaanpdeelneuverkiezing,datvoorzeindeuitsleuverkiezi,predicaat,voornamen,voorvoegsel,scheidingsteken,adellijketitel,geslnaamstam,indnreeks,indafgeleid,bijhpartij,indonverwdocaanw,geslachtsaand,bsn,anr,induitslkiesr,datvoorzeindeuitslkiesr,bijhaard,indonverwbijhvoorstelnieting,dattijdstempel) VALUES('17037','1','20050112','20050112','91','Wolsum',null,null,'229',null,null,null,null,null,null,null,null,'1','20050112','1',null,null,'1','true',null,'Albert',null,'-',null,'Appel',null,null,null,null,null,null,null,null,null,null,null,null,null,null,null,null,null,null,null,'Albert',null,'-',null,'Appel','false','true','347','false','1','700260365','7184526542',null,null,'1','false','20050112');
INSERT INTO kern.pers (id,srt,tslaatstewijz,datgeboorte,gemgeboorte,wplnaamgeboorte,blplaatsgeboorte,blregiogeboorte,landgebiedgeboorte,omslocgeboorte,datoverlijden,gemoverlijden,wplnaamoverlijden,blplaatsoverlijden,blregiooverlijden,landgebiedoverlijden,omslocoverlijden,naderebijhaard,datinschr,versienr,vorigebsn,volgendebsn,naamgebruik,indnaamgebruikafgeleid,predicaatnaamgebruik,voornamennaamgebruik,voorvoegselnaamgebruik,scheidingstekennaamgebruik,adellijketitelnaamgebruik,geslnaamstamnaamgebruik,gempk,indpkvollediggeconv,srtmigratie,rdnwijzmigratie,aangmigratie,landgebiedmigratie,bladresregel1migratie,bladresregel2migratie,bladresregel3migratie,bladresregel4migratie,bladresregel5migratie,bladresregel6migratie,aandverblijfsr,datmededelingverblijfsr,datvoorzeindeverblijfsr,inddeelneuverkiezingen,dataanlaanpdeelneuverkiezing,datvoorzeindeuitsleuverkiezi,predicaat,voornamen,voorvoegsel,scheidingsteken,adellijketitel,geslnaamstam,indnreeks,indafgeleid,bijhpartij,indonverwdocaanw,geslachtsaand,bsn,anr,induitslkiesr,datvoorzeindeuitslkiesr,bijhaard,indonverwbijhvoorstelnieting,dattijdstempel) VALUES('17038','1','20051201','20051201','96','Twello',null,null,'229',null,null,null,null,null,null,null,null,'1','20051201','1',null,null,'1','true',null,'Marijke','ter','-',null,'Aar',null,null,null,null,null,null,null,null,null,null,null,null,null,null,null,null,null,null,null,'Marijke','ter','-',null,'Aar','false','true','347','false','2','700235747','7189647873',null,null,'1','false','20051201');
INSERT INTO kern.pers (id,srt,tslaatstewijz,datgeboorte,gemgeboorte,wplnaamgeboorte,blplaatsgeboorte,blregiogeboorte,landgebiedgeboorte,omslocgeboorte,datoverlijden,gemoverlijden,wplnaamoverlijden,blplaatsoverlijden,blregiooverlijden,landgebiedoverlijden,omslocoverlijden,naderebijhaard,datinschr,versienr,vorigebsn,volgendebsn,naamgebruik,indnaamgebruikafgeleid,predicaatnaamgebruik,voornamennaamgebruik,voorvoegselnaamgebruik,scheidingstekennaamgebruik,adellijketitelnaamgebruik,geslnaamstamnaamgebruik,gempk,indpkvollediggeconv,srtmigratie,rdnwijzmigratie,aangmigratie,landgebiedmigratie,bladresregel1migratie,bladresregel2migratie,bladresregel3migratie,bladresregel4migratie,bladresregel5migratie,bladresregel6migratie,aandverblijfsr,datmededelingverblijfsr,datvoorzeindeverblijfsr,inddeelneuverkiezingen,dataanlaanpdeelneuverkiezing,datvoorzeindeuitsleuverkiezi,predicaat,voornamen,voorvoegsel,scheidingsteken,adellijketitel,geslnaamstam,indnreeks,indafgeleid,bijhpartij,indonverwdocaanw,geslachtsaand,bsn,anr,induitslkiesr,datvoorzeindeuitslkiesr,bijhaard,indonverwbijhvoorstelnieting,dattijdstempel) VALUES('17039','1','20060112','20050112','63','Zevenbergschen Hoek',null,null,'229',null,null,null,null,null,null,null,null,'1','20050112','1',null,null,'1','true',null,'Geerte','in het','-',null,'Veld',null,null,null,null,null,null,null,null,null,null,null,null,null,null,null,null,null,null,null,'Geerte','in het','-',null,'Veld','false','true','347','false','2','700240068','7189703207',null,null,'1','false','20050112');
INSERT INTO kern.pers (id,srt,tslaatstewijz,datgeboorte,gemgeboorte,wplnaamgeboorte,blplaatsgeboorte,blregiogeboorte,landgebiedgeboorte,omslocgeboorte,datoverlijden,gemoverlijden,wplnaamoverlijden,blplaatsoverlijden,blregiooverlijden,landgebiedoverlijden,omslocoverlijden,naderebijhaard,datinschr,versienr,vorigebsn,volgendebsn,naamgebruik,indnaamgebruikafgeleid,predicaatnaamgebruik,voornamennaamgebruik,voorvoegselnaamgebruik,scheidingstekennaamgebruik,adellijketitelnaamgebruik,geslnaamstamnaamgebruik,gempk,indpkvollediggeconv,srtmigratie,rdnwijzmigratie,aangmigratie,landgebiedmigratie,bladresregel1migratie,bladresregel2migratie,bladresregel3migratie,bladresregel4migratie,bladresregel5migratie,bladresregel6migratie,aandverblijfsr,datmededelingverblijfsr,datvoorzeindeverblijfsr,inddeelneuverkiezingen,dataanlaanpdeelneuverkiezing,datvoorzeindeuitsleuverkiezi,predicaat,voornamen,voorvoegsel,scheidingsteken,adellijketitel,geslnaamstam,indnreeks,indafgeleid,bijhpartij,indonverwdocaanw,geslachtsaand,bsn,anr,induitslkiesr,datvoorzeindeuitslkiesr,bijhaard,indonverwbijhvoorstelnieting,dattijdstempel) VALUES('17040','2','20051201','20051201','99','Tuitjenhorn',null,null,'229',null,null,null,null,null,null,null,null,'1','20051201','1',null,null,'1','true',null,'Gert','van','-',null,'Penderloo',null,null,null,null,null,null,null,null,null,null,null,null,null,null,null,null,null,null,null,'Gert','van','-',null,'Penderloo','false','true','347','false','1','700286433','7190672534',null,null,'1','false','20051201');
INSERT INTO kern.pers (id,srt,tslaatstewijz,datgeboorte,gemgeboorte,wplnaamgeboorte,blplaatsgeboorte,blregiogeboorte,landgebiedgeboorte,omslocgeboorte,datoverlijden,gemoverlijden,wplnaamoverlijden,blplaatsoverlijden,blregiooverlijden,landgebiedoverlijden,omslocoverlijden,naderebijhaard,datinschr,versienr,vorigebsn,volgendebsn,naamgebruik,indnaamgebruikafgeleid,predicaatnaamgebruik,voornamennaamgebruik,voorvoegselnaamgebruik,scheidingstekennaamgebruik,adellijketitelnaamgebruik,geslnaamstamnaamgebruik,gempk,indpkvollediggeconv,srtmigratie,rdnwijzmigratie,aangmigratie,landgebiedmigratie,bladresregel1migratie,bladresregel2migratie,bladresregel3migratie,bladresregel4migratie,bladresregel5migratie,bladresregel6migratie,aandverblijfsr,datmededelingverblijfsr,datvoorzeindeverblijfsr,inddeelneuverkiezingen,dataanlaanpdeelneuverkiezing,datvoorzeindeuitsleuverkiezi,predicaat,voornamen,voorvoegsel,scheidingsteken,adellijketitel,geslnaamstam,indnreeks,indafgeleid,bijhpartij,indonverwdocaanw,geslachtsaand,bsn,anr,induitslkiesr,datvoorzeindeuitslkiesr,bijhaard,indonverwbijhvoorstelnieting,dattijdstempel) VALUES('17041','1','19680809','19680809','99','Tuitjenhorn',null,null,'229',null,null,null,null,null,null,null,null,'1','19680809','1',null,null,'1','true',null,'Gijs','de','-',null,'Bakker',null,null,null,null,null,null,null,null,null,null,null,null,null,null,null,null,null,null,null,'Gijs','de','-',null,'Bakker','false','true','347','false','1','700235565','7191972323',null,null,'1','false','19680809');
INSERT INTO kern.pers (id,srt,tslaatstewijz,datgeboorte,gemgeboorte,wplnaamgeboorte,blplaatsgeboorte,blregiogeboorte,landgebiedgeboorte,omslocgeboorte,datoverlijden,gemoverlijden,wplnaamoverlijden,blplaatsoverlijden,blregiooverlijden,landgebiedoverlijden,omslocoverlijden,naderebijhaard,datinschr,versienr,vorigebsn,volgendebsn,naamgebruik,indnaamgebruikafgeleid,predicaatnaamgebruik,voornamennaamgebruik,voorvoegselnaamgebruik,scheidingstekennaamgebruik,adellijketitelnaamgebruik,geslnaamstamnaamgebruik,gempk,indpkvollediggeconv,srtmigratie,rdnwijzmigratie,aangmigratie,landgebiedmigratie,bladresregel1migratie,bladresregel2migratie,bladresregel3migratie,bladresregel4migratie,bladresregel5migratie,bladresregel6migratie,aandverblijfsr,datmededelingverblijfsr,datvoorzeindeverblijfsr,inddeelneuverkiezingen,dataanlaanpdeelneuverkiezing,datvoorzeindeuitsleuverkiezi,predicaat,voornamen,voorvoegsel,scheidingsteken,adellijketitel,geslnaamstam,indnreeks,indafgeleid,bijhpartij,indonverwdocaanw,geslachtsaand,bsn,anr,induitslkiesr,datvoorzeindeuitslkiesr,bijhaard,indonverwbijhvoorstelnieting,dattijdstempel) VALUES('17042','1','19580921','19580921','91','Wolsum',null,null,'229',null,null,null,null,null,null,null,null,'1','19580921','1',null,null,'1','true',null,'Guido',null,'-',null,'Karlson',null,null,null,null,null,null,null,null,null,null,null,null,null,null,null,null,null,null,null,'Guido',null,'-',null,'Karlson','false','true','347','false','1','700206206','7192784782',null,null,'1','false','19580921');
INSERT INTO kern.pers (id,srt,tslaatstewijz,datgeboorte,gemgeboorte,wplnaamgeboorte,blplaatsgeboorte,blregiogeboorte,landgebiedgeboorte,omslocgeboorte,datoverlijden,gemoverlijden,wplnaamoverlijden,blplaatsoverlijden,blregiooverlijden,landgebiedoverlijden,omslocoverlijden,naderebijhaard,datinschr,versienr,vorigebsn,volgendebsn,naamgebruik,indnaamgebruikafgeleid,predicaatnaamgebruik,voornamennaamgebruik,voorvoegselnaamgebruik,scheidingstekennaamgebruik,adellijketitelnaamgebruik,geslnaamstamnaamgebruik,gempk,indpkvollediggeconv,srtmigratie,rdnwijzmigratie,aangmigratie,landgebiedmigratie,bladresregel1migratie,bladresregel2migratie,bladresregel3migratie,bladresregel4migratie,bladresregel5migratie,bladresregel6migratie,aandverblijfsr,datmededelingverblijfsr,datvoorzeindeverblijfsr,inddeelneuverkiezingen,dataanlaanpdeelneuverkiezing,datvoorzeindeuitsleuverkiezi,predicaat,voornamen,voorvoegsel,scheidingsteken,adellijketitel,geslnaamstam,indnreeks,indafgeleid,bijhpartij,indonverwdocaanw,geslachtsaand,bsn,anr,induitslkiesr,datvoorzeindeuitslkiesr,bijhaard,indonverwbijhvoorstelnieting,dattijdstempel) VALUES('17043','1','19951004','19951004','91','Wolsum',null,null,'229',null,null,null,null,null,null,null,null,'1','19951004','1',null,null,'1','true',null,'Annemieke','ter','-',null,'Nater',null,null,null,null,null,null,null,null,null,null,null,null,null,null,null,null,null,null,null,'Annemieke','ter','-',null,'Nater','false','true','347','false','2','700260754','7193794040',null,null,'1','false','19951004');
INSERT INTO kern.pers (id,srt,tslaatstewijz,datgeboorte,gemgeboorte,wplnaamgeboorte,blplaatsgeboorte,blregiogeboorte,landgebiedgeboorte,omslocgeboorte,datoverlijden,gemoverlijden,wplnaamoverlijden,blplaatsoverlijden,blregiooverlijden,landgebiedoverlijden,omslocoverlijden,naderebijhaard,datinschr,versienr,vorigebsn,volgendebsn,naamgebruik,indnaamgebruikafgeleid,predicaatnaamgebruik,voornamennaamgebruik,voorvoegselnaamgebruik,scheidingstekennaamgebruik,adellijketitelnaamgebruik,geslnaamstamnaamgebruik,gempk,indpkvollediggeconv,srtmigratie,rdnwijzmigratie,aangmigratie,landgebiedmigratie,bladresregel1migratie,bladresregel2migratie,bladresregel3migratie,bladresregel4migratie,bladresregel5migratie,bladresregel6migratie,aandverblijfsr,datmededelingverblijfsr,datvoorzeindeverblijfsr,inddeelneuverkiezingen,dataanlaanpdeelneuverkiezing,datvoorzeindeuitsleuverkiezi,predicaat,voornamen,voorvoegsel,scheidingsteken,adellijketitel,geslnaamstam,indnreeks,indafgeleid,bijhpartij,indonverwdocaanw,geslachtsaand,bsn,anr,induitslkiesr,datvoorzeindeuitslkiesr,bijhaard,indonverwbijhvoorstelnieting,dattijdstempel) VALUES('17044','2','20051201','20051201','365','Hellendoorn',null,null,'229',null,null,null,null,null,null,null,null,'1','20051201','1',null,null,'1','true',null,'Maarten','van','-',null,'Hoog',null,null,null,null,null,null,null,null,null,null,null,null,null,null,null,null,null,null,null,'Maarten','van','-',null,'Hoog','false','true','347','false','1','700238438','7196561716',null,null,'1','false','20051201');
INSERT INTO kern.pers (id,srt,tslaatstewijz,datgeboorte,gemgeboorte,wplnaamgeboorte,blplaatsgeboorte,blregiogeboorte,landgebiedgeboorte,omslocgeboorte,datoverlijden,gemoverlijden,wplnaamoverlijden,blplaatsoverlijden,blregiooverlijden,landgebiedoverlijden,omslocoverlijden,naderebijhaard,datinschr,versienr,vorigebsn,volgendebsn,naamgebruik,indnaamgebruikafgeleid,predicaatnaamgebruik,voornamennaamgebruik,voorvoegselnaamgebruik,scheidingstekennaamgebruik,adellijketitelnaamgebruik,geslnaamstamnaamgebruik,gempk,indpkvollediggeconv,srtmigratie,rdnwijzmigratie,aangmigratie,landgebiedmigratie,bladresregel1migratie,bladresregel2migratie,bladresregel3migratie,bladresregel4migratie,bladresregel5migratie,bladresregel6migratie,aandverblijfsr,datmededelingverblijfsr,datvoorzeindeverblijfsr,inddeelneuverkiezingen,dataanlaanpdeelneuverkiezing,datvoorzeindeuitsleuverkiezi,predicaat,voornamen,voorvoegsel,scheidingsteken,adellijketitel,geslnaamstam,indnreeks,indafgeleid,bijhpartij,indonverwdocaanw,geslachtsaand,bsn,anr,induitslkiesr,datvoorzeindeuitslkiesr,bijhaard,indonverwbijhvoorstelnieting,dattijdstempel) VALUES('17045','3','20050112','20050112','365','Hellendoorn',null,null,'229',null,null,null,null,null,null,null,null,'1','20050112','1',null,null,'1','true',null,'Marion','de','-',null,'Hoop',null,null,null,null,null,null,null,null,null,null,null,null,null,null,null,null,null,null,null,'Marion','de','-',null,'Hoop','false','true','347','false','2','700242405','7196579128',null,null,'1','false','20050112');

commit;


--------------------------------------------------
--- EIND
--- Sheet: (pers)
--- Handler: SheetHandlerImplSimpleInsert
--- Aantal: (45)
--------------------------------------------------
--------------------------------------------------
--- Sheet: (1) (ouders...) wordt overgeslagen
--------------------------------------------------
--------------------------------------------------
--- START
--- Sheet: (admhnd)
--- Handler: SheetHandlerImplSimpleInsert
--------------------------------------------------

begin;

INSERT INTO kern.admhnd (id,srt,partij,toelichtingontlening,tsreg) VALUES('17001','1','2000',null,'20100318');
INSERT INTO kern.admhnd (id,srt,partij,toelichtingontlening,tsreg) VALUES('17002','1','2000',null,'20100318');
INSERT INTO kern.admhnd (id,srt,partij,toelichtingontlening,tsreg) VALUES('17003','1','2000',null,'20100318');
INSERT INTO kern.admhnd (id,srt,partij,toelichtingontlening,tsreg) VALUES('17004','1','2000',null,'20100318');
INSERT INTO kern.admhnd (id,srt,partij,toelichtingontlening,tsreg) VALUES('17005','1','2000',null,'20100318');
INSERT INTO kern.admhnd (id,srt,partij,toelichtingontlening,tsreg) VALUES('17006','1','2000',null,'20100318');
INSERT INTO kern.admhnd (id,srt,partij,toelichtingontlening,tsreg) VALUES('17007','1','2000',null,'20100318');
INSERT INTO kern.admhnd (id,srt,partij,toelichtingontlening,tsreg) VALUES('17008','1','2000',null,'20100318');
INSERT INTO kern.admhnd (id,srt,partij,toelichtingontlening,tsreg) VALUES('17009','1','2000',null,'20100318');
INSERT INTO kern.admhnd (id,srt,partij,toelichtingontlening,tsreg) VALUES('17010','1','2000',null,'20100318');
INSERT INTO kern.admhnd (id,srt,partij,toelichtingontlening,tsreg) VALUES('17011','1','2000',null,'20100318');
INSERT INTO kern.admhnd (id,srt,partij,toelichtingontlening,tsreg) VALUES('17012','1','2000',null,'20100318');
INSERT INTO kern.admhnd (id,srt,partij,toelichtingontlening,tsreg) VALUES('17013','1','2000',null,'20100318');
INSERT INTO kern.admhnd (id,srt,partij,toelichtingontlening,tsreg) VALUES('17014','1','2000',null,'20100318');
INSERT INTO kern.admhnd (id,srt,partij,toelichtingontlening,tsreg) VALUES('17015','1','2000',null,'20100318');
INSERT INTO kern.admhnd (id,srt,partij,toelichtingontlening,tsreg) VALUES('17016','1','2000',null,'20100318');
INSERT INTO kern.admhnd (id,srt,partij,toelichtingontlening,tsreg) VALUES('17017','1','2000',null,'20100318');
INSERT INTO kern.admhnd (id,srt,partij,toelichtingontlening,tsreg) VALUES('17018','1','2000',null,'20100318');
INSERT INTO kern.admhnd (id,srt,partij,toelichtingontlening,tsreg) VALUES('17019','1','2000',null,'20100318');
INSERT INTO kern.admhnd (id,srt,partij,toelichtingontlening,tsreg) VALUES('17020','1','2000',null,'20100318');
INSERT INTO kern.admhnd (id,srt,partij,toelichtingontlening,tsreg) VALUES('17021','1','2000',null,'20100318');
INSERT INTO kern.admhnd (id,srt,partij,toelichtingontlening,tsreg) VALUES('17022','1','2000',null,'20100318');
INSERT INTO kern.admhnd (id,srt,partij,toelichtingontlening,tsreg) VALUES('17023','1','2000',null,'20100318');
INSERT INTO kern.admhnd (id,srt,partij,toelichtingontlening,tsreg) VALUES('17024','1','2000',null,'20100318');
INSERT INTO kern.admhnd (id,srt,partij,toelichtingontlening,tsreg) VALUES('17025','1','2000',null,'20100318');
INSERT INTO kern.admhnd (id,srt,partij,toelichtingontlening,tsreg) VALUES('17026','1','2000',null,'20100318');
INSERT INTO kern.admhnd (id,srt,partij,toelichtingontlening,tsreg) VALUES('17027','1','2000',null,'20100318');
INSERT INTO kern.admhnd (id,srt,partij,toelichtingontlening,tsreg) VALUES('17028','1','2000',null,'20100318');
INSERT INTO kern.admhnd (id,srt,partij,toelichtingontlening,tsreg) VALUES('17029','1','2000',null,'20100318');
INSERT INTO kern.admhnd (id,srt,partij,toelichtingontlening,tsreg) VALUES('17030','1','2000',null,'20100318');
INSERT INTO kern.admhnd (id,srt,partij,toelichtingontlening,tsreg) VALUES('17031','1','2000',null,'20100318');
INSERT INTO kern.admhnd (id,srt,partij,toelichtingontlening,tsreg) VALUES('17032','1','2000',null,'20100318');
INSERT INTO kern.admhnd (id,srt,partij,toelichtingontlening,tsreg) VALUES('17033','1','2000',null,'20100318');
INSERT INTO kern.admhnd (id,srt,partij,toelichtingontlening,tsreg) VALUES('17034','1','2000',null,'20100318');
INSERT INTO kern.admhnd (id,srt,partij,toelichtingontlening,tsreg) VALUES('17035','1','2000',null,'20100318');
INSERT INTO kern.admhnd (id,srt,partij,toelichtingontlening,tsreg) VALUES('17036','1','2000',null,'20100318');
INSERT INTO kern.admhnd (id,srt,partij,toelichtingontlening,tsreg) VALUES('17037','1','2000',null,'20100318');
INSERT INTO kern.admhnd (id,srt,partij,toelichtingontlening,tsreg) VALUES('17038','1','2000',null,'20100318');
INSERT INTO kern.admhnd (id,srt,partij,toelichtingontlening,tsreg) VALUES('17039','1','2000',null,'20100318');
INSERT INTO kern.admhnd (id,srt,partij,toelichtingontlening,tsreg) VALUES('17040','1','2000',null,'20100318');
INSERT INTO kern.admhnd (id,srt,partij,toelichtingontlening,tsreg) VALUES('17041','1','2000',null,'20100318');
INSERT INTO kern.admhnd (id,srt,partij,toelichtingontlening,tsreg) VALUES('17042','1','2000',null,'20100318');
INSERT INTO kern.admhnd (id,srt,partij,toelichtingontlening,tsreg) VALUES('17043','1','2000',null,'20100318');
INSERT INTO kern.admhnd (id,srt,partij,toelichtingontlening,tsreg) VALUES('17044','1','2000',null,'20100318');
INSERT INTO kern.admhnd (id,srt,partij,toelichtingontlening,tsreg) VALUES('17045','1','2000',null,'20100318');
INSERT INTO kern.admhnd (id,srt,partij,toelichtingontlening,tsreg) VALUES('17500','1','2000',null,'20100318');
INSERT INTO kern.admhnd (id,srt,partij,toelichtingontlening,tsreg) VALUES('17501','18','2000',null,'20100318');
INSERT INTO kern.admhnd (id,srt,partij,toelichtingontlening,tsreg) VALUES('17502','18','2000',null,'20100318');
INSERT INTO kern.admhnd (id,srt,partij,toelichtingontlening,tsreg) VALUES('17503','18','2000',null,'20100318');
INSERT INTO kern.admhnd (id,srt,partij,toelichtingontlening,tsreg) VALUES('17504','18','2000',null,'20100318');
INSERT INTO kern.admhnd (id,srt,partij,toelichtingontlening,tsreg) VALUES('17505','18','2000',null,'20100318');
INSERT INTO kern.admhnd (id,srt,partij,toelichtingontlening,tsreg) VALUES('17506','35','2000',null,'20100318');
INSERT INTO kern.admhnd (id,srt,partij,toelichtingontlening,tsreg) VALUES('17624','66','2000',null,'20100318');
INSERT INTO kern.admhnd (id,srt,partij,toelichtingontlening,tsreg) VALUES('17625','66','2000',null,'20100318');
INSERT INTO kern.admhnd (id,srt,partij,toelichtingontlening,tsreg) VALUES('17626','1','2000',null,'20100318');
INSERT INTO kern.admhnd (id,srt,partij,toelichtingontlening,tsreg) VALUES('17627','1','2000',null,'20100318');
INSERT INTO kern.admhnd (id,srt,partij,toelichtingontlening,tsreg) VALUES('17628','6','2000',null,'20100318');
INSERT INTO kern.admhnd (id,srt,partij,toelichtingontlening,tsreg) VALUES('17629','37','2000',null,'20100318');
INSERT INTO kern.admhnd (id,srt,partij,toelichtingontlening,tsreg) VALUES('17630','18','2000',null,'20100318');
INSERT INTO kern.admhnd (id,srt,partij,toelichtingontlening,tsreg) VALUES('17631','18','2000',null,'20100318');
INSERT INTO kern.admhnd (id,srt,partij,toelichtingontlening,tsreg) VALUES('17632','18','2000',null,'20100318');
INSERT INTO kern.admhnd (id,srt,partij,toelichtingontlening,tsreg) VALUES('17633','18','2000',null,'20100318');
INSERT INTO kern.admhnd (id,srt,partij,toelichtingontlening,tsreg) VALUES('17634','1','2000',null,'20100318');
INSERT INTO kern.admhnd (id,srt,partij,toelichtingontlening,tsreg) VALUES('17635','1','2000',null,'20100318');
INSERT INTO kern.admhnd (id,srt,partij,toelichtingontlening,tsreg) VALUES('17636','1','2000',null,'20100318');
INSERT INTO kern.admhnd (id,srt,partij,toelichtingontlening,tsreg) VALUES('17637','18','2000',null,'20100318');
INSERT INTO kern.admhnd (id,srt,partij,toelichtingontlening,tsreg) VALUES('17638','1','2000',null,'20100318');
INSERT INTO kern.admhnd (id,srt,partij,toelichtingontlening,tsreg) VALUES('17639','18','2000',null,'20100318');
INSERT INTO kern.admhnd (id,srt,partij,toelichtingontlening,tsreg) VALUES('17640','18','2000',null,'20100318');
INSERT INTO kern.admhnd (id,srt,partij,toelichtingontlening,tsreg) VALUES('17641','35','2000',null,'20100318');
INSERT INTO kern.admhnd (id,srt,partij,toelichtingontlening,tsreg) VALUES('17642','37','2000',null,'20100318');
INSERT INTO kern.admhnd (id,srt,partij,toelichtingontlening,tsreg) VALUES('17643','35','2000',null,'20100318');
INSERT INTO kern.admhnd (id,srt,partij,toelichtingontlening,tsreg) VALUES('17644','37','2000',null,'20100318');
INSERT INTO kern.admhnd (id,srt,partij,toelichtingontlening,tsreg) VALUES('17645','35','2000',null,'20100318');
INSERT INTO kern.admhnd (id,srt,partij,toelichtingontlening,tsreg) VALUES('17646','18','2000',null,'20100318');
INSERT INTO kern.admhnd (id,srt,partij,toelichtingontlening,tsreg) VALUES('18000','30','2000',null,'20100318');
INSERT INTO kern.admhnd (id,srt,partij,toelichtingontlening,tsreg) VALUES('17999','30','2000',null,'20100318');
INSERT INTO kern.admhnd (id,srt,partij,toelichtingontlening,tsreg) VALUES('17998','30','2000',null,'20100318');
INSERT INTO kern.admhnd (id,srt,partij,toelichtingontlening,tsreg) VALUES('17997','30','2000',null,'20100318');
INSERT INTO kern.admhnd (id,srt,partij,toelichtingontlening,tsreg) VALUES('17996','30','2000',null,'20100318');
INSERT INTO kern.admhnd (id,srt,partij,toelichtingontlening,tsreg) VALUES('17995','30','2000',null,'20100318');
INSERT INTO kern.admhnd (id,srt,partij,toelichtingontlening,tsreg) VALUES('17994','30','2000',null,'20100318');
INSERT INTO kern.admhnd (id,srt,partij,toelichtingontlening,tsreg) VALUES('17993','30','2000',null,'20100318');
INSERT INTO kern.admhnd (id,srt,partij,toelichtingontlening,tsreg) VALUES('17992','30','2000',null,'20100318');
INSERT INTO kern.admhnd (id,srt,partij,toelichtingontlening,tsreg) VALUES('17991','30','2000',null,'20100318');
INSERT INTO kern.admhnd (id,srt,partij,toelichtingontlening,tsreg) VALUES('17990','30','2000',null,'20100318');
INSERT INTO kern.admhnd (id,srt,partij,toelichtingontlening,tsreg) VALUES('17989','30','2000',null,'20100318');
INSERT INTO kern.admhnd (id,srt,partij,toelichtingontlening,tsreg) VALUES('17988','30','2000',null,'20100318');
INSERT INTO kern.admhnd (id,srt,partij,toelichtingontlening,tsreg) VALUES('17987','30','2000',null,'20100318');
INSERT INTO kern.admhnd (id,srt,partij,toelichtingontlening,tsreg) VALUES('17986','30','2000',null,'20100318');
INSERT INTO kern.admhnd (id,srt,partij,toelichtingontlening,tsreg) VALUES('17985','30','2000',null,'20100318');
INSERT INTO kern.admhnd (id,srt,partij,toelichtingontlening,tsreg) VALUES('17984','30','2000',null,'20100318');
INSERT INTO kern.admhnd (id,srt,partij,toelichtingontlening,tsreg) VALUES('17983','30','2000',null,'20100318');
INSERT INTO kern.admhnd (id,srt,partij,toelichtingontlening,tsreg) VALUES('17982','30','2000',null,'20100318');
INSERT INTO kern.admhnd (id,srt,partij,toelichtingontlening,tsreg) VALUES('17981','30','2000',null,'20100318');
INSERT INTO kern.admhnd (id,srt,partij,toelichtingontlening,tsreg) VALUES('17980','30','2000',null,'20100318');
INSERT INTO kern.admhnd (id,srt,partij,toelichtingontlening,tsreg) VALUES('17979','30','2000',null,'20100318');
INSERT INTO kern.admhnd (id,srt,partij,toelichtingontlening,tsreg) VALUES('17978','30','2000',null,'20100318');
INSERT INTO kern.admhnd (id,srt,partij,toelichtingontlening,tsreg) VALUES('17977','30','2000',null,'20100318');
INSERT INTO kern.admhnd (id,srt,partij,toelichtingontlening,tsreg) VALUES('17976','30','2000',null,'20100318');
INSERT INTO kern.admhnd (id,srt,partij,toelichtingontlening,tsreg) VALUES('17975','30','2000',null,'20100318');
INSERT INTO kern.admhnd (id,srt,partij,toelichtingontlening,tsreg) VALUES('17974','30','2000',null,'20100318');
INSERT INTO kern.admhnd (id,srt,partij,toelichtingontlening,tsreg) VALUES('17973','30','2000',null,'20100318');
INSERT INTO kern.admhnd (id,srt,partij,toelichtingontlening,tsreg) VALUES('17972','30','2000',null,'20100318');
INSERT INTO kern.admhnd (id,srt,partij,toelichtingontlening,tsreg) VALUES('17971','30','2000',null,'20100318');
INSERT INTO kern.admhnd (id,srt,partij,toelichtingontlening,tsreg) VALUES('17970','30','2000',null,'20100318');
INSERT INTO kern.admhnd (id,srt,partij,toelichtingontlening,tsreg) VALUES('17969','30','2000',null,'20100318');
INSERT INTO kern.admhnd (id,srt,partij,toelichtingontlening,tsreg) VALUES('17968','30','2000',null,'20100318');
INSERT INTO kern.admhnd (id,srt,partij,toelichtingontlening,tsreg) VALUES('17967','30','2000',null,'20100318');
INSERT INTO kern.admhnd (id,srt,partij,toelichtingontlening,tsreg) VALUES('17966','30','2000',null,'20100318');
INSERT INTO kern.admhnd (id,srt,partij,toelichtingontlening,tsreg) VALUES('17965','30','2000',null,'20100318');
INSERT INTO kern.admhnd (id,srt,partij,toelichtingontlening,tsreg) VALUES('17964','30','2000',null,'20100318');
INSERT INTO kern.admhnd (id,srt,partij,toelichtingontlening,tsreg) VALUES('17963','30','2000',null,'20100318');
INSERT INTO kern.admhnd (id,srt,partij,toelichtingontlening,tsreg) VALUES('17962','30','2000',null,'20100318');
INSERT INTO kern.admhnd (id,srt,partij,toelichtingontlening,tsreg) VALUES('17961','30','2000',null,'20100318');
INSERT INTO kern.admhnd (id,srt,partij,toelichtingontlening,tsreg) VALUES('17960','30','2000',null,'20100318');
INSERT INTO kern.admhnd (id,srt,partij,toelichtingontlening,tsreg) VALUES('17959','30','2000',null,'20100318');
INSERT INTO kern.admhnd (id,srt,partij,toelichtingontlening,tsreg) VALUES('17958','30','2000',null,'20100318');
INSERT INTO kern.admhnd (id,srt,partij,toelichtingontlening,tsreg) VALUES('17957','30','2000',null,'20100318');
INSERT INTO kern.admhnd (id,srt,partij,toelichtingontlening,tsreg) VALUES('17956','30','2000',null,'20100318');
INSERT INTO kern.admhnd (id,srt,partij,toelichtingontlening,tsreg) VALUES('17955','30','2000',null,'20100318');
INSERT INTO kern.admhnd (id,srt,partij,toelichtingontlening,tsreg) VALUES('17954','30','2000',null,'20100318');
INSERT INTO kern.admhnd (id,srt,partij,toelichtingontlening,tsreg) VALUES('17953','30','2000',null,'20100318');
INSERT INTO kern.admhnd (id,srt,partij,toelichtingontlening,tsreg) VALUES('17952','30','2000',null,'20100318');
INSERT INTO kern.admhnd (id,srt,partij,toelichtingontlening,tsreg) VALUES('17951','30','2000',null,'20100318');
INSERT INTO kern.admhnd (id,srt,partij,toelichtingontlening,tsreg) VALUES('17950','30','2000',null,'20100318');
INSERT INTO kern.admhnd (id,srt,partij,toelichtingontlening,tsreg) VALUES('17949','30','2000',null,'20100318');
INSERT INTO kern.admhnd (id,srt,partij,toelichtingontlening,tsreg) VALUES('17948','30','2000',null,'20100318');
INSERT INTO kern.admhnd (id,srt,partij,toelichtingontlening,tsreg) VALUES('17947','30','2000',null,'20100318');
INSERT INTO kern.admhnd (id,srt,partij,toelichtingontlening,tsreg) VALUES('17946','30','2000',null,'20100318');
INSERT INTO kern.admhnd (id,srt,partij,toelichtingontlening,tsreg) VALUES('17945','30','2000',null,'20100318');
INSERT INTO kern.admhnd (id,srt,partij,toelichtingontlening,tsreg) VALUES('17944','30','2000',null,'20100318');
INSERT INTO kern.admhnd (id,srt,partij,toelichtingontlening,tsreg) VALUES('17943','30','2000',null,'20100318');
INSERT INTO kern.admhnd (id,srt,partij,toelichtingontlening,tsreg) VALUES('17942','30','2000',null,'20100318');
INSERT INTO kern.admhnd (id,srt,partij,toelichtingontlening,tsreg) VALUES('17941','30','2000',null,'20100318');
INSERT INTO kern.admhnd (id,srt,partij,toelichtingontlening,tsreg) VALUES('17940','30','2000',null,'20100318');
INSERT INTO kern.admhnd (id,srt,partij,toelichtingontlening,tsreg) VALUES('17939','30','2000',null,'20100318');
INSERT INTO kern.admhnd (id,srt,partij,toelichtingontlening,tsreg) VALUES('17938','30','2000',null,'20100318');
INSERT INTO kern.admhnd (id,srt,partij,toelichtingontlening,tsreg) VALUES('17937','30','2000',null,'20100318');
INSERT INTO kern.admhnd (id,srt,partij,toelichtingontlening,tsreg) VALUES('17936','30','2000',null,'20100318');
INSERT INTO kern.admhnd (id,srt,partij,toelichtingontlening,tsreg) VALUES('17935','30','2000',null,'20100318');
INSERT INTO kern.admhnd (id,srt,partij,toelichtingontlening,tsreg) VALUES('17934','30','2000',null,'20100318');
INSERT INTO kern.admhnd (id,srt,partij,toelichtingontlening,tsreg) VALUES('17933','30','2000',null,'20100318');
INSERT INTO kern.admhnd (id,srt,partij,toelichtingontlening,tsreg) VALUES('17932','30','2000',null,'20100318');
INSERT INTO kern.admhnd (id,srt,partij,toelichtingontlening,tsreg) VALUES('17931','30','2000',null,'20100318');
INSERT INTO kern.admhnd (id,srt,partij,toelichtingontlening,tsreg) VALUES('17930','30','2000',null,'20100318');
INSERT INTO kern.admhnd (id,srt,partij,toelichtingontlening,tsreg) VALUES('17929','30','2000',null,'20100318');
INSERT INTO kern.admhnd (id,srt,partij,toelichtingontlening,tsreg) VALUES('17928','30','2000',null,'20100318');
INSERT INTO kern.admhnd (id,srt,partij,toelichtingontlening,tsreg) VALUES('17927','30','2000',null,'20100318');
INSERT INTO kern.admhnd (id,srt,partij,toelichtingontlening,tsreg) VALUES('17926','30','2000',null,'20100318');
INSERT INTO kern.admhnd (id,srt,partij,toelichtingontlening,tsreg) VALUES('17925','30','2000',null,'20100318');
INSERT INTO kern.admhnd (id,srt,partij,toelichtingontlening,tsreg) VALUES('17924','30','2000',null,'20100318');
INSERT INTO kern.admhnd (id,srt,partij,toelichtingontlening,tsreg) VALUES('17923','30','2000',null,'20100318');
INSERT INTO kern.admhnd (id,srt,partij,toelichtingontlening,tsreg) VALUES('17922','30','2000',null,'20100318');
INSERT INTO kern.admhnd (id,srt,partij,toelichtingontlening,tsreg) VALUES('17921','30','2000',null,'20100318');
INSERT INTO kern.admhnd (id,srt,partij,toelichtingontlening,tsreg) VALUES('17920','30','2000',null,'20100318');
INSERT INTO kern.admhnd (id,srt,partij,toelichtingontlening,tsreg) VALUES('17919','30','2000',null,'20100318');
INSERT INTO kern.admhnd (id,srt,partij,toelichtingontlening,tsreg) VALUES('17918','30','2000',null,'20100318');
INSERT INTO kern.admhnd (id,srt,partij,toelichtingontlening,tsreg) VALUES('17917','30','2000',null,'20100318');
INSERT INTO kern.admhnd (id,srt,partij,toelichtingontlening,tsreg) VALUES('17916','30','2000',null,'20100318');
INSERT INTO kern.admhnd (id,srt,partij,toelichtingontlening,tsreg) VALUES('17915','30','2000',null,'20100318');
INSERT INTO kern.admhnd (id,srt,partij,toelichtingontlening,tsreg) VALUES('17914','30','2000',null,'20100318');
INSERT INTO kern.admhnd (id,srt,partij,toelichtingontlening,tsreg) VALUES('17913','30','2000',null,'20100318');
INSERT INTO kern.admhnd (id,srt,partij,toelichtingontlening,tsreg) VALUES('17912','30','2000',null,'20100318');
INSERT INTO kern.admhnd (id,srt,partij,toelichtingontlening,tsreg) VALUES('17911','30','2000',null,'20100318');
INSERT INTO kern.admhnd (id,srt,partij,toelichtingontlening,tsreg) VALUES('17910','30','2000',null,'20100318');
INSERT INTO kern.admhnd (id,srt,partij,toelichtingontlening,tsreg) VALUES('17909','30','2000',null,'20100318');
INSERT INTO kern.admhnd (id,srt,partij,toelichtingontlening,tsreg) VALUES('17908','30','2000',null,'20100318');
INSERT INTO kern.admhnd (id,srt,partij,toelichtingontlening,tsreg) VALUES('17907','30','2000',null,'20100318');
INSERT INTO kern.admhnd (id,srt,partij,toelichtingontlening,tsreg) VALUES('17906','30','2000',null,'20100318');
INSERT INTO kern.admhnd (id,srt,partij,toelichtingontlening,tsreg) VALUES('17905','30','2000',null,'20100318');
INSERT INTO kern.admhnd (id,srt,partij,toelichtingontlening,tsreg) VALUES('17904','30','2000',null,'20100318');
INSERT INTO kern.admhnd (id,srt,partij,toelichtingontlening,tsreg) VALUES('17903','30','2000',null,'20100318');
INSERT INTO kern.admhnd (id,srt,partij,toelichtingontlening,tsreg) VALUES('17902','30','2000',null,'20100318');
INSERT INTO kern.admhnd (id,srt,partij,toelichtingontlening,tsreg) VALUES('17901','30','2000',null,'20100318');
INSERT INTO kern.admhnd (id,srt,partij,toelichtingontlening,tsreg) VALUES('17900','30','2000',null,'20100318');
INSERT INTO kern.admhnd (id,srt,partij,toelichtingontlening,tsreg) VALUES('17899','30','2000',null,'20100318');
INSERT INTO kern.admhnd (id,srt,partij,toelichtingontlening,tsreg) VALUES('17898','30','2000',null,'20100318');
INSERT INTO kern.admhnd (id,srt,partij,toelichtingontlening,tsreg) VALUES('17897','30','2000',null,'20100318');
INSERT INTO kern.admhnd (id,srt,partij,toelichtingontlening,tsreg) VALUES('17896','30','2000',null,'20100318');
INSERT INTO kern.admhnd (id,srt,partij,toelichtingontlening,tsreg) VALUES('17895','30','2000',null,'20100318');
INSERT INTO kern.admhnd (id,srt,partij,toelichtingontlening,tsreg) VALUES('17894','30','2000',null,'20100318');
INSERT INTO kern.admhnd (id,srt,partij,toelichtingontlening,tsreg) VALUES('17893','30','2000',null,'20100318');
INSERT INTO kern.admhnd (id,srt,partij,toelichtingontlening,tsreg) VALUES('17892','30','2000',null,'20100318');
INSERT INTO kern.admhnd (id,srt,partij,toelichtingontlening,tsreg) VALUES('17891','30','2000',null,'20100318');
INSERT INTO kern.admhnd (id,srt,partij,toelichtingontlening,tsreg) VALUES('17890','30','2000',null,'20100318');
INSERT INTO kern.admhnd (id,srt,partij,toelichtingontlening,tsreg) VALUES('17889','30','2000',null,'20100318');
INSERT INTO kern.admhnd (id,srt,partij,toelichtingontlening,tsreg) VALUES('17888','30','2000',null,'20100318');
INSERT INTO kern.admhnd (id,srt,partij,toelichtingontlening,tsreg) VALUES('17887','30','2000',null,'20100318');
INSERT INTO kern.admhnd (id,srt,partij,toelichtingontlening,tsreg) VALUES('17886','30','2000',null,'20100318');
INSERT INTO kern.admhnd (id,srt,partij,toelichtingontlening,tsreg) VALUES('17885','30','2000',null,'20100318');
INSERT INTO kern.admhnd (id,srt,partij,toelichtingontlening,tsreg) VALUES('17884','30','2000',null,'20100318');
INSERT INTO kern.admhnd (id,srt,partij,toelichtingontlening,tsreg) VALUES('17883','30','2000',null,'20100318');
INSERT INTO kern.admhnd (id,srt,partij,toelichtingontlening,tsreg) VALUES('17882','30','2000',null,'20100318');
INSERT INTO kern.admhnd (id,srt,partij,toelichtingontlening,tsreg) VALUES('17881','30','2000',null,'20100318');
INSERT INTO kern.admhnd (id,srt,partij,toelichtingontlening,tsreg) VALUES('17880','30','2000',null,'20100318');
INSERT INTO kern.admhnd (id,srt,partij,toelichtingontlening,tsreg) VALUES('17879','30','2000',null,'20100318');
INSERT INTO kern.admhnd (id,srt,partij,toelichtingontlening,tsreg) VALUES('17878','30','2000',null,'20100318');
INSERT INTO kern.admhnd (id,srt,partij,toelichtingontlening,tsreg) VALUES('17877','30','2000',null,'20100318');
INSERT INTO kern.admhnd (id,srt,partij,toelichtingontlening,tsreg) VALUES('17876','30','2000',null,'20100318');
INSERT INTO kern.admhnd (id,srt,partij,toelichtingontlening,tsreg) VALUES('17875','30','2000',null,'20100318');
INSERT INTO kern.admhnd (id,srt,partij,toelichtingontlening,tsreg) VALUES('17874','30','2000',null,'20100318');
INSERT INTO kern.admhnd (id,srt,partij,toelichtingontlening,tsreg) VALUES('17873','30','2000',null,'20100318');
INSERT INTO kern.admhnd (id,srt,partij,toelichtingontlening,tsreg) VALUES('17872','30','2000',null,'20100318');
INSERT INTO kern.admhnd (id,srt,partij,toelichtingontlening,tsreg) VALUES('17871','30','2000',null,'20100318');
INSERT INTO kern.admhnd (id,srt,partij,toelichtingontlening,tsreg) VALUES('17870','30','2000',null,'20100318');
INSERT INTO kern.admhnd (id,srt,partij,toelichtingontlening,tsreg) VALUES('17869','30','2000',null,'20100318');
INSERT INTO kern.admhnd (id,srt,partij,toelichtingontlening,tsreg) VALUES('17868','30','2000',null,'20100318');
INSERT INTO kern.admhnd (id,srt,partij,toelichtingontlening,tsreg) VALUES('17867','30','2000',null,'20100318');
INSERT INTO kern.admhnd (id,srt,partij,toelichtingontlening,tsreg) VALUES('17866','30','2000',null,'20100318');
INSERT INTO kern.admhnd (id,srt,partij,toelichtingontlening,tsreg) VALUES('17865','30','2000',null,'20100318');
INSERT INTO kern.admhnd (id,srt,partij,toelichtingontlening,tsreg) VALUES('17864','30','2000',null,'20100318');
INSERT INTO kern.admhnd (id,srt,partij,toelichtingontlening,tsreg) VALUES('17863','30','2000',null,'20100318');
INSERT INTO kern.admhnd (id,srt,partij,toelichtingontlening,tsreg) VALUES('17862','30','2000',null,'20100318');
INSERT INTO kern.admhnd (id,srt,partij,toelichtingontlening,tsreg) VALUES('17861','30','2000',null,'20100318');
INSERT INTO kern.admhnd (id,srt,partij,toelichtingontlening,tsreg) VALUES('17860','30','2000',null,'20100318');
INSERT INTO kern.admhnd (id,srt,partij,toelichtingontlening,tsreg) VALUES('17859','30','2000',null,'20100318');
INSERT INTO kern.admhnd (id,srt,partij,toelichtingontlening,tsreg) VALUES('17858','30','2000',null,'20100318');
INSERT INTO kern.admhnd (id,srt,partij,toelichtingontlening,tsreg) VALUES('17857','30','2000',null,'20100318');
INSERT INTO kern.admhnd (id,srt,partij,toelichtingontlening,tsreg) VALUES('17856','30','2000',null,'20100318');
INSERT INTO kern.admhnd (id,srt,partij,toelichtingontlening,tsreg) VALUES('17855','30','2000',null,'20100318');
INSERT INTO kern.admhnd (id,srt,partij,toelichtingontlening,tsreg) VALUES('17854','30','2000',null,'20100318');
INSERT INTO kern.admhnd (id,srt,partij,toelichtingontlening,tsreg) VALUES('17853','30','2000',null,'20100318');
INSERT INTO kern.admhnd (id,srt,partij,toelichtingontlening,tsreg) VALUES('17852','30','2000',null,'20100318');
INSERT INTO kern.admhnd (id,srt,partij,toelichtingontlening,tsreg) VALUES('17851','30','2000',null,'20100318');
INSERT INTO kern.admhnd (id,srt,partij,toelichtingontlening,tsreg) VALUES('17850','30','2000',null,'20100318');
INSERT INTO kern.admhnd (id,srt,partij,toelichtingontlening,tsreg) VALUES('17849','30','2000',null,'20100318');
INSERT INTO kern.admhnd (id,srt,partij,toelichtingontlening,tsreg) VALUES('17848','30','2000',null,'20100318');
INSERT INTO kern.admhnd (id,srt,partij,toelichtingontlening,tsreg) VALUES('17847','30','2000',null,'20100318');
INSERT INTO kern.admhnd (id,srt,partij,toelichtingontlening,tsreg) VALUES('17846','30','2000',null,'20100318');
INSERT INTO kern.admhnd (id,srt,partij,toelichtingontlening,tsreg) VALUES('17845','30','2000',null,'20100318');
INSERT INTO kern.admhnd (id,srt,partij,toelichtingontlening,tsreg) VALUES('17844','30','2000',null,'20100318');
INSERT INTO kern.admhnd (id,srt,partij,toelichtingontlening,tsreg) VALUES('17843','30','2000',null,'20100318');
INSERT INTO kern.admhnd (id,srt,partij,toelichtingontlening,tsreg) VALUES('17842','30','2000',null,'20100318');
INSERT INTO kern.admhnd (id,srt,partij,toelichtingontlening,tsreg) VALUES('17841','30','2000',null,'20100318');
INSERT INTO kern.admhnd (id,srt,partij,toelichtingontlening,tsreg) VALUES('17840','30','2000',null,'20100318');
INSERT INTO kern.admhnd (id,srt,partij,toelichtingontlening,tsreg) VALUES('17839','30','2000',null,'20100318');
INSERT INTO kern.admhnd (id,srt,partij,toelichtingontlening,tsreg) VALUES('17838','30','2000',null,'20100318');
INSERT INTO kern.admhnd (id,srt,partij,toelichtingontlening,tsreg) VALUES('17837','30','2000',null,'20100318');
INSERT INTO kern.admhnd (id,srt,partij,toelichtingontlening,tsreg) VALUES('17836','30','2000',null,'20100318');
INSERT INTO kern.admhnd (id,srt,partij,toelichtingontlening,tsreg) VALUES('17835','30','2000',null,'20100318');
INSERT INTO kern.admhnd (id,srt,partij,toelichtingontlening,tsreg) VALUES('17834','30','2000',null,'20100318');
INSERT INTO kern.admhnd (id,srt,partij,toelichtingontlening,tsreg) VALUES('17833','30','2000',null,'20100318');
INSERT INTO kern.admhnd (id,srt,partij,toelichtingontlening,tsreg) VALUES('17832','30','2000',null,'20100318');
INSERT INTO kern.admhnd (id,srt,partij,toelichtingontlening,tsreg) VALUES('17831','30','2000',null,'20100318');
INSERT INTO kern.admhnd (id,srt,partij,toelichtingontlening,tsreg) VALUES('17830','30','2000',null,'20100318');
INSERT INTO kern.admhnd (id,srt,partij,toelichtingontlening,tsreg) VALUES('17829','30','2000',null,'20100318');
INSERT INTO kern.admhnd (id,srt,partij,toelichtingontlening,tsreg) VALUES('17828','30','2000',null,'20100318');
INSERT INTO kern.admhnd (id,srt,partij,toelichtingontlening,tsreg) VALUES('17827','30','2000',null,'20100318');
INSERT INTO kern.admhnd (id,srt,partij,toelichtingontlening,tsreg) VALUES('17826','30','2000',null,'20100318');
INSERT INTO kern.admhnd (id,srt,partij,toelichtingontlening,tsreg) VALUES('17825','30','2000',null,'20100318');
INSERT INTO kern.admhnd (id,srt,partij,toelichtingontlening,tsreg) VALUES('17824','30','2000',null,'20100318');
INSERT INTO kern.admhnd (id,srt,partij,toelichtingontlening,tsreg) VALUES('17823','30','2000',null,'20100318');
INSERT INTO kern.admhnd (id,srt,partij,toelichtingontlening,tsreg) VALUES('17822','30','2000',null,'20100318');
INSERT INTO kern.admhnd (id,srt,partij,toelichtingontlening,tsreg) VALUES('17821','30','2000',null,'20100318');
INSERT INTO kern.admhnd (id,srt,partij,toelichtingontlening,tsreg) VALUES('17820','30','2000',null,'20100318');
INSERT INTO kern.admhnd (id,srt,partij,toelichtingontlening,tsreg) VALUES('17819','30','2000',null,'20100318');
INSERT INTO kern.admhnd (id,srt,partij,toelichtingontlening,tsreg) VALUES('17818','30','2000',null,'20100318');
INSERT INTO kern.admhnd (id,srt,partij,toelichtingontlening,tsreg) VALUES('17817','30','2000',null,'20100318');
INSERT INTO kern.admhnd (id,srt,partij,toelichtingontlening,tsreg) VALUES('17816','30','2000',null,'20100318');
INSERT INTO kern.admhnd (id,srt,partij,toelichtingontlening,tsreg) VALUES('17815','30','2000',null,'20100318');
INSERT INTO kern.admhnd (id,srt,partij,toelichtingontlening,tsreg) VALUES('17814','30','2000',null,'20100318');
INSERT INTO kern.admhnd (id,srt,partij,toelichtingontlening,tsreg) VALUES('17813','30','2000',null,'20100318');
INSERT INTO kern.admhnd (id,srt,partij,toelichtingontlening,tsreg) VALUES('17812','30','2000',null,'20100318');
INSERT INTO kern.admhnd (id,srt,partij,toelichtingontlening,tsreg) VALUES('17811','30','2000',null,'20100318');

commit;


--------------------------------------------------
--- EIND
--- Sheet: (admhnd)
--- Handler: SheetHandlerImplSimpleInsert
--- Aantal: (265)
--------------------------------------------------
--------------------------------------------------
--- START
--- Sheet: (brp_actie)
--- Handler: SheetHandlerImplSimpleInsert
--------------------------------------------------

begin;

INSERT INTO kern.actie (id,srt,admhnd,partij,tsreg) VALUES('17001','1','17001','2000','19811002');
INSERT INTO kern.actie (id,srt,admhnd,partij,tsreg) VALUES('17002','1','17002','2000','19820528');
INSERT INTO kern.actie (id,srt,admhnd,partij,tsreg) VALUES('17003','1','17003','2000','19660302');
INSERT INTO kern.actie (id,srt,admhnd,partij,tsreg) VALUES('17004','1','17004','2000','19691227');
INSERT INTO kern.actie (id,srt,admhnd,partij,tsreg) VALUES('17005','1','17005','2000','19710717');
INSERT INTO kern.actie (id,srt,admhnd,partij,tsreg) VALUES('17006','1','17006','2000','19720928');
INSERT INTO kern.actie (id,srt,admhnd,partij,tsreg) VALUES('17007','1','17007','2000','19800616');
INSERT INTO kern.actie (id,srt,admhnd,partij,tsreg) VALUES('17008','1','17008','2000','19810418');
INSERT INTO kern.actie (id,srt,admhnd,partij,tsreg) VALUES('17009','1','17009','2000','19940101');
INSERT INTO kern.actie (id,srt,admhnd,partij,tsreg) VALUES('17010','1','17010','2000','19691231');
INSERT INTO kern.actie (id,srt,admhnd,partij,tsreg) VALUES('17011','1','17011','2000','19690516');
INSERT INTO kern.actie (id,srt,admhnd,partij,tsreg) VALUES('17012','1','17012','2000','19771210');
INSERT INTO kern.actie (id,srt,admhnd,partij,tsreg) VALUES('17013','1','17013','2000','19550602');
INSERT INTO kern.actie (id,srt,admhnd,partij,tsreg) VALUES('17014','1','17014','2000','19780611');
INSERT INTO kern.actie (id,srt,admhnd,partij,tsreg) VALUES('17015','1','17015','2000','19880425');
INSERT INTO kern.actie (id,srt,admhnd,partij,tsreg) VALUES('17016','1','17016','2000','19881210');
INSERT INTO kern.actie (id,srt,admhnd,partij,tsreg) VALUES('17017','1','17017','2000','19960523');
INSERT INTO kern.actie (id,srt,admhnd,partij,tsreg) VALUES('17018','1','17018','2000','19941005');
INSERT INTO kern.actie (id,srt,admhnd,partij,tsreg) VALUES('17019','1','17019','2000','19941005');
INSERT INTO kern.actie (id,srt,admhnd,partij,tsreg) VALUES('17020','1','17020','2000','19760103');
INSERT INTO kern.actie (id,srt,admhnd,partij,tsreg) VALUES('17021','1','17021','2000','19961003');
INSERT INTO kern.actie (id,srt,admhnd,partij,tsreg) VALUES('17022','1','17022','2000','19951003');
INSERT INTO kern.actie (id,srt,admhnd,partij,tsreg) VALUES('17023','1','17023','2000','19941003');
INSERT INTO kern.actie (id,srt,admhnd,partij,tsreg) VALUES('17024','1','17024','2000','19770401');
INSERT INTO kern.actie (id,srt,admhnd,partij,tsreg) VALUES('17025','1','17025','2000','19880611');
INSERT INTO kern.actie (id,srt,admhnd,partij,tsreg) VALUES('17026','1','17026','2000','19910721');
INSERT INTO kern.actie (id,srt,admhnd,partij,tsreg) VALUES('17027','1','17027','2000','19910911');
INSERT INTO kern.actie (id,srt,admhnd,partij,tsreg) VALUES('17028','1','17028','2000','19900722');
INSERT INTO kern.actie (id,srt,admhnd,partij,tsreg) VALUES('17029','1','17029','2000','19200430');
INSERT INTO kern.actie (id,srt,admhnd,partij,tsreg) VALUES('17030','1','17030','2000','19220419');
INSERT INTO kern.actie (id,srt,admhnd,partij,tsreg) VALUES('17031','1','17031','2000','19920219');
INSERT INTO kern.actie (id,srt,admhnd,partij,tsreg) VALUES('17032','1','17032','2000','19510923');
INSERT INTO kern.actie (id,srt,admhnd,partij,tsreg) VALUES('17033','1','17033','2000','19531116');
INSERT INTO kern.actie (id,srt,admhnd,partij,tsreg) VALUES('17034','1','17034','2000','19390402');
INSERT INTO kern.actie (id,srt,admhnd,partij,tsreg) VALUES('17035','1','17035','2000','19841203');
INSERT INTO kern.actie (id,srt,admhnd,partij,tsreg) VALUES('17036','1','17036','2000','19851011');
INSERT INTO kern.actie (id,srt,admhnd,partij,tsreg) VALUES('17037','1','17037','2000','20050112');
INSERT INTO kern.actie (id,srt,admhnd,partij,tsreg) VALUES('17038','1','17038','2000','20051201');
INSERT INTO kern.actie (id,srt,admhnd,partij,tsreg) VALUES('17039','1','17039','2000','20050112');
INSERT INTO kern.actie (id,srt,admhnd,partij,tsreg) VALUES('17040','1','17040','2000','20051201');
INSERT INTO kern.actie (id,srt,admhnd,partij,tsreg) VALUES('17041','1','17041','2000','19680809');
INSERT INTO kern.actie (id,srt,admhnd,partij,tsreg) VALUES('17042','1','17042','2000','19580921');
INSERT INTO kern.actie (id,srt,admhnd,partij,tsreg) VALUES('17043','1','17043','2000','19951004');
INSERT INTO kern.actie (id,srt,admhnd,partij,tsreg) VALUES('17044','1','17044','2000','20051201');
INSERT INTO kern.actie (id,srt,admhnd,partij,tsreg) VALUES('17045','1','17045','2000','20050112');
INSERT INTO kern.actie (id,srt,admhnd,partij,tsreg) VALUES('17500','1','17500','2000','20031226');
INSERT INTO kern.actie (id,srt,admhnd,partij,tsreg) VALUES('17501','32','17501','2000','20030327');
INSERT INTO kern.actie (id,srt,admhnd,partij,tsreg) VALUES('17502','32','17502','2000','19901111');
INSERT INTO kern.actie (id,srt,admhnd,partij,tsreg) VALUES('17503','32','17503','2000','19970605');
INSERT INTO kern.actie (id,srt,admhnd,partij,tsreg) VALUES('17504','32','17504','2000','20031024');
INSERT INTO kern.actie (id,srt,admhnd,partij,tsreg) VALUES('17505','32','17505','2000','19960304');
INSERT INTO kern.actie (id,srt,admhnd,partij,tsreg) VALUES('17506','16','17506','2000','20111111');
INSERT INTO kern.actie (id,srt,admhnd,partij,tsreg) VALUES('17624','10','17624','2000','19800101');
INSERT INTO kern.actie (id,srt,admhnd,partij,tsreg) VALUES('17625','10','17625','2000','19900501');
INSERT INTO kern.actie (id,srt,admhnd,partij,tsreg) VALUES('17626','1','17626','2000','19900722');
INSERT INTO kern.actie (id,srt,admhnd,partij,tsreg) VALUES('17627','1','17627','2000','19910911');
INSERT INTO kern.actie (id,srt,admhnd,partij,tsreg) VALUES('17628','23','17628','2000','20001022');
INSERT INTO kern.actie (id,srt,admhnd,partij,tsreg) VALUES('17629','7','17629','2000','20050103');
INSERT INTO kern.actie (id,srt,admhnd,partij,tsreg) VALUES('17630','32','17630','2000','19800610');
INSERT INTO kern.actie (id,srt,admhnd,partij,tsreg) VALUES('17631','32','17631','2000','19810425');
INSERT INTO kern.actie (id,srt,admhnd,partij,tsreg) VALUES('17632','32','17632','2000','19760701');
INSERT INTO kern.actie (id,srt,admhnd,partij,tsreg) VALUES('17633','32','17633','2000','20060315');
INSERT INTO kern.actie (id,srt,admhnd,partij,tsreg) VALUES('17634','1','17634','2000','20050112');
INSERT INTO kern.actie (id,srt,admhnd,partij,tsreg) VALUES('17635','1','17635','2000','20051201');
INSERT INTO kern.actie (id,srt,admhnd,partij,tsreg) VALUES('17636','1','17636','2000','19951003');
INSERT INTO kern.actie (id,srt,admhnd,partij,tsreg) VALUES('17637','32','17637','2000','20031010');
INSERT INTO kern.actie (id,srt,admhnd,partij,tsreg) VALUES('17638','1','17638','2000','20050112');
INSERT INTO kern.actie (id,srt,admhnd,partij,tsreg) VALUES('17639','32','17639','2000','20120101');
INSERT INTO kern.actie (id,srt,admhnd,partij,tsreg) VALUES('17640','32','17640','2000','20121005');
INSERT INTO kern.actie (id,srt,admhnd,partij,tsreg) VALUES('17641','16','17641','2000','20120103');
INSERT INTO kern.actie (id,srt,admhnd,partij,tsreg) VALUES('17642','7','17642','2000','20120105');
INSERT INTO kern.actie (id,srt,admhnd,partij,tsreg) VALUES('17643','16','17643','2000','20120103');
INSERT INTO kern.actie (id,srt,admhnd,partij,tsreg) VALUES('17644','7','17644','2000','20120605');
INSERT INTO kern.actie (id,srt,admhnd,partij,tsreg) VALUES('17645','16','17645','2000','20120605');
INSERT INTO kern.actie (id,srt,admhnd,partij,tsreg) VALUES('17646','32','17646','2000','20030328');
INSERT INTO kern.actie (id,srt,admhnd,partij,tsreg) VALUES('18000','18','18000','2000','20050328');
INSERT INTO kern.actie (id,srt,admhnd,partij,tsreg) VALUES('17999','18','17999','2000','20050328');
INSERT INTO kern.actie (id,srt,admhnd,partij,tsreg) VALUES('17998','18','17998','2000','20030327');
INSERT INTO kern.actie (id,srt,admhnd,partij,tsreg) VALUES('17997','18','17997','2000','20030327');
INSERT INTO kern.actie (id,srt,admhnd,partij,tsreg) VALUES('17996','18','17996','2000','19811002');
INSERT INTO kern.actie (id,srt,admhnd,partij,tsreg) VALUES('17995','18','17995','2000','20050328');
INSERT INTO kern.actie (id,srt,admhnd,partij,tsreg) VALUES('17994','18','17994','2000','20050328');
INSERT INTO kern.actie (id,srt,admhnd,partij,tsreg) VALUES('17993','18','17993','2000','20030327');
INSERT INTO kern.actie (id,srt,admhnd,partij,tsreg) VALUES('17992','18','17992','2000','20030327');
INSERT INTO kern.actie (id,srt,admhnd,partij,tsreg) VALUES('17991','18','17991','2000','19820528');
INSERT INTO kern.actie (id,srt,admhnd,partij,tsreg) VALUES('17990','18','17990','2000','19901201');
INSERT INTO kern.actie (id,srt,admhnd,partij,tsreg) VALUES('17989','18','17989','2000','19901201');
INSERT INTO kern.actie (id,srt,admhnd,partij,tsreg) VALUES('17988','18','17988','2000','19901111');
INSERT INTO kern.actie (id,srt,admhnd,partij,tsreg) VALUES('17987','18','17987','2000','19901111');
INSERT INTO kern.actie (id,srt,admhnd,partij,tsreg) VALUES('17986','18','17986','2000','19660302');
INSERT INTO kern.actie (id,srt,admhnd,partij,tsreg) VALUES('17985','18','17985','2000','19901201');
INSERT INTO kern.actie (id,srt,admhnd,partij,tsreg) VALUES('17984','18','17984','2000','19901201');
INSERT INTO kern.actie (id,srt,admhnd,partij,tsreg) VALUES('17983','18','17983','2000','19901111');
INSERT INTO kern.actie (id,srt,admhnd,partij,tsreg) VALUES('17982','18','17982','2000','19901111');
INSERT INTO kern.actie (id,srt,admhnd,partij,tsreg) VALUES('17981','18','17981','2000','19691227');
INSERT INTO kern.actie (id,srt,admhnd,partij,tsreg) VALUES('17980','18','17980','2000','19981201');
INSERT INTO kern.actie (id,srt,admhnd,partij,tsreg) VALUES('17979','18','17979','2000','19981201');
INSERT INTO kern.actie (id,srt,admhnd,partij,tsreg) VALUES('17978','18','17978','2000','19970605');
INSERT INTO kern.actie (id,srt,admhnd,partij,tsreg) VALUES('17977','18','17977','2000','19970605');
INSERT INTO kern.actie (id,srt,admhnd,partij,tsreg) VALUES('17976','18','17976','2000','19710717');
INSERT INTO kern.actie (id,srt,admhnd,partij,tsreg) VALUES('17975','18','17975','2000','19981201');
INSERT INTO kern.actie (id,srt,admhnd,partij,tsreg) VALUES('17974','18','17974','2000','19981201');
INSERT INTO kern.actie (id,srt,admhnd,partij,tsreg) VALUES('17973','18','17973','2000','19970605');
INSERT INTO kern.actie (id,srt,admhnd,partij,tsreg) VALUES('17972','18','17972','2000','19970605');
INSERT INTO kern.actie (id,srt,admhnd,partij,tsreg) VALUES('17971','18','17971','2000','19720928');
INSERT INTO kern.actie (id,srt,admhnd,partij,tsreg) VALUES('17970','18','17970','2000','20110205');
INSERT INTO kern.actie (id,srt,admhnd,partij,tsreg) VALUES('17969','18','17969','2000','20110205');
INSERT INTO kern.actie (id,srt,admhnd,partij,tsreg) VALUES('17968','18','17968','2000','20031024');
INSERT INTO kern.actie (id,srt,admhnd,partij,tsreg) VALUES('17967','18','17967','2000','20031024');
INSERT INTO kern.actie (id,srt,admhnd,partij,tsreg) VALUES('17966','18','17966','2000','19800616');
INSERT INTO kern.actie (id,srt,admhnd,partij,tsreg) VALUES('17965','18','17965','2000','20110205');
INSERT INTO kern.actie (id,srt,admhnd,partij,tsreg) VALUES('17964','18','17964','2000','20110205');
INSERT INTO kern.actie (id,srt,admhnd,partij,tsreg) VALUES('17963','18','17963','2000','20031024');
INSERT INTO kern.actie (id,srt,admhnd,partij,tsreg) VALUES('17962','18','17962','2000','20031024');
INSERT INTO kern.actie (id,srt,admhnd,partij,tsreg) VALUES('17961','18','17961','2000','19810418');
INSERT INTO kern.actie (id,srt,admhnd,partij,tsreg) VALUES('17960','18','17960','2000','20110205');
INSERT INTO kern.actie (id,srt,admhnd,partij,tsreg) VALUES('17959','18','17959','2000','20110205');
INSERT INTO kern.actie (id,srt,admhnd,partij,tsreg) VALUES('17958','18','17958','2000','20031226');
INSERT INTO kern.actie (id,srt,admhnd,partij,tsreg) VALUES('17957','18','17957','2000','20090928');
INSERT INTO kern.actie (id,srt,admhnd,partij,tsreg) VALUES('17956','18','17956','2000','20090928');
INSERT INTO kern.actie (id,srt,admhnd,partij,tsreg) VALUES('17955','18','17955','2000','19960304');
INSERT INTO kern.actie (id,srt,admhnd,partij,tsreg) VALUES('17954','18','17954','2000','19960304');
INSERT INTO kern.actie (id,srt,admhnd,partij,tsreg) VALUES('17953','18','17953','2000','19691231');
INSERT INTO kern.actie (id,srt,admhnd,partij,tsreg) VALUES('17952','18','17952','2000','20090928');
INSERT INTO kern.actie (id,srt,admhnd,partij,tsreg) VALUES('17951','18','17951','2000','20090928');
INSERT INTO kern.actie (id,srt,admhnd,partij,tsreg) VALUES('17950','18','17950','2000','19960304');
INSERT INTO kern.actie (id,srt,admhnd,partij,tsreg) VALUES('17949','18','17949','2000','19960304');
INSERT INTO kern.actie (id,srt,admhnd,partij,tsreg) VALUES('17948','18','17948','2000','19690516');
INSERT INTO kern.actie (id,srt,admhnd,partij,tsreg) VALUES('17947','18','17947','2000','20000228');
INSERT INTO kern.actie (id,srt,admhnd,partij,tsreg) VALUES('17946','18','17946','2000','20000228');
INSERT INTO kern.actie (id,srt,admhnd,partij,tsreg) VALUES('17945','18','17945','2000','19771210');
INSERT INTO kern.actie (id,srt,admhnd,partij,tsreg) VALUES('17944','18','17944','2000','19920508');
INSERT INTO kern.actie (id,srt,admhnd,partij,tsreg) VALUES('17943','18','17943','2000','19920508');
INSERT INTO kern.actie (id,srt,admhnd,partij,tsreg) VALUES('17942','18','17942','2000','19550602');
INSERT INTO kern.actie (id,srt,admhnd,partij,tsreg) VALUES('17941','18','17941','2000','19780611');
INSERT INTO kern.actie (id,srt,admhnd,partij,tsreg) VALUES('17940','18','17940','2000','20110425');
INSERT INTO kern.actie (id,srt,admhnd,partij,tsreg) VALUES('17939','18','17939','2000','20110425');
INSERT INTO kern.actie (id,srt,admhnd,partij,tsreg) VALUES('17938','18','17938','2000','19880425');
INSERT INTO kern.actie (id,srt,admhnd,partij,tsreg) VALUES('17937','18','17937','2000','20100626');
INSERT INTO kern.actie (id,srt,admhnd,partij,tsreg) VALUES('17936','18','17936','2000','20100626');
INSERT INTO kern.actie (id,srt,admhnd,partij,tsreg) VALUES('17935','18','17935','2000','19880425');
INSERT INTO kern.actie (id,srt,admhnd,partij,tsreg) VALUES('17934','18','17934','2000','19880425');
INSERT INTO kern.actie (id,srt,admhnd,partij,tsreg) VALUES('17933','18','17933','2000','18991210');
INSERT INTO kern.actie (id,srt,admhnd,partij,tsreg) VALUES('17932','18','17932','2000','20030327');
INSERT INTO kern.actie (id,srt,admhnd,partij,tsreg) VALUES('17931','18','17931','2000','20030327');
INSERT INTO kern.actie (id,srt,admhnd,partij,tsreg) VALUES('17930','18','17930','2000','19820523');
INSERT INTO kern.actie (id,srt,admhnd,partij,tsreg) VALUES('17929','18','17929','2000','19911002');
INSERT INTO kern.actie (id,srt,admhnd,partij,tsreg) VALUES('17928','18','17928','2000','19911002');
INSERT INTO kern.actie (id,srt,admhnd,partij,tsreg) VALUES('17927','18','17927','2000','19840411');
INSERT INTO kern.actie (id,srt,admhnd,partij,tsreg) VALUES('17926','18','17926','2000','19901111');
INSERT INTO kern.actie (id,srt,admhnd,partij,tsreg) VALUES('17925','18','17925','2000','19901111');
INSERT INTO kern.actie (id,srt,admhnd,partij,tsreg) VALUES('17924','18','17924','2000','19741026');
INSERT INTO kern.actie (id,srt,admhnd,partij,tsreg) VALUES('17923','18','17923','2000','19820528');
INSERT INTO kern.actie (id,srt,admhnd,partij,tsreg) VALUES('17922','18','17922','2000','19820528');
INSERT INTO kern.actie (id,srt,admhnd,partij,tsreg) VALUES('17921','18','17921','2000','19760103');
INSERT INTO kern.actie (id,srt,admhnd,partij,tsreg) VALUES('17920','18','17920','2000','20010328');
INSERT INTO kern.actie (id,srt,admhnd,partij,tsreg) VALUES('17919','18','17919','2000','20010328');
INSERT INTO kern.actie (id,srt,admhnd,partij,tsreg) VALUES('17918','18','17918','2000','19920516');
INSERT INTO kern.actie (id,srt,admhnd,partij,tsreg) VALUES('17917','18','17917','2000','20101002');
INSERT INTO kern.actie (id,srt,admhnd,partij,tsreg) VALUES('17916','18','17916','2000','20101002');
INSERT INTO kern.actie (id,srt,admhnd,partij,tsreg) VALUES('17915','18','17915','2000','19951110');
INSERT INTO kern.actie (id,srt,admhnd,partij,tsreg) VALUES('17914','18','17914','2000','19970605');
INSERT INTO kern.actie (id,srt,admhnd,partij,tsreg) VALUES('17913','18','17913','2000','19970605');
INSERT INTO kern.actie (id,srt,admhnd,partij,tsreg) VALUES('17912','18','17912','2000','19680310');
INSERT INTO kern.actie (id,srt,admhnd,partij,tsreg) VALUES('17911','18','17911','2000','19790928');
INSERT INTO kern.actie (id,srt,admhnd,partij,tsreg) VALUES('17910','18','17910','2000','19790928');
INSERT INTO kern.actie (id,srt,admhnd,partij,tsreg) VALUES('17909','18','17909','2000','19770401');
INSERT INTO kern.actie (id,srt,admhnd,partij,tsreg) VALUES('17908','18','17908','2000','19950929');
INSERT INTO kern.actie (id,srt,admhnd,partij,tsreg) VALUES('17907','18','17907','2000','19950929');
INSERT INTO kern.actie (id,srt,admhnd,partij,tsreg) VALUES('17906','18','17906','2000','19880611');
INSERT INTO kern.actie (id,srt,admhnd,partij,tsreg) VALUES('17905','18','17905','2000','20000101');
INSERT INTO kern.actie (id,srt,admhnd,partij,tsreg) VALUES('17904','18','17904','2000','20000101');
INSERT INTO kern.actie (id,srt,admhnd,partij,tsreg) VALUES('17903','18','17903','2000','19910721');
INSERT INTO kern.actie (id,srt,admhnd,partij,tsreg) VALUES('17902','18','17902','2000','20031024');
INSERT INTO kern.actie (id,srt,admhnd,partij,tsreg) VALUES('17901','18','17901','2000','20031024');
INSERT INTO kern.actie (id,srt,admhnd,partij,tsreg) VALUES('17900','18','17900','2000','19910911');
INSERT INTO kern.actie (id,srt,admhnd,partij,tsreg) VALUES('17899','18','17899','2000','19990616');
INSERT INTO kern.actie (id,srt,admhnd,partij,tsreg) VALUES('17898','18','17898','2000','19990616');
INSERT INTO kern.actie (id,srt,admhnd,partij,tsreg) VALUES('17897','18','17897','2000','19900722');
INSERT INTO kern.actie (id,srt,admhnd,partij,tsreg) VALUES('17896','18','17896','2000','20120620');
INSERT INTO kern.actie (id,srt,admhnd,partij,tsreg) VALUES('17895','18','17895','2000','20120620');
INSERT INTO kern.actie (id,srt,admhnd,partij,tsreg) VALUES('17894','18','17894','2000','20091201');
INSERT INTO kern.actie (id,srt,admhnd,partij,tsreg) VALUES('17893','18','17893','2000','20091201');
INSERT INTO kern.actie (id,srt,admhnd,partij,tsreg) VALUES('17892','18','17892','2000','20060201');
INSERT INTO kern.actie (id,srt,admhnd,partij,tsreg) VALUES('17891','18','17891','2000','20060201');
INSERT INTO kern.actie (id,srt,admhnd,partij,tsreg) VALUES('17890','18','17890','2000','19220419');
INSERT INTO kern.actie (id,srt,admhnd,partij,tsreg) VALUES('17889','18','17889','2000','20120306');
INSERT INTO kern.actie (id,srt,admhnd,partij,tsreg) VALUES('17888','18','17888','2000','20120306');
INSERT INTO kern.actie (id,srt,admhnd,partij,tsreg) VALUES('17887','18','17887','2000','20010926');
INSERT INTO kern.actie (id,srt,admhnd,partij,tsreg) VALUES('17886','18','17886','2000','20010926');
INSERT INTO kern.actie (id,srt,admhnd,partij,tsreg) VALUES('17885','18','17885','2000','20000827');
INSERT INTO kern.actie (id,srt,admhnd,partij,tsreg) VALUES('17884','18','17884','2000','20000827');
INSERT INTO kern.actie (id,srt,admhnd,partij,tsreg) VALUES('17883','18','17883','2000','19920219');
INSERT INTO kern.actie (id,srt,admhnd,partij,tsreg) VALUES('17882','18','17882','2000','20120621');
INSERT INTO kern.actie (id,srt,admhnd,partij,tsreg) VALUES('17881','18','17881','2000','20120621');
INSERT INTO kern.actie (id,srt,admhnd,partij,tsreg) VALUES('17880','18','17880','2000','20010301');
INSERT INTO kern.actie (id,srt,admhnd,partij,tsreg) VALUES('17879','18','17879','2000','20010301');
INSERT INTO kern.actie (id,srt,admhnd,partij,tsreg) VALUES('17878','18','17878','2000','19670601');
INSERT INTO kern.actie (id,srt,admhnd,partij,tsreg) VALUES('17877','18','17877','2000','19670601');
INSERT INTO kern.actie (id,srt,admhnd,partij,tsreg) VALUES('17876','18','17876','2000','19510923');
INSERT INTO kern.actie (id,srt,admhnd,partij,tsreg) VALUES('17875','18','17875','2000','20120621');
INSERT INTO kern.actie (id,srt,admhnd,partij,tsreg) VALUES('17874','18','17874','2000','20120621');
INSERT INTO kern.actie (id,srt,admhnd,partij,tsreg) VALUES('17873','18','17873','2000','20010301');
INSERT INTO kern.actie (id,srt,admhnd,partij,tsreg) VALUES('17872','18','17872','2000','20010301');
INSERT INTO kern.actie (id,srt,admhnd,partij,tsreg) VALUES('17871','18','17871','2000','19670601');
INSERT INTO kern.actie (id,srt,admhnd,partij,tsreg) VALUES('17870','18','17870','2000','19670601');
INSERT INTO kern.actie (id,srt,admhnd,partij,tsreg) VALUES('17869','18','17869','2000','19531116');
INSERT INTO kern.actie (id,srt,admhnd,partij,tsreg) VALUES('17868','18','17868','2000','20090701');
INSERT INTO kern.actie (id,srt,admhnd,partij,tsreg) VALUES('17867','18','17867','2000','20090701');
INSERT INTO kern.actie (id,srt,admhnd,partij,tsreg) VALUES('17866','18','17866','2000','20080218');
INSERT INTO kern.actie (id,srt,admhnd,partij,tsreg) VALUES('17865','18','17865','2000','20080218');
INSERT INTO kern.actie (id,srt,admhnd,partij,tsreg) VALUES('17864','18','17864','2000','20070406');
INSERT INTO kern.actie (id,srt,admhnd,partij,tsreg) VALUES('17863','18','17863','2000','20070406');
INSERT INTO kern.actie (id,srt,admhnd,partij,tsreg) VALUES('17862','18','17862','2000','19390402');
INSERT INTO kern.actie (id,srt,admhnd,partij,tsreg) VALUES('17861','18','17861','2000','20090301');
INSERT INTO kern.actie (id,srt,admhnd,partij,tsreg) VALUES('17860','18','17860','2000','20090301');
INSERT INTO kern.actie (id,srt,admhnd,partij,tsreg) VALUES('17859','18','17859','2000','20081101');
INSERT INTO kern.actie (id,srt,admhnd,partij,tsreg) VALUES('17858','18','17858','2000','20081101');
INSERT INTO kern.actie (id,srt,admhnd,partij,tsreg) VALUES('17857','18','17857','2000','20050101');
INSERT INTO kern.actie (id,srt,admhnd,partij,tsreg) VALUES('17856','18','17856','2000','20050101');
INSERT INTO kern.actie (id,srt,admhnd,partij,tsreg) VALUES('17855','18','17855','2000','19841203');
INSERT INTO kern.actie (id,srt,admhnd,partij,tsreg) VALUES('17854','18','17854','2000','20090301');
INSERT INTO kern.actie (id,srt,admhnd,partij,tsreg) VALUES('17853','18','17853','2000','20090301');
INSERT INTO kern.actie (id,srt,admhnd,partij,tsreg) VALUES('17852','18','17852','2000','20081101');
INSERT INTO kern.actie (id,srt,admhnd,partij,tsreg) VALUES('17851','18','17851','2000','20081101');
INSERT INTO kern.actie (id,srt,admhnd,partij,tsreg) VALUES('17850','18','17850','2000','20050101');
INSERT INTO kern.actie (id,srt,admhnd,partij,tsreg) VALUES('17849','18','17849','2000','20050101');
INSERT INTO kern.actie (id,srt,admhnd,partij,tsreg) VALUES('17848','18','17848','2000','19851011');
INSERT INTO kern.actie (id,srt,admhnd,partij,tsreg) VALUES('17847','18','17847','2000','20090301');
INSERT INTO kern.actie (id,srt,admhnd,partij,tsreg) VALUES('17846','18','17846','2000','20090301');
INSERT INTO kern.actie (id,srt,admhnd,partij,tsreg) VALUES('17845','18','17845','2000','20081101');
INSERT INTO kern.actie (id,srt,admhnd,partij,tsreg) VALUES('17844','18','17844','2000','20081101');
INSERT INTO kern.actie (id,srt,admhnd,partij,tsreg) VALUES('17843','18','17843','2000','20050112');
INSERT INTO kern.actie (id,srt,admhnd,partij,tsreg) VALUES('17842','18','17842','2000','20090301');
INSERT INTO kern.actie (id,srt,admhnd,partij,tsreg) VALUES('17841','18','17841','2000','20090301');
INSERT INTO kern.actie (id,srt,admhnd,partij,tsreg) VALUES('17840','18','17840','2000','20081101');
INSERT INTO kern.actie (id,srt,admhnd,partij,tsreg) VALUES('17839','18','17839','2000','20081101');
INSERT INTO kern.actie (id,srt,admhnd,partij,tsreg) VALUES('17838','18','17838','2000','20051201');
INSERT INTO kern.actie (id,srt,admhnd,partij,tsreg) VALUES('17837','18','17837','2000','20120522');
INSERT INTO kern.actie (id,srt,admhnd,partij,tsreg) VALUES('17836','18','17836','2000','20120522');
INSERT INTO kern.actie (id,srt,admhnd,partij,tsreg) VALUES('17835','18','17835','2000','20111201');
INSERT INTO kern.actie (id,srt,admhnd,partij,tsreg) VALUES('17834','18','17834','2000','20111201');
INSERT INTO kern.actie (id,srt,admhnd,partij,tsreg) VALUES('17833','18','17833','2000','20101201');
INSERT INTO kern.actie (id,srt,admhnd,partij,tsreg) VALUES('17832','18','17832','2000','20101201');
INSERT INTO kern.actie (id,srt,admhnd,partij,tsreg) VALUES('17831','18','17831','2000','19910315');
INSERT INTO kern.actie (id,srt,admhnd,partij,tsreg) VALUES('17830','18','17830','2000','20010517');
INSERT INTO kern.actie (id,srt,admhnd,partij,tsreg) VALUES('17829','18','17829','2000','20090201');
INSERT INTO kern.actie (id,srt,admhnd,partij,tsreg) VALUES('17828','18','17828','2000','20090201');
INSERT INTO kern.actie (id,srt,admhnd,partij,tsreg) VALUES('17827','18','17827','2000','20060523');
INSERT INTO kern.actie (id,srt,admhnd,partij,tsreg) VALUES('17826','18','17826','2000','20060523');
INSERT INTO kern.actie (id,srt,admhnd,partij,tsreg) VALUES('17825','18','17825','2000','20040819');
INSERT INTO kern.actie (id,srt,admhnd,partij,tsreg) VALUES('17824','18','17824','2000','20040819');
INSERT INTO kern.actie (id,srt,admhnd,partij,tsreg) VALUES('17823','18','17823','2000','20010517');
INSERT INTO kern.actie (id,srt,admhnd,partij,tsreg) VALUES('17822','18','17822','2000','20010328');
INSERT INTO kern.actie (id,srt,admhnd,partij,tsreg) VALUES('17821','18','17821','2000','20010328');
INSERT INTO kern.actie (id,srt,admhnd,partij,tsreg) VALUES('17820','18','17820','2000','19580921');
INSERT INTO kern.actie (id,srt,admhnd,partij,tsreg) VALUES('17819','18','17819','2000','19820528');
INSERT INTO kern.actie (id,srt,admhnd,partij,tsreg) VALUES('17818','18','17818','2000','19820528');
INSERT INTO kern.actie (id,srt,admhnd,partij,tsreg) VALUES('17817','18','17817','2000','19590922');
INSERT INTO kern.actie (id,srt,admhnd,partij,tsreg) VALUES('17816','18','17816','2000','20010328');
INSERT INTO kern.actie (id,srt,admhnd,partij,tsreg) VALUES('17815','18','17815','2000','20010328');
INSERT INTO kern.actie (id,srt,admhnd,partij,tsreg) VALUES('17814','18','17814','2000','19601221');
INSERT INTO kern.actie (id,srt,admhnd,partij,tsreg) VALUES('17813','18','17813','2000','19911002');
INSERT INTO kern.actie (id,srt,admhnd,partij,tsreg) VALUES('17812','18','17812','2000','19911002');
INSERT INTO kern.actie (id,srt,admhnd,partij,tsreg) VALUES('17811','18','17811','2000','19611222');

commit;


--------------------------------------------------
--- EIND
--- Sheet: (brp_actie)
--- Handler: SheetHandlerImplSimpleInsert
--- Aantal: (265)
--------------------------------------------------
--------------------------------------------------
--- START
--- Sheet: (his_persafgeleidadministrati)
--- Handler: SheetHandlerImplSimpleInsert
--------------------------------------------------

begin;

INSERT INTO kern.his_persafgeleidadministrati (id,pers,tsreg,tsverval,actieinh,actieverval,nadereaandverval,admhnd,tslaatstewijz,sorteervolgorde,indonverwbijhvoorstelnieting,tslaatstewijzgbasystematiek) VALUES('17001','17001','2005-03-28 00:00:00+00',null,'18000',null,null,'18000','2005-03-28 00:00:00+00','1','FALSE',null);
INSERT INTO kern.his_persafgeleidadministrati (id,pers,tsreg,tsverval,actieinh,actieverval,nadereaandverval,admhnd,tslaatstewijz,sorteervolgorde,indonverwbijhvoorstelnieting,tslaatstewijzgbasystematiek) VALUES('17002','17001','2003-03-28 00:00:00+00','2005-03-28 00:00:00+00','17646','18000',null,'17646','2003-03-28 00:00:00+00','1','FALSE',null);
INSERT INTO kern.his_persafgeleidadministrati (id,pers,tsreg,tsverval,actieinh,actieverval,nadereaandverval,admhnd,tslaatstewijz,sorteervolgorde,indonverwbijhvoorstelnieting,tslaatstewijzgbasystematiek) VALUES('17003','17001','2003-03-27 04:00:00+00','2003-03-28 00:00:00+00','17999','17646',null,'17999','2003-03-27 00:00:00+00','1','FALSE',null);
INSERT INTO kern.his_persafgeleidadministrati (id,pers,tsreg,tsverval,actieinh,actieverval,nadereaandverval,admhnd,tslaatstewijz,sorteervolgorde,indonverwbijhvoorstelnieting,tslaatstewijzgbasystematiek) VALUES('17004','17001','2003-03-27 00:00:00+00','2003-03-27 04:00:00+00','17501','17999',null,'17501','2003-03-27 00:00:00+00','1','FALSE',null);
INSERT INTO kern.his_persafgeleidadministrati (id,pers,tsreg,tsverval,actieinh,actieverval,nadereaandverval,admhnd,tslaatstewijz,sorteervolgorde,indonverwbijhvoorstelnieting,tslaatstewijzgbasystematiek) VALUES('17005','17001','1981-10-02 04:00:00+00','2003-03-27 00:00:00+00','17998','17501',null,'17998','1981-10-02 00:00:00+00','1','FALSE',null);
INSERT INTO kern.his_persafgeleidadministrati (id,pers,tsreg,tsverval,actieinh,actieverval,nadereaandverval,admhnd,tslaatstewijz,sorteervolgorde,indonverwbijhvoorstelnieting,tslaatstewijzgbasystematiek) VALUES('17006','17001','1981-10-02 00:00:00+00','1981-10-02 04:00:00+00','17001','17998',null,'17001','1981-10-02 00:00:00+00','1','FALSE',null);
INSERT INTO kern.his_persafgeleidadministrati (id,pers,tsreg,tsverval,actieinh,actieverval,nadereaandverval,admhnd,tslaatstewijz,sorteervolgorde,indonverwbijhvoorstelnieting,tslaatstewijzgbasystematiek) VALUES('17007','17002','2012-01-05 00:00:00+00',null,'17642',null,null,'17642','2012-01-05 00:00:00+00','1','FALSE',null);
INSERT INTO kern.his_persafgeleidadministrati (id,pers,tsreg,tsverval,actieinh,actieverval,nadereaandverval,admhnd,tslaatstewijz,sorteervolgorde,indonverwbijhvoorstelnieting,tslaatstewijzgbasystematiek) VALUES('17008','17002','2012-01-03 00:00:00+00','2012-01-05 00:00:00+00','17641','17642',null,'17641','2012-01-03 00:00:00+00','1','FALSE',null);
INSERT INTO kern.his_persafgeleidadministrati (id,pers,tsreg,tsverval,actieinh,actieverval,nadereaandverval,admhnd,tslaatstewijz,sorteervolgorde,indonverwbijhvoorstelnieting,tslaatstewijzgbasystematiek) VALUES('17009','17002','2005-03-28 00:00:00+00','2012-01-03 00:00:00+00','17997','17641',null,'17997','2005-03-28 00:00:00+00','1','FALSE',null);
INSERT INTO kern.his_persafgeleidadministrati (id,pers,tsreg,tsverval,actieinh,actieverval,nadereaandverval,admhnd,tslaatstewijz,sorteervolgorde,indonverwbijhvoorstelnieting,tslaatstewijzgbasystematiek) VALUES('17010','17002','2003-03-27 04:00:00+00','2005-03-28 00:00:00+00','17996','17997',null,'17996','2003-03-27 00:00:00+00','1','FALSE',null);
INSERT INTO kern.his_persafgeleidadministrati (id,pers,tsreg,tsverval,actieinh,actieverval,nadereaandverval,admhnd,tslaatstewijz,sorteervolgorde,indonverwbijhvoorstelnieting,tslaatstewijzgbasystematiek) VALUES('17011','17002','2003-03-27 00:00:00+00','2003-03-27 04:00:00+00','17501','17996',null,'17501','2003-03-27 00:00:00+00','1','FALSE',null);
INSERT INTO kern.his_persafgeleidadministrati (id,pers,tsreg,tsverval,actieinh,actieverval,nadereaandverval,admhnd,tslaatstewijz,sorteervolgorde,indonverwbijhvoorstelnieting,tslaatstewijzgbasystematiek) VALUES('17012','17002','1982-05-28 04:00:00+00','2003-03-27 00:00:00+00','17995','17501',null,'17995','1982-05-28 00:00:00+00','1','FALSE',null);
INSERT INTO kern.his_persafgeleidadministrati (id,pers,tsreg,tsverval,actieinh,actieverval,nadereaandverval,admhnd,tslaatstewijz,sorteervolgorde,indonverwbijhvoorstelnieting,tslaatstewijzgbasystematiek) VALUES('17013','17002','1982-05-28 00:00:00+00','1982-05-28 04:00:00+00','17002','17995',null,'17002','1982-05-28 00:00:00+00','1','FALSE',null);
INSERT INTO kern.his_persafgeleidadministrati (id,pers,tsreg,tsverval,actieinh,actieverval,nadereaandverval,admhnd,tslaatstewijz,sorteervolgorde,indonverwbijhvoorstelnieting,tslaatstewijzgbasystematiek) VALUES('17014','17002','1955-06-02 00:00:00+00','1982-05-28 00:00:00+00','17624','17002',null,'17624','1955-06-02 00:00:00+00','1','FALSE',null);
INSERT INTO kern.his_persafgeleidadministrati (id,pers,tsreg,tsverval,actieinh,actieverval,nadereaandverval,admhnd,tslaatstewijz,sorteervolgorde,indonverwbijhvoorstelnieting,tslaatstewijzgbasystematiek) VALUES('17015','17003','2012-06-05 00:00:00+00',null,'17645',null,null,'17645','2012-06-05 00:00:00+00','1','FALSE',null);
INSERT INTO kern.his_persafgeleidadministrati (id,pers,tsreg,tsverval,actieinh,actieverval,nadereaandverval,admhnd,tslaatstewijz,sorteervolgorde,indonverwbijhvoorstelnieting,tslaatstewijzgbasystematiek) VALUES('17016','17003','2012-01-05 00:00:00+00','2012-06-05 00:00:00+00','17644','17645',null,'17644','2012-01-05 00:00:00+00','1','FALSE',null);
INSERT INTO kern.his_persafgeleidadministrati (id,pers,tsreg,tsverval,actieinh,actieverval,nadereaandverval,admhnd,tslaatstewijz,sorteervolgorde,indonverwbijhvoorstelnieting,tslaatstewijzgbasystematiek) VALUES('17017','17003','2012-01-03 00:00:00+00','2012-01-05 00:00:00+00','17643','17644',null,'17643','2012-01-03 00:00:00+00','1','FALSE',null);
INSERT INTO kern.his_persafgeleidadministrati (id,pers,tsreg,tsverval,actieinh,actieverval,nadereaandverval,admhnd,tslaatstewijz,sorteervolgorde,indonverwbijhvoorstelnieting,tslaatstewijzgbasystematiek) VALUES('17018','17003','1990-12-01 00:00:00+00','2012-01-03 00:00:00+00','17994','17643',null,'17994','1990-12-01 00:00:00+00','1','FALSE',null);
INSERT INTO kern.his_persafgeleidadministrati (id,pers,tsreg,tsverval,actieinh,actieverval,nadereaandverval,admhnd,tslaatstewijz,sorteervolgorde,indonverwbijhvoorstelnieting,tslaatstewijzgbasystematiek) VALUES('17019','17003','1990-11-11 04:00:00+00','1990-12-01 00:00:00+00','17993','17994',null,'17993','1990-11-11 00:00:00+00','1','FALSE',null);
INSERT INTO kern.his_persafgeleidadministrati (id,pers,tsreg,tsverval,actieinh,actieverval,nadereaandverval,admhnd,tslaatstewijz,sorteervolgorde,indonverwbijhvoorstelnieting,tslaatstewijzgbasystematiek) VALUES('17020','17003','1990-11-11 00:00:00+00','1990-11-11 04:00:00+00','17502','17993',null,'17502','1990-11-11 00:00:00+00','1','FALSE',null);
INSERT INTO kern.his_persafgeleidadministrati (id,pers,tsreg,tsverval,actieinh,actieverval,nadereaandverval,admhnd,tslaatstewijz,sorteervolgorde,indonverwbijhvoorstelnieting,tslaatstewijzgbasystematiek) VALUES('17021','17003','1966-03-02 04:00:00+00','1990-11-11 00:00:00+00','17992','17502',null,'17992','1966-03-02 00:00:00+00','1','FALSE',null);
INSERT INTO kern.his_persafgeleidadministrati (id,pers,tsreg,tsverval,actieinh,actieverval,nadereaandverval,admhnd,tslaatstewijz,sorteervolgorde,indonverwbijhvoorstelnieting,tslaatstewijzgbasystematiek) VALUES('17022','17003','1966-03-02 00:00:00+00','1966-03-02 04:00:00+00','17003','17992',null,'17003','1966-03-02 00:00:00+00','1','FALSE',null);
INSERT INTO kern.his_persafgeleidadministrati (id,pers,tsreg,tsverval,actieinh,actieverval,nadereaandverval,admhnd,tslaatstewijz,sorteervolgorde,indonverwbijhvoorstelnieting,tslaatstewijzgbasystematiek) VALUES('17023','17004','1990-12-01 00:00:00+00',null,'17991',null,null,'17991','1990-12-01 00:00:00+00','1','FALSE',null);
INSERT INTO kern.his_persafgeleidadministrati (id,pers,tsreg,tsverval,actieinh,actieverval,nadereaandverval,admhnd,tslaatstewijz,sorteervolgorde,indonverwbijhvoorstelnieting,tslaatstewijzgbasystematiek) VALUES('17024','17004','1990-11-11 04:00:00+00','1990-12-01 00:00:00+00','17990','17991',null,'17990','1990-11-11 00:00:00+00','1','FALSE',null);
INSERT INTO kern.his_persafgeleidadministrati (id,pers,tsreg,tsverval,actieinh,actieverval,nadereaandverval,admhnd,tslaatstewijz,sorteervolgorde,indonverwbijhvoorstelnieting,tslaatstewijzgbasystematiek) VALUES('17025','17004','1990-11-11 00:00:00+00','1990-11-11 04:00:00+00','17502','17990',null,'17502','1990-11-11 00:00:00+00','1','FALSE',null);
INSERT INTO kern.his_persafgeleidadministrati (id,pers,tsreg,tsverval,actieinh,actieverval,nadereaandverval,admhnd,tslaatstewijz,sorteervolgorde,indonverwbijhvoorstelnieting,tslaatstewijzgbasystematiek) VALUES('17026','17004','1969-12-27 04:00:00+00','1990-11-11 00:00:00+00','17989','17502',null,'17989','1969-12-27 00:00:00+00','1','FALSE',null);
INSERT INTO kern.his_persafgeleidadministrati (id,pers,tsreg,tsverval,actieinh,actieverval,nadereaandverval,admhnd,tslaatstewijz,sorteervolgorde,indonverwbijhvoorstelnieting,tslaatstewijzgbasystematiek) VALUES('17027','17004','1969-12-27 00:00:00+00','1969-12-27 04:00:00+00','17004','17989',null,'17004','1969-12-27 00:00:00+00','1','FALSE',null);
INSERT INTO kern.his_persafgeleidadministrati (id,pers,tsreg,tsverval,actieinh,actieverval,nadereaandverval,admhnd,tslaatstewijz,sorteervolgorde,indonverwbijhvoorstelnieting,tslaatstewijzgbasystematiek) VALUES('17028','17005','2012-01-01 00:00:00+00',null,'17639',null,null,'17639','2012-01-01 00:00:00+00','1','FALSE',null);
INSERT INTO kern.his_persafgeleidadministrati (id,pers,tsreg,tsverval,actieinh,actieverval,nadereaandverval,admhnd,tslaatstewijz,sorteervolgorde,indonverwbijhvoorstelnieting,tslaatstewijzgbasystematiek) VALUES('17029','17005','2003-12-26 00:00:00+00','2012-01-01 00:00:00+00','17500','17639',null,'17500','2003-12-26 00:00:00+00','1','FALSE',null);
INSERT INTO kern.his_persafgeleidadministrati (id,pers,tsreg,tsverval,actieinh,actieverval,nadereaandverval,admhnd,tslaatstewijz,sorteervolgorde,indonverwbijhvoorstelnieting,tslaatstewijzgbasystematiek) VALUES('17030','17005','1998-12-01 00:00:00+00','2003-12-26 00:00:00+00','17988','17500',null,'17988','1998-12-01 00:00:00+00','1','FALSE',null);
INSERT INTO kern.his_persafgeleidadministrati (id,pers,tsreg,tsverval,actieinh,actieverval,nadereaandverval,admhnd,tslaatstewijz,sorteervolgorde,indonverwbijhvoorstelnieting,tslaatstewijzgbasystematiek) VALUES('17031','17005','1997-06-05 04:00:00+00','1998-12-01 00:00:00+00','17987','17988',null,'17987','1997-06-05 00:00:00+00','1','FALSE',null);
INSERT INTO kern.his_persafgeleidadministrati (id,pers,tsreg,tsverval,actieinh,actieverval,nadereaandverval,admhnd,tslaatstewijz,sorteervolgorde,indonverwbijhvoorstelnieting,tslaatstewijzgbasystematiek) VALUES('17032','17005','1997-06-05 00:00:00+00','1997-06-05 04:00:00+00','17503','17987',null,'17503','1997-06-05 00:00:00+00','1','FALSE',null);
INSERT INTO kern.his_persafgeleidadministrati (id,pers,tsreg,tsverval,actieinh,actieverval,nadereaandverval,admhnd,tslaatstewijz,sorteervolgorde,indonverwbijhvoorstelnieting,tslaatstewijzgbasystematiek) VALUES('17033','17005','1971-07-17 04:00:00+00','1997-06-05 00:00:00+00','17986','17503',null,'17986','1971-07-17 00:00:00+00','1','FALSE',null);
INSERT INTO kern.his_persafgeleidadministrati (id,pers,tsreg,tsverval,actieinh,actieverval,nadereaandverval,admhnd,tslaatstewijz,sorteervolgorde,indonverwbijhvoorstelnieting,tslaatstewijzgbasystematiek) VALUES('17034','17005','1971-07-17 00:00:00+00','1971-07-17 04:00:00+00','17005','17986',null,'17005','1971-07-17 00:00:00+00','1','FALSE',null);
INSERT INTO kern.his_persafgeleidadministrati (id,pers,tsreg,tsverval,actieinh,actieverval,nadereaandverval,admhnd,tslaatstewijz,sorteervolgorde,indonverwbijhvoorstelnieting,tslaatstewijzgbasystematiek) VALUES('17035','17006','2012-01-01 00:00:00+00',null,'17639',null,null,'17639','2012-01-01 00:00:00+00','1','FALSE',null);
INSERT INTO kern.his_persafgeleidadministrati (id,pers,tsreg,tsverval,actieinh,actieverval,nadereaandverval,admhnd,tslaatstewijz,sorteervolgorde,indonverwbijhvoorstelnieting,tslaatstewijzgbasystematiek) VALUES('17036','17006','2003-12-26 00:00:00+00','2012-01-01 00:00:00+00','17500','17639',null,'17500','2003-12-26 00:00:00+00','1','FALSE',null);
INSERT INTO kern.his_persafgeleidadministrati (id,pers,tsreg,tsverval,actieinh,actieverval,nadereaandverval,admhnd,tslaatstewijz,sorteervolgorde,indonverwbijhvoorstelnieting,tslaatstewijzgbasystematiek) VALUES('17037','17006','1998-12-01 00:00:00+00','2003-12-26 00:00:00+00','17985','17500',null,'17985','1998-12-01 00:00:00+00','1','FALSE',null);
INSERT INTO kern.his_persafgeleidadministrati (id,pers,tsreg,tsverval,actieinh,actieverval,nadereaandverval,admhnd,tslaatstewijz,sorteervolgorde,indonverwbijhvoorstelnieting,tslaatstewijzgbasystematiek) VALUES('17038','17006','1997-06-05 04:00:00+00','1998-12-01 00:00:00+00','17984','17985',null,'17984','1997-06-05 00:00:00+00','1','FALSE',null);
INSERT INTO kern.his_persafgeleidadministrati (id,pers,tsreg,tsverval,actieinh,actieverval,nadereaandverval,admhnd,tslaatstewijz,sorteervolgorde,indonverwbijhvoorstelnieting,tslaatstewijzgbasystematiek) VALUES('17039','17006','1997-06-05 00:00:00+00','1997-06-05 04:00:00+00','17503','17984',null,'17503','1997-06-05 00:00:00+00','1','FALSE',null);
INSERT INTO kern.his_persafgeleidadministrati (id,pers,tsreg,tsverval,actieinh,actieverval,nadereaandverval,admhnd,tslaatstewijz,sorteervolgorde,indonverwbijhvoorstelnieting,tslaatstewijzgbasystematiek) VALUES('17040','17006','1995-10-03 00:00:00+00','1997-06-05 00:00:00+00','17636','17503',null,'17636','1995-10-03 00:00:00+00','1','FALSE',null);
INSERT INTO kern.his_persafgeleidadministrati (id,pers,tsreg,tsverval,actieinh,actieverval,nadereaandverval,admhnd,tslaatstewijz,sorteervolgorde,indonverwbijhvoorstelnieting,tslaatstewijzgbasystematiek) VALUES('17041','17006','1972-09-28 04:00:00+00','1995-10-03 00:00:00+00','17983','17636',null,'17983','1972-09-28 00:00:00+00','1','FALSE',null);
INSERT INTO kern.his_persafgeleidadministrati (id,pers,tsreg,tsverval,actieinh,actieverval,nadereaandverval,admhnd,tslaatstewijz,sorteervolgorde,indonverwbijhvoorstelnieting,tslaatstewijzgbasystematiek) VALUES('17042','17006','1972-09-28 00:00:00+00','1972-09-28 04:00:00+00','17006','17983',null,'17006','1972-09-28 00:00:00+00','1','FALSE',null);
INSERT INTO kern.his_persafgeleidadministrati (id,pers,tsreg,tsverval,actieinh,actieverval,nadereaandverval,admhnd,tslaatstewijz,sorteervolgorde,indonverwbijhvoorstelnieting,tslaatstewijzgbasystematiek) VALUES('17043','17007','2011-02-05 00:00:00+00',null,'17982',null,null,'17982','2011-02-05 00:00:00+00','1','FALSE',null);
INSERT INTO kern.his_persafgeleidadministrati (id,pers,tsreg,tsverval,actieinh,actieverval,nadereaandverval,admhnd,tslaatstewijz,sorteervolgorde,indonverwbijhvoorstelnieting,tslaatstewijzgbasystematiek) VALUES('17044','17007','2003-10-24 04:00:00+00','2011-02-05 00:00:00+00','17981','17982',null,'17981','2003-10-24 00:00:00+00','1','FALSE',null);
INSERT INTO kern.his_persafgeleidadministrati (id,pers,tsreg,tsverval,actieinh,actieverval,nadereaandverval,admhnd,tslaatstewijz,sorteervolgorde,indonverwbijhvoorstelnieting,tslaatstewijzgbasystematiek) VALUES('17045','17007','2003-10-24 00:00:00+00','2003-10-24 04:00:00+00','17504','17981',null,'17504','2003-10-24 00:00:00+00','1','FALSE',null);
INSERT INTO kern.his_persafgeleidadministrati (id,pers,tsreg,tsverval,actieinh,actieverval,nadereaandverval,admhnd,tslaatstewijz,sorteervolgorde,indonverwbijhvoorstelnieting,tslaatstewijzgbasystematiek) VALUES('17046','17007','1980-06-16 04:00:00+00','2003-10-24 00:00:00+00','17980','17504',null,'17980','1980-06-16 00:00:00+00','1','FALSE',null);
INSERT INTO kern.his_persafgeleidadministrati (id,pers,tsreg,tsverval,actieinh,actieverval,nadereaandverval,admhnd,tslaatstewijz,sorteervolgorde,indonverwbijhvoorstelnieting,tslaatstewijzgbasystematiek) VALUES('17047','17007','1980-06-16 00:00:00+00','1980-06-16 04:00:00+00','17007','17980',null,'17007','1980-06-16 00:00:00+00','1','FALSE',null);
INSERT INTO kern.his_persafgeleidadministrati (id,pers,tsreg,tsverval,actieinh,actieverval,nadereaandverval,admhnd,tslaatstewijz,sorteervolgorde,indonverwbijhvoorstelnieting,tslaatstewijzgbasystematiek) VALUES('17048','17008','2011-02-05 00:00:00+00',null,'17979',null,null,'17979','2011-02-05 00:00:00+00','1','FALSE',null);
INSERT INTO kern.his_persafgeleidadministrati (id,pers,tsreg,tsverval,actieinh,actieverval,nadereaandverval,admhnd,tslaatstewijz,sorteervolgorde,indonverwbijhvoorstelnieting,tslaatstewijzgbasystematiek) VALUES('17049','17008','2003-10-24 04:00:00+00','2011-02-05 00:00:00+00','17978','17979',null,'17978','2003-10-24 00:00:00+00','1','FALSE',null);
INSERT INTO kern.his_persafgeleidadministrati (id,pers,tsreg,tsverval,actieinh,actieverval,nadereaandverval,admhnd,tslaatstewijz,sorteervolgorde,indonverwbijhvoorstelnieting,tslaatstewijzgbasystematiek) VALUES('17050','17008','2003-10-24 00:00:00+00','2003-10-24 04:00:00+00','17504','17978',null,'17504','2003-10-24 00:00:00+00','1','FALSE',null);
INSERT INTO kern.his_persafgeleidadministrati (id,pers,tsreg,tsverval,actieinh,actieverval,nadereaandverval,admhnd,tslaatstewijz,sorteervolgorde,indonverwbijhvoorstelnieting,tslaatstewijzgbasystematiek) VALUES('17051','17008','1981-04-18 04:00:00+00','2003-10-24 00:00:00+00','17977','17504',null,'17977','1981-04-18 00:00:00+00','1','FALSE',null);
INSERT INTO kern.his_persafgeleidadministrati (id,pers,tsreg,tsverval,actieinh,actieverval,nadereaandverval,admhnd,tslaatstewijz,sorteervolgorde,indonverwbijhvoorstelnieting,tslaatstewijzgbasystematiek) VALUES('17052','17008','1981-04-18 00:00:00+00','1981-04-18 04:00:00+00','17008','17977',null,'17008','1981-04-18 00:00:00+00','1','FALSE',null);
INSERT INTO kern.his_persafgeleidadministrati (id,pers,tsreg,tsverval,actieinh,actieverval,nadereaandverval,admhnd,tslaatstewijz,sorteervolgorde,indonverwbijhvoorstelnieting,tslaatstewijzgbasystematiek) VALUES('17053','17009','2011-02-05 00:00:00+00',null,'17976',null,null,'17976','2011-02-05 00:00:00+00','1','FALSE',null);
INSERT INTO kern.his_persafgeleidadministrati (id,pers,tsreg,tsverval,actieinh,actieverval,nadereaandverval,admhnd,tslaatstewijz,sorteervolgorde,indonverwbijhvoorstelnieting,tslaatstewijzgbasystematiek) VALUES('17054','17009','2003-12-26 04:00:00+00','2011-02-05 00:00:00+00','17975','17976',null,'17975','2003-12-26 00:00:00+00','1','FALSE',null);
INSERT INTO kern.his_persafgeleidadministrati (id,pers,tsreg,tsverval,actieinh,actieverval,nadereaandverval,admhnd,tslaatstewijz,sorteervolgorde,indonverwbijhvoorstelnieting,tslaatstewijzgbasystematiek) VALUES('17055','17009','2003-12-26 00:00:00+00','2003-12-26 04:00:00+00','17500','17975',null,'17500','2003-12-26 00:00:00+00','1','FALSE',null);
INSERT INTO kern.his_persafgeleidadministrati (id,pers,tsreg,tsverval,actieinh,actieverval,nadereaandverval,admhnd,tslaatstewijz,sorteervolgorde,indonverwbijhvoorstelnieting,tslaatstewijzgbasystematiek) VALUES('17056','17009','1994-01-01 00:00:00+00','2003-12-26 00:00:00+00','17009','17500',null,'17009','1994-01-01 00:00:00+00','1','FALSE',null);
INSERT INTO kern.his_persafgeleidadministrati (id,pers,tsreg,tsverval,actieinh,actieverval,nadereaandverval,admhnd,tslaatstewijz,sorteervolgorde,indonverwbijhvoorstelnieting,tslaatstewijzgbasystematiek) VALUES('17057','17010','2012-10-05 00:00:00+00',null,'17640',null,null,'17640','2012-10-05 00:00:00+00','1','FALSE',null);
INSERT INTO kern.his_persafgeleidadministrati (id,pers,tsreg,tsverval,actieinh,actieverval,nadereaandverval,admhnd,tslaatstewijz,sorteervolgorde,indonverwbijhvoorstelnieting,tslaatstewijzgbasystematiek) VALUES('17058','17010','2009-09-28 00:00:00+00','2012-10-05 00:00:00+00','17974','17640',null,'17974','2009-09-28 00:00:00+00','1','FALSE',null);
INSERT INTO kern.his_persafgeleidadministrati (id,pers,tsreg,tsverval,actieinh,actieverval,nadereaandverval,admhnd,tslaatstewijz,sorteervolgorde,indonverwbijhvoorstelnieting,tslaatstewijzgbasystematiek) VALUES('17059','17010','1996-03-04 04:00:00+00','2009-09-28 00:00:00+00','17973','17974',null,'17973','1996-03-04 00:00:00+00','1','FALSE',null);
INSERT INTO kern.his_persafgeleidadministrati (id,pers,tsreg,tsverval,actieinh,actieverval,nadereaandverval,admhnd,tslaatstewijz,sorteervolgorde,indonverwbijhvoorstelnieting,tslaatstewijzgbasystematiek) VALUES('17060','17010','1996-03-04 00:00:00+00','1996-03-04 04:00:00+00','17505','17973',null,'17505','1996-03-04 00:00:00+00','1','FALSE',null);
INSERT INTO kern.his_persafgeleidadministrati (id,pers,tsreg,tsverval,actieinh,actieverval,nadereaandverval,admhnd,tslaatstewijz,sorteervolgorde,indonverwbijhvoorstelnieting,tslaatstewijzgbasystematiek) VALUES('17061','17010','1991-09-11 00:00:00+00','1996-03-04 00:00:00+00','17627','17505',null,'17627','1991-09-11 00:00:00+00','1','FALSE',null);
INSERT INTO kern.his_persafgeleidadministrati (id,pers,tsreg,tsverval,actieinh,actieverval,nadereaandverval,admhnd,tslaatstewijz,sorteervolgorde,indonverwbijhvoorstelnieting,tslaatstewijzgbasystematiek) VALUES('17062','17010','1969-12-31 04:00:00+00','1991-09-11 00:00:00+00','17972','17627',null,'17972','1969-12-31 00:00:00+00','1','FALSE',null);
INSERT INTO kern.his_persafgeleidadministrati (id,pers,tsreg,tsverval,actieinh,actieverval,nadereaandverval,admhnd,tslaatstewijz,sorteervolgorde,indonverwbijhvoorstelnieting,tslaatstewijzgbasystematiek) VALUES('17063','17010','1969-12-31 00:00:00+00','1969-12-31 04:00:00+00','17010','17972',null,'17010','1969-12-31 00:00:00+00','1','FALSE',null);
INSERT INTO kern.his_persafgeleidadministrati (id,pers,tsreg,tsverval,actieinh,actieverval,nadereaandverval,admhnd,tslaatstewijz,sorteervolgorde,indonverwbijhvoorstelnieting,tslaatstewijzgbasystematiek) VALUES('17064','17011','2012-10-05 00:00:00+00',null,'17640',null,null,'17640','2012-10-05 00:00:00+00','1','FALSE',null);
INSERT INTO kern.his_persafgeleidadministrati (id,pers,tsreg,tsverval,actieinh,actieverval,nadereaandverval,admhnd,tslaatstewijz,sorteervolgorde,indonverwbijhvoorstelnieting,tslaatstewijzgbasystematiek) VALUES('17065','17011','2009-09-28 00:00:00+00','2012-10-05 00:00:00+00','17971','17640',null,'17971','2009-09-28 00:00:00+00','1','FALSE',null);
INSERT INTO kern.his_persafgeleidadministrati (id,pers,tsreg,tsverval,actieinh,actieverval,nadereaandverval,admhnd,tslaatstewijz,sorteervolgorde,indonverwbijhvoorstelnieting,tslaatstewijzgbasystematiek) VALUES('17066','17011','1996-03-04 04:00:00+00','2009-09-28 00:00:00+00','17970','17971',null,'17970','1996-03-04 00:00:00+00','1','FALSE',null);
INSERT INTO kern.his_persafgeleidadministrati (id,pers,tsreg,tsverval,actieinh,actieverval,nadereaandverval,admhnd,tslaatstewijz,sorteervolgorde,indonverwbijhvoorstelnieting,tslaatstewijzgbasystematiek) VALUES('17067','17011','1996-03-04 00:00:00+00','1996-03-04 04:00:00+00','17505','17970',null,'17505','1996-03-04 00:00:00+00','1','FALSE',null);
INSERT INTO kern.his_persafgeleidadministrati (id,pers,tsreg,tsverval,actieinh,actieverval,nadereaandverval,admhnd,tslaatstewijz,sorteervolgorde,indonverwbijhvoorstelnieting,tslaatstewijzgbasystematiek) VALUES('17068','17011','1995-10-03 00:00:00+00','1996-03-04 00:00:00+00','17636','17505',null,'17636','1995-10-03 00:00:00+00','1','FALSE',null);
INSERT INTO kern.his_persafgeleidadministrati (id,pers,tsreg,tsverval,actieinh,actieverval,nadereaandverval,admhnd,tslaatstewijz,sorteervolgorde,indonverwbijhvoorstelnieting,tslaatstewijzgbasystematiek) VALUES('17069','17011','1991-09-11 00:00:00+00','1995-10-03 00:00:00+00','17627','17636',null,'17627','1991-09-11 00:00:00+00','1','FALSE',null);
INSERT INTO kern.his_persafgeleidadministrati (id,pers,tsreg,tsverval,actieinh,actieverval,nadereaandverval,admhnd,tslaatstewijz,sorteervolgorde,indonverwbijhvoorstelnieting,tslaatstewijzgbasystematiek) VALUES('17070','17011','1969-05-16 04:00:00+00','1991-09-11 00:00:00+00','17969','17627',null,'17969','1969-05-16 00:00:00+00','1','FALSE',null);
INSERT INTO kern.his_persafgeleidadministrati (id,pers,tsreg,tsverval,actieinh,actieverval,nadereaandverval,admhnd,tslaatstewijz,sorteervolgorde,indonverwbijhvoorstelnieting,tslaatstewijzgbasystematiek) VALUES('17071','17011','1969-05-16 00:00:00+00','1969-05-16 04:00:00+00','17011','17969',null,'17011','1969-05-16 00:00:00+00','1','FALSE',null);
INSERT INTO kern.his_persafgeleidadministrati (id,pers,tsreg,tsverval,actieinh,actieverval,nadereaandverval,admhnd,tslaatstewijz,sorteervolgorde,indonverwbijhvoorstelnieting,tslaatstewijzgbasystematiek) VALUES('17072','17012','2000-02-28 00:00:00+00',null,'17968',null,null,'17968','2000-02-28 00:00:00+00','1','FALSE',null);
INSERT INTO kern.his_persafgeleidadministrati (id,pers,tsreg,tsverval,actieinh,actieverval,nadereaandverval,admhnd,tslaatstewijz,sorteervolgorde,indonverwbijhvoorstelnieting,tslaatstewijzgbasystematiek) VALUES('17073','17012','1977-12-10 04:00:00+00','2000-02-28 00:00:00+00','17967','17968',null,'17967','1977-12-10 00:00:00+00','1','FALSE',null);
INSERT INTO kern.his_persafgeleidadministrati (id,pers,tsreg,tsverval,actieinh,actieverval,nadereaandverval,admhnd,tslaatstewijz,sorteervolgorde,indonverwbijhvoorstelnieting,tslaatstewijzgbasystematiek) VALUES('17074','17012','1977-12-10 00:00:00+00','1977-12-10 04:00:00+00','17012','17967',null,'17012','1977-12-10 00:00:00+00','1','FALSE',null);
INSERT INTO kern.his_persafgeleidadministrati (id,pers,tsreg,tsverval,actieinh,actieverval,nadereaandverval,admhnd,tslaatstewijz,sorteervolgorde,indonverwbijhvoorstelnieting,tslaatstewijzgbasystematiek) VALUES('17075','17013','1994-10-03 00:00:00+00',null,'17625',null,null,'17625','1994-10-03 00:00:00+00','1','FALSE',null);
INSERT INTO kern.his_persafgeleidadministrati (id,pers,tsreg,tsverval,actieinh,actieverval,nadereaandverval,admhnd,tslaatstewijz,sorteervolgorde,indonverwbijhvoorstelnieting,tslaatstewijzgbasystematiek) VALUES('17076','17013','1992-05-08 00:00:00+00','1994-10-03 00:00:00+00','17966','17625',null,'17966','1992-05-08 00:00:00+00','1','FALSE',null);
INSERT INTO kern.his_persafgeleidadministrati (id,pers,tsreg,tsverval,actieinh,actieverval,nadereaandverval,admhnd,tslaatstewijz,sorteervolgorde,indonverwbijhvoorstelnieting,tslaatstewijzgbasystematiek) VALUES('17077','17013','1955-06-02 04:00:00+00','1992-05-08 00:00:00+00','17965','17966',null,'17965','1955-06-02 00:00:00+00','1','FALSE',null);
INSERT INTO kern.his_persafgeleidadministrati (id,pers,tsreg,tsverval,actieinh,actieverval,nadereaandverval,admhnd,tslaatstewijz,sorteervolgorde,indonverwbijhvoorstelnieting,tslaatstewijzgbasystematiek) VALUES('17078','17013','1955-06-02 00:00:00+00','1955-06-02 04:00:00+00','17013','17965',null,'17013','1955-06-02 00:00:00+00','1','FALSE',null);
INSERT INTO kern.his_persafgeleidadministrati (id,pers,tsreg,tsverval,actieinh,actieverval,nadereaandverval,admhnd,tslaatstewijz,sorteervolgorde,indonverwbijhvoorstelnieting,tslaatstewijzgbasystematiek) VALUES('17079','17014','2011-11-11 00:00:00+00',null,'17506',null,null,'17506','2011-11-11 00:00:00+00','1','FALSE',null);
INSERT INTO kern.his_persafgeleidadministrati (id,pers,tsreg,tsverval,actieinh,actieverval,nadereaandverval,admhnd,tslaatstewijz,sorteervolgorde,indonverwbijhvoorstelnieting,tslaatstewijzgbasystematiek) VALUES('17080','17014','2005-01-12 00:00:00+00','2011-11-11 00:00:00+00','17638','17506',null,'17638','2005-01-12 00:00:00+00','1','FALSE',null);
INSERT INTO kern.his_persafgeleidadministrati (id,pers,tsreg,tsverval,actieinh,actieverval,nadereaandverval,admhnd,tslaatstewijz,sorteervolgorde,indonverwbijhvoorstelnieting,tslaatstewijzgbasystematiek) VALUES('17081','17014','1991-09-11 00:00:00+00','2005-01-12 00:00:00+00','17627','17638',null,'17627','1991-09-11 00:00:00+00','1','FALSE',null);
INSERT INTO kern.his_persafgeleidadministrati (id,pers,tsreg,tsverval,actieinh,actieverval,nadereaandverval,admhnd,tslaatstewijz,sorteervolgorde,indonverwbijhvoorstelnieting,tslaatstewijzgbasystematiek) VALUES('17082','17014','1978-06-11 04:00:00+00','1991-09-11 00:00:00+00','17964','17627',null,'17964','1978-06-11 00:00:00+00','1','FALSE',null);
INSERT INTO kern.his_persafgeleidadministrati (id,pers,tsreg,tsverval,actieinh,actieverval,nadereaandverval,admhnd,tslaatstewijz,sorteervolgorde,indonverwbijhvoorstelnieting,tslaatstewijzgbasystematiek) VALUES('17083','17014','1978-06-11 00:00:00+00','1978-06-11 04:00:00+00','17014','17964',null,'17014','1978-06-11 00:00:00+00','1','FALSE',null);
INSERT INTO kern.his_persafgeleidadministrati (id,pers,tsreg,tsverval,actieinh,actieverval,nadereaandverval,admhnd,tslaatstewijz,sorteervolgorde,indonverwbijhvoorstelnieting,tslaatstewijzgbasystematiek) VALUES('17084','17015','2011-04-25 00:00:00+00',null,'17963',null,null,'17963','2011-04-25 00:00:00+00','1','FALSE',null);
INSERT INTO kern.his_persafgeleidadministrati (id,pers,tsreg,tsverval,actieinh,actieverval,nadereaandverval,admhnd,tslaatstewijz,sorteervolgorde,indonverwbijhvoorstelnieting,tslaatstewijzgbasystematiek) VALUES('17085','17015','2005-01-12 00:00:00+00','2011-04-25 00:00:00+00','17638','17963',null,'17638','2005-01-12 00:00:00+00','1','FALSE',null);
INSERT INTO kern.his_persafgeleidadministrati (id,pers,tsreg,tsverval,actieinh,actieverval,nadereaandverval,admhnd,tslaatstewijz,sorteervolgorde,indonverwbijhvoorstelnieting,tslaatstewijzgbasystematiek) VALUES('17086','17015','1988-04-25 04:00:00+00','2005-01-12 00:00:00+00','17962','17638',null,'17962','1988-04-25 00:00:00+00','1','FALSE',null);
INSERT INTO kern.his_persafgeleidadministrati (id,pers,tsreg,tsverval,actieinh,actieverval,nadereaandverval,admhnd,tslaatstewijz,sorteervolgorde,indonverwbijhvoorstelnieting,tslaatstewijzgbasystematiek) VALUES('17087','17015','1988-04-25 00:00:00+00','1988-04-25 04:00:00+00','17015','17962',null,'17015','1988-04-25 00:00:00+00','1','FALSE',null);
INSERT INTO kern.his_persafgeleidadministrati (id,pers,tsreg,tsverval,actieinh,actieverval,nadereaandverval,admhnd,tslaatstewijz,sorteervolgorde,indonverwbijhvoorstelnieting,tslaatstewijzgbasystematiek) VALUES('17088','17016','2010-06-26 00:00:00+00',null,'17961',null,null,'17961','2010-06-26 00:00:00+00','1','FALSE',null);
INSERT INTO kern.his_persafgeleidadministrati (id,pers,tsreg,tsverval,actieinh,actieverval,nadereaandverval,admhnd,tslaatstewijz,sorteervolgorde,indonverwbijhvoorstelnieting,tslaatstewijzgbasystematiek) VALUES('17089','17016','1988-04-25 00:00:00+00','2010-06-26 00:00:00+00','17960','17961',null,'17960','1988-04-25 00:00:00+00','1','FALSE',null);
INSERT INTO kern.his_persafgeleidadministrati (id,pers,tsreg,tsverval,actieinh,actieverval,nadereaandverval,admhnd,tslaatstewijz,sorteervolgorde,indonverwbijhvoorstelnieting,tslaatstewijzgbasystematiek) VALUES('17090','17016','1899-12-10 04:00:00+00','1988-04-25 00:00:00+00','17959','17960',null,'17959','1899-12-10 00:00:00+00','1','FALSE',null);
INSERT INTO kern.his_persafgeleidadministrati (id,pers,tsreg,tsverval,actieinh,actieverval,nadereaandverval,admhnd,tslaatstewijz,sorteervolgorde,indonverwbijhvoorstelnieting,tslaatstewijzgbasystematiek) VALUES('17091','17016','1899-12-10 00:00:00+00','1899-12-10 04:00:00+00','17016','17959',null,'17016','1899-12-10 00:00:00+00','1','FALSE',null);
INSERT INTO kern.his_persafgeleidadministrati (id,pers,tsreg,tsverval,actieinh,actieverval,nadereaandverval,admhnd,tslaatstewijz,sorteervolgorde,indonverwbijhvoorstelnieting,tslaatstewijzgbasystematiek) VALUES('17092','17017','2003-03-27 00:00:00+00',null,'17958',null,null,'17958','2003-03-27 00:00:00+00','1','FALSE',null);
INSERT INTO kern.his_persafgeleidadministrati (id,pers,tsreg,tsverval,actieinh,actieverval,nadereaandverval,admhnd,tslaatstewijz,sorteervolgorde,indonverwbijhvoorstelnieting,tslaatstewijzgbasystematiek) VALUES('17093','17017','1982-05-23 04:00:00+00','2003-03-27 00:00:00+00','17957','17958',null,'17957','1982-05-23 00:00:00+00','1','FALSE',null);
INSERT INTO kern.his_persafgeleidadministrati (id,pers,tsreg,tsverval,actieinh,actieverval,nadereaandverval,admhnd,tslaatstewijz,sorteervolgorde,indonverwbijhvoorstelnieting,tslaatstewijzgbasystematiek) VALUES('17094','17017','1982-05-23 00:00:00+00','1982-05-23 04:00:00+00','17017','17957',null,'17017','1982-05-23 00:00:00+00','1','FALSE',null);
INSERT INTO kern.his_persafgeleidadministrati (id,pers,tsreg,tsverval,actieinh,actieverval,nadereaandverval,admhnd,tslaatstewijz,sorteervolgorde,indonverwbijhvoorstelnieting,tslaatstewijzgbasystematiek) VALUES('17095','17018','1991-10-02 00:00:00+00',null,'17956',null,null,'17956','1991-10-02 00:00:00+00','1','FALSE',null);
INSERT INTO kern.his_persafgeleidadministrati (id,pers,tsreg,tsverval,actieinh,actieverval,nadereaandverval,admhnd,tslaatstewijz,sorteervolgorde,indonverwbijhvoorstelnieting,tslaatstewijzgbasystematiek) VALUES('17096','17018','1984-04-11 04:00:00+00','1991-10-02 00:00:00+00','17955','17956',null,'17955','1984-04-11 00:00:00+00','1','FALSE',null);
INSERT INTO kern.his_persafgeleidadministrati (id,pers,tsreg,tsverval,actieinh,actieverval,nadereaandverval,admhnd,tslaatstewijz,sorteervolgorde,indonverwbijhvoorstelnieting,tslaatstewijzgbasystematiek) VALUES('17097','17018','1984-04-11 00:00:00+00','1984-04-11 04:00:00+00','17018','17955',null,'17018','1984-04-11 00:00:00+00','1','FALSE',null);
INSERT INTO kern.his_persafgeleidadministrati (id,pers,tsreg,tsverval,actieinh,actieverval,nadereaandverval,admhnd,tslaatstewijz,sorteervolgorde,indonverwbijhvoorstelnieting,tslaatstewijzgbasystematiek) VALUES('17098','17019','1990-11-11 00:00:00+00',null,'17954',null,null,'17954','1990-11-11 00:00:00+00','1','FALSE',null);
INSERT INTO kern.his_persafgeleidadministrati (id,pers,tsreg,tsverval,actieinh,actieverval,nadereaandverval,admhnd,tslaatstewijz,sorteervolgorde,indonverwbijhvoorstelnieting,tslaatstewijzgbasystematiek) VALUES('17099','17019','1974-10-26 04:00:00+00','1990-11-11 00:00:00+00','17953','17954',null,'17953','1974-10-26 00:00:00+00','1','FALSE',null);
INSERT INTO kern.his_persafgeleidadministrati (id,pers,tsreg,tsverval,actieinh,actieverval,nadereaandverval,admhnd,tslaatstewijz,sorteervolgorde,indonverwbijhvoorstelnieting,tslaatstewijzgbasystematiek) VALUES('17100','17019','1974-10-26 00:00:00+00','1974-10-26 04:00:00+00','17019','17953',null,'17019','1974-10-26 00:00:00+00','1','FALSE',null);
INSERT INTO kern.his_persafgeleidadministrati (id,pers,tsreg,tsverval,actieinh,actieverval,nadereaandverval,admhnd,tslaatstewijz,sorteervolgorde,indonverwbijhvoorstelnieting,tslaatstewijzgbasystematiek) VALUES('17101','17020','1982-05-28 00:00:00+00',null,'17952',null,null,'17952','1982-05-28 00:00:00+00','1','FALSE',null);
INSERT INTO kern.his_persafgeleidadministrati (id,pers,tsreg,tsverval,actieinh,actieverval,nadereaandverval,admhnd,tslaatstewijz,sorteervolgorde,indonverwbijhvoorstelnieting,tslaatstewijzgbasystematiek) VALUES('17102','17020','1976-01-03 04:00:00+00','1982-05-28 00:00:00+00','17951','17952',null,'17951','1976-01-03 00:00:00+00','1','FALSE',null);
INSERT INTO kern.his_persafgeleidadministrati (id,pers,tsreg,tsverval,actieinh,actieverval,nadereaandverval,admhnd,tslaatstewijz,sorteervolgorde,indonverwbijhvoorstelnieting,tslaatstewijzgbasystematiek) VALUES('17103','17020','1976-01-03 00:00:00+00','1976-01-03 04:00:00+00','17020','17951',null,'17020','1976-01-03 00:00:00+00','1','FALSE',null);
INSERT INTO kern.his_persafgeleidadministrati (id,pers,tsreg,tsverval,actieinh,actieverval,nadereaandverval,admhnd,tslaatstewijz,sorteervolgorde,indonverwbijhvoorstelnieting,tslaatstewijzgbasystematiek) VALUES('17104','17021','2001-03-28 00:00:00+00',null,'17950',null,null,'17950','2001-03-28 00:00:00+00','1','FALSE',null);
INSERT INTO kern.his_persafgeleidadministrati (id,pers,tsreg,tsverval,actieinh,actieverval,nadereaandverval,admhnd,tslaatstewijz,sorteervolgorde,indonverwbijhvoorstelnieting,tslaatstewijzgbasystematiek) VALUES('17105','17021','1992-05-16 04:00:00+00','2001-03-28 00:00:00+00','17949','17950',null,'17949','1992-05-16 00:00:00+00','1','FALSE',null);
INSERT INTO kern.his_persafgeleidadministrati (id,pers,tsreg,tsverval,actieinh,actieverval,nadereaandverval,admhnd,tslaatstewijz,sorteervolgorde,indonverwbijhvoorstelnieting,tslaatstewijzgbasystematiek) VALUES('17106','17021','1992-05-16 00:00:00+00','1992-05-16 04:00:00+00','17021','17949',null,'17021','1992-05-16 00:00:00+00','1','FALSE',null);
INSERT INTO kern.his_persafgeleidadministrati (id,pers,tsreg,tsverval,actieinh,actieverval,nadereaandverval,admhnd,tslaatstewijz,sorteervolgorde,indonverwbijhvoorstelnieting,tslaatstewijzgbasystematiek) VALUES('17107','17022','2010-10-02 00:00:00+00',null,'17948',null,null,'17948','2010-10-02 00:00:00+00','1','FALSE',null);
INSERT INTO kern.his_persafgeleidadministrati (id,pers,tsreg,tsverval,actieinh,actieverval,nadereaandverval,admhnd,tslaatstewijz,sorteervolgorde,indonverwbijhvoorstelnieting,tslaatstewijzgbasystematiek) VALUES('17108','17022','1995-11-10 00:00:00+00','2010-10-02 00:00:00+00','17947','17948',null,'17947','1995-11-10 00:00:00+00','1','FALSE',null);
INSERT INTO kern.his_persafgeleidadministrati (id,pers,tsreg,tsverval,actieinh,actieverval,nadereaandverval,admhnd,tslaatstewijz,sorteervolgorde,indonverwbijhvoorstelnieting,tslaatstewijzgbasystematiek) VALUES('17109','17022','1995-10-03 00:00:00+00','1995-11-10 00:00:00+00','17022','17947',null,'17022','1995-10-03 00:00:00+00','1','FALSE',null);
INSERT INTO kern.his_persafgeleidadministrati (id,pers,tsreg,tsverval,actieinh,actieverval,nadereaandverval,admhnd,tslaatstewijz,sorteervolgorde,indonverwbijhvoorstelnieting,tslaatstewijzgbasystematiek) VALUES('17110','17023','1997-06-05 00:00:00+00',null,'17946',null,null,'17946','1997-06-05 00:00:00+00','1','FALSE',null);
INSERT INTO kern.his_persafgeleidadministrati (id,pers,tsreg,tsverval,actieinh,actieverval,nadereaandverval,admhnd,tslaatstewijz,sorteervolgorde,indonverwbijhvoorstelnieting,tslaatstewijzgbasystematiek) VALUES('17111','17023','1968-03-10 04:00:00+00','1997-06-05 00:00:00+00','17945','17946',null,'17945','1968-03-10 00:00:00+00','1','FALSE',null);
INSERT INTO kern.his_persafgeleidadministrati (id,pers,tsreg,tsverval,actieinh,actieverval,nadereaandverval,admhnd,tslaatstewijz,sorteervolgorde,indonverwbijhvoorstelnieting,tslaatstewijzgbasystematiek) VALUES('17112','17023','1968-03-10 00:00:00+00','1968-03-10 04:00:00+00','17023','17945',null,'17023','1968-03-10 00:00:00+00','1','FALSE',null);
INSERT INTO kern.his_persafgeleidadministrati (id,pers,tsreg,tsverval,actieinh,actieverval,nadereaandverval,admhnd,tslaatstewijz,sorteervolgorde,indonverwbijhvoorstelnieting,tslaatstewijzgbasystematiek) VALUES('17113','17024','1979-09-28 00:00:00+00',null,'17944',null,null,'17944','1979-09-28 00:00:00+00','1','FALSE',null);
INSERT INTO kern.his_persafgeleidadministrati (id,pers,tsreg,tsverval,actieinh,actieverval,nadereaandverval,admhnd,tslaatstewijz,sorteervolgorde,indonverwbijhvoorstelnieting,tslaatstewijzgbasystematiek) VALUES('17114','17024','1977-04-01 04:00:00+00','1979-09-28 00:00:00+00','17943','17944',null,'17943','1977-04-01 00:00:00+00','1','FALSE',null);
INSERT INTO kern.his_persafgeleidadministrati (id,pers,tsreg,tsverval,actieinh,actieverval,nadereaandverval,admhnd,tslaatstewijz,sorteervolgorde,indonverwbijhvoorstelnieting,tslaatstewijzgbasystematiek) VALUES('17115','17024','1977-04-01 00:00:00+00','1977-04-01 04:00:00+00','17024','17943',null,'17024','1977-04-01 00:00:00+00','1','FALSE',null);
INSERT INTO kern.his_persafgeleidadministrati (id,pers,tsreg,tsverval,actieinh,actieverval,nadereaandverval,admhnd,tslaatstewijz,sorteervolgorde,indonverwbijhvoorstelnieting,tslaatstewijzgbasystematiek) VALUES('17116','17025','1995-09-29 00:00:00+00',null,'17942',null,null,'17942','1995-09-29 00:00:00+00','1','FALSE',null);
INSERT INTO kern.his_persafgeleidadministrati (id,pers,tsreg,tsverval,actieinh,actieverval,nadereaandverval,admhnd,tslaatstewijz,sorteervolgorde,indonverwbijhvoorstelnieting,tslaatstewijzgbasystematiek) VALUES('17117','17025','1988-06-11 04:00:00+00','1995-09-29 00:00:00+00','17941','17942',null,'17941','1988-06-11 00:00:00+00','1','FALSE',null);
INSERT INTO kern.his_persafgeleidadministrati (id,pers,tsreg,tsverval,actieinh,actieverval,nadereaandverval,admhnd,tslaatstewijz,sorteervolgorde,indonverwbijhvoorstelnieting,tslaatstewijzgbasystematiek) VALUES('17118','17025','1988-06-11 00:00:00+00','1988-06-11 04:00:00+00','17025','17941',null,'17025','1988-06-11 00:00:00+00','1','FALSE',null);
INSERT INTO kern.his_persafgeleidadministrati (id,pers,tsreg,tsverval,actieinh,actieverval,nadereaandverval,admhnd,tslaatstewijz,sorteervolgorde,indonverwbijhvoorstelnieting,tslaatstewijzgbasystematiek) VALUES('17119','17026','2005-01-12 00:00:00+00',null,'17638',null,null,'17638','2005-01-12 00:00:00+00','1','FALSE',null);
INSERT INTO kern.his_persafgeleidadministrati (id,pers,tsreg,tsverval,actieinh,actieverval,nadereaandverval,admhnd,tslaatstewijz,sorteervolgorde,indonverwbijhvoorstelnieting,tslaatstewijzgbasystematiek) VALUES('17120','17026','2000-01-01 00:00:00+00','2005-01-12 00:00:00+00','17940','17638',null,'17940','2000-01-01 00:00:00+00','1','FALSE',null);
INSERT INTO kern.his_persafgeleidadministrati (id,pers,tsreg,tsverval,actieinh,actieverval,nadereaandverval,admhnd,tslaatstewijz,sorteervolgorde,indonverwbijhvoorstelnieting,tslaatstewijzgbasystematiek) VALUES('17121','17026','1991-07-21 04:00:00+00','2000-01-01 00:00:00+00','17939','17940',null,'17939','1991-07-21 00:00:00+00','1','FALSE',null);
INSERT INTO kern.his_persafgeleidadministrati (id,pers,tsreg,tsverval,actieinh,actieverval,nadereaandverval,admhnd,tslaatstewijz,sorteervolgorde,indonverwbijhvoorstelnieting,tslaatstewijzgbasystematiek) VALUES('17122','17026','1991-07-21 00:00:00+00','1991-07-21 04:00:00+00','17026','17939',null,'17026','1991-07-21 00:00:00+00','1','FALSE',null);
INSERT INTO kern.his_persafgeleidadministrati (id,pers,tsreg,tsverval,actieinh,actieverval,nadereaandverval,admhnd,tslaatstewijz,sorteervolgorde,indonverwbijhvoorstelnieting,tslaatstewijzgbasystematiek) VALUES('17123','17027','2003-10-24 00:00:00+00',null,'17938',null,null,'17938','2003-10-24 00:00:00+00','1','FALSE',null);
INSERT INTO kern.his_persafgeleidadministrati (id,pers,tsreg,tsverval,actieinh,actieverval,nadereaandverval,admhnd,tslaatstewijz,sorteervolgorde,indonverwbijhvoorstelnieting,tslaatstewijzgbasystematiek) VALUES('17124','17027','2003-03-28 00:00:00+00','2003-10-24 00:00:00+00','17646','17938',null,'17646','2003-03-28 00:00:00+00','1','FALSE',null);
INSERT INTO kern.his_persafgeleidadministrati (id,pers,tsreg,tsverval,actieinh,actieverval,nadereaandverval,admhnd,tslaatstewijz,sorteervolgorde,indonverwbijhvoorstelnieting,tslaatstewijzgbasystematiek) VALUES('17125','17027','1991-09-11 04:00:00+00','2003-03-28 00:00:00+00','17937','17646',null,'17937','1991-09-11 00:00:00+00','1','FALSE',null);
INSERT INTO kern.his_persafgeleidadministrati (id,pers,tsreg,tsverval,actieinh,actieverval,nadereaandverval,admhnd,tslaatstewijz,sorteervolgorde,indonverwbijhvoorstelnieting,tslaatstewijzgbasystematiek) VALUES('17126','17027','1991-09-11 00:00:00+00','1991-09-11 04:00:00+00','17027','17937',null,'17027','1991-09-11 00:00:00+00','1','FALSE',null);
INSERT INTO kern.his_persafgeleidadministrati (id,pers,tsreg,tsverval,actieinh,actieverval,nadereaandverval,admhnd,tslaatstewijz,sorteervolgorde,indonverwbijhvoorstelnieting,tslaatstewijzgbasystematiek) VALUES('17127','17028','2000-10-22 00:00:00+00',null,'17628',null,null,'17628','2000-10-22 00:00:00+00','1','FALSE',null);
INSERT INTO kern.his_persafgeleidadministrati (id,pers,tsreg,tsverval,actieinh,actieverval,nadereaandverval,admhnd,tslaatstewijz,sorteervolgorde,indonverwbijhvoorstelnieting,tslaatstewijzgbasystematiek) VALUES('17128','17028','1999-06-16 00:00:00+00','2000-10-22 00:00:00+00','17936','17628',null,'17936','1999-06-16 00:00:00+00','1','FALSE',null);
INSERT INTO kern.his_persafgeleidadministrati (id,pers,tsreg,tsverval,actieinh,actieverval,nadereaandverval,admhnd,tslaatstewijz,sorteervolgorde,indonverwbijhvoorstelnieting,tslaatstewijzgbasystematiek) VALUES('17129','17028','1990-07-22 04:00:00+00','1999-06-16 00:00:00+00','17935','17936',null,'17935','1990-07-22 00:00:00+00','1','FALSE',null);
INSERT INTO kern.his_persafgeleidadministrati (id,pers,tsreg,tsverval,actieinh,actieverval,nadereaandverval,admhnd,tslaatstewijz,sorteervolgorde,indonverwbijhvoorstelnieting,tslaatstewijzgbasystematiek) VALUES('17130','17028','1990-07-22 00:00:00+00','1990-07-22 04:00:00+00','17028','17935',null,'17028','1990-07-22 00:00:00+00','1','FALSE',null);
INSERT INTO kern.his_persafgeleidadministrati (id,pers,tsreg,tsverval,actieinh,actieverval,nadereaandverval,admhnd,tslaatstewijz,sorteervolgorde,indonverwbijhvoorstelnieting,tslaatstewijzgbasystematiek) VALUES('17131','17029','1920-04-30 00:00:00+00',null,'17029',null,null,'17029','1920-04-30 00:00:00+00','1','FALSE',null);
INSERT INTO kern.his_persafgeleidadministrati (id,pers,tsreg,tsverval,actieinh,actieverval,nadereaandverval,admhnd,tslaatstewijz,sorteervolgorde,indonverwbijhvoorstelnieting,tslaatstewijzgbasystematiek) VALUES('17132','17030','2012-06-20 00:00:00+00',null,'17934',null,null,'17934','2012-06-20 00:00:00+00','1','FALSE',null);
INSERT INTO kern.his_persafgeleidadministrati (id,pers,tsreg,tsverval,actieinh,actieverval,nadereaandverval,admhnd,tslaatstewijz,sorteervolgorde,indonverwbijhvoorstelnieting,tslaatstewijzgbasystematiek) VALUES('17133','17030','2009-12-01 00:00:00+00','2012-06-20 00:00:00+00','17933','17934',null,'17933','2009-12-01 00:00:00+00','1','FALSE',null);
INSERT INTO kern.his_persafgeleidadministrati (id,pers,tsreg,tsverval,actieinh,actieverval,nadereaandverval,admhnd,tslaatstewijz,sorteervolgorde,indonverwbijhvoorstelnieting,tslaatstewijzgbasystematiek) VALUES('17134','17030','2006-02-01 00:00:00+00','2009-12-01 00:00:00+00','17932','17933',null,'17932','2006-02-01 00:00:00+00','1','FALSE',null);
INSERT INTO kern.his_persafgeleidadministrati (id,pers,tsreg,tsverval,actieinh,actieverval,nadereaandverval,admhnd,tslaatstewijz,sorteervolgorde,indonverwbijhvoorstelnieting,tslaatstewijzgbasystematiek) VALUES('17135','17030','1922-04-19 04:00:00+00','2006-02-01 00:00:00+00','17931','17932',null,'17931','1922-04-19 00:00:00+00','1','FALSE',null);
INSERT INTO kern.his_persafgeleidadministrati (id,pers,tsreg,tsverval,actieinh,actieverval,nadereaandverval,admhnd,tslaatstewijz,sorteervolgorde,indonverwbijhvoorstelnieting,tslaatstewijzgbasystematiek) VALUES('17136','17030','1922-04-19 00:00:00+00','1922-04-19 04:00:00+00','17030','17931',null,'17030','1922-04-19 00:00:00+00','1','FALSE',null);
INSERT INTO kern.his_persafgeleidadministrati (id,pers,tsreg,tsverval,actieinh,actieverval,nadereaandverval,admhnd,tslaatstewijz,sorteervolgorde,indonverwbijhvoorstelnieting,tslaatstewijzgbasystematiek) VALUES('17137','17031','2012-03-06 00:00:00+00',null,'17930',null,null,'17930','2012-03-06 00:00:00+00','1','FALSE',null);
INSERT INTO kern.his_persafgeleidadministrati (id,pers,tsreg,tsverval,actieinh,actieverval,nadereaandverval,admhnd,tslaatstewijz,sorteervolgorde,indonverwbijhvoorstelnieting,tslaatstewijzgbasystematiek) VALUES('17138','17031','2001-09-26 00:00:00+00','2012-03-06 00:00:00+00','17929','17930',null,'17929','2001-09-26 00:00:00+00','1','FALSE',null);
INSERT INTO kern.his_persafgeleidadministrati (id,pers,tsreg,tsverval,actieinh,actieverval,nadereaandverval,admhnd,tslaatstewijz,sorteervolgorde,indonverwbijhvoorstelnieting,tslaatstewijzgbasystematiek) VALUES('17139','17031','2000-08-27 00:00:00+00','2001-09-26 00:00:00+00','17928','17929',null,'17928','2000-08-27 00:00:00+00','1','FALSE',null);
INSERT INTO kern.his_persafgeleidadministrati (id,pers,tsreg,tsverval,actieinh,actieverval,nadereaandverval,admhnd,tslaatstewijz,sorteervolgorde,indonverwbijhvoorstelnieting,tslaatstewijzgbasystematiek) VALUES('17140','17031','1992-02-19 04:00:00+00','2000-08-27 00:00:00+00','17927','17928',null,'17927','1992-02-19 00:00:00+00','1','FALSE',null);
INSERT INTO kern.his_persafgeleidadministrati (id,pers,tsreg,tsverval,actieinh,actieverval,nadereaandverval,admhnd,tslaatstewijz,sorteervolgorde,indonverwbijhvoorstelnieting,tslaatstewijzgbasystematiek) VALUES('17141','17031','1992-02-19 00:00:00+00','1992-02-19 04:00:00+00','17031','17927',null,'17031','1992-02-19 00:00:00+00','1','FALSE',null);
INSERT INTO kern.his_persafgeleidadministrati (id,pers,tsreg,tsverval,actieinh,actieverval,nadereaandverval,admhnd,tslaatstewijz,sorteervolgorde,indonverwbijhvoorstelnieting,tslaatstewijzgbasystematiek) VALUES('17142','17032','2012-06-21 00:00:00+00',null,'17926',null,null,'17926','2012-06-21 00:00:00+00','1','FALSE',null);
INSERT INTO kern.his_persafgeleidadministrati (id,pers,tsreg,tsverval,actieinh,actieverval,nadereaandverval,admhnd,tslaatstewijz,sorteervolgorde,indonverwbijhvoorstelnieting,tslaatstewijzgbasystematiek) VALUES('17143','17032','2001-03-01 00:00:00+00','2012-06-21 00:00:00+00','17925','17926',null,'17925','2001-03-01 00:00:00+00','1','FALSE',null);
INSERT INTO kern.his_persafgeleidadministrati (id,pers,tsreg,tsverval,actieinh,actieverval,nadereaandverval,admhnd,tslaatstewijz,sorteervolgorde,indonverwbijhvoorstelnieting,tslaatstewijzgbasystematiek) VALUES('17144','17032','1976-07-01 00:00:00+00','2001-03-01 00:00:00+00','17632','17925',null,'17632','1976-07-01 00:00:00+00','1','FALSE',null);
INSERT INTO kern.his_persafgeleidadministrati (id,pers,tsreg,tsverval,actieinh,actieverval,nadereaandverval,admhnd,tslaatstewijz,sorteervolgorde,indonverwbijhvoorstelnieting,tslaatstewijzgbasystematiek) VALUES('17145','17032','1967-06-01 00:00:00+00','1976-07-01 00:00:00+00','17924','17632',null,'17924','1967-06-01 00:00:00+00','1','FALSE',null);
INSERT INTO kern.his_persafgeleidadministrati (id,pers,tsreg,tsverval,actieinh,actieverval,nadereaandverval,admhnd,tslaatstewijz,sorteervolgorde,indonverwbijhvoorstelnieting,tslaatstewijzgbasystematiek) VALUES('17146','17032','1951-09-23 04:00:00+00','1967-06-01 00:00:00+00','17923','17924',null,'17923','1951-09-23 00:00:00+00','1','FALSE',null);
INSERT INTO kern.his_persafgeleidadministrati (id,pers,tsreg,tsverval,actieinh,actieverval,nadereaandverval,admhnd,tslaatstewijz,sorteervolgorde,indonverwbijhvoorstelnieting,tslaatstewijzgbasystematiek) VALUES('17147','17032','1951-09-23 00:00:00+00','1951-09-23 04:00:00+00','17032','17923',null,'17032','1951-09-23 00:00:00+00','1','FALSE',null);
INSERT INTO kern.his_persafgeleidadministrati (id,pers,tsreg,tsverval,actieinh,actieverval,nadereaandverval,admhnd,tslaatstewijz,sorteervolgorde,indonverwbijhvoorstelnieting,tslaatstewijzgbasystematiek) VALUES('17148','17033','2012-06-21 00:00:00+00',null,'17922',null,null,'17922','2012-06-21 00:00:00+00','1','FALSE',null);
INSERT INTO kern.his_persafgeleidadministrati (id,pers,tsreg,tsverval,actieinh,actieverval,nadereaandverval,admhnd,tslaatstewijz,sorteervolgorde,indonverwbijhvoorstelnieting,tslaatstewijzgbasystematiek) VALUES('17149','17033','2001-03-01 00:00:00+00','2012-06-21 00:00:00+00','17921','17922',null,'17921','2001-03-01 00:00:00+00','1','FALSE',null);
INSERT INTO kern.his_persafgeleidadministrati (id,pers,tsreg,tsverval,actieinh,actieverval,nadereaandverval,admhnd,tslaatstewijz,sorteervolgorde,indonverwbijhvoorstelnieting,tslaatstewijzgbasystematiek) VALUES('17150','17033','1976-07-01 00:00:00+00','2001-03-01 00:00:00+00','17632','17921',null,'17632','1976-07-01 00:00:00+00','1','FALSE',null);
INSERT INTO kern.his_persafgeleidadministrati (id,pers,tsreg,tsverval,actieinh,actieverval,nadereaandverval,admhnd,tslaatstewijz,sorteervolgorde,indonverwbijhvoorstelnieting,tslaatstewijzgbasystematiek) VALUES('17151','17033','1967-06-01 00:00:00+00','1976-07-01 00:00:00+00','17920','17632',null,'17920','1967-06-01 00:00:00+00','1','FALSE',null);
INSERT INTO kern.his_persafgeleidadministrati (id,pers,tsreg,tsverval,actieinh,actieverval,nadereaandverval,admhnd,tslaatstewijz,sorteervolgorde,indonverwbijhvoorstelnieting,tslaatstewijzgbasystematiek) VALUES('17152','17033','1953-11-16 04:00:00+00','1967-06-01 00:00:00+00','17919','17920',null,'17919','1953-11-16 00:00:00+00','1','FALSE',null);
INSERT INTO kern.his_persafgeleidadministrati (id,pers,tsreg,tsverval,actieinh,actieverval,nadereaandverval,admhnd,tslaatstewijz,sorteervolgorde,indonverwbijhvoorstelnieting,tslaatstewijzgbasystematiek) VALUES('17153','17033','1953-11-16 00:00:00+00','1953-11-16 04:00:00+00','17033','17919',null,'17033','1953-11-16 00:00:00+00','1','FALSE',null);
INSERT INTO kern.his_persafgeleidadministrati (id,pers,tsreg,tsverval,actieinh,actieverval,nadereaandverval,admhnd,tslaatstewijz,sorteervolgorde,indonverwbijhvoorstelnieting,tslaatstewijzgbasystematiek) VALUES('17154','17034','2009-07-01 00:00:00+00',null,'17918',null,null,'17918','2009-07-01 00:00:00+00','1','FALSE',null);
INSERT INTO kern.his_persafgeleidadministrati (id,pers,tsreg,tsverval,actieinh,actieverval,nadereaandverval,admhnd,tslaatstewijz,sorteervolgorde,indonverwbijhvoorstelnieting,tslaatstewijzgbasystematiek) VALUES('17155','17034','2008-02-18 00:00:00+00','2009-07-01 00:00:00+00','17917','17918',null,'17917','2008-02-18 00:00:00+00','1','FALSE',null);
INSERT INTO kern.his_persafgeleidadministrati (id,pers,tsreg,tsverval,actieinh,actieverval,nadereaandverval,admhnd,tslaatstewijz,sorteervolgorde,indonverwbijhvoorstelnieting,tslaatstewijzgbasystematiek) VALUES('17156','17034','2007-04-06 00:00:00+00','2008-02-18 00:00:00+00','17916','17917',null,'17916','2007-04-06 00:00:00+00','1','FALSE',null);
INSERT INTO kern.his_persafgeleidadministrati (id,pers,tsreg,tsverval,actieinh,actieverval,nadereaandverval,admhnd,tslaatstewijz,sorteervolgorde,indonverwbijhvoorstelnieting,tslaatstewijzgbasystematiek) VALUES('17157','17034','1939-04-02 04:00:00+00','2007-04-06 00:00:00+00','17915','17916',null,'17915','1939-04-02 00:00:00+00','1','FALSE',null);
INSERT INTO kern.his_persafgeleidadministrati (id,pers,tsreg,tsverval,actieinh,actieverval,nadereaandverval,admhnd,tslaatstewijz,sorteervolgorde,indonverwbijhvoorstelnieting,tslaatstewijzgbasystematiek) VALUES('17158','17034','1939-04-02 00:00:00+00','1939-04-02 04:00:00+00','17034','17915',null,'17034','1939-04-02 00:00:00+00','1','FALSE',null);
INSERT INTO kern.his_persafgeleidadministrati (id,pers,tsreg,tsverval,actieinh,actieverval,nadereaandverval,admhnd,tslaatstewijz,sorteervolgorde,indonverwbijhvoorstelnieting,tslaatstewijzgbasystematiek) VALUES('17159','17035','2009-03-01 00:00:00+00',null,'17914',null,null,'17914','2009-03-01 00:00:00+00','1','FALSE',null);
INSERT INTO kern.his_persafgeleidadministrati (id,pers,tsreg,tsverval,actieinh,actieverval,nadereaandverval,admhnd,tslaatstewijz,sorteervolgorde,indonverwbijhvoorstelnieting,tslaatstewijzgbasystematiek) VALUES('17160','17035','2008-11-01 00:00:00+00','2009-03-01 00:00:00+00','17913','17914',null,'17913','2008-11-01 00:00:00+00','1','FALSE',null);
INSERT INTO kern.his_persafgeleidadministrati (id,pers,tsreg,tsverval,actieinh,actieverval,nadereaandverval,admhnd,tslaatstewijz,sorteervolgorde,indonverwbijhvoorstelnieting,tslaatstewijzgbasystematiek) VALUES('17161','17035','2006-03-15 00:00:00+00','2008-11-01 00:00:00+00','17633','17913',null,'17633','2006-03-15 00:00:00+00','1','FALSE',null);
INSERT INTO kern.his_persafgeleidadministrati (id,pers,tsreg,tsverval,actieinh,actieverval,nadereaandverval,admhnd,tslaatstewijz,sorteervolgorde,indonverwbijhvoorstelnieting,tslaatstewijzgbasystematiek) VALUES('17162','17035','2005-12-01 00:00:00+00','2006-03-15 00:00:00+00','17635','17633',null,'17635','2005-12-01 00:00:00+00','1','FALSE',null);
INSERT INTO kern.his_persafgeleidadministrati (id,pers,tsreg,tsverval,actieinh,actieverval,nadereaandverval,admhnd,tslaatstewijz,sorteervolgorde,indonverwbijhvoorstelnieting,tslaatstewijzgbasystematiek) VALUES('17163','17035','2005-01-12 00:00:00+00','2005-12-01 00:00:00+00','17634','17635',null,'17634','2005-01-12 00:00:00+00','1','FALSE',null);
INSERT INTO kern.his_persafgeleidadministrati (id,pers,tsreg,tsverval,actieinh,actieverval,nadereaandverval,admhnd,tslaatstewijz,sorteervolgorde,indonverwbijhvoorstelnieting,tslaatstewijzgbasystematiek) VALUES('17164','17035','2005-01-01 00:00:00+00','2005-01-12 00:00:00+00','17912','17634',null,'17912','2005-01-01 00:00:00+00','1','FALSE',null);
INSERT INTO kern.his_persafgeleidadministrati (id,pers,tsreg,tsverval,actieinh,actieverval,nadereaandverval,admhnd,tslaatstewijz,sorteervolgorde,indonverwbijhvoorstelnieting,tslaatstewijzgbasystematiek) VALUES('17165','17035','1984-12-03 04:00:00+00','2005-01-01 00:00:00+00','17911','17912',null,'17911','1984-12-03 00:00:00+00','1','FALSE',null);
INSERT INTO kern.his_persafgeleidadministrati (id,pers,tsreg,tsverval,actieinh,actieverval,nadereaandverval,admhnd,tslaatstewijz,sorteervolgorde,indonverwbijhvoorstelnieting,tslaatstewijzgbasystematiek) VALUES('17166','17035','1984-12-03 00:00:00+00','1984-12-03 04:00:00+00','17035','17911',null,'17035','1984-12-03 00:00:00+00','1','FALSE',null);
INSERT INTO kern.his_persafgeleidadministrati (id,pers,tsreg,tsverval,actieinh,actieverval,nadereaandverval,admhnd,tslaatstewijz,sorteervolgorde,indonverwbijhvoorstelnieting,tslaatstewijzgbasystematiek) VALUES('17167','17036','2009-03-01 00:00:00+00',null,'17910',null,null,'17910','2009-03-01 00:00:00+00','1','FALSE',null);
INSERT INTO kern.his_persafgeleidadministrati (id,pers,tsreg,tsverval,actieinh,actieverval,nadereaandverval,admhnd,tslaatstewijz,sorteervolgorde,indonverwbijhvoorstelnieting,tslaatstewijzgbasystematiek) VALUES('17168','17036','2008-11-01 00:00:00+00','2009-03-01 00:00:00+00','17909','17910',null,'17909','2008-11-01 00:00:00+00','1','FALSE',null);
INSERT INTO kern.his_persafgeleidadministrati (id,pers,tsreg,tsverval,actieinh,actieverval,nadereaandverval,admhnd,tslaatstewijz,sorteervolgorde,indonverwbijhvoorstelnieting,tslaatstewijzgbasystematiek) VALUES('17169','17036','2006-03-15 00:00:00+00','2008-11-01 00:00:00+00','17633','17909',null,'17633','2006-03-15 00:00:00+00','1','FALSE',null);
INSERT INTO kern.his_persafgeleidadministrati (id,pers,tsreg,tsverval,actieinh,actieverval,nadereaandverval,admhnd,tslaatstewijz,sorteervolgorde,indonverwbijhvoorstelnieting,tslaatstewijzgbasystematiek) VALUES('17170','17036','2005-12-01 00:00:00+00','2006-03-15 00:00:00+00','17635','17633',null,'17635','2005-12-01 00:00:00+00','1','FALSE',null);
INSERT INTO kern.his_persafgeleidadministrati (id,pers,tsreg,tsverval,actieinh,actieverval,nadereaandverval,admhnd,tslaatstewijz,sorteervolgorde,indonverwbijhvoorstelnieting,tslaatstewijzgbasystematiek) VALUES('17171','17036','2005-01-12 00:00:00+00','2005-12-01 00:00:00+00','17634','17635',null,'17634','2005-01-12 00:00:00+00','1','FALSE',null);
INSERT INTO kern.his_persafgeleidadministrati (id,pers,tsreg,tsverval,actieinh,actieverval,nadereaandverval,admhnd,tslaatstewijz,sorteervolgorde,indonverwbijhvoorstelnieting,tslaatstewijzgbasystematiek) VALUES('17172','17036','2005-01-01 00:00:00+00','2005-01-12 00:00:00+00','17908','17634',null,'17908','2005-01-01 00:00:00+00','1','FALSE',null);
INSERT INTO kern.his_persafgeleidadministrati (id,pers,tsreg,tsverval,actieinh,actieverval,nadereaandverval,admhnd,tslaatstewijz,sorteervolgorde,indonverwbijhvoorstelnieting,tslaatstewijzgbasystematiek) VALUES('17173','17036','1985-10-11 04:00:00+00','2005-01-01 00:00:00+00','17907','17908',null,'17907','1985-10-11 00:00:00+00','1','FALSE',null);
INSERT INTO kern.his_persafgeleidadministrati (id,pers,tsreg,tsverval,actieinh,actieverval,nadereaandverval,admhnd,tslaatstewijz,sorteervolgorde,indonverwbijhvoorstelnieting,tslaatstewijzgbasystematiek) VALUES('17174','17036','1985-10-11 00:00:00+00','1985-10-11 04:00:00+00','17036','17907',null,'17036','1985-10-11 00:00:00+00','1','FALSE',null);
INSERT INTO kern.his_persafgeleidadministrati (id,pers,tsreg,tsverval,actieinh,actieverval,nadereaandverval,admhnd,tslaatstewijz,sorteervolgorde,indonverwbijhvoorstelnieting,tslaatstewijzgbasystematiek) VALUES('17175','17037','2009-03-01 00:00:00+00',null,'17906',null,null,'17906','2009-03-01 00:00:00+00','1','FALSE',null);
INSERT INTO kern.his_persafgeleidadministrati (id,pers,tsreg,tsverval,actieinh,actieverval,nadereaandverval,admhnd,tslaatstewijz,sorteervolgorde,indonverwbijhvoorstelnieting,tslaatstewijzgbasystematiek) VALUES('17176','17037','2008-11-01 00:00:00+00','2009-03-01 00:00:00+00','17905','17906',null,'17905','2008-11-01 00:00:00+00','1','FALSE',null);
INSERT INTO kern.his_persafgeleidadministrati (id,pers,tsreg,tsverval,actieinh,actieverval,nadereaandverval,admhnd,tslaatstewijz,sorteervolgorde,indonverwbijhvoorstelnieting,tslaatstewijzgbasystematiek) VALUES('17177','17037','2005-01-12 08:00:00+00','2008-11-01 00:00:00+00','17904','17905',null,'17904','2005-01-12 00:00:00+00','1','FALSE',null);
INSERT INTO kern.his_persafgeleidadministrati (id,pers,tsreg,tsverval,actieinh,actieverval,nadereaandverval,admhnd,tslaatstewijz,sorteervolgorde,indonverwbijhvoorstelnieting,tslaatstewijzgbasystematiek) VALUES('17178','17037','2005-01-12 04:00:00+00','2005-01-12 08:00:00+00','17634','17904',null,'17634','2005-01-12 00:00:00+00','1','FALSE',null);
INSERT INTO kern.his_persafgeleidadministrati (id,pers,tsreg,tsverval,actieinh,actieverval,nadereaandverval,admhnd,tslaatstewijz,sorteervolgorde,indonverwbijhvoorstelnieting,tslaatstewijzgbasystematiek) VALUES('17179','17037','2005-01-12 00:00:00+00','2005-01-12 04:00:00+00','17037','17634',null,'17037','2005-01-12 00:00:00+00','1','FALSE',null);
INSERT INTO kern.his_persafgeleidadministrati (id,pers,tsreg,tsverval,actieinh,actieverval,nadereaandverval,admhnd,tslaatstewijz,sorteervolgorde,indonverwbijhvoorstelnieting,tslaatstewijzgbasystematiek) VALUES('17180','17038','2009-03-01 00:00:00+00',null,'17903',null,null,'17903','2009-03-01 00:00:00+00','1','FALSE',null);
INSERT INTO kern.his_persafgeleidadministrati (id,pers,tsreg,tsverval,actieinh,actieverval,nadereaandverval,admhnd,tslaatstewijz,sorteervolgorde,indonverwbijhvoorstelnieting,tslaatstewijzgbasystematiek) VALUES('17181','17038','2008-11-01 00:00:00+00','2009-03-01 00:00:00+00','17902','17903',null,'17902','2008-11-01 00:00:00+00','1','FALSE',null);
INSERT INTO kern.his_persafgeleidadministrati (id,pers,tsreg,tsverval,actieinh,actieverval,nadereaandverval,admhnd,tslaatstewijz,sorteervolgorde,indonverwbijhvoorstelnieting,tslaatstewijzgbasystematiek) VALUES('17182','17038','2005-12-01 08:00:00+00','2008-11-01 00:00:00+00','17901','17902',null,'17901','2005-12-01 00:00:00+00','1','FALSE',null);
INSERT INTO kern.his_persafgeleidadministrati (id,pers,tsreg,tsverval,actieinh,actieverval,nadereaandverval,admhnd,tslaatstewijz,sorteervolgorde,indonverwbijhvoorstelnieting,tslaatstewijzgbasystematiek) VALUES('17183','17038','2005-12-01 04:00:00+00','2005-12-01 08:00:00+00','17635','17901',null,'17635','2005-12-01 00:00:00+00','1','FALSE',null);
INSERT INTO kern.his_persafgeleidadministrati (id,pers,tsreg,tsverval,actieinh,actieverval,nadereaandverval,admhnd,tslaatstewijz,sorteervolgorde,indonverwbijhvoorstelnieting,tslaatstewijzgbasystematiek) VALUES('17184','17038','2005-12-01 00:00:00+00','2005-12-01 04:00:00+00','17038','17635',null,'17038','2005-12-01 00:00:00+00','1','FALSE',null);
INSERT INTO kern.his_persafgeleidadministrati (id,pers,tsreg,tsverval,actieinh,actieverval,nadereaandverval,admhnd,tslaatstewijz,sorteervolgorde,indonverwbijhvoorstelnieting,tslaatstewijzgbasystematiek) VALUES('17185','17039','2012-05-22 00:00:00+00',null,'17900',null,null,'17900','2012-05-22 00:00:00+00','1','FALSE',null);
INSERT INTO kern.his_persafgeleidadministrati (id,pers,tsreg,tsverval,actieinh,actieverval,nadereaandverval,admhnd,tslaatstewijz,sorteervolgorde,indonverwbijhvoorstelnieting,tslaatstewijzgbasystematiek) VALUES('17186','17039','2011-12-01 00:00:00+00','2012-05-22 00:00:00+00','17899','17900',null,'17899','2011-12-01 00:00:00+00','1','FALSE',null);
INSERT INTO kern.his_persafgeleidadministrati (id,pers,tsreg,tsverval,actieinh,actieverval,nadereaandverval,admhnd,tslaatstewijz,sorteervolgorde,indonverwbijhvoorstelnieting,tslaatstewijzgbasystematiek) VALUES('17187','17039','2010-12-01 00:00:00+00','2011-12-01 00:00:00+00','17898','17899',null,'17898','2010-12-01 00:00:00+00','1','FALSE',null);
INSERT INTO kern.his_persafgeleidadministrati (id,pers,tsreg,tsverval,actieinh,actieverval,nadereaandverval,admhnd,tslaatstewijz,sorteervolgorde,indonverwbijhvoorstelnieting,tslaatstewijzgbasystematiek) VALUES('17188','17039','1991-03-15 04:00:00+00','2010-12-01 00:00:00+00','17897','17898',null,'17897','1991-03-15 00:00:00+00','1','FALSE',null);
INSERT INTO kern.his_persafgeleidadministrati (id,pers,tsreg,tsverval,actieinh,actieverval,nadereaandverval,admhnd,tslaatstewijz,sorteervolgorde,indonverwbijhvoorstelnieting,tslaatstewijzgbasystematiek) VALUES('17189','17039','1991-03-15 00:00:00+00','1991-03-15 04:00:00+00','17039','17897',null,'17039','1991-03-15 00:00:00+00','1','FALSE',null);
INSERT INTO kern.his_persafgeleidadministrati (id,pers,tsreg,tsverval,actieinh,actieverval,nadereaandverval,admhnd,tslaatstewijz,sorteervolgorde,indonverwbijhvoorstelnieting,tslaatstewijzgbasystematiek) VALUES('17190','17040','2001-05-17 04:00:00+00',null,'17896',null,null,'17896','2001-05-17 00:00:00+00','1','FALSE',null);
INSERT INTO kern.his_persafgeleidadministrati (id,pers,tsreg,tsverval,actieinh,actieverval,nadereaandverval,admhnd,tslaatstewijz,sorteervolgorde,indonverwbijhvoorstelnieting,tslaatstewijzgbasystematiek) VALUES('17191','17040','2001-05-17 00:00:00+00','2001-05-17 04:00:00+00','17040','17896',null,'17040','2001-05-17 00:00:00+00','1','FALSE',null);
INSERT INTO kern.his_persafgeleidadministrati (id,pers,tsreg,tsverval,actieinh,actieverval,nadereaandverval,admhnd,tslaatstewijz,sorteervolgorde,indonverwbijhvoorstelnieting,tslaatstewijzgbasystematiek) VALUES('17192','17041','2011-01-03 00:00:00+00',null,'17629',null,null,'17629','2011-01-03 00:00:00+00','1','FALSE',null);
INSERT INTO kern.his_persafgeleidadministrati (id,pers,tsreg,tsverval,actieinh,actieverval,nadereaandverval,admhnd,tslaatstewijz,sorteervolgorde,indonverwbijhvoorstelnieting,tslaatstewijzgbasystematiek) VALUES('17193','17041','2009-02-01 00:00:00+00','2011-01-03 00:00:00+00','17895','17629',null,'17895','2009-02-01 00:00:00+00','1','FALSE',null);
INSERT INTO kern.his_persafgeleidadministrati (id,pers,tsreg,tsverval,actieinh,actieverval,nadereaandverval,admhnd,tslaatstewijz,sorteervolgorde,indonverwbijhvoorstelnieting,tslaatstewijzgbasystematiek) VALUES('17194','17041','2006-05-23 00:00:00+00','2009-02-01 00:00:00+00','17894','17895',null,'17894','2006-05-23 00:00:00+00','1','FALSE',null);
INSERT INTO kern.his_persafgeleidadministrati (id,pers,tsreg,tsverval,actieinh,actieverval,nadereaandverval,admhnd,tslaatstewijz,sorteervolgorde,indonverwbijhvoorstelnieting,tslaatstewijzgbasystematiek) VALUES('17195','17041','2004-08-19 00:00:00+00','2006-05-23 00:00:00+00','17893','17894',null,'17893','2004-08-19 00:00:00+00','1','FALSE',null);
INSERT INTO kern.his_persafgeleidadministrati (id,pers,tsreg,tsverval,actieinh,actieverval,nadereaandverval,admhnd,tslaatstewijz,sorteervolgorde,indonverwbijhvoorstelnieting,tslaatstewijzgbasystematiek) VALUES('17196','17041','2001-05-17 00:00:00+00','2004-08-19 00:00:00+00','17892','17893',null,'17892','2001-05-17 00:00:00+00','1','FALSE',null);
INSERT INTO kern.his_persafgeleidadministrati (id,pers,tsreg,tsverval,actieinh,actieverval,nadereaandverval,admhnd,tslaatstewijz,sorteervolgorde,indonverwbijhvoorstelnieting,tslaatstewijzgbasystematiek) VALUES('17197','17041','1968-08-09 00:00:00+00','2001-05-17 00:00:00+00','17041','17892',null,'17041','1968-08-09 00:00:00+00','1','FALSE',null);
INSERT INTO kern.his_persafgeleidadministrati (id,pers,tsreg,tsverval,actieinh,actieverval,nadereaandverval,admhnd,tslaatstewijz,sorteervolgorde,indonverwbijhvoorstelnieting,tslaatstewijzgbasystematiek) VALUES('17198','17042','2001-03-28 00:00:00+00',null,'17891',null,null,'17891','2001-03-28 00:00:00+00','1','FALSE',null);
INSERT INTO kern.his_persafgeleidadministrati (id,pers,tsreg,tsverval,actieinh,actieverval,nadereaandverval,admhnd,tslaatstewijz,sorteervolgorde,indonverwbijhvoorstelnieting,tslaatstewijzgbasystematiek) VALUES('17199','17042','2000-10-22 00:00:00+00','2001-03-28 00:00:00+00','17628','17891',null,'17628','2000-10-22 00:00:00+00','1','FALSE',null);
INSERT INTO kern.his_persafgeleidadministrati (id,pers,tsreg,tsverval,actieinh,actieverval,nadereaandverval,admhnd,tslaatstewijz,sorteervolgorde,indonverwbijhvoorstelnieting,tslaatstewijzgbasystematiek) VALUES('17200','17042','1980-06-10 00:00:00+00','2000-10-22 00:00:00+00','17630','17628',null,'17630','1980-06-10 00:00:00+00','1','FALSE',null);
INSERT INTO kern.his_persafgeleidadministrati (id,pers,tsreg,tsverval,actieinh,actieverval,nadereaandverval,admhnd,tslaatstewijz,sorteervolgorde,indonverwbijhvoorstelnieting,tslaatstewijzgbasystematiek) VALUES('17201','17042','1958-09-21 04:00:00+00','1980-06-10 00:00:00+00','17890','17630',null,'17890','1958-09-21 00:00:00+00','1','FALSE',null);
INSERT INTO kern.his_persafgeleidadministrati (id,pers,tsreg,tsverval,actieinh,actieverval,nadereaandverval,admhnd,tslaatstewijz,sorteervolgorde,indonverwbijhvoorstelnieting,tslaatstewijzgbasystematiek) VALUES('17202','17042','1958-09-21 00:00:00+00','1958-09-21 04:00:00+00','17042','17890',null,'17042','1958-09-21 00:00:00+00','1','FALSE',null);
INSERT INTO kern.his_persafgeleidadministrati (id,pers,tsreg,tsverval,actieinh,actieverval,nadereaandverval,admhnd,tslaatstewijz,sorteervolgorde,indonverwbijhvoorstelnieting,tslaatstewijzgbasystematiek) VALUES('17203','17043','2000-10-22 00:00:00+00',null,'17628',null,null,'17628','2000-10-22 00:00:00+00','1','FALSE',null);
INSERT INTO kern.his_persafgeleidadministrati (id,pers,tsreg,tsverval,actieinh,actieverval,nadereaandverval,admhnd,tslaatstewijz,sorteervolgorde,indonverwbijhvoorstelnieting,tslaatstewijzgbasystematiek) VALUES('17204','17043','1982-05-28 00:00:00+00','2000-10-22 00:00:00+00','17889','17628',null,'17889','1982-05-28 00:00:00+00','1','FALSE',null);
INSERT INTO kern.his_persafgeleidadministrati (id,pers,tsreg,tsverval,actieinh,actieverval,nadereaandverval,admhnd,tslaatstewijz,sorteervolgorde,indonverwbijhvoorstelnieting,tslaatstewijzgbasystematiek) VALUES('17205','17043','1980-06-10 00:00:00+00','1982-05-28 00:00:00+00','17630','17889',null,'17630','1980-06-10 00:00:00+00','1','FALSE',null);
INSERT INTO kern.his_persafgeleidadministrati (id,pers,tsreg,tsverval,actieinh,actieverval,nadereaandverval,admhnd,tslaatstewijz,sorteervolgorde,indonverwbijhvoorstelnieting,tslaatstewijzgbasystematiek) VALUES('17206','17043','1959-09-22 04:00:00+00','1980-06-10 00:00:00+00','17888','17630',null,'17888','1959-09-22 00:00:00+00','1','FALSE',null);
INSERT INTO kern.his_persafgeleidadministrati (id,pers,tsreg,tsverval,actieinh,actieverval,nadereaandverval,admhnd,tslaatstewijz,sorteervolgorde,indonverwbijhvoorstelnieting,tslaatstewijzgbasystematiek) VALUES('17207','17043','1959-09-22 00:00:00+00','1959-09-22 04:00:00+00','17043','17888',null,'17043','1959-09-22 00:00:00+00','1','FALSE',null);
INSERT INTO kern.his_persafgeleidadministrati (id,pers,tsreg,tsverval,actieinh,actieverval,nadereaandverval,admhnd,tslaatstewijz,sorteervolgorde,indonverwbijhvoorstelnieting,tslaatstewijzgbasystematiek) VALUES('17208','17044','2001-03-28 00:00:00+00',null,'17887',null,null,'17887','2001-03-28 00:00:00+00','1','FALSE',null);
INSERT INTO kern.his_persafgeleidadministrati (id,pers,tsreg,tsverval,actieinh,actieverval,nadereaandverval,admhnd,tslaatstewijz,sorteervolgorde,indonverwbijhvoorstelnieting,tslaatstewijzgbasystematiek) VALUES('17209','17044','1990-07-22 00:00:00+00','2001-03-28 00:00:00+00','17626','17887',null,'17626','1990-07-22 00:00:00+00','1','FALSE',null);
INSERT INTO kern.his_persafgeleidadministrati (id,pers,tsreg,tsverval,actieinh,actieverval,nadereaandverval,admhnd,tslaatstewijz,sorteervolgorde,indonverwbijhvoorstelnieting,tslaatstewijzgbasystematiek) VALUES('17210','17044','1981-04-25 00:00:00+00','1990-07-22 00:00:00+00','17631','17626',null,'17631','1981-04-25 00:00:00+00','1','FALSE',null);
INSERT INTO kern.his_persafgeleidadministrati (id,pers,tsreg,tsverval,actieinh,actieverval,nadereaandverval,admhnd,tslaatstewijz,sorteervolgorde,indonverwbijhvoorstelnieting,tslaatstewijzgbasystematiek) VALUES('17211','17044','1960-12-21 04:00:00+00','1981-04-25 00:00:00+00','17886','17631',null,'17886','1960-12-21 00:00:00+00','1','FALSE',null);
INSERT INTO kern.his_persafgeleidadministrati (id,pers,tsreg,tsverval,actieinh,actieverval,nadereaandverval,admhnd,tslaatstewijz,sorteervolgorde,indonverwbijhvoorstelnieting,tslaatstewijzgbasystematiek) VALUES('17212','17044','1960-12-21 00:00:00+00','1960-12-21 04:00:00+00','17044','17886',null,'17044','1960-12-21 00:00:00+00','1','FALSE',null);
INSERT INTO kern.his_persafgeleidadministrati (id,pers,tsreg,tsverval,actieinh,actieverval,nadereaandverval,admhnd,tslaatstewijz,sorteervolgorde,indonverwbijhvoorstelnieting,tslaatstewijzgbasystematiek) VALUES('17213','17045','1991-10-02 00:00:00+00',null,'17885',null,null,'17885','1991-10-02 00:00:00+00','1','FALSE',null);
INSERT INTO kern.his_persafgeleidadministrati (id,pers,tsreg,tsverval,actieinh,actieverval,nadereaandverval,admhnd,tslaatstewijz,sorteervolgorde,indonverwbijhvoorstelnieting,tslaatstewijzgbasystematiek) VALUES('17214','17045','1990-07-22 00:00:00+00','1991-10-02 00:00:00+00','17626','17885',null,'17626','1990-07-22 00:00:00+00','1','FALSE',null);
INSERT INTO kern.his_persafgeleidadministrati (id,pers,tsreg,tsverval,actieinh,actieverval,nadereaandverval,admhnd,tslaatstewijz,sorteervolgorde,indonverwbijhvoorstelnieting,tslaatstewijzgbasystematiek) VALUES('17215','17045','1981-04-25 00:00:00+00','1990-07-22 00:00:00+00','17631','17626',null,'17631','1981-04-25 00:00:00+00','1','FALSE',null);
INSERT INTO kern.his_persafgeleidadministrati (id,pers,tsreg,tsverval,actieinh,actieverval,nadereaandverval,admhnd,tslaatstewijz,sorteervolgorde,indonverwbijhvoorstelnieting,tslaatstewijzgbasystematiek) VALUES('17216','17045','1961-12-22 04:00:00+00','1981-04-25 00:00:00+00','17884','17631',null,'17884','1961-12-22 00:00:00+00','1','FALSE',null);
INSERT INTO kern.his_persafgeleidadministrati (id,pers,tsreg,tsverval,actieinh,actieverval,nadereaandverval,admhnd,tslaatstewijz,sorteervolgorde,indonverwbijhvoorstelnieting,tslaatstewijzgbasystematiek) VALUES('17217','17045','1961-12-22 00:00:00+00','1961-12-22 04:00:00+00','17045','17884',null,'17045','1961-12-22 00:00:00+00','1','FALSE',null);

commit;


--------------------------------------------------
--- EIND
--- Sheet: (his_persafgeleidadministrati)
--- Handler: SheetHandlerImplSimpleInsert
--- Aantal: (217)
--------------------------------------------------
--------------------------------------------------
--- START
--- Sheet: (his_persids)
--- Handler: SheetHandlerImplSimpleInsert
--------------------------------------------------

begin;

INSERT INTO kern.his_persids (id,pers,dataanvgel,tsreg,actieinh,anr,bsn,nadereaandverval) VALUES('17001','17001','19811002','19811002','17001','7103065470','700271478',null);
INSERT INTO kern.his_persids (id,pers,dataanvgel,tsreg,actieinh,anr,bsn,nadereaandverval) VALUES('17002','17002','19820528','19820528','17002','7108052019','700280212',null);
INSERT INTO kern.his_persids (id,pers,dataanvgel,tsreg,actieinh,anr,bsn,nadereaandverval) VALUES('17003','17003','19660302','19660302','17003','7123070391','700234652',null);
INSERT INTO kern.his_persids (id,pers,dataanvgel,tsreg,actieinh,anr,bsn,nadereaandverval) VALUES('17004','17004','19691227','19691227','17004','7123879070','700230671',null);
INSERT INTO kern.his_persids (id,pers,dataanvgel,tsreg,actieinh,anr,bsn,nadereaandverval) VALUES('17005','17005','19710717','19710717','17005','7124938285','700282841',null);
INSERT INTO kern.his_persids (id,pers,dataanvgel,tsreg,actieinh,anr,bsn,nadereaandverval) VALUES('17006','17006','19720928','19720928','17006','7125132471','700252812',null);
INSERT INTO kern.his_persids (id,pers,dataanvgel,tsreg,actieinh,anr,bsn,nadereaandverval) VALUES('17007','17007','19800616','19800616','17007','7128258191','700274431',null);
INSERT INTO kern.his_persids (id,pers,dataanvgel,tsreg,actieinh,anr,bsn,nadereaandverval) VALUES('17008','17008','19810418','19810418','17008','7129168768','700212280',null);
INSERT INTO kern.his_persids (id,pers,dataanvgel,tsreg,actieinh,anr,bsn,nadereaandverval) VALUES('17009','17009','19940101','19940101','17009','7129189273','700204106',null);
INSERT INTO kern.his_persids (id,pers,dataanvgel,tsreg,actieinh,anr,bsn,nadereaandverval) VALUES('17010','17010','19691231','19691231','17010','7129657387','700208537',null);
INSERT INTO kern.his_persids (id,pers,dataanvgel,tsreg,actieinh,anr,bsn,nadereaandverval) VALUES('17011','17011','19690516','19690516','17011','7135260167','700267815',null);
INSERT INTO kern.his_persids (id,pers,dataanvgel,tsreg,actieinh,anr,bsn,nadereaandverval) VALUES('17012','17012','19771210','19771210','17012','7136509585','700266434',null);
INSERT INTO kern.his_persids (id,pers,dataanvgel,tsreg,actieinh,anr,bsn,nadereaandverval) VALUES('17013','17013','19550602','19550602','17013','7138740694','700218014',null);
INSERT INTO kern.his_persids (id,pers,dataanvgel,tsreg,actieinh,anr,bsn,nadereaandverval) VALUES('17014','17014','19780611','19780611','17014','7143086956','700224142',null);
INSERT INTO kern.his_persids (id,pers,dataanvgel,tsreg,actieinh,anr,bsn,nadereaandverval) VALUES('17015','17015','19880425','19880425','17015','7145696137','700240640',null);
INSERT INTO kern.his_persids (id,pers,dataanvgel,tsreg,actieinh,anr,bsn,nadereaandverval) VALUES('17016','17016','19881210','19881210','17016','7146861637','700276713',null);
INSERT INTO kern.his_persids (id,pers,dataanvgel,tsreg,actieinh,anr,bsn,nadereaandverval) VALUES('17017','17017','19960523','19960523','17017','7148694271','700232230',null);
INSERT INTO kern.his_persids (id,pers,dataanvgel,tsreg,actieinh,anr,bsn,nadereaandverval) VALUES('17018','17018','19941005','19941005','17018','7151629706','700261175',null);
INSERT INTO kern.his_persids (id,pers,dataanvgel,tsreg,actieinh,anr,bsn,nadereaandverval) VALUES('17019','17019','19941005','19941005','17019','7153042524','700281071',null);
INSERT INTO kern.his_persids (id,pers,dataanvgel,tsreg,actieinh,anr,bsn,nadereaandverval) VALUES('17020','17020','19760103','19760103','17020','7154023796','700237100',null);
INSERT INTO kern.his_persids (id,pers,dataanvgel,tsreg,actieinh,anr,bsn,nadereaandverval) VALUES('17021','17021','19961003','19961003','17021','7154294741','700233040',null);
INSERT INTO kern.his_persids (id,pers,dataanvgel,tsreg,actieinh,anr,bsn,nadereaandverval) VALUES('17022','17022','19951003','19951003','17022','7156130708','700281356',null);
INSERT INTO kern.his_persids (id,pers,dataanvgel,tsreg,actieinh,anr,bsn,nadereaandverval) VALUES('17023','17023','19941003','19941003','17023','7158097396','700241504',null);
INSERT INTO kern.his_persids (id,pers,dataanvgel,tsreg,actieinh,anr,bsn,nadereaandverval) VALUES('17024','17024','19770401','19770401','17024','7159421031','700203345',null);
INSERT INTO kern.his_persids (id,pers,dataanvgel,tsreg,actieinh,anr,bsn,nadereaandverval) VALUES('17025','17025','19880611','19880611','17025','7163962780','700231481',null);
INSERT INTO kern.his_persids (id,pers,dataanvgel,tsreg,actieinh,anr,bsn,nadereaandverval) VALUES('17026','17026','19910721','19910721','17026','7164589456','700281873',null);
INSERT INTO kern.his_persids (id,pers,dataanvgel,tsreg,actieinh,anr,bsn,nadereaandverval) VALUES('17027','17027','19910911','19910911','17027','7165141071','700218427',null);
INSERT INTO kern.his_persids (id,pers,dataanvgel,tsreg,actieinh,anr,bsn,nadereaandverval) VALUES('17028','17028','19900722','19900722','17028','7168732489','700211603',null);
INSERT INTO kern.his_persids (id,pers,dataanvgel,tsreg,actieinh,anr,bsn,nadereaandverval) VALUES('17029','17029','19200430','19200430','17029','7169753272','700288302',null);
INSERT INTO kern.his_persids (id,pers,dataanvgel,tsreg,actieinh,anr,bsn,nadereaandverval) VALUES('17030','17030','19220419','19220419','17030','7171526315','700278126',null);
INSERT INTO kern.his_persids (id,pers,dataanvgel,tsreg,actieinh,anr,bsn,nadereaandverval) VALUES('17031','17031','19920219','19920219','17031','7172324968','700236028',null);
INSERT INTO kern.his_persids (id,pers,dataanvgel,tsreg,actieinh,anr,bsn,nadereaandverval) VALUES('17032','17032','19510923','19510923','17032','7173035698','700254675',null);
INSERT INTO kern.his_persids (id,pers,dataanvgel,tsreg,actieinh,anr,bsn,nadereaandverval) VALUES('17033','17033','19531116','19531116','17033','7176429838','700278230',null);
INSERT INTO kern.his_persids (id,pers,dataanvgel,tsreg,actieinh,anr,bsn,nadereaandverval) VALUES('17034','17034','19390402','19390402','17034','7178143160','700236405',null);
INSERT INTO kern.his_persids (id,pers,dataanvgel,tsreg,actieinh,anr,bsn,nadereaandverval) VALUES('17035','17035','19841203','19841203','17035','7178723464','700253300',null);
INSERT INTO kern.his_persids (id,pers,dataanvgel,tsreg,actieinh,anr,bsn,nadereaandverval) VALUES('17036','17036','19851011','19851011','17036','7180231691','700206565',null);
INSERT INTO kern.his_persids (id,pers,dataanvgel,tsreg,actieinh,anr,bsn,nadereaandverval) VALUES('17037','17037','20050112','20050112','17037','7184526542','700260365',null);
INSERT INTO kern.his_persids (id,pers,dataanvgel,tsreg,actieinh,anr,bsn,nadereaandverval) VALUES('17038','17038','20051201','20051201','17038','7189647873','700235747',null);
INSERT INTO kern.his_persids (id,pers,dataanvgel,tsreg,actieinh,anr,bsn,nadereaandverval) VALUES('17039','17039','20050112','20050112','17039','7189703207','700240068',null);
INSERT INTO kern.his_persids (id,pers,dataanvgel,tsreg,actieinh,anr,bsn,nadereaandverval) VALUES('17040','17040','20051201','20051201','17040','7190672534','700286433',null);
INSERT INTO kern.his_persids (id,pers,dataanvgel,tsreg,actieinh,anr,bsn,nadereaandverval) VALUES('17041','17041','19680809','19680809','17041','7191972323','700235565',null);
INSERT INTO kern.his_persids (id,pers,dataanvgel,tsreg,actieinh,anr,bsn,nadereaandverval) VALUES('17042','17042','19580921','19580921','17042','7192784782','700206206',null);
INSERT INTO kern.his_persids (id,pers,dataanvgel,tsreg,actieinh,anr,bsn,nadereaandverval) VALUES('17043','17043','19951004','19951004','17043','7193794040','700260754',null);
INSERT INTO kern.his_persids (id,pers,dataanvgel,tsreg,actieinh,anr,bsn,nadereaandverval) VALUES('17044','17044','20051201','20051201','17044','7196561716','700238438',null);
INSERT INTO kern.his_persids (id,pers,dataanvgel,tsreg,actieinh,anr,bsn,nadereaandverval) VALUES('17045','17045','20050112','20050112','17045','7196579128','700242405',null);

commit;


--------------------------------------------------
--- EIND
--- Sheet: (his_persids)
--- Handler: SheetHandlerImplSimpleInsert
--- Aantal: (46)
--------------------------------------------------
--------------------------------------------------
--- START
--- Sheet: (his_persgeslachtsaand)
--- Handler: SheetHandlerImplSimpleInsert
--------------------------------------------------

begin;

INSERT INTO kern.his_persgeslachtsaand (id,pers,dataanvgel,dateindegel,tsreg,tsverval,actieinh,actieverval,actieaanpgel,geslachtsaand,nadereaandverval) VALUES('17001','17001','19811002',null,'19811002',null,'17001',null,null,'1',null);
INSERT INTO kern.his_persgeslachtsaand (id,pers,dataanvgel,dateindegel,tsreg,tsverval,actieinh,actieverval,actieaanpgel,geslachtsaand,nadereaandverval) VALUES('17002','17002','19820528',null,'19820528',null,'17002',null,null,'2',null);
INSERT INTO kern.his_persgeslachtsaand (id,pers,dataanvgel,dateindegel,tsreg,tsverval,actieinh,actieverval,actieaanpgel,geslachtsaand,nadereaandverval) VALUES('17003','17003','19660302',null,'19660302',null,'17003',null,null,'3',null);
INSERT INTO kern.his_persgeslachtsaand (id,pers,dataanvgel,dateindegel,tsreg,tsverval,actieinh,actieverval,actieaanpgel,geslachtsaand,nadereaandverval) VALUES('17004','17004','19691227',null,'19691227',null,'17004',null,null,'2',null);
INSERT INTO kern.his_persgeslachtsaand (id,pers,dataanvgel,dateindegel,tsreg,tsverval,actieinh,actieverval,actieaanpgel,geslachtsaand,nadereaandverval) VALUES('17005','17005','19710717',null,'19710717',null,'17005',null,null,'1',null);
INSERT INTO kern.his_persgeslachtsaand (id,pers,dataanvgel,dateindegel,tsreg,tsverval,actieinh,actieverval,actieaanpgel,geslachtsaand,nadereaandverval) VALUES('17006','17006','19720928',null,'19720928',null,'17006',null,null,'2',null);
INSERT INTO kern.his_persgeslachtsaand (id,pers,dataanvgel,dateindegel,tsreg,tsverval,actieinh,actieverval,actieaanpgel,geslachtsaand,nadereaandverval) VALUES('17007','17007','19800616',null,'19800616',null,'17007',null,null,'1',null);
INSERT INTO kern.his_persgeslachtsaand (id,pers,dataanvgel,dateindegel,tsreg,tsverval,actieinh,actieverval,actieaanpgel,geslachtsaand,nadereaandverval) VALUES('17008','17008','19810418',null,'19810418',null,'17008',null,null,'2',null);
INSERT INTO kern.his_persgeslachtsaand (id,pers,dataanvgel,dateindegel,tsreg,tsverval,actieinh,actieverval,actieaanpgel,geslachtsaand,nadereaandverval) VALUES('17009','17009','19940101',null,'19940101',null,'17009',null,null,'2',null);
INSERT INTO kern.his_persgeslachtsaand (id,pers,dataanvgel,dateindegel,tsreg,tsverval,actieinh,actieverval,actieaanpgel,geslachtsaand,nadereaandverval) VALUES('17010','17010','19691231',null,'19691231',null,'17010',null,null,'1',null);
INSERT INTO kern.his_persgeslachtsaand (id,pers,dataanvgel,dateindegel,tsreg,tsverval,actieinh,actieverval,actieaanpgel,geslachtsaand,nadereaandverval) VALUES('17011','17011','19690516',null,'19690516',null,'17011',null,null,'2',null);
INSERT INTO kern.his_persgeslachtsaand (id,pers,dataanvgel,dateindegel,tsreg,tsverval,actieinh,actieverval,actieaanpgel,geslachtsaand,nadereaandverval) VALUES('17012','17012','19771210',null,'19771210',null,'17012',null,null,'1',null);
INSERT INTO kern.his_persgeslachtsaand (id,pers,dataanvgel,dateindegel,tsreg,tsverval,actieinh,actieverval,actieaanpgel,geslachtsaand,nadereaandverval) VALUES('17013','17013','19550602',null,'19550602',null,'17013',null,null,'2',null);
INSERT INTO kern.his_persgeslachtsaand (id,pers,dataanvgel,dateindegel,tsreg,tsverval,actieinh,actieverval,actieaanpgel,geslachtsaand,nadereaandverval) VALUES('17014','17014','19780611',null,'19780611',null,'17014',null,null,'1',null);
INSERT INTO kern.his_persgeslachtsaand (id,pers,dataanvgel,dateindegel,tsreg,tsverval,actieinh,actieverval,actieaanpgel,geslachtsaand,nadereaandverval) VALUES('17015','17015','19880425',null,'19880425',null,'17015',null,null,'2',null);
INSERT INTO kern.his_persgeslachtsaand (id,pers,dataanvgel,dateindegel,tsreg,tsverval,actieinh,actieverval,actieaanpgel,geslachtsaand,nadereaandverval) VALUES('17016','17016','19881210',null,'19881210',null,'17016',null,null,'2',null);
INSERT INTO kern.his_persgeslachtsaand (id,pers,dataanvgel,dateindegel,tsreg,tsverval,actieinh,actieverval,actieaanpgel,geslachtsaand,nadereaandverval) VALUES('17017','17017','19960523',null,'19960523',null,'17017',null,null,'1',null);
INSERT INTO kern.his_persgeslachtsaand (id,pers,dataanvgel,dateindegel,tsreg,tsverval,actieinh,actieverval,actieaanpgel,geslachtsaand,nadereaandverval) VALUES('17018','17018','19941005',null,'19941005',null,'17018',null,null,'2',null);
INSERT INTO kern.his_persgeslachtsaand (id,pers,dataanvgel,dateindegel,tsreg,tsverval,actieinh,actieverval,actieaanpgel,geslachtsaand,nadereaandverval) VALUES('17019','17019','19941005',null,'19941005',null,'17019',null,null,'2',null);
INSERT INTO kern.his_persgeslachtsaand (id,pers,dataanvgel,dateindegel,tsreg,tsverval,actieinh,actieverval,actieaanpgel,geslachtsaand,nadereaandverval) VALUES('17020','17020','19760103',null,'19760103',null,'17020',null,null,'2',null);
INSERT INTO kern.his_persgeslachtsaand (id,pers,dataanvgel,dateindegel,tsreg,tsverval,actieinh,actieverval,actieaanpgel,geslachtsaand,nadereaandverval) VALUES('17021','17021','19961003',null,'19961003',null,'17021',null,null,'1',null);
INSERT INTO kern.his_persgeslachtsaand (id,pers,dataanvgel,dateindegel,tsreg,tsverval,actieinh,actieverval,actieaanpgel,geslachtsaand,nadereaandverval) VALUES('17022','17022','19951003',null,'19951003',null,'17022',null,null,'2',null);
INSERT INTO kern.his_persgeslachtsaand (id,pers,dataanvgel,dateindegel,tsreg,tsverval,actieinh,actieverval,actieaanpgel,geslachtsaand,nadereaandverval) VALUES('17023','17023','19941003',null,'19941003',null,'17023',null,null,'1',null);
INSERT INTO kern.his_persgeslachtsaand (id,pers,dataanvgel,dateindegel,tsreg,tsverval,actieinh,actieverval,actieaanpgel,geslachtsaand,nadereaandverval) VALUES('17024','17024','19770401',null,'19770401',null,'17024',null,null,'2',null);
INSERT INTO kern.his_persgeslachtsaand (id,pers,dataanvgel,dateindegel,tsreg,tsverval,actieinh,actieverval,actieaanpgel,geslachtsaand,nadereaandverval) VALUES('17025','17025','19880611',null,'19880611',null,'17025',null,null,'1',null);
INSERT INTO kern.his_persgeslachtsaand (id,pers,dataanvgel,dateindegel,tsreg,tsverval,actieinh,actieverval,actieaanpgel,geslachtsaand,nadereaandverval) VALUES('17026','17026','19910721',null,'19910721',null,'17026',null,null,'2',null);
INSERT INTO kern.his_persgeslachtsaand (id,pers,dataanvgel,dateindegel,tsreg,tsverval,actieinh,actieverval,actieaanpgel,geslachtsaand,nadereaandverval) VALUES('17027','17027','19910911',null,'19910911',null,'17027',null,null,'1',null);
INSERT INTO kern.his_persgeslachtsaand (id,pers,dataanvgel,dateindegel,tsreg,tsverval,actieinh,actieverval,actieaanpgel,geslachtsaand,nadereaandverval) VALUES('17028','17028','19900722',null,'19900722',null,'17028',null,null,'2',null);
INSERT INTO kern.his_persgeslachtsaand (id,pers,dataanvgel,dateindegel,tsreg,tsverval,actieinh,actieverval,actieaanpgel,geslachtsaand,nadereaandverval) VALUES('17029','17029','19200430',null,'19200430',null,'17029',null,null,'2',null);
INSERT INTO kern.his_persgeslachtsaand (id,pers,dataanvgel,dateindegel,tsreg,tsverval,actieinh,actieverval,actieaanpgel,geslachtsaand,nadereaandverval) VALUES('17030','17030','19220419',null,'19220419',null,'17030',null,null,'2',null);
INSERT INTO kern.his_persgeslachtsaand (id,pers,dataanvgel,dateindegel,tsreg,tsverval,actieinh,actieverval,actieaanpgel,geslachtsaand,nadereaandverval) VALUES('17031','17031','19920219',null,'19920219',null,'17031',null,null,'1',null);
INSERT INTO kern.his_persgeslachtsaand (id,pers,dataanvgel,dateindegel,tsreg,tsverval,actieinh,actieverval,actieaanpgel,geslachtsaand,nadereaandverval) VALUES('17032','17032','19510923',null,'19510923',null,'17032',null,null,'1',null);
INSERT INTO kern.his_persgeslachtsaand (id,pers,dataanvgel,dateindegel,tsreg,tsverval,actieinh,actieverval,actieaanpgel,geslachtsaand,nadereaandverval) VALUES('17033','17033','19531116',null,'19531116',null,'17033',null,null,'2',null);
INSERT INTO kern.his_persgeslachtsaand (id,pers,dataanvgel,dateindegel,tsreg,tsverval,actieinh,actieverval,actieaanpgel,geslachtsaand,nadereaandverval) VALUES('17034','17034','19390402',null,'19390402',null,'17034',null,null,'2',null);
INSERT INTO kern.his_persgeslachtsaand (id,pers,dataanvgel,dateindegel,tsreg,tsverval,actieinh,actieverval,actieaanpgel,geslachtsaand,nadereaandverval) VALUES('17035','17035','19841203',null,'19841203',null,'17035',null,null,'2',null);
INSERT INTO kern.his_persgeslachtsaand (id,pers,dataanvgel,dateindegel,tsreg,tsverval,actieinh,actieverval,actieaanpgel,geslachtsaand,nadereaandverval) VALUES('17036','17036','19851011',null,'19851011',null,'17036',null,null,'1',null);
INSERT INTO kern.his_persgeslachtsaand (id,pers,dataanvgel,dateindegel,tsreg,tsverval,actieinh,actieverval,actieaanpgel,geslachtsaand,nadereaandverval) VALUES('17037','17037','20050112',null,'20050112',null,'17037',null,null,'1',null);
INSERT INTO kern.his_persgeslachtsaand (id,pers,dataanvgel,dateindegel,tsreg,tsverval,actieinh,actieverval,actieaanpgel,geslachtsaand,nadereaandverval) VALUES('17038','17038','20051201',null,'20051201',null,'17038',null,null,'2',null);
INSERT INTO kern.his_persgeslachtsaand (id,pers,dataanvgel,dateindegel,tsreg,tsverval,actieinh,actieverval,actieaanpgel,geslachtsaand,nadereaandverval) VALUES('17039','17039','20050112',null,'20050112',null,'17039',null,null,'2',null);
INSERT INTO kern.his_persgeslachtsaand (id,pers,dataanvgel,dateindegel,tsreg,tsverval,actieinh,actieverval,actieaanpgel,geslachtsaand,nadereaandverval) VALUES('17040','17040','20051201',null,'20051201',null,'17040',null,null,'1',null);
INSERT INTO kern.his_persgeslachtsaand (id,pers,dataanvgel,dateindegel,tsreg,tsverval,actieinh,actieverval,actieaanpgel,geslachtsaand,nadereaandverval) VALUES('17041','17041','19680809',null,'19680809',null,'17041',null,null,'1',null);
INSERT INTO kern.his_persgeslachtsaand (id,pers,dataanvgel,dateindegel,tsreg,tsverval,actieinh,actieverval,actieaanpgel,geslachtsaand,nadereaandverval) VALUES('17042','17042','19580921',null,'19580921',null,'17042',null,null,'1',null);
INSERT INTO kern.his_persgeslachtsaand (id,pers,dataanvgel,dateindegel,tsreg,tsverval,actieinh,actieverval,actieaanpgel,geslachtsaand,nadereaandverval) VALUES('17043','17043','19951004',null,'19951004',null,'17043',null,null,'2',null);
INSERT INTO kern.his_persgeslachtsaand (id,pers,dataanvgel,dateindegel,tsreg,tsverval,actieinh,actieverval,actieaanpgel,geslachtsaand,nadereaandverval) VALUES('17044','17044','20051201',null,'20051201',null,'17044',null,null,'1',null);
INSERT INTO kern.his_persgeslachtsaand (id,pers,dataanvgel,dateindegel,tsreg,tsverval,actieinh,actieverval,actieaanpgel,geslachtsaand,nadereaandverval) VALUES('17045','17045','20050112',null,'20050112',null,'17045',null,null,'2',null);

commit;


--------------------------------------------------
--- EIND
--- Sheet: (his_persgeslachtsaand)
--- Handler: SheetHandlerImplSimpleInsert
--- Aantal: (46)
--------------------------------------------------
--------------------------------------------------
--- START
--- Sheet: (persgeslnaamcomp)
--- Handler: SheetHandlerImplSimpleInsert
--------------------------------------------------

begin;

INSERT INTO kern.persgeslnaamcomp (id,pers,voorvoegsel,scheidingsteken,stam,predicaat,adellijketitel,volgnr) VALUES('17001','17001',null,'-','Vlag',null,null,'1');
INSERT INTO kern.persgeslnaamcomp (id,pers,voorvoegsel,scheidingsteken,stam,predicaat,adellijketitel,volgnr) VALUES('17002','17002','de',null,'Prins',null,null,'1');
INSERT INTO kern.persgeslnaamcomp (id,pers,voorvoegsel,scheidingsteken,stam,predicaat,adellijketitel,volgnr) VALUES('17003','17003','van der','-','Vermeer',null,null,'1');
INSERT INTO kern.persgeslnaamcomp (id,pers,voorvoegsel,scheidingsteken,stam,predicaat,adellijketitel,volgnr) VALUES('17004','17004',null,'-','Crooy',null,null,'1');
INSERT INTO kern.persgeslnaamcomp (id,pers,voorvoegsel,scheidingsteken,stam,predicaat,adellijketitel,volgnr) VALUES('17005','17005',null,'-','Laar',null,null,'1');
INSERT INTO kern.persgeslnaamcomp (id,pers,voorvoegsel,scheidingsteken,stam,predicaat,adellijketitel,volgnr) VALUES('17006','17006',null,'-','Verheul',null,null,'1');
INSERT INTO kern.persgeslnaamcomp (id,pers,voorvoegsel,scheidingsteken,stam,predicaat,adellijketitel,volgnr) VALUES('17007','17007',null,'-','Vermeulen',null,null,'1');
INSERT INTO kern.persgeslnaamcomp (id,pers,voorvoegsel,scheidingsteken,stam,predicaat,adellijketitel,volgnr) VALUES('17008','17008',null,'-','Jansma',null,null,'1');
INSERT INTO kern.persgeslnaamcomp (id,pers,voorvoegsel,scheidingsteken,stam,predicaat,adellijketitel,volgnr) VALUES('17009','17009',null,'-','Jansma',null,null,'1');
INSERT INTO kern.persgeslnaamcomp (id,pers,voorvoegsel,scheidingsteken,stam,predicaat,adellijketitel,volgnr) VALUES('17010','17010','de','-','Bloëmsma',null,null,'1');
INSERT INTO kern.persgeslnaamcomp (id,pers,voorvoegsel,scheidingsteken,stam,predicaat,adellijketitel,volgnr) VALUES('17011','17011','de','-','Snijder',null,null,'1');
INSERT INTO kern.persgeslnaamcomp (id,pers,voorvoegsel,scheidingsteken,stam,predicaat,adellijketitel,volgnr) VALUES('17012','17012',null,'-','Cuykelaer',null,null,'1');
INSERT INTO kern.persgeslnaamcomp (id,pers,voorvoegsel,scheidingsteken,stam,predicaat,adellijketitel,volgnr) VALUES('17013','17013','van','-','Roos',null,null,'1');
INSERT INTO kern.persgeslnaamcomp (id,pers,voorvoegsel,scheidingsteken,stam,predicaat,adellijketitel,volgnr) VALUES('17014','17014',null,'-','Moes',null,null,'1');
INSERT INTO kern.persgeslnaamcomp (id,pers,voorvoegsel,scheidingsteken,stam,predicaat,adellijketitel,volgnr) VALUES('17015','17015',null,'-','Brest naar Kempen',null,null,'1');
INSERT INTO kern.persgeslnaamcomp (id,pers,voorvoegsel,scheidingsteken,stam,predicaat,adellijketitel,volgnr) VALUES('17016','17016',null,'-','Ophuijsen',null,null,'1');
INSERT INTO kern.persgeslnaamcomp (id,pers,voorvoegsel,scheidingsteken,stam,predicaat,adellijketitel,volgnr) VALUES('17017','17017',null,'-','Addams',null,null,'1');
INSERT INTO kern.persgeslnaamcomp (id,pers,voorvoegsel,scheidingsteken,stam,predicaat,adellijketitel,volgnr) VALUES('17018','17018',null,'-','Verhoeven',null,null,'1');
INSERT INTO kern.persgeslnaamcomp (id,pers,voorvoegsel,scheidingsteken,stam,predicaat,adellijketitel,volgnr) VALUES('17019','17019','de','-','Slot',null,null,'1');
INSERT INTO kern.persgeslnaamcomp (id,pers,voorvoegsel,scheidingsteken,stam,predicaat,adellijketitel,volgnr) VALUES('17020','17020','van','-','Guirten',null,null,'1');
INSERT INTO kern.persgeslnaamcomp (id,pers,voorvoegsel,scheidingsteken,stam,predicaat,adellijketitel,volgnr) VALUES('17021','17021','ter','-','Stassen',null,null,'1');
INSERT INTO kern.persgeslnaamcomp (id,pers,voorvoegsel,scheidingsteken,stam,predicaat,adellijketitel,volgnr) VALUES('17022','17022','van','-','Zon',null,null,'1');
INSERT INTO kern.persgeslnaamcomp (id,pers,voorvoegsel,scheidingsteken,stam,predicaat,adellijketitel,volgnr) VALUES('17023','17023','van','-','Verhaar',null,null,'1');
INSERT INTO kern.persgeslnaamcomp (id,pers,voorvoegsel,scheidingsteken,stam,predicaat,adellijketitel,volgnr) VALUES('17024','17024','de','-','Klaassen',null,null,'1');
INSERT INTO kern.persgeslnaamcomp (id,pers,voorvoegsel,scheidingsteken,stam,predicaat,adellijketitel,volgnr) VALUES('17025','17025',null,'-','Valstar',null,null,'1');
INSERT INTO kern.persgeslnaamcomp (id,pers,voorvoegsel,scheidingsteken,stam,predicaat,adellijketitel,volgnr) VALUES('17026','17026','ter','-','Botje',null,null,'1');
INSERT INTO kern.persgeslnaamcomp (id,pers,voorvoegsel,scheidingsteken,stam,predicaat,adellijketitel,volgnr) VALUES('17027','17027',null,'-','Karlson',null,null,'1');
INSERT INTO kern.persgeslnaamcomp (id,pers,voorvoegsel,scheidingsteken,stam,predicaat,adellijketitel,volgnr) VALUES('17028','17028','van','-','Hoog',null,null,'1');
INSERT INTO kern.persgeslnaamcomp (id,pers,voorvoegsel,scheidingsteken,stam,predicaat,adellijketitel,volgnr) VALUES('17029','17029',null,'-','Karlson',null,null,'1');
INSERT INTO kern.persgeslnaamcomp (id,pers,voorvoegsel,scheidingsteken,stam,predicaat,adellijketitel,volgnr) VALUES('17030','17030','de','-','Vlonder',null,null,'1');
INSERT INTO kern.persgeslnaamcomp (id,pers,voorvoegsel,scheidingsteken,stam,predicaat,adellijketitel,volgnr) VALUES('17031','17031','de','-','Zatte',null,null,'1');
INSERT INTO kern.persgeslnaamcomp (id,pers,voorvoegsel,scheidingsteken,stam,predicaat,adellijketitel,volgnr) VALUES('17032','17032',null,'-','Stuurman',null,null,'1');
INSERT INTO kern.persgeslnaamcomp (id,pers,voorvoegsel,scheidingsteken,stam,predicaat,adellijketitel,volgnr) VALUES('17033','17033','de','-','Vriend',null,null,'1');
INSERT INTO kern.persgeslnaamcomp (id,pers,voorvoegsel,scheidingsteken,stam,predicaat,adellijketitel,volgnr) VALUES('17034','17034','de','-','Renner',null,null,'1');
INSERT INTO kern.persgeslnaamcomp (id,pers,voorvoegsel,scheidingsteken,stam,predicaat,adellijketitel,volgnr) VALUES('17035','17035','de','-','Muurbloem',null,null,'1');
INSERT INTO kern.persgeslnaamcomp (id,pers,voorvoegsel,scheidingsteken,stam,predicaat,adellijketitel,volgnr) VALUES('17036','17036',null,'-','Appelo',null,null,'1');
INSERT INTO kern.persgeslnaamcomp (id,pers,voorvoegsel,scheidingsteken,stam,predicaat,adellijketitel,volgnr) VALUES('17037','17037',null,'-','Appel',null,null,'1');
INSERT INTO kern.persgeslnaamcomp (id,pers,voorvoegsel,scheidingsteken,stam,predicaat,adellijketitel,volgnr) VALUES('17038','17038','ter','-','Aar',null,null,'1');
INSERT INTO kern.persgeslnaamcomp (id,pers,voorvoegsel,scheidingsteken,stam,predicaat,adellijketitel,volgnr) VALUES('17039','17039','in het','-','Veld',null,null,'1');
INSERT INTO kern.persgeslnaamcomp (id,pers,voorvoegsel,scheidingsteken,stam,predicaat,adellijketitel,volgnr) VALUES('17040','17040','van','-','Penderloo',null,null,'1');
INSERT INTO kern.persgeslnaamcomp (id,pers,voorvoegsel,scheidingsteken,stam,predicaat,adellijketitel,volgnr) VALUES('17041','17041','de','-','Bakker',null,null,'1');
INSERT INTO kern.persgeslnaamcomp (id,pers,voorvoegsel,scheidingsteken,stam,predicaat,adellijketitel,volgnr) VALUES('17042','17042',null,'-','Karlson',null,null,'1');
INSERT INTO kern.persgeslnaamcomp (id,pers,voorvoegsel,scheidingsteken,stam,predicaat,adellijketitel,volgnr) VALUES('17043','17043','ter','-','Nater',null,null,'1');
INSERT INTO kern.persgeslnaamcomp (id,pers,voorvoegsel,scheidingsteken,stam,predicaat,adellijketitel,volgnr) VALUES('17044','17044','van','-','Hoog',null,null,'1');
INSERT INTO kern.persgeslnaamcomp (id,pers,voorvoegsel,scheidingsteken,stam,predicaat,adellijketitel,volgnr) VALUES('17045','17045','de','-','Hoop',null,null,'1');

commit;


--------------------------------------------------
--- EIND
--- Sheet: (persgeslnaamcomp)
--- Handler: SheetHandlerImplSimpleInsert
--- Aantal: (46)
--------------------------------------------------
--------------------------------------------------
--- START
--- Sheet: (his_persgeslnaamcomp)
--- Handler: SheetHandlerImplSimpleInsert
--------------------------------------------------

begin;

INSERT INTO kern.his_persgeslnaamcomp (id,persgeslnaamcomp,dataanvgel,dateindegel,tsreg,tsverval,actieinh,actieverval,actieaanpgel,voorvoegsel,scheidingsteken,stam,predicaat,adellijketitel,nadereaandverval) VALUES('17001','17001','19811002',null,'19811002',null,'17001',null,null,null,'-','Vlag',null,null,null);
INSERT INTO kern.his_persgeslnaamcomp (id,persgeslnaamcomp,dataanvgel,dateindegel,tsreg,tsverval,actieinh,actieverval,actieaanpgel,voorvoegsel,scheidingsteken,stam,predicaat,adellijketitel,nadereaandverval) VALUES('17002','17002','19820528',null,'19820528',null,'17002',null,null,'de',null,'Prins',null,null,null);
INSERT INTO kern.his_persgeslnaamcomp (id,persgeslnaamcomp,dataanvgel,dateindegel,tsreg,tsverval,actieinh,actieverval,actieaanpgel,voorvoegsel,scheidingsteken,stam,predicaat,adellijketitel,nadereaandverval) VALUES('17003','17003','19660302',null,'19660302',null,'17003',null,null,'van der','-','Vermeer',null,null,null);
INSERT INTO kern.his_persgeslnaamcomp (id,persgeslnaamcomp,dataanvgel,dateindegel,tsreg,tsverval,actieinh,actieverval,actieaanpgel,voorvoegsel,scheidingsteken,stam,predicaat,adellijketitel,nadereaandverval) VALUES('17004','17004','19691227',null,'19691227',null,'17004',null,null,null,'-','Crooy',null,null,null);
INSERT INTO kern.his_persgeslnaamcomp (id,persgeslnaamcomp,dataanvgel,dateindegel,tsreg,tsverval,actieinh,actieverval,actieaanpgel,voorvoegsel,scheidingsteken,stam,predicaat,adellijketitel,nadereaandverval) VALUES('17005','17005','19710717',null,'19710717',null,'17005',null,null,null,'-','Laar',null,null,null);
INSERT INTO kern.his_persgeslnaamcomp (id,persgeslnaamcomp,dataanvgel,dateindegel,tsreg,tsverval,actieinh,actieverval,actieaanpgel,voorvoegsel,scheidingsteken,stam,predicaat,adellijketitel,nadereaandverval) VALUES('17006','17006','19720928',null,'19720928',null,'17006',null,null,null,'-','Verheul',null,null,null);
INSERT INTO kern.his_persgeslnaamcomp (id,persgeslnaamcomp,dataanvgel,dateindegel,tsreg,tsverval,actieinh,actieverval,actieaanpgel,voorvoegsel,scheidingsteken,stam,predicaat,adellijketitel,nadereaandverval) VALUES('17007','17007','19800616',null,'19800616',null,'17007',null,null,null,'-','Vermeulen',null,null,null);
INSERT INTO kern.his_persgeslnaamcomp (id,persgeslnaamcomp,dataanvgel,dateindegel,tsreg,tsverval,actieinh,actieverval,actieaanpgel,voorvoegsel,scheidingsteken,stam,predicaat,adellijketitel,nadereaandverval) VALUES('17008','17008','19810418',null,'19810418',null,'17008',null,null,null,'-','Jansma',null,null,null);
INSERT INTO kern.his_persgeslnaamcomp (id,persgeslnaamcomp,dataanvgel,dateindegel,tsreg,tsverval,actieinh,actieverval,actieaanpgel,voorvoegsel,scheidingsteken,stam,predicaat,adellijketitel,nadereaandverval) VALUES('17009','17009','19940101',null,'19940101',null,'17009',null,null,null,'-','Jansma',null,null,null);
INSERT INTO kern.his_persgeslnaamcomp (id,persgeslnaamcomp,dataanvgel,dateindegel,tsreg,tsverval,actieinh,actieverval,actieaanpgel,voorvoegsel,scheidingsteken,stam,predicaat,adellijketitel,nadereaandverval) VALUES('17010','17010','19691231',null,'19691231',null,'17010',null,null,'de','-','Bloëmsma',null,null,null);
INSERT INTO kern.his_persgeslnaamcomp (id,persgeslnaamcomp,dataanvgel,dateindegel,tsreg,tsverval,actieinh,actieverval,actieaanpgel,voorvoegsel,scheidingsteken,stam,predicaat,adellijketitel,nadereaandverval) VALUES('17011','17011','19690516',null,'19690516',null,'17011',null,null,'de','-','Snijder',null,null,null);
INSERT INTO kern.his_persgeslnaamcomp (id,persgeslnaamcomp,dataanvgel,dateindegel,tsreg,tsverval,actieinh,actieverval,actieaanpgel,voorvoegsel,scheidingsteken,stam,predicaat,adellijketitel,nadereaandverval) VALUES('17012','17012','19771210',null,'19771210',null,'17012',null,null,null,'-','Cuykelaer',null,null,null);
INSERT INTO kern.his_persgeslnaamcomp (id,persgeslnaamcomp,dataanvgel,dateindegel,tsreg,tsverval,actieinh,actieverval,actieaanpgel,voorvoegsel,scheidingsteken,stam,predicaat,adellijketitel,nadereaandverval) VALUES('17013','17013','19550602',null,'19550602',null,'17013',null,null,'van','-','Roos',null,null,null);
INSERT INTO kern.his_persgeslnaamcomp (id,persgeslnaamcomp,dataanvgel,dateindegel,tsreg,tsverval,actieinh,actieverval,actieaanpgel,voorvoegsel,scheidingsteken,stam,predicaat,adellijketitel,nadereaandverval) VALUES('17014','17014','19780611',null,'19780611',null,'17014',null,null,null,'-','Moes',null,null,null);
INSERT INTO kern.his_persgeslnaamcomp (id,persgeslnaamcomp,dataanvgel,dateindegel,tsreg,tsverval,actieinh,actieverval,actieaanpgel,voorvoegsel,scheidingsteken,stam,predicaat,adellijketitel,nadereaandverval) VALUES('17015','17015','19880425',null,'19880425',null,'17015',null,null,null,'-','Brest naar Kempen',null,null,null);
INSERT INTO kern.his_persgeslnaamcomp (id,persgeslnaamcomp,dataanvgel,dateindegel,tsreg,tsverval,actieinh,actieverval,actieaanpgel,voorvoegsel,scheidingsteken,stam,predicaat,adellijketitel,nadereaandverval) VALUES('17016','17016','19881210',null,'19881210',null,'17016',null,null,null,'-','Ophuijsen',null,null,null);
INSERT INTO kern.his_persgeslnaamcomp (id,persgeslnaamcomp,dataanvgel,dateindegel,tsreg,tsverval,actieinh,actieverval,actieaanpgel,voorvoegsel,scheidingsteken,stam,predicaat,adellijketitel,nadereaandverval) VALUES('17017','17017','19960523',null,'19960523',null,'17017',null,null,null,'-','Addams',null,null,null);
INSERT INTO kern.his_persgeslnaamcomp (id,persgeslnaamcomp,dataanvgel,dateindegel,tsreg,tsverval,actieinh,actieverval,actieaanpgel,voorvoegsel,scheidingsteken,stam,predicaat,adellijketitel,nadereaandverval) VALUES('17018','17018','19941005',null,'19941005',null,'17018',null,null,null,'-','Verhoeven',null,null,null);
INSERT INTO kern.his_persgeslnaamcomp (id,persgeslnaamcomp,dataanvgel,dateindegel,tsreg,tsverval,actieinh,actieverval,actieaanpgel,voorvoegsel,scheidingsteken,stam,predicaat,adellijketitel,nadereaandverval) VALUES('17019','17019','19941005',null,'19941005',null,'17019',null,null,'de','-','Slot',null,null,null);
INSERT INTO kern.his_persgeslnaamcomp (id,persgeslnaamcomp,dataanvgel,dateindegel,tsreg,tsverval,actieinh,actieverval,actieaanpgel,voorvoegsel,scheidingsteken,stam,predicaat,adellijketitel,nadereaandverval) VALUES('17020','17020','19760103',null,'19760103',null,'17020',null,null,'van','-','Guirten',null,null,null);
INSERT INTO kern.his_persgeslnaamcomp (id,persgeslnaamcomp,dataanvgel,dateindegel,tsreg,tsverval,actieinh,actieverval,actieaanpgel,voorvoegsel,scheidingsteken,stam,predicaat,adellijketitel,nadereaandverval) VALUES('17021','17021','19961003',null,'19961003',null,'17021',null,null,'ter','-','Stassen',null,null,null);
INSERT INTO kern.his_persgeslnaamcomp (id,persgeslnaamcomp,dataanvgel,dateindegel,tsreg,tsverval,actieinh,actieverval,actieaanpgel,voorvoegsel,scheidingsteken,stam,predicaat,adellijketitel,nadereaandverval) VALUES('17022','17022','19951003',null,'19951003',null,'17022',null,null,'van','-','Zon',null,null,null);
INSERT INTO kern.his_persgeslnaamcomp (id,persgeslnaamcomp,dataanvgel,dateindegel,tsreg,tsverval,actieinh,actieverval,actieaanpgel,voorvoegsel,scheidingsteken,stam,predicaat,adellijketitel,nadereaandverval) VALUES('17023','17023','19941003',null,'19941003',null,'17023',null,null,'van','-','Verhaar',null,null,null);
INSERT INTO kern.his_persgeslnaamcomp (id,persgeslnaamcomp,dataanvgel,dateindegel,tsreg,tsverval,actieinh,actieverval,actieaanpgel,voorvoegsel,scheidingsteken,stam,predicaat,adellijketitel,nadereaandverval) VALUES('17024','17024','19770401',null,'19770401',null,'17024',null,null,'de','-','Klaassen',null,null,null);
INSERT INTO kern.his_persgeslnaamcomp (id,persgeslnaamcomp,dataanvgel,dateindegel,tsreg,tsverval,actieinh,actieverval,actieaanpgel,voorvoegsel,scheidingsteken,stam,predicaat,adellijketitel,nadereaandverval) VALUES('17025','17025','19880611',null,'19880611',null,'17025',null,null,null,'-','Valstar',null,null,null);
INSERT INTO kern.his_persgeslnaamcomp (id,persgeslnaamcomp,dataanvgel,dateindegel,tsreg,tsverval,actieinh,actieverval,actieaanpgel,voorvoegsel,scheidingsteken,stam,predicaat,adellijketitel,nadereaandverval) VALUES('17026','17026','19910721',null,'19910721',null,'17026',null,null,'ter','-','Botje',null,null,null);
INSERT INTO kern.his_persgeslnaamcomp (id,persgeslnaamcomp,dataanvgel,dateindegel,tsreg,tsverval,actieinh,actieverval,actieaanpgel,voorvoegsel,scheidingsteken,stam,predicaat,adellijketitel,nadereaandverval) VALUES('17027','17027','19910911',null,'19910911',null,'17027',null,null,null,'-','Karlson',null,null,null);
INSERT INTO kern.his_persgeslnaamcomp (id,persgeslnaamcomp,dataanvgel,dateindegel,tsreg,tsverval,actieinh,actieverval,actieaanpgel,voorvoegsel,scheidingsteken,stam,predicaat,adellijketitel,nadereaandverval) VALUES('17028','17028','19900722','20001022','19900722',null,'17028',null,null,'van','-','Hoog',null,null,null);
INSERT INTO kern.his_persgeslnaamcomp (id,persgeslnaamcomp,dataanvgel,dateindegel,tsreg,tsverval,actieinh,actieverval,actieaanpgel,voorvoegsel,scheidingsteken,stam,predicaat,adellijketitel,nadereaandverval) VALUES('17029','17029','19200430',null,'19200430',null,'17029',null,null,null,'-','Karlson',null,null,null);
INSERT INTO kern.his_persgeslnaamcomp (id,persgeslnaamcomp,dataanvgel,dateindegel,tsreg,tsverval,actieinh,actieverval,actieaanpgel,voorvoegsel,scheidingsteken,stam,predicaat,adellijketitel,nadereaandverval) VALUES('17030','17030','19220419',null,'19220419',null,'17030',null,null,'de','-','Vlonder',null,null,null);
INSERT INTO kern.his_persgeslnaamcomp (id,persgeslnaamcomp,dataanvgel,dateindegel,tsreg,tsverval,actieinh,actieverval,actieaanpgel,voorvoegsel,scheidingsteken,stam,predicaat,adellijketitel,nadereaandverval) VALUES('17031','17031','19920219',null,'19920219',null,'17031',null,null,'de','-','Zatte',null,null,null);
INSERT INTO kern.his_persgeslnaamcomp (id,persgeslnaamcomp,dataanvgel,dateindegel,tsreg,tsverval,actieinh,actieverval,actieaanpgel,voorvoegsel,scheidingsteken,stam,predicaat,adellijketitel,nadereaandverval) VALUES('17032','17032','19510923',null,'19510923',null,'17032',null,null,null,'-','Stuurman',null,null,null);
INSERT INTO kern.his_persgeslnaamcomp (id,persgeslnaamcomp,dataanvgel,dateindegel,tsreg,tsverval,actieinh,actieverval,actieaanpgel,voorvoegsel,scheidingsteken,stam,predicaat,adellijketitel,nadereaandverval) VALUES('17033','17033','19531116',null,'19531116',null,'17033',null,null,'de','-','Vriend',null,null,null);
INSERT INTO kern.his_persgeslnaamcomp (id,persgeslnaamcomp,dataanvgel,dateindegel,tsreg,tsverval,actieinh,actieverval,actieaanpgel,voorvoegsel,scheidingsteken,stam,predicaat,adellijketitel,nadereaandverval) VALUES('17034','17034','19390402',null,'19390402',null,'17034',null,null,'de','-','Renner',null,null,null);
INSERT INTO kern.his_persgeslnaamcomp (id,persgeslnaamcomp,dataanvgel,dateindegel,tsreg,tsverval,actieinh,actieverval,actieaanpgel,voorvoegsel,scheidingsteken,stam,predicaat,adellijketitel,nadereaandverval) VALUES('17035','17035','19841203',null,'19841203',null,'17035',null,null,'de','-','Muurbloem',null,null,null);
INSERT INTO kern.his_persgeslnaamcomp (id,persgeslnaamcomp,dataanvgel,dateindegel,tsreg,tsverval,actieinh,actieverval,actieaanpgel,voorvoegsel,scheidingsteken,stam,predicaat,adellijketitel,nadereaandverval) VALUES('17036','17036','19851011',null,'19851011',null,'17036',null,null,null,'-','Appelo',null,null,null);
INSERT INTO kern.his_persgeslnaamcomp (id,persgeslnaamcomp,dataanvgel,dateindegel,tsreg,tsverval,actieinh,actieverval,actieaanpgel,voorvoegsel,scheidingsteken,stam,predicaat,adellijketitel,nadereaandverval) VALUES('17037','17037','20050112',null,'20050112',null,'17037',null,null,null,'-','Appel',null,null,null);
INSERT INTO kern.his_persgeslnaamcomp (id,persgeslnaamcomp,dataanvgel,dateindegel,tsreg,tsverval,actieinh,actieverval,actieaanpgel,voorvoegsel,scheidingsteken,stam,predicaat,adellijketitel,nadereaandverval) VALUES('17038','17038','20051201',null,'20051201',null,'17038',null,null,'ter','-','Aar',null,null,null);
INSERT INTO kern.his_persgeslnaamcomp (id,persgeslnaamcomp,dataanvgel,dateindegel,tsreg,tsverval,actieinh,actieverval,actieaanpgel,voorvoegsel,scheidingsteken,stam,predicaat,adellijketitel,nadereaandverval) VALUES('17039','17039','20050112',null,'20050112',null,'17039',null,null,'in het','-','Veld',null,null,null);
INSERT INTO kern.his_persgeslnaamcomp (id,persgeslnaamcomp,dataanvgel,dateindegel,tsreg,tsverval,actieinh,actieverval,actieaanpgel,voorvoegsel,scheidingsteken,stam,predicaat,adellijketitel,nadereaandverval) VALUES('17040','17040','20051201',null,'20051201',null,'17040',null,null,'van','-','Penderloo',null,null,null);
INSERT INTO kern.his_persgeslnaamcomp (id,persgeslnaamcomp,dataanvgel,dateindegel,tsreg,tsverval,actieinh,actieverval,actieaanpgel,voorvoegsel,scheidingsteken,stam,predicaat,adellijketitel,nadereaandverval) VALUES('17041','17041','19680809',null,'19680809',null,'17041',null,null,'de','-','Bakker',null,null,null);
INSERT INTO kern.his_persgeslnaamcomp (id,persgeslnaamcomp,dataanvgel,dateindegel,tsreg,tsverval,actieinh,actieverval,actieaanpgel,voorvoegsel,scheidingsteken,stam,predicaat,adellijketitel,nadereaandverval) VALUES('17042','17042','19580921',null,'19580921',null,'17042',null,null,null,'-','Karlson',null,null,null);
INSERT INTO kern.his_persgeslnaamcomp (id,persgeslnaamcomp,dataanvgel,dateindegel,tsreg,tsverval,actieinh,actieverval,actieaanpgel,voorvoegsel,scheidingsteken,stam,predicaat,adellijketitel,nadereaandverval) VALUES('17043','17043','19951004',null,'19951004',null,'17043',null,null,'ter','-','Nater',null,null,null);
INSERT INTO kern.his_persgeslnaamcomp (id,persgeslnaamcomp,dataanvgel,dateindegel,tsreg,tsverval,actieinh,actieverval,actieaanpgel,voorvoegsel,scheidingsteken,stam,predicaat,adellijketitel,nadereaandverval) VALUES('17044','17044','20051201',null,'20051201',null,'17044',null,null,'van','-','Hoog',null,null,null);
INSERT INTO kern.his_persgeslnaamcomp (id,persgeslnaamcomp,dataanvgel,dateindegel,tsreg,tsverval,actieinh,actieverval,actieaanpgel,voorvoegsel,scheidingsteken,stam,predicaat,adellijketitel,nadereaandverval) VALUES('17045','17045','20050112',null,'20050112',null,'17045',null,null,'de','-','Hoop',null,null,null);

commit;


--------------------------------------------------
--- EIND
--- Sheet: (his_persgeslnaamcomp)
--- Handler: SheetHandlerImplSimpleInsert
--- Aantal: (46)
--------------------------------------------------
--------------------------------------------------
--- START
--- Sheet: (his_perssamengesteldenaam)
--- Handler: SheetHandlerImplSimpleInsert
--------------------------------------------------

begin;

INSERT INTO kern.his_perssamengesteldenaam (id,pers,dataanvgel,dateindegel,tsreg,tsverval,actieinh,actieverval,actieaanpgel,predicaat,voornamen,voorvoegsel,scheidingsteken,adellijketitel,geslnaamstam,indnreeks,indafgeleid,nadereaandverval) VALUES('17001','17001','19811002',null,'19811002',null,'17001',null,null,null,'Cees',null,'-',null,'Vlag','false','true',null);
INSERT INTO kern.his_perssamengesteldenaam (id,pers,dataanvgel,dateindegel,tsreg,tsverval,actieinh,actieverval,actieaanpgel,predicaat,voornamen,voorvoegsel,scheidingsteken,adellijketitel,geslnaamstam,indnreeks,indafgeleid,nadereaandverval) VALUES('17002','17002','19820528',null,'19820528',null,'17002',null,null,null,'Paula','de',null,null,'Prins','false','true',null);
INSERT INTO kern.his_perssamengesteldenaam (id,pers,dataanvgel,dateindegel,tsreg,tsverval,actieinh,actieverval,actieaanpgel,predicaat,voornamen,voorvoegsel,scheidingsteken,adellijketitel,geslnaamstam,indnreeks,indafgeleid,nadereaandverval) VALUES('17003','17003','19660302',null,'19660302',null,'17003',null,null,null,'Christoffel','van der','-',null,'Vermeer','false','true',null);
INSERT INTO kern.his_perssamengesteldenaam (id,pers,dataanvgel,dateindegel,tsreg,tsverval,actieinh,actieverval,actieaanpgel,predicaat,voornamen,voorvoegsel,scheidingsteken,adellijketitel,geslnaamstam,indnreeks,indafgeleid,nadereaandverval) VALUES('17004','17004','19691227',null,'19691227',null,'17004',null,null,null,'Eleonora Françoise',null,'-',null,'Crooy','false','true',null);
INSERT INTO kern.his_perssamengesteldenaam (id,pers,dataanvgel,dateindegel,tsreg,tsverval,actieinh,actieverval,actieaanpgel,predicaat,voornamen,voorvoegsel,scheidingsteken,adellijketitel,geslnaamstam,indnreeks,indafgeleid,nadereaandverval) VALUES('17005','17005','19710717',null,'19710717',null,'17005',null,null,null,'Albert',null,'-',null,'Laar','false','true',null);
INSERT INTO kern.his_perssamengesteldenaam (id,pers,dataanvgel,dateindegel,tsreg,tsverval,actieinh,actieverval,actieaanpgel,predicaat,voornamen,voorvoegsel,scheidingsteken,adellijketitel,geslnaamstam,indnreeks,indafgeleid,nadereaandverval) VALUES('17006','17006','19720928',null,'19720928',null,'17006',null,null,null,'Anne-Marie',null,'-',null,'Verheul','false','true',null);
INSERT INTO kern.his_perssamengesteldenaam (id,pers,dataanvgel,dateindegel,tsreg,tsverval,actieinh,actieverval,actieaanpgel,predicaat,voornamen,voorvoegsel,scheidingsteken,adellijketitel,geslnaamstam,indnreeks,indafgeleid,nadereaandverval) VALUES('17007','17007','19800616',null,'19800616',null,'17007',null,null,null,'Henk',null,'-',null,'Vermeulen','false','true',null);
INSERT INTO kern.his_perssamengesteldenaam (id,pers,dataanvgel,dateindegel,tsreg,tsverval,actieinh,actieverval,actieaanpgel,predicaat,voornamen,voorvoegsel,scheidingsteken,adellijketitel,geslnaamstam,indnreeks,indafgeleid,nadereaandverval) VALUES('17008','17008','19810418',null,'19810418',null,'17008',null,null,null,'Anna Maria Petra',null,'-',null,'Jansma','false','true',null);
INSERT INTO kern.his_perssamengesteldenaam (id,pers,dataanvgel,dateindegel,tsreg,tsverval,actieinh,actieverval,actieaanpgel,predicaat,voornamen,voorvoegsel,scheidingsteken,adellijketitel,geslnaamstam,indnreeks,indafgeleid,nadereaandverval) VALUES('17009','17009','19940101',null,'19940101',null,'17009',null,null,null,'Miranda',null,'-',null,'Jansma','false','true',null);
INSERT INTO kern.his_perssamengesteldenaam (id,pers,dataanvgel,dateindegel,tsreg,tsverval,actieinh,actieverval,actieaanpgel,predicaat,voornamen,voorvoegsel,scheidingsteken,adellijketitel,geslnaamstam,indnreeks,indafgeleid,nadereaandverval) VALUES('17010','17010','19691231',null,'19691231',null,'17010',null,null,null,'John','de','-',null,'Bloëmsma','false','true',null);
INSERT INTO kern.his_perssamengesteldenaam (id,pers,dataanvgel,dateindegel,tsreg,tsverval,actieinh,actieverval,actieaanpgel,predicaat,voornamen,voorvoegsel,scheidingsteken,adellijketitel,geslnaamstam,indnreeks,indafgeleid,nadereaandverval) VALUES('17011','17011','19690516',null,'19690516',null,'17011',null,null,null,'Dorothea','de','-',null,'Snijder','false','true',null);
INSERT INTO kern.his_perssamengesteldenaam (id,pers,dataanvgel,dateindegel,tsreg,tsverval,actieinh,actieverval,actieaanpgel,predicaat,voornamen,voorvoegsel,scheidingsteken,adellijketitel,geslnaamstam,indnreeks,indafgeleid,nadereaandverval) VALUES('17012','17012','19771210',null,'19771210',null,'17012',null,null,null,'Bas',null,'-',null,'Cuykelaer','false','true',null);
INSERT INTO kern.his_perssamengesteldenaam (id,pers,dataanvgel,dateindegel,tsreg,tsverval,actieinh,actieverval,actieaanpgel,predicaat,voornamen,voorvoegsel,scheidingsteken,adellijketitel,geslnaamstam,indnreeks,indafgeleid,nadereaandverval) VALUES('17013','17013','19550602',null,'19550602',null,'17013',null,null,null,'Hendrika Isabella Gerarda Johanna','van','-',null,'Roos','false','true',null);
INSERT INTO kern.his_perssamengesteldenaam (id,pers,dataanvgel,dateindegel,tsreg,tsverval,actieinh,actieverval,actieaanpgel,predicaat,voornamen,voorvoegsel,scheidingsteken,adellijketitel,geslnaamstam,indnreeks,indafgeleid,nadereaandverval) VALUES('17014','17014','19780611',null,'19780611',null,'17014',null,null,null,'Jan',null,'-',null,'Moes','false','true',null);
INSERT INTO kern.his_perssamengesteldenaam (id,pers,dataanvgel,dateindegel,tsreg,tsverval,actieinh,actieverval,actieaanpgel,predicaat,voornamen,voorvoegsel,scheidingsteken,adellijketitel,geslnaamstam,indnreeks,indafgeleid,nadereaandverval) VALUES('17015','17015','19880425',null,'19880425',null,'17015',null,null,null,'Petronella',null,'-',null,'Brest naar Kempen','false','true',null);
INSERT INTO kern.his_perssamengesteldenaam (id,pers,dataanvgel,dateindegel,tsreg,tsverval,actieinh,actieverval,actieaanpgel,predicaat,voornamen,voorvoegsel,scheidingsteken,adellijketitel,geslnaamstam,indnreeks,indafgeleid,nadereaandverval) VALUES('17016','17016','19881210',null,'19881210',null,'17016',null,null,null,'Maria Christina',null,'-',null,'Ophuijsen','false','true',null);
INSERT INTO kern.his_perssamengesteldenaam (id,pers,dataanvgel,dateindegel,tsreg,tsverval,actieinh,actieverval,actieaanpgel,predicaat,voornamen,voorvoegsel,scheidingsteken,adellijketitel,geslnaamstam,indnreeks,indafgeleid,nadereaandverval) VALUES('17017','17017','19960523',null,'19960523',null,'17017',null,null,null,'Pieter',null,'-',null,'Addams','false','true',null);
INSERT INTO kern.his_perssamengesteldenaam (id,pers,dataanvgel,dateindegel,tsreg,tsverval,actieinh,actieverval,actieaanpgel,predicaat,voornamen,voorvoegsel,scheidingsteken,adellijketitel,geslnaamstam,indnreeks,indafgeleid,nadereaandverval) VALUES('17018','17018','19941005',null,'19941005',null,'17018',null,null,null,'Petronellaatje',null,'-',null,'Verhoeven','false','true',null);
INSERT INTO kern.his_perssamengesteldenaam (id,pers,dataanvgel,dateindegel,tsreg,tsverval,actieinh,actieverval,actieaanpgel,predicaat,voornamen,voorvoegsel,scheidingsteken,adellijketitel,geslnaamstam,indnreeks,indafgeleid,nadereaandverval) VALUES('17019','17019','19941005',null,'19941005',null,'17019',null,null,null,'Sanne','de','-',null,'Slot','false','true',null);
INSERT INTO kern.his_perssamengesteldenaam (id,pers,dataanvgel,dateindegel,tsreg,tsverval,actieinh,actieverval,actieaanpgel,predicaat,voornamen,voorvoegsel,scheidingsteken,adellijketitel,geslnaamstam,indnreeks,indafgeleid,nadereaandverval) VALUES('17020','17020','19760103',null,'19760103',null,'17020',null,null,null,'Hanna','van','-',null,'Guirten','false','true',null);
INSERT INTO kern.his_perssamengesteldenaam (id,pers,dataanvgel,dateindegel,tsreg,tsverval,actieinh,actieverval,actieaanpgel,predicaat,voornamen,voorvoegsel,scheidingsteken,adellijketitel,geslnaamstam,indnreeks,indafgeleid,nadereaandverval) VALUES('17021','17021','19961003',null,'19961003',null,'17021',null,null,null,'Sander','ter','-',null,'Stassen','false','true',null);
INSERT INTO kern.his_perssamengesteldenaam (id,pers,dataanvgel,dateindegel,tsreg,tsverval,actieinh,actieverval,actieaanpgel,predicaat,voornamen,voorvoegsel,scheidingsteken,adellijketitel,geslnaamstam,indnreeks,indafgeleid,nadereaandverval) VALUES('17022','17022','19951003',null,'19951003',null,'17022',null,null,null,'Ellen','van','-',null,'Zon','false','true',null);
INSERT INTO kern.his_perssamengesteldenaam (id,pers,dataanvgel,dateindegel,tsreg,tsverval,actieinh,actieverval,actieaanpgel,predicaat,voornamen,voorvoegsel,scheidingsteken,adellijketitel,geslnaamstam,indnreeks,indafgeleid,nadereaandverval) VALUES('17023','17023','19941003',null,'19941003',null,'17023',null,null,null,'Christian','van','-',null,'Verhaar','false','true',null);
INSERT INTO kern.his_perssamengesteldenaam (id,pers,dataanvgel,dateindegel,tsreg,tsverval,actieinh,actieverval,actieaanpgel,predicaat,voornamen,voorvoegsel,scheidingsteken,adellijketitel,geslnaamstam,indnreeks,indafgeleid,nadereaandverval) VALUES('17024','17024','19770401',null,'19770401',null,'17024',null,null,null,'Anja','de','-',null,'Klaassen','false','true',null);
INSERT INTO kern.his_perssamengesteldenaam (id,pers,dataanvgel,dateindegel,tsreg,tsverval,actieinh,actieverval,actieaanpgel,predicaat,voornamen,voorvoegsel,scheidingsteken,adellijketitel,geslnaamstam,indnreeks,indafgeleid,nadereaandverval) VALUES('17025','17025','19880611',null,'19880611',null,'17025',null,null,null,'Karel',null,'-',null,'Valstar','false','true',null);
INSERT INTO kern.his_perssamengesteldenaam (id,pers,dataanvgel,dateindegel,tsreg,tsverval,actieinh,actieverval,actieaanpgel,predicaat,voornamen,voorvoegsel,scheidingsteken,adellijketitel,geslnaamstam,indnreeks,indafgeleid,nadereaandverval) VALUES('17026','17026','19910721',null,'19910721',null,'17026',null,null,null,'Helen','ter','-',null,'Botje','false','true',null);
INSERT INTO kern.his_perssamengesteldenaam (id,pers,dataanvgel,dateindegel,tsreg,tsverval,actieinh,actieverval,actieaanpgel,predicaat,voornamen,voorvoegsel,scheidingsteken,adellijketitel,geslnaamstam,indnreeks,indafgeleid,nadereaandverval) VALUES('17027','17027','19910911',null,'19910911',null,'17027',null,null,null,'Sander',null,'-',null,'Karlson','false','true',null);
INSERT INTO kern.his_perssamengesteldenaam (id,pers,dataanvgel,dateindegel,tsreg,tsverval,actieinh,actieverval,actieaanpgel,predicaat,voornamen,voorvoegsel,scheidingsteken,adellijketitel,geslnaamstam,indnreeks,indafgeleid,nadereaandverval) VALUES('17028','17028','19900722','20001022','19900722',null,'17028',null,null,null,'Violet','van','-',null,'Hoog','false','true',null);
INSERT INTO kern.his_perssamengesteldenaam (id,pers,dataanvgel,dateindegel,tsreg,tsverval,actieinh,actieverval,actieaanpgel,predicaat,voornamen,voorvoegsel,scheidingsteken,adellijketitel,geslnaamstam,indnreeks,indafgeleid,nadereaandverval) VALUES('17029','17029','19200430',null,'19200430',null,'17029',null,null,null,'Violetta',null,'-',null,'Karlson','false','true',null);
INSERT INTO kern.his_perssamengesteldenaam (id,pers,dataanvgel,dateindegel,tsreg,tsverval,actieinh,actieverval,actieaanpgel,predicaat,voornamen,voorvoegsel,scheidingsteken,adellijketitel,geslnaamstam,indnreeks,indafgeleid,nadereaandverval) VALUES('17030','17030','19220419',null,'19220419',null,'17030',null,null,null,'Tanja','de','-',null,'Vlonder','false','true',null);
INSERT INTO kern.his_perssamengesteldenaam (id,pers,dataanvgel,dateindegel,tsreg,tsverval,actieinh,actieverval,actieaanpgel,predicaat,voornamen,voorvoegsel,scheidingsteken,adellijketitel,geslnaamstam,indnreeks,indafgeleid,nadereaandverval) VALUES('17031','17031','19920219',null,'19920219',null,'17031',null,null,null,'Berend','de','-',null,'Zatte','false','true',null);
INSERT INTO kern.his_perssamengesteldenaam (id,pers,dataanvgel,dateindegel,tsreg,tsverval,actieinh,actieverval,actieaanpgel,predicaat,voornamen,voorvoegsel,scheidingsteken,adellijketitel,geslnaamstam,indnreeks,indafgeleid,nadereaandverval) VALUES('17032','17032','19510923',null,'19510923',null,'17032',null,null,null,'Mike',null,'-',null,'Stuurman','false','true',null);
INSERT INTO kern.his_perssamengesteldenaam (id,pers,dataanvgel,dateindegel,tsreg,tsverval,actieinh,actieverval,actieaanpgel,predicaat,voornamen,voorvoegsel,scheidingsteken,adellijketitel,geslnaamstam,indnreeks,indafgeleid,nadereaandverval) VALUES('17033','17033','19531116',null,'19531116',null,'17033',null,null,null,'Sanne','de','-',null,'Vriend','false','true',null);
INSERT INTO kern.his_perssamengesteldenaam (id,pers,dataanvgel,dateindegel,tsreg,tsverval,actieinh,actieverval,actieaanpgel,predicaat,voornamen,voorvoegsel,scheidingsteken,adellijketitel,geslnaamstam,indnreeks,indafgeleid,nadereaandverval) VALUES('17034','17034','19390402',null,'19390402',null,'17034',null,null,null,'Josje','de','-',null,'Renner','false','true',null);
INSERT INTO kern.his_perssamengesteldenaam (id,pers,dataanvgel,dateindegel,tsreg,tsverval,actieinh,actieverval,actieaanpgel,predicaat,voornamen,voorvoegsel,scheidingsteken,adellijketitel,geslnaamstam,indnreeks,indafgeleid,nadereaandverval) VALUES('17035','17035','19841203',null,'19841203',null,'17035',null,null,null,'Anna','de','-',null,'Muurbloem','false','true',null);
INSERT INTO kern.his_perssamengesteldenaam (id,pers,dataanvgel,dateindegel,tsreg,tsverval,actieinh,actieverval,actieaanpgel,predicaat,voornamen,voorvoegsel,scheidingsteken,adellijketitel,geslnaamstam,indnreeks,indafgeleid,nadereaandverval) VALUES('17036','17036','19851011',null,'19851011',null,'17036',null,null,null,'Gerard',null,'-',null,'Appelo','false','true',null);
INSERT INTO kern.his_perssamengesteldenaam (id,pers,dataanvgel,dateindegel,tsreg,tsverval,actieinh,actieverval,actieaanpgel,predicaat,voornamen,voorvoegsel,scheidingsteken,adellijketitel,geslnaamstam,indnreeks,indafgeleid,nadereaandverval) VALUES('17037','17037','20050112',null,'20050112',null,'17037',null,null,null,'Albert',null,'-',null,'Appel','false','true',null);
INSERT INTO kern.his_perssamengesteldenaam (id,pers,dataanvgel,dateindegel,tsreg,tsverval,actieinh,actieverval,actieaanpgel,predicaat,voornamen,voorvoegsel,scheidingsteken,adellijketitel,geslnaamstam,indnreeks,indafgeleid,nadereaandverval) VALUES('17038','17038','20051201',null,'20051201',null,'17038',null,null,null,'Marijke','ter','-',null,'Aar','false','true',null);
INSERT INTO kern.his_perssamengesteldenaam (id,pers,dataanvgel,dateindegel,tsreg,tsverval,actieinh,actieverval,actieaanpgel,predicaat,voornamen,voorvoegsel,scheidingsteken,adellijketitel,geslnaamstam,indnreeks,indafgeleid,nadereaandverval) VALUES('17039','17039','20050112',null,'20050112',null,'17039',null,null,null,'Geerte','in het','-',null,'Veld','false','true',null);
INSERT INTO kern.his_perssamengesteldenaam (id,pers,dataanvgel,dateindegel,tsreg,tsverval,actieinh,actieverval,actieaanpgel,predicaat,voornamen,voorvoegsel,scheidingsteken,adellijketitel,geslnaamstam,indnreeks,indafgeleid,nadereaandverval) VALUES('17040','17040','20051201',null,'20051201',null,'17040',null,null,null,'Gert','van','-',null,'Penderloo','false','true',null);
INSERT INTO kern.his_perssamengesteldenaam (id,pers,dataanvgel,dateindegel,tsreg,tsverval,actieinh,actieverval,actieaanpgel,predicaat,voornamen,voorvoegsel,scheidingsteken,adellijketitel,geslnaamstam,indnreeks,indafgeleid,nadereaandverval) VALUES('17041','17041','19680809',null,'19680809',null,'17041',null,null,null,'Gijs','de','-',null,'Bakker','false','true',null);
INSERT INTO kern.his_perssamengesteldenaam (id,pers,dataanvgel,dateindegel,tsreg,tsverval,actieinh,actieverval,actieaanpgel,predicaat,voornamen,voorvoegsel,scheidingsteken,adellijketitel,geslnaamstam,indnreeks,indafgeleid,nadereaandverval) VALUES('17042','17042','19580921',null,'19580921',null,'17042',null,null,null,'Guido',null,'-',null,'Karlson','false','true',null);
INSERT INTO kern.his_perssamengesteldenaam (id,pers,dataanvgel,dateindegel,tsreg,tsverval,actieinh,actieverval,actieaanpgel,predicaat,voornamen,voorvoegsel,scheidingsteken,adellijketitel,geslnaamstam,indnreeks,indafgeleid,nadereaandverval) VALUES('17043','17043','19951004',null,'19951004',null,'17043',null,null,null,'Annemieke','ter','-',null,'Nater','false','true',null);
INSERT INTO kern.his_perssamengesteldenaam (id,pers,dataanvgel,dateindegel,tsreg,tsverval,actieinh,actieverval,actieaanpgel,predicaat,voornamen,voorvoegsel,scheidingsteken,adellijketitel,geslnaamstam,indnreeks,indafgeleid,nadereaandverval) VALUES('17044','17044','20051201',null,'20051201',null,'17044',null,null,null,'Maarten','van','-',null,'Hoog','false','true',null);
INSERT INTO kern.his_perssamengesteldenaam (id,pers,dataanvgel,dateindegel,tsreg,tsverval,actieinh,actieverval,actieaanpgel,predicaat,voornamen,voorvoegsel,scheidingsteken,adellijketitel,geslnaamstam,indnreeks,indafgeleid,nadereaandverval) VALUES('17045','17045','20050112',null,'20050112',null,'17045',null,null,null,'Marion','de','-',null,'Hoop','false','true',null);

commit;


--------------------------------------------------
--- EIND
--- Sheet: (his_perssamengesteldenaam)
--- Handler: SheetHandlerImplSimpleInsert
--- Aantal: (46)
--------------------------------------------------
--------------------------------------------------
--- START
--- Sheet: (his_persnaamgebruik)
--- Handler: SheetHandlerImplSimpleInsert
--------------------------------------------------

begin;

INSERT INTO kern.his_persnaamgebruik (id,pers,tsreg,tsverval,actieinh,actieverval,naamgebruik,indnaamgebruikafgeleid,predicaatnaamgebruik,voornamennaamgebruik,voorvoegselnaamgebruik,scheidingstekennaamgebruik,adellijketitelnaamgebruik,geslnaamstamnaamgebruik,nadereaandverval) VALUES('17001','17001','19811002',null,'17001',null,'1','true',null,'Cees',null,'-',null,'Vlag',null);
INSERT INTO kern.his_persnaamgebruik (id,pers,tsreg,tsverval,actieinh,actieverval,naamgebruik,indnaamgebruikafgeleid,predicaatnaamgebruik,voornamennaamgebruik,voorvoegselnaamgebruik,scheidingstekennaamgebruik,adellijketitelnaamgebruik,geslnaamstamnaamgebruik,nadereaandverval) VALUES('17002','17002','19820528',null,'17002',null,'1','true',null,'Paula','de',null,null,'Prins',null);
INSERT INTO kern.his_persnaamgebruik (id,pers,tsreg,tsverval,actieinh,actieverval,naamgebruik,indnaamgebruikafgeleid,predicaatnaamgebruik,voornamennaamgebruik,voorvoegselnaamgebruik,scheidingstekennaamgebruik,adellijketitelnaamgebruik,geslnaamstamnaamgebruik,nadereaandverval) VALUES('17003','17003','19660302',null,'17003',null,'1','true',null,'Christoffel','van der','-',null,'Vermeer',null);
INSERT INTO kern.his_persnaamgebruik (id,pers,tsreg,tsverval,actieinh,actieverval,naamgebruik,indnaamgebruikafgeleid,predicaatnaamgebruik,voornamennaamgebruik,voorvoegselnaamgebruik,scheidingstekennaamgebruik,adellijketitelnaamgebruik,geslnaamstamnaamgebruik,nadereaandverval) VALUES('17004','17004','19691227',null,'17004',null,'1','true',null,'Eleonora Françoise',null,'-',null,'Crooy',null);
INSERT INTO kern.his_persnaamgebruik (id,pers,tsreg,tsverval,actieinh,actieverval,naamgebruik,indnaamgebruikafgeleid,predicaatnaamgebruik,voornamennaamgebruik,voorvoegselnaamgebruik,scheidingstekennaamgebruik,adellijketitelnaamgebruik,geslnaamstamnaamgebruik,nadereaandverval) VALUES('17005','17005','19710717',null,'17005',null,'1','true',null,'Albert',null,'-',null,'Laar',null);
INSERT INTO kern.his_persnaamgebruik (id,pers,tsreg,tsverval,actieinh,actieverval,naamgebruik,indnaamgebruikafgeleid,predicaatnaamgebruik,voornamennaamgebruik,voorvoegselnaamgebruik,scheidingstekennaamgebruik,adellijketitelnaamgebruik,geslnaamstamnaamgebruik,nadereaandverval) VALUES('17006','17006','19720928',null,'17006',null,'1','true',null,'Anne-Marie',null,'-',null,'Verheul',null);
INSERT INTO kern.his_persnaamgebruik (id,pers,tsreg,tsverval,actieinh,actieverval,naamgebruik,indnaamgebruikafgeleid,predicaatnaamgebruik,voornamennaamgebruik,voorvoegselnaamgebruik,scheidingstekennaamgebruik,adellijketitelnaamgebruik,geslnaamstamnaamgebruik,nadereaandverval) VALUES('17007','17007','19800616',null,'17007',null,'1','true',null,'Henk',null,'-',null,'Vermeulen',null);
INSERT INTO kern.his_persnaamgebruik (id,pers,tsreg,tsverval,actieinh,actieverval,naamgebruik,indnaamgebruikafgeleid,predicaatnaamgebruik,voornamennaamgebruik,voorvoegselnaamgebruik,scheidingstekennaamgebruik,adellijketitelnaamgebruik,geslnaamstamnaamgebruik,nadereaandverval) VALUES('17008','17008','19810418',null,'17008',null,'1','true',null,'Anna Maria Petra',null,'-',null,'Jansma',null);
INSERT INTO kern.his_persnaamgebruik (id,pers,tsreg,tsverval,actieinh,actieverval,naamgebruik,indnaamgebruikafgeleid,predicaatnaamgebruik,voornamennaamgebruik,voorvoegselnaamgebruik,scheidingstekennaamgebruik,adellijketitelnaamgebruik,geslnaamstamnaamgebruik,nadereaandverval) VALUES('17009','17009','19940101',null,'17009',null,'1','true',null,'Miranda',null,'-',null,'Jansma',null);
INSERT INTO kern.his_persnaamgebruik (id,pers,tsreg,tsverval,actieinh,actieverval,naamgebruik,indnaamgebruikafgeleid,predicaatnaamgebruik,voornamennaamgebruik,voorvoegselnaamgebruik,scheidingstekennaamgebruik,adellijketitelnaamgebruik,geslnaamstamnaamgebruik,nadereaandverval) VALUES('17010','17010','19691231',null,'17010',null,'1','true',null,'John','de','-',null,'Bloëmsma',null);
INSERT INTO kern.his_persnaamgebruik (id,pers,tsreg,tsverval,actieinh,actieverval,naamgebruik,indnaamgebruikafgeleid,predicaatnaamgebruik,voornamennaamgebruik,voorvoegselnaamgebruik,scheidingstekennaamgebruik,adellijketitelnaamgebruik,geslnaamstamnaamgebruik,nadereaandverval) VALUES('17011','17011','19690516',null,'17011',null,'1','true',null,'Dorothea','de','-',null,'Snijder',null);
INSERT INTO kern.his_persnaamgebruik (id,pers,tsreg,tsverval,actieinh,actieverval,naamgebruik,indnaamgebruikafgeleid,predicaatnaamgebruik,voornamennaamgebruik,voorvoegselnaamgebruik,scheidingstekennaamgebruik,adellijketitelnaamgebruik,geslnaamstamnaamgebruik,nadereaandverval) VALUES('17012','17012','19771210',null,'17012',null,'1','true',null,'Bas',null,'-',null,'Cuykelaer',null);
INSERT INTO kern.his_persnaamgebruik (id,pers,tsreg,tsverval,actieinh,actieverval,naamgebruik,indnaamgebruikafgeleid,predicaatnaamgebruik,voornamennaamgebruik,voorvoegselnaamgebruik,scheidingstekennaamgebruik,adellijketitelnaamgebruik,geslnaamstamnaamgebruik,nadereaandverval) VALUES('17013','17013','19550602',null,'17013',null,'1','true',null,'Hendrika Isabella Gerarda Johanna','van','-',null,'Roos',null);
INSERT INTO kern.his_persnaamgebruik (id,pers,tsreg,tsverval,actieinh,actieverval,naamgebruik,indnaamgebruikafgeleid,predicaatnaamgebruik,voornamennaamgebruik,voorvoegselnaamgebruik,scheidingstekennaamgebruik,adellijketitelnaamgebruik,geslnaamstamnaamgebruik,nadereaandverval) VALUES('17014','17014','19780611',null,'17014',null,'1','true',null,'Jan',null,'-',null,'Moes',null);
INSERT INTO kern.his_persnaamgebruik (id,pers,tsreg,tsverval,actieinh,actieverval,naamgebruik,indnaamgebruikafgeleid,predicaatnaamgebruik,voornamennaamgebruik,voorvoegselnaamgebruik,scheidingstekennaamgebruik,adellijketitelnaamgebruik,geslnaamstamnaamgebruik,nadereaandverval) VALUES('17015','17015','19880425',null,'17015',null,'1','true',null,'Petronella',null,'-',null,'Brest naar Kempen',null);
INSERT INTO kern.his_persnaamgebruik (id,pers,tsreg,tsverval,actieinh,actieverval,naamgebruik,indnaamgebruikafgeleid,predicaatnaamgebruik,voornamennaamgebruik,voorvoegselnaamgebruik,scheidingstekennaamgebruik,adellijketitelnaamgebruik,geslnaamstamnaamgebruik,nadereaandverval) VALUES('17016','17016','19881210',null,'17016',null,'1','true',null,'Maria Christina',null,'-',null,'Ophuijsen',null);
INSERT INTO kern.his_persnaamgebruik (id,pers,tsreg,tsverval,actieinh,actieverval,naamgebruik,indnaamgebruikafgeleid,predicaatnaamgebruik,voornamennaamgebruik,voorvoegselnaamgebruik,scheidingstekennaamgebruik,adellijketitelnaamgebruik,geslnaamstamnaamgebruik,nadereaandverval) VALUES('17017','17017','19960523',null,'17017',null,'1','true',null,'Pieter',null,'-',null,'Addams',null);
INSERT INTO kern.his_persnaamgebruik (id,pers,tsreg,tsverval,actieinh,actieverval,naamgebruik,indnaamgebruikafgeleid,predicaatnaamgebruik,voornamennaamgebruik,voorvoegselnaamgebruik,scheidingstekennaamgebruik,adellijketitelnaamgebruik,geslnaamstamnaamgebruik,nadereaandverval) VALUES('17018','17018','19941005',null,'17018',null,'1','true',null,'Petronellaatje',null,'-',null,'Verhoeven',null);
INSERT INTO kern.his_persnaamgebruik (id,pers,tsreg,tsverval,actieinh,actieverval,naamgebruik,indnaamgebruikafgeleid,predicaatnaamgebruik,voornamennaamgebruik,voorvoegselnaamgebruik,scheidingstekennaamgebruik,adellijketitelnaamgebruik,geslnaamstamnaamgebruik,nadereaandverval) VALUES('17019','17019','19941005',null,'17019',null,'1','true',null,'Sanne','de','-',null,'Slot',null);
INSERT INTO kern.his_persnaamgebruik (id,pers,tsreg,tsverval,actieinh,actieverval,naamgebruik,indnaamgebruikafgeleid,predicaatnaamgebruik,voornamennaamgebruik,voorvoegselnaamgebruik,scheidingstekennaamgebruik,adellijketitelnaamgebruik,geslnaamstamnaamgebruik,nadereaandverval) VALUES('17020','17020','19760103',null,'17020',null,'1','true',null,'Hanna','van','-',null,'Guirten',null);
INSERT INTO kern.his_persnaamgebruik (id,pers,tsreg,tsverval,actieinh,actieverval,naamgebruik,indnaamgebruikafgeleid,predicaatnaamgebruik,voornamennaamgebruik,voorvoegselnaamgebruik,scheidingstekennaamgebruik,adellijketitelnaamgebruik,geslnaamstamnaamgebruik,nadereaandverval) VALUES('17021','17021','19961003',null,'17021',null,'1','true',null,'Sander','ter','-',null,'Stassen',null);
INSERT INTO kern.his_persnaamgebruik (id,pers,tsreg,tsverval,actieinh,actieverval,naamgebruik,indnaamgebruikafgeleid,predicaatnaamgebruik,voornamennaamgebruik,voorvoegselnaamgebruik,scheidingstekennaamgebruik,adellijketitelnaamgebruik,geslnaamstamnaamgebruik,nadereaandverval) VALUES('17022','17022','19951003',null,'17022',null,'1','true',null,'Ellen','van','-',null,'Zon',null);
INSERT INTO kern.his_persnaamgebruik (id,pers,tsreg,tsverval,actieinh,actieverval,naamgebruik,indnaamgebruikafgeleid,predicaatnaamgebruik,voornamennaamgebruik,voorvoegselnaamgebruik,scheidingstekennaamgebruik,adellijketitelnaamgebruik,geslnaamstamnaamgebruik,nadereaandverval) VALUES('17023','17023','19941003',null,'17023',null,'1','true',null,'Christian','van','-',null,'Verhaar',null);
INSERT INTO kern.his_persnaamgebruik (id,pers,tsreg,tsverval,actieinh,actieverval,naamgebruik,indnaamgebruikafgeleid,predicaatnaamgebruik,voornamennaamgebruik,voorvoegselnaamgebruik,scheidingstekennaamgebruik,adellijketitelnaamgebruik,geslnaamstamnaamgebruik,nadereaandverval) VALUES('17024','17024','19770401',null,'17024',null,'1','true',null,'Anja','de','-',null,'Klaassen',null);
INSERT INTO kern.his_persnaamgebruik (id,pers,tsreg,tsverval,actieinh,actieverval,naamgebruik,indnaamgebruikafgeleid,predicaatnaamgebruik,voornamennaamgebruik,voorvoegselnaamgebruik,scheidingstekennaamgebruik,adellijketitelnaamgebruik,geslnaamstamnaamgebruik,nadereaandverval) VALUES('17025','17025','19880611',null,'17025',null,'1','true',null,'Karel',null,'-',null,'Valstar',null);
INSERT INTO kern.his_persnaamgebruik (id,pers,tsreg,tsverval,actieinh,actieverval,naamgebruik,indnaamgebruikafgeleid,predicaatnaamgebruik,voornamennaamgebruik,voorvoegselnaamgebruik,scheidingstekennaamgebruik,adellijketitelnaamgebruik,geslnaamstamnaamgebruik,nadereaandverval) VALUES('17026','17026','19910721',null,'17026',null,'1','true',null,'Helen','ter','-',null,'Botje',null);
INSERT INTO kern.his_persnaamgebruik (id,pers,tsreg,tsverval,actieinh,actieverval,naamgebruik,indnaamgebruikafgeleid,predicaatnaamgebruik,voornamennaamgebruik,voorvoegselnaamgebruik,scheidingstekennaamgebruik,adellijketitelnaamgebruik,geslnaamstamnaamgebruik,nadereaandverval) VALUES('17027','17027','19910911',null,'17027',null,'1','true',null,'Sander',null,'-',null,'Karlson',null);
INSERT INTO kern.his_persnaamgebruik (id,pers,tsreg,tsverval,actieinh,actieverval,naamgebruik,indnaamgebruikafgeleid,predicaatnaamgebruik,voornamennaamgebruik,voorvoegselnaamgebruik,scheidingstekennaamgebruik,adellijketitelnaamgebruik,geslnaamstamnaamgebruik,nadereaandverval) VALUES('17028','17028','19900722',null,'17028',null,'1','true',null,'Violet','van','-',null,'Hoog',null);
INSERT INTO kern.his_persnaamgebruik (id,pers,tsreg,tsverval,actieinh,actieverval,naamgebruik,indnaamgebruikafgeleid,predicaatnaamgebruik,voornamennaamgebruik,voorvoegselnaamgebruik,scheidingstekennaamgebruik,adellijketitelnaamgebruik,geslnaamstamnaamgebruik,nadereaandverval) VALUES('17029','17029','19200430',null,'17029',null,'1','true',null,'Violet',null,'-',null,'Karlson',null);
INSERT INTO kern.his_persnaamgebruik (id,pers,tsreg,tsverval,actieinh,actieverval,naamgebruik,indnaamgebruikafgeleid,predicaatnaamgebruik,voornamennaamgebruik,voorvoegselnaamgebruik,scheidingstekennaamgebruik,adellijketitelnaamgebruik,geslnaamstamnaamgebruik,nadereaandverval) VALUES('17030','17030','19220419',null,'17030',null,'1','true',null,'Tanja','de','-',null,'Vlonder',null);
INSERT INTO kern.his_persnaamgebruik (id,pers,tsreg,tsverval,actieinh,actieverval,naamgebruik,indnaamgebruikafgeleid,predicaatnaamgebruik,voornamennaamgebruik,voorvoegselnaamgebruik,scheidingstekennaamgebruik,adellijketitelnaamgebruik,geslnaamstamnaamgebruik,nadereaandverval) VALUES('17031','17031','19920219',null,'17031',null,'1','true',null,'Berend','de','-',null,'Zatte',null);
INSERT INTO kern.his_persnaamgebruik (id,pers,tsreg,tsverval,actieinh,actieverval,naamgebruik,indnaamgebruikafgeleid,predicaatnaamgebruik,voornamennaamgebruik,voorvoegselnaamgebruik,scheidingstekennaamgebruik,adellijketitelnaamgebruik,geslnaamstamnaamgebruik,nadereaandverval) VALUES('17032','17032','19510923',null,'17032',null,'1','true',null,'Mike',null,'-',null,'Stuurman',null);
INSERT INTO kern.his_persnaamgebruik (id,pers,tsreg,tsverval,actieinh,actieverval,naamgebruik,indnaamgebruikafgeleid,predicaatnaamgebruik,voornamennaamgebruik,voorvoegselnaamgebruik,scheidingstekennaamgebruik,adellijketitelnaamgebruik,geslnaamstamnaamgebruik,nadereaandverval) VALUES('17033','17033','19531116',null,'17033',null,'1','true',null,'Sanne','de','-',null,'Vriend',null);
INSERT INTO kern.his_persnaamgebruik (id,pers,tsreg,tsverval,actieinh,actieverval,naamgebruik,indnaamgebruikafgeleid,predicaatnaamgebruik,voornamennaamgebruik,voorvoegselnaamgebruik,scheidingstekennaamgebruik,adellijketitelnaamgebruik,geslnaamstamnaamgebruik,nadereaandverval) VALUES('17034','17034','19390402',null,'17034',null,'1','true',null,'Josje','de','-',null,'Renner',null);
INSERT INTO kern.his_persnaamgebruik (id,pers,tsreg,tsverval,actieinh,actieverval,naamgebruik,indnaamgebruikafgeleid,predicaatnaamgebruik,voornamennaamgebruik,voorvoegselnaamgebruik,scheidingstekennaamgebruik,adellijketitelnaamgebruik,geslnaamstamnaamgebruik,nadereaandverval) VALUES('17035','17035','19841203',null,'17035',null,'1','true',null,'Anna','de','-',null,'Muurbloem',null);
INSERT INTO kern.his_persnaamgebruik (id,pers,tsreg,tsverval,actieinh,actieverval,naamgebruik,indnaamgebruikafgeleid,predicaatnaamgebruik,voornamennaamgebruik,voorvoegselnaamgebruik,scheidingstekennaamgebruik,adellijketitelnaamgebruik,geslnaamstamnaamgebruik,nadereaandverval) VALUES('17036','17036','19851011',null,'17036',null,'1','true',null,'Gerard',null,'-',null,'Appelo',null);
INSERT INTO kern.his_persnaamgebruik (id,pers,tsreg,tsverval,actieinh,actieverval,naamgebruik,indnaamgebruikafgeleid,predicaatnaamgebruik,voornamennaamgebruik,voorvoegselnaamgebruik,scheidingstekennaamgebruik,adellijketitelnaamgebruik,geslnaamstamnaamgebruik,nadereaandverval) VALUES('17037','17037','20050112',null,'17037',null,'1','true',null,'Albert',null,'-',null,'Appel',null);
INSERT INTO kern.his_persnaamgebruik (id,pers,tsreg,tsverval,actieinh,actieverval,naamgebruik,indnaamgebruikafgeleid,predicaatnaamgebruik,voornamennaamgebruik,voorvoegselnaamgebruik,scheidingstekennaamgebruik,adellijketitelnaamgebruik,geslnaamstamnaamgebruik,nadereaandverval) VALUES('17038','17038','20051201',null,'17038',null,'1','true',null,'Marijke','ter','-',null,'Aar',null);
INSERT INTO kern.his_persnaamgebruik (id,pers,tsreg,tsverval,actieinh,actieverval,naamgebruik,indnaamgebruikafgeleid,predicaatnaamgebruik,voornamennaamgebruik,voorvoegselnaamgebruik,scheidingstekennaamgebruik,adellijketitelnaamgebruik,geslnaamstamnaamgebruik,nadereaandverval) VALUES('17039','17039','20050112',null,'17039',null,'1','true',null,'Geerte','in het','-',null,'Veld',null);
INSERT INTO kern.his_persnaamgebruik (id,pers,tsreg,tsverval,actieinh,actieverval,naamgebruik,indnaamgebruikafgeleid,predicaatnaamgebruik,voornamennaamgebruik,voorvoegselnaamgebruik,scheidingstekennaamgebruik,adellijketitelnaamgebruik,geslnaamstamnaamgebruik,nadereaandverval) VALUES('17040','17040','20051201',null,'17040',null,'1','true',null,'Gert','van','-',null,'Penderloo',null);
INSERT INTO kern.his_persnaamgebruik (id,pers,tsreg,tsverval,actieinh,actieverval,naamgebruik,indnaamgebruikafgeleid,predicaatnaamgebruik,voornamennaamgebruik,voorvoegselnaamgebruik,scheidingstekennaamgebruik,adellijketitelnaamgebruik,geslnaamstamnaamgebruik,nadereaandverval) VALUES('17041','17041','19680809',null,'17041',null,'1','true',null,'Gijs','de','-',null,'Bakker',null);
INSERT INTO kern.his_persnaamgebruik (id,pers,tsreg,tsverval,actieinh,actieverval,naamgebruik,indnaamgebruikafgeleid,predicaatnaamgebruik,voornamennaamgebruik,voorvoegselnaamgebruik,scheidingstekennaamgebruik,adellijketitelnaamgebruik,geslnaamstamnaamgebruik,nadereaandverval) VALUES('17042','17042','19580921',null,'17042',null,'1','true',null,'Guido',null,'-',null,'Karlson',null);
INSERT INTO kern.his_persnaamgebruik (id,pers,tsreg,tsverval,actieinh,actieverval,naamgebruik,indnaamgebruikafgeleid,predicaatnaamgebruik,voornamennaamgebruik,voorvoegselnaamgebruik,scheidingstekennaamgebruik,adellijketitelnaamgebruik,geslnaamstamnaamgebruik,nadereaandverval) VALUES('17043','17043','19951004',null,'17043',null,'1','true',null,'Annemieke','ter','-',null,'Nater',null);
INSERT INTO kern.his_persnaamgebruik (id,pers,tsreg,tsverval,actieinh,actieverval,naamgebruik,indnaamgebruikafgeleid,predicaatnaamgebruik,voornamennaamgebruik,voorvoegselnaamgebruik,scheidingstekennaamgebruik,adellijketitelnaamgebruik,geslnaamstamnaamgebruik,nadereaandverval) VALUES('17044','17044','20051201',null,'17044',null,'1','true',null,'Maarten','van','-',null,'Hoog',null);
INSERT INTO kern.his_persnaamgebruik (id,pers,tsreg,tsverval,actieinh,actieverval,naamgebruik,indnaamgebruikafgeleid,predicaatnaamgebruik,voornamennaamgebruik,voorvoegselnaamgebruik,scheidingstekennaamgebruik,adellijketitelnaamgebruik,geslnaamstamnaamgebruik,nadereaandverval) VALUES('17045','17045','20050112',null,'17045',null,'1','true',null,'Marion','de','-',null,'Hoop',null);

commit;


--------------------------------------------------
--- EIND
--- Sheet: (his_persnaamgebruik)
--- Handler: SheetHandlerImplSimpleInsert
--- Aantal: (46)
--------------------------------------------------
--------------------------------------------------
--- START
--- Sheet: (his_persgeboorte)
--- Handler: SheetHandlerImplSimpleInsert
--------------------------------------------------

begin;

INSERT INTO kern.his_persgeboorte (id,pers,tsreg,tsverval,actieinh,actieverval,datgeboorte,gemgeboorte,wplnaamgeboorte,blplaatsgeboorte,blregiogeboorte,landgebiedgeboorte,omslocgeboorte,nadereaandverval) VALUES('17001','17001','19811002',null,'17001',null,'19811002','522','Honselersdijk',null,null,'229','omschrijving geboorte locatie Cees',null);
INSERT INTO kern.his_persgeboorte (id,pers,tsreg,tsverval,actieinh,actieverval,datgeboorte,gemgeboorte,wplnaamgeboorte,blplaatsgeboorte,blregiogeboorte,landgebiedgeboorte,omslocgeboorte,nadereaandverval) VALUES('17002','17002','19820528',null,'17002',null,'19820528','522','Honselersdijk',null,null,'229',null,null);
INSERT INTO kern.his_persgeboorte (id,pers,tsreg,tsverval,actieinh,actieverval,datgeboorte,gemgeboorte,wplnaamgeboorte,blplaatsgeboorte,blregiogeboorte,landgebiedgeboorte,omslocgeboorte,nadereaandverval) VALUES('17003','17003','19660302',null,'17003',null,'19660302','522','Honselersdijk',null,null,'229',null,null);
INSERT INTO kern.his_persgeboorte (id,pers,tsreg,tsverval,actieinh,actieverval,datgeboorte,gemgeboorte,wplnaamgeboorte,blplaatsgeboorte,blregiogeboorte,landgebiedgeboorte,omslocgeboorte,nadereaandverval) VALUES('17004','17004','19691227',null,'17004',null,'19691227','950','Reijmerstok',null,null,'229',null,null);
INSERT INTO kern.his_persgeboorte (id,pers,tsreg,tsverval,actieinh,actieverval,datgeboorte,gemgeboorte,wplnaamgeboorte,blplaatsgeboorte,blregiogeboorte,landgebiedgeboorte,omslocgeboorte,nadereaandverval) VALUES('17005','17005','19710717',null,'17005',null,'19710717','348','Reijmerstok',null,null,'229',null,null);
INSERT INTO kern.his_persgeboorte (id,pers,tsreg,tsverval,actieinh,actieverval,datgeboorte,gemgeboorte,wplnaamgeboorte,blplaatsgeboorte,blregiogeboorte,landgebiedgeboorte,omslocgeboorte,nadereaandverval) VALUES('17006','17006','19720928',null,'17006',null,'19720928','522','Honselersdijk',null,null,'229',null,null);
INSERT INTO kern.his_persgeboorte (id,pers,tsreg,tsverval,actieinh,actieverval,datgeboorte,gemgeboorte,wplnaamgeboorte,blplaatsgeboorte,blregiogeboorte,landgebiedgeboorte,omslocgeboorte,nadereaandverval) VALUES('17007','17007','19800616',null,'17007',null,'19800616','603','Reijmerstok',null,null,'229',null,null);
INSERT INTO kern.his_persgeboorte (id,pers,tsreg,tsverval,actieinh,actieverval,datgeboorte,gemgeboorte,wplnaamgeboorte,blplaatsgeboorte,blregiogeboorte,landgebiedgeboorte,omslocgeboorte,nadereaandverval) VALUES('17008','17008','19810418',null,'17008',null,'19810418','974','Reijmerstok',null,null,'229',null,null);
INSERT INTO kern.his_persgeboorte (id,pers,tsreg,tsverval,actieinh,actieverval,datgeboorte,gemgeboorte,wplnaamgeboorte,blplaatsgeboorte,blregiogeboorte,landgebiedgeboorte,omslocgeboorte,nadereaandverval) VALUES('17009','17009','19940101',null,'17009',null,'19940101','348','Reijmerstok',null,null,'229',null,null);
INSERT INTO kern.his_persgeboorte (id,pers,tsreg,tsverval,actieinh,actieverval,datgeboorte,gemgeboorte,wplnaamgeboorte,blplaatsgeboorte,blregiogeboorte,landgebiedgeboorte,omslocgeboorte,nadereaandverval) VALUES('17010','17010','19691231',null,'17010',null,'19691231','776','Reijmerstok',null,null,'229',null,null);
INSERT INTO kern.his_persgeboorte (id,pers,tsreg,tsverval,actieinh,actieverval,datgeboorte,gemgeboorte,wplnaamgeboorte,blplaatsgeboorte,blregiogeboorte,landgebiedgeboorte,omslocgeboorte,nadereaandverval) VALUES('17011','17011','19690516',null,'17011',null,'19690516','397','Reijmerstok',null,null,'229',null,null);
INSERT INTO kern.his_persgeboorte (id,pers,tsreg,tsverval,actieinh,actieverval,datgeboorte,gemgeboorte,wplnaamgeboorte,blplaatsgeboorte,blregiogeboorte,landgebiedgeboorte,omslocgeboorte,nadereaandverval) VALUES('17012','17012','19771210',null,'17012',null,'19771210','397','Reijmerstok',null,null,'229',null,null);
INSERT INTO kern.his_persgeboorte (id,pers,tsreg,tsverval,actieinh,actieverval,datgeboorte,gemgeboorte,wplnaamgeboorte,blplaatsgeboorte,blregiogeboorte,landgebiedgeboorte,omslocgeboorte,nadereaandverval) VALUES('17013','17013','19550602',null,'17013',null,'19550602','396','Reijmerstok',null,null,'229',null,null);
INSERT INTO kern.his_persgeboorte (id,pers,tsreg,tsverval,actieinh,actieverval,datgeboorte,gemgeboorte,wplnaamgeboorte,blplaatsgeboorte,blregiogeboorte,landgebiedgeboorte,omslocgeboorte,nadereaandverval) VALUES('17014','17014','19780611',null,'17014',null,'19780611','251','Reijmerstok',null,null,'229',null,null);
INSERT INTO kern.his_persgeboorte (id,pers,tsreg,tsverval,actieinh,actieverval,datgeboorte,gemgeboorte,wplnaamgeboorte,blplaatsgeboorte,blregiogeboorte,landgebiedgeboorte,omslocgeboorte,nadereaandverval) VALUES('17015','17015','19880425',null,'17015',null,'19880425','522','Honselersdijk',null,null,'229',null,null);
INSERT INTO kern.his_persgeboorte (id,pers,tsreg,tsverval,actieinh,actieverval,datgeboorte,gemgeboorte,wplnaamgeboorte,blplaatsgeboorte,blregiogeboorte,landgebiedgeboorte,omslocgeboorte,nadereaandverval) VALUES('17016','17016','19881210',null,'17016',null,'19881210','1267','Reijmerstok',null,null,'229',null,null);
INSERT INTO kern.his_persgeboorte (id,pers,tsreg,tsverval,actieinh,actieverval,datgeboorte,gemgeboorte,wplnaamgeboorte,blplaatsgeboorte,blregiogeboorte,landgebiedgeboorte,omslocgeboorte,nadereaandverval) VALUES('17017','17017','19960523',null,'17017',null,'19960523','91','Wolsum',null,null,'229',null,null);
INSERT INTO kern.his_persgeboorte (id,pers,tsreg,tsverval,actieinh,actieverval,datgeboorte,gemgeboorte,wplnaamgeboorte,blplaatsgeboorte,blregiogeboorte,landgebiedgeboorte,omslocgeboorte,nadereaandverval) VALUES('17018','17018','19941005',null,'17018',null,'19941005','780','Etten-Leur',null,null,'229',null,null);
INSERT INTO kern.his_persgeboorte (id,pers,tsreg,tsverval,actieinh,actieverval,datgeboorte,gemgeboorte,wplnaamgeboorte,blplaatsgeboorte,blregiogeboorte,landgebiedgeboorte,omslocgeboorte,nadereaandverval) VALUES('17019','17019','19941005',null,'17019',null,'19941005','615','Witteveen',null,null,'229',null,null);
INSERT INTO kern.his_persgeboorte (id,pers,tsreg,tsverval,actieinh,actieverval,datgeboorte,gemgeboorte,wplnaamgeboorte,blplaatsgeboorte,blregiogeboorte,landgebiedgeboorte,omslocgeboorte,nadereaandverval) VALUES('17020','17020','19760103',null,'17020',null,'19760103','625','Vlaardingen',null,null,'229',null,null);
INSERT INTO kern.his_persgeboorte (id,pers,tsreg,tsverval,actieinh,actieverval,datgeboorte,gemgeboorte,wplnaamgeboorte,blplaatsgeboorte,blregiogeboorte,landgebiedgeboorte,omslocgeboorte,nadereaandverval) VALUES('17021','17021','19961003',null,'17021',null,'19961003','345','Soest',null,null,'229',null,null);
INSERT INTO kern.his_persgeboorte (id,pers,tsreg,tsverval,actieinh,actieverval,datgeboorte,gemgeboorte,wplnaamgeboorte,blplaatsgeboorte,blregiogeboorte,landgebiedgeboorte,omslocgeboorte,nadereaandverval) VALUES('17022','17022','19951003',null,'17022',null,'19951003','625','Vlaardingen',null,null,'229',null,null);
INSERT INTO kern.his_persgeboorte (id,pers,tsreg,tsverval,actieinh,actieverval,datgeboorte,gemgeboorte,wplnaamgeboorte,blplaatsgeboorte,blregiogeboorte,landgebiedgeboorte,omslocgeboorte,nadereaandverval) VALUES('17023','17023','19941003',null,'17023',null,'19941003','365','Hellendoorn',null,null,'229',null,null);
INSERT INTO kern.his_persgeboorte (id,pers,tsreg,tsverval,actieinh,actieverval,datgeboorte,gemgeboorte,wplnaamgeboorte,blplaatsgeboorte,blregiogeboorte,landgebiedgeboorte,omslocgeboorte,nadereaandverval) VALUES('17024','17024','19770401',null,'17024',null,'19770401','365','Hellendoorn',null,null,'229',null,null);
INSERT INTO kern.his_persgeboorte (id,pers,tsreg,tsverval,actieinh,actieverval,datgeboorte,gemgeboorte,wplnaamgeboorte,blplaatsgeboorte,blregiogeboorte,landgebiedgeboorte,omslocgeboorte,nadereaandverval) VALUES('17025','17025','19880611',null,'17025',null,'19880611','91','Wolsum',null,null,'229',null,null);
INSERT INTO kern.his_persgeboorte (id,pers,tsreg,tsverval,actieinh,actieverval,datgeboorte,gemgeboorte,wplnaamgeboorte,blplaatsgeboorte,blregiogeboorte,landgebiedgeboorte,omslocgeboorte,nadereaandverval) VALUES('17026','17026','19910721',null,'17026',null,'19910721','365','Hellendoorn',null,null,'229',null,null);
INSERT INTO kern.his_persgeboorte (id,pers,tsreg,tsverval,actieinh,actieverval,datgeboorte,gemgeboorte,wplnaamgeboorte,blplaatsgeboorte,blregiogeboorte,landgebiedgeboorte,omslocgeboorte,nadereaandverval) VALUES('17027','17027','19910911',null,'17027',null,'19910911','625','Vlaardingen',null,null,'229',null,null);
INSERT INTO kern.his_persgeboorte (id,pers,tsreg,tsverval,actieinh,actieverval,datgeboorte,gemgeboorte,wplnaamgeboorte,blplaatsgeboorte,blregiogeboorte,landgebiedgeboorte,omslocgeboorte,nadereaandverval) VALUES('17028','17028','19900722',null,'17028',null,'19900722','625','Vlaardingen',null,null,'229',null,null);
INSERT INTO kern.his_persgeboorte (id,pers,tsreg,tsverval,actieinh,actieverval,datgeboorte,gemgeboorte,wplnaamgeboorte,blplaatsgeboorte,blregiogeboorte,landgebiedgeboorte,omslocgeboorte,nadereaandverval) VALUES('17029','17029','19200430',null,'17029',null,'19200430','1239','Ouwerkerk',null,null,'229',null,null);
INSERT INTO kern.his_persgeboorte (id,pers,tsreg,tsverval,actieinh,actieverval,datgeboorte,gemgeboorte,wplnaamgeboorte,blplaatsgeboorte,blregiogeboorte,landgebiedgeboorte,omslocgeboorte,nadereaandverval) VALUES('17030','17030','19220419',null,'17030',null,'19220419','1239','Ouwerkerk',null,null,'229',null,null);
INSERT INTO kern.his_persgeboorte (id,pers,tsreg,tsverval,actieinh,actieverval,datgeboorte,gemgeboorte,wplnaamgeboorte,blplaatsgeboorte,blregiogeboorte,landgebiedgeboorte,omslocgeboorte,nadereaandverval) VALUES('17031','17031','19920219',null,'17031',null,'19920219','977','Koningsbosch',null,null,'229',null,null);
INSERT INTO kern.his_persgeboorte (id,pers,tsreg,tsverval,actieinh,actieverval,datgeboorte,gemgeboorte,wplnaamgeboorte,blplaatsgeboorte,blregiogeboorte,landgebiedgeboorte,omslocgeboorte,nadereaandverval) VALUES('17032','17032','19510923',null,'17032',null,'19510923','522','Honselersdijk',null,null,'229',null,null);
INSERT INTO kern.his_persgeboorte (id,pers,tsreg,tsverval,actieinh,actieverval,datgeboorte,gemgeboorte,wplnaamgeboorte,blplaatsgeboorte,blregiogeboorte,landgebiedgeboorte,omslocgeboorte,nadereaandverval) VALUES('17033','17033','19531116',null,'17033',null,'19531116','506','Scherpenzeel',null,null,'229',null,null);
INSERT INTO kern.his_persgeboorte (id,pers,tsreg,tsverval,actieinh,actieverval,datgeboorte,gemgeboorte,wplnaamgeboorte,blplaatsgeboorte,blregiogeboorte,landgebiedgeboorte,omslocgeboorte,nadereaandverval) VALUES('17034','17034','19390402',null,'17034',null,'19390402','403','Egmond-Binnen',null,null,'229',null,null);
INSERT INTO kern.his_persgeboorte (id,pers,tsreg,tsverval,actieinh,actieverval,datgeboorte,gemgeboorte,wplnaamgeboorte,blplaatsgeboorte,blregiogeboorte,landgebiedgeboorte,omslocgeboorte,nadereaandverval) VALUES('17035','17035','19841203',null,'17035',null,'19841203','342','Delft',null,null,'229',null,null);
INSERT INTO kern.his_persgeboorte (id,pers,tsreg,tsverval,actieinh,actieverval,datgeboorte,gemgeboorte,wplnaamgeboorte,blplaatsgeboorte,blregiogeboorte,landgebiedgeboorte,omslocgeboorte,nadereaandverval) VALUES('17036','17036','19851011',null,'17036',null,'19851011','342','Delft',null,null,'229',null,null);
INSERT INTO kern.his_persgeboorte (id,pers,tsreg,tsverval,actieinh,actieverval,datgeboorte,gemgeboorte,wplnaamgeboorte,blplaatsgeboorte,blregiogeboorte,landgebiedgeboorte,omslocgeboorte,nadereaandverval) VALUES('17037','17037','20050112',null,'17037',null,'20050112','91','Wolsum',null,null,'229',null,null);
INSERT INTO kern.his_persgeboorte (id,pers,tsreg,tsverval,actieinh,actieverval,datgeboorte,gemgeboorte,wplnaamgeboorte,blplaatsgeboorte,blregiogeboorte,landgebiedgeboorte,omslocgeboorte,nadereaandverval) VALUES('17038','17038','20051201',null,'17038',null,'20051201','96','Twello',null,null,'229',null,null);
INSERT INTO kern.his_persgeboorte (id,pers,tsreg,tsverval,actieinh,actieverval,datgeboorte,gemgeboorte,wplnaamgeboorte,blplaatsgeboorte,blregiogeboorte,landgebiedgeboorte,omslocgeboorte,nadereaandverval) VALUES('17039','17039','20050112',null,'17039',null,'20050112','63','Zevenbergschen Hoek',null,null,'229',null,null);
INSERT INTO kern.his_persgeboorte (id,pers,tsreg,tsverval,actieinh,actieverval,datgeboorte,gemgeboorte,wplnaamgeboorte,blplaatsgeboorte,blregiogeboorte,landgebiedgeboorte,omslocgeboorte,nadereaandverval) VALUES('17040','17040','20051201',null,'17040',null,'20051201','99','Tuitjenhorn',null,null,'229',null,null);
INSERT INTO kern.his_persgeboorte (id,pers,tsreg,tsverval,actieinh,actieverval,datgeboorte,gemgeboorte,wplnaamgeboorte,blplaatsgeboorte,blregiogeboorte,landgebiedgeboorte,omslocgeboorte,nadereaandverval) VALUES('17041','17041','19680809',null,'17041',null,'19680809','99','Tuitjenhorn',null,null,'229',null,null);
INSERT INTO kern.his_persgeboorte (id,pers,tsreg,tsverval,actieinh,actieverval,datgeboorte,gemgeboorte,wplnaamgeboorte,blplaatsgeboorte,blregiogeboorte,landgebiedgeboorte,omslocgeboorte,nadereaandverval) VALUES('17042','17042','19580921',null,'17042',null,'19580921','91','Wolsum',null,null,'229',null,null);
INSERT INTO kern.his_persgeboorte (id,pers,tsreg,tsverval,actieinh,actieverval,datgeboorte,gemgeboorte,wplnaamgeboorte,blplaatsgeboorte,blregiogeboorte,landgebiedgeboorte,omslocgeboorte,nadereaandverval) VALUES('17043','17043','19951004',null,'17043',null,'19951004','91','Wolsum',null,null,'229',null,null);
INSERT INTO kern.his_persgeboorte (id,pers,tsreg,tsverval,actieinh,actieverval,datgeboorte,gemgeboorte,wplnaamgeboorte,blplaatsgeboorte,blregiogeboorte,landgebiedgeboorte,omslocgeboorte,nadereaandverval) VALUES('17044','17044','20051201',null,'17044',null,'20051201','365','Hellendoorn',null,null,'229',null,null);
INSERT INTO kern.his_persgeboorte (id,pers,tsreg,tsverval,actieinh,actieverval,datgeboorte,gemgeboorte,wplnaamgeboorte,blplaatsgeboorte,blregiogeboorte,landgebiedgeboorte,omslocgeboorte,nadereaandverval) VALUES('17045','17045','20050112',null,'17045',null,'20050112','365','Hellendoorn',null,null,'229',null,null);

commit;


--------------------------------------------------
--- EIND
--- Sheet: (his_persgeboorte)
--- Handler: SheetHandlerImplSimpleInsert
--- Aantal: (46)
--------------------------------------------------
--------------------------------------------------
--- START
--- Sheet: (his_persoverlijden)
--- Handler: SheetHandlerImplSimpleInsert
--------------------------------------------------

begin;

INSERT INTO kern.his_persoverlijden (id,pers,tsreg,tsverval,actieinh,actieverval,datoverlijden,gemoverlijden,wplnaamoverlijden,blplaatsoverlijden,blregiooverlijden,landgebiedoverlijden,omslocoverlijden,nadereaandverval) VALUES('17001','17014','20111111',null,'17506',null,'20111111','397','Vlodrop',null,null,'229',null,null);
INSERT INTO kern.his_persoverlijden (id,pers,tsreg,tsverval,actieinh,actieverval,datoverlijden,gemoverlijden,wplnaamoverlijden,blplaatsoverlijden,blregiooverlijden,landgebiedoverlijden,omslocoverlijden,nadereaandverval) VALUES('17002','17002','20120103','20120105','17641','17642','20120103','397','Vlodrop',null,null,'229',null,null);
INSERT INTO kern.his_persoverlijden (id,pers,tsreg,tsverval,actieinh,actieverval,datoverlijden,gemoverlijden,wplnaamoverlijden,blplaatsoverlijden,blregiooverlijden,landgebiedoverlijden,omslocoverlijden,nadereaandverval) VALUES('17003','17003','20120103','20120105','17643','17644','20120103','397','Vlodrop',null,null,'229',null,null);
INSERT INTO kern.his_persoverlijden (id,pers,tsreg,tsverval,actieinh,actieverval,datoverlijden,gemoverlijden,wplnaamoverlijden,blplaatsoverlijden,blregiooverlijden,landgebiedoverlijden,omslocoverlijden,nadereaandverval) VALUES('17004','17003','20120605',null,'17645',null,'20120605','397','Vlodrop',null,null,'229',null,null);

commit;


--------------------------------------------------
--- EIND
--- Sheet: (his_persoverlijden)
--- Handler: SheetHandlerImplSimpleInsert
--- Aantal: (5)
--------------------------------------------------
--------------------------------------------------
--- Sheet: (13) (update statement pers tabel) wordt overgeslagen
--------------------------------------------------
--------------------------------------------------
--- START
--- Sheet: (persadres)
--- Handler: SheetHandlerImplSimpleInsert
--------------------------------------------------

begin;

INSERT INTO kern.persadres (id,pers,srt,rdnwijz,aangadresh,dataanvadresh,identcodeadresseerbaarobject,identcodenraand,gem,nor,afgekortenor,gemdeel,huisnr,huisletter,huisnrtoevoeging,postcode,wplnaam,loctenopzichtevanadres,locoms,bladresregel1,bladresregel2,bladresregel3,bladresregel4,bladresregel5,bladresregel6,landgebied,indpersaangetroffenopadres) VALUES('17001','17001','1','1','7','20050328',null,null,'347','Vredenburg','Vredenburg',null,'3',null,null,'3511BA','Smalle Ee',null,null,null,null,null,null,null,null,'229',null);
INSERT INTO kern.persadres (id,pers,srt,rdnwijz,aangadresh,dataanvadresh,identcodeadresseerbaarobject,identcodenraand,gem,nor,afgekortenor,gemdeel,huisnr,huisletter,huisnrtoevoeging,postcode,wplnaam,loctenopzichtevanadres,locoms,bladresregel1,bladresregel2,bladresregel3,bladresregel4,bladresregel5,bladresregel6,landgebied,indpersaangetroffenopadres) VALUES('17002','17002','1','1','3','20050328',null,null,'347','Vredenburg','Vredenburg',null,'3',null,null,'3511BA','Smalle Ee',null,null,null,null,null,null,null,null,'229',null);
INSERT INTO kern.persadres (id,pers,srt,rdnwijz,aangadresh,dataanvadresh,identcodeadresseerbaarobject,identcodenraand,gem,nor,afgekortenor,gemdeel,huisnr,huisletter,huisnrtoevoeging,postcode,wplnaam,loctenopzichtevanadres,locoms,bladresregel1,bladresregel2,bladresregel3,bladresregel4,bladresregel5,bladresregel6,landgebied,indpersaangetroffenopadres) VALUES('17003','17003','1','1','3','19901201',null,null,'347','Neude','Neude',null,'11',null,null,'3512AE','Smalle Ee',null,null,null,null,null,null,null,null,'229',null);
INSERT INTO kern.persadres (id,pers,srt,rdnwijz,aangadresh,dataanvadresh,identcodeadresseerbaarobject,identcodenraand,gem,nor,afgekortenor,gemdeel,huisnr,huisletter,huisnrtoevoeging,postcode,wplnaam,loctenopzichtevanadres,locoms,bladresregel1,bladresregel2,bladresregel3,bladresregel4,bladresregel5,bladresregel6,landgebied,indpersaangetroffenopadres) VALUES('17004','17004','1','1','7','19901201',null,null,'347','Neude','Neude',null,'13',null,null,'3512AE','Smalle Ee',null,null,null,null,null,null,null,null,'229',null);
INSERT INTO kern.persadres (id,pers,srt,rdnwijz,aangadresh,dataanvadresh,identcodeadresseerbaarobject,identcodenraand,gem,nor,afgekortenor,gemdeel,huisnr,huisletter,huisnrtoevoeging,postcode,wplnaam,loctenopzichtevanadres,locoms,bladresregel1,bladresregel2,bladresregel3,bladresregel4,bladresregel5,bladresregel6,landgebied,indpersaangetroffenopadres) VALUES('17005','17005','1','1','3','19981201',null,null,'347','Biltstraat','Biltstraat',null,'5',null,null,'3572AA','Smalle Ee',null,null,null,null,null,null,null,null,'229',null);
INSERT INTO kern.persadres (id,pers,srt,rdnwijz,aangadresh,dataanvadresh,identcodeadresseerbaarobject,identcodenraand,gem,nor,afgekortenor,gemdeel,huisnr,huisletter,huisnrtoevoeging,postcode,wplnaam,loctenopzichtevanadres,locoms,bladresregel1,bladresregel2,bladresregel3,bladresregel4,bladresregel5,bladresregel6,landgebied,indpersaangetroffenopadres) VALUES('17006','17006','1','1','7','19981201',null,null,'347','Biltstraat','Biltstraat',null,'5',null,null,'3572AA','Smalle Ee',null,null,null,null,null,null,null,null,'229',null);
INSERT INTO kern.persadres (id,pers,srt,rdnwijz,aangadresh,dataanvadresh,identcodeadresseerbaarobject,identcodenraand,gem,nor,afgekortenor,gemdeel,huisnr,huisletter,huisnrtoevoeging,postcode,wplnaam,loctenopzichtevanadres,locoms,bladresregel1,bladresregel2,bladresregel3,bladresregel4,bladresregel5,bladresregel6,landgebied,indpersaangetroffenopadres) VALUES('17007','17007','1','1','7','20110205',null,null,'347','Vredenburg','Vredenburg',null,'22',null,null,'3511BB','Smalle Ee',null,null,null,null,null,null,null,null,'229',null);
INSERT INTO kern.persadres (id,pers,srt,rdnwijz,aangadresh,dataanvadresh,identcodeadresseerbaarobject,identcodenraand,gem,nor,afgekortenor,gemdeel,huisnr,huisletter,huisnrtoevoeging,postcode,wplnaam,loctenopzichtevanadres,locoms,bladresregel1,bladresregel2,bladresregel3,bladresregel4,bladresregel5,bladresregel6,landgebied,indpersaangetroffenopadres) VALUES('17008','17008','1','1','3','20110205',null,null,'347','Vredenburg','Vredenburg',null,'22',null,null,'3511BB','Smalle Ee',null,null,null,null,null,null,null,null,'229',null);
INSERT INTO kern.persadres (id,pers,srt,rdnwijz,aangadresh,dataanvadresh,identcodeadresseerbaarobject,identcodenraand,gem,nor,afgekortenor,gemdeel,huisnr,huisletter,huisnrtoevoeging,postcode,wplnaam,loctenopzichtevanadres,locoms,bladresregel1,bladresregel2,bladresregel3,bladresregel4,bladresregel5,bladresregel6,landgebied,indpersaangetroffenopadres) VALUES('17009','17009','1','1','6','20110205',null,null,'347','Vredenburg','Vredenburg',null,'22',null,null,'3511BB','Smalle Ee',null,null,null,null,null,null,null,null,'229',null);
INSERT INTO kern.persadres (id,pers,srt,rdnwijz,aangadresh,dataanvadresh,identcodeadresseerbaarobject,identcodenraand,gem,nor,afgekortenor,gemdeel,huisnr,huisletter,huisnrtoevoeging,postcode,wplnaam,loctenopzichtevanadres,locoms,bladresregel1,bladresregel2,bladresregel3,bladresregel4,bladresregel5,bladresregel6,landgebied,indpersaangetroffenopadres) VALUES('17010','17010','1','1','3','20090928',null,null,'347','Neude','Neude',null,'17',null,null,'3512AE','Smalle Ee',null,null,null,null,null,null,null,null,'229',null);
INSERT INTO kern.persadres (id,pers,srt,rdnwijz,aangadresh,dataanvadresh,identcodeadresseerbaarobject,identcodenraand,gem,nor,afgekortenor,gemdeel,huisnr,huisletter,huisnrtoevoeging,postcode,wplnaam,loctenopzichtevanadres,locoms,bladresregel1,bladresregel2,bladresregel3,bladresregel4,bladresregel5,bladresregel6,landgebied,indpersaangetroffenopadres) VALUES('17011','17011','1','1','7','20090928',null,null,'347','Neude','Neude',null,'17',null,null,'3512AE','Smalle Ee',null,null,null,null,null,null,null,null,'229',null);
INSERT INTO kern.persadres (id,pers,srt,rdnwijz,aangadresh,dataanvadresh,identcodeadresseerbaarobject,identcodenraand,gem,nor,afgekortenor,gemdeel,huisnr,huisletter,huisnrtoevoeging,postcode,wplnaam,loctenopzichtevanadres,locoms,bladresregel1,bladresregel2,bladresregel3,bladresregel4,bladresregel5,bladresregel6,landgebied,indpersaangetroffenopadres) VALUES('17012','17012','1','1','3','20000228',null,null,'347','Biltstraat','Biltstraat',null,'7',null,null,'3572AA','Smalle Ee',null,null,null,null,null,null,null,null,'229',null);
INSERT INTO kern.persadres (id,pers,srt,rdnwijz,aangadresh,dataanvadresh,identcodeadresseerbaarobject,identcodenraand,gem,nor,afgekortenor,gemdeel,huisnr,huisletter,huisnrtoevoeging,postcode,wplnaam,loctenopzichtevanadres,locoms,bladresregel1,bladresregel2,bladresregel3,bladresregel4,bladresregel5,bladresregel6,landgebied,indpersaangetroffenopadres) VALUES('17013','17013','1','1','3','19920508',null,null,'347','Vredenburg','Vredenburg',null,'27',null,null,'3511BC','Smalle Ee',null,null,null,null,null,null,null,null,'229',null);
INSERT INTO kern.persadres (id,pers,srt,rdnwijz,aangadresh,dataanvadresh,identcodeadresseerbaarobject,identcodenraand,gem,nor,afgekortenor,gemdeel,huisnr,huisletter,huisnrtoevoeging,postcode,wplnaam,loctenopzichtevanadres,locoms,bladresregel1,bladresregel2,bladresregel3,bladresregel4,bladresregel5,bladresregel6,landgebied,indpersaangetroffenopadres) VALUES('17014','17014','1','2',null,'19780611',null,null,'347','Neude','Neude',null,'19',null,null,'3512AD','Smalle Ee',null,null,null,null,null,null,null,null,'229',null);
INSERT INTO kern.persadres (id,pers,srt,rdnwijz,aangadresh,dataanvadresh,identcodeadresseerbaarobject,identcodenraand,gem,nor,afgekortenor,gemdeel,huisnr,huisletter,huisnrtoevoeging,postcode,wplnaam,loctenopzichtevanadres,locoms,bladresregel1,bladresregel2,bladresregel3,bladresregel4,bladresregel5,bladresregel6,landgebied,indpersaangetroffenopadres) VALUES('17015','17015','1','1','3','20110425',null,null,'347','Vredenburg','Vredenburg',null,'3',null,null,'3511BA','Smalle Ee',null,null,null,null,null,null,null,null,'229',null);
INSERT INTO kern.persadres (id,pers,srt,rdnwijz,aangadresh,dataanvadresh,identcodeadresseerbaarobject,identcodenraand,gem,nor,afgekortenor,gemdeel,huisnr,huisletter,huisnrtoevoeging,postcode,wplnaam,loctenopzichtevanadres,locoms,bladresregel1,bladresregel2,bladresregel3,bladresregel4,bladresregel5,bladresregel6,landgebied,indpersaangetroffenopadres) VALUES('17016','17016','1','1','3','20100626',null,null,'347','Biltstraat','Biltstraat',null,'5',null,null,'3572AA','Smalle Ee',null,null,null,null,null,null,null,null,'229',null);
INSERT INTO kern.persadres (id,pers,srt,rdnwijz,aangadresh,dataanvadresh,identcodeadresseerbaarobject,identcodenraand,gem,nor,afgekortenor,gemdeel,huisnr,huisletter,huisnrtoevoeging,postcode,wplnaam,loctenopzichtevanadres,locoms,bladresregel1,bladresregel2,bladresregel3,bladresregel4,bladresregel5,bladresregel6,landgebied,indpersaangetroffenopadres) VALUES('17017','17017','1','1','3','20030327',null,null,'347','Biltstraat','Biltstraat',null,'152',null,null,'3572BM','Smalle Ee',null,null,null,null,null,null,null,null,'229',null);
INSERT INTO kern.persadres (id,pers,srt,rdnwijz,aangadresh,dataanvadresh,identcodeadresseerbaarobject,identcodenraand,gem,nor,afgekortenor,gemdeel,huisnr,huisletter,huisnrtoevoeging,postcode,wplnaam,loctenopzichtevanadres,locoms,bladresregel1,bladresregel2,bladresregel3,bladresregel4,bladresregel5,bladresregel6,landgebied,indpersaangetroffenopadres) VALUES('17018','17018','1','1','3','19911002',null,null,'347','Biltstraat','Biltstraat',null,'152',null,null,'3572BM','Smalle Ee',null,null,null,null,null,null,null,null,'229',null);
INSERT INTO kern.persadres (id,pers,srt,rdnwijz,aangadresh,dataanvadresh,identcodeadresseerbaarobject,identcodenraand,gem,nor,afgekortenor,gemdeel,huisnr,huisletter,huisnrtoevoeging,postcode,wplnaam,loctenopzichtevanadres,locoms,bladresregel1,bladresregel2,bladresregel3,bladresregel4,bladresregel5,bladresregel6,landgebied,indpersaangetroffenopadres) VALUES('17019','17019','1','1','3','19901111',null,null,'347','Biltstraat','Biltstraat',null,'172',null,null,'3572BP','Smalle Ee',null,null,null,null,null,null,null,null,'229',null);
INSERT INTO kern.persadres (id,pers,srt,rdnwijz,aangadresh,dataanvadresh,identcodeadresseerbaarobject,identcodenraand,gem,nor,afgekortenor,gemdeel,huisnr,huisletter,huisnrtoevoeging,postcode,wplnaam,loctenopzichtevanadres,locoms,bladresregel1,bladresregel2,bladresregel3,bladresregel4,bladresregel5,bladresregel6,landgebied,indpersaangetroffenopadres) VALUES('17020','17020','1','1','3','19820528',null,null,'347','Biltstraat','Biltstraat',null,'172',null,null,'3572BP','Smalle Ee',null,null,null,null,null,null,null,null,'229',null);
INSERT INTO kern.persadres (id,pers,srt,rdnwijz,aangadresh,dataanvadresh,identcodeadresseerbaarobject,identcodenraand,gem,nor,afgekortenor,gemdeel,huisnr,huisletter,huisnrtoevoeging,postcode,wplnaam,loctenopzichtevanadres,locoms,bladresregel1,bladresregel2,bladresregel3,bladresregel4,bladresregel5,bladresregel6,landgebied,indpersaangetroffenopadres) VALUES('17021','17021','1','1','3','20010328',null,null,'347','Vredenburg ','Vredenburg ',null,'81',null,null,'3511BD','Smalle Ee',null,null,null,null,null,null,null,null,'229',null);
INSERT INTO kern.persadres (id,pers,srt,rdnwijz,aangadresh,dataanvadresh,identcodeadresseerbaarobject,identcodenraand,gem,nor,afgekortenor,gemdeel,huisnr,huisletter,huisnrtoevoeging,postcode,wplnaam,loctenopzichtevanadres,locoms,bladresregel1,bladresregel2,bladresregel3,bladresregel4,bladresregel5,bladresregel6,landgebied,indpersaangetroffenopadres) VALUES('17022','17022','1','1','3','20101002',null,null,'347','Biltstraat','Biltstraat',null,'119',null,null,'3572AP','Smalle Ee',null,null,null,null,null,null,null,null,'229',null);
INSERT INTO kern.persadres (id,pers,srt,rdnwijz,aangadresh,dataanvadresh,identcodeadresseerbaarobject,identcodenraand,gem,nor,afgekortenor,gemdeel,huisnr,huisletter,huisnrtoevoeging,postcode,wplnaam,loctenopzichtevanadres,locoms,bladresregel1,bladresregel2,bladresregel3,bladresregel4,bladresregel5,bladresregel6,landgebied,indpersaangetroffenopadres) VALUES('17023','17023','1','1','3','19970605',null,null,'347','Vredenburg ','Vredenburg ',null,'83',null,null,'3511BD','Smalle Ee',null,null,null,null,null,null,null,null,'229',null);
INSERT INTO kern.persadres (id,pers,srt,rdnwijz,aangadresh,dataanvadresh,identcodeadresseerbaarobject,identcodenraand,gem,nor,afgekortenor,gemdeel,huisnr,huisletter,huisnrtoevoeging,postcode,wplnaam,loctenopzichtevanadres,locoms,bladresregel1,bladresregel2,bladresregel3,bladresregel4,bladresregel5,bladresregel6,landgebied,indpersaangetroffenopadres) VALUES('17024','17024','1','1','3','19790928',null,null,'347','Biltstraat','Biltstraat',null,'121',null,null,'3572AP','Smalle Ee',null,null,null,null,null,null,null,null,'229',null);
INSERT INTO kern.persadres (id,pers,srt,rdnwijz,aangadresh,dataanvadresh,identcodeadresseerbaarobject,identcodenraand,gem,nor,afgekortenor,gemdeel,huisnr,huisletter,huisnrtoevoeging,postcode,wplnaam,loctenopzichtevanadres,locoms,bladresregel1,bladresregel2,bladresregel3,bladresregel4,bladresregel5,bladresregel6,landgebied,indpersaangetroffenopadres) VALUES('17025','17025','1','1','3','19950929',null,null,'347','Vredenburg ','Vredenburg ',null,'42',null,null,'3511BD','Smalle Ee',null,null,null,null,null,null,null,null,'229',null);
INSERT INTO kern.persadres (id,pers,srt,rdnwijz,aangadresh,dataanvadresh,identcodeadresseerbaarobject,identcodenraand,gem,nor,afgekortenor,gemdeel,huisnr,huisletter,huisnrtoevoeging,postcode,wplnaam,loctenopzichtevanadres,locoms,bladresregel1,bladresregel2,bladresregel3,bladresregel4,bladresregel5,bladresregel6,landgebied,indpersaangetroffenopadres) VALUES('17026','17026','1','1','3','20000101',null,null,'347','Biltstraat','Biltstraat',null,'115',null,null,'3572AP','Smalle Ee',null,null,null,null,null,null,null,null,'229',null);
INSERT INTO kern.persadres (id,pers,srt,rdnwijz,aangadresh,dataanvadresh,identcodeadresseerbaarobject,identcodenraand,gem,nor,afgekortenor,gemdeel,huisnr,huisletter,huisnrtoevoeging,postcode,wplnaam,loctenopzichtevanadres,locoms,bladresregel1,bladresregel2,bladresregel3,bladresregel4,bladresregel5,bladresregel6,landgebied,indpersaangetroffenopadres) VALUES('17027','17027','1','1','3','20031024',null,null,'347','Biltstraat','Biltstraat',null,'117',null,null,'3572AP','Smalle Ee',null,null,null,null,null,null,null,null,'229',null);
INSERT INTO kern.persadres (id,pers,srt,rdnwijz,aangadresh,dataanvadresh,identcodeadresseerbaarobject,identcodenraand,gem,nor,afgekortenor,gemdeel,huisnr,huisletter,huisnrtoevoeging,postcode,wplnaam,loctenopzichtevanadres,locoms,bladresregel1,bladresregel2,bladresregel3,bladresregel4,bladresregel5,bladresregel6,landgebied,indpersaangetroffenopadres) VALUES('17028','17028','1','1','3','19990616',null,null,'347','Biltstraat','Biltstraat',null,'117',null,null,'3572AP','Smalle Ee',null,null,null,null,null,null,null,null,'229',null);
INSERT INTO kern.persadres (id,pers,srt,rdnwijz,aangadresh,dataanvadresh,identcodeadresseerbaarobject,identcodenraand,gem,nor,afgekortenor,gemdeel,huisnr,huisletter,huisnrtoevoeging,postcode,wplnaam,loctenopzichtevanadres,locoms,bladresregel1,bladresregel2,bladresregel3,bladresregel4,bladresregel5,bladresregel6,landgebied,indpersaangetroffenopadres) VALUES('17030','17030','1','1','3','20120620',null,null,'347','Biltstraat','Biltstraat',null,'95',null,null,'3572AL','Smalle Ee',null,null,null,null,null,null,null,null,'229',null);
INSERT INTO kern.persadres (id,pers,srt,rdnwijz,aangadresh,dataanvadresh,identcodeadresseerbaarobject,identcodenraand,gem,nor,afgekortenor,gemdeel,huisnr,huisletter,huisnrtoevoeging,postcode,wplnaam,loctenopzichtevanadres,locoms,bladresregel1,bladresregel2,bladresregel3,bladresregel4,bladresregel5,bladresregel6,landgebied,indpersaangetroffenopadres) VALUES('17031','17031','1','1','3','20120306',null,null,'347','Vredenburg ','Vredenburg ',null,'114',null,null,'3511BE','Smalle Ee',null,null,null,null,null,null,null,null,'229',null);
INSERT INTO kern.persadres (id,pers,srt,rdnwijz,aangadresh,dataanvadresh,identcodeadresseerbaarobject,identcodenraand,gem,nor,afgekortenor,gemdeel,huisnr,huisletter,huisnrtoevoeging,postcode,wplnaam,loctenopzichtevanadres,locoms,bladresregel1,bladresregel2,bladresregel3,bladresregel4,bladresregel5,bladresregel6,landgebied,indpersaangetroffenopadres) VALUES('17032','17032','1','1','3','20120621',null,null,'347','Neude','Neude',null,'34',null,null,'3512AG','Smalle Ee',null,null,null,null,null,null,null,null,'229',null);
INSERT INTO kern.persadres (id,pers,srt,rdnwijz,aangadresh,dataanvadresh,identcodeadresseerbaarobject,identcodenraand,gem,nor,afgekortenor,gemdeel,huisnr,huisletter,huisnrtoevoeging,postcode,wplnaam,loctenopzichtevanadres,locoms,bladresregel1,bladresregel2,bladresregel3,bladresregel4,bladresregel5,bladresregel6,landgebied,indpersaangetroffenopadres) VALUES('17033','17033','1','1','3','20120621',null,null,'347','Neude','Neude',null,'34',null,null,'3512AG','Smalle Ee',null,null,null,null,null,null,null,null,'229',null);
INSERT INTO kern.persadres (id,pers,srt,rdnwijz,aangadresh,dataanvadresh,identcodeadresseerbaarobject,identcodenraand,gem,nor,afgekortenor,gemdeel,huisnr,huisletter,huisnrtoevoeging,postcode,wplnaam,loctenopzichtevanadres,locoms,bladresregel1,bladresregel2,bladresregel3,bladresregel4,bladresregel5,bladresregel6,landgebied,indpersaangetroffenopadres) VALUES('17034','17034','1','1','3','20090701',null,null,'347','Biltstraat','Biltstraat',null,'101',null,null,'3572AL','Smalle Ee',null,null,null,null,null,null,null,null,'229',null);
INSERT INTO kern.persadres (id,pers,srt,rdnwijz,aangadresh,dataanvadresh,identcodeadresseerbaarobject,identcodenraand,gem,nor,afgekortenor,gemdeel,huisnr,huisletter,huisnrtoevoeging,postcode,wplnaam,loctenopzichtevanadres,locoms,bladresregel1,bladresregel2,bladresregel3,bladresregel4,bladresregel5,bladresregel6,landgebied,indpersaangetroffenopadres) VALUES('17035','17035','1','1','3','20090301',null,null,'347','Vredenburg ','Vredenburg ',null,'120',null,null,'3511BE','Smalle Ee',null,null,null,null,null,null,null,null,'229',null);
INSERT INTO kern.persadres (id,pers,srt,rdnwijz,aangadresh,dataanvadresh,identcodeadresseerbaarobject,identcodenraand,gem,nor,afgekortenor,gemdeel,huisnr,huisletter,huisnrtoevoeging,postcode,wplnaam,loctenopzichtevanadres,locoms,bladresregel1,bladresregel2,bladresregel3,bladresregel4,bladresregel5,bladresregel6,landgebied,indpersaangetroffenopadres) VALUES('17036','17036','1','1','3','20090301',null,null,'347','Vredenburg ','Vredenburg ',null,'120',null,null,'3511BE','Smalle Ee',null,null,null,null,null,null,null,null,'229',null);
INSERT INTO kern.persadres (id,pers,srt,rdnwijz,aangadresh,dataanvadresh,identcodeadresseerbaarobject,identcodenraand,gem,nor,afgekortenor,gemdeel,huisnr,huisletter,huisnrtoevoeging,postcode,wplnaam,loctenopzichtevanadres,locoms,bladresregel1,bladresregel2,bladresregel3,bladresregel4,bladresregel5,bladresregel6,landgebied,indpersaangetroffenopadres) VALUES('17037','17037','1','1','3','20090301',null,null,'347','Vredenburg ','Vredenburg ',null,'120',null,null,'3511BE','Smalle Ee',null,null,null,null,null,null,null,null,'229',null);
INSERT INTO kern.persadres (id,pers,srt,rdnwijz,aangadresh,dataanvadresh,identcodeadresseerbaarobject,identcodenraand,gem,nor,afgekortenor,gemdeel,huisnr,huisletter,huisnrtoevoeging,postcode,wplnaam,loctenopzichtevanadres,locoms,bladresregel1,bladresregel2,bladresregel3,bladresregel4,bladresregel5,bladresregel6,landgebied,indpersaangetroffenopadres) VALUES('17038','17038','1','1','3','20090301',null,null,'347','Vredenburg ','Vredenburg ',null,'120',null,null,'3511BE','Smalle Ee',null,null,null,null,null,null,null,null,'229',null);
INSERT INTO kern.persadres (id,pers,srt,rdnwijz,aangadresh,dataanvadresh,identcodeadresseerbaarobject,identcodenraand,gem,nor,afgekortenor,gemdeel,huisnr,huisletter,huisnrtoevoeging,postcode,wplnaam,loctenopzichtevanadres,locoms,bladresregel1,bladresregel2,bladresregel3,bladresregel4,bladresregel5,bladresregel6,landgebied,indpersaangetroffenopadres) VALUES('17039','17039','1','1','3','20120522',null,null,'347','Neude','Neude',null,'33',null,null,'3512AG','Smalle Ee',null,null,null,null,null,null,null,null,'229',null);
INSERT INTO kern.persadres (id,pers,srt,rdnwijz,aangadresh,dataanvadresh,identcodeadresseerbaarobject,identcodenraand,gem,nor,afgekortenor,gemdeel,huisnr,huisletter,huisnrtoevoeging,postcode,wplnaam,loctenopzichtevanadres,locoms,bladresregel1,bladresregel2,bladresregel3,bladresregel4,bladresregel5,bladresregel6,landgebied,indpersaangetroffenopadres) VALUES('17040','17040','1','2',null,'20010517',null,null,'347','Biltstraat','Biltstraat',null,'107',null,null,'3572AM','Smalle Ee',null,null,null,null,null,null,null,null,'229',null);
INSERT INTO kern.persadres (id,pers,srt,rdnwijz,aangadresh,dataanvadresh,identcodeadresseerbaarobject,identcodenraand,gem,nor,afgekortenor,gemdeel,huisnr,huisletter,huisnrtoevoeging,postcode,wplnaam,loctenopzichtevanadres,locoms,bladresregel1,bladresregel2,bladresregel3,bladresregel4,bladresregel5,bladresregel6,landgebied,indpersaangetroffenopadres) VALUES('17041','17041','1','1','3','20090201',null,null,'347','Vredenburg ','Vredenburg ',null,'124',null,null,'3511BE','Smalle Ee',null,null,null,null,null,null,null,null,'229',null);
INSERT INTO kern.persadres (id,pers,srt,rdnwijz,aangadresh,dataanvadresh,identcodeadresseerbaarobject,identcodenraand,gem,nor,afgekortenor,gemdeel,huisnr,huisletter,huisnrtoevoeging,postcode,wplnaam,loctenopzichtevanadres,locoms,bladresregel1,bladresregel2,bladresregel3,bladresregel4,bladresregel5,bladresregel6,landgebied,indpersaangetroffenopadres) VALUES('17042','17042','1','1','7','20010328',null,null,'347','Biltstraat','Biltstraat',null,'142',null,null,'3572BM','Smalle Ee',null,null,null,null,null,null,null,null,'229',null);
INSERT INTO kern.persadres (id,pers,srt,rdnwijz,aangadresh,dataanvadresh,identcodeadresseerbaarobject,identcodenraand,gem,nor,afgekortenor,gemdeel,huisnr,huisletter,huisnrtoevoeging,postcode,wplnaam,loctenopzichtevanadres,locoms,bladresregel1,bladresregel2,bladresregel3,bladresregel4,bladresregel5,bladresregel6,landgebied,indpersaangetroffenopadres) VALUES('17043','17043','1','1','3','19820528',null,null,'347','Biltstraat','Biltstraat',null,'142',null,null,'3572BM','Smalle Ee',null,null,null,null,null,null,null,null,'229',null);
INSERT INTO kern.persadres (id,pers,srt,rdnwijz,aangadresh,dataanvadresh,identcodeadresseerbaarobject,identcodenraand,gem,nor,afgekortenor,gemdeel,huisnr,huisletter,huisnrtoevoeging,postcode,wplnaam,loctenopzichtevanadres,locoms,bladresregel1,bladresregel2,bladresregel3,bladresregel4,bladresregel5,bladresregel6,landgebied,indpersaangetroffenopadres) VALUES('17044','17044','1','1','3','20010328',null,null,'347','Vredenburg','Vredenburg',null,'114',null,null,'3511BE','Smalle Ee',null,null,null,null,null,null,null,null,'229',null);
INSERT INTO kern.persadres (id,pers,srt,rdnwijz,aangadresh,dataanvadresh,identcodeadresseerbaarobject,identcodenraand,gem,nor,afgekortenor,gemdeel,huisnr,huisletter,huisnrtoevoeging,postcode,wplnaam,loctenopzichtevanadres,locoms,bladresregel1,bladresregel2,bladresregel3,bladresregel4,bladresregel5,bladresregel6,landgebied,indpersaangetroffenopadres) VALUES('17045','17045','1','1','7','19911002',null,null,'347','Vredenburg','Vredenburg',null,'114',null,null,'3511BE','Smalle Ee',null,null,null,null,null,null,null,null,'229',null);

commit;


--------------------------------------------------
--- EIND
--- Sheet: (persadres)
--- Handler: SheetHandlerImplSimpleInsert
--- Aantal: (45)
--------------------------------------------------
--------------------------------------------------
--- START
--- Sheet: (his_persadres)
--- Handler: SheetHandlerImplSimpleInsert
--------------------------------------------------

begin;

INSERT INTO kern.his_persadres (id,persadres,dataanvgel,dateindegel,tsreg,tsverval,actieinh,actieverval,actieaanpgel,srt,rdnwijz,aangadresh,dataanvadresh,identcodeadresseerbaarobject,identcodenraand,gem,nor,afgekortenor,gemdeel,huisnr,huisletter,huisnrtoevoeging,postcode,wplnaam,loctenopzichtevanadres,locoms,bladresregel1,bladresregel2,bladresregel3,bladresregel4,bladresregel5,bladresregel6,landgebied,indpersaangetroffenopadres,nadereaandverval) VALUES('18000','17001','20050328',null,'20050328',null,'18000',null,null,'1','1','7','20050328',null,null,'347','Vredenburg','Vredenburg',null,'3',null,null,'3511BA','Smalle Ee',null,null,null,null,null,null,null,null,'229',null,null);
INSERT INTO kern.his_persadres (id,persadres,dataanvgel,dateindegel,tsreg,tsverval,actieinh,actieverval,actieaanpgel,srt,rdnwijz,aangadresh,dataanvadresh,identcodeadresseerbaarobject,identcodenraand,gem,nor,afgekortenor,gemdeel,huisnr,huisletter,huisnrtoevoeging,postcode,wplnaam,loctenopzichtevanadres,locoms,bladresregel1,bladresregel2,bladresregel3,bladresregel4,bladresregel5,bladresregel6,landgebied,indpersaangetroffenopadres,nadereaandverval) VALUES('17999','17001','20030327','20050328','20050328',null,'17999',null,'18000','1','1','3','20030327',null,null,'229','Zonegge','Zonegge',null,'1',null,null,'6901KT',null,null,null,null,null,null,null,null,null,'229',null,null);
INSERT INTO kern.his_persadres (id,persadres,dataanvgel,dateindegel,tsreg,tsverval,actieinh,actieverval,actieaanpgel,srt,rdnwijz,aangadresh,dataanvadresh,identcodeadresseerbaarobject,identcodenraand,gem,nor,afgekortenor,gemdeel,huisnr,huisletter,huisnrtoevoeging,postcode,wplnaam,loctenopzichtevanadres,locoms,bladresregel1,bladresregel2,bladresregel3,bladresregel4,bladresregel5,bladresregel6,landgebied,indpersaangetroffenopadres,nadereaandverval) VALUES('17998','17001','20030327',null,'20030327','20050328','17999','18000',null,'1','1','3','20030327',null,null,'229','Zonegge','Zonegge',null,'1',null,null,'6901KT',null,null,null,null,null,null,null,null,null,'229',null,null);
INSERT INTO kern.his_persadres (id,persadres,dataanvgel,dateindegel,tsreg,tsverval,actieinh,actieverval,actieaanpgel,srt,rdnwijz,aangadresh,dataanvadresh,identcodeadresseerbaarobject,identcodenraand,gem,nor,afgekortenor,gemdeel,huisnr,huisletter,huisnrtoevoeging,postcode,wplnaam,loctenopzichtevanadres,locoms,bladresregel1,bladresregel2,bladresregel3,bladresregel4,bladresregel5,bladresregel6,landgebied,indpersaangetroffenopadres,nadereaandverval) VALUES('17997','17001','19811002','20030327','20030327',null,'17998',null,'17999','1','2',null,'19811002',null,null,'521','Langnekstraat','Langnekstraat',null,'9',null,null,'2572JN',null,null,null,null,null,null,null,null,null,'229',null,null);
INSERT INTO kern.his_persadres (id,persadres,dataanvgel,dateindegel,tsreg,tsverval,actieinh,actieverval,actieaanpgel,srt,rdnwijz,aangadresh,dataanvadresh,identcodeadresseerbaarobject,identcodenraand,gem,nor,afgekortenor,gemdeel,huisnr,huisletter,huisnrtoevoeging,postcode,wplnaam,loctenopzichtevanadres,locoms,bladresregel1,bladresregel2,bladresregel3,bladresregel4,bladresregel5,bladresregel6,landgebied,indpersaangetroffenopadres,nadereaandverval) VALUES('17996','17001','19811002',null,'19811002','20030327','17998','17999',null,'1','2',null,'19811002',null,null,'521','Langnekstraat','Langnekstraat',null,'9',null,null,'2572JN',null,null,null,null,null,null,null,null,null,'229',null,null);
INSERT INTO kern.his_persadres (id,persadres,dataanvgel,dateindegel,tsreg,tsverval,actieinh,actieverval,actieaanpgel,srt,rdnwijz,aangadresh,dataanvadresh,identcodeadresseerbaarobject,identcodenraand,gem,nor,afgekortenor,gemdeel,huisnr,huisletter,huisnrtoevoeging,postcode,wplnaam,loctenopzichtevanadres,locoms,bladresregel1,bladresregel2,bladresregel3,bladresregel4,bladresregel5,bladresregel6,landgebied,indpersaangetroffenopadres,nadereaandverval) VALUES('17995','17002','20050328',null,'20050328',null,'17997',null,null,'1','1','3','20050328',null,null,'347','Vredenburg','Vredenburg',null,'3',null,null,'3511BA','Smalle Ee',null,null,null,null,null,null,null,null,'229',null,null);
INSERT INTO kern.his_persadres (id,persadres,dataanvgel,dateindegel,tsreg,tsverval,actieinh,actieverval,actieaanpgel,srt,rdnwijz,aangadresh,dataanvadresh,identcodeadresseerbaarobject,identcodenraand,gem,nor,afgekortenor,gemdeel,huisnr,huisletter,huisnrtoevoeging,postcode,wplnaam,loctenopzichtevanadres,locoms,bladresregel1,bladresregel2,bladresregel3,bladresregel4,bladresregel5,bladresregel6,landgebied,indpersaangetroffenopadres,nadereaandverval) VALUES('17994','17002','20030327','20050328','20050328',null,'17996',null,'17997','1','1','7','20030327',null,null,'229','Zonegge','Zonegge',null,'1',null,null,'6901KT',null,null,null,null,null,null,null,null,null,'229',null,null);
INSERT INTO kern.his_persadres (id,persadres,dataanvgel,dateindegel,tsreg,tsverval,actieinh,actieverval,actieaanpgel,srt,rdnwijz,aangadresh,dataanvadresh,identcodeadresseerbaarobject,identcodenraand,gem,nor,afgekortenor,gemdeel,huisnr,huisletter,huisnrtoevoeging,postcode,wplnaam,loctenopzichtevanadres,locoms,bladresregel1,bladresregel2,bladresregel3,bladresregel4,bladresregel5,bladresregel6,landgebied,indpersaangetroffenopadres,nadereaandverval) VALUES('17993','17002','20030327',null,'20030327','20050328','17996','17997',null,'1','1','7','20030327',null,null,'229','Zonegge','Zonegge',null,'1',null,null,'6901KT',null,null,null,null,null,null,null,null,null,'229',null,null);
INSERT INTO kern.his_persadres (id,persadres,dataanvgel,dateindegel,tsreg,tsverval,actieinh,actieverval,actieaanpgel,srt,rdnwijz,aangadresh,dataanvadresh,identcodeadresseerbaarobject,identcodenraand,gem,nor,afgekortenor,gemdeel,huisnr,huisletter,huisnrtoevoeging,postcode,wplnaam,loctenopzichtevanadres,locoms,bladresregel1,bladresregel2,bladresregel3,bladresregel4,bladresregel5,bladresregel6,landgebied,indpersaangetroffenopadres,nadereaandverval) VALUES('17992','17002','19820528','20030327','20030327',null,'17995',null,'17996','1','2',null,'19820528',null,null,'602','Stuart Millstraat','Stuart Millstraat',null,'24',null,null,'2554AJ',null,null,null,null,null,null,null,null,null,'229',null,null);
INSERT INTO kern.his_persadres (id,persadres,dataanvgel,dateindegel,tsreg,tsverval,actieinh,actieverval,actieaanpgel,srt,rdnwijz,aangadresh,dataanvadresh,identcodeadresseerbaarobject,identcodenraand,gem,nor,afgekortenor,gemdeel,huisnr,huisletter,huisnrtoevoeging,postcode,wplnaam,loctenopzichtevanadres,locoms,bladresregel1,bladresregel2,bladresregel3,bladresregel4,bladresregel5,bladresregel6,landgebied,indpersaangetroffenopadres,nadereaandverval) VALUES('17991','17002','19820528',null,'19820528','20030327','17995','17996',null,'1','2',null,'19820528',null,null,'602','Stuart Millstraat','Stuart Millstraat',null,'24',null,null,'2554AJ',null,null,null,null,null,null,null,null,null,'229',null,null);
INSERT INTO kern.his_persadres (id,persadres,dataanvgel,dateindegel,tsreg,tsverval,actieinh,actieverval,actieaanpgel,srt,rdnwijz,aangadresh,dataanvadresh,identcodeadresseerbaarobject,identcodenraand,gem,nor,afgekortenor,gemdeel,huisnr,huisletter,huisnrtoevoeging,postcode,wplnaam,loctenopzichtevanadres,locoms,bladresregel1,bladresregel2,bladresregel3,bladresregel4,bladresregel5,bladresregel6,landgebied,indpersaangetroffenopadres,nadereaandverval) VALUES('17990','17003','19901201',null,'19901201',null,'17994',null,null,'1','1','3','19901201',null,null,'347','Neude','Neude',null,'11',null,null,'3512AE','Smalle Ee',null,null,null,null,null,null,null,null,'229',null,null);
INSERT INTO kern.his_persadres (id,persadres,dataanvgel,dateindegel,tsreg,tsverval,actieinh,actieverval,actieaanpgel,srt,rdnwijz,aangadresh,dataanvadresh,identcodeadresseerbaarobject,identcodenraand,gem,nor,afgekortenor,gemdeel,huisnr,huisletter,huisnrtoevoeging,postcode,wplnaam,loctenopzichtevanadres,locoms,bladresregel1,bladresregel2,bladresregel3,bladresregel4,bladresregel5,bladresregel6,landgebied,indpersaangetroffenopadres,nadereaandverval) VALUES('17989','17003','19901111','19901201','19901201',null,'17993',null,'17994','1','1','3','19901111',null,null,'950','Achillesstraat','Achillesstraat',null,'34',null,null,'6165RA',null,null,null,null,null,null,null,null,null,'229',null,null);
INSERT INTO kern.his_persadres (id,persadres,dataanvgel,dateindegel,tsreg,tsverval,actieinh,actieverval,actieaanpgel,srt,rdnwijz,aangadresh,dataanvadresh,identcodeadresseerbaarobject,identcodenraand,gem,nor,afgekortenor,gemdeel,huisnr,huisletter,huisnrtoevoeging,postcode,wplnaam,loctenopzichtevanadres,locoms,bladresregel1,bladresregel2,bladresregel3,bladresregel4,bladresregel5,bladresregel6,landgebied,indpersaangetroffenopadres,nadereaandverval) VALUES('17988','17003','19901111',null,'19901111','19901201','17993','17994',null,'1','1','3','19901111',null,null,'950','Achillesstraat','Achillesstraat',null,'34',null,null,'6165RA',null,null,null,null,null,null,null,null,null,'229',null,null);
INSERT INTO kern.his_persadres (id,persadres,dataanvgel,dateindegel,tsreg,tsverval,actieinh,actieverval,actieaanpgel,srt,rdnwijz,aangadresh,dataanvadresh,identcodeadresseerbaarobject,identcodenraand,gem,nor,afgekortenor,gemdeel,huisnr,huisletter,huisnrtoevoeging,postcode,wplnaam,loctenopzichtevanadres,locoms,bladresregel1,bladresregel2,bladresregel3,bladresregel4,bladresregel5,bladresregel6,landgebied,indpersaangetroffenopadres,nadereaandverval) VALUES('17987','17003','19660302','19901111','19901111',null,'17992',null,'17993','1','2',null,'19660302',null,null,'521','Langnekstraat','Langnekstraat',null,'7',null,null,'2572JN',null,null,null,null,null,null,null,null,null,'229',null,null);
INSERT INTO kern.his_persadres (id,persadres,dataanvgel,dateindegel,tsreg,tsverval,actieinh,actieverval,actieaanpgel,srt,rdnwijz,aangadresh,dataanvadresh,identcodeadresseerbaarobject,identcodenraand,gem,nor,afgekortenor,gemdeel,huisnr,huisletter,huisnrtoevoeging,postcode,wplnaam,loctenopzichtevanadres,locoms,bladresregel1,bladresregel2,bladresregel3,bladresregel4,bladresregel5,bladresregel6,landgebied,indpersaangetroffenopadres,nadereaandverval) VALUES('17986','17003','19660302',null,'19660302','19901111','17992','17993',null,'1','2',null,'19660302',null,null,'521','Langnekstraat','Langnekstraat',null,'7',null,null,'2572JN',null,null,null,null,null,null,null,null,null,'229',null,null);
INSERT INTO kern.his_persadres (id,persadres,dataanvgel,dateindegel,tsreg,tsverval,actieinh,actieverval,actieaanpgel,srt,rdnwijz,aangadresh,dataanvadresh,identcodeadresseerbaarobject,identcodenraand,gem,nor,afgekortenor,gemdeel,huisnr,huisletter,huisnrtoevoeging,postcode,wplnaam,loctenopzichtevanadres,locoms,bladresregel1,bladresregel2,bladresregel3,bladresregel4,bladresregel5,bladresregel6,landgebied,indpersaangetroffenopadres,nadereaandverval) VALUES('17985','17004','19901201',null,'19901201',null,'17991',null,null,'1','1','7','19901201',null,null,'347','Neude','Neude',null,'13',null,null,'3512AE','Smalle Ee',null,null,null,null,null,null,null,null,'229',null,null);
INSERT INTO kern.his_persadres (id,persadres,dataanvgel,dateindegel,tsreg,tsverval,actieinh,actieverval,actieaanpgel,srt,rdnwijz,aangadresh,dataanvadresh,identcodeadresseerbaarobject,identcodenraand,gem,nor,afgekortenor,gemdeel,huisnr,huisletter,huisnrtoevoeging,postcode,wplnaam,loctenopzichtevanadres,locoms,bladresregel1,bladresregel2,bladresregel3,bladresregel4,bladresregel5,bladresregel6,landgebied,indpersaangetroffenopadres,nadereaandverval) VALUES('17984','17004','19901111','19901201','19901201',null,'17990',null,'17991','1','1','7','19901111',null,null,'950','Achillesstraat','Achillesstraat',null,'34',null,null,'6165RA',null,null,null,null,null,null,null,null,null,'229',null,null);
INSERT INTO kern.his_persadres (id,persadres,dataanvgel,dateindegel,tsreg,tsverval,actieinh,actieverval,actieaanpgel,srt,rdnwijz,aangadresh,dataanvadresh,identcodeadresseerbaarobject,identcodenraand,gem,nor,afgekortenor,gemdeel,huisnr,huisletter,huisnrtoevoeging,postcode,wplnaam,loctenopzichtevanadres,locoms,bladresregel1,bladresregel2,bladresregel3,bladresregel4,bladresregel5,bladresregel6,landgebied,indpersaangetroffenopadres,nadereaandverval) VALUES('17983','17004','19901111',null,'19901111','19901201','17990','17991',null,'1','1','7','19901111',null,null,'950','Achillesstraat','Achillesstraat',null,'34',null,null,'6165RA',null,null,null,null,null,null,null,null,null,'229',null,null);
INSERT INTO kern.his_persadres (id,persadres,dataanvgel,dateindegel,tsreg,tsverval,actieinh,actieverval,actieaanpgel,srt,rdnwijz,aangadresh,dataanvadresh,identcodeadresseerbaarobject,identcodenraand,gem,nor,afgekortenor,gemdeel,huisnr,huisletter,huisnrtoevoeging,postcode,wplnaam,loctenopzichtevanadres,locoms,bladresregel1,bladresregel2,bladresregel3,bladresregel4,bladresregel5,bladresregel6,landgebied,indpersaangetroffenopadres,nadereaandverval) VALUES('17982','17004','19691227','19901111','19901111',null,'17989',null,'17990','1','2',null,'19691227',null,null,'347','Rhônedreef','Rhônedreef',null,'45',null,null,'3561VA',null,null,null,null,null,null,null,null,null,'229',null,null);
INSERT INTO kern.his_persadres (id,persadres,dataanvgel,dateindegel,tsreg,tsverval,actieinh,actieverval,actieaanpgel,srt,rdnwijz,aangadresh,dataanvadresh,identcodeadresseerbaarobject,identcodenraand,gem,nor,afgekortenor,gemdeel,huisnr,huisletter,huisnrtoevoeging,postcode,wplnaam,loctenopzichtevanadres,locoms,bladresregel1,bladresregel2,bladresregel3,bladresregel4,bladresregel5,bladresregel6,landgebied,indpersaangetroffenopadres,nadereaandverval) VALUES('17981','17004','19691227',null,'19691227','19901111','17989','17990',null,'1','2',null,'19691227',null,null,'347','Rhônedreef','Rhônedreef',null,'45',null,null,'3561VA',null,null,null,null,null,null,null,null,null,'229',null,null);
INSERT INTO kern.his_persadres (id,persadres,dataanvgel,dateindegel,tsreg,tsverval,actieinh,actieverval,actieaanpgel,srt,rdnwijz,aangadresh,dataanvadresh,identcodeadresseerbaarobject,identcodenraand,gem,nor,afgekortenor,gemdeel,huisnr,huisletter,huisnrtoevoeging,postcode,wplnaam,loctenopzichtevanadres,locoms,bladresregel1,bladresregel2,bladresregel3,bladresregel4,bladresregel5,bladresregel6,landgebied,indpersaangetroffenopadres,nadereaandverval) VALUES('17980','17005','19981201',null,'19981201',null,'17988',null,null,'1','1','3','19981201',null,null,'347','Biltstraat','Biltstraat',null,'5',null,null,'3572AA','Smalle Ee',null,null,null,null,null,null,null,null,'229',null,null);
INSERT INTO kern.his_persadres (id,persadres,dataanvgel,dateindegel,tsreg,tsverval,actieinh,actieverval,actieaanpgel,srt,rdnwijz,aangadresh,dataanvadresh,identcodeadresseerbaarobject,identcodenraand,gem,nor,afgekortenor,gemdeel,huisnr,huisletter,huisnrtoevoeging,postcode,wplnaam,loctenopzichtevanadres,locoms,bladresregel1,bladresregel2,bladresregel3,bladresregel4,bladresregel5,bladresregel6,landgebied,indpersaangetroffenopadres,nadereaandverval) VALUES('17979','17005','19970605','19981201','19981201',null,'17987',null,'17988','1','1','7','19970605',null,null,'403','Anthonij Miechielsz van Voorthuijsenstraat','A M v Voorthuijsenstr',null,'67',null,null,'1785LG',null,null,null,null,null,null,null,null,null,'229',null,null);
INSERT INTO kern.his_persadres (id,persadres,dataanvgel,dateindegel,tsreg,tsverval,actieinh,actieverval,actieaanpgel,srt,rdnwijz,aangadresh,dataanvadresh,identcodeadresseerbaarobject,identcodenraand,gem,nor,afgekortenor,gemdeel,huisnr,huisletter,huisnrtoevoeging,postcode,wplnaam,loctenopzichtevanadres,locoms,bladresregel1,bladresregel2,bladresregel3,bladresregel4,bladresregel5,bladresregel6,landgebied,indpersaangetroffenopadres,nadereaandverval) VALUES('17978','17005','19970605',null,'19970605','19981201','17987','17988',null,'1','1','7','19970605',null,null,'403','Anthonij Miechielsz van Voorthuijsenstraat','A M v Voorthuijsenstr',null,'67',null,null,'1785LG',null,null,null,null,null,null,null,null,null,'229',null,null);
INSERT INTO kern.his_persadres (id,persadres,dataanvgel,dateindegel,tsreg,tsverval,actieinh,actieverval,actieaanpgel,srt,rdnwijz,aangadresh,dataanvadresh,identcodeadresseerbaarobject,identcodenraand,gem,nor,afgekortenor,gemdeel,huisnr,huisletter,huisnrtoevoeging,postcode,wplnaam,loctenopzichtevanadres,locoms,bladresregel1,bladresregel2,bladresregel3,bladresregel4,bladresregel5,bladresregel6,landgebied,indpersaangetroffenopadres,nadereaandverval) VALUES('17977','17005','19710717','19970605','19970605',null,'17986',null,'17987','1','2',null,'19710717',null,null,'347','Westduëlstraat','Westduëlstraat',null,'23',null,null,'3082RV',null,null,null,null,null,null,null,null,null,'229',null,null);
INSERT INTO kern.his_persadres (id,persadres,dataanvgel,dateindegel,tsreg,tsverval,actieinh,actieverval,actieaanpgel,srt,rdnwijz,aangadresh,dataanvadresh,identcodeadresseerbaarobject,identcodenraand,gem,nor,afgekortenor,gemdeel,huisnr,huisletter,huisnrtoevoeging,postcode,wplnaam,loctenopzichtevanadres,locoms,bladresregel1,bladresregel2,bladresregel3,bladresregel4,bladresregel5,bladresregel6,landgebied,indpersaangetroffenopadres,nadereaandverval) VALUES('17976','17005','19710717',null,'19710717','19970605','17986','17987',null,'1','2',null,'19710717',null,null,'347','Westduëlstraat','Westduëlstraat',null,'23',null,null,'3082RV',null,null,null,null,null,null,null,null,null,'229',null,null);
INSERT INTO kern.his_persadres (id,persadres,dataanvgel,dateindegel,tsreg,tsverval,actieinh,actieverval,actieaanpgel,srt,rdnwijz,aangadresh,dataanvadresh,identcodeadresseerbaarobject,identcodenraand,gem,nor,afgekortenor,gemdeel,huisnr,huisletter,huisnrtoevoeging,postcode,wplnaam,loctenopzichtevanadres,locoms,bladresregel1,bladresregel2,bladresregel3,bladresregel4,bladresregel5,bladresregel6,landgebied,indpersaangetroffenopadres,nadereaandverval) VALUES('17975','17006','19981201',null,'19981201',null,'17985',null,null,'1','1','7','19981201',null,null,'347','Biltstraat','Biltstraat',null,'5',null,null,'3572AA','Smalle Ee',null,null,null,null,null,null,null,null,'229',null,null);
INSERT INTO kern.his_persadres (id,persadres,dataanvgel,dateindegel,tsreg,tsverval,actieinh,actieverval,actieaanpgel,srt,rdnwijz,aangadresh,dataanvadresh,identcodeadresseerbaarobject,identcodenraand,gem,nor,afgekortenor,gemdeel,huisnr,huisletter,huisnrtoevoeging,postcode,wplnaam,loctenopzichtevanadres,locoms,bladresregel1,bladresregel2,bladresregel3,bladresregel4,bladresregel5,bladresregel6,landgebied,indpersaangetroffenopadres,nadereaandverval) VALUES('17974','17006','19970605','19981201','19981201',null,'17984',null,'17985','1','1','3','19970605',null,null,'403','Anthonij Miechielsz van Voorthuijsenstraat','A M v Voorthuijsenstr',null,'67',null,null,'1785LG',null,null,null,null,null,null,null,null,null,'229',null,null);
INSERT INTO kern.his_persadres (id,persadres,dataanvgel,dateindegel,tsreg,tsverval,actieinh,actieverval,actieaanpgel,srt,rdnwijz,aangadresh,dataanvadresh,identcodeadresseerbaarobject,identcodenraand,gem,nor,afgekortenor,gemdeel,huisnr,huisletter,huisnrtoevoeging,postcode,wplnaam,loctenopzichtevanadres,locoms,bladresregel1,bladresregel2,bladresregel3,bladresregel4,bladresregel5,bladresregel6,landgebied,indpersaangetroffenopadres,nadereaandverval) VALUES('17973','17006','19970605',null,'19970605','19981201','17984','17985',null,'1','1','3','19970605',null,null,'403','Anthonij Miechielsz van Voorthuijsenstraat','A M v Voorthuijsenstr',null,'67',null,null,'1785LG',null,null,null,null,null,null,null,null,null,'229',null,null);
INSERT INTO kern.his_persadres (id,persadres,dataanvgel,dateindegel,tsreg,tsverval,actieinh,actieverval,actieaanpgel,srt,rdnwijz,aangadresh,dataanvadresh,identcodeadresseerbaarobject,identcodenraand,gem,nor,afgekortenor,gemdeel,huisnr,huisletter,huisnrtoevoeging,postcode,wplnaam,loctenopzichtevanadres,locoms,bladresregel1,bladresregel2,bladresregel3,bladresregel4,bladresregel5,bladresregel6,landgebied,indpersaangetroffenopadres,nadereaandverval) VALUES('17972','17006','19720928','19970605','19970605',null,'17983',null,'17984','1','2',null,'19720928',null,null,'366','Bonairestraat','Bonairestraat',null,'23',null,null,'1058XC',null,null,null,null,null,null,null,null,null,'229',null,null);
INSERT INTO kern.his_persadres (id,persadres,dataanvgel,dateindegel,tsreg,tsverval,actieinh,actieverval,actieaanpgel,srt,rdnwijz,aangadresh,dataanvadresh,identcodeadresseerbaarobject,identcodenraand,gem,nor,afgekortenor,gemdeel,huisnr,huisletter,huisnrtoevoeging,postcode,wplnaam,loctenopzichtevanadres,locoms,bladresregel1,bladresregel2,bladresregel3,bladresregel4,bladresregel5,bladresregel6,landgebied,indpersaangetroffenopadres,nadereaandverval) VALUES('17971','17006','19720928',null,'19720928','19970605','17983','17984',null,'1','2',null,'19720928',null,null,'366','Bonairestraat','Bonairestraat',null,'23',null,null,'1058XC',null,null,null,null,null,null,null,null,null,'229',null,null);
INSERT INTO kern.his_persadres (id,persadres,dataanvgel,dateindegel,tsreg,tsverval,actieinh,actieverval,actieaanpgel,srt,rdnwijz,aangadresh,dataanvadresh,identcodeadresseerbaarobject,identcodenraand,gem,nor,afgekortenor,gemdeel,huisnr,huisletter,huisnrtoevoeging,postcode,wplnaam,loctenopzichtevanadres,locoms,bladresregel1,bladresregel2,bladresregel3,bladresregel4,bladresregel5,bladresregel6,landgebied,indpersaangetroffenopadres,nadereaandverval) VALUES('17970','17007','20110205',null,'20110205',null,'17982',null,null,'1','1','7','20110205',null,null,'347','Vredenburg','Vredenburg',null,'22',null,null,'3511BB','Smalle Ee',null,null,null,null,null,null,null,null,'229',null,null);
INSERT INTO kern.his_persadres (id,persadres,dataanvgel,dateindegel,tsreg,tsverval,actieinh,actieverval,actieaanpgel,srt,rdnwijz,aangadresh,dataanvadresh,identcodeadresseerbaarobject,identcodenraand,gem,nor,afgekortenor,gemdeel,huisnr,huisletter,huisnrtoevoeging,postcode,wplnaam,loctenopzichtevanadres,locoms,bladresregel1,bladresregel2,bladresregel3,bladresregel4,bladresregel5,bladresregel6,landgebied,indpersaangetroffenopadres,nadereaandverval) VALUES('17969','17007','20031024','20110205','20110205',null,'17981',null,'17982','1','1','7','20031024',null,null,'1415','Rafaëlweg','Rafaëlweg',null,'8',null,null,'6114BZ',null,null,null,null,null,null,null,null,null,'229',null,null);
INSERT INTO kern.his_persadres (id,persadres,dataanvgel,dateindegel,tsreg,tsverval,actieinh,actieverval,actieaanpgel,srt,rdnwijz,aangadresh,dataanvadresh,identcodeadresseerbaarobject,identcodenraand,gem,nor,afgekortenor,gemdeel,huisnr,huisletter,huisnrtoevoeging,postcode,wplnaam,loctenopzichtevanadres,locoms,bladresregel1,bladresregel2,bladresregel3,bladresregel4,bladresregel5,bladresregel6,landgebied,indpersaangetroffenopadres,nadereaandverval) VALUES('17968','17007','20031024',null,'20031024','20110205','17981','17982',null,'1','1','7','20031024',null,null,'1415','Rafaëlweg','Rafaëlweg',null,'8',null,null,'6114BZ',null,null,null,null,null,null,null,null,null,'229',null,null);
INSERT INTO kern.his_persadres (id,persadres,dataanvgel,dateindegel,tsreg,tsverval,actieinh,actieverval,actieaanpgel,srt,rdnwijz,aangadresh,dataanvadresh,identcodeadresseerbaarobject,identcodenraand,gem,nor,afgekortenor,gemdeel,huisnr,huisletter,huisnrtoevoeging,postcode,wplnaam,loctenopzichtevanadres,locoms,bladresregel1,bladresregel2,bladresregel3,bladresregel4,bladresregel5,bladresregel6,landgebied,indpersaangetroffenopadres,nadereaandverval) VALUES('17967','17007','19800616','20031024','20031024',null,'17980',null,'17981','1','2',null,'19800616',null,null,'602','Jan Steenstraat','Jan Steenstraat',null,'132',null,null,'3042AL',null,null,null,null,null,null,null,null,null,'229',null,null);
INSERT INTO kern.his_persadres (id,persadres,dataanvgel,dateindegel,tsreg,tsverval,actieinh,actieverval,actieaanpgel,srt,rdnwijz,aangadresh,dataanvadresh,identcodeadresseerbaarobject,identcodenraand,gem,nor,afgekortenor,gemdeel,huisnr,huisletter,huisnrtoevoeging,postcode,wplnaam,loctenopzichtevanadres,locoms,bladresregel1,bladresregel2,bladresregel3,bladresregel4,bladresregel5,bladresregel6,landgebied,indpersaangetroffenopadres,nadereaandverval) VALUES('17966','17007','19800616',null,'19800616','20031024','17980','17981',null,'1','2',null,'19800616',null,null,'602','Jan Steenstraat','Jan Steenstraat',null,'132',null,null,'3042AL',null,null,null,null,null,null,null,null,null,'229',null,null);
INSERT INTO kern.his_persadres (id,persadres,dataanvgel,dateindegel,tsreg,tsverval,actieinh,actieverval,actieaanpgel,srt,rdnwijz,aangadresh,dataanvadresh,identcodeadresseerbaarobject,identcodenraand,gem,nor,afgekortenor,gemdeel,huisnr,huisletter,huisnrtoevoeging,postcode,wplnaam,loctenopzichtevanadres,locoms,bladresregel1,bladresregel2,bladresregel3,bladresregel4,bladresregel5,bladresregel6,landgebied,indpersaangetroffenopadres,nadereaandverval) VALUES('17965','17008','20110205',null,'20110205',null,'17979',null,null,'1','1','3','20110205',null,null,'347','Vredenburg','Vredenburg',null,'22',null,null,'3511BB','Smalle Ee',null,null,null,null,null,null,null,null,'229',null,null);
INSERT INTO kern.his_persadres (id,persadres,dataanvgel,dateindegel,tsreg,tsverval,actieinh,actieverval,actieaanpgel,srt,rdnwijz,aangadresh,dataanvadresh,identcodeadresseerbaarobject,identcodenraand,gem,nor,afgekortenor,gemdeel,huisnr,huisletter,huisnrtoevoeging,postcode,wplnaam,loctenopzichtevanadres,locoms,bladresregel1,bladresregel2,bladresregel3,bladresregel4,bladresregel5,bladresregel6,landgebied,indpersaangetroffenopadres,nadereaandverval) VALUES('17964','17008','20031024','20110205','20110205',null,'17978',null,'17979','1','1','3','20031024',null,null,'1415','Rafaëlweg','Rafaëlweg',null,'8',null,null,'6114BZ',null,null,null,null,null,null,null,null,null,'229',null,null);
INSERT INTO kern.his_persadres (id,persadres,dataanvgel,dateindegel,tsreg,tsverval,actieinh,actieverval,actieaanpgel,srt,rdnwijz,aangadresh,dataanvadresh,identcodeadresseerbaarobject,identcodenraand,gem,nor,afgekortenor,gemdeel,huisnr,huisletter,huisnrtoevoeging,postcode,wplnaam,loctenopzichtevanadres,locoms,bladresregel1,bladresregel2,bladresregel3,bladresregel4,bladresregel5,bladresregel6,landgebied,indpersaangetroffenopadres,nadereaandverval) VALUES('17963','17008','20031024',null,'20031024','20110205','17978','17979',null,'1','1','3','20031024',null,null,'1415','Rafaëlweg','Rafaëlweg',null,'8',null,null,'6114BZ',null,null,null,null,null,null,null,null,null,'229',null,null);
INSERT INTO kern.his_persadres (id,persadres,dataanvgel,dateindegel,tsreg,tsverval,actieinh,actieverval,actieaanpgel,srt,rdnwijz,aangadresh,dataanvadresh,identcodeadresseerbaarobject,identcodenraand,gem,nor,afgekortenor,gemdeel,huisnr,huisletter,huisnrtoevoeging,postcode,wplnaam,loctenopzichtevanadres,locoms,bladresregel1,bladresregel2,bladresregel3,bladresregel4,bladresregel5,bladresregel6,landgebied,indpersaangetroffenopadres,nadereaandverval) VALUES('17962','17008','19810418','20031024','20031024',null,'17977',null,'17978','1','2',null,'19810418',null,null,'347','Westerkade','Westerkade',null,'412',null,null,'3511HB',null,null,null,null,null,null,null,null,null,'229',null,null);
INSERT INTO kern.his_persadres (id,persadres,dataanvgel,dateindegel,tsreg,tsverval,actieinh,actieverval,actieaanpgel,srt,rdnwijz,aangadresh,dataanvadresh,identcodeadresseerbaarobject,identcodenraand,gem,nor,afgekortenor,gemdeel,huisnr,huisletter,huisnrtoevoeging,postcode,wplnaam,loctenopzichtevanadres,locoms,bladresregel1,bladresregel2,bladresregel3,bladresregel4,bladresregel5,bladresregel6,landgebied,indpersaangetroffenopadres,nadereaandverval) VALUES('17961','17008','19810418',null,'19810418','20031024','17977','17978',null,'1','2',null,'19810418',null,null,'347','Westerkade','Westerkade',null,'412',null,null,'3511HB',null,null,null,null,null,null,null,null,null,'229',null,null);
INSERT INTO kern.his_persadres (id,persadres,dataanvgel,dateindegel,tsreg,tsverval,actieinh,actieverval,actieaanpgel,srt,rdnwijz,aangadresh,dataanvadresh,identcodeadresseerbaarobject,identcodenraand,gem,nor,afgekortenor,gemdeel,huisnr,huisletter,huisnrtoevoeging,postcode,wplnaam,loctenopzichtevanadres,locoms,bladresregel1,bladresregel2,bladresregel3,bladresregel4,bladresregel5,bladresregel6,landgebied,indpersaangetroffenopadres,nadereaandverval) VALUES('17960','17009','20110205',null,'20110205',null,'17976',null,null,'1','1','6','20110205',null,null,'347','Vredenburg','Vredenburg',null,'22',null,null,'3511BB','Smalle Ee',null,null,null,null,null,null,null,null,'229',null,null);
INSERT INTO kern.his_persadres (id,persadres,dataanvgel,dateindegel,tsreg,tsverval,actieinh,actieverval,actieaanpgel,srt,rdnwijz,aangadresh,dataanvadresh,identcodeadresseerbaarobject,identcodenraand,gem,nor,afgekortenor,gemdeel,huisnr,huisletter,huisnrtoevoeging,postcode,wplnaam,loctenopzichtevanadres,locoms,bladresregel1,bladresregel2,bladresregel3,bladresregel4,bladresregel5,bladresregel6,landgebied,indpersaangetroffenopadres,nadereaandverval) VALUES('17959','17009','20031226','20110205','20110205',null,'17975',null,'17976','1','2',null,'20031226',null,null,'1415','Rafaëlweg','Rafaëlweg',null,'7',null,null,'6114BZ',null,null,null,null,null,null,null,null,null,'229',null,null);
INSERT INTO kern.his_persadres (id,persadres,dataanvgel,dateindegel,tsreg,tsverval,actieinh,actieverval,actieaanpgel,srt,rdnwijz,aangadresh,dataanvadresh,identcodeadresseerbaarobject,identcodenraand,gem,nor,afgekortenor,gemdeel,huisnr,huisletter,huisnrtoevoeging,postcode,wplnaam,loctenopzichtevanadres,locoms,bladresregel1,bladresregel2,bladresregel3,bladresregel4,bladresregel5,bladresregel6,landgebied,indpersaangetroffenopadres,nadereaandverval) VALUES('17958','17009','20031226',null,'20031226','20110205','17975','17976',null,'1','2',null,'20031226',null,null,'1415','Rafaëlweg','Rafaëlweg',null,'7',null,null,'6114BZ',null,null,null,null,null,null,null,null,null,'229',null,null);
INSERT INTO kern.his_persadres (id,persadres,dataanvgel,dateindegel,tsreg,tsverval,actieinh,actieverval,actieaanpgel,srt,rdnwijz,aangadresh,dataanvadresh,identcodeadresseerbaarobject,identcodenraand,gem,nor,afgekortenor,gemdeel,huisnr,huisletter,huisnrtoevoeging,postcode,wplnaam,loctenopzichtevanadres,locoms,bladresregel1,bladresregel2,bladresregel3,bladresregel4,bladresregel5,bladresregel6,landgebied,indpersaangetroffenopadres,nadereaandverval) VALUES('17957','17010','20090928',null,'20090928',null,'17974',null,null,'1','1','3','20090928',null,null,'347','Neude','Neude',null,'17',null,null,'3512AE','Smalle Ee',null,null,null,null,null,null,null,null,'229',null,null);
INSERT INTO kern.his_persadres (id,persadres,dataanvgel,dateindegel,tsreg,tsverval,actieinh,actieverval,actieaanpgel,srt,rdnwijz,aangadresh,dataanvadresh,identcodeadresseerbaarobject,identcodenraand,gem,nor,afgekortenor,gemdeel,huisnr,huisletter,huisnrtoevoeging,postcode,wplnaam,loctenopzichtevanadres,locoms,bladresregel1,bladresregel2,bladresregel3,bladresregel4,bladresregel5,bladresregel6,landgebied,indpersaangetroffenopadres,nadereaandverval) VALUES('17956','17010','19960304','20090928','20090928',null,'17973',null,'17974','1','1','3','19960304',null,null,'775','Beatrix de Rijkweg','Beatrix de Rijkweg',null,'5',null,null,'5657EG',null,null,null,null,null,null,null,null,null,'229',null,null);
INSERT INTO kern.his_persadres (id,persadres,dataanvgel,dateindegel,tsreg,tsverval,actieinh,actieverval,actieaanpgel,srt,rdnwijz,aangadresh,dataanvadresh,identcodeadresseerbaarobject,identcodenraand,gem,nor,afgekortenor,gemdeel,huisnr,huisletter,huisnrtoevoeging,postcode,wplnaam,loctenopzichtevanadres,locoms,bladresregel1,bladresregel2,bladresregel3,bladresregel4,bladresregel5,bladresregel6,landgebied,indpersaangetroffenopadres,nadereaandverval) VALUES('17955','17010','19960304',null,'19960304','20090928','17973','17974',null,'1','1','3','19960304',null,null,'775','Beatrix de Rijkweg','Beatrix de Rijkweg',null,'5',null,null,'5657EG',null,null,null,null,null,null,null,null,null,'229',null,null);
INSERT INTO kern.his_persadres (id,persadres,dataanvgel,dateindegel,tsreg,tsverval,actieinh,actieverval,actieaanpgel,srt,rdnwijz,aangadresh,dataanvadresh,identcodeadresseerbaarobject,identcodenraand,gem,nor,afgekortenor,gemdeel,huisnr,huisletter,huisnrtoevoeging,postcode,wplnaam,loctenopzichtevanadres,locoms,bladresregel1,bladresregel2,bladresregel3,bladresregel4,bladresregel5,bladresregel6,landgebied,indpersaangetroffenopadres,nadereaandverval) VALUES('17954','17010','19691231','19960304','19960304',null,'17972',null,'17973','1','2',null,'19691231',null,null,'602','Goudsesingel','Goudsesingel',null,'7',null,null,'3011KD',null,null,null,null,null,null,null,null,null,'229',null,null);
INSERT INTO kern.his_persadres (id,persadres,dataanvgel,dateindegel,tsreg,tsverval,actieinh,actieverval,actieaanpgel,srt,rdnwijz,aangadresh,dataanvadresh,identcodeadresseerbaarobject,identcodenraand,gem,nor,afgekortenor,gemdeel,huisnr,huisletter,huisnrtoevoeging,postcode,wplnaam,loctenopzichtevanadres,locoms,bladresregel1,bladresregel2,bladresregel3,bladresregel4,bladresregel5,bladresregel6,landgebied,indpersaangetroffenopadres,nadereaandverval) VALUES('17953','17010','19691231',null,'19691231','19960304','17972','17973',null,'1','2',null,'19691231',null,null,'602','Goudsesingel','Goudsesingel',null,'7',null,null,'3011KD',null,null,null,null,null,null,null,null,null,'229',null,null);
INSERT INTO kern.his_persadres (id,persadres,dataanvgel,dateindegel,tsreg,tsverval,actieinh,actieverval,actieaanpgel,srt,rdnwijz,aangadresh,dataanvadresh,identcodeadresseerbaarobject,identcodenraand,gem,nor,afgekortenor,gemdeel,huisnr,huisletter,huisnrtoevoeging,postcode,wplnaam,loctenopzichtevanadres,locoms,bladresregel1,bladresregel2,bladresregel3,bladresregel4,bladresregel5,bladresregel6,landgebied,indpersaangetroffenopadres,nadereaandverval) VALUES('17952','17011','20090928',null,'20090928',null,'17971',null,null,'1','1','7','20090928',null,null,'347','Neude','Neude',null,'17',null,null,'3512AE','Smalle Ee',null,null,null,null,null,null,null,null,'229',null,null);
INSERT INTO kern.his_persadres (id,persadres,dataanvgel,dateindegel,tsreg,tsverval,actieinh,actieverval,actieaanpgel,srt,rdnwijz,aangadresh,dataanvadresh,identcodeadresseerbaarobject,identcodenraand,gem,nor,afgekortenor,gemdeel,huisnr,huisletter,huisnrtoevoeging,postcode,wplnaam,loctenopzichtevanadres,locoms,bladresregel1,bladresregel2,bladresregel3,bladresregel4,bladresregel5,bladresregel6,landgebied,indpersaangetroffenopadres,nadereaandverval) VALUES('17951','17011','19960304','20090928','20090928',null,'17970',null,'17971','1','1','7','19960304',null,null,'775','Beatrix de Rijkweg','Beatrix de Rijkweg',null,'5',null,null,'5657EG',null,null,null,null,null,null,null,null,null,'229',null,null);
INSERT INTO kern.his_persadres (id,persadres,dataanvgel,dateindegel,tsreg,tsverval,actieinh,actieverval,actieaanpgel,srt,rdnwijz,aangadresh,dataanvadresh,identcodeadresseerbaarobject,identcodenraand,gem,nor,afgekortenor,gemdeel,huisnr,huisletter,huisnrtoevoeging,postcode,wplnaam,loctenopzichtevanadres,locoms,bladresregel1,bladresregel2,bladresregel3,bladresregel4,bladresregel5,bladresregel6,landgebied,indpersaangetroffenopadres,nadereaandverval) VALUES('17950','17011','19960304',null,'19960304','20090928','17970','17971',null,'1','1','7','19960304',null,null,'775','Beatrix de Rijkweg','Beatrix de Rijkweg',null,'5',null,null,'5657EG',null,null,null,null,null,null,null,null,null,'229',null,null);
INSERT INTO kern.his_persadres (id,persadres,dataanvgel,dateindegel,tsreg,tsverval,actieinh,actieverval,actieaanpgel,srt,rdnwijz,aangadresh,dataanvadresh,identcodeadresseerbaarobject,identcodenraand,gem,nor,afgekortenor,gemdeel,huisnr,huisletter,huisnrtoevoeging,postcode,wplnaam,loctenopzichtevanadres,locoms,bladresregel1,bladresregel2,bladresregel3,bladresregel4,bladresregel5,bladresregel6,landgebied,indpersaangetroffenopadres,nadereaandverval) VALUES('17949','17011','19690516','19960304','19960304',null,'17969',null,'17970','1','2',null,'19690516',null,null,'602','Goudsesingel','Goudsesingel',null,'9',null,null,'3011KD',null,null,null,null,null,null,null,null,null,'229',null,null);
INSERT INTO kern.his_persadres (id,persadres,dataanvgel,dateindegel,tsreg,tsverval,actieinh,actieverval,actieaanpgel,srt,rdnwijz,aangadresh,dataanvadresh,identcodeadresseerbaarobject,identcodenraand,gem,nor,afgekortenor,gemdeel,huisnr,huisletter,huisnrtoevoeging,postcode,wplnaam,loctenopzichtevanadres,locoms,bladresregel1,bladresregel2,bladresregel3,bladresregel4,bladresregel5,bladresregel6,landgebied,indpersaangetroffenopadres,nadereaandverval) VALUES('17948','17011','19690516',null,'19690516','19960304','17969','17970',null,'1','2',null,'19690516',null,null,'602','Goudsesingel','Goudsesingel',null,'9',null,null,'3011KD',null,null,null,null,null,null,null,null,null,'229',null,null);
INSERT INTO kern.his_persadres (id,persadres,dataanvgel,dateindegel,tsreg,tsverval,actieinh,actieverval,actieaanpgel,srt,rdnwijz,aangadresh,dataanvadresh,identcodeadresseerbaarobject,identcodenraand,gem,nor,afgekortenor,gemdeel,huisnr,huisletter,huisnrtoevoeging,postcode,wplnaam,loctenopzichtevanadres,locoms,bladresregel1,bladresregel2,bladresregel3,bladresregel4,bladresregel5,bladresregel6,landgebied,indpersaangetroffenopadres,nadereaandverval) VALUES('17947','17012','20000228',null,'20000228',null,'17968',null,null,'1','1','3','20000228',null,null,'347','Biltstraat','Biltstraat',null,'7',null,null,'3572AA','Smalle Ee',null,null,null,null,null,null,null,null,'229',null,null);
INSERT INTO kern.his_persadres (id,persadres,dataanvgel,dateindegel,tsreg,tsverval,actieinh,actieverval,actieaanpgel,srt,rdnwijz,aangadresh,dataanvadresh,identcodeadresseerbaarobject,identcodenraand,gem,nor,afgekortenor,gemdeel,huisnr,huisletter,huisnrtoevoeging,postcode,wplnaam,loctenopzichtevanadres,locoms,bladresregel1,bladresregel2,bladresregel3,bladresregel4,bladresregel5,bladresregel6,landgebied,indpersaangetroffenopadres,nadereaandverval) VALUES('17946','17012','19771210','20000228','20000228',null,'17967',null,'17968','1','2',null,'19771210',null,null,'629','Baron Schimmelpenninck van der Oyelaan','S vd Oyeln',null,'1',null,null,'2252EB',null,null,null,null,null,null,null,null,null,'229',null,null);
INSERT INTO kern.his_persadres (id,persadres,dataanvgel,dateindegel,tsreg,tsverval,actieinh,actieverval,actieaanpgel,srt,rdnwijz,aangadresh,dataanvadresh,identcodeadresseerbaarobject,identcodenraand,gem,nor,afgekortenor,gemdeel,huisnr,huisletter,huisnrtoevoeging,postcode,wplnaam,loctenopzichtevanadres,locoms,bladresregel1,bladresregel2,bladresregel3,bladresregel4,bladresregel5,bladresregel6,landgebied,indpersaangetroffenopadres,nadereaandverval) VALUES('17945','17012','19771210',null,'19771210','20000228','17967','17968',null,'1','2',null,'19771210',null,null,'629','Baron Schimmelpenninck van der Oyelaan','S vd Oyeln',null,'1',null,null,'2252EB',null,null,null,null,null,null,null,null,null,'229',null,null);
INSERT INTO kern.his_persadres (id,persadres,dataanvgel,dateindegel,tsreg,tsverval,actieinh,actieverval,actieaanpgel,srt,rdnwijz,aangadresh,dataanvadresh,identcodeadresseerbaarobject,identcodenraand,gem,nor,afgekortenor,gemdeel,huisnr,huisletter,huisnrtoevoeging,postcode,wplnaam,loctenopzichtevanadres,locoms,bladresregel1,bladresregel2,bladresregel3,bladresregel4,bladresregel5,bladresregel6,landgebied,indpersaangetroffenopadres,nadereaandverval) VALUES('17944','17013','19920508',null,'19920508',null,'17966',null,null,'1','1','3','19920508',null,null,'347','Vredenburg','Vredenburg',null,'27',null,null,'3511BC','Smalle Ee',null,null,null,null,null,null,null,null,'229',null,null);
INSERT INTO kern.his_persadres (id,persadres,dataanvgel,dateindegel,tsreg,tsverval,actieinh,actieverval,actieaanpgel,srt,rdnwijz,aangadresh,dataanvadresh,identcodeadresseerbaarobject,identcodenraand,gem,nor,afgekortenor,gemdeel,huisnr,huisletter,huisnrtoevoeging,postcode,wplnaam,loctenopzichtevanadres,locoms,bladresregel1,bladresregel2,bladresregel3,bladresregel4,bladresregel5,bladresregel6,landgebied,indpersaangetroffenopadres,nadereaandverval) VALUES('17943','17013','19550602','19920508','19920508',null,'17965',null,'17966','1','2',null,'19550602',null,null,'991','Weerterbeekweg','Weerterbeekweg',null,'22',null,null,'6001VH',null,null,null,null,null,null,null,null,null,'229',null,null);
INSERT INTO kern.his_persadres (id,persadres,dataanvgel,dateindegel,tsreg,tsverval,actieinh,actieverval,actieaanpgel,srt,rdnwijz,aangadresh,dataanvadresh,identcodeadresseerbaarobject,identcodenraand,gem,nor,afgekortenor,gemdeel,huisnr,huisletter,huisnrtoevoeging,postcode,wplnaam,loctenopzichtevanadres,locoms,bladresregel1,bladresregel2,bladresregel3,bladresregel4,bladresregel5,bladresregel6,landgebied,indpersaangetroffenopadres,nadereaandverval) VALUES('17942','17013','19550602',null,'19550602','19920508','17965','17966',null,'1','2',null,'19550602',null,null,'991','Weerterbeekweg','Weerterbeekweg',null,'22',null,null,'6001VH',null,null,null,null,null,null,null,null,null,'229',null,null);
INSERT INTO kern.his_persadres (id,persadres,dataanvgel,dateindegel,tsreg,tsverval,actieinh,actieverval,actieaanpgel,srt,rdnwijz,aangadresh,dataanvadresh,identcodeadresseerbaarobject,identcodenraand,gem,nor,afgekortenor,gemdeel,huisnr,huisletter,huisnrtoevoeging,postcode,wplnaam,loctenopzichtevanadres,locoms,bladresregel1,bladresregel2,bladresregel3,bladresregel4,bladresregel5,bladresregel6,landgebied,indpersaangetroffenopadres,nadereaandverval) VALUES('17941','17014','19780611',null,'19780611',null,'17964',null,null,'1','2',null,'19780611',null,null,'347','Neude','Neude',null,'19',null,null,'3512AD','Smalle Ee',null,null,null,null,null,null,null,null,'229',null,null);
INSERT INTO kern.his_persadres (id,persadres,dataanvgel,dateindegel,tsreg,tsverval,actieinh,actieverval,actieaanpgel,srt,rdnwijz,aangadresh,dataanvadresh,identcodeadresseerbaarobject,identcodenraand,gem,nor,afgekortenor,gemdeel,huisnr,huisletter,huisnrtoevoeging,postcode,wplnaam,loctenopzichtevanadres,locoms,bladresregel1,bladresregel2,bladresregel3,bladresregel4,bladresregel5,bladresregel6,landgebied,indpersaangetroffenopadres,nadereaandverval) VALUES('17940','17015','20110425',null,'20110425',null,'17963',null,null,'1','1','3','20110425',null,null,'347','Vredenburg','Vredenburg',null,'3',null,null,'3511BA','Smalle Ee',null,null,null,null,null,null,null,null,'229',null,null);
INSERT INTO kern.his_persadres (id,persadres,dataanvgel,dateindegel,tsreg,tsverval,actieinh,actieverval,actieaanpgel,srt,rdnwijz,aangadresh,dataanvadresh,identcodeadresseerbaarobject,identcodenraand,gem,nor,afgekortenor,gemdeel,huisnr,huisletter,huisnrtoevoeging,postcode,wplnaam,loctenopzichtevanadres,locoms,bladresregel1,bladresregel2,bladresregel3,bladresregel4,bladresregel5,bladresregel6,landgebied,indpersaangetroffenopadres,nadereaandverval) VALUES('17939','17015','19880425','20110425','20110425',null,'17962',null,'17963','1','2',null,'19880425',null,null,'94','Franekervaart','Franekervaart',null,'22',null,null,'8602AA',null,null,null,null,null,null,null,null,null,'229',null,null);
INSERT INTO kern.his_persadres (id,persadres,dataanvgel,dateindegel,tsreg,tsverval,actieinh,actieverval,actieaanpgel,srt,rdnwijz,aangadresh,dataanvadresh,identcodeadresseerbaarobject,identcodenraand,gem,nor,afgekortenor,gemdeel,huisnr,huisletter,huisnrtoevoeging,postcode,wplnaam,loctenopzichtevanadres,locoms,bladresregel1,bladresregel2,bladresregel3,bladresregel4,bladresregel5,bladresregel6,landgebied,indpersaangetroffenopadres,nadereaandverval) VALUES('17938','17015','19880425',null,'19880425','20110425','17962','17963',null,'1','2',null,'19880425',null,null,'94','Franekervaart','Franekervaart',null,'22',null,null,'8602AA',null,null,null,null,null,null,null,null,null,'229',null,null);
INSERT INTO kern.his_persadres (id,persadres,dataanvgel,dateindegel,tsreg,tsverval,actieinh,actieverval,actieaanpgel,srt,rdnwijz,aangadresh,dataanvadresh,identcodeadresseerbaarobject,identcodenraand,gem,nor,afgekortenor,gemdeel,huisnr,huisletter,huisnrtoevoeging,postcode,wplnaam,loctenopzichtevanadres,locoms,bladresregel1,bladresregel2,bladresregel3,bladresregel4,bladresregel5,bladresregel6,landgebied,indpersaangetroffenopadres,nadereaandverval) VALUES('17937','17016','20100626',null,'20100626',null,'17961',null,null,'1','1','3','20100626',null,null,'347','Biltstraat','Biltstraat',null,'5',null,null,'3572AA','Smalle Ee',null,null,null,null,null,null,null,null,'229',null,null);
INSERT INTO kern.his_persadres (id,persadres,dataanvgel,dateindegel,tsreg,tsverval,actieinh,actieverval,actieaanpgel,srt,rdnwijz,aangadresh,dataanvadresh,identcodeadresseerbaarobject,identcodenraand,gem,nor,afgekortenor,gemdeel,huisnr,huisletter,huisnrtoevoeging,postcode,wplnaam,loctenopzichtevanadres,locoms,bladresregel1,bladresregel2,bladresregel3,bladresregel4,bladresregel5,bladresregel6,landgebied,indpersaangetroffenopadres,nadereaandverval) VALUES('17936','17016','19880425','20100626','20100626',null,'17960',null,'17961','1','1','3','19880425',null,null,'741','Raadhuisstraat','Raadhuisstraat',null,'1',null,null,'4266EB',null,null,null,null,null,null,null,null,null,'229',null,null);
INSERT INTO kern.his_persadres (id,persadres,dataanvgel,dateindegel,tsreg,tsverval,actieinh,actieverval,actieaanpgel,srt,rdnwijz,aangadresh,dataanvadresh,identcodeadresseerbaarobject,identcodenraand,gem,nor,afgekortenor,gemdeel,huisnr,huisletter,huisnrtoevoeging,postcode,wplnaam,loctenopzichtevanadres,locoms,bladresregel1,bladresregel2,bladresregel3,bladresregel4,bladresregel5,bladresregel6,landgebied,indpersaangetroffenopadres,nadereaandverval) VALUES('17935','17016','19880425',null,'19880425','20100626','17960','17961',null,'1','1','3','19880425',null,null,'741','Raadhuisstraat','Raadhuisstraat',null,'1',null,null,'4266EB',null,null,null,null,null,null,null,null,null,'229',null,null);
INSERT INTO kern.his_persadres (id,persadres,dataanvgel,dateindegel,tsreg,tsverval,actieinh,actieverval,actieaanpgel,srt,rdnwijz,aangadresh,dataanvadresh,identcodeadresseerbaarobject,identcodenraand,gem,nor,afgekortenor,gemdeel,huisnr,huisletter,huisnrtoevoeging,postcode,wplnaam,loctenopzichtevanadres,locoms,bladresregel1,bladresregel2,bladresregel3,bladresregel4,bladresregel5,bladresregel6,landgebied,indpersaangetroffenopadres,nadereaandverval) VALUES('17934','17016','18991210','19880425','19880425',null,'17959',null,'17960','1','2',null,'18991210',null,null,'521','Nieuwe Parklaan','Nieuwe Parklaan',null,'56',null,null,'2597LD',null,null,null,null,null,null,null,null,null,'229',null,null);
INSERT INTO kern.his_persadres (id,persadres,dataanvgel,dateindegel,tsreg,tsverval,actieinh,actieverval,actieaanpgel,srt,rdnwijz,aangadresh,dataanvadresh,identcodeadresseerbaarobject,identcodenraand,gem,nor,afgekortenor,gemdeel,huisnr,huisletter,huisnrtoevoeging,postcode,wplnaam,loctenopzichtevanadres,locoms,bladresregel1,bladresregel2,bladresregel3,bladresregel4,bladresregel5,bladresregel6,landgebied,indpersaangetroffenopadres,nadereaandverval) VALUES('17933','17016','18991210',null,'18991210','19880425','17959','17960',null,'1','2',null,'18991210',null,null,'521','Nieuwe Parklaan','Nieuwe Parklaan',null,'56',null,null,'2597LD',null,null,null,null,null,null,null,null,null,'229',null,null);
INSERT INTO kern.his_persadres (id,persadres,dataanvgel,dateindegel,tsreg,tsverval,actieinh,actieverval,actieaanpgel,srt,rdnwijz,aangadresh,dataanvadresh,identcodeadresseerbaarobject,identcodenraand,gem,nor,afgekortenor,gemdeel,huisnr,huisletter,huisnrtoevoeging,postcode,wplnaam,loctenopzichtevanadres,locoms,bladresregel1,bladresregel2,bladresregel3,bladresregel4,bladresregel5,bladresregel6,landgebied,indpersaangetroffenopadres,nadereaandverval) VALUES('17932','17017','20030327',null,'20030327',null,'17958',null,null,'1','1','3','20030327',null,null,'347','Biltstraat','Biltstraat',null,'152',null,null,'3572BM','Smalle Ee',null,null,null,null,null,null,null,null,'229',null,null);
INSERT INTO kern.his_persadres (id,persadres,dataanvgel,dateindegel,tsreg,tsverval,actieinh,actieverval,actieaanpgel,srt,rdnwijz,aangadresh,dataanvadresh,identcodeadresseerbaarobject,identcodenraand,gem,nor,afgekortenor,gemdeel,huisnr,huisletter,huisnrtoevoeging,postcode,wplnaam,loctenopzichtevanadres,locoms,bladresregel1,bladresregel2,bladresregel3,bladresregel4,bladresregel5,bladresregel6,landgebied,indpersaangetroffenopadres,nadereaandverval) VALUES('17931','17017','19820523','20030327','20030327',null,'17957',null,'17958','1','2',null,'19820523',null,null,'403','Anthonij Miechielsz van Voorthuijsenstraat','A M v Voorthuijsenstr',null,'66',null,null,'1785LG','Egmond-Binnen',null,null,null,null,null,null,null,null,'229',null,null);
INSERT INTO kern.his_persadres (id,persadres,dataanvgel,dateindegel,tsreg,tsverval,actieinh,actieverval,actieaanpgel,srt,rdnwijz,aangadresh,dataanvadresh,identcodeadresseerbaarobject,identcodenraand,gem,nor,afgekortenor,gemdeel,huisnr,huisletter,huisnrtoevoeging,postcode,wplnaam,loctenopzichtevanadres,locoms,bladresregel1,bladresregel2,bladresregel3,bladresregel4,bladresregel5,bladresregel6,landgebied,indpersaangetroffenopadres,nadereaandverval) VALUES('17930','17017','19820523',null,'19820523','20030327','17957','17958',null,'1','2',null,'19820523',null,null,'403','Anthonij Miechielsz van Voorthuijsenstraat','A M v Voorthuijsenstr',null,'66',null,null,'1785LG','Egmond-Binnen',null,null,null,null,null,null,null,null,'229',null,null);
INSERT INTO kern.his_persadres (id,persadres,dataanvgel,dateindegel,tsreg,tsverval,actieinh,actieverval,actieaanpgel,srt,rdnwijz,aangadresh,dataanvadresh,identcodeadresseerbaarobject,identcodenraand,gem,nor,afgekortenor,gemdeel,huisnr,huisletter,huisnrtoevoeging,postcode,wplnaam,loctenopzichtevanadres,locoms,bladresregel1,bladresregel2,bladresregel3,bladresregel4,bladresregel5,bladresregel6,landgebied,indpersaangetroffenopadres,nadereaandverval) VALUES('17929','17018','19911002',null,'19911002',null,'17956',null,null,'1','1','3','19911002',null,null,'347','Biltstraat','Biltstraat',null,'152',null,null,'3572BM','Smalle Ee',null,null,null,null,null,null,null,null,'229',null,null);
INSERT INTO kern.his_persadres (id,persadres,dataanvgel,dateindegel,tsreg,tsverval,actieinh,actieverval,actieaanpgel,srt,rdnwijz,aangadresh,dataanvadresh,identcodeadresseerbaarobject,identcodenraand,gem,nor,afgekortenor,gemdeel,huisnr,huisletter,huisnrtoevoeging,postcode,wplnaam,loctenopzichtevanadres,locoms,bladresregel1,bladresregel2,bladresregel3,bladresregel4,bladresregel5,bladresregel6,landgebied,indpersaangetroffenopadres,nadereaandverval) VALUES('17928','17018','19840411','19911002','19911002',null,'17955',null,'17956','1','2',null,'19840411',null,null,'508','Nieuwe Haven','Nieuwe Haven',null,'13',null,null,'3311AP','Alkmaar',null,null,null,null,null,null,null,null,'229',null,null);
INSERT INTO kern.his_persadres (id,persadres,dataanvgel,dateindegel,tsreg,tsverval,actieinh,actieverval,actieaanpgel,srt,rdnwijz,aangadresh,dataanvadresh,identcodeadresseerbaarobject,identcodenraand,gem,nor,afgekortenor,gemdeel,huisnr,huisletter,huisnrtoevoeging,postcode,wplnaam,loctenopzichtevanadres,locoms,bladresregel1,bladresregel2,bladresregel3,bladresregel4,bladresregel5,bladresregel6,landgebied,indpersaangetroffenopadres,nadereaandverval) VALUES('17927','17018','19840411',null,'19840411','19911002','17955','17956',null,'1','2',null,'19840411',null,null,'508','Nieuwe Haven','Nieuwe Haven',null,'13',null,null,'3311AP','Alkmaar',null,null,null,null,null,null,null,null,'229',null,null);
INSERT INTO kern.his_persadres (id,persadres,dataanvgel,dateindegel,tsreg,tsverval,actieinh,actieverval,actieaanpgel,srt,rdnwijz,aangadresh,dataanvadresh,identcodeadresseerbaarobject,identcodenraand,gem,nor,afgekortenor,gemdeel,huisnr,huisletter,huisnrtoevoeging,postcode,wplnaam,loctenopzichtevanadres,locoms,bladresregel1,bladresregel2,bladresregel3,bladresregel4,bladresregel5,bladresregel6,landgebied,indpersaangetroffenopadres,nadereaandverval) VALUES('17926','17019','19901111',null,'19901111',null,'17954',null,null,'1','1','3','19901111',null,null,'347','Biltstraat','Biltstraat',null,'172',null,null,'3572BP','Smalle Ee',null,null,null,null,null,null,null,null,'229',null,null);
INSERT INTO kern.his_persadres (id,persadres,dataanvgel,dateindegel,tsreg,tsverval,actieinh,actieverval,actieaanpgel,srt,rdnwijz,aangadresh,dataanvadresh,identcodeadresseerbaarobject,identcodenraand,gem,nor,afgekortenor,gemdeel,huisnr,huisletter,huisnrtoevoeging,postcode,wplnaam,loctenopzichtevanadres,locoms,bladresregel1,bladresregel2,bladresregel3,bladresregel4,bladresregel5,bladresregel6,landgebied,indpersaangetroffenopadres,nadereaandverval) VALUES('17925','17019','19741026','19901111','19901111',null,'17953',null,'17954','1','2',null,'19741026',null,null,'522','Marktplein','Marktplein',null,'18',null,null,'2691BV','Honselersdijk',null,null,null,null,null,null,null,null,'229',null,null);
INSERT INTO kern.his_persadres (id,persadres,dataanvgel,dateindegel,tsreg,tsverval,actieinh,actieverval,actieaanpgel,srt,rdnwijz,aangadresh,dataanvadresh,identcodeadresseerbaarobject,identcodenraand,gem,nor,afgekortenor,gemdeel,huisnr,huisletter,huisnrtoevoeging,postcode,wplnaam,loctenopzichtevanadres,locoms,bladresregel1,bladresregel2,bladresregel3,bladresregel4,bladresregel5,bladresregel6,landgebied,indpersaangetroffenopadres,nadereaandverval) VALUES('17924','17019','19741026',null,'19741026','19901111','17953','17954',null,'1','2',null,'19741026',null,null,'522','Marktplein','Marktplein',null,'18',null,null,'2691BV','Honselersdijk',null,null,null,null,null,null,null,null,'229',null,null);
INSERT INTO kern.his_persadres (id,persadres,dataanvgel,dateindegel,tsreg,tsverval,actieinh,actieverval,actieaanpgel,srt,rdnwijz,aangadresh,dataanvadresh,identcodeadresseerbaarobject,identcodenraand,gem,nor,afgekortenor,gemdeel,huisnr,huisletter,huisnrtoevoeging,postcode,wplnaam,loctenopzichtevanadres,locoms,bladresregel1,bladresregel2,bladresregel3,bladresregel4,bladresregel5,bladresregel6,landgebied,indpersaangetroffenopadres,nadereaandverval) VALUES('17923','17020','19820528',null,'19820528',null,'17952',null,null,'1','1','3','19820528',null,null,'347','Biltstraat','Biltstraat',null,'172',null,null,'3572BP','Smalle Ee',null,null,null,null,null,null,null,null,'229',null,null);
INSERT INTO kern.his_persadres (id,persadres,dataanvgel,dateindegel,tsreg,tsverval,actieinh,actieverval,actieaanpgel,srt,rdnwijz,aangadresh,dataanvadresh,identcodeadresseerbaarobject,identcodenraand,gem,nor,afgekortenor,gemdeel,huisnr,huisletter,huisnrtoevoeging,postcode,wplnaam,loctenopzichtevanadres,locoms,bladresregel1,bladresregel2,bladresregel3,bladresregel4,bladresregel5,bladresregel6,landgebied,indpersaangetroffenopadres,nadereaandverval) VALUES('17922','17020','19760103','19820528','19820528',null,'17951',null,'17952','1','2',null,'19760103',null,null,'403','Middenweg','Middenweg ',null,'159',null,null,'1782BE','Egmond-Binnen',null,null,null,null,null,null,null,null,'229',null,null);
INSERT INTO kern.his_persadres (id,persadres,dataanvgel,dateindegel,tsreg,tsverval,actieinh,actieverval,actieaanpgel,srt,rdnwijz,aangadresh,dataanvadresh,identcodeadresseerbaarobject,identcodenraand,gem,nor,afgekortenor,gemdeel,huisnr,huisletter,huisnrtoevoeging,postcode,wplnaam,loctenopzichtevanadres,locoms,bladresregel1,bladresregel2,bladresregel3,bladresregel4,bladresregel5,bladresregel6,landgebied,indpersaangetroffenopadres,nadereaandverval) VALUES('17921','17020','19760103',null,'19760103','19820528','17951','17952',null,'1','2',null,'19760103',null,null,'403','Middenweg','Middenweg ',null,'159',null,null,'1782BE','Egmond-Binnen',null,null,null,null,null,null,null,null,'229',null,null);
INSERT INTO kern.his_persadres (id,persadres,dataanvgel,dateindegel,tsreg,tsverval,actieinh,actieverval,actieaanpgel,srt,rdnwijz,aangadresh,dataanvadresh,identcodeadresseerbaarobject,identcodenraand,gem,nor,afgekortenor,gemdeel,huisnr,huisletter,huisnrtoevoeging,postcode,wplnaam,loctenopzichtevanadres,locoms,bladresregel1,bladresregel2,bladresregel3,bladresregel4,bladresregel5,bladresregel6,landgebied,indpersaangetroffenopadres,nadereaandverval) VALUES('17920','17021','20010328',null,'20010328',null,'17950',null,null,'1','1','3','20010328',null,null,'347','Vredenburg ','Vredenburg ',null,'81',null,null,'3511BD','Smalle Ee',null,null,null,null,null,null,null,null,'229',null,null);
INSERT INTO kern.his_persadres (id,persadres,dataanvgel,dateindegel,tsreg,tsverval,actieinh,actieverval,actieaanpgel,srt,rdnwijz,aangadresh,dataanvadresh,identcodeadresseerbaarobject,identcodenraand,gem,nor,afgekortenor,gemdeel,huisnr,huisletter,huisnrtoevoeging,postcode,wplnaam,loctenopzichtevanadres,locoms,bladresregel1,bladresregel2,bladresregel3,bladresregel4,bladresregel5,bladresregel6,landgebied,indpersaangetroffenopadres,nadereaandverval) VALUES('17919','17021','19920516','20010328','20010328',null,'17949',null,'17950','1','2',null,'19920516',null,null,'342','Molenstraat','Molenstraat',null,'27',null,null,'3927AB','Delft',null,null,null,null,null,null,null,null,'229',null,null);
INSERT INTO kern.his_persadres (id,persadres,dataanvgel,dateindegel,tsreg,tsverval,actieinh,actieverval,actieaanpgel,srt,rdnwijz,aangadresh,dataanvadresh,identcodeadresseerbaarobject,identcodenraand,gem,nor,afgekortenor,gemdeel,huisnr,huisletter,huisnrtoevoeging,postcode,wplnaam,loctenopzichtevanadres,locoms,bladresregel1,bladresregel2,bladresregel3,bladresregel4,bladresregel5,bladresregel6,landgebied,indpersaangetroffenopadres,nadereaandverval) VALUES('17918','17021','19920516',null,'19920516','20010328','17949','17950',null,'1','2',null,'19920516',null,null,'342','Molenstraat','Molenstraat',null,'27',null,null,'3927AB','Delft',null,null,null,null,null,null,null,null,'229',null,null);
INSERT INTO kern.his_persadres (id,persadres,dataanvgel,dateindegel,tsreg,tsverval,actieinh,actieverval,actieaanpgel,srt,rdnwijz,aangadresh,dataanvadresh,identcodeadresseerbaarobject,identcodenraand,gem,nor,afgekortenor,gemdeel,huisnr,huisletter,huisnrtoevoeging,postcode,wplnaam,loctenopzichtevanadres,locoms,bladresregel1,bladresregel2,bladresregel3,bladresregel4,bladresregel5,bladresregel6,landgebied,indpersaangetroffenopadres,nadereaandverval) VALUES('17917','17022','20101002',null,'20101002',null,'17948',null,null,'1','1','3','20101002',null,null,'347','Biltstraat','Biltstraat',null,'119',null,null,'3572AP','Smalle Ee',null,null,null,null,null,null,null,null,'229',null,null);
INSERT INTO kern.his_persadres (id,persadres,dataanvgel,dateindegel,tsreg,tsverval,actieinh,actieverval,actieaanpgel,srt,rdnwijz,aangadresh,dataanvadresh,identcodeadresseerbaarobject,identcodenraand,gem,nor,afgekortenor,gemdeel,huisnr,huisletter,huisnrtoevoeging,postcode,wplnaam,loctenopzichtevanadres,locoms,bladresregel1,bladresregel2,bladresregel3,bladresregel4,bladresregel5,bladresregel6,landgebied,indpersaangetroffenopadres,nadereaandverval) VALUES('17916','17022','19951110','20101002','20101002',null,'17947',null,'17948','1','2',null,'19951110',null,null,'508','Nieuwe Haven','Nieuwe Haven',null,'29',null,null,'3311AP','Alkmaar',null,null,null,null,null,null,null,null,'229',null,null);
INSERT INTO kern.his_persadres (id,persadres,dataanvgel,dateindegel,tsreg,tsverval,actieinh,actieverval,actieaanpgel,srt,rdnwijz,aangadresh,dataanvadresh,identcodeadresseerbaarobject,identcodenraand,gem,nor,afgekortenor,gemdeel,huisnr,huisletter,huisnrtoevoeging,postcode,wplnaam,loctenopzichtevanadres,locoms,bladresregel1,bladresregel2,bladresregel3,bladresregel4,bladresregel5,bladresregel6,landgebied,indpersaangetroffenopadres,nadereaandverval) VALUES('17915','17022','19951110',null,'19951110','20101002','17947','17948',null,'1','2',null,'19951110',null,null,'508','Nieuwe Haven','Nieuwe Haven',null,'29',null,null,'3311AP','Alkmaar',null,null,null,null,null,null,null,null,'229',null,null);
INSERT INTO kern.his_persadres (id,persadres,dataanvgel,dateindegel,tsreg,tsverval,actieinh,actieverval,actieaanpgel,srt,rdnwijz,aangadresh,dataanvadresh,identcodeadresseerbaarobject,identcodenraand,gem,nor,afgekortenor,gemdeel,huisnr,huisletter,huisnrtoevoeging,postcode,wplnaam,loctenopzichtevanadres,locoms,bladresregel1,bladresregel2,bladresregel3,bladresregel4,bladresregel5,bladresregel6,landgebied,indpersaangetroffenopadres,nadereaandverval) VALUES('17914','17023','19970605',null,'19970605',null,'17946',null,null,'1','1','3','19970605',null,null,'347','Vredenburg ','Vredenburg ',null,'83',null,null,'3511BD','Smalle Ee',null,null,null,null,null,null,null,null,'229',null,null);
INSERT INTO kern.his_persadres (id,persadres,dataanvgel,dateindegel,tsreg,tsverval,actieinh,actieverval,actieaanpgel,srt,rdnwijz,aangadresh,dataanvadresh,identcodeadresseerbaarobject,identcodenraand,gem,nor,afgekortenor,gemdeel,huisnr,huisletter,huisnrtoevoeging,postcode,wplnaam,loctenopzichtevanadres,locoms,bladresregel1,bladresregel2,bladresregel3,bladresregel4,bladresregel5,bladresregel6,landgebied,indpersaangetroffenopadres,nadereaandverval) VALUES('17913','17023','19680310','19970605','19970605',null,'17945',null,'17946','1','2',null,'19680310',null,null,'403','Anthonij Miechielsz van Voorthuijsenstraat','A M v Voorthuijsenstr',null,'66',null,null,'1785LG','Egmond-Binnen',null,null,null,null,null,null,null,null,'229',null,null);
INSERT INTO kern.his_persadres (id,persadres,dataanvgel,dateindegel,tsreg,tsverval,actieinh,actieverval,actieaanpgel,srt,rdnwijz,aangadresh,dataanvadresh,identcodeadresseerbaarobject,identcodenraand,gem,nor,afgekortenor,gemdeel,huisnr,huisletter,huisnrtoevoeging,postcode,wplnaam,loctenopzichtevanadres,locoms,bladresregel1,bladresregel2,bladresregel3,bladresregel4,bladresregel5,bladresregel6,landgebied,indpersaangetroffenopadres,nadereaandverval) VALUES('17912','17023','19680310',null,'19680310','19970605','17945','17946',null,'1','2',null,'19680310',null,null,'403','Anthonij Miechielsz van Voorthuijsenstraat','A M v Voorthuijsenstr',null,'66',null,null,'1785LG','Egmond-Binnen',null,null,null,null,null,null,null,null,'229',null,null);
INSERT INTO kern.his_persadres (id,persadres,dataanvgel,dateindegel,tsreg,tsverval,actieinh,actieverval,actieaanpgel,srt,rdnwijz,aangadresh,dataanvadresh,identcodeadresseerbaarobject,identcodenraand,gem,nor,afgekortenor,gemdeel,huisnr,huisletter,huisnrtoevoeging,postcode,wplnaam,loctenopzichtevanadres,locoms,bladresregel1,bladresregel2,bladresregel3,bladresregel4,bladresregel5,bladresregel6,landgebied,indpersaangetroffenopadres,nadereaandverval) VALUES('17911','17024','19790928',null,'19790928',null,'17944',null,null,'1','1','3','19790928',null,null,'347','Biltstraat','Biltstraat',null,'121',null,null,'3572AP','Smalle Ee',null,null,null,null,null,null,null,null,'229',null,null);
INSERT INTO kern.his_persadres (id,persadres,dataanvgel,dateindegel,tsreg,tsverval,actieinh,actieverval,actieaanpgel,srt,rdnwijz,aangadresh,dataanvadresh,identcodeadresseerbaarobject,identcodenraand,gem,nor,afgekortenor,gemdeel,huisnr,huisletter,huisnrtoevoeging,postcode,wplnaam,loctenopzichtevanadres,locoms,bladresregel1,bladresregel2,bladresregel3,bladresregel4,bladresregel5,bladresregel6,landgebied,indpersaangetroffenopadres,nadereaandverval) VALUES('17910','17024','19770401','19790928','19790928',null,'17943',null,'17944','1','2',null,'19770401',null,null,'366','Bonairestraat','Bonairestraat',null,'23',null,null,'1058XC','Amsterdam',null,null,null,null,null,null,null,null,'229',null,null);
INSERT INTO kern.his_persadres (id,persadres,dataanvgel,dateindegel,tsreg,tsverval,actieinh,actieverval,actieaanpgel,srt,rdnwijz,aangadresh,dataanvadresh,identcodeadresseerbaarobject,identcodenraand,gem,nor,afgekortenor,gemdeel,huisnr,huisletter,huisnrtoevoeging,postcode,wplnaam,loctenopzichtevanadres,locoms,bladresregel1,bladresregel2,bladresregel3,bladresregel4,bladresregel5,bladresregel6,landgebied,indpersaangetroffenopadres,nadereaandverval) VALUES('17909','17024','19770401',null,'19770401','19790928','17943','17944',null,'1','2',null,'19770401',null,null,'366','Bonairestraat','Bonairestraat',null,'23',null,null,'1058XC','Amsterdam',null,null,null,null,null,null,null,null,'229',null,null);
INSERT INTO kern.his_persadres (id,persadres,dataanvgel,dateindegel,tsreg,tsverval,actieinh,actieverval,actieaanpgel,srt,rdnwijz,aangadresh,dataanvadresh,identcodeadresseerbaarobject,identcodenraand,gem,nor,afgekortenor,gemdeel,huisnr,huisletter,huisnrtoevoeging,postcode,wplnaam,loctenopzichtevanadres,locoms,bladresregel1,bladresregel2,bladresregel3,bladresregel4,bladresregel5,bladresregel6,landgebied,indpersaangetroffenopadres,nadereaandverval) VALUES('17908','17025','19950929',null,'19950929',null,'17942',null,null,'1','1','3','19950929',null,null,'347','Vredenburg ','Vredenburg ',null,'42',null,null,'3511BD','Smalle Ee',null,null,null,null,null,null,null,null,'229',null,null);
INSERT INTO kern.his_persadres (id,persadres,dataanvgel,dateindegel,tsreg,tsverval,actieinh,actieverval,actieaanpgel,srt,rdnwijz,aangadresh,dataanvadresh,identcodeadresseerbaarobject,identcodenraand,gem,nor,afgekortenor,gemdeel,huisnr,huisletter,huisnrtoevoeging,postcode,wplnaam,loctenopzichtevanadres,locoms,bladresregel1,bladresregel2,bladresregel3,bladresregel4,bladresregel5,bladresregel6,landgebied,indpersaangetroffenopadres,nadereaandverval) VALUES('17907','17025','19880611','19950929','19950929',null,'17941',null,'17942','1','2',null,'19880611',null,null,'366','Bonairestraat','Bonairestraat',null,'37',null,null,'1058XC','Amsterdam',null,null,null,null,null,null,null,null,'229',null,null);
INSERT INTO kern.his_persadres (id,persadres,dataanvgel,dateindegel,tsreg,tsverval,actieinh,actieverval,actieaanpgel,srt,rdnwijz,aangadresh,dataanvadresh,identcodeadresseerbaarobject,identcodenraand,gem,nor,afgekortenor,gemdeel,huisnr,huisletter,huisnrtoevoeging,postcode,wplnaam,loctenopzichtevanadres,locoms,bladresregel1,bladresregel2,bladresregel3,bladresregel4,bladresregel5,bladresregel6,landgebied,indpersaangetroffenopadres,nadereaandverval) VALUES('17906','17025','19880611',null,'19880611','19950929','17941','17942',null,'1','2',null,'19880611',null,null,'366','Bonairestraat','Bonairestraat',null,'37',null,null,'1058XC','Amsterdam',null,null,null,null,null,null,null,null,'229',null,null);
INSERT INTO kern.his_persadres (id,persadres,dataanvgel,dateindegel,tsreg,tsverval,actieinh,actieverval,actieaanpgel,srt,rdnwijz,aangadresh,dataanvadresh,identcodeadresseerbaarobject,identcodenraand,gem,nor,afgekortenor,gemdeel,huisnr,huisletter,huisnrtoevoeging,postcode,wplnaam,loctenopzichtevanadres,locoms,bladresregel1,bladresregel2,bladresregel3,bladresregel4,bladresregel5,bladresregel6,landgebied,indpersaangetroffenopadres,nadereaandverval) VALUES('17905','17026','20000101',null,'20000101',null,'17940',null,null,'1','1','3','20000101',null,null,'347','Biltstraat','Biltstraat',null,'115',null,null,'3572AP','Smalle Ee',null,null,null,null,null,null,null,null,'229',null,null);
INSERT INTO kern.his_persadres (id,persadres,dataanvgel,dateindegel,tsreg,tsverval,actieinh,actieverval,actieaanpgel,srt,rdnwijz,aangadresh,dataanvadresh,identcodeadresseerbaarobject,identcodenraand,gem,nor,afgekortenor,gemdeel,huisnr,huisletter,huisnrtoevoeging,postcode,wplnaam,loctenopzichtevanadres,locoms,bladresregel1,bladresregel2,bladresregel3,bladresregel4,bladresregel5,bladresregel6,landgebied,indpersaangetroffenopadres,nadereaandverval) VALUES('17904','17026','19910721','20000101','20000101',null,'17939',null,'17940','1','2',null,'19910721',null,null,'506','Markt','Markt',null,'80',null,null,'2611GW','Scherpenzeel',null,null,null,null,null,null,null,null,'229',null,null);
INSERT INTO kern.his_persadres (id,persadres,dataanvgel,dateindegel,tsreg,tsverval,actieinh,actieverval,actieaanpgel,srt,rdnwijz,aangadresh,dataanvadresh,identcodeadresseerbaarobject,identcodenraand,gem,nor,afgekortenor,gemdeel,huisnr,huisletter,huisnrtoevoeging,postcode,wplnaam,loctenopzichtevanadres,locoms,bladresregel1,bladresregel2,bladresregel3,bladresregel4,bladresregel5,bladresregel6,landgebied,indpersaangetroffenopadres,nadereaandverval) VALUES('17903','17026','19910721',null,'19910721','20000101','17939','17940',null,'1','2',null,'19910721',null,null,'506','Markt','Markt',null,'80',null,null,'2611GW','Scherpenzeel',null,null,null,null,null,null,null,null,'229',null,null);
INSERT INTO kern.his_persadres (id,persadres,dataanvgel,dateindegel,tsreg,tsverval,actieinh,actieverval,actieaanpgel,srt,rdnwijz,aangadresh,dataanvadresh,identcodeadresseerbaarobject,identcodenraand,gem,nor,afgekortenor,gemdeel,huisnr,huisletter,huisnrtoevoeging,postcode,wplnaam,loctenopzichtevanadres,locoms,bladresregel1,bladresregel2,bladresregel3,bladresregel4,bladresregel5,bladresregel6,landgebied,indpersaangetroffenopadres,nadereaandverval) VALUES('17902','17027','20031024',null,'20031024',null,'17938',null,null,'1','1','3','20031024',null,null,'347','Biltstraat','Biltstraat',null,'117',null,null,'3572AP','Smalle Ee',null,null,null,null,null,null,null,null,'229',null,null);
INSERT INTO kern.his_persadres (id,persadres,dataanvgel,dateindegel,tsreg,tsverval,actieinh,actieverval,actieaanpgel,srt,rdnwijz,aangadresh,dataanvadresh,identcodeadresseerbaarobject,identcodenraand,gem,nor,afgekortenor,gemdeel,huisnr,huisletter,huisnrtoevoeging,postcode,wplnaam,loctenopzichtevanadres,locoms,bladresregel1,bladresregel2,bladresregel3,bladresregel4,bladresregel5,bladresregel6,landgebied,indpersaangetroffenopadres,nadereaandverval) VALUES('17901','17027','19910911','20031024','20031024',null,'17937',null,'17938','1','2',null,'19910911',null,null,'1415','Rafaëlweg','Rafaëlweg',null,'8',null,null,'6114BZ','Koningsbosch',null,null,null,null,null,null,null,null,'229',null,null);
INSERT INTO kern.his_persadres (id,persadres,dataanvgel,dateindegel,tsreg,tsverval,actieinh,actieverval,actieaanpgel,srt,rdnwijz,aangadresh,dataanvadresh,identcodeadresseerbaarobject,identcodenraand,gem,nor,afgekortenor,gemdeel,huisnr,huisletter,huisnrtoevoeging,postcode,wplnaam,loctenopzichtevanadres,locoms,bladresregel1,bladresregel2,bladresregel3,bladresregel4,bladresregel5,bladresregel6,landgebied,indpersaangetroffenopadres,nadereaandverval) VALUES('17900','17027','19910911',null,'19910911','20031024','17937','17938',null,'1','2',null,'19910911',null,null,'1415','Rafaëlweg','Rafaëlweg',null,'8',null,null,'6114BZ','Koningsbosch',null,null,null,null,null,null,null,null,'229',null,null);
INSERT INTO kern.his_persadres (id,persadres,dataanvgel,dateindegel,tsreg,tsverval,actieinh,actieverval,actieaanpgel,srt,rdnwijz,aangadresh,dataanvadresh,identcodeadresseerbaarobject,identcodenraand,gem,nor,afgekortenor,gemdeel,huisnr,huisletter,huisnrtoevoeging,postcode,wplnaam,loctenopzichtevanadres,locoms,bladresregel1,bladresregel2,bladresregel3,bladresregel4,bladresregel5,bladresregel6,landgebied,indpersaangetroffenopadres,nadereaandverval) VALUES('17899','17028','19990616',null,'19990616',null,'17936',null,null,'1','1','3','19990616',null,null,'347','Biltstraat','Biltstraat',null,'117',null,null,'3572AP','Smalle Ee',null,null,null,null,null,null,null,null,'229',null,null);
INSERT INTO kern.his_persadres (id,persadres,dataanvgel,dateindegel,tsreg,tsverval,actieinh,actieverval,actieaanpgel,srt,rdnwijz,aangadresh,dataanvadresh,identcodeadresseerbaarobject,identcodenraand,gem,nor,afgekortenor,gemdeel,huisnr,huisletter,huisnrtoevoeging,postcode,wplnaam,loctenopzichtevanadres,locoms,bladresregel1,bladresregel2,bladresregel3,bladresregel4,bladresregel5,bladresregel6,landgebied,indpersaangetroffenopadres,nadereaandverval) VALUES('17898','17028','19900722','19990616','19990616',null,'17935',null,'17936','1','2',null,'19900722',null,null,'977','Marktstraat ','Marktstraat',null,'16',null,null,'6114HS','Koningsbosch',null,null,null,null,null,null,null,null,'229',null,null);
INSERT INTO kern.his_persadres (id,persadres,dataanvgel,dateindegel,tsreg,tsverval,actieinh,actieverval,actieaanpgel,srt,rdnwijz,aangadresh,dataanvadresh,identcodeadresseerbaarobject,identcodenraand,gem,nor,afgekortenor,gemdeel,huisnr,huisletter,huisnrtoevoeging,postcode,wplnaam,loctenopzichtevanadres,locoms,bladresregel1,bladresregel2,bladresregel3,bladresregel4,bladresregel5,bladresregel6,landgebied,indpersaangetroffenopadres,nadereaandverval) VALUES('17897','17028','19900722',null,'19900722','19990616','17935','17936',null,'1','2',null,'19900722',null,null,'977','Marktstraat ','Marktstraat',null,'16',null,null,'6114HS','Koningsbosch',null,null,null,null,null,null,null,null,'229',null,null);
INSERT INTO kern.his_persadres (id,persadres,dataanvgel,dateindegel,tsreg,tsverval,actieinh,actieverval,actieaanpgel,srt,rdnwijz,aangadresh,dataanvadresh,identcodeadresseerbaarobject,identcodenraand,gem,nor,afgekortenor,gemdeel,huisnr,huisletter,huisnrtoevoeging,postcode,wplnaam,loctenopzichtevanadres,locoms,bladresregel1,bladresregel2,bladresregel3,bladresregel4,bladresregel5,bladresregel6,landgebied,indpersaangetroffenopadres,nadereaandverval) VALUES('17896','17030','20120620',null,'20120620',null,'17934',null,null,'1','1','3','20120620',null,null,'347','Biltstraat','Biltstraat',null,'95',null,null,'3572AL','Smalle Ee',null,null,null,null,null,null,null,null,'229',null,null);
INSERT INTO kern.his_persadres (id,persadres,dataanvgel,dateindegel,tsreg,tsverval,actieinh,actieverval,actieaanpgel,srt,rdnwijz,aangadresh,dataanvadresh,identcodeadresseerbaarobject,identcodenraand,gem,nor,afgekortenor,gemdeel,huisnr,huisletter,huisnrtoevoeging,postcode,wplnaam,loctenopzichtevanadres,locoms,bladresregel1,bladresregel2,bladresregel3,bladresregel4,bladresregel5,bladresregel6,landgebied,indpersaangetroffenopadres,nadereaandverval) VALUES('17895','17030','20091201','20120620','20120620',null,'17933',null,'17934','1','1','3','20091201',null,null,'347','Neude','Neude',null,'30',null,null,'3512AG','Smalle Ee',null,null,null,null,null,null,null,null,'229',null,null);
INSERT INTO kern.his_persadres (id,persadres,dataanvgel,dateindegel,tsreg,tsverval,actieinh,actieverval,actieaanpgel,srt,rdnwijz,aangadresh,dataanvadresh,identcodeadresseerbaarobject,identcodenraand,gem,nor,afgekortenor,gemdeel,huisnr,huisletter,huisnrtoevoeging,postcode,wplnaam,loctenopzichtevanadres,locoms,bladresregel1,bladresregel2,bladresregel3,bladresregel4,bladresregel5,bladresregel6,landgebied,indpersaangetroffenopadres,nadereaandverval) VALUES('17894','17030','20091201',null,'20091201','20120620','17933','17934',null,'1','1','3','20091201',null,null,'347','Neude','Neude',null,'30',null,null,'3512AG','Smalle Ee',null,null,null,null,null,null,null,null,'229',null,null);
INSERT INTO kern.his_persadres (id,persadres,dataanvgel,dateindegel,tsreg,tsverval,actieinh,actieverval,actieaanpgel,srt,rdnwijz,aangadresh,dataanvadresh,identcodeadresseerbaarobject,identcodenraand,gem,nor,afgekortenor,gemdeel,huisnr,huisletter,huisnrtoevoeging,postcode,wplnaam,loctenopzichtevanadres,locoms,bladresregel1,bladresregel2,bladresregel3,bladresregel4,bladresregel5,bladresregel6,landgebied,indpersaangetroffenopadres,nadereaandverval) VALUES('17893','17030','20060201','20091201','20091201',null,'17932',null,'17933','1','1','3','20060201',null,null,'347','Vredenburg ','Vredenburg ',null,'112',null,null,'3511BE','Smalle Ee',null,null,null,null,null,null,null,null,'229',null,null);
INSERT INTO kern.his_persadres (id,persadres,dataanvgel,dateindegel,tsreg,tsverval,actieinh,actieverval,actieaanpgel,srt,rdnwijz,aangadresh,dataanvadresh,identcodeadresseerbaarobject,identcodenraand,gem,nor,afgekortenor,gemdeel,huisnr,huisletter,huisnrtoevoeging,postcode,wplnaam,loctenopzichtevanadres,locoms,bladresregel1,bladresregel2,bladresregel3,bladresregel4,bladresregel5,bladresregel6,landgebied,indpersaangetroffenopadres,nadereaandverval) VALUES('17892','17030','20060201',null,'20060201','20091201','17932','17933',null,'1','1','3','20060201',null,null,'347','Vredenburg ','Vredenburg ',null,'112',null,null,'3511BE','Smalle Ee',null,null,null,null,null,null,null,null,'229',null,null);
INSERT INTO kern.his_persadres (id,persadres,dataanvgel,dateindegel,tsreg,tsverval,actieinh,actieverval,actieaanpgel,srt,rdnwijz,aangadresh,dataanvadresh,identcodeadresseerbaarobject,identcodenraand,gem,nor,afgekortenor,gemdeel,huisnr,huisletter,huisnrtoevoeging,postcode,wplnaam,loctenopzichtevanadres,locoms,bladresregel1,bladresregel2,bladresregel3,bladresregel4,bladresregel5,bladresregel6,landgebied,indpersaangetroffenopadres,nadereaandverval) VALUES('17891','17030','19220419','20060201','20060201',null,'17931',null,'17932','1','2',null,'19220419',null,null,'1239','Zuidweg','Zuidweg',null,'8',null,null,'4316AA','Ouwerkerk',null,null,null,null,null,null,null,null,'229',null,null);
INSERT INTO kern.his_persadres (id,persadres,dataanvgel,dateindegel,tsreg,tsverval,actieinh,actieverval,actieaanpgel,srt,rdnwijz,aangadresh,dataanvadresh,identcodeadresseerbaarobject,identcodenraand,gem,nor,afgekortenor,gemdeel,huisnr,huisletter,huisnrtoevoeging,postcode,wplnaam,loctenopzichtevanadres,locoms,bladresregel1,bladresregel2,bladresregel3,bladresregel4,bladresregel5,bladresregel6,landgebied,indpersaangetroffenopadres,nadereaandverval) VALUES('17890','17030','19220419',null,'19220419','20060201','17931','17932',null,'1','2',null,'19220419',null,null,'1239','Zuidweg','Zuidweg',null,'8',null,null,'4316AA','Ouwerkerk',null,null,null,null,null,null,null,null,'229',null,null);
INSERT INTO kern.his_persadres (id,persadres,dataanvgel,dateindegel,tsreg,tsverval,actieinh,actieverval,actieaanpgel,srt,rdnwijz,aangadresh,dataanvadresh,identcodeadresseerbaarobject,identcodenraand,gem,nor,afgekortenor,gemdeel,huisnr,huisletter,huisnrtoevoeging,postcode,wplnaam,loctenopzichtevanadres,locoms,bladresregel1,bladresregel2,bladresregel3,bladresregel4,bladresregel5,bladresregel6,landgebied,indpersaangetroffenopadres,nadereaandverval) VALUES('17889','17031','20120306',null,'20120306',null,'17930',null,null,'1','1','3','20120306',null,null,'347','Vredenburg ','Vredenburg ',null,'114',null,null,'3511BE','Smalle Ee',null,null,null,null,null,null,null,null,'229',null,null);
INSERT INTO kern.his_persadres (id,persadres,dataanvgel,dateindegel,tsreg,tsverval,actieinh,actieverval,actieaanpgel,srt,rdnwijz,aangadresh,dataanvadresh,identcodeadresseerbaarobject,identcodenraand,gem,nor,afgekortenor,gemdeel,huisnr,huisletter,huisnrtoevoeging,postcode,wplnaam,loctenopzichtevanadres,locoms,bladresregel1,bladresregel2,bladresregel3,bladresregel4,bladresregel5,bladresregel6,landgebied,indpersaangetroffenopadres,nadereaandverval) VALUES('17888','17031','20010926','20120306','20120306',null,'17929',null,'17930','1','1','3','20010926',null,null,'347','Biltstraat','Biltstraat',null,'97',null,null,'3572AM','Smalle Ee',null,null,null,null,null,null,null,null,'229',null,null);
INSERT INTO kern.his_persadres (id,persadres,dataanvgel,dateindegel,tsreg,tsverval,actieinh,actieverval,actieaanpgel,srt,rdnwijz,aangadresh,dataanvadresh,identcodeadresseerbaarobject,identcodenraand,gem,nor,afgekortenor,gemdeel,huisnr,huisletter,huisnrtoevoeging,postcode,wplnaam,loctenopzichtevanadres,locoms,bladresregel1,bladresregel2,bladresregel3,bladresregel4,bladresregel5,bladresregel6,landgebied,indpersaangetroffenopadres,nadereaandverval) VALUES('17887','17031','20010926',null,'20010926','20120306','17929','17930',null,'1','1','3','20010926',null,null,'347','Biltstraat','Biltstraat',null,'97',null,null,'3572AM','Smalle Ee',null,null,null,null,null,null,null,null,'229',null,null);
INSERT INTO kern.his_persadres (id,persadres,dataanvgel,dateindegel,tsreg,tsverval,actieinh,actieverval,actieaanpgel,srt,rdnwijz,aangadresh,dataanvadresh,identcodeadresseerbaarobject,identcodenraand,gem,nor,afgekortenor,gemdeel,huisnr,huisletter,huisnrtoevoeging,postcode,wplnaam,loctenopzichtevanadres,locoms,bladresregel1,bladresregel2,bladresregel3,bladresregel4,bladresregel5,bladresregel6,landgebied,indpersaangetroffenopadres,nadereaandverval) VALUES('17886','17031','20000827','20010926','20010926',null,'17928',null,'17929','1','1','3','20000827',null,null,'347','Neude','Neude',null,'32',null,null,'3512AG','Smalle Ee',null,null,null,null,null,null,null,null,'229',null,null);
INSERT INTO kern.his_persadres (id,persadres,dataanvgel,dateindegel,tsreg,tsverval,actieinh,actieverval,actieaanpgel,srt,rdnwijz,aangadresh,dataanvadresh,identcodeadresseerbaarobject,identcodenraand,gem,nor,afgekortenor,gemdeel,huisnr,huisletter,huisnrtoevoeging,postcode,wplnaam,loctenopzichtevanadres,locoms,bladresregel1,bladresregel2,bladresregel3,bladresregel4,bladresregel5,bladresregel6,landgebied,indpersaangetroffenopadres,nadereaandverval) VALUES('17885','17031','20000827',null,'20000827','20010926','17928','17929',null,'1','1','3','20000827',null,null,'347','Neude','Neude',null,'32',null,null,'3512AG','Smalle Ee',null,null,null,null,null,null,null,null,'229',null,null);
INSERT INTO kern.his_persadres (id,persadres,dataanvgel,dateindegel,tsreg,tsverval,actieinh,actieverval,actieaanpgel,srt,rdnwijz,aangadresh,dataanvadresh,identcodeadresseerbaarobject,identcodenraand,gem,nor,afgekortenor,gemdeel,huisnr,huisletter,huisnrtoevoeging,postcode,wplnaam,loctenopzichtevanadres,locoms,bladresregel1,bladresregel2,bladresregel3,bladresregel4,bladresregel5,bladresregel6,landgebied,indpersaangetroffenopadres,nadereaandverval) VALUES('17884','17031','19920219','20000827','20000827',null,'17927',null,'17928','1','2',null,'19920219',null,null,'977','Marktstraat ','Marktstraat',null,'16',null,null,'6114HS','Koningsbosch',null,null,null,null,null,null,null,null,'229',null,null);
INSERT INTO kern.his_persadres (id,persadres,dataanvgel,dateindegel,tsreg,tsverval,actieinh,actieverval,actieaanpgel,srt,rdnwijz,aangadresh,dataanvadresh,identcodeadresseerbaarobject,identcodenraand,gem,nor,afgekortenor,gemdeel,huisnr,huisletter,huisnrtoevoeging,postcode,wplnaam,loctenopzichtevanadres,locoms,bladresregel1,bladresregel2,bladresregel3,bladresregel4,bladresregel5,bladresregel6,landgebied,indpersaangetroffenopadres,nadereaandverval) VALUES('17883','17031','19920219',null,'19920219','20000827','17927','17928',null,'1','2',null,'19920219',null,null,'977','Marktstraat ','Marktstraat',null,'16',null,null,'6114HS','Koningsbosch',null,null,null,null,null,null,null,null,'229',null,null);
INSERT INTO kern.his_persadres (id,persadres,dataanvgel,dateindegel,tsreg,tsverval,actieinh,actieverval,actieaanpgel,srt,rdnwijz,aangadresh,dataanvadresh,identcodeadresseerbaarobject,identcodenraand,gem,nor,afgekortenor,gemdeel,huisnr,huisletter,huisnrtoevoeging,postcode,wplnaam,loctenopzichtevanadres,locoms,bladresregel1,bladresregel2,bladresregel3,bladresregel4,bladresregel5,bladresregel6,landgebied,indpersaangetroffenopadres,nadereaandverval) VALUES('17882','17032','20120621',null,'20120621',null,'17926',null,null,'1','1','3','20120621',null,null,'347','Neude','Neude',null,'34',null,null,'3512AG','Smalle Ee',null,null,null,null,null,null,null,null,'229',null,null);
INSERT INTO kern.his_persadres (id,persadres,dataanvgel,dateindegel,tsreg,tsverval,actieinh,actieverval,actieaanpgel,srt,rdnwijz,aangadresh,dataanvadresh,identcodeadresseerbaarobject,identcodenraand,gem,nor,afgekortenor,gemdeel,huisnr,huisletter,huisnrtoevoeging,postcode,wplnaam,loctenopzichtevanadres,locoms,bladresregel1,bladresregel2,bladresregel3,bladresregel4,bladresregel5,bladresregel6,landgebied,indpersaangetroffenopadres,nadereaandverval) VALUES('17881','17032','20010301','20120621','20120621',null,'17925',null,'17926','1','1','3','20010301',null,null,'347','Vredenburg ','Vredenburg ',null,'116',null,null,'3511BE','Smalle Ee',null,null,null,null,null,null,null,null,'229',null,null);
INSERT INTO kern.his_persadres (id,persadres,dataanvgel,dateindegel,tsreg,tsverval,actieinh,actieverval,actieaanpgel,srt,rdnwijz,aangadresh,dataanvadresh,identcodeadresseerbaarobject,identcodenraand,gem,nor,afgekortenor,gemdeel,huisnr,huisletter,huisnrtoevoeging,postcode,wplnaam,loctenopzichtevanadres,locoms,bladresregel1,bladresregel2,bladresregel3,bladresregel4,bladresregel5,bladresregel6,landgebied,indpersaangetroffenopadres,nadereaandverval) VALUES('17880','17032','20010301',null,'20010301','20120621','17925','17926',null,'1','1','3','20010301',null,null,'347','Vredenburg ','Vredenburg ',null,'116',null,null,'3511BE','Smalle Ee',null,null,null,null,null,null,null,null,'229',null,null);
INSERT INTO kern.his_persadres (id,persadres,dataanvgel,dateindegel,tsreg,tsverval,actieinh,actieverval,actieaanpgel,srt,rdnwijz,aangadresh,dataanvadresh,identcodeadresseerbaarobject,identcodenraand,gem,nor,afgekortenor,gemdeel,huisnr,huisletter,huisnrtoevoeging,postcode,wplnaam,loctenopzichtevanadres,locoms,bladresregel1,bladresregel2,bladresregel3,bladresregel4,bladresregel5,bladresregel6,landgebied,indpersaangetroffenopadres,nadereaandverval) VALUES('17879','17032','19670601','20010301','20010301',null,'17924',null,'17925','1','1','3','19670601',null,null,'347','Biltstraat','Biltstraat',null,'99',null,null,'3572AM','Smalle Ee',null,null,null,null,null,null,null,null,'229',null,null);
INSERT INTO kern.his_persadres (id,persadres,dataanvgel,dateindegel,tsreg,tsverval,actieinh,actieverval,actieaanpgel,srt,rdnwijz,aangadresh,dataanvadresh,identcodeadresseerbaarobject,identcodenraand,gem,nor,afgekortenor,gemdeel,huisnr,huisletter,huisnrtoevoeging,postcode,wplnaam,loctenopzichtevanadres,locoms,bladresregel1,bladresregel2,bladresregel3,bladresregel4,bladresregel5,bladresregel6,landgebied,indpersaangetroffenopadres,nadereaandverval) VALUES('17878','17032','19670601',null,'19670601','20010301','17924','17925',null,'1','1','3','19670601',null,null,'347','Biltstraat','Biltstraat',null,'99',null,null,'3572AM','Smalle Ee',null,null,null,null,null,null,null,null,'229',null,null);
INSERT INTO kern.his_persadres (id,persadres,dataanvgel,dateindegel,tsreg,tsverval,actieinh,actieverval,actieaanpgel,srt,rdnwijz,aangadresh,dataanvadresh,identcodeadresseerbaarobject,identcodenraand,gem,nor,afgekortenor,gemdeel,huisnr,huisletter,huisnrtoevoeging,postcode,wplnaam,loctenopzichtevanadres,locoms,bladresregel1,bladresregel2,bladresregel3,bladresregel4,bladresregel5,bladresregel6,landgebied,indpersaangetroffenopadres,nadereaandverval) VALUES('17877','17032','19510923','19670601','19670601',null,'17923',null,'17924','1','2',null,'19510923',null,null,'522','Marktplein','Marktplein',null,'18',null,null,'2691BV','Honselersdijk',null,null,null,null,null,null,null,null,'229',null,null);
INSERT INTO kern.his_persadres (id,persadres,dataanvgel,dateindegel,tsreg,tsverval,actieinh,actieverval,actieaanpgel,srt,rdnwijz,aangadresh,dataanvadresh,identcodeadresseerbaarobject,identcodenraand,gem,nor,afgekortenor,gemdeel,huisnr,huisletter,huisnrtoevoeging,postcode,wplnaam,loctenopzichtevanadres,locoms,bladresregel1,bladresregel2,bladresregel3,bladresregel4,bladresregel5,bladresregel6,landgebied,indpersaangetroffenopadres,nadereaandverval) VALUES('17876','17032','19510923',null,'19510923','19670601','17923','17924',null,'1','2',null,'19510923',null,null,'522','Marktplein','Marktplein',null,'18',null,null,'2691BV','Honselersdijk',null,null,null,null,null,null,null,null,'229',null,null);
INSERT INTO kern.his_persadres (id,persadres,dataanvgel,dateindegel,tsreg,tsverval,actieinh,actieverval,actieaanpgel,srt,rdnwijz,aangadresh,dataanvadresh,identcodeadresseerbaarobject,identcodenraand,gem,nor,afgekortenor,gemdeel,huisnr,huisletter,huisnrtoevoeging,postcode,wplnaam,loctenopzichtevanadres,locoms,bladresregel1,bladresregel2,bladresregel3,bladresregel4,bladresregel5,bladresregel6,landgebied,indpersaangetroffenopadres,nadereaandverval) VALUES('17875','17033','20120621',null,'20120621',null,'17922',null,null,'1','1','3','20120621',null,null,'347','Neude','Neude',null,'34',null,null,'3512AG','Smalle Ee',null,null,null,null,null,null,null,null,'229',null,null);
INSERT INTO kern.his_persadres (id,persadres,dataanvgel,dateindegel,tsreg,tsverval,actieinh,actieverval,actieaanpgel,srt,rdnwijz,aangadresh,dataanvadresh,identcodeadresseerbaarobject,identcodenraand,gem,nor,afgekortenor,gemdeel,huisnr,huisletter,huisnrtoevoeging,postcode,wplnaam,loctenopzichtevanadres,locoms,bladresregel1,bladresregel2,bladresregel3,bladresregel4,bladresregel5,bladresregel6,landgebied,indpersaangetroffenopadres,nadereaandverval) VALUES('17874','17033','20010301','20120621','20120621',null,'17921',null,'17922','1','1','3','20010301',null,null,'347','Vredenburg ','Vredenburg ',null,'116',null,null,'3511BE','Smalle Ee',null,null,null,null,null,null,null,null,'229',null,null);
INSERT INTO kern.his_persadres (id,persadres,dataanvgel,dateindegel,tsreg,tsverval,actieinh,actieverval,actieaanpgel,srt,rdnwijz,aangadresh,dataanvadresh,identcodeadresseerbaarobject,identcodenraand,gem,nor,afgekortenor,gemdeel,huisnr,huisletter,huisnrtoevoeging,postcode,wplnaam,loctenopzichtevanadres,locoms,bladresregel1,bladresregel2,bladresregel3,bladresregel4,bladresregel5,bladresregel6,landgebied,indpersaangetroffenopadres,nadereaandverval) VALUES('17873','17033','20010301',null,'20010301','20120621','17921','17922',null,'1','1','3','20010301',null,null,'347','Vredenburg ','Vredenburg ',null,'116',null,null,'3511BE','Smalle Ee',null,null,null,null,null,null,null,null,'229',null,null);
INSERT INTO kern.his_persadres (id,persadres,dataanvgel,dateindegel,tsreg,tsverval,actieinh,actieverval,actieaanpgel,srt,rdnwijz,aangadresh,dataanvadresh,identcodeadresseerbaarobject,identcodenraand,gem,nor,afgekortenor,gemdeel,huisnr,huisletter,huisnrtoevoeging,postcode,wplnaam,loctenopzichtevanadres,locoms,bladresregel1,bladresregel2,bladresregel3,bladresregel4,bladresregel5,bladresregel6,landgebied,indpersaangetroffenopadres,nadereaandverval) VALUES('17872','17033','19670601','20010301','20010301',null,'17920',null,'17921','1','1','3','19670601',null,null,'347','Biltstraat','Biltstraat',null,'99',null,null,'3572AM','Smalle Ee',null,null,null,null,null,null,null,null,'229',null,null);
INSERT INTO kern.his_persadres (id,persadres,dataanvgel,dateindegel,tsreg,tsverval,actieinh,actieverval,actieaanpgel,srt,rdnwijz,aangadresh,dataanvadresh,identcodeadresseerbaarobject,identcodenraand,gem,nor,afgekortenor,gemdeel,huisnr,huisletter,huisnrtoevoeging,postcode,wplnaam,loctenopzichtevanadres,locoms,bladresregel1,bladresregel2,bladresregel3,bladresregel4,bladresregel5,bladresregel6,landgebied,indpersaangetroffenopadres,nadereaandverval) VALUES('17871','17033','19670601',null,'19670601','20010301','17920','17921',null,'1','1','3','19670601',null,null,'347','Biltstraat','Biltstraat',null,'99',null,null,'3572AM','Smalle Ee',null,null,null,null,null,null,null,null,'229',null,null);
INSERT INTO kern.his_persadres (id,persadres,dataanvgel,dateindegel,tsreg,tsverval,actieinh,actieverval,actieaanpgel,srt,rdnwijz,aangadresh,dataanvadresh,identcodeadresseerbaarobject,identcodenraand,gem,nor,afgekortenor,gemdeel,huisnr,huisletter,huisnrtoevoeging,postcode,wplnaam,loctenopzichtevanadres,locoms,bladresregel1,bladresregel2,bladresregel3,bladresregel4,bladresregel5,bladresregel6,landgebied,indpersaangetroffenopadres,nadereaandverval) VALUES('17870','17033','19531116','19670601','19670601',null,'17919',null,'17920','1','2',null,'19531116',null,null,'506','Markt','Markt',null,'80',null,null,'2611GW','Scherpenzeel',null,null,null,null,null,null,null,null,'229',null,null);
INSERT INTO kern.his_persadres (id,persadres,dataanvgel,dateindegel,tsreg,tsverval,actieinh,actieverval,actieaanpgel,srt,rdnwijz,aangadresh,dataanvadresh,identcodeadresseerbaarobject,identcodenraand,gem,nor,afgekortenor,gemdeel,huisnr,huisletter,huisnrtoevoeging,postcode,wplnaam,loctenopzichtevanadres,locoms,bladresregel1,bladresregel2,bladresregel3,bladresregel4,bladresregel5,bladresregel6,landgebied,indpersaangetroffenopadres,nadereaandverval) VALUES('17869','17033','19531116',null,'19531116','19670601','17919','17920',null,'1','2',null,'19531116',null,null,'506','Markt','Markt',null,'80',null,null,'2611GW','Scherpenzeel',null,null,null,null,null,null,null,null,'229',null,null);
INSERT INTO kern.his_persadres (id,persadres,dataanvgel,dateindegel,tsreg,tsverval,actieinh,actieverval,actieaanpgel,srt,rdnwijz,aangadresh,dataanvadresh,identcodeadresseerbaarobject,identcodenraand,gem,nor,afgekortenor,gemdeel,huisnr,huisletter,huisnrtoevoeging,postcode,wplnaam,loctenopzichtevanadres,locoms,bladresregel1,bladresregel2,bladresregel3,bladresregel4,bladresregel5,bladresregel6,landgebied,indpersaangetroffenopadres,nadereaandverval) VALUES('17868','17034','20090701',null,'20090701',null,'17918',null,null,'1','1','3','20090701',null,null,'347','Biltstraat','Biltstraat',null,'101',null,null,'3572AL','Smalle Ee',null,null,null,null,null,null,null,null,'229',null,null);
INSERT INTO kern.his_persadres (id,persadres,dataanvgel,dateindegel,tsreg,tsverval,actieinh,actieverval,actieaanpgel,srt,rdnwijz,aangadresh,dataanvadresh,identcodeadresseerbaarobject,identcodenraand,gem,nor,afgekortenor,gemdeel,huisnr,huisletter,huisnrtoevoeging,postcode,wplnaam,loctenopzichtevanadres,locoms,bladresregel1,bladresregel2,bladresregel3,bladresregel4,bladresregel5,bladresregel6,landgebied,indpersaangetroffenopadres,nadereaandverval) VALUES('17867','17034','20080218','20090701','20090701',null,'17917',null,'17918','1','1','3','20080218',null,null,'347','Vredenburg ','Vredenburg ',null,'118',null,null,'3511BE','Smalle Ee',null,null,null,null,null,null,null,null,'229',null,null);
INSERT INTO kern.his_persadres (id,persadres,dataanvgel,dateindegel,tsreg,tsverval,actieinh,actieverval,actieaanpgel,srt,rdnwijz,aangadresh,dataanvadresh,identcodeadresseerbaarobject,identcodenraand,gem,nor,afgekortenor,gemdeel,huisnr,huisletter,huisnrtoevoeging,postcode,wplnaam,loctenopzichtevanadres,locoms,bladresregel1,bladresregel2,bladresregel3,bladresregel4,bladresregel5,bladresregel6,landgebied,indpersaangetroffenopadres,nadereaandverval) VALUES('17866','17034','20080218',null,'20080218','20090701','17917','17918',null,'1','1','3','20080218',null,null,'347','Vredenburg ','Vredenburg ',null,'118',null,null,'3511BE','Smalle Ee',null,null,null,null,null,null,null,null,'229',null,null);
INSERT INTO kern.his_persadres (id,persadres,dataanvgel,dateindegel,tsreg,tsverval,actieinh,actieverval,actieaanpgel,srt,rdnwijz,aangadresh,dataanvadresh,identcodeadresseerbaarobject,identcodenraand,gem,nor,afgekortenor,gemdeel,huisnr,huisletter,huisnrtoevoeging,postcode,wplnaam,loctenopzichtevanadres,locoms,bladresregel1,bladresregel2,bladresregel3,bladresregel4,bladresregel5,bladresregel6,landgebied,indpersaangetroffenopadres,nadereaandverval) VALUES('17865','17034','20070406','20080218','20080218',null,'17916',null,'17917','1','1','3','20070406',null,null,'347','Neude','Neude',null,'36',null,null,'3512AG','Smalle Ee',null,null,null,null,null,null,null,null,'229',null,null);
INSERT INTO kern.his_persadres (id,persadres,dataanvgel,dateindegel,tsreg,tsverval,actieinh,actieverval,actieaanpgel,srt,rdnwijz,aangadresh,dataanvadresh,identcodeadresseerbaarobject,identcodenraand,gem,nor,afgekortenor,gemdeel,huisnr,huisletter,huisnrtoevoeging,postcode,wplnaam,loctenopzichtevanadres,locoms,bladresregel1,bladresregel2,bladresregel3,bladresregel4,bladresregel5,bladresregel6,landgebied,indpersaangetroffenopadres,nadereaandverval) VALUES('17864','17034','20070406',null,'20070406','20080218','17916','17917',null,'1','1','3','20070406',null,null,'347','Neude','Neude',null,'36',null,null,'3512AG','Smalle Ee',null,null,null,null,null,null,null,null,'229',null,null);
INSERT INTO kern.his_persadres (id,persadres,dataanvgel,dateindegel,tsreg,tsverval,actieinh,actieverval,actieaanpgel,srt,rdnwijz,aangadresh,dataanvadresh,identcodeadresseerbaarobject,identcodenraand,gem,nor,afgekortenor,gemdeel,huisnr,huisletter,huisnrtoevoeging,postcode,wplnaam,loctenopzichtevanadres,locoms,bladresregel1,bladresregel2,bladresregel3,bladresregel4,bladresregel5,bladresregel6,landgebied,indpersaangetroffenopadres,nadereaandverval) VALUES('17863','17034','19390402','20070406','20070406',null,'17915',null,'17916','1','2',null,'19390402',null,null,'403','Middenweg','Middenweg ',null,'159',null,null,'1782BE','Egmond-Binnen',null,null,null,null,null,null,null,null,'229',null,null);
INSERT INTO kern.his_persadres (id,persadres,dataanvgel,dateindegel,tsreg,tsverval,actieinh,actieverval,actieaanpgel,srt,rdnwijz,aangadresh,dataanvadresh,identcodeadresseerbaarobject,identcodenraand,gem,nor,afgekortenor,gemdeel,huisnr,huisletter,huisnrtoevoeging,postcode,wplnaam,loctenopzichtevanadres,locoms,bladresregel1,bladresregel2,bladresregel3,bladresregel4,bladresregel5,bladresregel6,landgebied,indpersaangetroffenopadres,nadereaandverval) VALUES('17862','17034','19390402',null,'19390402','20070406','17915','17916',null,'1','2',null,'19390402',null,null,'403','Middenweg','Middenweg ',null,'159',null,null,'1782BE','Egmond-Binnen',null,null,null,null,null,null,null,null,'229',null,null);
INSERT INTO kern.his_persadres (id,persadres,dataanvgel,dateindegel,tsreg,tsverval,actieinh,actieverval,actieaanpgel,srt,rdnwijz,aangadresh,dataanvadresh,identcodeadresseerbaarobject,identcodenraand,gem,nor,afgekortenor,gemdeel,huisnr,huisletter,huisnrtoevoeging,postcode,wplnaam,loctenopzichtevanadres,locoms,bladresregel1,bladresregel2,bladresregel3,bladresregel4,bladresregel5,bladresregel6,landgebied,indpersaangetroffenopadres,nadereaandverval) VALUES('17861','17035','20090301',null,'20090301',null,'17914',null,null,'1','1','3','20090301',null,null,'347','Vredenburg ','Vredenburg ',null,'120',null,null,'3511BE','Smalle Ee',null,null,null,null,null,null,null,null,'229',null,null);
INSERT INTO kern.his_persadres (id,persadres,dataanvgel,dateindegel,tsreg,tsverval,actieinh,actieverval,actieaanpgel,srt,rdnwijz,aangadresh,dataanvadresh,identcodeadresseerbaarobject,identcodenraand,gem,nor,afgekortenor,gemdeel,huisnr,huisletter,huisnrtoevoeging,postcode,wplnaam,loctenopzichtevanadres,locoms,bladresregel1,bladresregel2,bladresregel3,bladresregel4,bladresregel5,bladresregel6,landgebied,indpersaangetroffenopadres,nadereaandverval) VALUES('17860','17035','20081101','20090301','20090301',null,'17913',null,'17914','1','1','3','20081101',null,null,'347','Neude','Neude',null,'31',null,null,'3512AG','Smalle Ee',null,null,null,null,null,null,null,null,'229',null,null);
INSERT INTO kern.his_persadres (id,persadres,dataanvgel,dateindegel,tsreg,tsverval,actieinh,actieverval,actieaanpgel,srt,rdnwijz,aangadresh,dataanvadresh,identcodeadresseerbaarobject,identcodenraand,gem,nor,afgekortenor,gemdeel,huisnr,huisletter,huisnrtoevoeging,postcode,wplnaam,loctenopzichtevanadres,locoms,bladresregel1,bladresregel2,bladresregel3,bladresregel4,bladresregel5,bladresregel6,landgebied,indpersaangetroffenopadres,nadereaandverval) VALUES('17859','17035','20081101',null,'20081101','20090301','17913','17914',null,'1','1','3','20081101',null,null,'347','Neude','Neude',null,'31',null,null,'3512AG','Smalle Ee',null,null,null,null,null,null,null,null,'229',null,null);
INSERT INTO kern.his_persadres (id,persadres,dataanvgel,dateindegel,tsreg,tsverval,actieinh,actieverval,actieaanpgel,srt,rdnwijz,aangadresh,dataanvadresh,identcodeadresseerbaarobject,identcodenraand,gem,nor,afgekortenor,gemdeel,huisnr,huisletter,huisnrtoevoeging,postcode,wplnaam,loctenopzichtevanadres,locoms,bladresregel1,bladresregel2,bladresregel3,bladresregel4,bladresregel5,bladresregel6,landgebied,indpersaangetroffenopadres,nadereaandverval) VALUES('17858','17035','20050101','20081101','20081101',null,'17912',null,'17913','1','1','3','20050101',null,null,'347','Biltstraat','Biltstraat',null,'103',null,null,'3572AM','Smalle Ee',null,null,null,null,null,null,null,null,'229',null,null);
INSERT INTO kern.his_persadres (id,persadres,dataanvgel,dateindegel,tsreg,tsverval,actieinh,actieverval,actieaanpgel,srt,rdnwijz,aangadresh,dataanvadresh,identcodeadresseerbaarobject,identcodenraand,gem,nor,afgekortenor,gemdeel,huisnr,huisletter,huisnrtoevoeging,postcode,wplnaam,loctenopzichtevanadres,locoms,bladresregel1,bladresregel2,bladresregel3,bladresregel4,bladresregel5,bladresregel6,landgebied,indpersaangetroffenopadres,nadereaandverval) VALUES('17857','17035','20050101',null,'20050101','20081101','17912','17913',null,'1','1','3','20050101',null,null,'347','Biltstraat','Biltstraat',null,'103',null,null,'3572AM','Smalle Ee',null,null,null,null,null,null,null,null,'229',null,null);
INSERT INTO kern.his_persadres (id,persadres,dataanvgel,dateindegel,tsreg,tsverval,actieinh,actieverval,actieaanpgel,srt,rdnwijz,aangadresh,dataanvadresh,identcodeadresseerbaarobject,identcodenraand,gem,nor,afgekortenor,gemdeel,huisnr,huisletter,huisnrtoevoeging,postcode,wplnaam,loctenopzichtevanadres,locoms,bladresregel1,bladresregel2,bladresregel3,bladresregel4,bladresregel5,bladresregel6,landgebied,indpersaangetroffenopadres,nadereaandverval) VALUES('17856','17035','19841203','20050101','20050101',null,'17911',null,'17912','1','2',null,'19841203',null,null,'342','Molenstraat','Molenstraat',null,'25',null,null,'3927AB','Delft',null,null,null,null,null,null,null,null,'229',null,null);
INSERT INTO kern.his_persadres (id,persadres,dataanvgel,dateindegel,tsreg,tsverval,actieinh,actieverval,actieaanpgel,srt,rdnwijz,aangadresh,dataanvadresh,identcodeadresseerbaarobject,identcodenraand,gem,nor,afgekortenor,gemdeel,huisnr,huisletter,huisnrtoevoeging,postcode,wplnaam,loctenopzichtevanadres,locoms,bladresregel1,bladresregel2,bladresregel3,bladresregel4,bladresregel5,bladresregel6,landgebied,indpersaangetroffenopadres,nadereaandverval) VALUES('17855','17035','19841203',null,'19841203','20050101','17911','17912',null,'1','2',null,'19841203',null,null,'342','Molenstraat','Molenstraat',null,'25',null,null,'3927AB','Delft',null,null,null,null,null,null,null,null,'229',null,null);
INSERT INTO kern.his_persadres (id,persadres,dataanvgel,dateindegel,tsreg,tsverval,actieinh,actieverval,actieaanpgel,srt,rdnwijz,aangadresh,dataanvadresh,identcodeadresseerbaarobject,identcodenraand,gem,nor,afgekortenor,gemdeel,huisnr,huisletter,huisnrtoevoeging,postcode,wplnaam,loctenopzichtevanadres,locoms,bladresregel1,bladresregel2,bladresregel3,bladresregel4,bladresregel5,bladresregel6,landgebied,indpersaangetroffenopadres,nadereaandverval) VALUES('17854','17036','20090301',null,'20090301',null,'17910',null,null,'1','1','3','20090301',null,null,'347','Vredenburg ','Vredenburg ',null,'120',null,null,'3511BE','Smalle Ee',null,null,null,null,null,null,null,null,'229',null,null);
INSERT INTO kern.his_persadres (id,persadres,dataanvgel,dateindegel,tsreg,tsverval,actieinh,actieverval,actieaanpgel,srt,rdnwijz,aangadresh,dataanvadresh,identcodeadresseerbaarobject,identcodenraand,gem,nor,afgekortenor,gemdeel,huisnr,huisletter,huisnrtoevoeging,postcode,wplnaam,loctenopzichtevanadres,locoms,bladresregel1,bladresregel2,bladresregel3,bladresregel4,bladresregel5,bladresregel6,landgebied,indpersaangetroffenopadres,nadereaandverval) VALUES('17853','17036','20081101','20090301','20090301',null,'17909',null,'17910','1','1','3','20081101',null,null,'347','Neude','Neude',null,'31',null,null,'3512AG','Smalle Ee',null,null,null,null,null,null,null,null,'229',null,null);
INSERT INTO kern.his_persadres (id,persadres,dataanvgel,dateindegel,tsreg,tsverval,actieinh,actieverval,actieaanpgel,srt,rdnwijz,aangadresh,dataanvadresh,identcodeadresseerbaarobject,identcodenraand,gem,nor,afgekortenor,gemdeel,huisnr,huisletter,huisnrtoevoeging,postcode,wplnaam,loctenopzichtevanadres,locoms,bladresregel1,bladresregel2,bladresregel3,bladresregel4,bladresregel5,bladresregel6,landgebied,indpersaangetroffenopadres,nadereaandverval) VALUES('17852','17036','20081101',null,'20081101','20090301','17909','17910',null,'1','1','3','20081101',null,null,'347','Neude','Neude',null,'31',null,null,'3512AG','Smalle Ee',null,null,null,null,null,null,null,null,'229',null,null);
INSERT INTO kern.his_persadres (id,persadres,dataanvgel,dateindegel,tsreg,tsverval,actieinh,actieverval,actieaanpgel,srt,rdnwijz,aangadresh,dataanvadresh,identcodeadresseerbaarobject,identcodenraand,gem,nor,afgekortenor,gemdeel,huisnr,huisletter,huisnrtoevoeging,postcode,wplnaam,loctenopzichtevanadres,locoms,bladresregel1,bladresregel2,bladresregel3,bladresregel4,bladresregel5,bladresregel6,landgebied,indpersaangetroffenopadres,nadereaandverval) VALUES('17851','17036','20050101','20081101','20081101',null,'17908',null,'17909','1','1','3','20050101',null,null,'347','Biltstraat','Biltstraat',null,'103',null,null,'3572AM','Smalle Ee',null,null,null,null,null,null,null,null,'229',null,null);
INSERT INTO kern.his_persadres (id,persadres,dataanvgel,dateindegel,tsreg,tsverval,actieinh,actieverval,actieaanpgel,srt,rdnwijz,aangadresh,dataanvadresh,identcodeadresseerbaarobject,identcodenraand,gem,nor,afgekortenor,gemdeel,huisnr,huisletter,huisnrtoevoeging,postcode,wplnaam,loctenopzichtevanadres,locoms,bladresregel1,bladresregel2,bladresregel3,bladresregel4,bladresregel5,bladresregel6,landgebied,indpersaangetroffenopadres,nadereaandverval) VALUES('17850','17036','20050101',null,'20050101','20081101','17908','17909',null,'1','1','3','20050101',null,null,'347','Biltstraat','Biltstraat',null,'103',null,null,'3572AM','Smalle Ee',null,null,null,null,null,null,null,null,'229',null,null);
INSERT INTO kern.his_persadres (id,persadres,dataanvgel,dateindegel,tsreg,tsverval,actieinh,actieverval,actieaanpgel,srt,rdnwijz,aangadresh,dataanvadresh,identcodeadresseerbaarobject,identcodenraand,gem,nor,afgekortenor,gemdeel,huisnr,huisletter,huisnrtoevoeging,postcode,wplnaam,loctenopzichtevanadres,locoms,bladresregel1,bladresregel2,bladresregel3,bladresregel4,bladresregel5,bladresregel6,landgebied,indpersaangetroffenopadres,nadereaandverval) VALUES('17849','17036','19851011','20050101','20050101',null,'17907',null,'17908','1','2',null,'19851011',null,null,'342','Molenstraat','Molenstraat',null,'27',null,null,'3927AB','Delft',null,null,null,null,null,null,null,null,'229',null,null);
INSERT INTO kern.his_persadres (id,persadres,dataanvgel,dateindegel,tsreg,tsverval,actieinh,actieverval,actieaanpgel,srt,rdnwijz,aangadresh,dataanvadresh,identcodeadresseerbaarobject,identcodenraand,gem,nor,afgekortenor,gemdeel,huisnr,huisletter,huisnrtoevoeging,postcode,wplnaam,loctenopzichtevanadres,locoms,bladresregel1,bladresregel2,bladresregel3,bladresregel4,bladresregel5,bladresregel6,landgebied,indpersaangetroffenopadres,nadereaandverval) VALUES('17848','17036','19851011',null,'19851011','20050101','17907','17908',null,'1','2',null,'19851011',null,null,'342','Molenstraat','Molenstraat',null,'27',null,null,'3927AB','Delft',null,null,null,null,null,null,null,null,'229',null,null);
INSERT INTO kern.his_persadres (id,persadres,dataanvgel,dateindegel,tsreg,tsverval,actieinh,actieverval,actieaanpgel,srt,rdnwijz,aangadresh,dataanvadresh,identcodeadresseerbaarobject,identcodenraand,gem,nor,afgekortenor,gemdeel,huisnr,huisletter,huisnrtoevoeging,postcode,wplnaam,loctenopzichtevanadres,locoms,bladresregel1,bladresregel2,bladresregel3,bladresregel4,bladresregel5,bladresregel6,landgebied,indpersaangetroffenopadres,nadereaandverval) VALUES('17847','17037','20090301',null,'20090301',null,'17906',null,null,'1','1','3','20090301',null,null,'347','Vredenburg ','Vredenburg ',null,'120',null,null,'3511BE','Smalle Ee',null,null,null,null,null,null,null,null,'229',null,null);
INSERT INTO kern.his_persadres (id,persadres,dataanvgel,dateindegel,tsreg,tsverval,actieinh,actieverval,actieaanpgel,srt,rdnwijz,aangadresh,dataanvadresh,identcodeadresseerbaarobject,identcodenraand,gem,nor,afgekortenor,gemdeel,huisnr,huisletter,huisnrtoevoeging,postcode,wplnaam,loctenopzichtevanadres,locoms,bladresregel1,bladresregel2,bladresregel3,bladresregel4,bladresregel5,bladresregel6,landgebied,indpersaangetroffenopadres,nadereaandverval) VALUES('17846','17037','20081101','20090301','20090301',null,'17905',null,'17906','1','1','3','20081101',null,null,'347','Neude','Neude',null,'31',null,null,'3512AG','Smalle Ee',null,null,null,null,null,null,null,null,'229',null,null);
INSERT INTO kern.his_persadres (id,persadres,dataanvgel,dateindegel,tsreg,tsverval,actieinh,actieverval,actieaanpgel,srt,rdnwijz,aangadresh,dataanvadresh,identcodeadresseerbaarobject,identcodenraand,gem,nor,afgekortenor,gemdeel,huisnr,huisletter,huisnrtoevoeging,postcode,wplnaam,loctenopzichtevanadres,locoms,bladresregel1,bladresregel2,bladresregel3,bladresregel4,bladresregel5,bladresregel6,landgebied,indpersaangetroffenopadres,nadereaandverval) VALUES('17845','17037','20081101',null,'20081101','20090301','17905','17906',null,'1','1','3','20081101',null,null,'347','Neude','Neude',null,'31',null,null,'3512AG','Smalle Ee',null,null,null,null,null,null,null,null,'229',null,null);
INSERT INTO kern.his_persadres (id,persadres,dataanvgel,dateindegel,tsreg,tsverval,actieinh,actieverval,actieaanpgel,srt,rdnwijz,aangadresh,dataanvadresh,identcodeadresseerbaarobject,identcodenraand,gem,nor,afgekortenor,gemdeel,huisnr,huisletter,huisnrtoevoeging,postcode,wplnaam,loctenopzichtevanadres,locoms,bladresregel1,bladresregel2,bladresregel3,bladresregel4,bladresregel5,bladresregel6,landgebied,indpersaangetroffenopadres,nadereaandverval) VALUES('17844','17037','20050112','20081101','20081101',null,'17904',null,'17905','1','2',null,'20050112',null,null,'347','Biltstraat','Biltstraat',null,'103',null,null,'3572AM','Smalle Ee',null,null,null,null,null,null,null,null,'229',null,null);
INSERT INTO kern.his_persadres (id,persadres,dataanvgel,dateindegel,tsreg,tsverval,actieinh,actieverval,actieaanpgel,srt,rdnwijz,aangadresh,dataanvadresh,identcodeadresseerbaarobject,identcodenraand,gem,nor,afgekortenor,gemdeel,huisnr,huisletter,huisnrtoevoeging,postcode,wplnaam,loctenopzichtevanadres,locoms,bladresregel1,bladresregel2,bladresregel3,bladresregel4,bladresregel5,bladresregel6,landgebied,indpersaangetroffenopadres,nadereaandverval) VALUES('17843','17037','20050112',null,'20050112','20081101','17904','17905',null,'1','2',null,'20050112',null,null,'347','Biltstraat','Biltstraat',null,'103',null,null,'3572AM','Smalle Ee',null,null,null,null,null,null,null,null,'229',null,null);
INSERT INTO kern.his_persadres (id,persadres,dataanvgel,dateindegel,tsreg,tsverval,actieinh,actieverval,actieaanpgel,srt,rdnwijz,aangadresh,dataanvadresh,identcodeadresseerbaarobject,identcodenraand,gem,nor,afgekortenor,gemdeel,huisnr,huisletter,huisnrtoevoeging,postcode,wplnaam,loctenopzichtevanadres,locoms,bladresregel1,bladresregel2,bladresregel3,bladresregel4,bladresregel5,bladresregel6,landgebied,indpersaangetroffenopadres,nadereaandverval) VALUES('17842','17038','20090301',null,'20090301',null,'17903',null,null,'1','1','3','20090301',null,null,'347','Vredenburg ','Vredenburg ',null,'120',null,null,'3511BE','Smalle Ee',null,null,null,null,null,null,null,null,'229',null,null);
INSERT INTO kern.his_persadres (id,persadres,dataanvgel,dateindegel,tsreg,tsverval,actieinh,actieverval,actieaanpgel,srt,rdnwijz,aangadresh,dataanvadresh,identcodeadresseerbaarobject,identcodenraand,gem,nor,afgekortenor,gemdeel,huisnr,huisletter,huisnrtoevoeging,postcode,wplnaam,loctenopzichtevanadres,locoms,bladresregel1,bladresregel2,bladresregel3,bladresregel4,bladresregel5,bladresregel6,landgebied,indpersaangetroffenopadres,nadereaandverval) VALUES('17841','17038','20081101','20090301','20090301',null,'17902',null,'17903','1','1','3','20081101',null,null,'347','Neude','Neude',null,'31',null,null,'3512AG','Smalle Ee',null,null,null,null,null,null,null,null,'229',null,null);
INSERT INTO kern.his_persadres (id,persadres,dataanvgel,dateindegel,tsreg,tsverval,actieinh,actieverval,actieaanpgel,srt,rdnwijz,aangadresh,dataanvadresh,identcodeadresseerbaarobject,identcodenraand,gem,nor,afgekortenor,gemdeel,huisnr,huisletter,huisnrtoevoeging,postcode,wplnaam,loctenopzichtevanadres,locoms,bladresregel1,bladresregel2,bladresregel3,bladresregel4,bladresregel5,bladresregel6,landgebied,indpersaangetroffenopadres,nadereaandverval) VALUES('17840','17038','20081101',null,'20081101','20090301','17902','17903',null,'1','1','3','20081101',null,null,'347','Neude','Neude',null,'31',null,null,'3512AG','Smalle Ee',null,null,null,null,null,null,null,null,'229',null,null);
INSERT INTO kern.his_persadres (id,persadres,dataanvgel,dateindegel,tsreg,tsverval,actieinh,actieverval,actieaanpgel,srt,rdnwijz,aangadresh,dataanvadresh,identcodeadresseerbaarobject,identcodenraand,gem,nor,afgekortenor,gemdeel,huisnr,huisletter,huisnrtoevoeging,postcode,wplnaam,loctenopzichtevanadres,locoms,bladresregel1,bladresregel2,bladresregel3,bladresregel4,bladresregel5,bladresregel6,landgebied,indpersaangetroffenopadres,nadereaandverval) VALUES('17839','17038','20051201','20081101','20081101',null,'17901',null,'17902','1','2',null,'20051201',null,null,'347','Biltstraat','Biltstraat',null,'103',null,null,'3572AM','Smalle Ee',null,null,null,null,null,null,null,null,'229',null,null);
INSERT INTO kern.his_persadres (id,persadres,dataanvgel,dateindegel,tsreg,tsverval,actieinh,actieverval,actieaanpgel,srt,rdnwijz,aangadresh,dataanvadresh,identcodeadresseerbaarobject,identcodenraand,gem,nor,afgekortenor,gemdeel,huisnr,huisletter,huisnrtoevoeging,postcode,wplnaam,loctenopzichtevanadres,locoms,bladresregel1,bladresregel2,bladresregel3,bladresregel4,bladresregel5,bladresregel6,landgebied,indpersaangetroffenopadres,nadereaandverval) VALUES('17838','17038','20051201',null,'20051201','20081101','17901','17902',null,'1','2',null,'20051201',null,null,'347','Biltstraat','Biltstraat',null,'103',null,null,'3572AM','Smalle Ee',null,null,null,null,null,null,null,null,'229',null,null);
INSERT INTO kern.his_persadres (id,persadres,dataanvgel,dateindegel,tsreg,tsverval,actieinh,actieverval,actieaanpgel,srt,rdnwijz,aangadresh,dataanvadresh,identcodeadresseerbaarobject,identcodenraand,gem,nor,afgekortenor,gemdeel,huisnr,huisletter,huisnrtoevoeging,postcode,wplnaam,loctenopzichtevanadres,locoms,bladresregel1,bladresregel2,bladresregel3,bladresregel4,bladresregel5,bladresregel6,landgebied,indpersaangetroffenopadres,nadereaandverval) VALUES('17837','17039','20120522',null,'20120522',null,'17900',null,null,'1','1','3','20120522',null,null,'347','Neude','Neude',null,'33',null,null,'3512AG','Smalle Ee',null,null,null,null,null,null,null,null,'229',null,null);
INSERT INTO kern.his_persadres (id,persadres,dataanvgel,dateindegel,tsreg,tsverval,actieinh,actieverval,actieaanpgel,srt,rdnwijz,aangadresh,dataanvadresh,identcodeadresseerbaarobject,identcodenraand,gem,nor,afgekortenor,gemdeel,huisnr,huisletter,huisnrtoevoeging,postcode,wplnaam,loctenopzichtevanadres,locoms,bladresregel1,bladresregel2,bladresregel3,bladresregel4,bladresregel5,bladresregel6,landgebied,indpersaangetroffenopadres,nadereaandverval) VALUES('17836','17039','20111201','20120522','20120522',null,'17899',null,'17900','1','1','3','20111201',null,null,'347','Vredenburg ','Vredenburg ',null,'122',null,null,'3511BE','Smalle Ee',null,null,null,null,null,null,null,null,'229',null,null);
INSERT INTO kern.his_persadres (id,persadres,dataanvgel,dateindegel,tsreg,tsverval,actieinh,actieverval,actieaanpgel,srt,rdnwijz,aangadresh,dataanvadresh,identcodeadresseerbaarobject,identcodenraand,gem,nor,afgekortenor,gemdeel,huisnr,huisletter,huisnrtoevoeging,postcode,wplnaam,loctenopzichtevanadres,locoms,bladresregel1,bladresregel2,bladresregel3,bladresregel4,bladresregel5,bladresregel6,landgebied,indpersaangetroffenopadres,nadereaandverval) VALUES('17835','17039','20111201',null,'20111201','20120522','17899','17900',null,'1','1','3','20111201',null,null,'347','Vredenburg ','Vredenburg ',null,'122',null,null,'3511BE','Smalle Ee',null,null,null,null,null,null,null,null,'229',null,null);
INSERT INTO kern.his_persadres (id,persadres,dataanvgel,dateindegel,tsreg,tsverval,actieinh,actieverval,actieaanpgel,srt,rdnwijz,aangadresh,dataanvadresh,identcodeadresseerbaarobject,identcodenraand,gem,nor,afgekortenor,gemdeel,huisnr,huisletter,huisnrtoevoeging,postcode,wplnaam,loctenopzichtevanadres,locoms,bladresregel1,bladresregel2,bladresregel3,bladresregel4,bladresregel5,bladresregel6,landgebied,indpersaangetroffenopadres,nadereaandverval) VALUES('17834','17039','20101201','20111201','20111201',null,'17898',null,'17899','1','1','3','20101201',null,null,'347','Biltstraat','Biltstraat',null,'105',null,null,'3572AM','Smalle Ee',null,null,null,null,null,null,null,null,'229',null,null);
INSERT INTO kern.his_persadres (id,persadres,dataanvgel,dateindegel,tsreg,tsverval,actieinh,actieverval,actieaanpgel,srt,rdnwijz,aangadresh,dataanvadresh,identcodeadresseerbaarobject,identcodenraand,gem,nor,afgekortenor,gemdeel,huisnr,huisletter,huisnrtoevoeging,postcode,wplnaam,loctenopzichtevanadres,locoms,bladresregel1,bladresregel2,bladresregel3,bladresregel4,bladresregel5,bladresregel6,landgebied,indpersaangetroffenopadres,nadereaandverval) VALUES('17833','17039','20101201',null,'20101201','20111201','17898','17899',null,'1','1','3','20101201',null,null,'347','Biltstraat','Biltstraat',null,'105',null,null,'3572AM','Smalle Ee',null,null,null,null,null,null,null,null,'229',null,null);
INSERT INTO kern.his_persadres (id,persadres,dataanvgel,dateindegel,tsreg,tsverval,actieinh,actieverval,actieaanpgel,srt,rdnwijz,aangadresh,dataanvadresh,identcodeadresseerbaarobject,identcodenraand,gem,nor,afgekortenor,gemdeel,huisnr,huisletter,huisnrtoevoeging,postcode,wplnaam,loctenopzichtevanadres,locoms,bladresregel1,bladresregel2,bladresregel3,bladresregel4,bladresregel5,bladresregel6,landgebied,indpersaangetroffenopadres,nadereaandverval) VALUES('17832','17039','19910315','20101201','20101201',null,'17897',null,'17898','1','2',null,'19910315',null,null,'347','Neude','Neude',null,'33',null,null,'3512AG','Smalle Ee',null,null,null,null,null,null,null,null,'229',null,null);
INSERT INTO kern.his_persadres (id,persadres,dataanvgel,dateindegel,tsreg,tsverval,actieinh,actieverval,actieaanpgel,srt,rdnwijz,aangadresh,dataanvadresh,identcodeadresseerbaarobject,identcodenraand,gem,nor,afgekortenor,gemdeel,huisnr,huisletter,huisnrtoevoeging,postcode,wplnaam,loctenopzichtevanadres,locoms,bladresregel1,bladresregel2,bladresregel3,bladresregel4,bladresregel5,bladresregel6,landgebied,indpersaangetroffenopadres,nadereaandverval) VALUES('17831','17039','19910315',null,'19910315','20101201','17897','17898',null,'1','2',null,'19910315',null,null,'347','Neude','Neude',null,'33',null,null,'3512AG','Smalle Ee',null,null,null,null,null,null,null,null,'229',null,null);
INSERT INTO kern.his_persadres (id,persadres,dataanvgel,dateindegel,tsreg,tsverval,actieinh,actieverval,actieaanpgel,srt,rdnwijz,aangadresh,dataanvadresh,identcodeadresseerbaarobject,identcodenraand,gem,nor,afgekortenor,gemdeel,huisnr,huisletter,huisnrtoevoeging,postcode,wplnaam,loctenopzichtevanadres,locoms,bladresregel1,bladresregel2,bladresregel3,bladresregel4,bladresregel5,bladresregel6,landgebied,indpersaangetroffenopadres,nadereaandverval) VALUES('17830','17040','20010517',null,'20010517',null,'17896',null,null,'1','2',null,'20010517',null,null,'347','Biltstraat','Biltstraat',null,'107',null,null,'3572AM','Smalle Ee',null,null,null,null,null,null,null,null,'229',null,null);
INSERT INTO kern.his_persadres (id,persadres,dataanvgel,dateindegel,tsreg,tsverval,actieinh,actieverval,actieaanpgel,srt,rdnwijz,aangadresh,dataanvadresh,identcodeadresseerbaarobject,identcodenraand,gem,nor,afgekortenor,gemdeel,huisnr,huisletter,huisnrtoevoeging,postcode,wplnaam,loctenopzichtevanadres,locoms,bladresregel1,bladresregel2,bladresregel3,bladresregel4,bladresregel5,bladresregel6,landgebied,indpersaangetroffenopadres,nadereaandverval) VALUES('17829','17041','20090201',null,'20090201',null,'17895',null,null,'1','1','3','20090201',null,null,'347','Vredenburg ','Vredenburg ',null,'124',null,null,'3511BE','Smalle Ee',null,null,null,null,null,null,null,null,'229',null,null);
INSERT INTO kern.his_persadres (id,persadres,dataanvgel,dateindegel,tsreg,tsverval,actieinh,actieverval,actieaanpgel,srt,rdnwijz,aangadresh,dataanvadresh,identcodeadresseerbaarobject,identcodenraand,gem,nor,afgekortenor,gemdeel,huisnr,huisletter,huisnrtoevoeging,postcode,wplnaam,loctenopzichtevanadres,locoms,bladresregel1,bladresregel2,bladresregel3,bladresregel4,bladresregel5,bladresregel6,landgebied,indpersaangetroffenopadres,nadereaandverval) VALUES('17828','17041','20060523','20090201','20090201',null,'17894',null,'17895','1','1','3','20060523',null,null,'347','Neude','Neude',null,'35',null,null,'3512AG','Smalle Ee',null,null,null,null,null,null,null,null,'229',null,null);
INSERT INTO kern.his_persadres (id,persadres,dataanvgel,dateindegel,tsreg,tsverval,actieinh,actieverval,actieaanpgel,srt,rdnwijz,aangadresh,dataanvadresh,identcodeadresseerbaarobject,identcodenraand,gem,nor,afgekortenor,gemdeel,huisnr,huisletter,huisnrtoevoeging,postcode,wplnaam,loctenopzichtevanadres,locoms,bladresregel1,bladresregel2,bladresregel3,bladresregel4,bladresregel5,bladresregel6,landgebied,indpersaangetroffenopadres,nadereaandverval) VALUES('17827','17041','20060523',null,'20060523','20090201','17894','17895',null,'1','1','3','20060523',null,null,'347','Neude','Neude',null,'35',null,null,'3512AG','Smalle Ee',null,null,null,null,null,null,null,null,'229',null,null);
INSERT INTO kern.his_persadres (id,persadres,dataanvgel,dateindegel,tsreg,tsverval,actieinh,actieverval,actieaanpgel,srt,rdnwijz,aangadresh,dataanvadresh,identcodeadresseerbaarobject,identcodenraand,gem,nor,afgekortenor,gemdeel,huisnr,huisletter,huisnrtoevoeging,postcode,wplnaam,loctenopzichtevanadres,locoms,bladresregel1,bladresregel2,bladresregel3,bladresregel4,bladresregel5,bladresregel6,landgebied,indpersaangetroffenopadres,nadereaandverval) VALUES('17826','17041','20040819','20060523','20060523',null,'17893',null,'17894','1','1','3','20040819',null,null,'347','Vredenburg ','Vredenburg ',null,'126',null,null,'3511BE','Smalle Ee',null,null,null,null,null,null,null,null,'229',null,null);
INSERT INTO kern.his_persadres (id,persadres,dataanvgel,dateindegel,tsreg,tsverval,actieinh,actieverval,actieaanpgel,srt,rdnwijz,aangadresh,dataanvadresh,identcodeadresseerbaarobject,identcodenraand,gem,nor,afgekortenor,gemdeel,huisnr,huisletter,huisnrtoevoeging,postcode,wplnaam,loctenopzichtevanadres,locoms,bladresregel1,bladresregel2,bladresregel3,bladresregel4,bladresregel5,bladresregel6,landgebied,indpersaangetroffenopadres,nadereaandverval) VALUES('17825','17041','20040819',null,'20040819','20060523','17893','17894',null,'1','1','3','20040819',null,null,'347','Vredenburg ','Vredenburg ',null,'126',null,null,'3511BE','Smalle Ee',null,null,null,null,null,null,null,null,'229',null,null);
INSERT INTO kern.his_persadres (id,persadres,dataanvgel,dateindegel,tsreg,tsverval,actieinh,actieverval,actieaanpgel,srt,rdnwijz,aangadresh,dataanvadresh,identcodeadresseerbaarobject,identcodenraand,gem,nor,afgekortenor,gemdeel,huisnr,huisletter,huisnrtoevoeging,postcode,wplnaam,loctenopzichtevanadres,locoms,bladresregel1,bladresregel2,bladresregel3,bladresregel4,bladresregel5,bladresregel6,landgebied,indpersaangetroffenopadres,nadereaandverval) VALUES('17824','17041','20010517','20040819','20040819',null,'17892',null,'17893','1','2',null,'20010517',null,null,'347','Biltstraat','Biltstraat',null,'107',null,null,'3572AM','Smalle Ee',null,null,null,null,null,null,null,null,'229',null,null);
INSERT INTO kern.his_persadres (id,persadres,dataanvgel,dateindegel,tsreg,tsverval,actieinh,actieverval,actieaanpgel,srt,rdnwijz,aangadresh,dataanvadresh,identcodeadresseerbaarobject,identcodenraand,gem,nor,afgekortenor,gemdeel,huisnr,huisletter,huisnrtoevoeging,postcode,wplnaam,loctenopzichtevanadres,locoms,bladresregel1,bladresregel2,bladresregel3,bladresregel4,bladresregel5,bladresregel6,landgebied,indpersaangetroffenopadres,nadereaandverval) VALUES('17823','17041','20010517',null,'20010517','20040819','17892','17893',null,'1','2',null,'20010517',null,null,'347','Biltstraat','Biltstraat',null,'107',null,null,'3572AM','Smalle Ee',null,null,null,null,null,null,null,null,'229',null,null);
INSERT INTO kern.his_persadres (id,persadres,dataanvgel,dateindegel,tsreg,tsverval,actieinh,actieverval,actieaanpgel,srt,rdnwijz,aangadresh,dataanvadresh,identcodeadresseerbaarobject,identcodenraand,gem,nor,afgekortenor,gemdeel,huisnr,huisletter,huisnrtoevoeging,postcode,wplnaam,loctenopzichtevanadres,locoms,bladresregel1,bladresregel2,bladresregel3,bladresregel4,bladresregel5,bladresregel6,landgebied,indpersaangetroffenopadres,nadereaandverval) VALUES('17822','17042','20010328',null,'20010328',null,'17891',null,null,'1','1','7','20010328',null,null,'347','Biltstraat','Biltstraat',null,'142',null,null,'3572BM','Smalle Ee',null,null,null,null,null,null,null,null,'229',null,null);
INSERT INTO kern.his_persadres (id,persadres,dataanvgel,dateindegel,tsreg,tsverval,actieinh,actieverval,actieaanpgel,srt,rdnwijz,aangadresh,dataanvadresh,identcodeadresseerbaarobject,identcodenraand,gem,nor,afgekortenor,gemdeel,huisnr,huisletter,huisnrtoevoeging,postcode,wplnaam,loctenopzichtevanadres,locoms,bladresregel1,bladresregel2,bladresregel3,bladresregel4,bladresregel5,bladresregel6,landgebied,indpersaangetroffenopadres,nadereaandverval) VALUES('17821','17042','19580921','20010328','20010328',null,'17890',null,'17891','1','2',null,'19580921',null,null,'342','Molenstraat','Molenstraat',null,'27',null,null,'3927AB','Delft',null,null,null,null,null,null,null,null,'229',null,null);
INSERT INTO kern.his_persadres (id,persadres,dataanvgel,dateindegel,tsreg,tsverval,actieinh,actieverval,actieaanpgel,srt,rdnwijz,aangadresh,dataanvadresh,identcodeadresseerbaarobject,identcodenraand,gem,nor,afgekortenor,gemdeel,huisnr,huisletter,huisnrtoevoeging,postcode,wplnaam,loctenopzichtevanadres,locoms,bladresregel1,bladresregel2,bladresregel3,bladresregel4,bladresregel5,bladresregel6,landgebied,indpersaangetroffenopadres,nadereaandverval) VALUES('17820','17042','19580921',null,'19580921','20010328','17890','17891',null,'1','2',null,'19580921',null,null,'342','Molenstraat','Molenstraat',null,'27',null,null,'3927AB','Delft',null,null,null,null,null,null,null,null,'229',null,null);
INSERT INTO kern.his_persadres (id,persadres,dataanvgel,dateindegel,tsreg,tsverval,actieinh,actieverval,actieaanpgel,srt,rdnwijz,aangadresh,dataanvadresh,identcodeadresseerbaarobject,identcodenraand,gem,nor,afgekortenor,gemdeel,huisnr,huisletter,huisnrtoevoeging,postcode,wplnaam,loctenopzichtevanadres,locoms,bladresregel1,bladresregel2,bladresregel3,bladresregel4,bladresregel5,bladresregel6,landgebied,indpersaangetroffenopadres,nadereaandverval) VALUES('17819','17043','19820528',null,'19820528',null,'17889',null,null,'1','1','3','19820528',null,null,'347','Biltstraat','Biltstraat',null,'142',null,null,'3572BM','Smalle Ee',null,null,null,null,null,null,null,null,'229',null,null);
INSERT INTO kern.his_persadres (id,persadres,dataanvgel,dateindegel,tsreg,tsverval,actieinh,actieverval,actieaanpgel,srt,rdnwijz,aangadresh,dataanvadresh,identcodeadresseerbaarobject,identcodenraand,gem,nor,afgekortenor,gemdeel,huisnr,huisletter,huisnrtoevoeging,postcode,wplnaam,loctenopzichtevanadres,locoms,bladresregel1,bladresregel2,bladresregel3,bladresregel4,bladresregel5,bladresregel6,landgebied,indpersaangetroffenopadres,nadereaandverval) VALUES('17818','17043','19590922','19820528','19820528',null,'17888',null,'17889','1','2',null,'19590922',null,null,'403','Middenweg','Middenweg ',null,'159',null,null,'1782BE','Egmond-Binnen',null,null,null,null,null,null,null,null,'229',null,null);
INSERT INTO kern.his_persadres (id,persadres,dataanvgel,dateindegel,tsreg,tsverval,actieinh,actieverval,actieaanpgel,srt,rdnwijz,aangadresh,dataanvadresh,identcodeadresseerbaarobject,identcodenraand,gem,nor,afgekortenor,gemdeel,huisnr,huisletter,huisnrtoevoeging,postcode,wplnaam,loctenopzichtevanadres,locoms,bladresregel1,bladresregel2,bladresregel3,bladresregel4,bladresregel5,bladresregel6,landgebied,indpersaangetroffenopadres,nadereaandverval) VALUES('17817','17043','19590922',null,'19590922','19820528','17888','17889',null,'1','2',null,'19590922',null,null,'403','Middenweg','Middenweg ',null,'159',null,null,'1782BE','Egmond-Binnen',null,null,null,null,null,null,null,null,'229',null,null);
INSERT INTO kern.his_persadres (id,persadres,dataanvgel,dateindegel,tsreg,tsverval,actieinh,actieverval,actieaanpgel,srt,rdnwijz,aangadresh,dataanvadresh,identcodeadresseerbaarobject,identcodenraand,gem,nor,afgekortenor,gemdeel,huisnr,huisletter,huisnrtoevoeging,postcode,wplnaam,loctenopzichtevanadres,locoms,bladresregel1,bladresregel2,bladresregel3,bladresregel4,bladresregel5,bladresregel6,landgebied,indpersaangetroffenopadres,nadereaandverval) VALUES('17816','17044','20010328',null,'20010328',null,'17887',null,null,'1','1','3','20010328',null,null,'347','Vredenburg','Vredenburg',null,'114',null,null,'3511BE','Smalle Ee',null,null,null,null,null,null,null,null,'229',null,null);
INSERT INTO kern.his_persadres (id,persadres,dataanvgel,dateindegel,tsreg,tsverval,actieinh,actieverval,actieaanpgel,srt,rdnwijz,aangadresh,dataanvadresh,identcodeadresseerbaarobject,identcodenraand,gem,nor,afgekortenor,gemdeel,huisnr,huisletter,huisnrtoevoeging,postcode,wplnaam,loctenopzichtevanadres,locoms,bladresregel1,bladresregel2,bladresregel3,bladresregel4,bladresregel5,bladresregel6,landgebied,indpersaangetroffenopadres,nadereaandverval) VALUES('17815','17044','19601221','20010328','20010328',null,'17886',null,'17887','1','2',null,'19601221',null,null,'342','Molenstraat','Molenstraat',null,'27',null,null,'3927AB','Delft',null,null,null,null,null,null,null,null,'229',null,null);
INSERT INTO kern.his_persadres (id,persadres,dataanvgel,dateindegel,tsreg,tsverval,actieinh,actieverval,actieaanpgel,srt,rdnwijz,aangadresh,dataanvadresh,identcodeadresseerbaarobject,identcodenraand,gem,nor,afgekortenor,gemdeel,huisnr,huisletter,huisnrtoevoeging,postcode,wplnaam,loctenopzichtevanadres,locoms,bladresregel1,bladresregel2,bladresregel3,bladresregel4,bladresregel5,bladresregel6,landgebied,indpersaangetroffenopadres,nadereaandverval) VALUES('17814','17044','19601221',null,'19601221','20010328','17886','17887',null,'1','2',null,'19601221',null,null,'342','Molenstraat','Molenstraat',null,'27',null,null,'3927AB','Delft',null,null,null,null,null,null,null,null,'229',null,null);
INSERT INTO kern.his_persadres (id,persadres,dataanvgel,dateindegel,tsreg,tsverval,actieinh,actieverval,actieaanpgel,srt,rdnwijz,aangadresh,dataanvadresh,identcodeadresseerbaarobject,identcodenraand,gem,nor,afgekortenor,gemdeel,huisnr,huisletter,huisnrtoevoeging,postcode,wplnaam,loctenopzichtevanadres,locoms,bladresregel1,bladresregel2,bladresregel3,bladresregel4,bladresregel5,bladresregel6,landgebied,indpersaangetroffenopadres,nadereaandverval) VALUES('17813','17045','19911002',null,'19911002',null,'17885',null,null,'1','1','7','19911002',null,null,'347','Vredenburg','Vredenburg',null,'114',null,null,'3511BE','Smalle Ee',null,null,null,null,null,null,null,null,'229',null,null);
INSERT INTO kern.his_persadres (id,persadres,dataanvgel,dateindegel,tsreg,tsverval,actieinh,actieverval,actieaanpgel,srt,rdnwijz,aangadresh,dataanvadresh,identcodeadresseerbaarobject,identcodenraand,gem,nor,afgekortenor,gemdeel,huisnr,huisletter,huisnrtoevoeging,postcode,wplnaam,loctenopzichtevanadres,locoms,bladresregel1,bladresregel2,bladresregel3,bladresregel4,bladresregel5,bladresregel6,landgebied,indpersaangetroffenopadres,nadereaandverval) VALUES('17812','17045','19611222','19911002','19911002',null,'17884',null,'17885','1','2',null,'19611222',null,null,'508','Nieuwe Haven','Nieuwe Haven',null,'13',null,null,'3311AP','Alkmaar',null,null,null,null,null,null,null,null,'229',null,null);
INSERT INTO kern.his_persadres (id,persadres,dataanvgel,dateindegel,tsreg,tsverval,actieinh,actieverval,actieaanpgel,srt,rdnwijz,aangadresh,dataanvadresh,identcodeadresseerbaarobject,identcodenraand,gem,nor,afgekortenor,gemdeel,huisnr,huisletter,huisnrtoevoeging,postcode,wplnaam,loctenopzichtevanadres,locoms,bladresregel1,bladresregel2,bladresregel3,bladresregel4,bladresregel5,bladresregel6,landgebied,indpersaangetroffenopadres,nadereaandverval) VALUES('17811','17045','19611222',null,'19611222','19911002','17884','17885',null,'1','2',null,'19611222',null,null,'508','Nieuwe Haven','Nieuwe Haven',null,'13',null,null,'3311AP','Alkmaar',null,null,null,null,null,null,null,null,'229',null,null);

commit;


--------------------------------------------------
--- EIND
--- Sheet: (his_persadres)
--- Handler: SheetHandlerImplSimpleInsert
--- Aantal: (190)
--------------------------------------------------
--------------------------------------------------
--- Sheet: (16) (vervangtabel adressen) wordt overgeslagen
--------------------------------------------------
--------------------------------------------------
--- Sheet: (17) (roulatie over 40) wordt overgeslagen
--------------------------------------------------
--------------------------------------------------
--- Sheet: (18) (update statement voor adres) wordt overgeslagen
--------------------------------------------------
--------------------------------------------------
--- START
--- Sheet: (relatie)
--- Handler: SheetHandlerImplSimpleInsert
--------------------------------------------------

begin;

INSERT INTO kern.relatie (id,srt,dataanv,gemaanv,wplnaamaanv,blplaatsaanv,blregioaanv,landgebiedaanv,omslocaanv,rdneinde,dateinde,gemeinde,wplnaameinde,blplaatseinde,blregioeinde,landgebiedeinde,omsloceinde) VALUES('17001','1','20030327','1431',null,null,null,'255','Modernodam',null,null,null,null,null,null,null,null);
INSERT INTO kern.relatie (id,srt,dataanv,gemaanv,wplnaamaanv,blplaatsaanv,blregioaanv,landgebiedaanv,omslocaanv,rdneinde,dateinde,gemeinde,wplnaameinde,blplaatseinde,blregioeinde,landgebiedeinde,omsloceinde) VALUES('17002','1','19901111','1431',null,null,null,'255','Modernodam',null,null,null,null,null,null,null,null);
INSERT INTO kern.relatie (id,srt,dataanv,gemaanv,wplnaamaanv,blplaatsaanv,blregioaanv,landgebiedaanv,omslocaanv,rdneinde,dateinde,gemeinde,wplnaameinde,blplaatseinde,blregioeinde,landgebiedeinde,omsloceinde) VALUES('17003','1','19970605','1431',null,null,null,'255','Modernodam','6','20120101',null,null,null,null,null,null);
INSERT INTO kern.relatie (id,srt,dataanv,gemaanv,wplnaamaanv,blplaatsaanv,blregioaanv,landgebiedaanv,omslocaanv,rdneinde,dateinde,gemeinde,wplnaameinde,blplaatseinde,blregioeinde,landgebiedeinde,omsloceinde) VALUES('17004','1','20031024','1431',null,null,null,'255','Modernodam',null,null,null,null,null,null,null,null);
INSERT INTO kern.relatie (id,srt,dataanv,gemaanv,wplnaamaanv,blplaatsaanv,blregioaanv,landgebiedaanv,omslocaanv,rdneinde,dateinde,gemeinde,wplnaameinde,blplaatseinde,blregioeinde,landgebiedeinde,omsloceinde) VALUES('17005','1','19960304','1431',null,null,null,'255','Modernodam','6','20121004',null,null,null,null,null,null);
INSERT INTO kern.relatie (id,srt,dataanv,gemaanv,wplnaamaanv,blplaatsaanv,blregioaanv,landgebiedaanv,omslocaanv,rdneinde,dateinde,gemeinde,wplnaameinde,blplaatseinde,blregioeinde,landgebiedeinde,omsloceinde) VALUES('17006','3',null,null,null,null,null,null,null,null,null,null,null,null,null,null,null);
INSERT INTO kern.relatie (id,srt,dataanv,gemaanv,wplnaamaanv,blplaatsaanv,blregioaanv,landgebiedaanv,omslocaanv,rdneinde,dateinde,gemeinde,wplnaameinde,blplaatseinde,blregioeinde,landgebiedeinde,omsloceinde) VALUES('17007','3',null,null,null,null,null,null,null,null,null,null,null,null,null,null,null);
INSERT INTO kern.relatie (id,srt,dataanv,gemaanv,wplnaamaanv,blplaatsaanv,blregioaanv,landgebiedaanv,omslocaanv,rdneinde,dateinde,gemeinde,wplnaameinde,blplaatseinde,blregioeinde,landgebiedeinde,omsloceinde) VALUES('17008','3',null,null,null,null,null,null,null,null,null,null,null,null,null,null,null);
INSERT INTO kern.relatie (id,srt,dataanv,gemaanv,wplnaamaanv,blplaatsaanv,blregioaanv,landgebiedaanv,omslocaanv,rdneinde,dateinde,gemeinde,wplnaameinde,blplaatseinde,blregioeinde,landgebiedeinde,omsloceinde) VALUES('17009','1','19800610','1431',null,null,null,'255','Modernodam',null,null,null,null,null,null,null,null);
INSERT INTO kern.relatie (id,srt,dataanv,gemaanv,wplnaamaanv,blplaatsaanv,blregioaanv,landgebiedaanv,omslocaanv,rdneinde,dateinde,gemeinde,wplnaameinde,blplaatseinde,blregioeinde,landgebiedeinde,omsloceinde) VALUES('17010','1','19810425','1431',null,null,null,'255','Modernodam',null,null,null,null,null,null,null,null);
INSERT INTO kern.relatie (id,srt,dataanv,gemaanv,wplnaamaanv,blplaatsaanv,blregioaanv,landgebiedaanv,omslocaanv,rdneinde,dateinde,gemeinde,wplnaameinde,blplaatseinde,blregioeinde,landgebiedeinde,omsloceinde) VALUES('17011','1','19760701','1431',null,null,null,'255','Modernodam',null,null,null,null,null,null,null,null);
INSERT INTO kern.relatie (id,srt,dataanv,gemaanv,wplnaamaanv,blplaatsaanv,blregioaanv,landgebiedaanv,omslocaanv,rdneinde,dateinde,gemeinde,wplnaameinde,blplaatseinde,blregioeinde,landgebiedeinde,omsloceinde) VALUES('17012','3',null,null,null,null,null,null,null,null,null,null,null,null,null,null,null);
INSERT INTO kern.relatie (id,srt,dataanv,gemaanv,wplnaamaanv,blplaatsaanv,blregioaanv,landgebiedaanv,omslocaanv,rdneinde,dateinde,gemeinde,wplnaameinde,blplaatseinde,blregioeinde,landgebiedeinde,omsloceinde) VALUES('17013','3',null,null,null,null,null,null,null,null,null,null,null,null,null,null,null);
INSERT INTO kern.relatie (id,srt,dataanv,gemaanv,wplnaamaanv,blplaatsaanv,blregioaanv,landgebiedaanv,omslocaanv,rdneinde,dateinde,gemeinde,wplnaameinde,blplaatseinde,blregioeinde,landgebiedeinde,omsloceinde) VALUES('17014','1','20060315','1431',null,null,null,'255','Modernodam',null,null,null,null,null,null,null,null);
INSERT INTO kern.relatie (id,srt,dataanv,gemaanv,wplnaamaanv,blplaatsaanv,blregioaanv,landgebiedaanv,omslocaanv,rdneinde,dateinde,gemeinde,wplnaameinde,blplaatseinde,blregioeinde,landgebiedeinde,omsloceinde) VALUES('17015','3',null,null,null,null,null,null,null,null,null,null,null,null,null,null,null);
INSERT INTO kern.relatie (id,srt,dataanv,gemaanv,wplnaamaanv,blplaatsaanv,blregioaanv,landgebiedaanv,omslocaanv,rdneinde,dateinde,gemeinde,wplnaameinde,blplaatseinde,blregioeinde,landgebiedeinde,omsloceinde) VALUES('17016','2','20031010','1431',null,null,null,'255','Modernodam',null,null,null,null,null,null,null,null);
INSERT INTO kern.relatie (id,srt,dataanv,gemaanv,wplnaamaanv,blplaatsaanv,blregioaanv,landgebiedaanv,omslocaanv,rdneinde,dateinde,gemeinde,wplnaameinde,blplaatseinde,blregioeinde,landgebiedeinde,omsloceinde) VALUES('17017','3',null,null,null,null,null,null,null,null,null,null,null,null,null,null,null);
INSERT INTO kern.relatie (id,srt,dataanv,gemaanv,wplnaamaanv,blplaatsaanv,blregioaanv,landgebiedaanv,omslocaanv,rdneinde,dateinde,gemeinde,wplnaameinde,blplaatseinde,blregioeinde,landgebiedeinde,omsloceinde) VALUES('17018','1','20030328','1431',null,null,null,'255','Modernodam',null,null,null,null,null,null,null,null);

commit;


--------------------------------------------------
--- EIND
--- Sheet: (relatie)
--- Handler: SheetHandlerImplSimpleInsert
--- Aantal: (28)
--------------------------------------------------
--------------------------------------------------
--- START
--- Sheet: (his_relatie)
--- Handler: SheetHandlerImplSimpleInsert
--------------------------------------------------

begin;

INSERT INTO kern.his_relatie (id,relatie,tsreg,tsverval,actieinh,actieverval,dataanv,gemaanv,wplnaamaanv,blplaatsaanv,blregioaanv,landgebiedaanv,omslocaanv,rdneinde,dateinde,gemeinde,wplnaameinde,blplaatseinde,blregioeinde,landgebiedeinde,omsloceinde,nadereaandverval) VALUES('17001','17001','20030327',null,'17501',null,'20030327','1431',null,null,null,'255','Modernodam',null,null,null,null,null,null,null,null,null);
INSERT INTO kern.his_relatie (id,relatie,tsreg,tsverval,actieinh,actieverval,dataanv,gemaanv,wplnaamaanv,blplaatsaanv,blregioaanv,landgebiedaanv,omslocaanv,rdneinde,dateinde,gemeinde,wplnaameinde,blplaatseinde,blregioeinde,landgebiedeinde,omsloceinde,nadereaandverval) VALUES('17002','17002','19901111',null,'17502',null,'19901111','1431',null,null,null,'255','Modernodam',null,null,null,null,null,null,null,null,null);
INSERT INTO kern.his_relatie (id,relatie,tsreg,tsverval,actieinh,actieverval,dataanv,gemaanv,wplnaamaanv,blplaatsaanv,blregioaanv,landgebiedaanv,omslocaanv,rdneinde,dateinde,gemeinde,wplnaameinde,blplaatseinde,blregioeinde,landgebiedeinde,omsloceinde,nadereaandverval) VALUES('17003','17003','19970605','20120101','17503','17639','19970605','1431',null,null,null,'255','Modernodam',null,null,null,null,null,null,null,null,null);
INSERT INTO kern.his_relatie (id,relatie,tsreg,tsverval,actieinh,actieverval,dataanv,gemaanv,wplnaamaanv,blplaatsaanv,blregioaanv,landgebiedaanv,omslocaanv,rdneinde,dateinde,gemeinde,wplnaameinde,blplaatseinde,blregioeinde,landgebiedeinde,omsloceinde,nadereaandverval) VALUES('17004','17004','20031024',null,'17504',null,'20031024','1431',null,null,null,'255','Modernodam',null,null,null,null,null,null,null,null,null);
INSERT INTO kern.his_relatie (id,relatie,tsreg,tsverval,actieinh,actieverval,dataanv,gemaanv,wplnaamaanv,blplaatsaanv,blregioaanv,landgebiedaanv,omslocaanv,rdneinde,dateinde,gemeinde,wplnaameinde,blplaatseinde,blregioeinde,landgebiedeinde,omsloceinde,nadereaandverval) VALUES('17005','17005','19960304','20121007','17505','17640','19960304','1431',null,null,null,'255','Modernodam',null,null,null,null,null,null,null,null,null);
INSERT INTO kern.his_relatie (id,relatie,tsreg,tsverval,actieinh,actieverval,dataanv,gemaanv,wplnaamaanv,blplaatsaanv,blregioaanv,landgebiedaanv,omslocaanv,rdneinde,dateinde,gemeinde,wplnaameinde,blplaatseinde,blregioeinde,landgebiedeinde,omsloceinde,nadereaandverval) VALUES('17009','17009','19800610',null,'17630',null,'19800610','1431',null,null,null,'255','Modernodam',null,null,null,null,null,null,null,null,null);
INSERT INTO kern.his_relatie (id,relatie,tsreg,tsverval,actieinh,actieverval,dataanv,gemaanv,wplnaamaanv,blplaatsaanv,blregioaanv,landgebiedaanv,omslocaanv,rdneinde,dateinde,gemeinde,wplnaameinde,blplaatseinde,blregioeinde,landgebiedeinde,omsloceinde,nadereaandverval) VALUES('17010','17010','19810425',null,'17631',null,'19810425','1431',null,null,null,'255','Modernodam',null,null,null,null,null,null,null,null,null);
INSERT INTO kern.his_relatie (id,relatie,tsreg,tsverval,actieinh,actieverval,dataanv,gemaanv,wplnaamaanv,blplaatsaanv,blregioaanv,landgebiedaanv,omslocaanv,rdneinde,dateinde,gemeinde,wplnaameinde,blplaatseinde,blregioeinde,landgebiedeinde,omsloceinde,nadereaandverval) VALUES('17011','17011','19760701',null,'17632',null,'19760701','1431',null,null,null,'255','Modernodam',null,null,null,null,null,null,null,null,null);
INSERT INTO kern.his_relatie (id,relatie,tsreg,tsverval,actieinh,actieverval,dataanv,gemaanv,wplnaamaanv,blplaatsaanv,blregioaanv,landgebiedaanv,omslocaanv,rdneinde,dateinde,gemeinde,wplnaameinde,blplaatseinde,blregioeinde,landgebiedeinde,omsloceinde,nadereaandverval) VALUES('17014','17014','20060315',null,'17633',null,'20060315','1431',null,null,null,'255','Modernodam',null,null,null,null,null,null,null,null,null);
INSERT INTO kern.his_relatie (id,relatie,tsreg,tsverval,actieinh,actieverval,dataanv,gemaanv,wplnaamaanv,blplaatsaanv,blregioaanv,landgebiedaanv,omslocaanv,rdneinde,dateinde,gemeinde,wplnaameinde,blplaatseinde,blregioeinde,landgebiedeinde,omsloceinde,nadereaandverval) VALUES('17016','17016','20031010',null,'17637',null,'20031010','1431',null,null,null,'255','Modernodam',null,null,null,null,null,null,null,null,null);
INSERT INTO kern.his_relatie (id,relatie,tsreg,tsverval,actieinh,actieverval,dataanv,gemaanv,wplnaamaanv,blplaatsaanv,blregioaanv,landgebiedaanv,omslocaanv,rdneinde,dateinde,gemeinde,wplnaameinde,blplaatseinde,blregioeinde,landgebiedeinde,omsloceinde,nadereaandverval) VALUES('17017','17003','20120101',null,'17639',null,'19970605','1431',null,null,null,'255','Modernodam','6','20120101',null,null,null,null,null,null,null);
INSERT INTO kern.his_relatie (id,relatie,tsreg,tsverval,actieinh,actieverval,dataanv,gemaanv,wplnaamaanv,blplaatsaanv,blregioaanv,landgebiedaanv,omslocaanv,rdneinde,dateinde,gemeinde,wplnaameinde,blplaatseinde,blregioeinde,landgebiedeinde,omsloceinde,nadereaandverval) VALUES('17018','17005','20121005',null,'17640',null,'19960304','1431',null,null,null,'255','Modernodam','6','20121004',null,null,null,null,null,null,null);
INSERT INTO kern.his_relatie (id,relatie,tsreg,tsverval,actieinh,actieverval,dataanv,gemaanv,wplnaamaanv,blplaatsaanv,blregioaanv,landgebiedaanv,omslocaanv,rdneinde,dateinde,gemeinde,wplnaameinde,blplaatseinde,blregioeinde,landgebiedeinde,omsloceinde,nadereaandverval) VALUES('17019','17018','20030328',null,'17646',null,'20030328','1431',null,null,null,'255','Modernodam',null,null,null,null,null,null,null,null,null);

commit;


--------------------------------------------------
--- EIND
--- Sheet: (his_relatie)
--- Handler: SheetHandlerImplSimpleInsert
--- Aantal: (23)
--------------------------------------------------
--------------------------------------------------
--- START
--- Sheet: (betr)
--- Handler: SheetHandlerImplSimpleInsert
--------------------------------------------------

begin;

INSERT INTO kern.betr (id,relatie,rol,pers,indouder,indouderheeftgezag,indouderuitwiekindisgeboren) VALUES('17001','17001','3','17001',null,null,null);
INSERT INTO kern.betr (id,relatie,rol,pers,indouder,indouderheeftgezag,indouderuitwiekindisgeboren) VALUES('17002','17001','3','17002',null,null,null);
INSERT INTO kern.betr (id,relatie,rol,pers,indouder,indouderheeftgezag,indouderuitwiekindisgeboren) VALUES('17003','17002','3','17003',null,null,null);
INSERT INTO kern.betr (id,relatie,rol,pers,indouder,indouderheeftgezag,indouderuitwiekindisgeboren) VALUES('17004','17002','3','17004',null,null,null);
INSERT INTO kern.betr (id,relatie,rol,pers,indouder,indouderheeftgezag,indouderuitwiekindisgeboren) VALUES('17005','17003','3','17005',null,null,null);
INSERT INTO kern.betr (id,relatie,rol,pers,indouder,indouderheeftgezag,indouderuitwiekindisgeboren) VALUES('17006','17003','3','17006',null,null,null);
INSERT INTO kern.betr (id,relatie,rol,pers,indouder,indouderheeftgezag,indouderuitwiekindisgeboren) VALUES('17007','17004','3','17007',null,null,null);
INSERT INTO kern.betr (id,relatie,rol,pers,indouder,indouderheeftgezag,indouderuitwiekindisgeboren) VALUES('17008','17004','3','17008',null,null,null);
INSERT INTO kern.betr (id,relatie,rol,pers,indouder,indouderheeftgezag,indouderuitwiekindisgeboren) VALUES('17009','17005','3','17010',null,null,null);
INSERT INTO kern.betr (id,relatie,rol,pers,indouder,indouderheeftgezag,indouderuitwiekindisgeboren) VALUES('17010','17005','3','17011',null,null,null);
INSERT INTO kern.betr (id,relatie,rol,pers,indouder,indouderheeftgezag,indouderuitwiekindisgeboren) VALUES('17011','17006','2','17005','true','true',null);
INSERT INTO kern.betr (id,relatie,rol,pers,indouder,indouderheeftgezag,indouderuitwiekindisgeboren) VALUES('17012','17006','2','17006','true','true',null);
INSERT INTO kern.betr (id,relatie,rol,pers,indouder,indouderheeftgezag,indouderuitwiekindisgeboren) VALUES('17013','17006','1','17009',null,null,null);
INSERT INTO kern.betr (id,relatie,rol,pers,indouder,indouderheeftgezag,indouderuitwiekindisgeboren) VALUES('17014','17007','2','17010','true','true',null);
INSERT INTO kern.betr (id,relatie,rol,pers,indouder,indouderheeftgezag,indouderuitwiekindisgeboren) VALUES('17015','17007','2','17011','true','true',null);
INSERT INTO kern.betr (id,relatie,rol,pers,indouder,indouderheeftgezag,indouderuitwiekindisgeboren) VALUES('17016','17007','1','17014',null,null,null);
INSERT INTO kern.betr (id,relatie,rol,pers,indouder,indouderheeftgezag,indouderuitwiekindisgeboren) VALUES('17017','17008','2','17042','true','true',null);
INSERT INTO kern.betr (id,relatie,rol,pers,indouder,indouderheeftgezag,indouderuitwiekindisgeboren) VALUES('17018','17008','2','17043','true','true',null);
INSERT INTO kern.betr (id,relatie,rol,pers,indouder,indouderheeftgezag,indouderuitwiekindisgeboren) VALUES('17019','17008','1','17028',null,null,null);
INSERT INTO kern.betr (id,relatie,rol,pers,indouder,indouderheeftgezag,indouderuitwiekindisgeboren) VALUES('17020','17008','2','17044',null,null,null);
INSERT INTO kern.betr (id,relatie,rol,pers,indouder,indouderheeftgezag,indouderuitwiekindisgeboren) VALUES('17021','17008','2','17045',null,null,null);
INSERT INTO kern.betr (id,relatie,rol,pers,indouder,indouderheeftgezag,indouderuitwiekindisgeboren) VALUES('17022','17009','3','17042',null,null,null);
INSERT INTO kern.betr (id,relatie,rol,pers,indouder,indouderheeftgezag,indouderuitwiekindisgeboren) VALUES('17023','17009','3','17043',null,null,null);
INSERT INTO kern.betr (id,relatie,rol,pers,indouder,indouderheeftgezag,indouderuitwiekindisgeboren) VALUES('17024','17010','3','17044',null,null,null);
INSERT INTO kern.betr (id,relatie,rol,pers,indouder,indouderheeftgezag,indouderuitwiekindisgeboren) VALUES('17025','17010','3','17045',null,null,null);
INSERT INTO kern.betr (id,relatie,rol,pers,indouder,indouderheeftgezag,indouderuitwiekindisgeboren) VALUES('17026','17011','3','17032',null,null,null);
INSERT INTO kern.betr (id,relatie,rol,pers,indouder,indouderheeftgezag,indouderuitwiekindisgeboren) VALUES('17027','17011','3','17033',null,null,null);
INSERT INTO kern.betr (id,relatie,rol,pers,indouder,indouderheeftgezag,indouderuitwiekindisgeboren) VALUES('17028','17012','2','17035','true','true',null);
INSERT INTO kern.betr (id,relatie,rol,pers,indouder,indouderheeftgezag,indouderuitwiekindisgeboren) VALUES('17029','17012','2','17036','true','true',null);
INSERT INTO kern.betr (id,relatie,rol,pers,indouder,indouderheeftgezag,indouderuitwiekindisgeboren) VALUES('17030','17012','1','17037',null,null,null);
INSERT INTO kern.betr (id,relatie,rol,pers,indouder,indouderheeftgezag,indouderuitwiekindisgeboren) VALUES('17031','17013','2','17035','true','true',null);
INSERT INTO kern.betr (id,relatie,rol,pers,indouder,indouderheeftgezag,indouderuitwiekindisgeboren) VALUES('17032','17013','2','17036','true','true',null);
INSERT INTO kern.betr (id,relatie,rol,pers,indouder,indouderheeftgezag,indouderuitwiekindisgeboren) VALUES('17033','17013','1','17038',null,null,null);
INSERT INTO kern.betr (id,relatie,rol,pers,indouder,indouderheeftgezag,indouderuitwiekindisgeboren) VALUES('17034','17014','3','17035',null,null,null);
INSERT INTO kern.betr (id,relatie,rol,pers,indouder,indouderheeftgezag,indouderuitwiekindisgeboren) VALUES('17035','17014','3','17036',null,null,null);
INSERT INTO kern.betr (id,relatie,rol,pers,indouder,indouderheeftgezag,indouderuitwiekindisgeboren) VALUES('17036','17015','1','17006',null,null,null);
INSERT INTO kern.betr (id,relatie,rol,pers,indouder,indouderheeftgezag,indouderuitwiekindisgeboren) VALUES('17037','17015','2','17011','true','true',null);
INSERT INTO kern.betr (id,relatie,rol,pers,indouder,indouderheeftgezag,indouderuitwiekindisgeboren) VALUES('17038','17016','3','17016',null,null,null);
INSERT INTO kern.betr (id,relatie,rol,pers,indouder,indouderheeftgezag,indouderuitwiekindisgeboren) VALUES('17039','17016','3','17017',null,null,null);
INSERT INTO kern.betr (id,relatie,rol,pers,indouder,indouderheeftgezag,indouderuitwiekindisgeboren) VALUES('17040','17017','2','17015','true','true',null);
INSERT INTO kern.betr (id,relatie,rol,pers,indouder,indouderheeftgezag,indouderuitwiekindisgeboren) VALUES('17041','17017','2','17014','true','true',null);
INSERT INTO kern.betr (id,relatie,rol,pers,indouder,indouderheeftgezag,indouderuitwiekindisgeboren) VALUES('17042','17017','1','17026',null,null,null);
INSERT INTO kern.betr (id,relatie,rol,pers,indouder,indouderheeftgezag,indouderuitwiekindisgeboren) VALUES('17043','17018','3','17001',null,null,null);
INSERT INTO kern.betr (id,relatie,rol,pers,indouder,indouderheeftgezag,indouderuitwiekindisgeboren) VALUES('17044','17018','3','17027',null,null,null);

commit;


--------------------------------------------------
--- EIND
--- Sheet: (betr)
--- Handler: SheetHandlerImplSimpleInsert
--- Aantal: (54)
--------------------------------------------------
--------------------------------------------------
--- START
--- Sheet: (His_OuderOuderlijkGezag)
--- Handler: SheetHandlerImplSimpleInsert
--------------------------------------------------

begin;

INSERT INTO kern.his_ouderouderlijkgezag (id,betr,dataanvgel,dateindegel,tsreg,tsverval,actieinh,actieverval,actieaanpgel,indouderheeftgezag,nadereaandverval) VALUES('17011','17011','20031226',null,'20031226',null,'17500',null,null,'true',null);
INSERT INTO kern.his_ouderouderlijkgezag (id,betr,dataanvgel,dateindegel,tsreg,tsverval,actieinh,actieverval,actieaanpgel,indouderheeftgezag,nadereaandverval) VALUES('17012','17012','20031226',null,'20031226',null,'17500',null,null,'true',null);
INSERT INTO kern.his_ouderouderlijkgezag (id,betr,dataanvgel,dateindegel,tsreg,tsverval,actieinh,actieverval,actieaanpgel,indouderheeftgezag,nadereaandverval) VALUES('17014','17014','19910911',null,'19910911',null,'17627',null,null,'true',null);
INSERT INTO kern.his_ouderouderlijkgezag (id,betr,dataanvgel,dateindegel,tsreg,tsverval,actieinh,actieverval,actieaanpgel,indouderheeftgezag,nadereaandverval) VALUES('17015','17015','19910911',null,'19910911',null,'17627',null,null,'true',null);
INSERT INTO kern.his_ouderouderlijkgezag (id,betr,dataanvgel,dateindegel,tsreg,tsverval,actieinh,actieverval,actieaanpgel,indouderheeftgezag,nadereaandverval) VALUES('17017','17017','20001022',null,'20001022',null,'17628',null,null,'true',null);
INSERT INTO kern.his_ouderouderlijkgezag (id,betr,dataanvgel,dateindegel,tsreg,tsverval,actieinh,actieverval,actieaanpgel,indouderheeftgezag,nadereaandverval) VALUES('17018','17018','20001022',null,'20001022',null,'17628',null,null,'true',null);
INSERT INTO kern.his_ouderouderlijkgezag (id,betr,dataanvgel,dateindegel,tsreg,tsverval,actieinh,actieverval,actieaanpgel,indouderheeftgezag,nadereaandverval) VALUES('17020','17020','19900722',null,'19900722','20001022','17626','17628',null,'true',null);
INSERT INTO kern.his_ouderouderlijkgezag (id,betr,dataanvgel,dateindegel,tsreg,tsverval,actieinh,actieverval,actieaanpgel,indouderheeftgezag,nadereaandverval) VALUES('17120','17020','19900722','20001022','20001022',null,'17626',null,'17628','true',null);
INSERT INTO kern.his_ouderouderlijkgezag (id,betr,dataanvgel,dateindegel,tsreg,tsverval,actieinh,actieverval,actieaanpgel,indouderheeftgezag,nadereaandverval) VALUES('17021','17021','19900722',null,'19900722','20001022','17626','17628',null,'true',null);
INSERT INTO kern.his_ouderouderlijkgezag (id,betr,dataanvgel,dateindegel,tsreg,tsverval,actieinh,actieverval,actieaanpgel,indouderheeftgezag,nadereaandverval) VALUES('17121','17021','19900722','20001022','20001022',null,'17626',null,'17628','true',null);
INSERT INTO kern.his_ouderouderlijkgezag (id,betr,dataanvgel,dateindegel,tsreg,tsverval,actieinh,actieverval,actieaanpgel,indouderheeftgezag,nadereaandverval) VALUES('17028','17028','20050112',null,'20050112',null,'17634',null,null,'true',null);
INSERT INTO kern.his_ouderouderlijkgezag (id,betr,dataanvgel,dateindegel,tsreg,tsverval,actieinh,actieverval,actieaanpgel,indouderheeftgezag,nadereaandverval) VALUES('17029','17029','20050112',null,'20050112',null,'17634',null,null,'true',null);
INSERT INTO kern.his_ouderouderlijkgezag (id,betr,dataanvgel,dateindegel,tsreg,tsverval,actieinh,actieverval,actieaanpgel,indouderheeftgezag,nadereaandverval) VALUES('17031','17031','20051201',null,'20051201',null,'17635',null,null,'true',null);
INSERT INTO kern.his_ouderouderlijkgezag (id,betr,dataanvgel,dateindegel,tsreg,tsverval,actieinh,actieverval,actieaanpgel,indouderheeftgezag,nadereaandverval) VALUES('17032','17032','20051201',null,'20051201',null,'17635',null,null,'true',null);
INSERT INTO kern.his_ouderouderlijkgezag (id,betr,dataanvgel,dateindegel,tsreg,tsverval,actieinh,actieverval,actieaanpgel,indouderheeftgezag,nadereaandverval) VALUES('17033','17037','19951003',null,'19951003',null,'17636',null,null,'true',null);
INSERT INTO kern.his_ouderouderlijkgezag (id,betr,dataanvgel,dateindegel,tsreg,tsverval,actieinh,actieverval,actieaanpgel,indouderheeftgezag,nadereaandverval) VALUES('17034','17040','20050112',null,'20050112',null,'17638',null,null,'true',null);
INSERT INTO kern.his_ouderouderlijkgezag (id,betr,dataanvgel,dateindegel,tsreg,tsverval,actieinh,actieverval,actieaanpgel,indouderheeftgezag,nadereaandverval) VALUES('17035','17041','20050112',null,'20050112',null,'17638',null,null,'true',null);

commit;


--------------------------------------------------
--- EIND
--- Sheet: (His_OuderOuderlijkGezag)
--- Handler: SheetHandlerImplSimpleInsert
--- Aantal: (26)
--------------------------------------------------
--------------------------------------------------
--- START
--- Sheet: (His_OuderOuderschap)
--- Handler: SheetHandlerImplSimpleInsert
--------------------------------------------------

begin;

INSERT INTO kern.his_ouderouderschap (id,betr,dataanvgel,dateindegel,tsreg,tsverval,actieinh,actieverval,actieaanpgel,indouder,indouderuitwiekindisgeboren,nadereaandverval) VALUES('17011','17011','20031226',null,'20031226',null,'17500',null,null,'true',null,null);
INSERT INTO kern.his_ouderouderschap (id,betr,dataanvgel,dateindegel,tsreg,tsverval,actieinh,actieverval,actieaanpgel,indouder,indouderuitwiekindisgeboren,nadereaandverval) VALUES('17012','17012','20031226',null,'20031226',null,'17500',null,null,'true',null,null);
INSERT INTO kern.his_ouderouderschap (id,betr,dataanvgel,dateindegel,tsreg,tsverval,actieinh,actieverval,actieaanpgel,indouder,indouderuitwiekindisgeboren,nadereaandverval) VALUES('17014','17014','19910911',null,'19910911',null,'17627',null,null,'true',null,null);
INSERT INTO kern.his_ouderouderschap (id,betr,dataanvgel,dateindegel,tsreg,tsverval,actieinh,actieverval,actieaanpgel,indouder,indouderuitwiekindisgeboren,nadereaandverval) VALUES('17015','17015','19910911',null,'19910911',null,'17627',null,null,'true',null,null);
INSERT INTO kern.his_ouderouderschap (id,betr,dataanvgel,dateindegel,tsreg,tsverval,actieinh,actieverval,actieaanpgel,indouder,indouderuitwiekindisgeboren,nadereaandverval) VALUES('17017','17017','20001022',null,'20001022',null,'17628',null,null,'true',null,null);
INSERT INTO kern.his_ouderouderschap (id,betr,dataanvgel,dateindegel,tsreg,tsverval,actieinh,actieverval,actieaanpgel,indouder,indouderuitwiekindisgeboren,nadereaandverval) VALUES('17018','17018','20001022',null,'20001022',null,'17628',null,null,'true',null,null);
INSERT INTO kern.his_ouderouderschap (id,betr,dataanvgel,dateindegel,tsreg,tsverval,actieinh,actieverval,actieaanpgel,indouder,indouderuitwiekindisgeboren,nadereaandverval) VALUES('17020','17020','19900722',null,'19900722','20001022','17626','17628',null,'true',null,null);
INSERT INTO kern.his_ouderouderschap (id,betr,dataanvgel,dateindegel,tsreg,tsverval,actieinh,actieverval,actieaanpgel,indouder,indouderuitwiekindisgeboren,nadereaandverval) VALUES('17120','17020','19900722','20001022','20001022',null,'17626',null,'17628','true',null,null);
INSERT INTO kern.his_ouderouderschap (id,betr,dataanvgel,dateindegel,tsreg,tsverval,actieinh,actieverval,actieaanpgel,indouder,indouderuitwiekindisgeboren,nadereaandverval) VALUES('17021','17021','19900722',null,'19900722','20001022','17626','17628',null,'true',null,null);
INSERT INTO kern.his_ouderouderschap (id,betr,dataanvgel,dateindegel,tsreg,tsverval,actieinh,actieverval,actieaanpgel,indouder,indouderuitwiekindisgeboren,nadereaandverval) VALUES('17121','17021','19900722','20001022','20001022',null,'17626',null,'17628','true',null,null);
INSERT INTO kern.his_ouderouderschap (id,betr,dataanvgel,dateindegel,tsreg,tsverval,actieinh,actieverval,actieaanpgel,indouder,indouderuitwiekindisgeboren,nadereaandverval) VALUES('17028','17028','20050112',null,'20050112',null,'17634',null,null,'true',null,null);
INSERT INTO kern.his_ouderouderschap (id,betr,dataanvgel,dateindegel,tsreg,tsverval,actieinh,actieverval,actieaanpgel,indouder,indouderuitwiekindisgeboren,nadereaandverval) VALUES('17029','17029','20050112',null,'20050112',null,'17634',null,null,'true',null,null);
INSERT INTO kern.his_ouderouderschap (id,betr,dataanvgel,dateindegel,tsreg,tsverval,actieinh,actieverval,actieaanpgel,indouder,indouderuitwiekindisgeboren,nadereaandverval) VALUES('17031','17031','20051201',null,'20051201',null,'17635',null,null,'true',null,null);
INSERT INTO kern.his_ouderouderschap (id,betr,dataanvgel,dateindegel,tsreg,tsverval,actieinh,actieverval,actieaanpgel,indouder,indouderuitwiekindisgeboren,nadereaandverval) VALUES('17032','17032','20051201',null,'20051201',null,'17635',null,null,'true',null,null);
INSERT INTO kern.his_ouderouderschap (id,betr,dataanvgel,dateindegel,tsreg,tsverval,actieinh,actieverval,actieaanpgel,indouder,indouderuitwiekindisgeboren,nadereaandverval) VALUES('17033','17037','19951003',null,'19951003',null,'17636',null,null,'true',null,null);
INSERT INTO kern.his_ouderouderschap (id,betr,dataanvgel,dateindegel,tsreg,tsverval,actieinh,actieverval,actieaanpgel,indouder,indouderuitwiekindisgeboren,nadereaandverval) VALUES('17034','17040','20050112',null,'20050112',null,'17638',null,null,'true',null,null);
INSERT INTO kern.his_ouderouderschap (id,betr,dataanvgel,dateindegel,tsreg,tsverval,actieinh,actieverval,actieaanpgel,indouder,indouderuitwiekindisgeboren,nadereaandverval) VALUES('17035','17041','20050112',null,'20050112',null,'17638',null,null,'true',null,null);

commit;


--------------------------------------------------
--- EIND
--- Sheet: (His_OuderOuderschap)
--- Handler: SheetHandlerImplSimpleInsert
--- Aantal: (26)
--------------------------------------------------
--------------------------------------------------
--- Sheet: (24) (update statements) wordt overgeslagen
--------------------------------------------------
--------------------------------------------------
--- START
--- Sheet: (persindicatie)
--- Handler: SheetHandlerImplSimpleInsert
--------------------------------------------------

begin;

INSERT INTO kern.persindicatie (id,pers,srt,waarde) VALUES('17002','17002','2','true');
INSERT INTO kern.persindicatie (id,pers,srt,waarde) VALUES('17003','17013','2','true');
INSERT INTO kern.persindicatie (id,pers,srt,waarde) VALUES('17004','17013','3','true');
INSERT INTO kern.persindicatie (id,pers,srt,waarde) VALUES('17005','17025','2','true');

commit;


--------------------------------------------------
--- EIND
--- Sheet: (persindicatie)
--- Handler: SheetHandlerImplSimpleInsert
--- Aantal: (5)
--------------------------------------------------
--------------------------------------------------
--- START
--- Sheet: (his_persindicatie)
--- Handler: SheetHandlerImplSimpleInsert
--------------------------------------------------

begin;

INSERT INTO kern.his_persindicatie (id,persindicatie,dataanvgel,dateindegel,tsreg,tsverval,actieinh,actieverval,actieaanpgel,waarde,nadereaandverval) VALUES('17002','17002','19550602',null,'19550602',null,'17624',null,null,'true',null);
INSERT INTO kern.his_persindicatie (id,persindicatie,dataanvgel,dateindegel,tsreg,tsverval,actieinh,actieverval,actieaanpgel,waarde,nadereaandverval) VALUES('17003','17003','19941003',null,'19941003',null,'17625',null,null,'true',null);

commit;


--------------------------------------------------
--- EIND
--- Sheet: (his_persindicatie)
--- Handler: SheetHandlerImplSimpleInsert
--- Aantal: (3)
--------------------------------------------------
--------------------------------------------------
--- START
--- Sheet: (persvoornaam)
--- Handler: SheetHandlerImplSimpleInsert
--------------------------------------------------

begin;

INSERT INTO kern.persvoornaam (naam,id,pers,volgnr) VALUES('Cees','17001','17001','1');
INSERT INTO kern.persvoornaam (naam,id,pers,volgnr) VALUES('Paula','17002','17002','1');
INSERT INTO kern.persvoornaam (naam,id,pers,volgnr) VALUES('Christoffel','17003','17003','1');
INSERT INTO kern.persvoornaam (naam,id,pers,volgnr) VALUES('Eleonora','17004','17004','1');
INSERT INTO kern.persvoornaam (naam,id,pers,volgnr) VALUES('Albert','17005','17005','1');
INSERT INTO kern.persvoornaam (naam,id,pers,volgnr) VALUES('Anne-Marie','17006','17006','1');
INSERT INTO kern.persvoornaam (naam,id,pers,volgnr) VALUES('Henk','17007','17007','1');
INSERT INTO kern.persvoornaam (naam,id,pers,volgnr) VALUES('Anna','17008','17008','1');
INSERT INTO kern.persvoornaam (naam,id,pers,volgnr) VALUES('Miranda','17009','17009','1');
INSERT INTO kern.persvoornaam (naam,id,pers,volgnr) VALUES('John','17010','17010','1');
INSERT INTO kern.persvoornaam (naam,id,pers,volgnr) VALUES('Dorothea','17011','17011','1');
INSERT INTO kern.persvoornaam (naam,id,pers,volgnr) VALUES('Bas','17012','17012','1');
INSERT INTO kern.persvoornaam (naam,id,pers,volgnr) VALUES('Hendrika','17013','17013','1');
INSERT INTO kern.persvoornaam (naam,id,pers,volgnr) VALUES('Jan','17014','17014','1');
INSERT INTO kern.persvoornaam (naam,id,pers,volgnr) VALUES('Petronella','17015','17015','1');
INSERT INTO kern.persvoornaam (naam,id,pers,volgnr) VALUES('Maria','17016','17016','1');
INSERT INTO kern.persvoornaam (naam,id,pers,volgnr) VALUES('Pieter','17017','17017','1');
INSERT INTO kern.persvoornaam (naam,id,pers,volgnr) VALUES('Petronellaatje','17018','17018','1');
INSERT INTO kern.persvoornaam (naam,id,pers,volgnr) VALUES('Sanne','17019','17019','1');
INSERT INTO kern.persvoornaam (naam,id,pers,volgnr) VALUES('Hanna','17020','17020','1');
INSERT INTO kern.persvoornaam (naam,id,pers,volgnr) VALUES('Sander','17021','17021','1');
INSERT INTO kern.persvoornaam (naam,id,pers,volgnr) VALUES('Ellen','17022','17022','1');
INSERT INTO kern.persvoornaam (naam,id,pers,volgnr) VALUES('Christian','17023','17023','1');
INSERT INTO kern.persvoornaam (naam,id,pers,volgnr) VALUES('Anja','17024','17024','1');
INSERT INTO kern.persvoornaam (naam,id,pers,volgnr) VALUES('Karel','17025','17025','1');
INSERT INTO kern.persvoornaam (naam,id,pers,volgnr) VALUES('Helen','17026','17026','1');
INSERT INTO kern.persvoornaam (naam,id,pers,volgnr) VALUES('Sander','17027','17027','1');
INSERT INTO kern.persvoornaam (naam,id,pers,volgnr) VALUES('Violet','17028','17028','1');
INSERT INTO kern.persvoornaam (naam,id,pers,volgnr) VALUES('Violetta','17029','17029','1');
INSERT INTO kern.persvoornaam (naam,id,pers,volgnr) VALUES('Tanja','17030','17030','1');
INSERT INTO kern.persvoornaam (naam,id,pers,volgnr) VALUES('Berend','17031','17031','1');
INSERT INTO kern.persvoornaam (naam,id,pers,volgnr) VALUES('Mike','17032','17032','1');
INSERT INTO kern.persvoornaam (naam,id,pers,volgnr) VALUES('Sanne','17033','17033','1');
INSERT INTO kern.persvoornaam (naam,id,pers,volgnr) VALUES('Josje','17034','17034','1');
INSERT INTO kern.persvoornaam (naam,id,pers,volgnr) VALUES('Anna','17035','17035','1');
INSERT INTO kern.persvoornaam (naam,id,pers,volgnr) VALUES('Gerard','17036','17036','1');
INSERT INTO kern.persvoornaam (naam,id,pers,volgnr) VALUES('Albert','17037','17037','1');
INSERT INTO kern.persvoornaam (naam,id,pers,volgnr) VALUES('Marijke','17038','17038','1');
INSERT INTO kern.persvoornaam (naam,id,pers,volgnr) VALUES('Geerte','17039','17039','1');
INSERT INTO kern.persvoornaam (naam,id,pers,volgnr) VALUES('Gert','17040','17040','1');
INSERT INTO kern.persvoornaam (naam,id,pers,volgnr) VALUES('Gijs','17041','17041','1');
INSERT INTO kern.persvoornaam (naam,id,pers,volgnr) VALUES('Guido','17042','17042','1');
INSERT INTO kern.persvoornaam (naam,id,pers,volgnr) VALUES('Annemieke','17043','17043','1');
INSERT INTO kern.persvoornaam (naam,id,pers,volgnr) VALUES('Maarten','17044','17044','1');
INSERT INTO kern.persvoornaam (naam,id,pers,volgnr) VALUES('Marion','17045','17045','1');
INSERT INTO kern.persvoornaam (naam,id,pers,volgnr) VALUES('Françoise','17046','17004','2');
INSERT INTO kern.persvoornaam (naam,id,pers,volgnr) VALUES('Maria','17047','17008','2');
INSERT INTO kern.persvoornaam (naam,id,pers,volgnr) VALUES('Petra','17048','17008','3');
INSERT INTO kern.persvoornaam (naam,id,pers,volgnr) VALUES('Isabella','17049','17013','2');
INSERT INTO kern.persvoornaam (naam,id,pers,volgnr) VALUES('Gerarda','17050','17013','3');
INSERT INTO kern.persvoornaam (naam,id,pers,volgnr) VALUES('Johanna','17051','17013','4');
INSERT INTO kern.persvoornaam (naam,id,pers,volgnr) VALUES('Christina','17052','17016','2');

commit;


--------------------------------------------------
--- EIND
--- Sheet: (persvoornaam)
--- Handler: SheetHandlerImplSimpleInsert
--- Aantal: (52)
--------------------------------------------------
--------------------------------------------------
--- START
--- Sheet: (his_persvoornaam)
--- Handler: SheetHandlerImplSimpleInsert
--------------------------------------------------

begin;

INSERT INTO kern.his_persvoornaam (id,persvoornaam,dataanvgel,dateindegel,tsreg,tsverval,actieinh,actieverval,nadereaandverval,actieaanpgel,naam) VALUES('17001','17001','19811002',null,'19811002',null,'17001',null,null,null,'Cees');
INSERT INTO kern.his_persvoornaam (id,persvoornaam,dataanvgel,dateindegel,tsreg,tsverval,actieinh,actieverval,nadereaandverval,actieaanpgel,naam) VALUES('17002','17002','19820528',null,'19820528',null,'17002',null,null,null,'Paula');
INSERT INTO kern.his_persvoornaam (id,persvoornaam,dataanvgel,dateindegel,tsreg,tsverval,actieinh,actieverval,nadereaandverval,actieaanpgel,naam) VALUES('17003','17003','19660302',null,'19660302',null,'17003',null,null,null,'Christoffel');
INSERT INTO kern.his_persvoornaam (id,persvoornaam,dataanvgel,dateindegel,tsreg,tsverval,actieinh,actieverval,nadereaandverval,actieaanpgel,naam) VALUES('17004','17004','19691227',null,'19691227',null,'17004',null,null,null,'Eleonora');
INSERT INTO kern.his_persvoornaam (id,persvoornaam,dataanvgel,dateindegel,tsreg,tsverval,actieinh,actieverval,nadereaandverval,actieaanpgel,naam) VALUES('17005','17005','19710717',null,'19710717',null,'17005',null,null,null,'Albert');
INSERT INTO kern.his_persvoornaam (id,persvoornaam,dataanvgel,dateindegel,tsreg,tsverval,actieinh,actieverval,nadereaandverval,actieaanpgel,naam) VALUES('17006','17006','19720928',null,'19720928',null,'17006',null,null,null,'Anne-Marie');
INSERT INTO kern.his_persvoornaam (id,persvoornaam,dataanvgel,dateindegel,tsreg,tsverval,actieinh,actieverval,nadereaandverval,actieaanpgel,naam) VALUES('17007','17007','19800616',null,'19800616',null,'17007',null,null,null,'Henk');
INSERT INTO kern.his_persvoornaam (id,persvoornaam,dataanvgel,dateindegel,tsreg,tsverval,actieinh,actieverval,nadereaandverval,actieaanpgel,naam) VALUES('17008','17008','19810418',null,'19810418',null,'17008',null,null,null,'Anna');
INSERT INTO kern.his_persvoornaam (id,persvoornaam,dataanvgel,dateindegel,tsreg,tsverval,actieinh,actieverval,nadereaandverval,actieaanpgel,naam) VALUES('17009','17009','19940101',null,'19940101',null,'17009',null,null,null,'Miranda');
INSERT INTO kern.his_persvoornaam (id,persvoornaam,dataanvgel,dateindegel,tsreg,tsverval,actieinh,actieverval,nadereaandverval,actieaanpgel,naam) VALUES('17010','17010','19691231',null,'19691231',null,'17010',null,null,null,'John');
INSERT INTO kern.his_persvoornaam (id,persvoornaam,dataanvgel,dateindegel,tsreg,tsverval,actieinh,actieverval,nadereaandverval,actieaanpgel,naam) VALUES('17011','17011','19690516',null,'19690516',null,'17011',null,null,null,'Dorothea');
INSERT INTO kern.his_persvoornaam (id,persvoornaam,dataanvgel,dateindegel,tsreg,tsverval,actieinh,actieverval,nadereaandverval,actieaanpgel,naam) VALUES('17012','17012','19771210',null,'19771210',null,'17012',null,null,null,'Bas');
INSERT INTO kern.his_persvoornaam (id,persvoornaam,dataanvgel,dateindegel,tsreg,tsverval,actieinh,actieverval,nadereaandverval,actieaanpgel,naam) VALUES('17013','17013','19550602',null,'19550602',null,'17013',null,null,null,'Hendrika');
INSERT INTO kern.his_persvoornaam (id,persvoornaam,dataanvgel,dateindegel,tsreg,tsverval,actieinh,actieverval,nadereaandverval,actieaanpgel,naam) VALUES('17014','17014','19780611',null,'19780611',null,'17014',null,null,null,'Jan');
INSERT INTO kern.his_persvoornaam (id,persvoornaam,dataanvgel,dateindegel,tsreg,tsverval,actieinh,actieverval,nadereaandverval,actieaanpgel,naam) VALUES('17015','17015','19880425',null,'19880425',null,'17015',null,null,null,'Petronella');
INSERT INTO kern.his_persvoornaam (id,persvoornaam,dataanvgel,dateindegel,tsreg,tsverval,actieinh,actieverval,nadereaandverval,actieaanpgel,naam) VALUES('17016','17016','19881210',null,'19881210',null,'17016',null,null,null,'Maria');
INSERT INTO kern.his_persvoornaam (id,persvoornaam,dataanvgel,dateindegel,tsreg,tsverval,actieinh,actieverval,nadereaandverval,actieaanpgel,naam) VALUES('17017','17017','19960523',null,'19960523',null,'17017',null,null,null,'Pieter');
INSERT INTO kern.his_persvoornaam (id,persvoornaam,dataanvgel,dateindegel,tsreg,tsverval,actieinh,actieverval,nadereaandverval,actieaanpgel,naam) VALUES('17018','17018','19941005',null,'19941005',null,'17018',null,null,null,'Petronellaatje');
INSERT INTO kern.his_persvoornaam (id,persvoornaam,dataanvgel,dateindegel,tsreg,tsverval,actieinh,actieverval,nadereaandverval,actieaanpgel,naam) VALUES('17019','17019','19941005',null,'19941005',null,'17019',null,null,null,'Sanne');
INSERT INTO kern.his_persvoornaam (id,persvoornaam,dataanvgel,dateindegel,tsreg,tsverval,actieinh,actieverval,nadereaandverval,actieaanpgel,naam) VALUES('17020','17020','19760103',null,'19760103',null,'17020',null,null,null,'Hanna');
INSERT INTO kern.his_persvoornaam (id,persvoornaam,dataanvgel,dateindegel,tsreg,tsverval,actieinh,actieverval,nadereaandverval,actieaanpgel,naam) VALUES('17021','17021','19961003',null,'19961003',null,'17021',null,null,null,'Sander');
INSERT INTO kern.his_persvoornaam (id,persvoornaam,dataanvgel,dateindegel,tsreg,tsverval,actieinh,actieverval,nadereaandverval,actieaanpgel,naam) VALUES('17022','17022','19951003',null,'19951003',null,'17022',null,null,null,'Ellen');
INSERT INTO kern.his_persvoornaam (id,persvoornaam,dataanvgel,dateindegel,tsreg,tsverval,actieinh,actieverval,nadereaandverval,actieaanpgel,naam) VALUES('17023','17023','19941003',null,'19941003',null,'17023',null,null,null,'Christian');
INSERT INTO kern.his_persvoornaam (id,persvoornaam,dataanvgel,dateindegel,tsreg,tsverval,actieinh,actieverval,nadereaandverval,actieaanpgel,naam) VALUES('17024','17024','19770401',null,'19770401',null,'17024',null,null,null,'Anja');
INSERT INTO kern.his_persvoornaam (id,persvoornaam,dataanvgel,dateindegel,tsreg,tsverval,actieinh,actieverval,nadereaandverval,actieaanpgel,naam) VALUES('17025','17025','19880611',null,'19880611',null,'17025',null,null,null,'Karel');
INSERT INTO kern.his_persvoornaam (id,persvoornaam,dataanvgel,dateindegel,tsreg,tsverval,actieinh,actieverval,nadereaandverval,actieaanpgel,naam) VALUES('17026','17026','19910721',null,'19910721',null,'17026',null,null,null,'Helen');
INSERT INTO kern.his_persvoornaam (id,persvoornaam,dataanvgel,dateindegel,tsreg,tsverval,actieinh,actieverval,nadereaandverval,actieaanpgel,naam) VALUES('17027','17027','19910911','20001022','19910911',null,'17027',null,null,null,'Sander');
INSERT INTO kern.his_persvoornaam (id,persvoornaam,dataanvgel,dateindegel,tsreg,tsverval,actieinh,actieverval,nadereaandverval,actieaanpgel,naam) VALUES('17028','17028','19900722',null,'19900722',null,'17028',null,null,null,'Violet');
INSERT INTO kern.his_persvoornaam (id,persvoornaam,dataanvgel,dateindegel,tsreg,tsverval,actieinh,actieverval,nadereaandverval,actieaanpgel,naam) VALUES('17029','17029','19200430',null,'19200430',null,'17029',null,null,null,'Violetta');
INSERT INTO kern.his_persvoornaam (id,persvoornaam,dataanvgel,dateindegel,tsreg,tsverval,actieinh,actieverval,nadereaandverval,actieaanpgel,naam) VALUES('17030','17030','19220419',null,'19220419',null,'17030',null,null,null,'Tanja');
INSERT INTO kern.his_persvoornaam (id,persvoornaam,dataanvgel,dateindegel,tsreg,tsverval,actieinh,actieverval,nadereaandverval,actieaanpgel,naam) VALUES('17031','17031','19920219',null,'19920219',null,'17031',null,null,null,'Berend');
INSERT INTO kern.his_persvoornaam (id,persvoornaam,dataanvgel,dateindegel,tsreg,tsverval,actieinh,actieverval,nadereaandverval,actieaanpgel,naam) VALUES('17032','17032','19510923',null,'19510923',null,'17032',null,null,null,'Mike');
INSERT INTO kern.his_persvoornaam (id,persvoornaam,dataanvgel,dateindegel,tsreg,tsverval,actieinh,actieverval,nadereaandverval,actieaanpgel,naam) VALUES('17033','17033','19531116',null,'19531116',null,'17033',null,null,null,'Sanne');
INSERT INTO kern.his_persvoornaam (id,persvoornaam,dataanvgel,dateindegel,tsreg,tsverval,actieinh,actieverval,nadereaandverval,actieaanpgel,naam) VALUES('17034','17034','19390402',null,'19390402',null,'17034',null,null,null,'Josje');
INSERT INTO kern.his_persvoornaam (id,persvoornaam,dataanvgel,dateindegel,tsreg,tsverval,actieinh,actieverval,nadereaandverval,actieaanpgel,naam) VALUES('17035','17035','19841203',null,'19841203',null,'17035',null,null,null,'Anna');
INSERT INTO kern.his_persvoornaam (id,persvoornaam,dataanvgel,dateindegel,tsreg,tsverval,actieinh,actieverval,nadereaandverval,actieaanpgel,naam) VALUES('17036','17036','19851011',null,'19851011',null,'17036',null,null,null,'Gerard');
INSERT INTO kern.his_persvoornaam (id,persvoornaam,dataanvgel,dateindegel,tsreg,tsverval,actieinh,actieverval,nadereaandverval,actieaanpgel,naam) VALUES('17037','17037','20050112',null,'20050112',null,'17037',null,null,null,'Albert');
INSERT INTO kern.his_persvoornaam (id,persvoornaam,dataanvgel,dateindegel,tsreg,tsverval,actieinh,actieverval,nadereaandverval,actieaanpgel,naam) VALUES('17038','17038','20051201',null,'20051201',null,'17038',null,null,null,'Marijke');
INSERT INTO kern.his_persvoornaam (id,persvoornaam,dataanvgel,dateindegel,tsreg,tsverval,actieinh,actieverval,nadereaandverval,actieaanpgel,naam) VALUES('17039','17039','20050112',null,'20050112',null,'17039',null,null,null,'Geerte');
INSERT INTO kern.his_persvoornaam (id,persvoornaam,dataanvgel,dateindegel,tsreg,tsverval,actieinh,actieverval,nadereaandverval,actieaanpgel,naam) VALUES('17040','17040','20051201',null,'20051201',null,'17040',null,null,null,'Gert');
INSERT INTO kern.his_persvoornaam (id,persvoornaam,dataanvgel,dateindegel,tsreg,tsverval,actieinh,actieverval,nadereaandverval,actieaanpgel,naam) VALUES('17041','17041','19680809',null,'19680809',null,'17041',null,null,null,'Gijs');
INSERT INTO kern.his_persvoornaam (id,persvoornaam,dataanvgel,dateindegel,tsreg,tsverval,actieinh,actieverval,nadereaandverval,actieaanpgel,naam) VALUES('17042','17042','19580921',null,'19580921',null,'17042',null,null,null,'Guido');
INSERT INTO kern.his_persvoornaam (id,persvoornaam,dataanvgel,dateindegel,tsreg,tsverval,actieinh,actieverval,nadereaandverval,actieaanpgel,naam) VALUES('17043','17043','19951004',null,'19951004',null,'17043',null,null,null,'Annemieke');
INSERT INTO kern.his_persvoornaam (id,persvoornaam,dataanvgel,dateindegel,tsreg,tsverval,actieinh,actieverval,nadereaandverval,actieaanpgel,naam) VALUES('17044','17044','20051201',null,'20051201',null,'17044',null,null,null,'Maarten');
INSERT INTO kern.his_persvoornaam (id,persvoornaam,dataanvgel,dateindegel,tsreg,tsverval,actieinh,actieverval,nadereaandverval,actieaanpgel,naam) VALUES('17045','17045','20050112',null,'20050112',null,'17045',null,null,null,'Marion');
INSERT INTO kern.his_persvoornaam (id,persvoornaam,dataanvgel,dateindegel,tsreg,tsverval,actieinh,actieverval,nadereaandverval,actieaanpgel,naam) VALUES('17046','17004','19691227',null,'19691228',null,'17004',null,null,null,'Françoise');
INSERT INTO kern.his_persvoornaam (id,persvoornaam,dataanvgel,dateindegel,tsreg,tsverval,actieinh,actieverval,nadereaandverval,actieaanpgel,naam) VALUES('17047','17008','19810418',null,'19810419',null,'17008',null,null,null,'Maria');
INSERT INTO kern.his_persvoornaam (id,persvoornaam,dataanvgel,dateindegel,tsreg,tsverval,actieinh,actieverval,nadereaandverval,actieaanpgel,naam) VALUES('17048','17008','19810418',null,'19810420',null,'17008',null,null,null,'Petra');
INSERT INTO kern.his_persvoornaam (id,persvoornaam,dataanvgel,dateindegel,tsreg,tsverval,actieinh,actieverval,nadereaandverval,actieaanpgel,naam) VALUES('17049','17013','19550602',null,'19550603',null,'17013',null,null,null,'Isabella');
INSERT INTO kern.his_persvoornaam (id,persvoornaam,dataanvgel,dateindegel,tsreg,tsverval,actieinh,actieverval,nadereaandverval,actieaanpgel,naam) VALUES('17050','17013','19550602',null,'19550604',null,'17013',null,null,null,'Gerarda');
INSERT INTO kern.his_persvoornaam (id,persvoornaam,dataanvgel,dateindegel,tsreg,tsverval,actieinh,actieverval,nadereaandverval,actieaanpgel,naam) VALUES('17051','17013','19550602',null,'19550605',null,'17013',null,null,null,'Johanna');
INSERT INTO kern.his_persvoornaam (id,persvoornaam,dataanvgel,dateindegel,tsreg,tsverval,actieinh,actieverval,nadereaandverval,actieaanpgel,naam) VALUES('17052','17016','19881210',null,'19881211',null,'17016',null,null,null,'Christina');

commit;


--------------------------------------------------
--- EIND
--- Sheet: (his_persvoornaam)
--- Handler: SheetHandlerImplSimpleInsert
--- Aantal: (52)
--------------------------------------------------
--------------------------------------------------
--- START
--- Sheet: (persnation)
--- Handler: SheetHandlerImplSimpleInsert
--------------------------------------------------

begin;

INSERT INTO kern.persnation (rdnverlies,rdnverk,id,pers,nation) VALUES(null,'18','17001','17001','2');
INSERT INTO kern.persnation (rdnverlies,rdnverk,id,pers,nation) VALUES(null,'18','17002','17002','2');
INSERT INTO kern.persnation (rdnverlies,rdnverk,id,pers,nation) VALUES(null,'18','17003','17003','2');
INSERT INTO kern.persnation (rdnverlies,rdnverk,id,pers,nation) VALUES(null,'18','17004','17004','2');
INSERT INTO kern.persnation (rdnverlies,rdnverk,id,pers,nation) VALUES(null,'18','17005','17005','2');
INSERT INTO kern.persnation (rdnverlies,rdnverk,id,pers,nation) VALUES(null,'18','17006','17006','2');
INSERT INTO kern.persnation (rdnverlies,rdnverk,id,pers,nation) VALUES(null,'18','17007','17007','2');
INSERT INTO kern.persnation (rdnverlies,rdnverk,id,pers,nation) VALUES(null,'18','17008','17008','2');
INSERT INTO kern.persnation (rdnverlies,rdnverk,id,pers,nation) VALUES(null,'18','17009','17009','2');
INSERT INTO kern.persnation (rdnverlies,rdnverk,id,pers,nation) VALUES(null,'18','17010','17010','2');
INSERT INTO kern.persnation (rdnverlies,rdnverk,id,pers,nation) VALUES(null,'18','17011','17011','2');
INSERT INTO kern.persnation (rdnverlies,rdnverk,id,pers,nation) VALUES(null,'18','17012','17012','2');
INSERT INTO kern.persnation (rdnverlies,rdnverk,id,pers,nation) VALUES(null,'18','17013','17013','2');
INSERT INTO kern.persnation (rdnverlies,rdnverk,id,pers,nation) VALUES(null,'18','17014','17014','2');
INSERT INTO kern.persnation (rdnverlies,rdnverk,id,pers,nation) VALUES(null,'18','17015','17015','2');
INSERT INTO kern.persnation (rdnverlies,rdnverk,id,pers,nation) VALUES(null,'18','17016','17016','2');
INSERT INTO kern.persnation (rdnverlies,rdnverk,id,pers,nation) VALUES(null,'18','17017','17017','2');
INSERT INTO kern.persnation (rdnverlies,rdnverk,id,pers,nation) VALUES(null,'18','17018','17018','2');
INSERT INTO kern.persnation (rdnverlies,rdnverk,id,pers,nation) VALUES(null,'18','17019','17019','2');
INSERT INTO kern.persnation (rdnverlies,rdnverk,id,pers,nation) VALUES(null,'18','17020','17020','2');
INSERT INTO kern.persnation (rdnverlies,rdnverk,id,pers,nation) VALUES(null,'18','17021','17021','2');
INSERT INTO kern.persnation (rdnverlies,rdnverk,id,pers,nation) VALUES(null,'18','17022','17022','2');
INSERT INTO kern.persnation (rdnverlies,rdnverk,id,pers,nation) VALUES(null,'18','17023','17023','2');
INSERT INTO kern.persnation (rdnverlies,rdnverk,id,pers,nation) VALUES(null,'18','17024','17024','2');
INSERT INTO kern.persnation (rdnverlies,rdnverk,id,pers,nation) VALUES(null,'18','17025','17025','2');
INSERT INTO kern.persnation (rdnverlies,rdnverk,id,pers,nation) VALUES(null,'18','17026','17026','2');
INSERT INTO kern.persnation (rdnverlies,rdnverk,id,pers,nation) VALUES(null,'18','17027','17027','2');
INSERT INTO kern.persnation (rdnverlies,rdnverk,id,pers,nation) VALUES(null,'18','17028','17028','2');
INSERT INTO kern.persnation (rdnverlies,rdnverk,id,pers,nation) VALUES(null,'18','17029','17029','2');
INSERT INTO kern.persnation (rdnverlies,rdnverk,id,pers,nation) VALUES(null,'18','17030','17030','2');
INSERT INTO kern.persnation (rdnverlies,rdnverk,id,pers,nation) VALUES(null,'18','17031','17031','2');
INSERT INTO kern.persnation (rdnverlies,rdnverk,id,pers,nation) VALUES(null,'18','17032','17032','2');
INSERT INTO kern.persnation (rdnverlies,rdnverk,id,pers,nation) VALUES(null,'18','17033','17033','2');
INSERT INTO kern.persnation (rdnverlies,rdnverk,id,pers,nation) VALUES(null,'18','17034','17034','2');
INSERT INTO kern.persnation (rdnverlies,rdnverk,id,pers,nation) VALUES(null,'18','17035','17035','2');
INSERT INTO kern.persnation (rdnverlies,rdnverk,id,pers,nation) VALUES(null,'18','17036','17036','2');
INSERT INTO kern.persnation (rdnverlies,rdnverk,id,pers,nation) VALUES(null,'18','17037','17037','2');
INSERT INTO kern.persnation (rdnverlies,rdnverk,id,pers,nation) VALUES(null,'18','17038','17038','2');
INSERT INTO kern.persnation (rdnverlies,rdnverk,id,pers,nation) VALUES(null,'18','17039','17039','2');
INSERT INTO kern.persnation (rdnverlies,rdnverk,id,pers,nation) VALUES(null,'18','17040','17040','2');
INSERT INTO kern.persnation (rdnverlies,rdnverk,id,pers,nation) VALUES(null,'18','17041','17041','2');
INSERT INTO kern.persnation (rdnverlies,rdnverk,id,pers,nation) VALUES(null,'18','17042','17042','2');
INSERT INTO kern.persnation (rdnverlies,rdnverk,id,pers,nation) VALUES(null,'18','17043','17043','2');
INSERT INTO kern.persnation (rdnverlies,rdnverk,id,pers,nation) VALUES(null,'18','17044','17044','2');
INSERT INTO kern.persnation (rdnverlies,rdnverk,id,pers,nation) VALUES(null,'18','17045','17045','2');

commit;


--------------------------------------------------
--- EIND
--- Sheet: (persnation)
--- Handler: SheetHandlerImplSimpleInsert
--- Aantal: (45)
--------------------------------------------------
--------------------------------------------------
--- START
--- Sheet: (his_persnation)
--- Handler: SheetHandlerImplSimpleInsert
--------------------------------------------------

begin;

INSERT INTO kern.his_persnation (id,persnation,dataanvgel,dateindegel,tsreg,tsverval,actieinh,actieverval,actieaanpgel,rdnverlies,rdnverk,nadereaandverval) VALUES('17001','17001','19811002',null,'19811002',null,'17001',null,null,null,'18',null);
INSERT INTO kern.his_persnation (id,persnation,dataanvgel,dateindegel,tsreg,tsverval,actieinh,actieverval,actieaanpgel,rdnverlies,rdnverk,nadereaandverval) VALUES('17002','17002','19820528',null,'19820528',null,'17002',null,null,null,'18',null);
INSERT INTO kern.his_persnation (id,persnation,dataanvgel,dateindegel,tsreg,tsverval,actieinh,actieverval,actieaanpgel,rdnverlies,rdnverk,nadereaandverval) VALUES('17003','17003','19660302',null,'19660302',null,'17003',null,null,null,'18',null);
INSERT INTO kern.his_persnation (id,persnation,dataanvgel,dateindegel,tsreg,tsverval,actieinh,actieverval,actieaanpgel,rdnverlies,rdnverk,nadereaandverval) VALUES('17004','17004','19691227',null,'19691227',null,'17004',null,null,null,'18',null);
INSERT INTO kern.his_persnation (id,persnation,dataanvgel,dateindegel,tsreg,tsverval,actieinh,actieverval,actieaanpgel,rdnverlies,rdnverk,nadereaandverval) VALUES('17005','17005','19710717',null,'19710717',null,'17005',null,null,null,'18',null);
INSERT INTO kern.his_persnation (id,persnation,dataanvgel,dateindegel,tsreg,tsverval,actieinh,actieverval,actieaanpgel,rdnverlies,rdnverk,nadereaandverval) VALUES('17006','17006','19720928',null,'19720928',null,'17006',null,null,null,'18',null);
INSERT INTO kern.his_persnation (id,persnation,dataanvgel,dateindegel,tsreg,tsverval,actieinh,actieverval,actieaanpgel,rdnverlies,rdnverk,nadereaandverval) VALUES('17007','17007','19800616',null,'19800616',null,'17007',null,null,null,'18',null);
INSERT INTO kern.his_persnation (id,persnation,dataanvgel,dateindegel,tsreg,tsverval,actieinh,actieverval,actieaanpgel,rdnverlies,rdnverk,nadereaandverval) VALUES('17008','17008','19810418',null,'19810418',null,'17008',null,null,null,'18',null);
INSERT INTO kern.his_persnation (id,persnation,dataanvgel,dateindegel,tsreg,tsverval,actieinh,actieverval,actieaanpgel,rdnverlies,rdnverk,nadereaandverval) VALUES('17009','17009','19940101',null,'19940101',null,'17009',null,null,null,'18',null);
INSERT INTO kern.his_persnation (id,persnation,dataanvgel,dateindegel,tsreg,tsverval,actieinh,actieverval,actieaanpgel,rdnverlies,rdnverk,nadereaandverval) VALUES('17010','17010','19691231',null,'19691231',null,'17010',null,null,null,'18',null);
INSERT INTO kern.his_persnation (id,persnation,dataanvgel,dateindegel,tsreg,tsverval,actieinh,actieverval,actieaanpgel,rdnverlies,rdnverk,nadereaandverval) VALUES('17011','17011','19690516',null,'19690516',null,'17011',null,null,null,'18',null);
INSERT INTO kern.his_persnation (id,persnation,dataanvgel,dateindegel,tsreg,tsverval,actieinh,actieverval,actieaanpgel,rdnverlies,rdnverk,nadereaandverval) VALUES('17012','17012','19771210',null,'19771210',null,'17012',null,null,null,'18',null);
INSERT INTO kern.his_persnation (id,persnation,dataanvgel,dateindegel,tsreg,tsverval,actieinh,actieverval,actieaanpgel,rdnverlies,rdnverk,nadereaandverval) VALUES('17013','17013','19550602',null,'19550602',null,'17013',null,null,null,'18',null);
INSERT INTO kern.his_persnation (id,persnation,dataanvgel,dateindegel,tsreg,tsverval,actieinh,actieverval,actieaanpgel,rdnverlies,rdnverk,nadereaandverval) VALUES('17014','17014','19780611',null,'19780611',null,'17014',null,null,null,'18',null);
INSERT INTO kern.his_persnation (id,persnation,dataanvgel,dateindegel,tsreg,tsverval,actieinh,actieverval,actieaanpgel,rdnverlies,rdnverk,nadereaandverval) VALUES('17015','17015','19880425',null,'19880425',null,'17015',null,null,null,'18',null);
INSERT INTO kern.his_persnation (id,persnation,dataanvgel,dateindegel,tsreg,tsverval,actieinh,actieverval,actieaanpgel,rdnverlies,rdnverk,nadereaandverval) VALUES('17016','17016','19881210',null,'19881210',null,'17016',null,null,null,'18',null);
INSERT INTO kern.his_persnation (id,persnation,dataanvgel,dateindegel,tsreg,tsverval,actieinh,actieverval,actieaanpgel,rdnverlies,rdnverk,nadereaandverval) VALUES('17017','17017','19960523',null,'19960523',null,'17017',null,null,null,'18',null);
INSERT INTO kern.his_persnation (id,persnation,dataanvgel,dateindegel,tsreg,tsverval,actieinh,actieverval,actieaanpgel,rdnverlies,rdnverk,nadereaandverval) VALUES('17018','17018','19941005',null,'19941005',null,'17018',null,null,null,'18',null);
INSERT INTO kern.his_persnation (id,persnation,dataanvgel,dateindegel,tsreg,tsverval,actieinh,actieverval,actieaanpgel,rdnverlies,rdnverk,nadereaandverval) VALUES('17019','17019','19941005',null,'19941005',null,'17019',null,null,null,'18',null);
INSERT INTO kern.his_persnation (id,persnation,dataanvgel,dateindegel,tsreg,tsverval,actieinh,actieverval,actieaanpgel,rdnverlies,rdnverk,nadereaandverval) VALUES('17020','17020','19760103',null,'19760103',null,'17020',null,null,null,'18',null);
INSERT INTO kern.his_persnation (id,persnation,dataanvgel,dateindegel,tsreg,tsverval,actieinh,actieverval,actieaanpgel,rdnverlies,rdnverk,nadereaandverval) VALUES('17021','17021','19961003',null,'19961003',null,'17021',null,null,null,'18',null);
INSERT INTO kern.his_persnation (id,persnation,dataanvgel,dateindegel,tsreg,tsverval,actieinh,actieverval,actieaanpgel,rdnverlies,rdnverk,nadereaandverval) VALUES('17022','17022','19951003',null,'19951003',null,'17022',null,null,null,'18',null);
INSERT INTO kern.his_persnation (id,persnation,dataanvgel,dateindegel,tsreg,tsverval,actieinh,actieverval,actieaanpgel,rdnverlies,rdnverk,nadereaandverval) VALUES('17023','17023','19941003',null,'19941003',null,'17023',null,null,null,'18',null);
INSERT INTO kern.his_persnation (id,persnation,dataanvgel,dateindegel,tsreg,tsverval,actieinh,actieverval,actieaanpgel,rdnverlies,rdnverk,nadereaandverval) VALUES('17024','17024','19770401',null,'19770401',null,'17024',null,null,null,'18',null);
INSERT INTO kern.his_persnation (id,persnation,dataanvgel,dateindegel,tsreg,tsverval,actieinh,actieverval,actieaanpgel,rdnverlies,rdnverk,nadereaandverval) VALUES('17025','17025','19880611',null,'19880611',null,'17025',null,null,null,'18',null);
INSERT INTO kern.his_persnation (id,persnation,dataanvgel,dateindegel,tsreg,tsverval,actieinh,actieverval,actieaanpgel,rdnverlies,rdnverk,nadereaandverval) VALUES('17026','17026','19910721',null,'19910721',null,'17026',null,null,null,'18',null);
INSERT INTO kern.his_persnation (id,persnation,dataanvgel,dateindegel,tsreg,tsverval,actieinh,actieverval,actieaanpgel,rdnverlies,rdnverk,nadereaandverval) VALUES('17027','17027','19910911',null,'19910911',null,'17027',null,null,null,'18',null);
INSERT INTO kern.his_persnation (id,persnation,dataanvgel,dateindegel,tsreg,tsverval,actieinh,actieverval,actieaanpgel,rdnverlies,rdnverk,nadereaandverval) VALUES('17028','17028','19900722',null,'19900722',null,'17028',null,null,null,'18',null);
INSERT INTO kern.his_persnation (id,persnation,dataanvgel,dateindegel,tsreg,tsverval,actieinh,actieverval,actieaanpgel,rdnverlies,rdnverk,nadereaandverval) VALUES('17029','17029','19200430',null,'19200430',null,'17029',null,null,null,'18',null);
INSERT INTO kern.his_persnation (id,persnation,dataanvgel,dateindegel,tsreg,tsverval,actieinh,actieverval,actieaanpgel,rdnverlies,rdnverk,nadereaandverval) VALUES('17030','17030','19220419',null,'19220419',null,'17030',null,null,null,'18',null);
INSERT INTO kern.his_persnation (id,persnation,dataanvgel,dateindegel,tsreg,tsverval,actieinh,actieverval,actieaanpgel,rdnverlies,rdnverk,nadereaandverval) VALUES('17031','17031','19920219',null,'19920219',null,'17031',null,null,null,'18',null);
INSERT INTO kern.his_persnation (id,persnation,dataanvgel,dateindegel,tsreg,tsverval,actieinh,actieverval,actieaanpgel,rdnverlies,rdnverk,nadereaandverval) VALUES('17032','17032','19510923',null,'19510923',null,'17032',null,null,null,'18',null);
INSERT INTO kern.his_persnation (id,persnation,dataanvgel,dateindegel,tsreg,tsverval,actieinh,actieverval,actieaanpgel,rdnverlies,rdnverk,nadereaandverval) VALUES('17033','17033','19531116',null,'19531116',null,'17033',null,null,null,'18',null);
INSERT INTO kern.his_persnation (id,persnation,dataanvgel,dateindegel,tsreg,tsverval,actieinh,actieverval,actieaanpgel,rdnverlies,rdnverk,nadereaandverval) VALUES('17034','17034','19390402',null,'19390402',null,'17034',null,null,null,'18',null);
INSERT INTO kern.his_persnation (id,persnation,dataanvgel,dateindegel,tsreg,tsverval,actieinh,actieverval,actieaanpgel,rdnverlies,rdnverk,nadereaandverval) VALUES('17035','17035','19841203',null,'19841203',null,'17035',null,null,null,'18',null);
INSERT INTO kern.his_persnation (id,persnation,dataanvgel,dateindegel,tsreg,tsverval,actieinh,actieverval,actieaanpgel,rdnverlies,rdnverk,nadereaandverval) VALUES('17036','17036','19851011',null,'19851011',null,'17036',null,null,null,'18',null);
INSERT INTO kern.his_persnation (id,persnation,dataanvgel,dateindegel,tsreg,tsverval,actieinh,actieverval,actieaanpgel,rdnverlies,rdnverk,nadereaandverval) VALUES('17037','17037','20050112',null,'20050112',null,'17037',null,null,null,'18',null);
INSERT INTO kern.his_persnation (id,persnation,dataanvgel,dateindegel,tsreg,tsverval,actieinh,actieverval,actieaanpgel,rdnverlies,rdnverk,nadereaandverval) VALUES('17038','17038','20051201',null,'20051201',null,'17038',null,null,null,'18',null);
INSERT INTO kern.his_persnation (id,persnation,dataanvgel,dateindegel,tsreg,tsverval,actieinh,actieverval,actieaanpgel,rdnverlies,rdnverk,nadereaandverval) VALUES('17039','17039','20050112',null,'20050112',null,'17039',null,null,null,'18',null);
INSERT INTO kern.his_persnation (id,persnation,dataanvgel,dateindegel,tsreg,tsverval,actieinh,actieverval,actieaanpgel,rdnverlies,rdnverk,nadereaandverval) VALUES('17040','17040','20051201',null,'20051201',null,'17040',null,null,null,'18',null);
INSERT INTO kern.his_persnation (id,persnation,dataanvgel,dateindegel,tsreg,tsverval,actieinh,actieverval,actieaanpgel,rdnverlies,rdnverk,nadereaandverval) VALUES('17041','17041','19680809',null,'19680809',null,'17041',null,null,null,'18',null);
INSERT INTO kern.his_persnation (id,persnation,dataanvgel,dateindegel,tsreg,tsverval,actieinh,actieverval,actieaanpgel,rdnverlies,rdnverk,nadereaandverval) VALUES('17042','17042','19580921',null,'19580921',null,'17042',null,null,null,'18',null);
INSERT INTO kern.his_persnation (id,persnation,dataanvgel,dateindegel,tsreg,tsverval,actieinh,actieverval,actieaanpgel,rdnverlies,rdnverk,nadereaandverval) VALUES('17043','17043','19951004',null,'19951004',null,'17043',null,null,null,'18',null);
INSERT INTO kern.his_persnation (id,persnation,dataanvgel,dateindegel,tsreg,tsverval,actieinh,actieverval,actieaanpgel,rdnverlies,rdnverk,nadereaandverval) VALUES('17044','17044','20051201',null,'20051201',null,'17044',null,null,null,'18',null);
INSERT INTO kern.his_persnation (id,persnation,dataanvgel,dateindegel,tsreg,tsverval,actieinh,actieverval,actieaanpgel,rdnverlies,rdnverk,nadereaandverval) VALUES('17045','17045','20050112',null,'20050112',null,'17045',null,null,null,'18',null);

commit;


--------------------------------------------------
--- EIND
--- Sheet: (his_persnation)
--- Handler: SheetHandlerImplSimpleInsert
--- Aantal: (45)
--------------------------------------------------
--------------------------------------------------
--- START
--- Sheet: (his_persinschr)
--- Handler: SheetHandlerImplSimpleInsert
--------------------------------------------------

begin;

INSERT INTO kern.his_persinschr (id,pers,tsreg,tsverval,actieinh,actieverval,datinschr,versienr,nadereaandverval,dattijdstempel) VALUES('17001','17001','19811002',null,'17001',null,'19811002','1',null,'19811002');
INSERT INTO kern.his_persinschr (id,pers,tsreg,tsverval,actieinh,actieverval,datinschr,versienr,nadereaandverval,dattijdstempel) VALUES('17002','17002','19820528',null,'17002',null,'19820528','1',null,'19820528');
INSERT INTO kern.his_persinschr (id,pers,tsreg,tsverval,actieinh,actieverval,datinschr,versienr,nadereaandverval,dattijdstempel) VALUES('17003','17003','19660302',null,'17003',null,'19660302','1',null,'19660302');
INSERT INTO kern.his_persinschr (id,pers,tsreg,tsverval,actieinh,actieverval,datinschr,versienr,nadereaandverval,dattijdstempel) VALUES('17004','17004','19691227',null,'17004',null,'19691227','1',null,'19691227');
INSERT INTO kern.his_persinschr (id,pers,tsreg,tsverval,actieinh,actieverval,datinschr,versienr,nadereaandverval,dattijdstempel) VALUES('17005','17005','19710717',null,'17005',null,'19710717','1',null,'19710717');
INSERT INTO kern.his_persinschr (id,pers,tsreg,tsverval,actieinh,actieverval,datinschr,versienr,nadereaandverval,dattijdstempel) VALUES('17006','17006','19720928',null,'17006',null,'19720928','1',null,'19720928');
INSERT INTO kern.his_persinschr (id,pers,tsreg,tsverval,actieinh,actieverval,datinschr,versienr,nadereaandverval,dattijdstempel) VALUES('17007','17007','19800616',null,'17007',null,'19800616','1',null,'19800616');
INSERT INTO kern.his_persinschr (id,pers,tsreg,tsverval,actieinh,actieverval,datinschr,versienr,nadereaandverval,dattijdstempel) VALUES('17008','17008','19810418',null,'17008',null,'19810418','1',null,'19810418');
INSERT INTO kern.his_persinschr (id,pers,tsreg,tsverval,actieinh,actieverval,datinschr,versienr,nadereaandverval,dattijdstempel) VALUES('17009','17009','19940101',null,'17009',null,'19940101','1',null,'19940101');
INSERT INTO kern.his_persinschr (id,pers,tsreg,tsverval,actieinh,actieverval,datinschr,versienr,nadereaandverval,dattijdstempel) VALUES('17010','17010','19691231',null,'17010',null,'19691231','1',null,'19691231');
INSERT INTO kern.his_persinschr (id,pers,tsreg,tsverval,actieinh,actieverval,datinschr,versienr,nadereaandverval,dattijdstempel) VALUES('17011','17011','19690516',null,'17011',null,'19690516','1',null,'19690516');
INSERT INTO kern.his_persinschr (id,pers,tsreg,tsverval,actieinh,actieverval,datinschr,versienr,nadereaandverval,dattijdstempel) VALUES('17012','17012','19771210',null,'17012',null,'19771210','1',null,'19771210');
INSERT INTO kern.his_persinschr (id,pers,tsreg,tsverval,actieinh,actieverval,datinschr,versienr,nadereaandverval,dattijdstempel) VALUES('17013','17013','19550602',null,'17013',null,'19550602','1',null,'19550602');
INSERT INTO kern.his_persinschr (id,pers,tsreg,tsverval,actieinh,actieverval,datinschr,versienr,nadereaandverval,dattijdstempel) VALUES('17014','17014','19780611',null,'17014',null,'19780611','1',null,'19780611');
INSERT INTO kern.his_persinschr (id,pers,tsreg,tsverval,actieinh,actieverval,datinschr,versienr,nadereaandverval,dattijdstempel) VALUES('17015','17015','19880425',null,'17015',null,'19880425','1',null,'19880425');
INSERT INTO kern.his_persinschr (id,pers,tsreg,tsverval,actieinh,actieverval,datinschr,versienr,nadereaandverval,dattijdstempel) VALUES('17016','17016','19881210',null,'17016',null,'19881210','1',null,'19881210');
INSERT INTO kern.his_persinschr (id,pers,tsreg,tsverval,actieinh,actieverval,datinschr,versienr,nadereaandverval,dattijdstempel) VALUES('17017','17017','19960523',null,'17017',null,'19960523','1',null,'19960523');
INSERT INTO kern.his_persinschr (id,pers,tsreg,tsverval,actieinh,actieverval,datinschr,versienr,nadereaandverval,dattijdstempel) VALUES('17018','17018','19941005',null,'17018',null,'19941005','1',null,'19941005');
INSERT INTO kern.his_persinschr (id,pers,tsreg,tsverval,actieinh,actieverval,datinschr,versienr,nadereaandverval,dattijdstempel) VALUES('17019','17019','19941005',null,'17019',null,'19941005','1',null,'19941005');
INSERT INTO kern.his_persinschr (id,pers,tsreg,tsverval,actieinh,actieverval,datinschr,versienr,nadereaandverval,dattijdstempel) VALUES('17020','17020','19760103',null,'17020',null,'19760103','1',null,'19760103');
INSERT INTO kern.his_persinschr (id,pers,tsreg,tsverval,actieinh,actieverval,datinschr,versienr,nadereaandverval,dattijdstempel) VALUES('17021','17021','19961003',null,'17021',null,'19961003','1',null,'19961003');
INSERT INTO kern.his_persinschr (id,pers,tsreg,tsverval,actieinh,actieverval,datinschr,versienr,nadereaandverval,dattijdstempel) VALUES('17022','17022','19951003',null,'17022',null,'19951003','1',null,'19951003');
INSERT INTO kern.his_persinschr (id,pers,tsreg,tsverval,actieinh,actieverval,datinschr,versienr,nadereaandverval,dattijdstempel) VALUES('17023','17023','19941003',null,'17023',null,'19941003','1',null,'19941003');
INSERT INTO kern.his_persinschr (id,pers,tsreg,tsverval,actieinh,actieverval,datinschr,versienr,nadereaandverval,dattijdstempel) VALUES('17024','17024','19770401',null,'17024',null,'19770401','1',null,'19770401');
INSERT INTO kern.his_persinschr (id,pers,tsreg,tsverval,actieinh,actieverval,datinschr,versienr,nadereaandverval,dattijdstempel) VALUES('17025','17025','19880611',null,'17025',null,'19880611','1',null,'19880611');
INSERT INTO kern.his_persinschr (id,pers,tsreg,tsverval,actieinh,actieverval,datinschr,versienr,nadereaandverval,dattijdstempel) VALUES('17026','17026','19910721',null,'17026',null,'19910721','1',null,'19910721');
INSERT INTO kern.his_persinschr (id,pers,tsreg,tsverval,actieinh,actieverval,datinschr,versienr,nadereaandverval,dattijdstempel) VALUES('17027','17027','19910911',null,'17027',null,'19910911','1',null,'19910911');
INSERT INTO kern.his_persinschr (id,pers,tsreg,tsverval,actieinh,actieverval,datinschr,versienr,nadereaandverval,dattijdstempel) VALUES('17028','17028','19900722',null,'17028',null,'19900722','1',null,'19900722');
INSERT INTO kern.his_persinschr (id,pers,tsreg,tsverval,actieinh,actieverval,datinschr,versienr,nadereaandverval,dattijdstempel) VALUES('17029','17029','19200430',null,'17029',null,'19200430','1',null,'19200430');
INSERT INTO kern.his_persinschr (id,pers,tsreg,tsverval,actieinh,actieverval,datinschr,versienr,nadereaandverval,dattijdstempel) VALUES('17030','17030','19220419',null,'17030',null,'19220419','1',null,'19220419');
INSERT INTO kern.his_persinschr (id,pers,tsreg,tsverval,actieinh,actieverval,datinschr,versienr,nadereaandverval,dattijdstempel) VALUES('17031','17031','19920219',null,'17031',null,'19920219','1',null,'19920219');
INSERT INTO kern.his_persinschr (id,pers,tsreg,tsverval,actieinh,actieverval,datinschr,versienr,nadereaandverval,dattijdstempel) VALUES('17032','17032','19510923',null,'17032',null,'19510923','1',null,'19510923');
INSERT INTO kern.his_persinschr (id,pers,tsreg,tsverval,actieinh,actieverval,datinschr,versienr,nadereaandverval,dattijdstempel) VALUES('17033','17033','19531116',null,'17033',null,'19531116','1',null,'19531116');
INSERT INTO kern.his_persinschr (id,pers,tsreg,tsverval,actieinh,actieverval,datinschr,versienr,nadereaandverval,dattijdstempel) VALUES('17034','17034','19390402',null,'17034',null,'19390402','1',null,'19390402');
INSERT INTO kern.his_persinschr (id,pers,tsreg,tsverval,actieinh,actieverval,datinschr,versienr,nadereaandverval,dattijdstempel) VALUES('17035','17035','19841203',null,'17035',null,'19841203','1',null,'19841203');
INSERT INTO kern.his_persinschr (id,pers,tsreg,tsverval,actieinh,actieverval,datinschr,versienr,nadereaandverval,dattijdstempel) VALUES('17036','17036','19851011',null,'17036',null,'19851011','1',null,'19851011');
INSERT INTO kern.his_persinschr (id,pers,tsreg,tsverval,actieinh,actieverval,datinschr,versienr,nadereaandverval,dattijdstempel) VALUES('17037','17037','20050112',null,'17037',null,'20050112','1',null,'20050112');
INSERT INTO kern.his_persinschr (id,pers,tsreg,tsverval,actieinh,actieverval,datinschr,versienr,nadereaandverval,dattijdstempel) VALUES('17038','17038','20051201',null,'17038',null,'20051201','1',null,'20051201');
INSERT INTO kern.his_persinschr (id,pers,tsreg,tsverval,actieinh,actieverval,datinschr,versienr,nadereaandverval,dattijdstempel) VALUES('17039','17039','20050112',null,'17039',null,'20050112','1',null,'20050112');
INSERT INTO kern.his_persinschr (id,pers,tsreg,tsverval,actieinh,actieverval,datinschr,versienr,nadereaandverval,dattijdstempel) VALUES('17040','17040','20051201',null,'17040',null,'20051201','1',null,'20051201');
INSERT INTO kern.his_persinschr (id,pers,tsreg,tsverval,actieinh,actieverval,datinschr,versienr,nadereaandverval,dattijdstempel) VALUES('17041','17041','19680809',null,'17041',null,'19680809','1',null,'19680809');
INSERT INTO kern.his_persinschr (id,pers,tsreg,tsverval,actieinh,actieverval,datinschr,versienr,nadereaandverval,dattijdstempel) VALUES('17042','17042','19580921',null,'17042',null,'19580921','1',null,'19580921');
INSERT INTO kern.his_persinschr (id,pers,tsreg,tsverval,actieinh,actieverval,datinschr,versienr,nadereaandverval,dattijdstempel) VALUES('17043','17043','19951004',null,'17043',null,'19951004','1',null,'19951004');
INSERT INTO kern.his_persinschr (id,pers,tsreg,tsverval,actieinh,actieverval,datinschr,versienr,nadereaandverval,dattijdstempel) VALUES('17044','17044','20051201',null,'17044',null,'20051201','1',null,'20051201');
INSERT INTO kern.his_persinschr (id,pers,tsreg,tsverval,actieinh,actieverval,datinschr,versienr,nadereaandverval,dattijdstempel) VALUES('17045','17045','20050112',null,'17045',null,'20050112','1',null,'20050112');

commit;


--------------------------------------------------
--- EIND
--- Sheet: (his_persinschr)
--- Handler: SheetHandlerImplSimpleInsert
--- Aantal: (45)
--------------------------------------------------
--------------------------------------------------
--- START
--- Sheet: (his_persbijhouding)
--- Handler: SheetHandlerImplSimpleInsert
--------------------------------------------------

begin;

INSERT INTO kern.his_persbijhouding (id,pers,dataanvgel,dateindegel,tsreg,tsverval,actieinh,actieverval,nadereaandverval,actieaanpgel,bijhpartij,bijhaard,naderebijhaard,indonverwdocaanw) VALUES('17003','17001','20050328',null,'20050328',null,'18000',null,null,null,'347','1','1','false');
INSERT INTO kern.his_persbijhouding (id,pers,dataanvgel,dateindegel,tsreg,tsverval,actieinh,actieverval,nadereaandverval,actieaanpgel,bijhpartij,bijhaard,naderebijhaard,indonverwdocaanw) VALUES('17002','17001','20030327','20050328','20050328',null,'17999',null,null,'18000','229','1','1','false');
INSERT INTO kern.his_persbijhouding (id,pers,dataanvgel,dateindegel,tsreg,tsverval,actieinh,actieverval,nadereaandverval,actieaanpgel,bijhpartij,bijhaard,naderebijhaard,indonverwdocaanw) VALUES('17121','17001','20030327',null,'20030327','20050328','17999','18000',null,null,'229','1','1','false');
INSERT INTO kern.his_persbijhouding (id,pers,dataanvgel,dateindegel,tsreg,tsverval,actieinh,actieverval,nadereaandverval,actieaanpgel,bijhpartij,bijhaard,naderebijhaard,indonverwdocaanw) VALUES('17001','17001','19811002','20030327','20030327',null,'17001',null,null,'17999','521','1','1','false');
INSERT INTO kern.his_persbijhouding (id,pers,dataanvgel,dateindegel,tsreg,tsverval,actieinh,actieverval,nadereaandverval,actieaanpgel,bijhpartij,bijhaard,naderebijhaard,indonverwdocaanw) VALUES('17122','17001','19811002',null,'19811002','20030327','17001','17999',null,null,'521','1','1','false');
INSERT INTO kern.his_persbijhouding (id,pers,dataanvgel,dateindegel,tsreg,tsverval,actieinh,actieverval,nadereaandverval,actieaanpgel,bijhpartij,bijhaard,naderebijhaard,indonverwdocaanw) VALUES('17008','17002','20120105',null,'20120105',null,'17642',null,null,null,'347','1','1','false');
INSERT INTO kern.his_persbijhouding (id,pers,dataanvgel,dateindegel,tsreg,tsverval,actieinh,actieverval,nadereaandverval,actieaanpgel,bijhpartij,bijhaard,naderebijhaard,indonverwdocaanw) VALUES('17007','17002','20120103','20120105','20120105',null,'17641',null,null,'17642','347','1','4','false');
INSERT INTO kern.his_persbijhouding (id,pers,dataanvgel,dateindegel,tsreg,tsverval,actieinh,actieverval,nadereaandverval,actieaanpgel,bijhpartij,bijhaard,naderebijhaard,indonverwdocaanw) VALUES('17123','17002','20120103',null,'20120103','20120105','17641','17642',null,null,'347','1','4','false');
INSERT INTO kern.his_persbijhouding (id,pers,dataanvgel,dateindegel,tsreg,tsverval,actieinh,actieverval,nadereaandverval,actieaanpgel,bijhpartij,bijhaard,naderebijhaard,indonverwdocaanw) VALUES('17006','17002','20050328','20120103','20120103',null,'17997',null,null,'17641','347','1','1','false');
INSERT INTO kern.his_persbijhouding (id,pers,dataanvgel,dateindegel,tsreg,tsverval,actieinh,actieverval,nadereaandverval,actieaanpgel,bijhpartij,bijhaard,naderebijhaard,indonverwdocaanw) VALUES('17124','17002','20050328',null,'20050328','20120103','17997','17641',null,null,'347','1','1','false');
INSERT INTO kern.his_persbijhouding (id,pers,dataanvgel,dateindegel,tsreg,tsverval,actieinh,actieverval,nadereaandverval,actieaanpgel,bijhpartij,bijhaard,naderebijhaard,indonverwdocaanw) VALUES('17005','17002','20030327','20050328','20050328',null,'17996',null,null,'17997','229','1','1','false');
INSERT INTO kern.his_persbijhouding (id,pers,dataanvgel,dateindegel,tsreg,tsverval,actieinh,actieverval,nadereaandverval,actieaanpgel,bijhpartij,bijhaard,naderebijhaard,indonverwdocaanw) VALUES('17125','17002','20030327',null,'20030327','20050328','17996','17997',null,null,'229','1','1','false');
INSERT INTO kern.his_persbijhouding (id,pers,dataanvgel,dateindegel,tsreg,tsverval,actieinh,actieverval,nadereaandverval,actieaanpgel,bijhpartij,bijhaard,naderebijhaard,indonverwdocaanw) VALUES('17004','17002','19820528','20030327','20030327',null,'17002',null,null,'17996','602','1','1','false');
INSERT INTO kern.his_persbijhouding (id,pers,dataanvgel,dateindegel,tsreg,tsverval,actieinh,actieverval,nadereaandverval,actieaanpgel,bijhpartij,bijhaard,naderebijhaard,indonverwdocaanw) VALUES('17126','17002','19820528',null,'19820528','20030327','17002','17996',null,null,'602','1','1','false');
INSERT INTO kern.his_persbijhouding (id,pers,dataanvgel,dateindegel,tsreg,tsverval,actieinh,actieverval,nadereaandverval,actieaanpgel,bijhpartij,bijhaard,naderebijhaard,indonverwdocaanw) VALUES('17014','17003','20120605',null,'20120605',null,'17645',null,null,null,'347','1','4','false');
INSERT INTO kern.his_persbijhouding (id,pers,dataanvgel,dateindegel,tsreg,tsverval,actieinh,actieverval,nadereaandverval,actieaanpgel,bijhpartij,bijhaard,naderebijhaard,indonverwdocaanw) VALUES('17013','17003','20120105','20120605','20120605',null,'17644',null,null,'17645','347','1','1','false');
INSERT INTO kern.his_persbijhouding (id,pers,dataanvgel,dateindegel,tsreg,tsverval,actieinh,actieverval,nadereaandverval,actieaanpgel,bijhpartij,bijhaard,naderebijhaard,indonverwdocaanw) VALUES('17127','17003','20120105',null,'20120105','20120605','17644','17645',null,null,'347','1','1','false');
INSERT INTO kern.his_persbijhouding (id,pers,dataanvgel,dateindegel,tsreg,tsverval,actieinh,actieverval,nadereaandverval,actieaanpgel,bijhpartij,bijhaard,naderebijhaard,indonverwdocaanw) VALUES('17012','17003','20120103','20120105','20120105',null,'17643',null,null,'17644','347','1','4','false');
INSERT INTO kern.his_persbijhouding (id,pers,dataanvgel,dateindegel,tsreg,tsverval,actieinh,actieverval,nadereaandverval,actieaanpgel,bijhpartij,bijhaard,naderebijhaard,indonverwdocaanw) VALUES('17128','17003','20120103',null,'20120103','20120105','17643','17644',null,null,'347','1','4','false');
INSERT INTO kern.his_persbijhouding (id,pers,dataanvgel,dateindegel,tsreg,tsverval,actieinh,actieverval,nadereaandverval,actieaanpgel,bijhpartij,bijhaard,naderebijhaard,indonverwdocaanw) VALUES('17011','17003','19901201','20120103','20120103',null,'17994',null,null,'17643','347','1','1','false');
INSERT INTO kern.his_persbijhouding (id,pers,dataanvgel,dateindegel,tsreg,tsverval,actieinh,actieverval,nadereaandverval,actieaanpgel,bijhpartij,bijhaard,naderebijhaard,indonverwdocaanw) VALUES('17129','17003','19901201',null,'19901201','20120103','17994','17643',null,null,'347','1','1','false');
INSERT INTO kern.his_persbijhouding (id,pers,dataanvgel,dateindegel,tsreg,tsverval,actieinh,actieverval,nadereaandverval,actieaanpgel,bijhpartij,bijhaard,naderebijhaard,indonverwdocaanw) VALUES('17010','17003','19901111','19901201','19901201',null,'17993',null,null,'17994','950','1','1','false');
INSERT INTO kern.his_persbijhouding (id,pers,dataanvgel,dateindegel,tsreg,tsverval,actieinh,actieverval,nadereaandverval,actieaanpgel,bijhpartij,bijhaard,naderebijhaard,indonverwdocaanw) VALUES('17130','17003','19901111',null,'19901111','19901201','17993','17994',null,null,'950','1','1','false');
INSERT INTO kern.his_persbijhouding (id,pers,dataanvgel,dateindegel,tsreg,tsverval,actieinh,actieverval,nadereaandverval,actieaanpgel,bijhpartij,bijhaard,naderebijhaard,indonverwdocaanw) VALUES('17009','17003','19660302','19901111','19901111',null,'17003',null,null,'17993','521','1','1','false');
INSERT INTO kern.his_persbijhouding (id,pers,dataanvgel,dateindegel,tsreg,tsverval,actieinh,actieverval,nadereaandverval,actieaanpgel,bijhpartij,bijhaard,naderebijhaard,indonverwdocaanw) VALUES('17131','17003','19660302',null,'19660302','19901111','17003','17993',null,null,'521','1','1','false');
INSERT INTO kern.his_persbijhouding (id,pers,dataanvgel,dateindegel,tsreg,tsverval,actieinh,actieverval,nadereaandverval,actieaanpgel,bijhpartij,bijhaard,naderebijhaard,indonverwdocaanw) VALUES('17017','17004','19901201',null,'19901201',null,'17991',null,null,null,'347','1','1','false');
INSERT INTO kern.his_persbijhouding (id,pers,dataanvgel,dateindegel,tsreg,tsverval,actieinh,actieverval,nadereaandverval,actieaanpgel,bijhpartij,bijhaard,naderebijhaard,indonverwdocaanw) VALUES('17016','17004','19901111','19901201','19901201',null,'17990',null,null,'17991','950','1','1','false');
INSERT INTO kern.his_persbijhouding (id,pers,dataanvgel,dateindegel,tsreg,tsverval,actieinh,actieverval,nadereaandverval,actieaanpgel,bijhpartij,bijhaard,naderebijhaard,indonverwdocaanw) VALUES('17132','17004','19901111',null,'19901111','19901201','17990','17991',null,null,'950','1','1','false');
INSERT INTO kern.his_persbijhouding (id,pers,dataanvgel,dateindegel,tsreg,tsverval,actieinh,actieverval,nadereaandverval,actieaanpgel,bijhpartij,bijhaard,naderebijhaard,indonverwdocaanw) VALUES('17015','17004','19691227','19901111','19901111',null,'17004',null,null,'17990','347','1','1','false');
INSERT INTO kern.his_persbijhouding (id,pers,dataanvgel,dateindegel,tsreg,tsverval,actieinh,actieverval,nadereaandverval,actieaanpgel,bijhpartij,bijhaard,naderebijhaard,indonverwdocaanw) VALUES('17133','17004','19691227',null,'19691227','19901111','17004','17990',null,null,'347','1','1','false');
INSERT INTO kern.his_persbijhouding (id,pers,dataanvgel,dateindegel,tsreg,tsverval,actieinh,actieverval,nadereaandverval,actieaanpgel,bijhpartij,bijhaard,naderebijhaard,indonverwdocaanw) VALUES('17020','17005','19981201',null,'19981201',null,'17988',null,null,null,'347','1','1','false');
INSERT INTO kern.his_persbijhouding (id,pers,dataanvgel,dateindegel,tsreg,tsverval,actieinh,actieverval,nadereaandverval,actieaanpgel,bijhpartij,bijhaard,naderebijhaard,indonverwdocaanw) VALUES('17019','17005','19970605','19981201','19981201',null,'17987',null,null,'17988','403','1','1','false');
INSERT INTO kern.his_persbijhouding (id,pers,dataanvgel,dateindegel,tsreg,tsverval,actieinh,actieverval,nadereaandverval,actieaanpgel,bijhpartij,bijhaard,naderebijhaard,indonverwdocaanw) VALUES('17134','17005','19970605',null,'19970605','19981201','17987','17988',null,null,'403','1','1','false');
INSERT INTO kern.his_persbijhouding (id,pers,dataanvgel,dateindegel,tsreg,tsverval,actieinh,actieverval,nadereaandverval,actieaanpgel,bijhpartij,bijhaard,naderebijhaard,indonverwdocaanw) VALUES('17018','17005','19710717','19970605','19970605',null,'17005',null,null,'17987','347','1','1','false');
INSERT INTO kern.his_persbijhouding (id,pers,dataanvgel,dateindegel,tsreg,tsverval,actieinh,actieverval,nadereaandverval,actieaanpgel,bijhpartij,bijhaard,naderebijhaard,indonverwdocaanw) VALUES('17135','17005','19710717',null,'19710717','19970605','17005','17987',null,null,'347','1','1','false');
INSERT INTO kern.his_persbijhouding (id,pers,dataanvgel,dateindegel,tsreg,tsverval,actieinh,actieverval,nadereaandverval,actieaanpgel,bijhpartij,bijhaard,naderebijhaard,indonverwdocaanw) VALUES('17023','17006','19981201',null,'19981201',null,'17985',null,null,null,'347','1','1','false');
INSERT INTO kern.his_persbijhouding (id,pers,dataanvgel,dateindegel,tsreg,tsverval,actieinh,actieverval,nadereaandverval,actieaanpgel,bijhpartij,bijhaard,naderebijhaard,indonverwdocaanw) VALUES('17022','17006','19970605','19981201','19981201',null,'17984',null,null,'17985','403','1','1','false');
INSERT INTO kern.his_persbijhouding (id,pers,dataanvgel,dateindegel,tsreg,tsverval,actieinh,actieverval,nadereaandverval,actieaanpgel,bijhpartij,bijhaard,naderebijhaard,indonverwdocaanw) VALUES('17136','17006','19970605',null,'19970605','19981201','17984','17985',null,null,'403','1','1','false');
INSERT INTO kern.his_persbijhouding (id,pers,dataanvgel,dateindegel,tsreg,tsverval,actieinh,actieverval,nadereaandverval,actieaanpgel,bijhpartij,bijhaard,naderebijhaard,indonverwdocaanw) VALUES('17021','17006','19720928','19970605','19970605',null,'17006',null,null,'17984','366','1','1','false');
INSERT INTO kern.his_persbijhouding (id,pers,dataanvgel,dateindegel,tsreg,tsverval,actieinh,actieverval,nadereaandverval,actieaanpgel,bijhpartij,bijhaard,naderebijhaard,indonverwdocaanw) VALUES('17137','17006','19720928',null,'19720928','19970605','17006','17984',null,null,'366','1','1','false');
INSERT INTO kern.his_persbijhouding (id,pers,dataanvgel,dateindegel,tsreg,tsverval,actieinh,actieverval,nadereaandverval,actieaanpgel,bijhpartij,bijhaard,naderebijhaard,indonverwdocaanw) VALUES('17026','17007','20110205',null,'20110205',null,'17982',null,null,null,'347','1','1','false');
INSERT INTO kern.his_persbijhouding (id,pers,dataanvgel,dateindegel,tsreg,tsverval,actieinh,actieverval,nadereaandverval,actieaanpgel,bijhpartij,bijhaard,naderebijhaard,indonverwdocaanw) VALUES('17025','17007','20031024','20110205','20110205',null,'17981',null,null,'17982','1415','1','1','false');
INSERT INTO kern.his_persbijhouding (id,pers,dataanvgel,dateindegel,tsreg,tsverval,actieinh,actieverval,nadereaandverval,actieaanpgel,bijhpartij,bijhaard,naderebijhaard,indonverwdocaanw) VALUES('17138','17007','20031024',null,'20031024','20110205','17981','17982',null,null,'1415','1','1','false');
INSERT INTO kern.his_persbijhouding (id,pers,dataanvgel,dateindegel,tsreg,tsverval,actieinh,actieverval,nadereaandverval,actieaanpgel,bijhpartij,bijhaard,naderebijhaard,indonverwdocaanw) VALUES('17024','17007','19800616','20031024','20031024',null,'17007',null,null,'17981','602','1','1','false');
INSERT INTO kern.his_persbijhouding (id,pers,dataanvgel,dateindegel,tsreg,tsverval,actieinh,actieverval,nadereaandverval,actieaanpgel,bijhpartij,bijhaard,naderebijhaard,indonverwdocaanw) VALUES('17139','17007','19800616',null,'19800616','20031024','17007','17981',null,null,'602','1','1','false');
INSERT INTO kern.his_persbijhouding (id,pers,dataanvgel,dateindegel,tsreg,tsverval,actieinh,actieverval,nadereaandverval,actieaanpgel,bijhpartij,bijhaard,naderebijhaard,indonverwdocaanw) VALUES('17029','17008','20110205',null,'20110205',null,'17979',null,null,null,'347','1','1','false');
INSERT INTO kern.his_persbijhouding (id,pers,dataanvgel,dateindegel,tsreg,tsverval,actieinh,actieverval,nadereaandverval,actieaanpgel,bijhpartij,bijhaard,naderebijhaard,indonverwdocaanw) VALUES('17028','17008','20031024','20110205','20110205',null,'17978',null,null,'17979','1415','1','1','false');
INSERT INTO kern.his_persbijhouding (id,pers,dataanvgel,dateindegel,tsreg,tsverval,actieinh,actieverval,nadereaandverval,actieaanpgel,bijhpartij,bijhaard,naderebijhaard,indonverwdocaanw) VALUES('17140','17008','20031024',null,'20031024','20110205','17978','17979',null,null,'1415','1','1','false');
INSERT INTO kern.his_persbijhouding (id,pers,dataanvgel,dateindegel,tsreg,tsverval,actieinh,actieverval,nadereaandverval,actieaanpgel,bijhpartij,bijhaard,naderebijhaard,indonverwdocaanw) VALUES('17027','17008','19810418','20031024','20031024',null,'17008',null,null,'17978','347','1','1','false');
INSERT INTO kern.his_persbijhouding (id,pers,dataanvgel,dateindegel,tsreg,tsverval,actieinh,actieverval,nadereaandverval,actieaanpgel,bijhpartij,bijhaard,naderebijhaard,indonverwdocaanw) VALUES('17141','17008','19810418',null,'19810418','20031024','17008','17978',null,null,'347','1','1','false');
INSERT INTO kern.his_persbijhouding (id,pers,dataanvgel,dateindegel,tsreg,tsverval,actieinh,actieverval,nadereaandverval,actieaanpgel,bijhpartij,bijhaard,naderebijhaard,indonverwdocaanw) VALUES('17031','17009','20110205',null,'20110205',null,'17976',null,null,null,'347','1','1','false');
INSERT INTO kern.his_persbijhouding (id,pers,dataanvgel,dateindegel,tsreg,tsverval,actieinh,actieverval,nadereaandverval,actieaanpgel,bijhpartij,bijhaard,naderebijhaard,indonverwdocaanw) VALUES('17030','17009','19940101','20110205','20110205',null,'17009',null,null,'17976','1415','1','1','false');
INSERT INTO kern.his_persbijhouding (id,pers,dataanvgel,dateindegel,tsreg,tsverval,actieinh,actieverval,nadereaandverval,actieaanpgel,bijhpartij,bijhaard,naderebijhaard,indonverwdocaanw) VALUES('17142','17009','19940101',null,'19940101','20110205','17009','17976',null,null,'1415','1','1','false');
INSERT INTO kern.his_persbijhouding (id,pers,dataanvgel,dateindegel,tsreg,tsverval,actieinh,actieverval,nadereaandverval,actieaanpgel,bijhpartij,bijhaard,naderebijhaard,indonverwdocaanw) VALUES('17034','17010','20090928',null,'20090928',null,'17974',null,null,null,'347','1','1','false');
INSERT INTO kern.his_persbijhouding (id,pers,dataanvgel,dateindegel,tsreg,tsverval,actieinh,actieverval,nadereaandverval,actieaanpgel,bijhpartij,bijhaard,naderebijhaard,indonverwdocaanw) VALUES('17033','17010','19960304','20090928','20090928',null,'17973',null,null,'17974','775','1','1','false');
INSERT INTO kern.his_persbijhouding (id,pers,dataanvgel,dateindegel,tsreg,tsverval,actieinh,actieverval,nadereaandverval,actieaanpgel,bijhpartij,bijhaard,naderebijhaard,indonverwdocaanw) VALUES('17143','17010','19960304',null,'19960304','20090928','17973','17974',null,null,'775','1','1','false');
INSERT INTO kern.his_persbijhouding (id,pers,dataanvgel,dateindegel,tsreg,tsverval,actieinh,actieverval,nadereaandverval,actieaanpgel,bijhpartij,bijhaard,naderebijhaard,indonverwdocaanw) VALUES('17032','17010','19691231','19960304','19960304',null,'17010',null,null,'17973','602','1','1','false');
INSERT INTO kern.his_persbijhouding (id,pers,dataanvgel,dateindegel,tsreg,tsverval,actieinh,actieverval,nadereaandverval,actieaanpgel,bijhpartij,bijhaard,naderebijhaard,indonverwdocaanw) VALUES('17144','17010','19691231',null,'19691231','19960304','17010','17973',null,null,'602','1','1','false');
INSERT INTO kern.his_persbijhouding (id,pers,dataanvgel,dateindegel,tsreg,tsverval,actieinh,actieverval,nadereaandverval,actieaanpgel,bijhpartij,bijhaard,naderebijhaard,indonverwdocaanw) VALUES('17037','17011','20090928',null,'20090928',null,'17971',null,null,null,'347','1','1','false');
INSERT INTO kern.his_persbijhouding (id,pers,dataanvgel,dateindegel,tsreg,tsverval,actieinh,actieverval,nadereaandverval,actieaanpgel,bijhpartij,bijhaard,naderebijhaard,indonverwdocaanw) VALUES('17036','17011','19960304','20090928','20090928',null,'17970',null,null,'17971','775','1','1','false');
INSERT INTO kern.his_persbijhouding (id,pers,dataanvgel,dateindegel,tsreg,tsverval,actieinh,actieverval,nadereaandverval,actieaanpgel,bijhpartij,bijhaard,naderebijhaard,indonverwdocaanw) VALUES('17145','17011','19960304',null,'19960304','20090928','17970','17971',null,null,'775','1','1','false');
INSERT INTO kern.his_persbijhouding (id,pers,dataanvgel,dateindegel,tsreg,tsverval,actieinh,actieverval,nadereaandverval,actieaanpgel,bijhpartij,bijhaard,naderebijhaard,indonverwdocaanw) VALUES('17035','17011','19690516','19960304','19960304',null,'17011',null,null,'17970','602','1','1','false');
INSERT INTO kern.his_persbijhouding (id,pers,dataanvgel,dateindegel,tsreg,tsverval,actieinh,actieverval,nadereaandverval,actieaanpgel,bijhpartij,bijhaard,naderebijhaard,indonverwdocaanw) VALUES('17146','17011','19690516',null,'19690516','19960304','17011','17970',null,null,'602','1','1','false');
INSERT INTO kern.his_persbijhouding (id,pers,dataanvgel,dateindegel,tsreg,tsverval,actieinh,actieverval,nadereaandverval,actieaanpgel,bijhpartij,bijhaard,naderebijhaard,indonverwdocaanw) VALUES('17039','17012','20000228',null,'20000228',null,'17968',null,null,null,'347','1','1','false');
INSERT INTO kern.his_persbijhouding (id,pers,dataanvgel,dateindegel,tsreg,tsverval,actieinh,actieverval,nadereaandverval,actieaanpgel,bijhpartij,bijhaard,naderebijhaard,indonverwdocaanw) VALUES('17038','17012','19771210','20000228','20000228',null,'17012',null,null,'17968','629','1','1','false');
INSERT INTO kern.his_persbijhouding (id,pers,dataanvgel,dateindegel,tsreg,tsverval,actieinh,actieverval,nadereaandverval,actieaanpgel,bijhpartij,bijhaard,naderebijhaard,indonverwdocaanw) VALUES('17147','17012','19771210',null,'19771210','20000228','17012','17968',null,null,'629','1','1','false');
INSERT INTO kern.his_persbijhouding (id,pers,dataanvgel,dateindegel,tsreg,tsverval,actieinh,actieverval,nadereaandverval,actieaanpgel,bijhpartij,bijhaard,naderebijhaard,indonverwdocaanw) VALUES('17041','17013','19920508',null,'19920508',null,'17966',null,null,null,'347','1','1','false');
INSERT INTO kern.his_persbijhouding (id,pers,dataanvgel,dateindegel,tsreg,tsverval,actieinh,actieverval,nadereaandverval,actieaanpgel,bijhpartij,bijhaard,naderebijhaard,indonverwdocaanw) VALUES('17040','17013','19550602','19920508','19920508',null,'17013',null,null,'17966','991','1','1','false');
INSERT INTO kern.his_persbijhouding (id,pers,dataanvgel,dateindegel,tsreg,tsverval,actieinh,actieverval,nadereaandverval,actieaanpgel,bijhpartij,bijhaard,naderebijhaard,indonverwdocaanw) VALUES('17148','17013','19550602',null,'19550602','19920508','17013','17966',null,null,'991','1','1','false');
INSERT INTO kern.his_persbijhouding (id,pers,dataanvgel,dateindegel,tsreg,tsverval,actieinh,actieverval,nadereaandverval,actieaanpgel,bijhpartij,bijhaard,naderebijhaard,indonverwdocaanw) VALUES('17043','17014','20111111',null,'20111111',null,'17506',null,null,null,'347','1','4','false');
INSERT INTO kern.his_persbijhouding (id,pers,dataanvgel,dateindegel,tsreg,tsverval,actieinh,actieverval,nadereaandverval,actieaanpgel,bijhpartij,bijhaard,naderebijhaard,indonverwdocaanw) VALUES('17042','17014','19780611','20111111','20111111',null,'17014',null,null,null,'347','1','1','false');
INSERT INTO kern.his_persbijhouding (id,pers,dataanvgel,dateindegel,tsreg,tsverval,actieinh,actieverval,nadereaandverval,actieaanpgel,bijhpartij,bijhaard,naderebijhaard,indonverwdocaanw) VALUES('17149','17014','19780611',null,'19780611','20111111','17014',null,null,null,'347','1','1','false');
INSERT INTO kern.his_persbijhouding (id,pers,dataanvgel,dateindegel,tsreg,tsverval,actieinh,actieverval,nadereaandverval,actieaanpgel,bijhpartij,bijhaard,naderebijhaard,indonverwdocaanw) VALUES('17045','17015','20110425',null,'20110425',null,'17963',null,null,null,'347','1','1','false');
INSERT INTO kern.his_persbijhouding (id,pers,dataanvgel,dateindegel,tsreg,tsverval,actieinh,actieverval,nadereaandverval,actieaanpgel,bijhpartij,bijhaard,naderebijhaard,indonverwdocaanw) VALUES('17044','17015','19880425','20110425','20110425',null,'17015',null,null,'17963','94','1','1','false');
INSERT INTO kern.his_persbijhouding (id,pers,dataanvgel,dateindegel,tsreg,tsverval,actieinh,actieverval,nadereaandverval,actieaanpgel,bijhpartij,bijhaard,naderebijhaard,indonverwdocaanw) VALUES('17150','17015','19880425',null,'19880425','20110425','17015','17963',null,null,'94','1','1','false');
INSERT INTO kern.his_persbijhouding (id,pers,dataanvgel,dateindegel,tsreg,tsverval,actieinh,actieverval,nadereaandverval,actieaanpgel,bijhpartij,bijhaard,naderebijhaard,indonverwdocaanw) VALUES('17048','17016','20100626',null,'20100626',null,'17961',null,null,null,'347','1','1','false');
INSERT INTO kern.his_persbijhouding (id,pers,dataanvgel,dateindegel,tsreg,tsverval,actieinh,actieverval,nadereaandverval,actieaanpgel,bijhpartij,bijhaard,naderebijhaard,indonverwdocaanw) VALUES('17047','17016','19880425','20100626','20100626',null,'17960',null,null,'17961','741','1','1','false');
INSERT INTO kern.his_persbijhouding (id,pers,dataanvgel,dateindegel,tsreg,tsverval,actieinh,actieverval,nadereaandverval,actieaanpgel,bijhpartij,bijhaard,naderebijhaard,indonverwdocaanw) VALUES('17151','17016','19880425',null,'19880425','20100626','17960','17961',null,null,'741','1','1','false');
INSERT INTO kern.his_persbijhouding (id,pers,dataanvgel,dateindegel,tsreg,tsverval,actieinh,actieverval,nadereaandverval,actieaanpgel,bijhpartij,bijhaard,naderebijhaard,indonverwdocaanw) VALUES('17046','17016','18991210','19880425','19880425',null,'17016',null,null,'17960','521','1','1','false');
INSERT INTO kern.his_persbijhouding (id,pers,dataanvgel,dateindegel,tsreg,tsverval,actieinh,actieverval,nadereaandverval,actieaanpgel,bijhpartij,bijhaard,naderebijhaard,indonverwdocaanw) VALUES('17152','17016','18991210',null,'18991210','19880425','17016','17960',null,null,'521','1','1','false');
INSERT INTO kern.his_persbijhouding (id,pers,dataanvgel,dateindegel,tsreg,tsverval,actieinh,actieverval,nadereaandverval,actieaanpgel,bijhpartij,bijhaard,naderebijhaard,indonverwdocaanw) VALUES('17050','17017','20030327',null,'20030327',null,'17958',null,null,null,'347','1','1','false');
INSERT INTO kern.his_persbijhouding (id,pers,dataanvgel,dateindegel,tsreg,tsverval,actieinh,actieverval,nadereaandverval,actieaanpgel,bijhpartij,bijhaard,naderebijhaard,indonverwdocaanw) VALUES('17049','17017','19820523','20030327','20030327',null,'17017',null,null,'17958','403','1','1','false');
INSERT INTO kern.his_persbijhouding (id,pers,dataanvgel,dateindegel,tsreg,tsverval,actieinh,actieverval,nadereaandverval,actieaanpgel,bijhpartij,bijhaard,naderebijhaard,indonverwdocaanw) VALUES('17153','17017','19820523',null,'19820523','20030327','17017','17958',null,null,'403','1','1','false');
INSERT INTO kern.his_persbijhouding (id,pers,dataanvgel,dateindegel,tsreg,tsverval,actieinh,actieverval,nadereaandverval,actieaanpgel,bijhpartij,bijhaard,naderebijhaard,indonverwdocaanw) VALUES('17052','17018','19911002',null,'19911002',null,'17956',null,null,null,'347','1','1','false');
INSERT INTO kern.his_persbijhouding (id,pers,dataanvgel,dateindegel,tsreg,tsverval,actieinh,actieverval,nadereaandverval,actieaanpgel,bijhpartij,bijhaard,naderebijhaard,indonverwdocaanw) VALUES('17051','17018','19840411','19911002','19911002',null,'17018',null,null,'17956','508','1','1','false');
INSERT INTO kern.his_persbijhouding (id,pers,dataanvgel,dateindegel,tsreg,tsverval,actieinh,actieverval,nadereaandverval,actieaanpgel,bijhpartij,bijhaard,naderebijhaard,indonverwdocaanw) VALUES('17154','17018','19840411',null,'19840411','19911002','17018','17956',null,null,'508','1','1','false');
INSERT INTO kern.his_persbijhouding (id,pers,dataanvgel,dateindegel,tsreg,tsverval,actieinh,actieverval,nadereaandverval,actieaanpgel,bijhpartij,bijhaard,naderebijhaard,indonverwdocaanw) VALUES('17054','17019','19901111',null,'19901111',null,'17954',null,null,null,'347','1','1','false');
INSERT INTO kern.his_persbijhouding (id,pers,dataanvgel,dateindegel,tsreg,tsverval,actieinh,actieverval,nadereaandverval,actieaanpgel,bijhpartij,bijhaard,naderebijhaard,indonverwdocaanw) VALUES('17053','17019','19741026','19901111','19901111',null,'17019',null,null,'17954','522','1','1','false');
INSERT INTO kern.his_persbijhouding (id,pers,dataanvgel,dateindegel,tsreg,tsverval,actieinh,actieverval,nadereaandverval,actieaanpgel,bijhpartij,bijhaard,naderebijhaard,indonverwdocaanw) VALUES('17155','17019','19741026',null,'19741026','19901111','17019','17954',null,null,'522','1','1','false');
INSERT INTO kern.his_persbijhouding (id,pers,dataanvgel,dateindegel,tsreg,tsverval,actieinh,actieverval,nadereaandverval,actieaanpgel,bijhpartij,bijhaard,naderebijhaard,indonverwdocaanw) VALUES('17056','17020','19820528',null,'19820528',null,'17952',null,null,null,'347','1','1','false');
INSERT INTO kern.his_persbijhouding (id,pers,dataanvgel,dateindegel,tsreg,tsverval,actieinh,actieverval,nadereaandverval,actieaanpgel,bijhpartij,bijhaard,naderebijhaard,indonverwdocaanw) VALUES('17055','17020','19760103','19820528','19820528',null,'17020',null,null,'17952','403','1','1','false');
INSERT INTO kern.his_persbijhouding (id,pers,dataanvgel,dateindegel,tsreg,tsverval,actieinh,actieverval,nadereaandverval,actieaanpgel,bijhpartij,bijhaard,naderebijhaard,indonverwdocaanw) VALUES('17156','17020','19760103',null,'19760103','19820528','17020','17952',null,null,'403','1','1','false');
INSERT INTO kern.his_persbijhouding (id,pers,dataanvgel,dateindegel,tsreg,tsverval,actieinh,actieverval,nadereaandverval,actieaanpgel,bijhpartij,bijhaard,naderebijhaard,indonverwdocaanw) VALUES('17058','17021','20010328',null,'20010328',null,'17950',null,null,null,'347','1','1','false');
INSERT INTO kern.his_persbijhouding (id,pers,dataanvgel,dateindegel,tsreg,tsverval,actieinh,actieverval,nadereaandverval,actieaanpgel,bijhpartij,bijhaard,naderebijhaard,indonverwdocaanw) VALUES('17057','17021','19920516','20010328','20010328',null,'17021',null,null,'17950','342','1','1','false');
INSERT INTO kern.his_persbijhouding (id,pers,dataanvgel,dateindegel,tsreg,tsverval,actieinh,actieverval,nadereaandverval,actieaanpgel,bijhpartij,bijhaard,naderebijhaard,indonverwdocaanw) VALUES('17157','17021','19920516',null,'19920516','20010328','17021','17950',null,null,'342','1','1','false');
INSERT INTO kern.his_persbijhouding (id,pers,dataanvgel,dateindegel,tsreg,tsverval,actieinh,actieverval,nadereaandverval,actieaanpgel,bijhpartij,bijhaard,naderebijhaard,indonverwdocaanw) VALUES('17060','17022','20101002',null,'20101002',null,'17948',null,null,null,'347','1','1','false');
INSERT INTO kern.his_persbijhouding (id,pers,dataanvgel,dateindegel,tsreg,tsverval,actieinh,actieverval,nadereaandverval,actieaanpgel,bijhpartij,bijhaard,naderebijhaard,indonverwdocaanw) VALUES('17059','17022','19951003','20101002','20101002',null,'17022',null,null,'17948','508','1','1','false');
INSERT INTO kern.his_persbijhouding (id,pers,dataanvgel,dateindegel,tsreg,tsverval,actieinh,actieverval,nadereaandverval,actieaanpgel,bijhpartij,bijhaard,naderebijhaard,indonverwdocaanw) VALUES('17158','17022','19951003',null,'19951003','20101002','17022','17948',null,null,'508','1','1','false');
INSERT INTO kern.his_persbijhouding (id,pers,dataanvgel,dateindegel,tsreg,tsverval,actieinh,actieverval,nadereaandverval,actieaanpgel,bijhpartij,bijhaard,naderebijhaard,indonverwdocaanw) VALUES('17062','17023','19970605',null,'19970605',null,'17946',null,null,null,'347','1','1','false');
INSERT INTO kern.his_persbijhouding (id,pers,dataanvgel,dateindegel,tsreg,tsverval,actieinh,actieverval,nadereaandverval,actieaanpgel,bijhpartij,bijhaard,naderebijhaard,indonverwdocaanw) VALUES('17061','17023','19680310','19970605','19970605',null,'17023',null,null,'17946','403','1','1','false');
INSERT INTO kern.his_persbijhouding (id,pers,dataanvgel,dateindegel,tsreg,tsverval,actieinh,actieverval,nadereaandverval,actieaanpgel,bijhpartij,bijhaard,naderebijhaard,indonverwdocaanw) VALUES('17159','17023','19680310',null,'19680310','19970605','17023','17946',null,null,'403','1','1','false');
INSERT INTO kern.his_persbijhouding (id,pers,dataanvgel,dateindegel,tsreg,tsverval,actieinh,actieverval,nadereaandverval,actieaanpgel,bijhpartij,bijhaard,naderebijhaard,indonverwdocaanw) VALUES('17064','17024','19790928',null,'19790928',null,'17944',null,null,null,'347','1','1','false');
INSERT INTO kern.his_persbijhouding (id,pers,dataanvgel,dateindegel,tsreg,tsverval,actieinh,actieverval,nadereaandverval,actieaanpgel,bijhpartij,bijhaard,naderebijhaard,indonverwdocaanw) VALUES('17063','17024','19770401','19790928','19790928',null,'17024',null,null,'17944','366','1','1','false');
INSERT INTO kern.his_persbijhouding (id,pers,dataanvgel,dateindegel,tsreg,tsverval,actieinh,actieverval,nadereaandverval,actieaanpgel,bijhpartij,bijhaard,naderebijhaard,indonverwdocaanw) VALUES('17160','17024','19770401',null,'19770401','19790928','17024','17944',null,null,'366','1','1','false');
INSERT INTO kern.his_persbijhouding (id,pers,dataanvgel,dateindegel,tsreg,tsverval,actieinh,actieverval,nadereaandverval,actieaanpgel,bijhpartij,bijhaard,naderebijhaard,indonverwdocaanw) VALUES('17066','17025','19950929',null,'19950929',null,'17942',null,null,null,'347','1','1','false');
INSERT INTO kern.his_persbijhouding (id,pers,dataanvgel,dateindegel,tsreg,tsverval,actieinh,actieverval,nadereaandverval,actieaanpgel,bijhpartij,bijhaard,naderebijhaard,indonverwdocaanw) VALUES('17065','17025','19880611','19950929','19950929',null,'17025',null,null,'17942','366','1','1','false');
INSERT INTO kern.his_persbijhouding (id,pers,dataanvgel,dateindegel,tsreg,tsverval,actieinh,actieverval,nadereaandverval,actieaanpgel,bijhpartij,bijhaard,naderebijhaard,indonverwdocaanw) VALUES('17161','17025','19880611',null,'19880611','19950929','17025','17942',null,null,'366','1','1','false');
INSERT INTO kern.his_persbijhouding (id,pers,dataanvgel,dateindegel,tsreg,tsverval,actieinh,actieverval,nadereaandverval,actieaanpgel,bijhpartij,bijhaard,naderebijhaard,indonverwdocaanw) VALUES('17068','17026','20000101',null,'20000101',null,'17940',null,null,null,'347','1','1','false');
INSERT INTO kern.his_persbijhouding (id,pers,dataanvgel,dateindegel,tsreg,tsverval,actieinh,actieverval,nadereaandverval,actieaanpgel,bijhpartij,bijhaard,naderebijhaard,indonverwdocaanw) VALUES('17067','17026','19910721','20000101','20000101',null,'17026',null,null,'17940','506','1','1','false');
INSERT INTO kern.his_persbijhouding (id,pers,dataanvgel,dateindegel,tsreg,tsverval,actieinh,actieverval,nadereaandverval,actieaanpgel,bijhpartij,bijhaard,naderebijhaard,indonverwdocaanw) VALUES('17162','17026','19910721',null,'19910721','20000101','17026','17940',null,null,'506','1','1','false');
INSERT INTO kern.his_persbijhouding (id,pers,dataanvgel,dateindegel,tsreg,tsverval,actieinh,actieverval,nadereaandverval,actieaanpgel,bijhpartij,bijhaard,naderebijhaard,indonverwdocaanw) VALUES('17070','17027','20031024',null,'20031024',null,'17938',null,null,null,'347','1','1','false');
INSERT INTO kern.his_persbijhouding (id,pers,dataanvgel,dateindegel,tsreg,tsverval,actieinh,actieverval,nadereaandverval,actieaanpgel,bijhpartij,bijhaard,naderebijhaard,indonverwdocaanw) VALUES('17069','17027','19910911','20031024','20031024',null,'17027',null,null,'17938','1415','1','1','false');
INSERT INTO kern.his_persbijhouding (id,pers,dataanvgel,dateindegel,tsreg,tsverval,actieinh,actieverval,nadereaandverval,actieaanpgel,bijhpartij,bijhaard,naderebijhaard,indonverwdocaanw) VALUES('17163','17027','19910911',null,'19910911','20031024','17027','17938',null,null,'1415','1','1','false');
INSERT INTO kern.his_persbijhouding (id,pers,dataanvgel,dateindegel,tsreg,tsverval,actieinh,actieverval,nadereaandverval,actieaanpgel,bijhpartij,bijhaard,naderebijhaard,indonverwdocaanw) VALUES('17072','17028','19990616',null,'19990616',null,'17936',null,null,null,'347','1','1','false');
INSERT INTO kern.his_persbijhouding (id,pers,dataanvgel,dateindegel,tsreg,tsverval,actieinh,actieverval,nadereaandverval,actieaanpgel,bijhpartij,bijhaard,naderebijhaard,indonverwdocaanw) VALUES('17071','17028','19900722','19990616','19990616',null,'17028',null,null,'17936','977','1','1','false');
INSERT INTO kern.his_persbijhouding (id,pers,dataanvgel,dateindegel,tsreg,tsverval,actieinh,actieverval,nadereaandverval,actieaanpgel,bijhpartij,bijhaard,naderebijhaard,indonverwdocaanw) VALUES('17164','17028','19900722',null,'19900722','19990616','17028','17936',null,null,'977','1','1','false');
INSERT INTO kern.his_persbijhouding (id,pers,dataanvgel,dateindegel,tsreg,tsverval,actieinh,actieverval,nadereaandverval,actieaanpgel,bijhpartij,bijhaard,naderebijhaard,indonverwdocaanw) VALUES('17073','17029','19200430',null,'19200430',null,'17029',null,null,null,'2','1','1','false');
INSERT INTO kern.his_persbijhouding (id,pers,dataanvgel,dateindegel,tsreg,tsverval,actieinh,actieverval,nadereaandverval,actieaanpgel,bijhpartij,bijhaard,naderebijhaard,indonverwdocaanw) VALUES('17077','17030','20120620',null,'20120620',null,'17934',null,null,null,'347','1','1','false');
INSERT INTO kern.his_persbijhouding (id,pers,dataanvgel,dateindegel,tsreg,tsverval,actieinh,actieverval,nadereaandverval,actieaanpgel,bijhpartij,bijhaard,naderebijhaard,indonverwdocaanw) VALUES('17076','17030','20091201','20120620','20120620',null,'17933',null,null,'17934','347','1','1','false');
INSERT INTO kern.his_persbijhouding (id,pers,dataanvgel,dateindegel,tsreg,tsverval,actieinh,actieverval,nadereaandverval,actieaanpgel,bijhpartij,bijhaard,naderebijhaard,indonverwdocaanw) VALUES('17165','17030','20091201',null,'20091201','20120620','17933','17934',null,null,'347','1','1','false');
INSERT INTO kern.his_persbijhouding (id,pers,dataanvgel,dateindegel,tsreg,tsverval,actieinh,actieverval,nadereaandverval,actieaanpgel,bijhpartij,bijhaard,naderebijhaard,indonverwdocaanw) VALUES('17075','17030','20060201','20091201','20091201',null,'17932',null,null,'17933','347','1','1','false');
INSERT INTO kern.his_persbijhouding (id,pers,dataanvgel,dateindegel,tsreg,tsverval,actieinh,actieverval,nadereaandverval,actieaanpgel,bijhpartij,bijhaard,naderebijhaard,indonverwdocaanw) VALUES('17166','17030','20060201',null,'20060201','20091201','17932','17933',null,null,'347','1','1','false');
INSERT INTO kern.his_persbijhouding (id,pers,dataanvgel,dateindegel,tsreg,tsverval,actieinh,actieverval,nadereaandverval,actieaanpgel,bijhpartij,bijhaard,naderebijhaard,indonverwdocaanw) VALUES('17074','17030','19220419','20060201','20060201',null,'17030',null,null,'17932','1239','1','1','false');
INSERT INTO kern.his_persbijhouding (id,pers,dataanvgel,dateindegel,tsreg,tsverval,actieinh,actieverval,nadereaandverval,actieaanpgel,bijhpartij,bijhaard,naderebijhaard,indonverwdocaanw) VALUES('17167','17030','19220419',null,'19220419','20060201','17030','17932',null,null,'1239','1','1','false');
INSERT INTO kern.his_persbijhouding (id,pers,dataanvgel,dateindegel,tsreg,tsverval,actieinh,actieverval,nadereaandverval,actieaanpgel,bijhpartij,bijhaard,naderebijhaard,indonverwdocaanw) VALUES('17081','17031','20120306',null,'20120306',null,'17930',null,null,null,'347','1','1','false');
INSERT INTO kern.his_persbijhouding (id,pers,dataanvgel,dateindegel,tsreg,tsverval,actieinh,actieverval,nadereaandverval,actieaanpgel,bijhpartij,bijhaard,naderebijhaard,indonverwdocaanw) VALUES('17080','17031','20010926','20120306','20120306',null,'17929',null,null,'17930','347','1','1','false');
INSERT INTO kern.his_persbijhouding (id,pers,dataanvgel,dateindegel,tsreg,tsverval,actieinh,actieverval,nadereaandverval,actieaanpgel,bijhpartij,bijhaard,naderebijhaard,indonverwdocaanw) VALUES('17168','17031','20010926',null,'20010926','20120306','17929','17930',null,null,'347','1','1','false');
INSERT INTO kern.his_persbijhouding (id,pers,dataanvgel,dateindegel,tsreg,tsverval,actieinh,actieverval,nadereaandverval,actieaanpgel,bijhpartij,bijhaard,naderebijhaard,indonverwdocaanw) VALUES('17079','17031','20000827','20010926','20010926',null,'17928',null,null,'17929','347','1','1','false');
INSERT INTO kern.his_persbijhouding (id,pers,dataanvgel,dateindegel,tsreg,tsverval,actieinh,actieverval,nadereaandverval,actieaanpgel,bijhpartij,bijhaard,naderebijhaard,indonverwdocaanw) VALUES('17169','17031','20000827',null,'20000827','20010926','17928','17929',null,null,'347','1','1','false');
INSERT INTO kern.his_persbijhouding (id,pers,dataanvgel,dateindegel,tsreg,tsverval,actieinh,actieverval,nadereaandverval,actieaanpgel,bijhpartij,bijhaard,naderebijhaard,indonverwdocaanw) VALUES('17078','17031','19920219','20000827','20000827',null,'17031',null,null,'17928','977','1','1','false');
INSERT INTO kern.his_persbijhouding (id,pers,dataanvgel,dateindegel,tsreg,tsverval,actieinh,actieverval,nadereaandverval,actieaanpgel,bijhpartij,bijhaard,naderebijhaard,indonverwdocaanw) VALUES('17170','17031','19920219',null,'19920219','20000827','17031','17928',null,null,'977','1','1','false');
INSERT INTO kern.his_persbijhouding (id,pers,dataanvgel,dateindegel,tsreg,tsverval,actieinh,actieverval,nadereaandverval,actieaanpgel,bijhpartij,bijhaard,naderebijhaard,indonverwdocaanw) VALUES('17085','17032','20120621',null,'20120621',null,'17926',null,null,null,'347','1','1','false');
INSERT INTO kern.his_persbijhouding (id,pers,dataanvgel,dateindegel,tsreg,tsverval,actieinh,actieverval,nadereaandverval,actieaanpgel,bijhpartij,bijhaard,naderebijhaard,indonverwdocaanw) VALUES('17084','17032','20010301','20120621','20120621',null,'17925',null,null,'17926','347','1','1','false');
INSERT INTO kern.his_persbijhouding (id,pers,dataanvgel,dateindegel,tsreg,tsverval,actieinh,actieverval,nadereaandverval,actieaanpgel,bijhpartij,bijhaard,naderebijhaard,indonverwdocaanw) VALUES('17171','17032','20010301',null,'20010301','20120621','17925','17926',null,null,'347','1','1','false');
INSERT INTO kern.his_persbijhouding (id,pers,dataanvgel,dateindegel,tsreg,tsverval,actieinh,actieverval,nadereaandverval,actieaanpgel,bijhpartij,bijhaard,naderebijhaard,indonverwdocaanw) VALUES('17083','17032','19670601','20010301','20010301',null,'17924',null,null,'17925','347','1','1','false');
INSERT INTO kern.his_persbijhouding (id,pers,dataanvgel,dateindegel,tsreg,tsverval,actieinh,actieverval,nadereaandverval,actieaanpgel,bijhpartij,bijhaard,naderebijhaard,indonverwdocaanw) VALUES('17172','17032','19670601',null,'19670601','20010301','17924','17925',null,null,'347','1','1','false');
INSERT INTO kern.his_persbijhouding (id,pers,dataanvgel,dateindegel,tsreg,tsverval,actieinh,actieverval,nadereaandverval,actieaanpgel,bijhpartij,bijhaard,naderebijhaard,indonverwdocaanw) VALUES('17082','17032','19510923','19670601','19670601',null,'17032',null,null,'17924','522','1','1','false');
INSERT INTO kern.his_persbijhouding (id,pers,dataanvgel,dateindegel,tsreg,tsverval,actieinh,actieverval,nadereaandverval,actieaanpgel,bijhpartij,bijhaard,naderebijhaard,indonverwdocaanw) VALUES('17173','17032','19510923',null,'19510923','19670601','17032','17924',null,null,'522','1','1','false');
INSERT INTO kern.his_persbijhouding (id,pers,dataanvgel,dateindegel,tsreg,tsverval,actieinh,actieverval,nadereaandverval,actieaanpgel,bijhpartij,bijhaard,naderebijhaard,indonverwdocaanw) VALUES('17089','17033','20120621',null,'20120621',null,'17922',null,null,null,'347','1','1','false');
INSERT INTO kern.his_persbijhouding (id,pers,dataanvgel,dateindegel,tsreg,tsverval,actieinh,actieverval,nadereaandverval,actieaanpgel,bijhpartij,bijhaard,naderebijhaard,indonverwdocaanw) VALUES('17088','17033','20010301','20120621','20120621',null,'17921',null,null,'17922','347','1','1','false');
INSERT INTO kern.his_persbijhouding (id,pers,dataanvgel,dateindegel,tsreg,tsverval,actieinh,actieverval,nadereaandverval,actieaanpgel,bijhpartij,bijhaard,naderebijhaard,indonverwdocaanw) VALUES('17174','17033','20010301',null,'20010301','20120621','17921','17922',null,null,'347','1','1','false');
INSERT INTO kern.his_persbijhouding (id,pers,dataanvgel,dateindegel,tsreg,tsverval,actieinh,actieverval,nadereaandverval,actieaanpgel,bijhpartij,bijhaard,naderebijhaard,indonverwdocaanw) VALUES('17087','17033','19670601','20010301','20010301',null,'17920',null,null,'17921','347','1','1','false');
INSERT INTO kern.his_persbijhouding (id,pers,dataanvgel,dateindegel,tsreg,tsverval,actieinh,actieverval,nadereaandverval,actieaanpgel,bijhpartij,bijhaard,naderebijhaard,indonverwdocaanw) VALUES('17175','17033','19670601',null,'19670601','20010301','17920','17921',null,null,'347','1','1','false');
INSERT INTO kern.his_persbijhouding (id,pers,dataanvgel,dateindegel,tsreg,tsverval,actieinh,actieverval,nadereaandverval,actieaanpgel,bijhpartij,bijhaard,naderebijhaard,indonverwdocaanw) VALUES('17086','17033','19531116','19670601','19670601',null,'17033',null,null,'17920','506','1','1','false');
INSERT INTO kern.his_persbijhouding (id,pers,dataanvgel,dateindegel,tsreg,tsverval,actieinh,actieverval,nadereaandverval,actieaanpgel,bijhpartij,bijhaard,naderebijhaard,indonverwdocaanw) VALUES('17176','17033','19531116',null,'19531116','19670601','17033','17920',null,null,'506','1','1','false');
INSERT INTO kern.his_persbijhouding (id,pers,dataanvgel,dateindegel,tsreg,tsverval,actieinh,actieverval,nadereaandverval,actieaanpgel,bijhpartij,bijhaard,naderebijhaard,indonverwdocaanw) VALUES('17093','17034','20090701',null,'20090701',null,'17918',null,null,null,'347','1','1','false');
INSERT INTO kern.his_persbijhouding (id,pers,dataanvgel,dateindegel,tsreg,tsverval,actieinh,actieverval,nadereaandverval,actieaanpgel,bijhpartij,bijhaard,naderebijhaard,indonverwdocaanw) VALUES('17092','17034','20080218','20090701','20090701',null,'17917',null,null,'17918','347','1','1','false');
INSERT INTO kern.his_persbijhouding (id,pers,dataanvgel,dateindegel,tsreg,tsverval,actieinh,actieverval,nadereaandverval,actieaanpgel,bijhpartij,bijhaard,naderebijhaard,indonverwdocaanw) VALUES('17177','17034','20080218',null,'20080218','20090701','17917','17918',null,null,'347','1','1','false');
INSERT INTO kern.his_persbijhouding (id,pers,dataanvgel,dateindegel,tsreg,tsverval,actieinh,actieverval,nadereaandverval,actieaanpgel,bijhpartij,bijhaard,naderebijhaard,indonverwdocaanw) VALUES('17091','17034','20070406','20080218','20080218',null,'17916',null,null,'17917','347','1','1','false');
INSERT INTO kern.his_persbijhouding (id,pers,dataanvgel,dateindegel,tsreg,tsverval,actieinh,actieverval,nadereaandverval,actieaanpgel,bijhpartij,bijhaard,naderebijhaard,indonverwdocaanw) VALUES('17178','17034','20070406',null,'20070406','20080218','17916','17917',null,null,'347','1','1','false');
INSERT INTO kern.his_persbijhouding (id,pers,dataanvgel,dateindegel,tsreg,tsverval,actieinh,actieverval,nadereaandverval,actieaanpgel,bijhpartij,bijhaard,naderebijhaard,indonverwdocaanw) VALUES('17090','17034','19390402','20070406','20070406',null,'17034',null,null,'17916','403','1','1','false');
INSERT INTO kern.his_persbijhouding (id,pers,dataanvgel,dateindegel,tsreg,tsverval,actieinh,actieverval,nadereaandverval,actieaanpgel,bijhpartij,bijhaard,naderebijhaard,indonverwdocaanw) VALUES('17179','17034','19390402',null,'19390402','20070406','17034','17916',null,null,'403','1','1','false');
INSERT INTO kern.his_persbijhouding (id,pers,dataanvgel,dateindegel,tsreg,tsverval,actieinh,actieverval,nadereaandverval,actieaanpgel,bijhpartij,bijhaard,naderebijhaard,indonverwdocaanw) VALUES('17097','17035','20090301',null,'20090301',null,'17914',null,null,null,'347','1','1','false');
INSERT INTO kern.his_persbijhouding (id,pers,dataanvgel,dateindegel,tsreg,tsverval,actieinh,actieverval,nadereaandverval,actieaanpgel,bijhpartij,bijhaard,naderebijhaard,indonverwdocaanw) VALUES('17096','17035','20081101','20090301','20090301',null,'17913',null,null,'17914','347','1','1','false');
INSERT INTO kern.his_persbijhouding (id,pers,dataanvgel,dateindegel,tsreg,tsverval,actieinh,actieverval,nadereaandverval,actieaanpgel,bijhpartij,bijhaard,naderebijhaard,indonverwdocaanw) VALUES('17180','17035','20081101',null,'20081101','20090301','17913','17914',null,null,'347','1','1','false');
INSERT INTO kern.his_persbijhouding (id,pers,dataanvgel,dateindegel,tsreg,tsverval,actieinh,actieverval,nadereaandverval,actieaanpgel,bijhpartij,bijhaard,naderebijhaard,indonverwdocaanw) VALUES('17095','17035','20050101','20081101','20081101',null,'17912',null,null,'17913','347','1','1','false');
INSERT INTO kern.his_persbijhouding (id,pers,dataanvgel,dateindegel,tsreg,tsverval,actieinh,actieverval,nadereaandverval,actieaanpgel,bijhpartij,bijhaard,naderebijhaard,indonverwdocaanw) VALUES('17181','17035','20050101',null,'20050101','20081101','17912','17913',null,null,'347','1','1','false');
INSERT INTO kern.his_persbijhouding (id,pers,dataanvgel,dateindegel,tsreg,tsverval,actieinh,actieverval,nadereaandverval,actieaanpgel,bijhpartij,bijhaard,naderebijhaard,indonverwdocaanw) VALUES('17094','17035','19841203','20050101','20050101',null,'17035',null,null,'17912','342','1','1','false');
INSERT INTO kern.his_persbijhouding (id,pers,dataanvgel,dateindegel,tsreg,tsverval,actieinh,actieverval,nadereaandverval,actieaanpgel,bijhpartij,bijhaard,naderebijhaard,indonverwdocaanw) VALUES('17182','17035','19841203',null,'19841203','20050101','17035','17912',null,null,'342','1','1','false');
INSERT INTO kern.his_persbijhouding (id,pers,dataanvgel,dateindegel,tsreg,tsverval,actieinh,actieverval,nadereaandverval,actieaanpgel,bijhpartij,bijhaard,naderebijhaard,indonverwdocaanw) VALUES('17101','17036','20090301',null,'20090301',null,'17910',null,null,null,'347','1','1','false');
INSERT INTO kern.his_persbijhouding (id,pers,dataanvgel,dateindegel,tsreg,tsverval,actieinh,actieverval,nadereaandverval,actieaanpgel,bijhpartij,bijhaard,naderebijhaard,indonverwdocaanw) VALUES('17100','17036','20081101','20090301','20090301',null,'17909',null,null,'17910','347','1','1','false');
INSERT INTO kern.his_persbijhouding (id,pers,dataanvgel,dateindegel,tsreg,tsverval,actieinh,actieverval,nadereaandverval,actieaanpgel,bijhpartij,bijhaard,naderebijhaard,indonverwdocaanw) VALUES('17183','17036','20081101',null,'20081101','20090301','17909','17910',null,null,'347','1','1','false');
INSERT INTO kern.his_persbijhouding (id,pers,dataanvgel,dateindegel,tsreg,tsverval,actieinh,actieverval,nadereaandverval,actieaanpgel,bijhpartij,bijhaard,naderebijhaard,indonverwdocaanw) VALUES('17099','17036','20050101','20081101','20081101',null,'17908',null,null,'17909','347','1','1','false');
INSERT INTO kern.his_persbijhouding (id,pers,dataanvgel,dateindegel,tsreg,tsverval,actieinh,actieverval,nadereaandverval,actieaanpgel,bijhpartij,bijhaard,naderebijhaard,indonverwdocaanw) VALUES('17184','17036','20050101',null,'20050101','20081101','17908','17909',null,null,'347','1','1','false');
INSERT INTO kern.his_persbijhouding (id,pers,dataanvgel,dateindegel,tsreg,tsverval,actieinh,actieverval,nadereaandverval,actieaanpgel,bijhpartij,bijhaard,naderebijhaard,indonverwdocaanw) VALUES('17098','17036','19851011','20050101','20050101',null,'17036',null,null,'17908','342','1','1','false');
INSERT INTO kern.his_persbijhouding (id,pers,dataanvgel,dateindegel,tsreg,tsverval,actieinh,actieverval,nadereaandverval,actieaanpgel,bijhpartij,bijhaard,naderebijhaard,indonverwdocaanw) VALUES('17185','17036','19851011',null,'19851011','20050101','17036','17908',null,null,'342','1','1','false');
INSERT INTO kern.his_persbijhouding (id,pers,dataanvgel,dateindegel,tsreg,tsverval,actieinh,actieverval,nadereaandverval,actieaanpgel,bijhpartij,bijhaard,naderebijhaard,indonverwdocaanw) VALUES('17104','17037','20090301',null,'20090301',null,'17906',null,null,null,'347','1','1','false');
INSERT INTO kern.his_persbijhouding (id,pers,dataanvgel,dateindegel,tsreg,tsverval,actieinh,actieverval,nadereaandverval,actieaanpgel,bijhpartij,bijhaard,naderebijhaard,indonverwdocaanw) VALUES('17103','17037','20081101','20090301','20090301',null,'17905',null,null,'17906','347','1','1','false');
INSERT INTO kern.his_persbijhouding (id,pers,dataanvgel,dateindegel,tsreg,tsverval,actieinh,actieverval,nadereaandverval,actieaanpgel,bijhpartij,bijhaard,naderebijhaard,indonverwdocaanw) VALUES('17186','17037','20081101',null,'20081101','20090301','17905','17906',null,null,'347','1','1','false');
INSERT INTO kern.his_persbijhouding (id,pers,dataanvgel,dateindegel,tsreg,tsverval,actieinh,actieverval,nadereaandverval,actieaanpgel,bijhpartij,bijhaard,naderebijhaard,indonverwdocaanw) VALUES('17102','17037','20050112','20081101','20081101',null,'17037',null,null,'17905','347','1','1','false');
INSERT INTO kern.his_persbijhouding (id,pers,dataanvgel,dateindegel,tsreg,tsverval,actieinh,actieverval,nadereaandverval,actieaanpgel,bijhpartij,bijhaard,naderebijhaard,indonverwdocaanw) VALUES('17187','17037','20050112',null,'20050112','20081101','17037','17905',null,null,'347','1','1','false');
INSERT INTO kern.his_persbijhouding (id,pers,dataanvgel,dateindegel,tsreg,tsverval,actieinh,actieverval,nadereaandverval,actieaanpgel,bijhpartij,bijhaard,naderebijhaard,indonverwdocaanw) VALUES('17107','17038','20090301',null,'20090301',null,'17903',null,null,null,'347','1','1','false');
INSERT INTO kern.his_persbijhouding (id,pers,dataanvgel,dateindegel,tsreg,tsverval,actieinh,actieverval,nadereaandverval,actieaanpgel,bijhpartij,bijhaard,naderebijhaard,indonverwdocaanw) VALUES('17106','17038','20081101','20090301','20090301',null,'17902',null,null,'17903','347','1','1','false');
INSERT INTO kern.his_persbijhouding (id,pers,dataanvgel,dateindegel,tsreg,tsverval,actieinh,actieverval,nadereaandverval,actieaanpgel,bijhpartij,bijhaard,naderebijhaard,indonverwdocaanw) VALUES('17188','17038','20081101',null,'20081101','20090301','17902','17903',null,null,'347','1','1','false');
INSERT INTO kern.his_persbijhouding (id,pers,dataanvgel,dateindegel,tsreg,tsverval,actieinh,actieverval,nadereaandverval,actieaanpgel,bijhpartij,bijhaard,naderebijhaard,indonverwdocaanw) VALUES('17105','17038','20051201','20081101','20081101',null,'17038',null,null,'17902','347','1','1','false');
INSERT INTO kern.his_persbijhouding (id,pers,dataanvgel,dateindegel,tsreg,tsverval,actieinh,actieverval,nadereaandverval,actieaanpgel,bijhpartij,bijhaard,naderebijhaard,indonverwdocaanw) VALUES('17189','17038','20051201',null,'20051201','20081101','17038','17902',null,null,'347','1','1','false');
INSERT INTO kern.his_persbijhouding (id,pers,dataanvgel,dateindegel,tsreg,tsverval,actieinh,actieverval,nadereaandverval,actieaanpgel,bijhpartij,bijhaard,naderebijhaard,indonverwdocaanw) VALUES('17111','17039','20120522',null,'20120522',null,'17900',null,null,null,'347','1','1','false');
INSERT INTO kern.his_persbijhouding (id,pers,dataanvgel,dateindegel,tsreg,tsverval,actieinh,actieverval,nadereaandverval,actieaanpgel,bijhpartij,bijhaard,naderebijhaard,indonverwdocaanw) VALUES('17110','17039','20111201','20120522','20120522',null,'17899',null,null,'17900','347','1','1','false');
INSERT INTO kern.his_persbijhouding (id,pers,dataanvgel,dateindegel,tsreg,tsverval,actieinh,actieverval,nadereaandverval,actieaanpgel,bijhpartij,bijhaard,naderebijhaard,indonverwdocaanw) VALUES('17190','17039','20111201',null,'20111201','20120522','17899','17900',null,null,'347','1','1','false');
INSERT INTO kern.his_persbijhouding (id,pers,dataanvgel,dateindegel,tsreg,tsverval,actieinh,actieverval,nadereaandverval,actieaanpgel,bijhpartij,bijhaard,naderebijhaard,indonverwdocaanw) VALUES('17109','17039','20101201','20111201','20111201',null,'17898',null,null,'17899','347','1','1','false');
INSERT INTO kern.his_persbijhouding (id,pers,dataanvgel,dateindegel,tsreg,tsverval,actieinh,actieverval,nadereaandverval,actieaanpgel,bijhpartij,bijhaard,naderebijhaard,indonverwdocaanw) VALUES('17191','17039','20101201',null,'20101201','20111201','17898','17899',null,null,'347','1','1','false');
INSERT INTO kern.his_persbijhouding (id,pers,dataanvgel,dateindegel,tsreg,tsverval,actieinh,actieverval,nadereaandverval,actieaanpgel,bijhpartij,bijhaard,naderebijhaard,indonverwdocaanw) VALUES('17108','17039','19910315','20101201','20101201',null,'17039',null,null,'17898','347','1','1','false');
INSERT INTO kern.his_persbijhouding (id,pers,dataanvgel,dateindegel,tsreg,tsverval,actieinh,actieverval,nadereaandverval,actieaanpgel,bijhpartij,bijhaard,naderebijhaard,indonverwdocaanw) VALUES('17192','17039','19910315',null,'19910315','20101201','17039','17898',null,null,'347','1','1','false');
INSERT INTO kern.his_persbijhouding (id,pers,dataanvgel,dateindegel,tsreg,tsverval,actieinh,actieverval,nadereaandverval,actieaanpgel,bijhpartij,bijhaard,naderebijhaard,indonverwdocaanw) VALUES('17112','17040','20010517',null,'20010517',null,'17040',null,null,null,'347','1','1','false');
INSERT INTO kern.his_persbijhouding (id,pers,dataanvgel,dateindegel,tsreg,tsverval,actieinh,actieverval,nadereaandverval,actieaanpgel,bijhpartij,bijhaard,naderebijhaard,indonverwdocaanw) VALUES('17114','17042','20010328',null,'20010328',null,'17891',null,null,null,'347','1','1','false');
INSERT INTO kern.his_persbijhouding (id,pers,dataanvgel,dateindegel,tsreg,tsverval,actieinh,actieverval,nadereaandverval,actieaanpgel,bijhpartij,bijhaard,naderebijhaard,indonverwdocaanw) VALUES('17113','17042','19580921','20010328','20010328',null,'17042',null,null,'17891','342','1','1','false');
INSERT INTO kern.his_persbijhouding (id,pers,dataanvgel,dateindegel,tsreg,tsverval,actieinh,actieverval,nadereaandverval,actieaanpgel,bijhpartij,bijhaard,naderebijhaard,indonverwdocaanw) VALUES('17193','17042','19580921',null,'19580921','20010328','17042','17891',null,null,'342','1','1','false');
INSERT INTO kern.his_persbijhouding (id,pers,dataanvgel,dateindegel,tsreg,tsverval,actieinh,actieverval,nadereaandverval,actieaanpgel,bijhpartij,bijhaard,naderebijhaard,indonverwdocaanw) VALUES('17116','17043','19820528',null,'19820528',null,'17889',null,null,null,'347','1','1','false');
INSERT INTO kern.his_persbijhouding (id,pers,dataanvgel,dateindegel,tsreg,tsverval,actieinh,actieverval,nadereaandverval,actieaanpgel,bijhpartij,bijhaard,naderebijhaard,indonverwdocaanw) VALUES('17115','17043','19590922','19820528','19820528',null,'17043',null,null,'17889','403','1','1','false');
INSERT INTO kern.his_persbijhouding (id,pers,dataanvgel,dateindegel,tsreg,tsverval,actieinh,actieverval,nadereaandverval,actieaanpgel,bijhpartij,bijhaard,naderebijhaard,indonverwdocaanw) VALUES('17194','17043','19590922',null,'19590922','19820528','17043','17889',null,null,'403','1','1','false');
INSERT INTO kern.his_persbijhouding (id,pers,dataanvgel,dateindegel,tsreg,tsverval,actieinh,actieverval,nadereaandverval,actieaanpgel,bijhpartij,bijhaard,naderebijhaard,indonverwdocaanw) VALUES('17118','17044','20010328',null,'20010328',null,'17887',null,null,null,'347','1','1','false');
INSERT INTO kern.his_persbijhouding (id,pers,dataanvgel,dateindegel,tsreg,tsverval,actieinh,actieverval,nadereaandverval,actieaanpgel,bijhpartij,bijhaard,naderebijhaard,indonverwdocaanw) VALUES('17117','17044','19601221','20010328','20010328',null,'17044',null,null,'17887','342','1','1','false');
INSERT INTO kern.his_persbijhouding (id,pers,dataanvgel,dateindegel,tsreg,tsverval,actieinh,actieverval,nadereaandverval,actieaanpgel,bijhpartij,bijhaard,naderebijhaard,indonverwdocaanw) VALUES('17195','17044','19601221',null,'19601221','20010328','17044','17887',null,null,'342','1','1','false');
INSERT INTO kern.his_persbijhouding (id,pers,dataanvgel,dateindegel,tsreg,tsverval,actieinh,actieverval,nadereaandverval,actieaanpgel,bijhpartij,bijhaard,naderebijhaard,indonverwdocaanw) VALUES('17120','17045','19911002',null,'19911002',null,'17885',null,null,null,'347','1','1','false');
INSERT INTO kern.his_persbijhouding (id,pers,dataanvgel,dateindegel,tsreg,tsverval,actieinh,actieverval,nadereaandverval,actieaanpgel,bijhpartij,bijhaard,naderebijhaard,indonverwdocaanw) VALUES('17119','17045','19611222','19911002','19911002',null,'17045',null,null,'17885','508','1','1','false');
INSERT INTO kern.his_persbijhouding (id,pers,dataanvgel,dateindegel,tsreg,tsverval,actieinh,actieverval,nadereaandverval,actieaanpgel,bijhpartij,bijhaard,naderebijhaard,indonverwdocaanw) VALUES('17196','17045','19611222',null,'19611222','19911002','17045','17885',null,null,'508','1','1','false');
INSERT INTO kern.his_persbijhouding (id,pers,dataanvgel,dateindegel,tsreg,tsverval,actieinh,actieverval,nadereaandverval,actieaanpgel,bijhpartij,bijhaard,naderebijhaard,indonverwdocaanw) VALUES('17197','17041','20110103',null,'20110103',null,'17629',null,null,null,'347','1','7','false');
INSERT INTO kern.his_persbijhouding (id,pers,dataanvgel,dateindegel,tsreg,tsverval,actieinh,actieverval,nadereaandverval,actieaanpgel,bijhpartij,bijhaard,naderebijhaard,indonverwdocaanw) VALUES('17198','17041','20090201','20110103','20110103',null,'17895',null,null,null,'347','1','1','false');
INSERT INTO kern.his_persbijhouding (id,pers,dataanvgel,dateindegel,tsreg,tsverval,actieinh,actieverval,nadereaandverval,actieaanpgel,bijhpartij,bijhaard,naderebijhaard,indonverwdocaanw) VALUES('17199','17041','20090201',null,'20090201','20110103','17895',null,null,null,'347','1','1','false');
INSERT INTO kern.his_persbijhouding (id,pers,dataanvgel,dateindegel,tsreg,tsverval,actieinh,actieverval,nadereaandverval,actieaanpgel,bijhpartij,bijhaard,naderebijhaard,indonverwdocaanw) VALUES('17200','17041','20060523','20090201','20090201',null,'17894',null,null,'17895','347','1','1','false');
INSERT INTO kern.his_persbijhouding (id,pers,dataanvgel,dateindegel,tsreg,tsverval,actieinh,actieverval,nadereaandverval,actieaanpgel,bijhpartij,bijhaard,naderebijhaard,indonverwdocaanw) VALUES('17201','17041','20060523',null,'20060523','20090201','17894','17895',null,null,'347','1','1','false');
INSERT INTO kern.his_persbijhouding (id,pers,dataanvgel,dateindegel,tsreg,tsverval,actieinh,actieverval,nadereaandverval,actieaanpgel,bijhpartij,bijhaard,naderebijhaard,indonverwdocaanw) VALUES('17202','17041','20040819','20060523','20060523',null,'17893',null,null,'17894','347','1','1','false');
INSERT INTO kern.his_persbijhouding (id,pers,dataanvgel,dateindegel,tsreg,tsverval,actieinh,actieverval,nadereaandverval,actieaanpgel,bijhpartij,bijhaard,naderebijhaard,indonverwdocaanw) VALUES('17203','17041','20040819',null,'20040819','20060523','17893','17894',null,null,'347','1','1','false');
INSERT INTO kern.his_persbijhouding (id,pers,dataanvgel,dateindegel,tsreg,tsverval,actieinh,actieverval,nadereaandverval,actieaanpgel,bijhpartij,bijhaard,naderebijhaard,indonverwdocaanw) VALUES('17204','17041','19680809','20040819','20040819',null,'17041',null,null,'17893','347','1','1','false');
INSERT INTO kern.his_persbijhouding (id,pers,dataanvgel,dateindegel,tsreg,tsverval,actieinh,actieverval,nadereaandverval,actieaanpgel,bijhpartij,bijhaard,naderebijhaard,indonverwdocaanw) VALUES('17205','17041','19680809',null,'19680809','20040819','17041','17893',null,null,'347','1','1','false');

commit;


--------------------------------------------------
--- EIND
--- Sheet: (his_persbijhouding)
--- Handler: SheetHandlerImplSimpleInsert
--- Aantal: (205)
--------------------------------------------------
--------------------------------------------------
--- START
--- Sheet: (-end-)
--- Handler: SheetHandlerImplTimestamp
--------------------------------------------------

begin;

DELETE FROM test.ARTversion;
INSERT INTO test.ARTversion (ID, FullVersion, ReleaseVersion, BuildTimestamp, ExcelTimestamp) VALUES (1, 'TestdataGenerator ${project.version}-r${svnrevision}-b${buildnumber} (${timestamp})','${project.version}','${timestamp}','07-10-2015 14:16:34');

commit;


--------------------------------------------------
--- EIND
--- Sheet: (-end-)
--- Handler: SheetHandlerImplTimestamp
--- Aantal: (1)
--------------------------------------------------
--------------------------------------------------
--- END Generated from: /media/truecrypt1/source/bmr_44/art/art-data/testdata/src/main/resources/brp-testdata/SierraTestdata-KUC091-OVERLIJDEN-Buitenland.xls
--------------------------------------------------