
--------------------------------------------------
--- START Generated from: /media/truecrypt1/source/bmr_44/art/art-data/testdata/src/main/resources/brp-testdata/SierraTestdata-RegistreerReisdocumenten.xls
--------------------------------------------------

--------------------------------------------------
--- START
--- Sheet: (pers)
--- Handler: SheetHandlerImplSimpleInsert
--------------------------------------------------

begin;

INSERT INTO kern.pers (id,srt,tslaatstewijz,datgeboorte,gemgeboorte,wplnaamgeboorte,blplaatsgeboorte,blregiogeboorte,landgebiedgeboorte,omslocgeboorte,datoverlijden,gemoverlijden,wplnaamoverlijden,blplaatsoverlijden,blregiooverlijden,landgebiedoverlijden,omslocoverlijden,naderebijhaard,datinschr,versienr,vorigebsn,volgendebsn,naamgebruik,indnaamgebruikafgeleid,predicaatnaamgebruik,voornamennaamgebruik,voorvoegselnaamgebruik,scheidingstekennaamgebruik,adellijketitelnaamgebruik,geslnaamstamnaamgebruik,gempk,indpkvollediggeconv,srtmigratie,rdnwijzmigratie,aangmigratie,landgebiedmigratie,bladresregel1migratie,bladresregel2migratie,bladresregel3migratie,bladresregel4migratie,bladresregel5migratie,bladresregel6migratie,aandverblijfsr,datmededelingverblijfsr,datvoorzeindeverblijfsr,inddeelneuverkiezingen,dataanlaanpdeelneuverkiezing,datvoorzeindeuitsleuverkiezi,predicaat,voornamen,voorvoegsel,scheidingsteken,adellijketitel,geslnaamstam,indnreeks,indafgeleid,bijhpartij,indonverwdocaanw,geslachtsaand,bsn,anr,induitslkiesr,datvoorzeindeuitslkiesr,bijhaard,indonverwbijhvoorstelnieting,dattijdstempel) VALUES('22001','1','19811002','19811002','522','Honselersdijk',null,null,'229','omschrijving geboorte locatie Cees',null,null,null,null,null,null,null,'1','19811002','1',null,null,'1','true',null,'Cees',null,null,null,'Vlag',null,null,null,null,null,null,null,null,null,null,null,null,null,null,null,'T','20001002',null,null,null,null,null,null,'Vlag','true','true','347','false','1','220010985','7602462845',null,null,'1','false','19811002');
INSERT INTO kern.pers (id,srt,tslaatstewijz,datgeboorte,gemgeboorte,wplnaamgeboorte,blplaatsgeboorte,blregiogeboorte,landgebiedgeboorte,omslocgeboorte,datoverlijden,gemoverlijden,wplnaamoverlijden,blplaatsoverlijden,blregiooverlijden,landgebiedoverlijden,omslocoverlijden,naderebijhaard,datinschr,versienr,vorigebsn,volgendebsn,naamgebruik,indnaamgebruikafgeleid,predicaatnaamgebruik,voornamennaamgebruik,voorvoegselnaamgebruik,scheidingstekennaamgebruik,adellijketitelnaamgebruik,geslnaamstamnaamgebruik,gempk,indpkvollediggeconv,srtmigratie,rdnwijzmigratie,aangmigratie,landgebiedmigratie,bladresregel1migratie,bladresregel2migratie,bladresregel3migratie,bladresregel4migratie,bladresregel5migratie,bladresregel6migratie,aandverblijfsr,datmededelingverblijfsr,datvoorzeindeverblijfsr,inddeelneuverkiezingen,dataanlaanpdeelneuverkiezing,datvoorzeindeuitsleuverkiezi,predicaat,voornamen,voorvoegsel,scheidingsteken,adellijketitel,geslnaamstam,indnreeks,indafgeleid,bijhpartij,indonverwdocaanw,geslachtsaand,bsn,anr,induitslkiesr,datvoorzeindeuitslkiesr,bijhaard,indonverwbijhvoorstelnieting,dattijdstempel) VALUES('22002','1','19820528','19820528','522','Honselersdijk',null,null,'229',null,null,null,null,null,null,null,null,'1','19820528','1',null,null,'1','true',null,'Paula','de',' ',null,'Prins',null,null,null,null,null,null,null,null,null,null,null,null,null,null,null,null,null,null,null,'Paula','de',' ',null,'Prins','false','true','347','false','2','220011643','7607560198',null,null,'1','false','19820528');
INSERT INTO kern.pers (id,srt,tslaatstewijz,datgeboorte,gemgeboorte,wplnaamgeboorte,blplaatsgeboorte,blregiogeboorte,landgebiedgeboorte,omslocgeboorte,datoverlijden,gemoverlijden,wplnaamoverlijden,blplaatsoverlijden,blregiooverlijden,landgebiedoverlijden,omslocoverlijden,naderebijhaard,datinschr,versienr,vorigebsn,volgendebsn,naamgebruik,indnaamgebruikafgeleid,predicaatnaamgebruik,voornamennaamgebruik,voorvoegselnaamgebruik,scheidingstekennaamgebruik,adellijketitelnaamgebruik,geslnaamstamnaamgebruik,gempk,indpkvollediggeconv,srtmigratie,rdnwijzmigratie,aangmigratie,landgebiedmigratie,bladresregel1migratie,bladresregel2migratie,bladresregel3migratie,bladresregel4migratie,bladresregel5migratie,bladresregel6migratie,aandverblijfsr,datmededelingverblijfsr,datvoorzeindeverblijfsr,inddeelneuverkiezingen,dataanlaanpdeelneuverkiezing,datvoorzeindeuitsleuverkiezi,predicaat,voornamen,voorvoegsel,scheidingsteken,adellijketitel,geslnaamstam,indnreeks,indafgeleid,bijhpartij,indonverwdocaanw,geslachtsaand,bsn,anr,induitslkiesr,datvoorzeindeuitslkiesr,bijhaard,indonverwbijhvoorstelnieting,dattijdstempel) VALUES('22003','1','19660302','19660302','522','Honselersdijk',null,null,'229',null,'20120605','397','Vlodrop',null,null,'229',null,'4','19660302','1',null,null,'1','true',null,'Christoffel','van der',' ',null,'Vermeer',null,null,null,null,null,null,null,null,null,null,null,null,null,null,null,'T','20010528',null,null,'Christoffel','van der',' ',null,'Vermeer','false','true','347','false','3','220011655','7608072905',null,null,'1','false','19660302');
INSERT INTO kern.pers (id,srt,tslaatstewijz,datgeboorte,gemgeboorte,wplnaamgeboorte,blplaatsgeboorte,blregiogeboorte,landgebiedgeboorte,omslocgeboorte,datoverlijden,gemoverlijden,wplnaamoverlijden,blplaatsoverlijden,blregiooverlijden,landgebiedoverlijden,omslocoverlijden,naderebijhaard,datinschr,versienr,vorigebsn,volgendebsn,naamgebruik,indnaamgebruikafgeleid,predicaatnaamgebruik,voornamennaamgebruik,voorvoegselnaamgebruik,scheidingstekennaamgebruik,adellijketitelnaamgebruik,geslnaamstamnaamgebruik,gempk,indpkvollediggeconv,srtmigratie,rdnwijzmigratie,aangmigratie,landgebiedmigratie,bladresregel1migratie,bladresregel2migratie,bladresregel3migratie,bladresregel4migratie,bladresregel5migratie,bladresregel6migratie,aandverblijfsr,datmededelingverblijfsr,datvoorzeindeverblijfsr,inddeelneuverkiezingen,dataanlaanpdeelneuverkiezing,datvoorzeindeuitsleuverkiezi,predicaat,voornamen,voorvoegsel,scheidingsteken,adellijketitel,geslnaamstam,indnreeks,indafgeleid,bijhpartij,indonverwdocaanw,geslachtsaand,bsn,anr,induitslkiesr,datvoorzeindeuitslkiesr,bijhaard,indonverwbijhvoorstelnieting,dattijdstempel) VALUES('22004','1','19691227','19691227','950','Reijmerstok',null,null,'229',null,null,null,null,null,null,null,null,'1','19691227','1',null,null,'1','true',null,'Eleonora Françoise',null,null,null,'Crooy',null,null,null,null,null,null,null,null,null,null,null,null,null,null,null,null,null,null,null,null,null,null,null,'Crooy','true','true','347','false','2','220011692','7608759430',null,null,'1','false','19691227');
INSERT INTO kern.pers (id,srt,tslaatstewijz,datgeboorte,gemgeboorte,wplnaamgeboorte,blplaatsgeboorte,blregiogeboorte,landgebiedgeboorte,omslocgeboorte,datoverlijden,gemoverlijden,wplnaamoverlijden,blplaatsoverlijden,blregiooverlijden,landgebiedoverlijden,omslocoverlijden,naderebijhaard,datinschr,versienr,vorigebsn,volgendebsn,naamgebruik,indnaamgebruikafgeleid,predicaatnaamgebruik,voornamennaamgebruik,voorvoegselnaamgebruik,scheidingstekennaamgebruik,adellijketitelnaamgebruik,geslnaamstamnaamgebruik,gempk,indpkvollediggeconv,srtmigratie,rdnwijzmigratie,aangmigratie,landgebiedmigratie,bladresregel1migratie,bladresregel2migratie,bladresregel3migratie,bladresregel4migratie,bladresregel5migratie,bladresregel6migratie,aandverblijfsr,datmededelingverblijfsr,datvoorzeindeverblijfsr,inddeelneuverkiezingen,dataanlaanpdeelneuverkiezing,datvoorzeindeuitsleuverkiezi,predicaat,voornamen,voorvoegsel,scheidingsteken,adellijketitel,geslnaamstam,indnreeks,indafgeleid,bijhpartij,indonverwdocaanw,geslachtsaand,bsn,anr,induitslkiesr,datvoorzeindeuitslkiesr,bijhaard,indonverwbijhvoorstelnieting,dattijdstempel) VALUES('22005','1','19710717','19710717','348','Reijmerstok',null,null,'229',null,null,null,null,null,null,null,null,'1','19710717','1',null,null,'1','true',null,'Albert',null,null,null,'Laar',null,null,null,null,null,null,null,null,null,null,null,null,null,null,null,null,null,null,null,'Albert',null,null,null,'Laar','false','true','347','false','1','220011734','7609153481',null,null,'1','false','19710717');
INSERT INTO kern.pers (id,srt,tslaatstewijz,datgeboorte,gemgeboorte,wplnaamgeboorte,blplaatsgeboorte,blregiogeboorte,landgebiedgeboorte,omslocgeboorte,datoverlijden,gemoverlijden,wplnaamoverlijden,blplaatsoverlijden,blregiooverlijden,landgebiedoverlijden,omslocoverlijden,naderebijhaard,datinschr,versienr,vorigebsn,volgendebsn,naamgebruik,indnaamgebruikafgeleid,predicaatnaamgebruik,voornamennaamgebruik,voorvoegselnaamgebruik,scheidingstekennaamgebruik,adellijketitelnaamgebruik,geslnaamstamnaamgebruik,gempk,indpkvollediggeconv,srtmigratie,rdnwijzmigratie,aangmigratie,landgebiedmigratie,bladresregel1migratie,bladresregel2migratie,bladresregel3migratie,bladresregel4migratie,bladresregel5migratie,bladresregel6migratie,aandverblijfsr,datmededelingverblijfsr,datvoorzeindeverblijfsr,inddeelneuverkiezingen,dataanlaanpdeelneuverkiezing,datvoorzeindeuitsleuverkiezi,predicaat,voornamen,voorvoegsel,scheidingsteken,adellijketitel,geslnaamstam,indnreeks,indafgeleid,bijhpartij,indonverwdocaanw,geslachtsaand,bsn,anr,induitslkiesr,datvoorzeindeuitslkiesr,bijhaard,indonverwbijhvoorstelnieting,dattijdstempel) VALUES('22006','1','19720928','19720928','522','Honselersdijk',null,null,'229',null,null,null,null,null,null,null,null,'1','19720928','1',null,null,'1','true',null,'Anne-Marie','de',' ',null,'Snijder',null,null,null,null,null,null,null,null,null,null,null,null,null,null,null,null,null,null,null,'Anne-Marie','de',' ',null,'Snijder','false','true','347','false','2','220011977','7618019123',null,null,'1','false','19720928');
INSERT INTO kern.pers (id,srt,tslaatstewijz,datgeboorte,gemgeboorte,wplnaamgeboorte,blplaatsgeboorte,blregiogeboorte,landgebiedgeboorte,omslocgeboorte,datoverlijden,gemoverlijden,wplnaamoverlijden,blplaatsoverlijden,blregiooverlijden,landgebiedoverlijden,omslocoverlijden,naderebijhaard,datinschr,versienr,vorigebsn,volgendebsn,naamgebruik,indnaamgebruikafgeleid,predicaatnaamgebruik,voornamennaamgebruik,voorvoegselnaamgebruik,scheidingstekennaamgebruik,adellijketitelnaamgebruik,geslnaamstamnaamgebruik,gempk,indpkvollediggeconv,srtmigratie,rdnwijzmigratie,aangmigratie,landgebiedmigratie,bladresregel1migratie,bladresregel2migratie,bladresregel3migratie,bladresregel4migratie,bladresregel5migratie,bladresregel6migratie,aandverblijfsr,datmededelingverblijfsr,datvoorzeindeverblijfsr,inddeelneuverkiezingen,dataanlaanpdeelneuverkiezing,datvoorzeindeuitsleuverkiezi,predicaat,voornamen,voorvoegsel,scheidingsteken,adellijketitel,geslnaamstam,indnreeks,indafgeleid,bijhpartij,indonverwdocaanw,geslachtsaand,bsn,anr,induitslkiesr,datvoorzeindeuitslkiesr,bijhaard,indonverwbijhvoorstelnieting,dattijdstempel) VALUES('22007','1','19800614','19800616','603','Reijmerstok',null,null,'229',null,null,null,null,null,null,null,null,'1','19800616','1',null,null,'1','true',null,'Henk',null,null,null,'Vermeulen',null,null,null,null,null,null,null,null,null,null,null,null,null,null,null,null,null,null,null,'Henk',null,null,null,'Vermeulen','false','true','347','false','1','220012209','7619184620',null,null,'1','false','19800616');
INSERT INTO kern.pers (id,srt,tslaatstewijz,datgeboorte,gemgeboorte,wplnaamgeboorte,blplaatsgeboorte,blregiogeboorte,landgebiedgeboorte,omslocgeboorte,datoverlijden,gemoverlijden,wplnaamoverlijden,blplaatsoverlijden,blregiooverlijden,landgebiedoverlijden,omslocoverlijden,naderebijhaard,datinschr,versienr,vorigebsn,volgendebsn,naamgebruik,indnaamgebruikafgeleid,predicaatnaamgebruik,voornamennaamgebruik,voorvoegselnaamgebruik,scheidingstekennaamgebruik,adellijketitelnaamgebruik,geslnaamstamnaamgebruik,gempk,indpkvollediggeconv,srtmigratie,rdnwijzmigratie,aangmigratie,landgebiedmigratie,bladresregel1migratie,bladresregel2migratie,bladresregel3migratie,bladresregel4migratie,bladresregel5migratie,bladresregel6migratie,aandverblijfsr,datmededelingverblijfsr,datvoorzeindeverblijfsr,inddeelneuverkiezingen,dataanlaanpdeelneuverkiezing,datvoorzeindeuitsleuverkiezi,predicaat,voornamen,voorvoegsel,scheidingsteken,adellijketitel,geslnaamstam,indnreeks,indafgeleid,bijhpartij,indonverwdocaanw,geslachtsaand,bsn,anr,induitslkiesr,datvoorzeindeuitslkiesr,bijhaard,indonverwbijhvoorstelnieting,dattijdstempel) VALUES('22008','1','19810418','19810418','974','Reijmerstok',null,null,'229',null,null,null,null,null,null,null,null,'1','19810418','1',null,null,'1','true',null,'Anna Maria Petra',null,null,null,'Jansma',null,null,null,null,null,null,null,null,null,null,null,null,null,null,null,null,null,null,null,'Anna Maria Petra',null,null,null,'Jansma','false','true','347','false','2','220012374','7619195060',null,null,'1','false','19810418');
INSERT INTO kern.pers (id,srt,tslaatstewijz,datgeboorte,gemgeboorte,wplnaamgeboorte,blplaatsgeboorte,blregiogeboorte,landgebiedgeboorte,omslocgeboorte,datoverlijden,gemoverlijden,wplnaamoverlijden,blplaatsoverlijden,blregiooverlijden,landgebiedoverlijden,omslocoverlijden,naderebijhaard,datinschr,versienr,vorigebsn,volgendebsn,naamgebruik,indnaamgebruikafgeleid,predicaatnaamgebruik,voornamennaamgebruik,voorvoegselnaamgebruik,scheidingstekennaamgebruik,adellijketitelnaamgebruik,geslnaamstamnaamgebruik,gempk,indpkvollediggeconv,srtmigratie,rdnwijzmigratie,aangmigratie,landgebiedmigratie,bladresregel1migratie,bladresregel2migratie,bladresregel3migratie,bladresregel4migratie,bladresregel5migratie,bladresregel6migratie,aandverblijfsr,datmededelingverblijfsr,datvoorzeindeverblijfsr,inddeelneuverkiezingen,dataanlaanpdeelneuverkiezing,datvoorzeindeuitsleuverkiezi,predicaat,voornamen,voorvoegsel,scheidingsteken,adellijketitel,geslnaamstam,indnreeks,indafgeleid,bijhpartij,indonverwdocaanw,geslachtsaand,bsn,anr,induitslkiesr,datvoorzeindeuitslkiesr,bijhaard,indonverwbijhvoorstelnieting,dattijdstempel) VALUES('22009','1','20110516','20110516','348','Reijmerstok',null,null,'229',null,null,null,null,null,null,null,null,'1','20110516','1',null,null,'1','true',null,'Miranda',null,null,null,'Jansma',null,null,null,null,null,null,null,null,null,null,null,null,null,null,null,null,null,null,null,'Miranda','de',' ',null,'Snijder','false','true','347','false','2','220012465','7619565073',null,null,'1','false','20110516');
INSERT INTO kern.pers (id,srt,tslaatstewijz,datgeboorte,gemgeboorte,wplnaamgeboorte,blplaatsgeboorte,blregiogeboorte,landgebiedgeboorte,omslocgeboorte,datoverlijden,gemoverlijden,wplnaamoverlijden,blplaatsoverlijden,blregiooverlijden,landgebiedoverlijden,omslocoverlijden,naderebijhaard,datinschr,versienr,vorigebsn,volgendebsn,naamgebruik,indnaamgebruikafgeleid,predicaatnaamgebruik,voornamennaamgebruik,voorvoegselnaamgebruik,scheidingstekennaamgebruik,adellijketitelnaamgebruik,geslnaamstamnaamgebruik,gempk,indpkvollediggeconv,srtmigratie,rdnwijzmigratie,aangmigratie,landgebiedmigratie,bladresregel1migratie,bladresregel2migratie,bladresregel3migratie,bladresregel4migratie,bladresregel5migratie,bladresregel6migratie,aandverblijfsr,datmededelingverblijfsr,datvoorzeindeverblijfsr,inddeelneuverkiezingen,dataanlaanpdeelneuverkiezing,datvoorzeindeuitsleuverkiezi,predicaat,voornamen,voorvoegsel,scheidingsteken,adellijketitel,geslnaamstam,indnreeks,indafgeleid,bijhpartij,indonverwdocaanw,geslachtsaand,bsn,anr,induitslkiesr,datvoorzeindeuitslkiesr,bijhaard,indonverwbijhvoorstelnieting,dattijdstempel) VALUES('22010','1','19691231','19691231','776','Reijmerstok',null,null,'229',null,'20120208','397','Vlodrop',null,null,'229',null,'1','19691231','1',null,null,'1','true',null,'John','de',' ',null,'Bloëmsma',null,null,null,null,null,null,null,null,null,null,null,null,null,null,null,null,null,null,null,'John','de',' ',null,'Bloëmsma','false','true','347','false','1','220012489','7619589280',null,null,'1','false','19691231');
INSERT INTO kern.pers (id,srt,tslaatstewijz,datgeboorte,gemgeboorte,wplnaamgeboorte,blplaatsgeboorte,blregiogeboorte,landgebiedgeboorte,omslocgeboorte,datoverlijden,gemoverlijden,wplnaamoverlijden,blplaatsoverlijden,blregiooverlijden,landgebiedoverlijden,omslocoverlijden,naderebijhaard,datinschr,versienr,vorigebsn,volgendebsn,naamgebruik,indnaamgebruikafgeleid,predicaatnaamgebruik,voornamennaamgebruik,voorvoegselnaamgebruik,scheidingstekennaamgebruik,adellijketitelnaamgebruik,geslnaamstamnaamgebruik,gempk,indpkvollediggeconv,srtmigratie,rdnwijzmigratie,aangmigratie,landgebiedmigratie,bladresregel1migratie,bladresregel2migratie,bladresregel3migratie,bladresregel4migratie,bladresregel5migratie,bladresregel6migratie,aandverblijfsr,datmededelingverblijfsr,datvoorzeindeverblijfsr,inddeelneuverkiezingen,dataanlaanpdeelneuverkiezing,datvoorzeindeuitsleuverkiezi,predicaat,voornamen,voorvoegsel,scheidingsteken,adellijketitel,geslnaamstam,indnreeks,indafgeleid,bijhpartij,indonverwdocaanw,geslachtsaand,bsn,anr,induitslkiesr,datvoorzeindeuitslkiesr,bijhaard,indonverwbijhvoorstelnieting,dattijdstempel) VALUES('22011','1','19690516','19690516','397','Reijmerstok',null,null,'229',null,null,null,null,null,null,null,null,'1','19690516','1',null,null,'1','true',null,'Dorothea','de',' ',null,'Snijder',null,null,null,null,null,null,null,null,null,null,null,null,null,null,null,null,null,null,null,'Dorothea','de',' ',null,'Snijder','false','true','347','false','2','220012520','7620132516',null,null,'1','false','19690516');
INSERT INTO kern.pers (id,srt,tslaatstewijz,datgeboorte,gemgeboorte,wplnaamgeboorte,blplaatsgeboorte,blregiogeboorte,landgebiedgeboorte,omslocgeboorte,datoverlijden,gemoverlijden,wplnaamoverlijden,blplaatsoverlijden,blregiooverlijden,landgebiedoverlijden,omslocoverlijden,naderebijhaard,datinschr,versienr,vorigebsn,volgendebsn,naamgebruik,indnaamgebruikafgeleid,predicaatnaamgebruik,voornamennaamgebruik,voorvoegselnaamgebruik,scheidingstekennaamgebruik,adellijketitelnaamgebruik,geslnaamstamnaamgebruik,gempk,indpkvollediggeconv,srtmigratie,rdnwijzmigratie,aangmigratie,landgebiedmigratie,bladresregel1migratie,bladresregel2migratie,bladresregel3migratie,bladresregel4migratie,bladresregel5migratie,bladresregel6migratie,aandverblijfsr,datmededelingverblijfsr,datvoorzeindeverblijfsr,inddeelneuverkiezingen,dataanlaanpdeelneuverkiezing,datvoorzeindeuitsleuverkiezi,predicaat,voornamen,voorvoegsel,scheidingsteken,adellijketitel,geslnaamstam,indnreeks,indafgeleid,bijhpartij,indonverwdocaanw,geslachtsaand,bsn,anr,induitslkiesr,datvoorzeindeuitslkiesr,bijhaard,indonverwbijhvoorstelnieting,dattijdstempel) VALUES('22012','1','19771210','19771210','397','Reijmerstok',null,null,'229',null,null,null,null,null,null,null,null,'1','19771210','1',null,null,'1','true',null,'Bas',null,null,null,'Cuykelaer',null,null,null,null,null,null,null,null,null,null,null,null,null,null,null,null,null,null,null,'Bas',null,null,null,'Cuykelaer','false','true','347','false','1','220012611','7623631984',null,null,'1','false','19771210');
INSERT INTO kern.pers (id,srt,tslaatstewijz,datgeboorte,gemgeboorte,wplnaamgeboorte,blplaatsgeboorte,blregiogeboorte,landgebiedgeboorte,omslocgeboorte,datoverlijden,gemoverlijden,wplnaamoverlijden,blplaatsoverlijden,blregiooverlijden,landgebiedoverlijden,omslocoverlijden,naderebijhaard,datinschr,versienr,vorigebsn,volgendebsn,naamgebruik,indnaamgebruikafgeleid,predicaatnaamgebruik,voornamennaamgebruik,voorvoegselnaamgebruik,scheidingstekennaamgebruik,adellijketitelnaamgebruik,geslnaamstamnaamgebruik,gempk,indpkvollediggeconv,srtmigratie,rdnwijzmigratie,aangmigratie,landgebiedmigratie,bladresregel1migratie,bladresregel2migratie,bladresregel3migratie,bladresregel4migratie,bladresregel5migratie,bladresregel6migratie,aandverblijfsr,datmededelingverblijfsr,datvoorzeindeverblijfsr,inddeelneuverkiezingen,dataanlaanpdeelneuverkiezing,datvoorzeindeuitsleuverkiezi,predicaat,voornamen,voorvoegsel,scheidingsteken,adellijketitel,geslnaamstam,indnreeks,indafgeleid,bijhpartij,indonverwdocaanw,geslachtsaand,bsn,anr,induitslkiesr,datvoorzeindeuitslkiesr,bijhaard,indonverwbijhvoorstelnieting,dattijdstempel) VALUES('22013','1','19550602','19550602','396','Reijmerstok',null,null,'229',null,null,null,null,null,null,null,null,'1','19550602','1',null,null,'1','true',null,'Hendrika Isabella Gerarda Johanna','van',' ',null,'Roos',null,null,null,null,null,null,null,null,null,null,null,null,null,null,null,null,null,null,null,'Hendrika Isabella Gerarda Johanna','van',' ',null,'Roos','false','true','347','false','2','220012921','7624361072',null,null,'1','false','19550602');
INSERT INTO kern.pers (id,srt,tslaatstewijz,datgeboorte,gemgeboorte,wplnaamgeboorte,blplaatsgeboorte,blregiogeboorte,landgebiedgeboorte,omslocgeboorte,datoverlijden,gemoverlijden,wplnaamoverlijden,blplaatsoverlijden,blregiooverlijden,landgebiedoverlijden,omslocoverlijden,naderebijhaard,datinschr,versienr,vorigebsn,volgendebsn,naamgebruik,indnaamgebruikafgeleid,predicaatnaamgebruik,voornamennaamgebruik,voorvoegselnaamgebruik,scheidingstekennaamgebruik,adellijketitelnaamgebruik,geslnaamstamnaamgebruik,gempk,indpkvollediggeconv,srtmigratie,rdnwijzmigratie,aangmigratie,landgebiedmigratie,bladresregel1migratie,bladresregel2migratie,bladresregel3migratie,bladresregel4migratie,bladresregel5migratie,bladresregel6migratie,aandverblijfsr,datmededelingverblijfsr,datvoorzeindeverblijfsr,inddeelneuverkiezingen,dataanlaanpdeelneuverkiezing,datvoorzeindeuitsleuverkiezi,predicaat,voornamen,voorvoegsel,scheidingsteken,adellijketitel,geslnaamstam,indnreeks,indafgeleid,bijhpartij,indonverwdocaanw,geslachtsaand,bsn,anr,induitslkiesr,datvoorzeindeuitslkiesr,bijhaard,indonverwbijhvoorstelnieting,dattijdstempel) VALUES('22014','1','19780611','19780611','251','Reijmerstok',null,null,'229',null,'20111111','397','Vlodrop',null,null,'229',null,'4','19780611','1',null,null,'1','true',null,'Jan','de',' ',null,'Snijder',null,null,null,null,null,null,null,null,null,null,null,null,null,null,null,null,null,null,null,'Jan','de',' ',null,'Snijder','false','true','347','false','1','220013597','7626484936',null,null,'1','false','19780611');
INSERT INTO kern.pers (id,srt,tslaatstewijz,datgeboorte,gemgeboorte,wplnaamgeboorte,blplaatsgeboorte,blregiogeboorte,landgebiedgeboorte,omslocgeboorte,datoverlijden,gemoverlijden,wplnaamoverlijden,blplaatsoverlijden,blregiooverlijden,landgebiedoverlijden,omslocoverlijden,naderebijhaard,datinschr,versienr,vorigebsn,volgendebsn,naamgebruik,indnaamgebruikafgeleid,predicaatnaamgebruik,voornamennaamgebruik,voorvoegselnaamgebruik,scheidingstekennaamgebruik,adellijketitelnaamgebruik,geslnaamstamnaamgebruik,gempk,indpkvollediggeconv,srtmigratie,rdnwijzmigratie,aangmigratie,landgebiedmigratie,bladresregel1migratie,bladresregel2migratie,bladresregel3migratie,bladresregel4migratie,bladresregel5migratie,bladresregel6migratie,aandverblijfsr,datmededelingverblijfsr,datvoorzeindeverblijfsr,inddeelneuverkiezingen,dataanlaanpdeelneuverkiezing,datvoorzeindeuitsleuverkiezi,predicaat,voornamen,voorvoegsel,scheidingsteken,adellijketitel,geslnaamstam,indnreeks,indafgeleid,bijhpartij,indonverwdocaanw,geslachtsaand,bsn,anr,induitslkiesr,datvoorzeindeuitslkiesr,bijhaard,indonverwbijhvoorstelnieting,dattijdstempel) VALUES('22015','1','19880425','19880425','522','Honselersdijk',null,null,'229',null,null,null,null,null,null,null,null,'1','19880425','1',null,null,'1','true',null,'Petronella',null,null,null,'Brest naar Kempen',null,null,null,null,null,null,null,null,null,null,null,null,null,null,null,null,null,null,null,'Petronella',null,null,null,'Brest naar Kempen','false','true','347','false','2','220013627','7629205340',null,null,'1','false','19880425');
INSERT INTO kern.pers (id,srt,tslaatstewijz,datgeboorte,gemgeboorte,wplnaamgeboorte,blplaatsgeboorte,blregiogeboorte,landgebiedgeboorte,omslocgeboorte,datoverlijden,gemoverlijden,wplnaamoverlijden,blplaatsoverlijden,blregiooverlijden,landgebiedoverlijden,omslocoverlijden,naderebijhaard,datinschr,versienr,vorigebsn,volgendebsn,naamgebruik,indnaamgebruikafgeleid,predicaatnaamgebruik,voornamennaamgebruik,voorvoegselnaamgebruik,scheidingstekennaamgebruik,adellijketitelnaamgebruik,geslnaamstamnaamgebruik,gempk,indpkvollediggeconv,srtmigratie,rdnwijzmigratie,aangmigratie,landgebiedmigratie,bladresregel1migratie,bladresregel2migratie,bladresregel3migratie,bladresregel4migratie,bladresregel5migratie,bladresregel6migratie,aandverblijfsr,datmededelingverblijfsr,datvoorzeindeverblijfsr,inddeelneuverkiezingen,dataanlaanpdeelneuverkiezing,datvoorzeindeuitsleuverkiezi,predicaat,voornamen,voorvoegsel,scheidingsteken,adellijketitel,geslnaamstam,indnreeks,indafgeleid,bijhpartij,indonverwdocaanw,geslachtsaand,bsn,anr,induitslkiesr,datvoorzeindeuitslkiesr,bijhaard,indonverwbijhvoorstelnieting,dattijdstempel) VALUES('22016','1','19881210','19881210','1267','Reijmerstok',null,null,'229',null,null,null,null,null,null,null,null,'1','19881210','1',null,null,'1','true',null,'Maria Christina',null,null,null,'Ophuijsen',null,null,null,null,null,null,null,null,null,null,null,null,null,null,null,null,null,null,null,'Maria Christina',null,null,null,'Ophuijsen','false','true','347','false','2','220013676','7629287152',null,null,'1','false','19881210');
INSERT INTO kern.pers (id,srt,tslaatstewijz,datgeboorte,gemgeboorte,wplnaamgeboorte,blplaatsgeboorte,blregiogeboorte,landgebiedgeboorte,omslocgeboorte,datoverlijden,gemoverlijden,wplnaamoverlijden,blplaatsoverlijden,blregiooverlijden,landgebiedoverlijden,omslocoverlijden,naderebijhaard,datinschr,versienr,vorigebsn,volgendebsn,naamgebruik,indnaamgebruikafgeleid,predicaatnaamgebruik,voornamennaamgebruik,voorvoegselnaamgebruik,scheidingstekennaamgebruik,adellijketitelnaamgebruik,geslnaamstamnaamgebruik,gempk,indpkvollediggeconv,srtmigratie,rdnwijzmigratie,aangmigratie,landgebiedmigratie,bladresregel1migratie,bladresregel2migratie,bladresregel3migratie,bladresregel4migratie,bladresregel5migratie,bladresregel6migratie,aandverblijfsr,datmededelingverblijfsr,datvoorzeindeverblijfsr,inddeelneuverkiezingen,dataanlaanpdeelneuverkiezing,datvoorzeindeuitsleuverkiezi,predicaat,voornamen,voorvoegsel,scheidingsteken,adellijketitel,geslnaamstam,indnreeks,indafgeleid,bijhpartij,indonverwdocaanw,geslachtsaand,bsn,anr,induitslkiesr,datvoorzeindeuitslkiesr,bijhaard,indonverwbijhvoorstelnieting,dattijdstempel) VALUES('22017','1','19960523','19960523','91','Wolsum',null,null,'229',null,null,null,null,null,null,null,null,'1','19960523','1',null,null,'1','true',null,'Pieter',null,null,null,'Addams',null,null,null,null,null,null,null,null,null,null,null,null,null,null,null,null,null,null,null,'Pieter',null,null,null,'Addams','false','true','347','false','1','220013792','7630124514',null,null,'1','false','19960523');
INSERT INTO kern.pers (id,srt,tslaatstewijz,datgeboorte,gemgeboorte,wplnaamgeboorte,blplaatsgeboorte,blregiogeboorte,landgebiedgeboorte,omslocgeboorte,datoverlijden,gemoverlijden,wplnaamoverlijden,blplaatsoverlijden,blregiooverlijden,landgebiedoverlijden,omslocoverlijden,naderebijhaard,datinschr,versienr,vorigebsn,volgendebsn,naamgebruik,indnaamgebruikafgeleid,predicaatnaamgebruik,voornamennaamgebruik,voorvoegselnaamgebruik,scheidingstekennaamgebruik,adellijketitelnaamgebruik,geslnaamstamnaamgebruik,gempk,indpkvollediggeconv,srtmigratie,rdnwijzmigratie,aangmigratie,landgebiedmigratie,bladresregel1migratie,bladresregel2migratie,bladresregel3migratie,bladresregel4migratie,bladresregel5migratie,bladresregel6migratie,aandverblijfsr,datmededelingverblijfsr,datvoorzeindeverblijfsr,inddeelneuverkiezingen,dataanlaanpdeelneuverkiezing,datvoorzeindeuitsleuverkiezi,predicaat,voornamen,voorvoegsel,scheidingsteken,adellijketitel,geslnaamstam,indnreeks,indafgeleid,bijhpartij,indonverwdocaanw,geslachtsaand,bsn,anr,induitslkiesr,datvoorzeindeuitslkiesr,bijhaard,indonverwbijhvoorstelnieting,dattijdstempel) VALUES('22018','1','19941005','19941005','780','Etten-Leur',null,null,'229',null,null,null,null,null,null,null,null,'1','19941005','1',null,null,'1','true',null,'Petronellaatje',null,null,null,'Verhoeven',null,null,null,null,null,null,null,null,null,null,null,null,null,null,null,null,null,null,null,'Petronellaatje',null,null,null,'Verhoeven','false','true','347','false','2','220014528','7632469891',null,null,'1','false','19941005');
INSERT INTO kern.pers (id,srt,tslaatstewijz,datgeboorte,gemgeboorte,wplnaamgeboorte,blplaatsgeboorte,blregiogeboorte,landgebiedgeboorte,omslocgeboorte,datoverlijden,gemoverlijden,wplnaamoverlijden,blplaatsoverlijden,blregiooverlijden,landgebiedoverlijden,omslocoverlijden,naderebijhaard,datinschr,versienr,vorigebsn,volgendebsn,naamgebruik,indnaamgebruikafgeleid,predicaatnaamgebruik,voornamennaamgebruik,voorvoegselnaamgebruik,scheidingstekennaamgebruik,adellijketitelnaamgebruik,geslnaamstamnaamgebruik,gempk,indpkvollediggeconv,srtmigratie,rdnwijzmigratie,aangmigratie,landgebiedmigratie,bladresregel1migratie,bladresregel2migratie,bladresregel3migratie,bladresregel4migratie,bladresregel5migratie,bladresregel6migratie,aandverblijfsr,datmededelingverblijfsr,datvoorzeindeverblijfsr,inddeelneuverkiezingen,dataanlaanpdeelneuverkiezing,datvoorzeindeuitsleuverkiezi,predicaat,voornamen,voorvoegsel,scheidingsteken,adellijketitel,geslnaamstam,indnreeks,indafgeleid,bijhpartij,indonverwdocaanw,geslachtsaand,bsn,anr,induitslkiesr,datvoorzeindeuitslkiesr,bijhaard,indonverwbijhvoorstelnieting,dattijdstempel) VALUES('22019','1','19941005','19941005','615','Witteveen',null,null,'229',null,null,null,null,null,null,null,null,'1','19941005','1',null,null,'1','true',null,'Sanne','de',' ',null,'Slot',null,null,null,null,null,null,null,null,null,null,null,null,null,null,null,null,null,null,null,'Sanne','de',' ',null,'Slot','false','true','347','false','2','220014802','7632872171',null,null,'1','false','19941005');
INSERT INTO kern.pers (id,srt,tslaatstewijz,datgeboorte,gemgeboorte,wplnaamgeboorte,blplaatsgeboorte,blregiogeboorte,landgebiedgeboorte,omslocgeboorte,datoverlijden,gemoverlijden,wplnaamoverlijden,blplaatsoverlijden,blregiooverlijden,landgebiedoverlijden,omslocoverlijden,naderebijhaard,datinschr,versienr,vorigebsn,volgendebsn,naamgebruik,indnaamgebruikafgeleid,predicaatnaamgebruik,voornamennaamgebruik,voorvoegselnaamgebruik,scheidingstekennaamgebruik,adellijketitelnaamgebruik,geslnaamstamnaamgebruik,gempk,indpkvollediggeconv,srtmigratie,rdnwijzmigratie,aangmigratie,landgebiedmigratie,bladresregel1migratie,bladresregel2migratie,bladresregel3migratie,bladresregel4migratie,bladresregel5migratie,bladresregel6migratie,aandverblijfsr,datmededelingverblijfsr,datvoorzeindeverblijfsr,inddeelneuverkiezingen,dataanlaanpdeelneuverkiezing,datvoorzeindeuitsleuverkiezi,predicaat,voornamen,voorvoegsel,scheidingsteken,adellijketitel,geslnaamstam,indnreeks,indafgeleid,bijhpartij,indonverwdocaanw,geslachtsaand,bsn,anr,induitslkiesr,datvoorzeindeuitslkiesr,bijhaard,indonverwbijhvoorstelnieting,dattijdstempel) VALUES('22020','1','19760103','19760103','625','Vlaardingen',null,null,'229',null,null,null,null,null,null,null,null,'1','19760103','1',null,null,'1','true',null,'Hanna','van',' ',null,'Guirten',null,null,null,null,null,null,null,null,null,null,null,null,null,null,null,null,null,null,null,'Hanna','van',' ',null,'Guirten','false','true','347','false','2','220014863','7635087829',null,null,'1','false','19760103');
INSERT INTO kern.pers (id,srt,tslaatstewijz,datgeboorte,gemgeboorte,wplnaamgeboorte,blplaatsgeboorte,blregiogeboorte,landgebiedgeboorte,omslocgeboorte,datoverlijden,gemoverlijden,wplnaamoverlijden,blplaatsoverlijden,blregiooverlijden,landgebiedoverlijden,omslocoverlijden,naderebijhaard,datinschr,versienr,vorigebsn,volgendebsn,naamgebruik,indnaamgebruikafgeleid,predicaatnaamgebruik,voornamennaamgebruik,voorvoegselnaamgebruik,scheidingstekennaamgebruik,adellijketitelnaamgebruik,geslnaamstamnaamgebruik,gempk,indpkvollediggeconv,srtmigratie,rdnwijzmigratie,aangmigratie,landgebiedmigratie,bladresregel1migratie,bladresregel2migratie,bladresregel3migratie,bladresregel4migratie,bladresregel5migratie,bladresregel6migratie,aandverblijfsr,datmededelingverblijfsr,datvoorzeindeverblijfsr,inddeelneuverkiezingen,dataanlaanpdeelneuverkiezing,datvoorzeindeuitsleuverkiezi,predicaat,voornamen,voorvoegsel,scheidingsteken,adellijketitel,geslnaamstam,indnreeks,indafgeleid,bijhpartij,indonverwdocaanw,geslachtsaand,bsn,anr,induitslkiesr,datvoorzeindeuitslkiesr,bijhaard,indonverwbijhvoorstelnieting,dattijdstempel) VALUES('22021','1','19961003','19961003','345','Soest',null,null,'229',null,null,null,null,null,null,null,null,'1','19961003','1',null,null,'1','true',null,'Sander','ter',' ',null,'Stassen',null,null,null,null,null,null,null,null,null,null,null,null,null,null,null,null,null,null,null,'Sander','ter',' ',null,'Stassen','false','true','347','false','1','220015144','7635820891',null,null,'1','false','19961003');
INSERT INTO kern.pers (id,srt,tslaatstewijz,datgeboorte,gemgeboorte,wplnaamgeboorte,blplaatsgeboorte,blregiogeboorte,landgebiedgeboorte,omslocgeboorte,datoverlijden,gemoverlijden,wplnaamoverlijden,blplaatsoverlijden,blregiooverlijden,landgebiedoverlijden,omslocoverlijden,naderebijhaard,datinschr,versienr,vorigebsn,volgendebsn,naamgebruik,indnaamgebruikafgeleid,predicaatnaamgebruik,voornamennaamgebruik,voorvoegselnaamgebruik,scheidingstekennaamgebruik,adellijketitelnaamgebruik,geslnaamstamnaamgebruik,gempk,indpkvollediggeconv,srtmigratie,rdnwijzmigratie,aangmigratie,landgebiedmigratie,bladresregel1migratie,bladresregel2migratie,bladresregel3migratie,bladresregel4migratie,bladresregel5migratie,bladresregel6migratie,aandverblijfsr,datmededelingverblijfsr,datvoorzeindeverblijfsr,inddeelneuverkiezingen,dataanlaanpdeelneuverkiezing,datvoorzeindeuitsleuverkiezi,predicaat,voornamen,voorvoegsel,scheidingsteken,adellijketitel,geslnaamstam,indnreeks,indafgeleid,bijhpartij,indonverwdocaanw,geslachtsaand,bsn,anr,induitslkiesr,datvoorzeindeuitslkiesr,bijhaard,indonverwbijhvoorstelnieting,dattijdstempel) VALUES('22022','1','19951003','19951003','625','Vlaardingen',null,null,'229',null,null,null,null,null,null,null,null,'1','19951003','1',null,null,'1','true',null,'Ellen','van',' ',null,'Zon',null,null,null,null,null,null,null,null,null,null,null,null,null,null,null,null,null,null,null,'Ellen','van',' ',null,'Zon','false','true','347','false','2','220015259','7636138040',null,null,'1','false','19951003');
INSERT INTO kern.pers (id,srt,tslaatstewijz,datgeboorte,gemgeboorte,wplnaamgeboorte,blplaatsgeboorte,blregiogeboorte,landgebiedgeboorte,omslocgeboorte,datoverlijden,gemoverlijden,wplnaamoverlijden,blplaatsoverlijden,blregiooverlijden,landgebiedoverlijden,omslocoverlijden,naderebijhaard,datinschr,versienr,vorigebsn,volgendebsn,naamgebruik,indnaamgebruikafgeleid,predicaatnaamgebruik,voornamennaamgebruik,voorvoegselnaamgebruik,scheidingstekennaamgebruik,adellijketitelnaamgebruik,geslnaamstamnaamgebruik,gempk,indpkvollediggeconv,srtmigratie,rdnwijzmigratie,aangmigratie,landgebiedmigratie,bladresregel1migratie,bladresregel2migratie,bladresregel3migratie,bladresregel4migratie,bladresregel5migratie,bladresregel6migratie,aandverblijfsr,datmededelingverblijfsr,datvoorzeindeverblijfsr,inddeelneuverkiezingen,dataanlaanpdeelneuverkiezing,datvoorzeindeuitsleuverkiezi,predicaat,voornamen,voorvoegsel,scheidingsteken,adellijketitel,geslnaamstam,indnreeks,indafgeleid,bijhpartij,indonverwdocaanw,geslachtsaand,bsn,anr,induitslkiesr,datvoorzeindeuitslkiesr,bijhaard,indonverwbijhvoorstelnieting,dattijdstempel) VALUES('22023','1','19941003','19941003','365','Hellendoorn',null,null,'229',null,null,null,null,null,null,null,null,'1','19941003','1',null,null,'1','true',null,'Christian','van',' ',null,'Verhaar',null,null,null,null,null,null,null,null,null,null,null,null,null,null,null,null,null,null,null,'Christian','van',' ',null,'Verhaar','false','true','347','false','1','220015624','7637640326',null,null,'1','false','19941003');
INSERT INTO kern.pers (id,srt,tslaatstewijz,datgeboorte,gemgeboorte,wplnaamgeboorte,blplaatsgeboorte,blregiogeboorte,landgebiedgeboorte,omslocgeboorte,datoverlijden,gemoverlijden,wplnaamoverlijden,blplaatsoverlijden,blregiooverlijden,landgebiedoverlijden,omslocoverlijden,naderebijhaard,datinschr,versienr,vorigebsn,volgendebsn,naamgebruik,indnaamgebruikafgeleid,predicaatnaamgebruik,voornamennaamgebruik,voorvoegselnaamgebruik,scheidingstekennaamgebruik,adellijketitelnaamgebruik,geslnaamstamnaamgebruik,gempk,indpkvollediggeconv,srtmigratie,rdnwijzmigratie,aangmigratie,landgebiedmigratie,bladresregel1migratie,bladresregel2migratie,bladresregel3migratie,bladresregel4migratie,bladresregel5migratie,bladresregel6migratie,aandverblijfsr,datmededelingverblijfsr,datvoorzeindeverblijfsr,inddeelneuverkiezingen,dataanlaanpdeelneuverkiezing,datvoorzeindeuitsleuverkiezi,predicaat,voornamen,voorvoegsel,scheidingsteken,adellijketitel,geslnaamstam,indnreeks,indafgeleid,bijhpartij,indonverwdocaanw,geslachtsaand,bsn,anr,induitslkiesr,datvoorzeindeuitslkiesr,bijhaard,indonverwbijhvoorstelnieting,dattijdstempel) VALUES('22024','1','19770401','19770401','365','Hellendoorn',null,null,'229',null,null,null,null,null,null,null,null,'1','19770401','1',null,null,'1','true',null,'Anja','de',' ',null,'Klaassen',null,null,null,null,null,null,null,null,null,null,null,null,null,null,null,null,null,null,null,'Anja','de',' ',null,'Klaassen','false','true','347','false','2','220015958','7638263848',null,null,'1','false','19770401');
INSERT INTO kern.pers (id,srt,tslaatstewijz,datgeboorte,gemgeboorte,wplnaamgeboorte,blplaatsgeboorte,blregiogeboorte,landgebiedgeboorte,omslocgeboorte,datoverlijden,gemoverlijden,wplnaamoverlijden,blplaatsoverlijden,blregiooverlijden,landgebiedoverlijden,omslocoverlijden,naderebijhaard,datinschr,versienr,vorigebsn,volgendebsn,naamgebruik,indnaamgebruikafgeleid,predicaatnaamgebruik,voornamennaamgebruik,voorvoegselnaamgebruik,scheidingstekennaamgebruik,adellijketitelnaamgebruik,geslnaamstamnaamgebruik,gempk,indpkvollediggeconv,srtmigratie,rdnwijzmigratie,aangmigratie,landgebiedmigratie,bladresregel1migratie,bladresregel2migratie,bladresregel3migratie,bladresregel4migratie,bladresregel5migratie,bladresregel6migratie,aandverblijfsr,datmededelingverblijfsr,datvoorzeindeverblijfsr,inddeelneuverkiezingen,dataanlaanpdeelneuverkiezing,datvoorzeindeuitsleuverkiezi,predicaat,voornamen,voorvoegsel,scheidingsteken,adellijketitel,geslnaamstam,indnreeks,indafgeleid,bijhpartij,indonverwdocaanw,geslachtsaand,bsn,anr,induitslkiesr,datvoorzeindeuitslkiesr,bijhaard,indonverwbijhvoorstelnieting,dattijdstempel) VALUES('22025','1','19880611','19880611','91','Wolsum',null,null,'229',null,null,null,null,null,null,null,null,'1','19880611','1',null,null,'1','true',null,'Karel',null,null,null,'Valstar',null,null,null,null,null,null,null,null,null,null,null,null,null,null,null,null,null,null,null,'Karel',null,null,null,'Valstar','false','true','347','false','1','220016343','7643831525',null,null,'1','false','19880611');
INSERT INTO kern.pers (id,srt,tslaatstewijz,datgeboorte,gemgeboorte,wplnaamgeboorte,blplaatsgeboorte,blregiogeboorte,landgebiedgeboorte,omslocgeboorte,datoverlijden,gemoverlijden,wplnaamoverlijden,blplaatsoverlijden,blregiooverlijden,landgebiedoverlijden,omslocoverlijden,naderebijhaard,datinschr,versienr,vorigebsn,volgendebsn,naamgebruik,indnaamgebruikafgeleid,predicaatnaamgebruik,voornamennaamgebruik,voorvoegselnaamgebruik,scheidingstekennaamgebruik,adellijketitelnaamgebruik,geslnaamstamnaamgebruik,gempk,indpkvollediggeconv,srtmigratie,rdnwijzmigratie,aangmigratie,landgebiedmigratie,bladresregel1migratie,bladresregel2migratie,bladresregel3migratie,bladresregel4migratie,bladresregel5migratie,bladresregel6migratie,aandverblijfsr,datmededelingverblijfsr,datvoorzeindeverblijfsr,inddeelneuverkiezingen,dataanlaanpdeelneuverkiezing,datvoorzeindeuitsleuverkiezi,predicaat,voornamen,voorvoegsel,scheidingsteken,adellijketitel,geslnaamstam,indnreeks,indafgeleid,bijhpartij,indonverwdocaanw,geslachtsaand,bsn,anr,induitslkiesr,datvoorzeindeuitslkiesr,bijhaard,indonverwbijhvoorstelnieting,dattijdstempel) VALUES('22026','1','19910721','19910721','365','Hellendoorn',null,null,'229',null,null,null,null,null,null,null,null,'1','19910721','1',null,null,'1','true',null,'Helen','ter',' ',null,'Botje',null,null,null,null,null,null,null,null,null,null,null,null,null,null,null,null,null,null,null,'Helen','ter',' ',null,'Botje','false','true','347','false','2','220016409','7645797984',null,null,'1','false','19910721');
INSERT INTO kern.pers (id,srt,tslaatstewijz,datgeboorte,gemgeboorte,wplnaamgeboorte,blplaatsgeboorte,blregiogeboorte,landgebiedgeboorte,omslocgeboorte,datoverlijden,gemoverlijden,wplnaamoverlijden,blplaatsoverlijden,blregiooverlijden,landgebiedoverlijden,omslocoverlijden,naderebijhaard,datinschr,versienr,vorigebsn,volgendebsn,naamgebruik,indnaamgebruikafgeleid,predicaatnaamgebruik,voornamennaamgebruik,voorvoegselnaamgebruik,scheidingstekennaamgebruik,adellijketitelnaamgebruik,geslnaamstamnaamgebruik,gempk,indpkvollediggeconv,srtmigratie,rdnwijzmigratie,aangmigratie,landgebiedmigratie,bladresregel1migratie,bladresregel2migratie,bladresregel3migratie,bladresregel4migratie,bladresregel5migratie,bladresregel6migratie,aandverblijfsr,datmededelingverblijfsr,datvoorzeindeverblijfsr,inddeelneuverkiezingen,dataanlaanpdeelneuverkiezing,datvoorzeindeuitsleuverkiezi,predicaat,voornamen,voorvoegsel,scheidingsteken,adellijketitel,geslnaamstam,indnreeks,indafgeleid,bijhpartij,indonverwdocaanw,geslachtsaand,bsn,anr,induitslkiesr,datvoorzeindeuitslkiesr,bijhaard,indonverwbijhvoorstelnieting,dattijdstempel) VALUES('22027','1','19910911','19910911','625','Vlaardingen',null,null,'229',null,null,null,null,null,null,null,null,'1','19910911','1',null,null,'1','true',null,'Sander',null,null,null,'Karlson',null,null,null,null,null,null,null,null,null,null,null,null,null,null,null,null,null,null,null,'Sander',null,null,null,'Karlson','false','true','347','false','1','220016458','7649310676',null,null,'1','false','19910911');
INSERT INTO kern.pers (id,srt,tslaatstewijz,datgeboorte,gemgeboorte,wplnaamgeboorte,blplaatsgeboorte,blregiogeboorte,landgebiedgeboorte,omslocgeboorte,datoverlijden,gemoverlijden,wplnaamoverlijden,blplaatsoverlijden,blregiooverlijden,landgebiedoverlijden,omslocoverlijden,naderebijhaard,datinschr,versienr,vorigebsn,volgendebsn,naamgebruik,indnaamgebruikafgeleid,predicaatnaamgebruik,voornamennaamgebruik,voorvoegselnaamgebruik,scheidingstekennaamgebruik,adellijketitelnaamgebruik,geslnaamstamnaamgebruik,gempk,indpkvollediggeconv,srtmigratie,rdnwijzmigratie,aangmigratie,landgebiedmigratie,bladresregel1migratie,bladresregel2migratie,bladresregel3migratie,bladresregel4migratie,bladresregel5migratie,bladresregel6migratie,aandverblijfsr,datmededelingverblijfsr,datvoorzeindeverblijfsr,inddeelneuverkiezingen,dataanlaanpdeelneuverkiezing,datvoorzeindeuitsleuverkiezi,predicaat,voornamen,voorvoegsel,scheidingsteken,adellijketitel,geslnaamstam,indnreeks,indafgeleid,bijhpartij,indonverwdocaanw,geslachtsaand,bsn,anr,induitslkiesr,datvoorzeindeuitslkiesr,bijhaard,indonverwbijhvoorstelnieting,dattijdstempel) VALUES('22028','1','19900722','19900722','625','Vlaardingen',null,null,'229',null,null,null,null,null,null,null,null,'1','19900722','1',null,null,'1','true',null,'Violet','van',' ',null,'Hoog',null,null,null,null,null,null,null,null,null,null,null,null,null,null,null,null,null,null,null,'Violet','van',' ',null,'Hoog','false','true','347','false','2','220016951','7649610985',null,null,'1','false','19900722');
INSERT INTO kern.pers (id,srt,tslaatstewijz,datgeboorte,gemgeboorte,wplnaamgeboorte,blplaatsgeboorte,blregiogeboorte,landgebiedgeboorte,omslocgeboorte,datoverlijden,gemoverlijden,wplnaamoverlijden,blplaatsoverlijden,blregiooverlijden,landgebiedoverlijden,omslocoverlijden,naderebijhaard,datinschr,versienr,vorigebsn,volgendebsn,naamgebruik,indnaamgebruikafgeleid,predicaatnaamgebruik,voornamennaamgebruik,voorvoegselnaamgebruik,scheidingstekennaamgebruik,adellijketitelnaamgebruik,geslnaamstamnaamgebruik,gempk,indpkvollediggeconv,srtmigratie,rdnwijzmigratie,aangmigratie,landgebiedmigratie,bladresregel1migratie,bladresregel2migratie,bladresregel3migratie,bladresregel4migratie,bladresregel5migratie,bladresregel6migratie,aandverblijfsr,datmededelingverblijfsr,datvoorzeindeverblijfsr,inddeelneuverkiezingen,dataanlaanpdeelneuverkiezing,datvoorzeindeuitsleuverkiezi,predicaat,voornamen,voorvoegsel,scheidingsteken,adellijketitel,geslnaamstam,indnreeks,indafgeleid,bijhpartij,indonverwdocaanw,geslachtsaand,bsn,anr,induitslkiesr,datvoorzeindeuitslkiesr,bijhaard,indonverwbijhvoorstelnieting,dattijdstempel) VALUES('22029','1','19200430','19200430','1239','Ouwerkerk',null,null,'229',null,null,null,null,null,null,null,null,'1','19200430','1',null,null,'1','true',null,'Violet',null,null,null,'Karlson',null,null,null,null,null,null,null,null,null,null,null,null,null,null,null,null,null,null,null,'Violetta',null,null,null,'Karlson','false','true','2','false','2','220017013','7651574351',null,null,'1','false','19200430');
INSERT INTO kern.pers (id,srt,tslaatstewijz,datgeboorte,gemgeboorte,wplnaamgeboorte,blplaatsgeboorte,blregiogeboorte,landgebiedgeboorte,omslocgeboorte,datoverlijden,gemoverlijden,wplnaamoverlijden,blplaatsoverlijden,blregiooverlijden,landgebiedoverlijden,omslocoverlijden,naderebijhaard,datinschr,versienr,vorigebsn,volgendebsn,naamgebruik,indnaamgebruikafgeleid,predicaatnaamgebruik,voornamennaamgebruik,voorvoegselnaamgebruik,scheidingstekennaamgebruik,adellijketitelnaamgebruik,geslnaamstamnaamgebruik,gempk,indpkvollediggeconv,srtmigratie,rdnwijzmigratie,aangmigratie,landgebiedmigratie,bladresregel1migratie,bladresregel2migratie,bladresregel3migratie,bladresregel4migratie,bladresregel5migratie,bladresregel6migratie,aandverblijfsr,datmededelingverblijfsr,datvoorzeindeverblijfsr,inddeelneuverkiezingen,dataanlaanpdeelneuverkiezing,datvoorzeindeuitsleuverkiezi,predicaat,voornamen,voorvoegsel,scheidingsteken,adellijketitel,geslnaamstam,indnreeks,indafgeleid,bijhpartij,indonverwdocaanw,geslachtsaand,bsn,anr,induitslkiesr,datvoorzeindeuitslkiesr,bijhaard,indonverwbijhvoorstelnieting,dattijdstempel) VALUES('22030','1','19220419','19220419','1239','Ouwerkerk',null,null,'229',null,null,null,null,null,null,null,null,'1','19220419','1',null,null,'1','true',null,'Tanja','de',' ',null,'Vlonder',null,null,null,null,null,null,null,null,null,null,null,null,null,null,null,null,null,null,null,'Tanja','de',' ',null,'Vlonder','false','true','347','false','2','220017165','7656251921',null,null,'1','false','19220419');
INSERT INTO kern.pers (id,srt,tslaatstewijz,datgeboorte,gemgeboorte,wplnaamgeboorte,blplaatsgeboorte,blregiogeboorte,landgebiedgeboorte,omslocgeboorte,datoverlijden,gemoverlijden,wplnaamoverlijden,blplaatsoverlijden,blregiooverlijden,landgebiedoverlijden,omslocoverlijden,naderebijhaard,datinschr,versienr,vorigebsn,volgendebsn,naamgebruik,indnaamgebruikafgeleid,predicaatnaamgebruik,voornamennaamgebruik,voorvoegselnaamgebruik,scheidingstekennaamgebruik,adellijketitelnaamgebruik,geslnaamstamnaamgebruik,gempk,indpkvollediggeconv,srtmigratie,rdnwijzmigratie,aangmigratie,landgebiedmigratie,bladresregel1migratie,bladresregel2migratie,bladresregel3migratie,bladresregel4migratie,bladresregel5migratie,bladresregel6migratie,aandverblijfsr,datmededelingverblijfsr,datvoorzeindeverblijfsr,inddeelneuverkiezingen,dataanlaanpdeelneuverkiezing,datvoorzeindeuitsleuverkiezi,predicaat,voornamen,voorvoegsel,scheidingsteken,adellijketitel,geslnaamstam,indnreeks,indafgeleid,bijhpartij,indonverwdocaanw,geslachtsaand,bsn,anr,induitslkiesr,datvoorzeindeuitslkiesr,bijhaard,indonverwbijhvoorstelnieting,dattijdstempel) VALUES('22031','1','19920219','19920219','977','Koningsbosch',null,null,'229',null,null,null,null,null,null,null,null,'1','19920219','1',null,null,'1','true',null,'Berend','de',' ',null,'Zatte',null,null,null,null,null,null,null,null,null,null,null,null,null,null,null,null,null,null,null,'Berend','de',' ',null,'Zatte','false','true','347','false','1','220017256','7656767592',null,null,'1','false','19920219');
INSERT INTO kern.pers (id,srt,tslaatstewijz,datgeboorte,gemgeboorte,wplnaamgeboorte,blplaatsgeboorte,blregiogeboorte,landgebiedgeboorte,omslocgeboorte,datoverlijden,gemoverlijden,wplnaamoverlijden,blplaatsoverlijden,blregiooverlijden,landgebiedoverlijden,omslocoverlijden,naderebijhaard,datinschr,versienr,vorigebsn,volgendebsn,naamgebruik,indnaamgebruikafgeleid,predicaatnaamgebruik,voornamennaamgebruik,voorvoegselnaamgebruik,scheidingstekennaamgebruik,adellijketitelnaamgebruik,geslnaamstamnaamgebruik,gempk,indpkvollediggeconv,srtmigratie,rdnwijzmigratie,aangmigratie,landgebiedmigratie,bladresregel1migratie,bladresregel2migratie,bladresregel3migratie,bladresregel4migratie,bladresregel5migratie,bladresregel6migratie,aandverblijfsr,datmededelingverblijfsr,datvoorzeindeverblijfsr,inddeelneuverkiezingen,dataanlaanpdeelneuverkiezing,datvoorzeindeuitsleuverkiezi,predicaat,voornamen,voorvoegsel,scheidingsteken,adellijketitel,geslnaamstam,indnreeks,indafgeleid,bijhpartij,indonverwdocaanw,geslachtsaand,bsn,anr,induitslkiesr,datvoorzeindeuitslkiesr,bijhaard,indonverwbijhvoorstelnieting,dattijdstempel) VALUES('22032','1','19510923','19510923','522','Honselersdijk',null,null,'229',null,null,null,null,null,null,null,null,'1','19510923','1',null,null,'1','true',null,'Mike',null,null,null,'Stuurman',null,null,null,null,null,null,null,null,null,null,null,null,null,null,null,null,null,null,null,'Mike',null,null,null,'Stuurman','false','true','347','false','1','220017736','7657386292',null,null,'1','false','19510923');
INSERT INTO kern.pers (id,srt,tslaatstewijz,datgeboorte,gemgeboorte,wplnaamgeboorte,blplaatsgeboorte,blregiogeboorte,landgebiedgeboorte,omslocgeboorte,datoverlijden,gemoverlijden,wplnaamoverlijden,blplaatsoverlijden,blregiooverlijden,landgebiedoverlijden,omslocoverlijden,naderebijhaard,datinschr,versienr,vorigebsn,volgendebsn,naamgebruik,indnaamgebruikafgeleid,predicaatnaamgebruik,voornamennaamgebruik,voorvoegselnaamgebruik,scheidingstekennaamgebruik,adellijketitelnaamgebruik,geslnaamstamnaamgebruik,gempk,indpkvollediggeconv,srtmigratie,rdnwijzmigratie,aangmigratie,landgebiedmigratie,bladresregel1migratie,bladresregel2migratie,bladresregel3migratie,bladresregel4migratie,bladresregel5migratie,bladresregel6migratie,aandverblijfsr,datmededelingverblijfsr,datvoorzeindeverblijfsr,inddeelneuverkiezingen,dataanlaanpdeelneuverkiezing,datvoorzeindeuitsleuverkiezi,predicaat,voornamen,voorvoegsel,scheidingsteken,adellijketitel,geslnaamstam,indnreeks,indafgeleid,bijhpartij,indonverwdocaanw,geslachtsaand,bsn,anr,induitslkiesr,datvoorzeindeuitslkiesr,bijhaard,indonverwbijhvoorstelnieting,dattijdstempel) VALUES('22033','1','19531116','19531116','506','Scherpenzeel',null,null,'229',null,null,null,null,null,null,null,null,'1','19531116','1',null,null,'1','true',null,'Sanne','de',' ',null,'Vriend',null,null,null,null,null,null,null,null,null,null,null,null,null,null,null,null,null,null,null,'Sanne','de',' ',null,'Vriend','false','true','347','false','2','220018042','7670289802',null,null,'1','false','19531116');
INSERT INTO kern.pers (id,srt,tslaatstewijz,datgeboorte,gemgeboorte,wplnaamgeboorte,blplaatsgeboorte,blregiogeboorte,landgebiedgeboorte,omslocgeboorte,datoverlijden,gemoverlijden,wplnaamoverlijden,blplaatsoverlijden,blregiooverlijden,landgebiedoverlijden,omslocoverlijden,naderebijhaard,datinschr,versienr,vorigebsn,volgendebsn,naamgebruik,indnaamgebruikafgeleid,predicaatnaamgebruik,voornamennaamgebruik,voorvoegselnaamgebruik,scheidingstekennaamgebruik,adellijketitelnaamgebruik,geslnaamstamnaamgebruik,gempk,indpkvollediggeconv,srtmigratie,rdnwijzmigratie,aangmigratie,landgebiedmigratie,bladresregel1migratie,bladresregel2migratie,bladresregel3migratie,bladresregel4migratie,bladresregel5migratie,bladresregel6migratie,aandverblijfsr,datmededelingverblijfsr,datvoorzeindeverblijfsr,inddeelneuverkiezingen,dataanlaanpdeelneuverkiezing,datvoorzeindeuitsleuverkiezi,predicaat,voornamen,voorvoegsel,scheidingsteken,adellijketitel,geslnaamstam,indnreeks,indafgeleid,bijhpartij,indonverwdocaanw,geslachtsaand,bsn,anr,induitslkiesr,datvoorzeindeuitslkiesr,bijhaard,indonverwbijhvoorstelnieting,dattijdstempel) VALUES('22034','1','19390402','19390402','403','Egmond-Binnen',null,null,'229',null,null,null,null,null,null,null,null,'1','19390402','1',null,null,'1','true',null,'Josje','de',' ',null,'Renner',null,null,null,null,null,null,null,null,null,null,null,null,null,null,null,null,null,null,null,'Josje','de',' ',null,'Renner','false','true','347','false','2','220018078','7670712545',null,null,'1','false','19390402');
INSERT INTO kern.pers (id,srt,tslaatstewijz,datgeboorte,gemgeboorte,wplnaamgeboorte,blplaatsgeboorte,blregiogeboorte,landgebiedgeboorte,omslocgeboorte,datoverlijden,gemoverlijden,wplnaamoverlijden,blplaatsoverlijden,blregiooverlijden,landgebiedoverlijden,omslocoverlijden,naderebijhaard,datinschr,versienr,vorigebsn,volgendebsn,naamgebruik,indnaamgebruikafgeleid,predicaatnaamgebruik,voornamennaamgebruik,voorvoegselnaamgebruik,scheidingstekennaamgebruik,adellijketitelnaamgebruik,geslnaamstamnaamgebruik,gempk,indpkvollediggeconv,srtmigratie,rdnwijzmigratie,aangmigratie,landgebiedmigratie,bladresregel1migratie,bladresregel2migratie,bladresregel3migratie,bladresregel4migratie,bladresregel5migratie,bladresregel6migratie,aandverblijfsr,datmededelingverblijfsr,datvoorzeindeverblijfsr,inddeelneuverkiezingen,dataanlaanpdeelneuverkiezing,datvoorzeindeuitsleuverkiezi,predicaat,voornamen,voorvoegsel,scheidingsteken,adellijketitel,geslnaamstam,indnreeks,indafgeleid,bijhpartij,indonverwdocaanw,geslachtsaand,bsn,anr,induitslkiesr,datvoorzeindeuitslkiesr,bijhaard,indonverwbijhvoorstelnieting,dattijdstempel) VALUES('22035','1','19841203','19841203','342','Delft',null,null,'229',null,null,null,null,null,null,null,null,'1','19841203','1',null,null,'1','true',null,'Anna','de',' ',null,'Muurbloem',null,null,null,null,null,null,null,null,null,null,null,null,null,null,null,null,null,null,null,'Anna','de',' ',null,'Muurbloem','false','true','347','false','2','220018261','7671386029',null,null,'1','false','19841203');
INSERT INTO kern.pers (id,srt,tslaatstewijz,datgeboorte,gemgeboorte,wplnaamgeboorte,blplaatsgeboorte,blregiogeboorte,landgebiedgeboorte,omslocgeboorte,datoverlijden,gemoverlijden,wplnaamoverlijden,blplaatsoverlijden,blregiooverlijden,landgebiedoverlijden,omslocoverlijden,naderebijhaard,datinschr,versienr,vorigebsn,volgendebsn,naamgebruik,indnaamgebruikafgeleid,predicaatnaamgebruik,voornamennaamgebruik,voorvoegselnaamgebruik,scheidingstekennaamgebruik,adellijketitelnaamgebruik,geslnaamstamnaamgebruik,gempk,indpkvollediggeconv,srtmigratie,rdnwijzmigratie,aangmigratie,landgebiedmigratie,bladresregel1migratie,bladresregel2migratie,bladresregel3migratie,bladresregel4migratie,bladresregel5migratie,bladresregel6migratie,aandverblijfsr,datmededelingverblijfsr,datvoorzeindeverblijfsr,inddeelneuverkiezingen,dataanlaanpdeelneuverkiezing,datvoorzeindeuitsleuverkiezi,predicaat,voornamen,voorvoegsel,scheidingsteken,adellijketitel,geslnaamstam,indnreeks,indafgeleid,bijhpartij,indonverwdocaanw,geslachtsaand,bsn,anr,induitslkiesr,datvoorzeindeuitslkiesr,bijhaard,indonverwbijhvoorstelnieting,dattijdstempel) VALUES('22036','1','19851011','19851011','342','Delft',null,null,'229',null,null,null,null,null,null,null,null,'1','19851011','1',null,null,'1','true',null,'Gerard',null,null,null,'Appelo',null,null,null,null,null,null,null,null,null,null,null,null,null,null,null,null,null,null,null,'Gerard',null,null,null,'Appelo','false','true','347','false','1','220018285','7674872608',null,null,'1','false','19851011');
INSERT INTO kern.pers (id,srt,tslaatstewijz,datgeboorte,gemgeboorte,wplnaamgeboorte,blplaatsgeboorte,blregiogeboorte,landgebiedgeboorte,omslocgeboorte,datoverlijden,gemoverlijden,wplnaamoverlijden,blplaatsoverlijden,blregiooverlijden,landgebiedoverlijden,omslocoverlijden,naderebijhaard,datinschr,versienr,vorigebsn,volgendebsn,naamgebruik,indnaamgebruikafgeleid,predicaatnaamgebruik,voornamennaamgebruik,voorvoegselnaamgebruik,scheidingstekennaamgebruik,adellijketitelnaamgebruik,geslnaamstamnaamgebruik,gempk,indpkvollediggeconv,srtmigratie,rdnwijzmigratie,aangmigratie,landgebiedmigratie,bladresregel1migratie,bladresregel2migratie,bladresregel3migratie,bladresregel4migratie,bladresregel5migratie,bladresregel6migratie,aandverblijfsr,datmededelingverblijfsr,datvoorzeindeverblijfsr,inddeelneuverkiezingen,dataanlaanpdeelneuverkiezing,datvoorzeindeuitsleuverkiezi,predicaat,voornamen,voorvoegsel,scheidingsteken,adellijketitel,geslnaamstam,indnreeks,indafgeleid,bijhpartij,indonverwdocaanw,geslachtsaand,bsn,anr,induitslkiesr,datvoorzeindeuitslkiesr,bijhaard,indonverwbijhvoorstelnieting,dattijdstempel) VALUES('22037','1','20050112','20050112','91','Wolsum',null,null,'229',null,null,null,null,null,null,null,null,'1','20050112','1',null,null,'1','true',null,'Albert',null,null,null,'Appel',null,null,null,null,null,null,null,null,null,null,null,null,null,null,null,null,null,null,null,'Albert',null,null,null,'Appelo','false','true','347','false','1','220018327','7679091781',null,null,'1','false','20050112');
INSERT INTO kern.pers (id,srt,tslaatstewijz,datgeboorte,gemgeboorte,wplnaamgeboorte,blplaatsgeboorte,blregiogeboorte,landgebiedgeboorte,omslocgeboorte,datoverlijden,gemoverlijden,wplnaamoverlijden,blplaatsoverlijden,blregiooverlijden,landgebiedoverlijden,omslocoverlijden,naderebijhaard,datinschr,versienr,vorigebsn,volgendebsn,naamgebruik,indnaamgebruikafgeleid,predicaatnaamgebruik,voornamennaamgebruik,voorvoegselnaamgebruik,scheidingstekennaamgebruik,adellijketitelnaamgebruik,geslnaamstamnaamgebruik,gempk,indpkvollediggeconv,srtmigratie,rdnwijzmigratie,aangmigratie,landgebiedmigratie,bladresregel1migratie,bladresregel2migratie,bladresregel3migratie,bladresregel4migratie,bladresregel5migratie,bladresregel6migratie,aandverblijfsr,datmededelingverblijfsr,datvoorzeindeverblijfsr,inddeelneuverkiezingen,dataanlaanpdeelneuverkiezing,datvoorzeindeuitsleuverkiezi,predicaat,voornamen,voorvoegsel,scheidingsteken,adellijketitel,geslnaamstam,indnreeks,indafgeleid,bijhpartij,indonverwdocaanw,geslachtsaand,bsn,anr,induitslkiesr,datvoorzeindeuitslkiesr,bijhaard,indonverwbijhvoorstelnieting,dattijdstempel) VALUES('22038','1','20051201','20051201','96','Twello',null,null,'229',null,null,null,null,null,null,null,null,'1','20051201','1',null,null,'1','true',null,'Marijke','ter',' ',null,'Aar',null,null,null,null,null,null,null,null,null,null,null,null,null,null,null,null,null,null,null,'Marijke',null,null,null,'Appelo','false','true','347','false','2','220018728','7680892596',null,null,'1','false','20051201');
INSERT INTO kern.pers (id,srt,tslaatstewijz,datgeboorte,gemgeboorte,wplnaamgeboorte,blplaatsgeboorte,blregiogeboorte,landgebiedgeboorte,omslocgeboorte,datoverlijden,gemoverlijden,wplnaamoverlijden,blplaatsoverlijden,blregiooverlijden,landgebiedoverlijden,omslocoverlijden,naderebijhaard,datinschr,versienr,vorigebsn,volgendebsn,naamgebruik,indnaamgebruikafgeleid,predicaatnaamgebruik,voornamennaamgebruik,voorvoegselnaamgebruik,scheidingstekennaamgebruik,adellijketitelnaamgebruik,geslnaamstamnaamgebruik,gempk,indpkvollediggeconv,srtmigratie,rdnwijzmigratie,aangmigratie,landgebiedmigratie,bladresregel1migratie,bladresregel2migratie,bladresregel3migratie,bladresregel4migratie,bladresregel5migratie,bladresregel6migratie,aandverblijfsr,datmededelingverblijfsr,datvoorzeindeverblijfsr,inddeelneuverkiezingen,dataanlaanpdeelneuverkiezing,datvoorzeindeuitsleuverkiezi,predicaat,voornamen,voorvoegsel,scheidingsteken,adellijketitel,geslnaamstam,indnreeks,indafgeleid,bijhpartij,indonverwdocaanw,geslachtsaand,bsn,anr,induitslkiesr,datvoorzeindeuitslkiesr,bijhaard,indonverwbijhvoorstelnieting,dattijdstempel) VALUES('22039','1','20060112','20050112','63','Zevenbergschen Hoek',null,null,'229',null,null,null,null,null,null,null,null,'1','20050112','1',null,null,'1','true',null,'Geerte','in het',' ',null,'Veld',null,null,null,null,null,null,null,null,null,null,null,null,null,null,null,null,null,null,null,'Geerte','in het',' ',null,'Veld','false','true','347','false','2','220018856','7681563865',null,null,'1','false','20050112');
INSERT INTO kern.pers (id,srt,tslaatstewijz,datgeboorte,gemgeboorte,wplnaamgeboorte,blplaatsgeboorte,blregiogeboorte,landgebiedgeboorte,omslocgeboorte,datoverlijden,gemoverlijden,wplnaamoverlijden,blplaatsoverlijden,blregiooverlijden,landgebiedoverlijden,omslocoverlijden,naderebijhaard,datinschr,versienr,vorigebsn,volgendebsn,naamgebruik,indnaamgebruikafgeleid,predicaatnaamgebruik,voornamennaamgebruik,voorvoegselnaamgebruik,scheidingstekennaamgebruik,adellijketitelnaamgebruik,geslnaamstamnaamgebruik,gempk,indpkvollediggeconv,srtmigratie,rdnwijzmigratie,aangmigratie,landgebiedmigratie,bladresregel1migratie,bladresregel2migratie,bladresregel3migratie,bladresregel4migratie,bladresregel5migratie,bladresregel6migratie,aandverblijfsr,datmededelingverblijfsr,datvoorzeindeverblijfsr,inddeelneuverkiezingen,dataanlaanpdeelneuverkiezing,datvoorzeindeuitsleuverkiezi,predicaat,voornamen,voorvoegsel,scheidingsteken,adellijketitel,geslnaamstam,indnreeks,indafgeleid,bijhpartij,indonverwdocaanw,geslachtsaand,bsn,anr,induitslkiesr,datvoorzeindeuitslkiesr,bijhaard,indonverwbijhvoorstelnieting,dattijdstempel) VALUES('22040','2','20051201','20051201','99','Tuitjenhorn',null,null,'229',null,null,null,null,null,null,null,null,'1','20051201','1',null,null,'1','true',null,'Gert','van',' ',null,'Penderloo',null,null,null,null,null,null,null,null,null,null,null,null,null,null,null,null,null,null,null,'Gert','van',' ',null,'Penderloo','false','true','347','false','1','220018984','7682130782',null,null,'1','false','20051201');
INSERT INTO kern.pers (id,srt,tslaatstewijz,datgeboorte,gemgeboorte,wplnaamgeboorte,blplaatsgeboorte,blregiogeboorte,landgebiedgeboorte,omslocgeboorte,datoverlijden,gemoverlijden,wplnaamoverlijden,blplaatsoverlijden,blregiooverlijden,landgebiedoverlijden,omslocoverlijden,naderebijhaard,datinschr,versienr,vorigebsn,volgendebsn,naamgebruik,indnaamgebruikafgeleid,predicaatnaamgebruik,voornamennaamgebruik,voorvoegselnaamgebruik,scheidingstekennaamgebruik,adellijketitelnaamgebruik,geslnaamstamnaamgebruik,gempk,indpkvollediggeconv,srtmigratie,rdnwijzmigratie,aangmigratie,landgebiedmigratie,bladresregel1migratie,bladresregel2migratie,bladresregel3migratie,bladresregel4migratie,bladresregel5migratie,bladresregel6migratie,aandverblijfsr,datmededelingverblijfsr,datvoorzeindeverblijfsr,inddeelneuverkiezingen,dataanlaanpdeelneuverkiezing,datvoorzeindeuitsleuverkiezi,predicaat,voornamen,voorvoegsel,scheidingsteken,adellijketitel,geslnaamstam,indnreeks,indafgeleid,bijhpartij,indonverwdocaanw,geslachtsaand,bsn,anr,induitslkiesr,datvoorzeindeuitslkiesr,bijhaard,indonverwbijhvoorstelnieting,dattijdstempel) VALUES('22041','1','19680809','19680809','99','Tuitjenhorn',null,null,'229',null,null,null,null,null,null,null,null,'7','19680809','1',null,null,'1','true',null,'Gijs','de',' ',null,'Bakker',null,null,null,null,null,null,null,null,null,null,null,null,null,null,null,null,null,null,null,'Gijs','de',' ',null,'Bakker','false','true','347','false','1','220019344','7682305198',null,null,'1','false','19680809');
INSERT INTO kern.pers (id,srt,tslaatstewijz,datgeboorte,gemgeboorte,wplnaamgeboorte,blplaatsgeboorte,blregiogeboorte,landgebiedgeboorte,omslocgeboorte,datoverlijden,gemoverlijden,wplnaamoverlijden,blplaatsoverlijden,blregiooverlijden,landgebiedoverlijden,omslocoverlijden,naderebijhaard,datinschr,versienr,vorigebsn,volgendebsn,naamgebruik,indnaamgebruikafgeleid,predicaatnaamgebruik,voornamennaamgebruik,voorvoegselnaamgebruik,scheidingstekennaamgebruik,adellijketitelnaamgebruik,geslnaamstamnaamgebruik,gempk,indpkvollediggeconv,srtmigratie,rdnwijzmigratie,aangmigratie,landgebiedmigratie,bladresregel1migratie,bladresregel2migratie,bladresregel3migratie,bladresregel4migratie,bladresregel5migratie,bladresregel6migratie,aandverblijfsr,datmededelingverblijfsr,datvoorzeindeverblijfsr,inddeelneuverkiezingen,dataanlaanpdeelneuverkiezing,datvoorzeindeuitsleuverkiezi,predicaat,voornamen,voorvoegsel,scheidingsteken,adellijketitel,geslnaamstam,indnreeks,indafgeleid,bijhpartij,indonverwdocaanw,geslachtsaand,bsn,anr,induitslkiesr,datvoorzeindeuitslkiesr,bijhaard,indonverwbijhvoorstelnieting,dattijdstempel) VALUES('22042','1','19580921','19580921','91','Wolsum',null,null,'229',null,null,null,null,null,null,null,null,'1','19580921','1',null,null,'1','true',null,'Guido',null,null,null,'Karlson',null,null,null,null,null,null,null,null,null,null,null,null,null,null,null,null,null,null,null,'Guido',null,null,null,'Karlson','false','true','347','false','1','220019423','7684240106',null,null,'1','false','19580921');
INSERT INTO kern.pers (id,srt,tslaatstewijz,datgeboorte,gemgeboorte,wplnaamgeboorte,blplaatsgeboorte,blregiogeboorte,landgebiedgeboorte,omslocgeboorte,datoverlijden,gemoverlijden,wplnaamoverlijden,blplaatsoverlijden,blregiooverlijden,landgebiedoverlijden,omslocoverlijden,naderebijhaard,datinschr,versienr,vorigebsn,volgendebsn,naamgebruik,indnaamgebruikafgeleid,predicaatnaamgebruik,voornamennaamgebruik,voorvoegselnaamgebruik,scheidingstekennaamgebruik,adellijketitelnaamgebruik,geslnaamstamnaamgebruik,gempk,indpkvollediggeconv,srtmigratie,rdnwijzmigratie,aangmigratie,landgebiedmigratie,bladresregel1migratie,bladresregel2migratie,bladresregel3migratie,bladresregel4migratie,bladresregel5migratie,bladresregel6migratie,aandverblijfsr,datmededelingverblijfsr,datvoorzeindeverblijfsr,inddeelneuverkiezingen,dataanlaanpdeelneuverkiezing,datvoorzeindeuitsleuverkiezi,predicaat,voornamen,voorvoegsel,scheidingsteken,adellijketitel,geslnaamstam,indnreeks,indafgeleid,bijhpartij,indonverwdocaanw,geslachtsaand,bsn,anr,induitslkiesr,datvoorzeindeuitslkiesr,bijhaard,indonverwbijhvoorstelnieting,dattijdstempel) VALUES('22043','1','19951004','19951004','91','Wolsum',null,null,'229',null,null,null,null,null,null,null,null,'1','19951004','1',null,null,'1','true',null,'Annemieke','ter',' ',null,'Nater',null,null,null,null,null,null,null,null,null,null,null,null,null,null,null,null,null,null,null,'Annemieke','ter',' ',null,'Nater','false','true','347','false','2','220019678','7686325345',null,null,'1','false','19951004');
INSERT INTO kern.pers (id,srt,tslaatstewijz,datgeboorte,gemgeboorte,wplnaamgeboorte,blplaatsgeboorte,blregiogeboorte,landgebiedgeboorte,omslocgeboorte,datoverlijden,gemoverlijden,wplnaamoverlijden,blplaatsoverlijden,blregiooverlijden,landgebiedoverlijden,omslocoverlijden,naderebijhaard,datinschr,versienr,vorigebsn,volgendebsn,naamgebruik,indnaamgebruikafgeleid,predicaatnaamgebruik,voornamennaamgebruik,voorvoegselnaamgebruik,scheidingstekennaamgebruik,adellijketitelnaamgebruik,geslnaamstamnaamgebruik,gempk,indpkvollediggeconv,srtmigratie,rdnwijzmigratie,aangmigratie,landgebiedmigratie,bladresregel1migratie,bladresregel2migratie,bladresregel3migratie,bladresregel4migratie,bladresregel5migratie,bladresregel6migratie,aandverblijfsr,datmededelingverblijfsr,datvoorzeindeverblijfsr,inddeelneuverkiezingen,dataanlaanpdeelneuverkiezing,datvoorzeindeuitsleuverkiezi,predicaat,voornamen,voorvoegsel,scheidingsteken,adellijketitel,geslnaamstam,indnreeks,indafgeleid,bijhpartij,indonverwdocaanw,geslachtsaand,bsn,anr,induitslkiesr,datvoorzeindeuitslkiesr,bijhaard,indonverwbijhvoorstelnieting,dattijdstempel) VALUES('22044','1','20051201','20051201','365','Hellendoorn',null,null,'229',null,null,null,null,null,null,null,null,'1','20051201','1',null,null,'1','true',null,'Maarten','van',' ',null,'Hoog',null,null,null,null,null,null,null,null,null,null,null,null,null,null,null,null,null,null,null,'Maarten','van',' ',null,'Hoog','false','true','347','false','1','220019691','7686967647',null,null,'1','false','20051201');
INSERT INTO kern.pers (id,srt,tslaatstewijz,datgeboorte,gemgeboorte,wplnaamgeboorte,blplaatsgeboorte,blregiogeboorte,landgebiedgeboorte,omslocgeboorte,datoverlijden,gemoverlijden,wplnaamoverlijden,blplaatsoverlijden,blregiooverlijden,landgebiedoverlijden,omslocoverlijden,naderebijhaard,datinschr,versienr,vorigebsn,volgendebsn,naamgebruik,indnaamgebruikafgeleid,predicaatnaamgebruik,voornamennaamgebruik,voorvoegselnaamgebruik,scheidingstekennaamgebruik,adellijketitelnaamgebruik,geslnaamstamnaamgebruik,gempk,indpkvollediggeconv,srtmigratie,rdnwijzmigratie,aangmigratie,landgebiedmigratie,bladresregel1migratie,bladresregel2migratie,bladresregel3migratie,bladresregel4migratie,bladresregel5migratie,bladresregel6migratie,aandverblijfsr,datmededelingverblijfsr,datvoorzeindeverblijfsr,inddeelneuverkiezingen,dataanlaanpdeelneuverkiezing,datvoorzeindeuitsleuverkiezi,predicaat,voornamen,voorvoegsel,scheidingsteken,adellijketitel,geslnaamstam,indnreeks,indafgeleid,bijhpartij,indonverwdocaanw,geslachtsaand,bsn,anr,induitslkiesr,datvoorzeindeuitslkiesr,bijhaard,indonverwbijhvoorstelnieting,dattijdstempel) VALUES('22045','3','20050112','20050112','365','Hellendoorn',null,null,'229',null,null,null,null,null,null,null,null,'1','20050112','1',null,null,'1','true',null,'Marion','de',' ',null,'Hoop',null,null,null,null,null,null,null,null,null,null,null,null,null,null,null,null,null,null,null,'Marion','de',' ',null,'Hoop','false','true','347','false','2','220019927','7692616828',null,null,'1','false','20050112');

commit;


--------------------------------------------------
--- EIND
--- Sheet: (pers)
--- Handler: SheetHandlerImplSimpleInsert
--- Aantal: (45)
--------------------------------------------------
--------------------------------------------------
--- Sheet: (1) (ouders...) wordt overgeslagen
--------------------------------------------------
--------------------------------------------------
--- START
--- Sheet: (admhnd)
--- Handler: SheetHandlerImplSimpleInsert
--------------------------------------------------

begin;

INSERT INTO kern.admhnd (id,srt,partij,toelichtingontlening,tsreg) VALUES('22001','1','2000',null,'20100318');
INSERT INTO kern.admhnd (id,srt,partij,toelichtingontlening,tsreg) VALUES('22002','1','2000',null,'20100318');
INSERT INTO kern.admhnd (id,srt,partij,toelichtingontlening,tsreg) VALUES('22003','1','2000',null,'20100318');
INSERT INTO kern.admhnd (id,srt,partij,toelichtingontlening,tsreg) VALUES('22004','1','2000',null,'20100318');
INSERT INTO kern.admhnd (id,srt,partij,toelichtingontlening,tsreg) VALUES('22005','1','2000',null,'20100318');
INSERT INTO kern.admhnd (id,srt,partij,toelichtingontlening,tsreg) VALUES('22006','1','2000',null,'20100318');
INSERT INTO kern.admhnd (id,srt,partij,toelichtingontlening,tsreg) VALUES('22007','1','2000',null,'20100318');
INSERT INTO kern.admhnd (id,srt,partij,toelichtingontlening,tsreg) VALUES('22008','1','2000',null,'20100318');
INSERT INTO kern.admhnd (id,srt,partij,toelichtingontlening,tsreg) VALUES('22009','1','2000',null,'20100318');
INSERT INTO kern.admhnd (id,srt,partij,toelichtingontlening,tsreg) VALUES('22010','1','2000',null,'20100318');
INSERT INTO kern.admhnd (id,srt,partij,toelichtingontlening,tsreg) VALUES('22011','1','2000',null,'20100318');
INSERT INTO kern.admhnd (id,srt,partij,toelichtingontlening,tsreg) VALUES('22012','1','2000',null,'20100318');
INSERT INTO kern.admhnd (id,srt,partij,toelichtingontlening,tsreg) VALUES('22013','1','2000',null,'20100318');
INSERT INTO kern.admhnd (id,srt,partij,toelichtingontlening,tsreg) VALUES('22014','1','2000',null,'20100318');
INSERT INTO kern.admhnd (id,srt,partij,toelichtingontlening,tsreg) VALUES('22015','1','2000',null,'20100318');
INSERT INTO kern.admhnd (id,srt,partij,toelichtingontlening,tsreg) VALUES('22016','1','2000',null,'20100318');
INSERT INTO kern.admhnd (id,srt,partij,toelichtingontlening,tsreg) VALUES('22017','1','2000',null,'20100318');
INSERT INTO kern.admhnd (id,srt,partij,toelichtingontlening,tsreg) VALUES('22018','1','2000',null,'20100318');
INSERT INTO kern.admhnd (id,srt,partij,toelichtingontlening,tsreg) VALUES('22019','1','2000',null,'20100318');
INSERT INTO kern.admhnd (id,srt,partij,toelichtingontlening,tsreg) VALUES('22020','1','2000',null,'20100318');
INSERT INTO kern.admhnd (id,srt,partij,toelichtingontlening,tsreg) VALUES('22021','1','2000',null,'20100318');
INSERT INTO kern.admhnd (id,srt,partij,toelichtingontlening,tsreg) VALUES('22022','1','2000',null,'20100318');
INSERT INTO kern.admhnd (id,srt,partij,toelichtingontlening,tsreg) VALUES('22023','1','2000',null,'20100318');
INSERT INTO kern.admhnd (id,srt,partij,toelichtingontlening,tsreg) VALUES('22024','1','2000',null,'20100318');
INSERT INTO kern.admhnd (id,srt,partij,toelichtingontlening,tsreg) VALUES('22025','1','2000',null,'20100318');
INSERT INTO kern.admhnd (id,srt,partij,toelichtingontlening,tsreg) VALUES('22026','1','2000',null,'20100318');
INSERT INTO kern.admhnd (id,srt,partij,toelichtingontlening,tsreg) VALUES('22027','1','2000',null,'20100318');
INSERT INTO kern.admhnd (id,srt,partij,toelichtingontlening,tsreg) VALUES('22028','1','2000',null,'20100318');
INSERT INTO kern.admhnd (id,srt,partij,toelichtingontlening,tsreg) VALUES('22029','1','2000',null,'20100318');
INSERT INTO kern.admhnd (id,srt,partij,toelichtingontlening,tsreg) VALUES('22030','1','2000',null,'20100318');
INSERT INTO kern.admhnd (id,srt,partij,toelichtingontlening,tsreg) VALUES('22031','1','2000',null,'20100318');
INSERT INTO kern.admhnd (id,srt,partij,toelichtingontlening,tsreg) VALUES('22032','1','2000',null,'20100318');
INSERT INTO kern.admhnd (id,srt,partij,toelichtingontlening,tsreg) VALUES('22033','1','2000',null,'20100318');
INSERT INTO kern.admhnd (id,srt,partij,toelichtingontlening,tsreg) VALUES('22034','1','2000',null,'20100318');
INSERT INTO kern.admhnd (id,srt,partij,toelichtingontlening,tsreg) VALUES('22035','1','2000',null,'20100318');
INSERT INTO kern.admhnd (id,srt,partij,toelichtingontlening,tsreg) VALUES('22036','1','2000',null,'20100318');
INSERT INTO kern.admhnd (id,srt,partij,toelichtingontlening,tsreg) VALUES('22037','1','2000',null,'20100318');
INSERT INTO kern.admhnd (id,srt,partij,toelichtingontlening,tsreg) VALUES('22038','1','2000',null,'20100318');
INSERT INTO kern.admhnd (id,srt,partij,toelichtingontlening,tsreg) VALUES('22039','1','2000',null,'20100318');
INSERT INTO kern.admhnd (id,srt,partij,toelichtingontlening,tsreg) VALUES('22040','1','2000',null,'20100318');
INSERT INTO kern.admhnd (id,srt,partij,toelichtingontlening,tsreg) VALUES('22041','1','2000',null,'20100318');
INSERT INTO kern.admhnd (id,srt,partij,toelichtingontlening,tsreg) VALUES('22042','1','2000',null,'20100318');
INSERT INTO kern.admhnd (id,srt,partij,toelichtingontlening,tsreg) VALUES('22043','1','2000',null,'20100318');
INSERT INTO kern.admhnd (id,srt,partij,toelichtingontlening,tsreg) VALUES('22044','1','2000',null,'20100318');
INSERT INTO kern.admhnd (id,srt,partij,toelichtingontlening,tsreg) VALUES('22045','1','2000',null,'20100318');
INSERT INTO kern.admhnd (id,srt,partij,toelichtingontlening,tsreg) VALUES('22500','1','2000',null,'20100318');
INSERT INTO kern.admhnd (id,srt,partij,toelichtingontlening,tsreg) VALUES('22501','18','2000',null,'20100318');
INSERT INTO kern.admhnd (id,srt,partij,toelichtingontlening,tsreg) VALUES('22502','18','2000',null,'20100318');
INSERT INTO kern.admhnd (id,srt,partij,toelichtingontlening,tsreg) VALUES('22503','18','2000',null,'20100318');
INSERT INTO kern.admhnd (id,srt,partij,toelichtingontlening,tsreg) VALUES('22504','18','2000',null,'20100318');
INSERT INTO kern.admhnd (id,srt,partij,toelichtingontlening,tsreg) VALUES('22505','18','2000',null,'20100318');
INSERT INTO kern.admhnd (id,srt,partij,toelichtingontlening,tsreg) VALUES('22506','35','2000',null,'20100318');
INSERT INTO kern.admhnd (id,srt,partij,toelichtingontlening,tsreg) VALUES('22624','66','2000',null,'20100318');
INSERT INTO kern.admhnd (id,srt,partij,toelichtingontlening,tsreg) VALUES('22625','1','2000',null,'20100318');
INSERT INTO kern.admhnd (id,srt,partij,toelichtingontlening,tsreg) VALUES('22626','64','2000',null,'20100318');
INSERT INTO kern.admhnd (id,srt,partij,toelichtingontlening,tsreg) VALUES('22627','69','2000',null,'20100318');
INSERT INTO kern.admhnd (id,srt,partij,toelichtingontlening,tsreg) VALUES('22628','66','2000',null,'20100318');
INSERT INTO kern.admhnd (id,srt,partij,toelichtingontlening,tsreg) VALUES('22629','1','2000',null,'20100318');
INSERT INTO kern.admhnd (id,srt,partij,toelichtingontlening,tsreg) VALUES('22630','1','2000',null,'20100318');
INSERT INTO kern.admhnd (id,srt,partij,toelichtingontlening,tsreg) VALUES('22631','6','2000',null,'20100318');
INSERT INTO kern.admhnd (id,srt,partij,toelichtingontlening,tsreg) VALUES('22632','37','2000',null,'20100318');
INSERT INTO kern.admhnd (id,srt,partij,toelichtingontlening,tsreg) VALUES('22633','18','2000',null,'20100318');
INSERT INTO kern.admhnd (id,srt,partij,toelichtingontlening,tsreg) VALUES('22634','18','2000',null,'20100318');
INSERT INTO kern.admhnd (id,srt,partij,toelichtingontlening,tsreg) VALUES('22635','18','2000',null,'20100318');
INSERT INTO kern.admhnd (id,srt,partij,toelichtingontlening,tsreg) VALUES('22636','18','2000',null,'20100318');
INSERT INTO kern.admhnd (id,srt,partij,toelichtingontlening,tsreg) VALUES('22637','1','2000',null,'20100318');
INSERT INTO kern.admhnd (id,srt,partij,toelichtingontlening,tsreg) VALUES('22638','1','2000',null,'20100318');
INSERT INTO kern.admhnd (id,srt,partij,toelichtingontlening,tsreg) VALUES('22639','1','2000',null,'20100318');
INSERT INTO kern.admhnd (id,srt,partij,toelichtingontlening,tsreg) VALUES('22640','18','2000',null,'20100318');
INSERT INTO kern.admhnd (id,srt,partij,toelichtingontlening,tsreg) VALUES('22641','1','2000',null,'20100318');
INSERT INTO kern.admhnd (id,srt,partij,toelichtingontlening,tsreg) VALUES('22642','18','2000',null,'20100318');
INSERT INTO kern.admhnd (id,srt,partij,toelichtingontlening,tsreg) VALUES('22643','18','2000',null,'20100318');
INSERT INTO kern.admhnd (id,srt,partij,toelichtingontlening,tsreg) VALUES('22644','35','2000',null,'20100318');
INSERT INTO kern.admhnd (id,srt,partij,toelichtingontlening,tsreg) VALUES('22645','37','2000',null,'20100318');
INSERT INTO kern.admhnd (id,srt,partij,toelichtingontlening,tsreg) VALUES('22646','35','2000',null,'20100318');
INSERT INTO kern.admhnd (id,srt,partij,toelichtingontlening,tsreg) VALUES('22647','37','2000',null,'20100318');
INSERT INTO kern.admhnd (id,srt,partij,toelichtingontlening,tsreg) VALUES('22648','35','2000',null,'20100318');
INSERT INTO kern.admhnd (id,srt,partij,toelichtingontlening,tsreg) VALUES('22649','18','2000',null,'20100318');
INSERT INTO kern.admhnd (id,srt,partij,toelichtingontlening,tsreg) VALUES('22650','18','2000',null,'20100318');
INSERT INTO kern.admhnd (id,srt,partij,toelichtingontlening,tsreg) VALUES('22651','35','2000',null,'20100318');
INSERT INTO kern.admhnd (id,srt,partij,toelichtingontlening,tsreg) VALUES('22652','37','2000',null,'20100318');
INSERT INTO kern.admhnd (id,srt,partij,toelichtingontlening,tsreg) VALUES('22653','37','2000',null,'20100318');
INSERT INTO kern.admhnd (id,srt,partij,toelichtingontlening,tsreg) VALUES('23000','30','2000',null,'20100318');
INSERT INTO kern.admhnd (id,srt,partij,toelichtingontlening,tsreg) VALUES('22999','30','2000',null,'20100318');
INSERT INTO kern.admhnd (id,srt,partij,toelichtingontlening,tsreg) VALUES('22998','30','2000',null,'20100318');
INSERT INTO kern.admhnd (id,srt,partij,toelichtingontlening,tsreg) VALUES('22997','30','2000',null,'20100318');
INSERT INTO kern.admhnd (id,srt,partij,toelichtingontlening,tsreg) VALUES('22996','30','2000',null,'20100318');
INSERT INTO kern.admhnd (id,srt,partij,toelichtingontlening,tsreg) VALUES('22995','30','2000',null,'20100318');
INSERT INTO kern.admhnd (id,srt,partij,toelichtingontlening,tsreg) VALUES('22994','30','2000',null,'20100318');
INSERT INTO kern.admhnd (id,srt,partij,toelichtingontlening,tsreg) VALUES('22993','30','2000',null,'20100318');
INSERT INTO kern.admhnd (id,srt,partij,toelichtingontlening,tsreg) VALUES('22992','30','2000',null,'20100318');
INSERT INTO kern.admhnd (id,srt,partij,toelichtingontlening,tsreg) VALUES('22991','30','2000',null,'20100318');
INSERT INTO kern.admhnd (id,srt,partij,toelichtingontlening,tsreg) VALUES('22990','30','2000',null,'20100318');
INSERT INTO kern.admhnd (id,srt,partij,toelichtingontlening,tsreg) VALUES('22989','30','2000',null,'20100318');
INSERT INTO kern.admhnd (id,srt,partij,toelichtingontlening,tsreg) VALUES('22988','30','2000',null,'20100318');
INSERT INTO kern.admhnd (id,srt,partij,toelichtingontlening,tsreg) VALUES('22987','30','2000',null,'20100318');
INSERT INTO kern.admhnd (id,srt,partij,toelichtingontlening,tsreg) VALUES('22986','30','2000',null,'20100318');
INSERT INTO kern.admhnd (id,srt,partij,toelichtingontlening,tsreg) VALUES('22985','30','2000',null,'20100318');
INSERT INTO kern.admhnd (id,srt,partij,toelichtingontlening,tsreg) VALUES('22984','30','2000',null,'20100318');
INSERT INTO kern.admhnd (id,srt,partij,toelichtingontlening,tsreg) VALUES('22983','30','2000',null,'20100318');
INSERT INTO kern.admhnd (id,srt,partij,toelichtingontlening,tsreg) VALUES('22982','30','2000',null,'20100318');
INSERT INTO kern.admhnd (id,srt,partij,toelichtingontlening,tsreg) VALUES('22981','30','2000',null,'20100318');
INSERT INTO kern.admhnd (id,srt,partij,toelichtingontlening,tsreg) VALUES('22980','30','2000',null,'20100318');
INSERT INTO kern.admhnd (id,srt,partij,toelichtingontlening,tsreg) VALUES('22979','30','2000',null,'20100318');
INSERT INTO kern.admhnd (id,srt,partij,toelichtingontlening,tsreg) VALUES('22978','30','2000',null,'20100318');
INSERT INTO kern.admhnd (id,srt,partij,toelichtingontlening,tsreg) VALUES('22977','30','2000',null,'20100318');
INSERT INTO kern.admhnd (id,srt,partij,toelichtingontlening,tsreg) VALUES('22976','30','2000',null,'20100318');
INSERT INTO kern.admhnd (id,srt,partij,toelichtingontlening,tsreg) VALUES('22975','30','2000',null,'20100318');
INSERT INTO kern.admhnd (id,srt,partij,toelichtingontlening,tsreg) VALUES('22974','30','2000',null,'20100318');
INSERT INTO kern.admhnd (id,srt,partij,toelichtingontlening,tsreg) VALUES('22973','30','2000',null,'20100318');
INSERT INTO kern.admhnd (id,srt,partij,toelichtingontlening,tsreg) VALUES('22972','30','2000',null,'20100318');
INSERT INTO kern.admhnd (id,srt,partij,toelichtingontlening,tsreg) VALUES('22971','30','2000',null,'20100318');
INSERT INTO kern.admhnd (id,srt,partij,toelichtingontlening,tsreg) VALUES('22970','30','2000',null,'20100318');
INSERT INTO kern.admhnd (id,srt,partij,toelichtingontlening,tsreg) VALUES('22969','30','2000',null,'20100318');
INSERT INTO kern.admhnd (id,srt,partij,toelichtingontlening,tsreg) VALUES('22968','30','2000',null,'20100318');
INSERT INTO kern.admhnd (id,srt,partij,toelichtingontlening,tsreg) VALUES('22967','30','2000',null,'20100318');
INSERT INTO kern.admhnd (id,srt,partij,toelichtingontlening,tsreg) VALUES('22966','30','2000',null,'20100318');
INSERT INTO kern.admhnd (id,srt,partij,toelichtingontlening,tsreg) VALUES('22965','30','2000',null,'20100318');
INSERT INTO kern.admhnd (id,srt,partij,toelichtingontlening,tsreg) VALUES('22964','30','2000',null,'20100318');
INSERT INTO kern.admhnd (id,srt,partij,toelichtingontlening,tsreg) VALUES('22963','30','2000',null,'20100318');
INSERT INTO kern.admhnd (id,srt,partij,toelichtingontlening,tsreg) VALUES('22962','30','2000',null,'20100318');
INSERT INTO kern.admhnd (id,srt,partij,toelichtingontlening,tsreg) VALUES('22961','30','2000',null,'20100318');
INSERT INTO kern.admhnd (id,srt,partij,toelichtingontlening,tsreg) VALUES('22960','30','2000',null,'20100318');
INSERT INTO kern.admhnd (id,srt,partij,toelichtingontlening,tsreg) VALUES('22959','30','2000',null,'20100318');
INSERT INTO kern.admhnd (id,srt,partij,toelichtingontlening,tsreg) VALUES('22958','30','2000',null,'20100318');
INSERT INTO kern.admhnd (id,srt,partij,toelichtingontlening,tsreg) VALUES('22957','30','2000',null,'20100318');
INSERT INTO kern.admhnd (id,srt,partij,toelichtingontlening,tsreg) VALUES('22956','30','2000',null,'20100318');
INSERT INTO kern.admhnd (id,srt,partij,toelichtingontlening,tsreg) VALUES('22955','30','2000',null,'20100318');
INSERT INTO kern.admhnd (id,srt,partij,toelichtingontlening,tsreg) VALUES('22954','30','2000',null,'20100318');
INSERT INTO kern.admhnd (id,srt,partij,toelichtingontlening,tsreg) VALUES('22953','30','2000',null,'20100318');
INSERT INTO kern.admhnd (id,srt,partij,toelichtingontlening,tsreg) VALUES('22952','30','2000',null,'20100318');
INSERT INTO kern.admhnd (id,srt,partij,toelichtingontlening,tsreg) VALUES('22951','30','2000',null,'20100318');
INSERT INTO kern.admhnd (id,srt,partij,toelichtingontlening,tsreg) VALUES('22950','30','2000',null,'20100318');
INSERT INTO kern.admhnd (id,srt,partij,toelichtingontlening,tsreg) VALUES('22949','30','2000',null,'20100318');
INSERT INTO kern.admhnd (id,srt,partij,toelichtingontlening,tsreg) VALUES('22948','30','2000',null,'20100318');
INSERT INTO kern.admhnd (id,srt,partij,toelichtingontlening,tsreg) VALUES('22947','30','2000',null,'20100318');
INSERT INTO kern.admhnd (id,srt,partij,toelichtingontlening,tsreg) VALUES('22946','30','2000',null,'20100318');
INSERT INTO kern.admhnd (id,srt,partij,toelichtingontlening,tsreg) VALUES('22945','30','2000',null,'20100318');
INSERT INTO kern.admhnd (id,srt,partij,toelichtingontlening,tsreg) VALUES('22944','30','2000',null,'20100318');
INSERT INTO kern.admhnd (id,srt,partij,toelichtingontlening,tsreg) VALUES('22943','30','2000',null,'20100318');
INSERT INTO kern.admhnd (id,srt,partij,toelichtingontlening,tsreg) VALUES('22942','30','2000',null,'20100318');
INSERT INTO kern.admhnd (id,srt,partij,toelichtingontlening,tsreg) VALUES('22941','30','2000',null,'20100318');
INSERT INTO kern.admhnd (id,srt,partij,toelichtingontlening,tsreg) VALUES('22940','30','2000',null,'20100318');
INSERT INTO kern.admhnd (id,srt,partij,toelichtingontlening,tsreg) VALUES('22939','30','2000',null,'20100318');
INSERT INTO kern.admhnd (id,srt,partij,toelichtingontlening,tsreg) VALUES('22938','30','2000',null,'20100318');
INSERT INTO kern.admhnd (id,srt,partij,toelichtingontlening,tsreg) VALUES('22937','30','2000',null,'20100318');
INSERT INTO kern.admhnd (id,srt,partij,toelichtingontlening,tsreg) VALUES('22936','30','2000',null,'20100318');
INSERT INTO kern.admhnd (id,srt,partij,toelichtingontlening,tsreg) VALUES('22935','30','2000',null,'20100318');
INSERT INTO kern.admhnd (id,srt,partij,toelichtingontlening,tsreg) VALUES('22934','30','2000',null,'20100318');
INSERT INTO kern.admhnd (id,srt,partij,toelichtingontlening,tsreg) VALUES('22933','30','2000',null,'20100318');
INSERT INTO kern.admhnd (id,srt,partij,toelichtingontlening,tsreg) VALUES('22932','30','2000',null,'20100318');
INSERT INTO kern.admhnd (id,srt,partij,toelichtingontlening,tsreg) VALUES('22931','30','2000',null,'20100318');
INSERT INTO kern.admhnd (id,srt,partij,toelichtingontlening,tsreg) VALUES('22930','30','2000',null,'20100318');
INSERT INTO kern.admhnd (id,srt,partij,toelichtingontlening,tsreg) VALUES('22929','30','2000',null,'20100318');
INSERT INTO kern.admhnd (id,srt,partij,toelichtingontlening,tsreg) VALUES('22928','30','2000',null,'20100318');
INSERT INTO kern.admhnd (id,srt,partij,toelichtingontlening,tsreg) VALUES('22927','30','2000',null,'20100318');
INSERT INTO kern.admhnd (id,srt,partij,toelichtingontlening,tsreg) VALUES('22926','30','2000',null,'20100318');
INSERT INTO kern.admhnd (id,srt,partij,toelichtingontlening,tsreg) VALUES('22925','30','2000',null,'20100318');
INSERT INTO kern.admhnd (id,srt,partij,toelichtingontlening,tsreg) VALUES('22924','30','2000',null,'20100318');
INSERT INTO kern.admhnd (id,srt,partij,toelichtingontlening,tsreg) VALUES('22923','30','2000',null,'20100318');
INSERT INTO kern.admhnd (id,srt,partij,toelichtingontlening,tsreg) VALUES('22922','30','2000',null,'20100318');
INSERT INTO kern.admhnd (id,srt,partij,toelichtingontlening,tsreg) VALUES('22921','30','2000',null,'20100318');
INSERT INTO kern.admhnd (id,srt,partij,toelichtingontlening,tsreg) VALUES('22920','30','2000',null,'20100318');
INSERT INTO kern.admhnd (id,srt,partij,toelichtingontlening,tsreg) VALUES('22919','30','2000',null,'20100318');
INSERT INTO kern.admhnd (id,srt,partij,toelichtingontlening,tsreg) VALUES('22918','30','2000',null,'20100318');
INSERT INTO kern.admhnd (id,srt,partij,toelichtingontlening,tsreg) VALUES('22917','30','2000',null,'20100318');
INSERT INTO kern.admhnd (id,srt,partij,toelichtingontlening,tsreg) VALUES('22916','30','2000',null,'20100318');
INSERT INTO kern.admhnd (id,srt,partij,toelichtingontlening,tsreg) VALUES('22915','30','2000',null,'20100318');
INSERT INTO kern.admhnd (id,srt,partij,toelichtingontlening,tsreg) VALUES('22914','30','2000',null,'20100318');
INSERT INTO kern.admhnd (id,srt,partij,toelichtingontlening,tsreg) VALUES('22913','30','2000',null,'20100318');
INSERT INTO kern.admhnd (id,srt,partij,toelichtingontlening,tsreg) VALUES('22912','30','2000',null,'20100318');
INSERT INTO kern.admhnd (id,srt,partij,toelichtingontlening,tsreg) VALUES('22911','30','2000',null,'20100318');
INSERT INTO kern.admhnd (id,srt,partij,toelichtingontlening,tsreg) VALUES('22910','30','2000',null,'20100318');
INSERT INTO kern.admhnd (id,srt,partij,toelichtingontlening,tsreg) VALUES('22909','30','2000',null,'20100318');
INSERT INTO kern.admhnd (id,srt,partij,toelichtingontlening,tsreg) VALUES('22908','30','2000',null,'20100318');
INSERT INTO kern.admhnd (id,srt,partij,toelichtingontlening,tsreg) VALUES('22907','30','2000',null,'20100318');
INSERT INTO kern.admhnd (id,srt,partij,toelichtingontlening,tsreg) VALUES('22906','30','2000',null,'20100318');
INSERT INTO kern.admhnd (id,srt,partij,toelichtingontlening,tsreg) VALUES('22905','30','2000',null,'20100318');
INSERT INTO kern.admhnd (id,srt,partij,toelichtingontlening,tsreg) VALUES('22904','30','2000',null,'20100318');
INSERT INTO kern.admhnd (id,srt,partij,toelichtingontlening,tsreg) VALUES('22903','30','2000',null,'20100318');
INSERT INTO kern.admhnd (id,srt,partij,toelichtingontlening,tsreg) VALUES('22902','30','2000',null,'20100318');
INSERT INTO kern.admhnd (id,srt,partij,toelichtingontlening,tsreg) VALUES('22901','30','2000',null,'20100318');
INSERT INTO kern.admhnd (id,srt,partij,toelichtingontlening,tsreg) VALUES('22900','30','2000',null,'20100318');
INSERT INTO kern.admhnd (id,srt,partij,toelichtingontlening,tsreg) VALUES('22899','30','2000',null,'20100318');
INSERT INTO kern.admhnd (id,srt,partij,toelichtingontlening,tsreg) VALUES('22898','30','2000',null,'20100318');
INSERT INTO kern.admhnd (id,srt,partij,toelichtingontlening,tsreg) VALUES('22897','30','2000',null,'20100318');
INSERT INTO kern.admhnd (id,srt,partij,toelichtingontlening,tsreg) VALUES('22896','30','2000',null,'20100318');
INSERT INTO kern.admhnd (id,srt,partij,toelichtingontlening,tsreg) VALUES('22895','30','2000',null,'20100318');
INSERT INTO kern.admhnd (id,srt,partij,toelichtingontlening,tsreg) VALUES('22894','30','2000',null,'20100318');
INSERT INTO kern.admhnd (id,srt,partij,toelichtingontlening,tsreg) VALUES('22893','30','2000',null,'20100318');
INSERT INTO kern.admhnd (id,srt,partij,toelichtingontlening,tsreg) VALUES('22892','30','2000',null,'20100318');
INSERT INTO kern.admhnd (id,srt,partij,toelichtingontlening,tsreg) VALUES('22891','30','2000',null,'20100318');
INSERT INTO kern.admhnd (id,srt,partij,toelichtingontlening,tsreg) VALUES('22890','30','2000',null,'20100318');
INSERT INTO kern.admhnd (id,srt,partij,toelichtingontlening,tsreg) VALUES('22889','30','2000',null,'20100318');
INSERT INTO kern.admhnd (id,srt,partij,toelichtingontlening,tsreg) VALUES('22888','30','2000',null,'20100318');
INSERT INTO kern.admhnd (id,srt,partij,toelichtingontlening,tsreg) VALUES('22887','30','2000',null,'20100318');
INSERT INTO kern.admhnd (id,srt,partij,toelichtingontlening,tsreg) VALUES('22886','30','2000',null,'20100318');
INSERT INTO kern.admhnd (id,srt,partij,toelichtingontlening,tsreg) VALUES('22885','30','2000',null,'20100318');
INSERT INTO kern.admhnd (id,srt,partij,toelichtingontlening,tsreg) VALUES('22884','30','2000',null,'20100318');
INSERT INTO kern.admhnd (id,srt,partij,toelichtingontlening,tsreg) VALUES('22883','30','2000',null,'20100318');
INSERT INTO kern.admhnd (id,srt,partij,toelichtingontlening,tsreg) VALUES('22882','30','2000',null,'20100318');
INSERT INTO kern.admhnd (id,srt,partij,toelichtingontlening,tsreg) VALUES('22881','30','2000',null,'20100318');
INSERT INTO kern.admhnd (id,srt,partij,toelichtingontlening,tsreg) VALUES('22880','30','2000',null,'20100318');
INSERT INTO kern.admhnd (id,srt,partij,toelichtingontlening,tsreg) VALUES('22879','30','2000',null,'20100318');
INSERT INTO kern.admhnd (id,srt,partij,toelichtingontlening,tsreg) VALUES('22878','30','2000',null,'20100318');
INSERT INTO kern.admhnd (id,srt,partij,toelichtingontlening,tsreg) VALUES('22877','30','2000',null,'20100318');
INSERT INTO kern.admhnd (id,srt,partij,toelichtingontlening,tsreg) VALUES('22876','30','2000',null,'20100318');
INSERT INTO kern.admhnd (id,srt,partij,toelichtingontlening,tsreg) VALUES('22875','30','2000',null,'20100318');
INSERT INTO kern.admhnd (id,srt,partij,toelichtingontlening,tsreg) VALUES('22874','30','2000',null,'20100318');
INSERT INTO kern.admhnd (id,srt,partij,toelichtingontlening,tsreg) VALUES('22873','30','2000',null,'20100318');
INSERT INTO kern.admhnd (id,srt,partij,toelichtingontlening,tsreg) VALUES('22872','30','2000',null,'20100318');
INSERT INTO kern.admhnd (id,srt,partij,toelichtingontlening,tsreg) VALUES('22871','30','2000',null,'20100318');
INSERT INTO kern.admhnd (id,srt,partij,toelichtingontlening,tsreg) VALUES('22870','30','2000',null,'20100318');
INSERT INTO kern.admhnd (id,srt,partij,toelichtingontlening,tsreg) VALUES('22869','30','2000',null,'20100318');
INSERT INTO kern.admhnd (id,srt,partij,toelichtingontlening,tsreg) VALUES('22868','30','2000',null,'20100318');
INSERT INTO kern.admhnd (id,srt,partij,toelichtingontlening,tsreg) VALUES('22867','30','2000',null,'20100318');
INSERT INTO kern.admhnd (id,srt,partij,toelichtingontlening,tsreg) VALUES('22866','30','2000',null,'20100318');
INSERT INTO kern.admhnd (id,srt,partij,toelichtingontlening,tsreg) VALUES('22865','30','2000',null,'20100318');
INSERT INTO kern.admhnd (id,srt,partij,toelichtingontlening,tsreg) VALUES('22864','30','2000',null,'20100318');
INSERT INTO kern.admhnd (id,srt,partij,toelichtingontlening,tsreg) VALUES('22863','30','2000',null,'20100318');
INSERT INTO kern.admhnd (id,srt,partij,toelichtingontlening,tsreg) VALUES('22862','30','2000',null,'20100318');
INSERT INTO kern.admhnd (id,srt,partij,toelichtingontlening,tsreg) VALUES('22861','30','2000',null,'20100318');
INSERT INTO kern.admhnd (id,srt,partij,toelichtingontlening,tsreg) VALUES('22860','30','2000',null,'20100318');
INSERT INTO kern.admhnd (id,srt,partij,toelichtingontlening,tsreg) VALUES('22859','30','2000',null,'20100318');
INSERT INTO kern.admhnd (id,srt,partij,toelichtingontlening,tsreg) VALUES('22858','30','2000',null,'20100318');
INSERT INTO kern.admhnd (id,srt,partij,toelichtingontlening,tsreg) VALUES('22857','30','2000',null,'20100318');
INSERT INTO kern.admhnd (id,srt,partij,toelichtingontlening,tsreg) VALUES('22856','30','2000',null,'20100318');
INSERT INTO kern.admhnd (id,srt,partij,toelichtingontlening,tsreg) VALUES('22855','30','2000',null,'20100318');
INSERT INTO kern.admhnd (id,srt,partij,toelichtingontlening,tsreg) VALUES('22854','30','2000',null,'20100318');
INSERT INTO kern.admhnd (id,srt,partij,toelichtingontlening,tsreg) VALUES('22853','30','2000',null,'20100318');
INSERT INTO kern.admhnd (id,srt,partij,toelichtingontlening,tsreg) VALUES('22852','30','2000',null,'20100318');
INSERT INTO kern.admhnd (id,srt,partij,toelichtingontlening,tsreg) VALUES('22851','30','2000',null,'20100318');
INSERT INTO kern.admhnd (id,srt,partij,toelichtingontlening,tsreg) VALUES('22850','30','2000',null,'20100318');
INSERT INTO kern.admhnd (id,srt,partij,toelichtingontlening,tsreg) VALUES('22849','30','2000',null,'20100318');
INSERT INTO kern.admhnd (id,srt,partij,toelichtingontlening,tsreg) VALUES('22848','30','2000',null,'20100318');
INSERT INTO kern.admhnd (id,srt,partij,toelichtingontlening,tsreg) VALUES('22847','30','2000',null,'20100318');
INSERT INTO kern.admhnd (id,srt,partij,toelichtingontlening,tsreg) VALUES('22846','30','2000',null,'20100318');
INSERT INTO kern.admhnd (id,srt,partij,toelichtingontlening,tsreg) VALUES('22845','30','2000',null,'20100318');
INSERT INTO kern.admhnd (id,srt,partij,toelichtingontlening,tsreg) VALUES('22844','30','2000',null,'20100318');
INSERT INTO kern.admhnd (id,srt,partij,toelichtingontlening,tsreg) VALUES('22843','30','2000',null,'20100318');
INSERT INTO kern.admhnd (id,srt,partij,toelichtingontlening,tsreg) VALUES('22842','30','2000',null,'20100318');
INSERT INTO kern.admhnd (id,srt,partij,toelichtingontlening,tsreg) VALUES('22841','30','2000',null,'20100318');
INSERT INTO kern.admhnd (id,srt,partij,toelichtingontlening,tsreg) VALUES('22840','30','2000',null,'20100318');
INSERT INTO kern.admhnd (id,srt,partij,toelichtingontlening,tsreg) VALUES('22839','30','2000',null,'20100318');
INSERT INTO kern.admhnd (id,srt,partij,toelichtingontlening,tsreg) VALUES('22838','30','2000',null,'20100318');
INSERT INTO kern.admhnd (id,srt,partij,toelichtingontlening,tsreg) VALUES('22837','30','2000',null,'20100318');
INSERT INTO kern.admhnd (id,srt,partij,toelichtingontlening,tsreg) VALUES('22836','30','2000',null,'20100318');
INSERT INTO kern.admhnd (id,srt,partij,toelichtingontlening,tsreg) VALUES('22835','30','2000',null,'20100318');
INSERT INTO kern.admhnd (id,srt,partij,toelichtingontlening,tsreg) VALUES('22834','30','2000',null,'20100318');
INSERT INTO kern.admhnd (id,srt,partij,toelichtingontlening,tsreg) VALUES('22833','30','2000',null,'20100318');
INSERT INTO kern.admhnd (id,srt,partij,toelichtingontlening,tsreg) VALUES('22832','30','2000',null,'20100318');
INSERT INTO kern.admhnd (id,srt,partij,toelichtingontlening,tsreg) VALUES('22831','30','2000',null,'20100318');
INSERT INTO kern.admhnd (id,srt,partij,toelichtingontlening,tsreg) VALUES('22830','30','2000',null,'20100318');
INSERT INTO kern.admhnd (id,srt,partij,toelichtingontlening,tsreg) VALUES('22829','30','2000',null,'20100318');
INSERT INTO kern.admhnd (id,srt,partij,toelichtingontlening,tsreg) VALUES('22828','30','2000',null,'20100318');
INSERT INTO kern.admhnd (id,srt,partij,toelichtingontlening,tsreg) VALUES('22827','30','2000',null,'20100318');
INSERT INTO kern.admhnd (id,srt,partij,toelichtingontlening,tsreg) VALUES('22826','30','2000',null,'20100318');
INSERT INTO kern.admhnd (id,srt,partij,toelichtingontlening,tsreg) VALUES('22825','30','2000',null,'20100318');
INSERT INTO kern.admhnd (id,srt,partij,toelichtingontlening,tsreg) VALUES('22824','30','2000',null,'20100318');
INSERT INTO kern.admhnd (id,srt,partij,toelichtingontlening,tsreg) VALUES('22823','30','2000',null,'20100318');
INSERT INTO kern.admhnd (id,srt,partij,toelichtingontlening,tsreg) VALUES('22822','30','2000',null,'20100318');
INSERT INTO kern.admhnd (id,srt,partij,toelichtingontlening,tsreg) VALUES('22821','30','2000',null,'20100318');
INSERT INTO kern.admhnd (id,srt,partij,toelichtingontlening,tsreg) VALUES('22820','30','2000',null,'20100318');
INSERT INTO kern.admhnd (id,srt,partij,toelichtingontlening,tsreg) VALUES('22819','30','2000',null,'20100318');
INSERT INTO kern.admhnd (id,srt,partij,toelichtingontlening,tsreg) VALUES('22818','30','2000',null,'20100318');
INSERT INTO kern.admhnd (id,srt,partij,toelichtingontlening,tsreg) VALUES('22817','30','2000',null,'20100318');
INSERT INTO kern.admhnd (id,srt,partij,toelichtingontlening,tsreg) VALUES('22816','30','2000',null,'20100318');
INSERT INTO kern.admhnd (id,srt,partij,toelichtingontlening,tsreg) VALUES('22815','30','2000',null,'20100318');
INSERT INTO kern.admhnd (id,srt,partij,toelichtingontlening,tsreg) VALUES('22814','30','2000',null,'20100318');
INSERT INTO kern.admhnd (id,srt,partij,toelichtingontlening,tsreg) VALUES('22813','30','2000',null,'20100318');
INSERT INTO kern.admhnd (id,srt,partij,toelichtingontlening,tsreg) VALUES('22812','30','2000',null,'20100318');
INSERT INTO kern.admhnd (id,srt,partij,toelichtingontlening,tsreg) VALUES('22811','30','2000',null,'20100318');

commit;


--------------------------------------------------
--- EIND
--- Sheet: (admhnd)
--- Handler: SheetHandlerImplSimpleInsert
--- Aantal: (272)
--------------------------------------------------
--------------------------------------------------
--- START
--- Sheet: (brp_actie)
--- Handler: SheetHandlerImplSimpleInsert
--------------------------------------------------

begin;

INSERT INTO kern.actie (id,srt,admhnd,partij,tsreg) VALUES('22001','1','22001','2000','19811002');
INSERT INTO kern.actie (id,srt,admhnd,partij,tsreg) VALUES('22002','1','22002','2000','19820528');
INSERT INTO kern.actie (id,srt,admhnd,partij,tsreg) VALUES('22003','1','22003','2000','19660302');
INSERT INTO kern.actie (id,srt,admhnd,partij,tsreg) VALUES('22004','1','22004','2000','19691227');
INSERT INTO kern.actie (id,srt,admhnd,partij,tsreg) VALUES('22005','1','22005','2000','19710717');
INSERT INTO kern.actie (id,srt,admhnd,partij,tsreg) VALUES('22006','1','22006','2000','19720928');
INSERT INTO kern.actie (id,srt,admhnd,partij,tsreg) VALUES('22007','1','22007','2000','19800616');
INSERT INTO kern.actie (id,srt,admhnd,partij,tsreg) VALUES('22008','1','22008','2000','19810418');
INSERT INTO kern.actie (id,srt,admhnd,partij,tsreg) VALUES('22009','1','22009','2000','20110516');
INSERT INTO kern.actie (id,srt,admhnd,partij,tsreg) VALUES('22010','1','22010','2000','19691231');
INSERT INTO kern.actie (id,srt,admhnd,partij,tsreg) VALUES('22011','1','22011','2000','19690516');
INSERT INTO kern.actie (id,srt,admhnd,partij,tsreg) VALUES('22012','1','22012','2000','19771210');
INSERT INTO kern.actie (id,srt,admhnd,partij,tsreg) VALUES('22013','1','22013','2000','19550602');
INSERT INTO kern.actie (id,srt,admhnd,partij,tsreg) VALUES('22014','1','22014','2000','19780611');
INSERT INTO kern.actie (id,srt,admhnd,partij,tsreg) VALUES('22015','1','22015','2000','19880425');
INSERT INTO kern.actie (id,srt,admhnd,partij,tsreg) VALUES('22016','1','22016','2000','19881210');
INSERT INTO kern.actie (id,srt,admhnd,partij,tsreg) VALUES('22017','1','22017','2000','19960523');
INSERT INTO kern.actie (id,srt,admhnd,partij,tsreg) VALUES('22018','1','22018','2000','19941005');
INSERT INTO kern.actie (id,srt,admhnd,partij,tsreg) VALUES('22019','1','22019','2000','19941005');
INSERT INTO kern.actie (id,srt,admhnd,partij,tsreg) VALUES('22020','1','22020','2000','19760103');
INSERT INTO kern.actie (id,srt,admhnd,partij,tsreg) VALUES('22021','1','22021','2000','19961003');
INSERT INTO kern.actie (id,srt,admhnd,partij,tsreg) VALUES('22022','1','22022','2000','19951003');
INSERT INTO kern.actie (id,srt,admhnd,partij,tsreg) VALUES('22023','1','22023','2000','19941003');
INSERT INTO kern.actie (id,srt,admhnd,partij,tsreg) VALUES('22024','1','22024','2000','19770401');
INSERT INTO kern.actie (id,srt,admhnd,partij,tsreg) VALUES('22025','1','22025','2000','19880611');
INSERT INTO kern.actie (id,srt,admhnd,partij,tsreg) VALUES('22026','1','22026','2000','19910721');
INSERT INTO kern.actie (id,srt,admhnd,partij,tsreg) VALUES('22027','1','22027','2000','19910911');
INSERT INTO kern.actie (id,srt,admhnd,partij,tsreg) VALUES('22028','1','22028','2000','19900722');
INSERT INTO kern.actie (id,srt,admhnd,partij,tsreg) VALUES('22029','1','22029','2000','19200430');
INSERT INTO kern.actie (id,srt,admhnd,partij,tsreg) VALUES('22030','1','22030','2000','19220419');
INSERT INTO kern.actie (id,srt,admhnd,partij,tsreg) VALUES('22031','1','22031','2000','19920219');
INSERT INTO kern.actie (id,srt,admhnd,partij,tsreg) VALUES('22032','1','22032','2000','19510923');
INSERT INTO kern.actie (id,srt,admhnd,partij,tsreg) VALUES('22033','1','22033','2000','19531116');
INSERT INTO kern.actie (id,srt,admhnd,partij,tsreg) VALUES('22034','1','22034','2000','19390402');
INSERT INTO kern.actie (id,srt,admhnd,partij,tsreg) VALUES('22035','1','22035','2000','19841203');
INSERT INTO kern.actie (id,srt,admhnd,partij,tsreg) VALUES('22036','1','22036','2000','19851011');
INSERT INTO kern.actie (id,srt,admhnd,partij,tsreg) VALUES('22037','1','22037','2000','20050112');
INSERT INTO kern.actie (id,srt,admhnd,partij,tsreg) VALUES('22038','1','22038','2000','20051201');
INSERT INTO kern.actie (id,srt,admhnd,partij,tsreg) VALUES('22039','1','22039','2000','20050112');
INSERT INTO kern.actie (id,srt,admhnd,partij,tsreg) VALUES('22040','1','22040','2000','20051201');
INSERT INTO kern.actie (id,srt,admhnd,partij,tsreg) VALUES('22041','1','22041','2000','19680809');
INSERT INTO kern.actie (id,srt,admhnd,partij,tsreg) VALUES('22042','1','22042','2000','19580921');
INSERT INTO kern.actie (id,srt,admhnd,partij,tsreg) VALUES('22043','1','22043','2000','19951004');
INSERT INTO kern.actie (id,srt,admhnd,partij,tsreg) VALUES('22044','1','22044','2000','20051201');
INSERT INTO kern.actie (id,srt,admhnd,partij,tsreg) VALUES('22045','1','22045','2000','20050112');
INSERT INTO kern.actie (id,srt,admhnd,partij,tsreg) VALUES('22500','1','22500','2000','20031226');
INSERT INTO kern.actie (id,srt,admhnd,partij,tsreg) VALUES('22501','32','22501','2000','20030327');
INSERT INTO kern.actie (id,srt,admhnd,partij,tsreg) VALUES('22502','32','22502','2000','19901111');
INSERT INTO kern.actie (id,srt,admhnd,partij,tsreg) VALUES('22503','32','22503','2000','19970605');
INSERT INTO kern.actie (id,srt,admhnd,partij,tsreg) VALUES('22504','32','22504','2000','20031024');
INSERT INTO kern.actie (id,srt,admhnd,partij,tsreg) VALUES('22505','32','22505','2000','19960304');
INSERT INTO kern.actie (id,srt,admhnd,partij,tsreg) VALUES('22506','16','22506','2000','20111111');
INSERT INTO kern.actie (id,srt,admhnd,partij,tsreg) VALUES('22624','10','22624','2000','19800101');
INSERT INTO kern.actie (id,srt,admhnd,partij,tsreg) VALUES('22625','11','22625','2000','20130101');
INSERT INTO kern.actie (id,srt,admhnd,partij,tsreg) VALUES('22626','13','22626','2000','20130101');
INSERT INTO kern.actie (id,srt,admhnd,partij,tsreg) VALUES('22627','8','22627','2000','20130101');
INSERT INTO kern.actie (id,srt,admhnd,partij,tsreg) VALUES('22628','10','22628','2000','20130101');
INSERT INTO kern.actie (id,srt,admhnd,partij,tsreg) VALUES('22629','1','22629','2000','20130101');
INSERT INTO kern.actie (id,srt,admhnd,partij,tsreg) VALUES('22630','1','22630','2000','19900722');
INSERT INTO kern.actie (id,srt,admhnd,partij,tsreg) VALUES('22631','1','22631','2000','19910911');
INSERT INTO kern.actie (id,srt,admhnd,partij,tsreg) VALUES('22632','23','22632','2000','20001022');
INSERT INTO kern.actie (id,srt,admhnd,partij,tsreg) VALUES('22633','7','22633','2000','20050103');
INSERT INTO kern.actie (id,srt,admhnd,partij,tsreg) VALUES('22634','32','22634','2000','19800610');
INSERT INTO kern.actie (id,srt,admhnd,partij,tsreg) VALUES('22635','32','22635','2000','19810425');
INSERT INTO kern.actie (id,srt,admhnd,partij,tsreg) VALUES('22636','32','22636','2000','19760701');
INSERT INTO kern.actie (id,srt,admhnd,partij,tsreg) VALUES('22637','32','22637','2000','20060315');
INSERT INTO kern.actie (id,srt,admhnd,partij,tsreg) VALUES('22638','1','22638','2000','20050112');
INSERT INTO kern.actie (id,srt,admhnd,partij,tsreg) VALUES('22639','1','22639','2000','20051201');
INSERT INTO kern.actie (id,srt,admhnd,partij,tsreg) VALUES('22640','1','22640','2000','19951003');
INSERT INTO kern.actie (id,srt,admhnd,partij,tsreg) VALUES('22641','32','22641','2000','20031010');
INSERT INTO kern.actie (id,srt,admhnd,partij,tsreg) VALUES('22642','1','22642','2000','20050112');
INSERT INTO kern.actie (id,srt,admhnd,partij,tsreg) VALUES('22643','32','22643','2000','20120101');
INSERT INTO kern.actie (id,srt,admhnd,partij,tsreg) VALUES('22644','32','22644','2000','20120209');
INSERT INTO kern.actie (id,srt,admhnd,partij,tsreg) VALUES('22645','16','22645','2000','20120103');
INSERT INTO kern.actie (id,srt,admhnd,partij,tsreg) VALUES('22646','7','22646','2000','20120103');
INSERT INTO kern.actie (id,srt,admhnd,partij,tsreg) VALUES('22647','16','22647','2000','20120103');
INSERT INTO kern.actie (id,srt,admhnd,partij,tsreg) VALUES('22648','7','22648','2000','20120103');
INSERT INTO kern.actie (id,srt,admhnd,partij,tsreg) VALUES('22649','16','22649','2000','20120605');
INSERT INTO kern.actie (id,srt,admhnd,partij,tsreg) VALUES('22650','32','22650','2000','20030328');
INSERT INTO kern.actie (id,srt,admhnd,partij,tsreg) VALUES('22651','32','22651','2000','20030328');
INSERT INTO kern.actie (id,srt,admhnd,partij,tsreg) VALUES('22652','16','22652','2000','20120208');
INSERT INTO kern.actie (id,srt,admhnd,partij,tsreg) VALUES('22653','7','22653','2000','20120208');
INSERT INTO kern.actie (id,srt,admhnd,partij,tsreg) VALUES('23000','18','23000','2000','20050328');
INSERT INTO kern.actie (id,srt,admhnd,partij,tsreg) VALUES('22999','18','22999','2000','20050328');
INSERT INTO kern.actie (id,srt,admhnd,partij,tsreg) VALUES('22998','18','22998','2000','20030327');
INSERT INTO kern.actie (id,srt,admhnd,partij,tsreg) VALUES('22997','18','22997','2000','20030327');
INSERT INTO kern.actie (id,srt,admhnd,partij,tsreg) VALUES('22996','18','22996','2000','19811002');
INSERT INTO kern.actie (id,srt,admhnd,partij,tsreg) VALUES('22995','18','22995','2000','20050328');
INSERT INTO kern.actie (id,srt,admhnd,partij,tsreg) VALUES('22994','18','22994','2000','20050328');
INSERT INTO kern.actie (id,srt,admhnd,partij,tsreg) VALUES('22993','18','22993','2000','20030327');
INSERT INTO kern.actie (id,srt,admhnd,partij,tsreg) VALUES('22992','18','22992','2000','20030327');
INSERT INTO kern.actie (id,srt,admhnd,partij,tsreg) VALUES('22991','18','22991','2000','19820528');
INSERT INTO kern.actie (id,srt,admhnd,partij,tsreg) VALUES('22990','18','22990','2000','19901201');
INSERT INTO kern.actie (id,srt,admhnd,partij,tsreg) VALUES('22989','18','22989','2000','19901201');
INSERT INTO kern.actie (id,srt,admhnd,partij,tsreg) VALUES('22988','18','22988','2000','19901111');
INSERT INTO kern.actie (id,srt,admhnd,partij,tsreg) VALUES('22987','18','22987','2000','19901111');
INSERT INTO kern.actie (id,srt,admhnd,partij,tsreg) VALUES('22986','18','22986','2000','19660302');
INSERT INTO kern.actie (id,srt,admhnd,partij,tsreg) VALUES('22985','18','22985','2000','19901201');
INSERT INTO kern.actie (id,srt,admhnd,partij,tsreg) VALUES('22984','18','22984','2000','19901201');
INSERT INTO kern.actie (id,srt,admhnd,partij,tsreg) VALUES('22983','18','22983','2000','19901111');
INSERT INTO kern.actie (id,srt,admhnd,partij,tsreg) VALUES('22982','18','22982','2000','19901111');
INSERT INTO kern.actie (id,srt,admhnd,partij,tsreg) VALUES('22981','18','22981','2000','19691227');
INSERT INTO kern.actie (id,srt,admhnd,partij,tsreg) VALUES('22980','18','22980','2000','19981201');
INSERT INTO kern.actie (id,srt,admhnd,partij,tsreg) VALUES('22979','18','22979','2000','19981201');
INSERT INTO kern.actie (id,srt,admhnd,partij,tsreg) VALUES('22978','18','22978','2000','19970605');
INSERT INTO kern.actie (id,srt,admhnd,partij,tsreg) VALUES('22977','18','22977','2000','19970605');
INSERT INTO kern.actie (id,srt,admhnd,partij,tsreg) VALUES('22976','18','22976','2000','19710717');
INSERT INTO kern.actie (id,srt,admhnd,partij,tsreg) VALUES('22975','18','22975','2000','19981201');
INSERT INTO kern.actie (id,srt,admhnd,partij,tsreg) VALUES('22974','18','22974','2000','19981201');
INSERT INTO kern.actie (id,srt,admhnd,partij,tsreg) VALUES('22973','18','22973','2000','19970605');
INSERT INTO kern.actie (id,srt,admhnd,partij,tsreg) VALUES('22972','18','22972','2000','19970605');
INSERT INTO kern.actie (id,srt,admhnd,partij,tsreg) VALUES('22971','18','22971','2000','19720928');
INSERT INTO kern.actie (id,srt,admhnd,partij,tsreg) VALUES('22970','18','22970','2000','20110205');
INSERT INTO kern.actie (id,srt,admhnd,partij,tsreg) VALUES('22969','18','22969','2000','20110205');
INSERT INTO kern.actie (id,srt,admhnd,partij,tsreg) VALUES('22968','18','22968','2000','20031024');
INSERT INTO kern.actie (id,srt,admhnd,partij,tsreg) VALUES('22967','18','22967','2000','20031024');
INSERT INTO kern.actie (id,srt,admhnd,partij,tsreg) VALUES('22966','18','22966','2000','19800616');
INSERT INTO kern.actie (id,srt,admhnd,partij,tsreg) VALUES('22965','18','22965','2000','20110205');
INSERT INTO kern.actie (id,srt,admhnd,partij,tsreg) VALUES('22964','18','22964','2000','20110205');
INSERT INTO kern.actie (id,srt,admhnd,partij,tsreg) VALUES('22963','18','22963','2000','20031024');
INSERT INTO kern.actie (id,srt,admhnd,partij,tsreg) VALUES('22962','18','22962','2000','20031024');
INSERT INTO kern.actie (id,srt,admhnd,partij,tsreg) VALUES('22961','18','22961','2000','19810418');
INSERT INTO kern.actie (id,srt,admhnd,partij,tsreg) VALUES('22960','18','22960','2000','20110205');
INSERT INTO kern.actie (id,srt,admhnd,partij,tsreg) VALUES('22959','18','22959','2000','20110205');
INSERT INTO kern.actie (id,srt,admhnd,partij,tsreg) VALUES('22958','18','22958','2000','20031226');
INSERT INTO kern.actie (id,srt,admhnd,partij,tsreg) VALUES('22957','18','22957','2000','20090928');
INSERT INTO kern.actie (id,srt,admhnd,partij,tsreg) VALUES('22956','18','22956','2000','20090928');
INSERT INTO kern.actie (id,srt,admhnd,partij,tsreg) VALUES('22955','18','22955','2000','19960304');
INSERT INTO kern.actie (id,srt,admhnd,partij,tsreg) VALUES('22954','18','22954','2000','19960304');
INSERT INTO kern.actie (id,srt,admhnd,partij,tsreg) VALUES('22953','18','22953','2000','19691231');
INSERT INTO kern.actie (id,srt,admhnd,partij,tsreg) VALUES('22952','18','22952','2000','20090928');
INSERT INTO kern.actie (id,srt,admhnd,partij,tsreg) VALUES('22951','18','22951','2000','20090928');
INSERT INTO kern.actie (id,srt,admhnd,partij,tsreg) VALUES('22950','18','22950','2000','19960304');
INSERT INTO kern.actie (id,srt,admhnd,partij,tsreg) VALUES('22949','18','22949','2000','19960304');
INSERT INTO kern.actie (id,srt,admhnd,partij,tsreg) VALUES('22948','18','22948','2000','19690516');
INSERT INTO kern.actie (id,srt,admhnd,partij,tsreg) VALUES('22947','18','22947','2000','20000228');
INSERT INTO kern.actie (id,srt,admhnd,partij,tsreg) VALUES('22946','18','22946','2000','20000228');
INSERT INTO kern.actie (id,srt,admhnd,partij,tsreg) VALUES('22945','18','22945','2000','19771210');
INSERT INTO kern.actie (id,srt,admhnd,partij,tsreg) VALUES('22944','18','22944','2000','19920508');
INSERT INTO kern.actie (id,srt,admhnd,partij,tsreg) VALUES('22943','18','22943','2000','19920508');
INSERT INTO kern.actie (id,srt,admhnd,partij,tsreg) VALUES('22942','18','22942','2000','19550602');
INSERT INTO kern.actie (id,srt,admhnd,partij,tsreg) VALUES('22941','18','22941','2000','19780611');
INSERT INTO kern.actie (id,srt,admhnd,partij,tsreg) VALUES('22940','18','22940','2000','20110425');
INSERT INTO kern.actie (id,srt,admhnd,partij,tsreg) VALUES('22939','18','22939','2000','20110425');
INSERT INTO kern.actie (id,srt,admhnd,partij,tsreg) VALUES('22938','18','22938','2000','19880425');
INSERT INTO kern.actie (id,srt,admhnd,partij,tsreg) VALUES('22937','18','22937','2000','20100626');
INSERT INTO kern.actie (id,srt,admhnd,partij,tsreg) VALUES('22936','18','22936','2000','20100626');
INSERT INTO kern.actie (id,srt,admhnd,partij,tsreg) VALUES('22935','18','22935','2000','19880425');
INSERT INTO kern.actie (id,srt,admhnd,partij,tsreg) VALUES('22934','18','22934','2000','19880425');
INSERT INTO kern.actie (id,srt,admhnd,partij,tsreg) VALUES('22933','18','22933','2000','18991210');
INSERT INTO kern.actie (id,srt,admhnd,partij,tsreg) VALUES('22932','18','22932','2000','20030327');
INSERT INTO kern.actie (id,srt,admhnd,partij,tsreg) VALUES('22931','18','22931','2000','20030327');
INSERT INTO kern.actie (id,srt,admhnd,partij,tsreg) VALUES('22930','18','22930','2000','19820523');
INSERT INTO kern.actie (id,srt,admhnd,partij,tsreg) VALUES('22929','18','22929','2000','19911002');
INSERT INTO kern.actie (id,srt,admhnd,partij,tsreg) VALUES('22928','18','22928','2000','19911002');
INSERT INTO kern.actie (id,srt,admhnd,partij,tsreg) VALUES('22927','18','22927','2000','19840411');
INSERT INTO kern.actie (id,srt,admhnd,partij,tsreg) VALUES('22926','18','22926','2000','19901111');
INSERT INTO kern.actie (id,srt,admhnd,partij,tsreg) VALUES('22925','18','22925','2000','19901111');
INSERT INTO kern.actie (id,srt,admhnd,partij,tsreg) VALUES('22924','18','22924','2000','19741026');
INSERT INTO kern.actie (id,srt,admhnd,partij,tsreg) VALUES('22923','18','22923','2000','19820528');
INSERT INTO kern.actie (id,srt,admhnd,partij,tsreg) VALUES('22922','18','22922','2000','19820528');
INSERT INTO kern.actie (id,srt,admhnd,partij,tsreg) VALUES('22921','18','22921','2000','19760103');
INSERT INTO kern.actie (id,srt,admhnd,partij,tsreg) VALUES('22920','18','22920','2000','20010328');
INSERT INTO kern.actie (id,srt,admhnd,partij,tsreg) VALUES('22919','18','22919','2000','20010328');
INSERT INTO kern.actie (id,srt,admhnd,partij,tsreg) VALUES('22918','18','22918','2000','19920516');
INSERT INTO kern.actie (id,srt,admhnd,partij,tsreg) VALUES('22917','18','22917','2000','20101002');
INSERT INTO kern.actie (id,srt,admhnd,partij,tsreg) VALUES('22916','18','22916','2000','20101002');
INSERT INTO kern.actie (id,srt,admhnd,partij,tsreg) VALUES('22915','18','22915','2000','19951110');
INSERT INTO kern.actie (id,srt,admhnd,partij,tsreg) VALUES('22914','18','22914','2000','19970605');
INSERT INTO kern.actie (id,srt,admhnd,partij,tsreg) VALUES('22913','18','22913','2000','19970605');
INSERT INTO kern.actie (id,srt,admhnd,partij,tsreg) VALUES('22912','18','22912','2000','19680310');
INSERT INTO kern.actie (id,srt,admhnd,partij,tsreg) VALUES('22911','18','22911','2000','19790928');
INSERT INTO kern.actie (id,srt,admhnd,partij,tsreg) VALUES('22910','18','22910','2000','19790928');
INSERT INTO kern.actie (id,srt,admhnd,partij,tsreg) VALUES('22909','18','22909','2000','19770401');
INSERT INTO kern.actie (id,srt,admhnd,partij,tsreg) VALUES('22908','18','22908','2000','19950929');
INSERT INTO kern.actie (id,srt,admhnd,partij,tsreg) VALUES('22907','18','22907','2000','19950929');
INSERT INTO kern.actie (id,srt,admhnd,partij,tsreg) VALUES('22906','18','22906','2000','19880611');
INSERT INTO kern.actie (id,srt,admhnd,partij,tsreg) VALUES('22905','18','22905','2000','20000101');
INSERT INTO kern.actie (id,srt,admhnd,partij,tsreg) VALUES('22904','18','22904','2000','20000101');
INSERT INTO kern.actie (id,srt,admhnd,partij,tsreg) VALUES('22903','18','22903','2000','19910721');
INSERT INTO kern.actie (id,srt,admhnd,partij,tsreg) VALUES('22902','18','22902','2000','20031024');
INSERT INTO kern.actie (id,srt,admhnd,partij,tsreg) VALUES('22901','18','22901','2000','20031024');
INSERT INTO kern.actie (id,srt,admhnd,partij,tsreg) VALUES('22900','18','22900','2000','19910911');
INSERT INTO kern.actie (id,srt,admhnd,partij,tsreg) VALUES('22899','18','22899','2000','19990616');
INSERT INTO kern.actie (id,srt,admhnd,partij,tsreg) VALUES('22898','18','22898','2000','19990616');
INSERT INTO kern.actie (id,srt,admhnd,partij,tsreg) VALUES('22897','18','22897','2000','19900722');
INSERT INTO kern.actie (id,srt,admhnd,partij,tsreg) VALUES('22896','18','22896','2000','20120620');
INSERT INTO kern.actie (id,srt,admhnd,partij,tsreg) VALUES('22895','18','22895','2000','20120620');
INSERT INTO kern.actie (id,srt,admhnd,partij,tsreg) VALUES('22894','18','22894','2000','20091201');
INSERT INTO kern.actie (id,srt,admhnd,partij,tsreg) VALUES('22893','18','22893','2000','20091201');
INSERT INTO kern.actie (id,srt,admhnd,partij,tsreg) VALUES('22892','18','22892','2000','20060201');
INSERT INTO kern.actie (id,srt,admhnd,partij,tsreg) VALUES('22891','18','22891','2000','20060201');
INSERT INTO kern.actie (id,srt,admhnd,partij,tsreg) VALUES('22890','18','22890','2000','19220419');
INSERT INTO kern.actie (id,srt,admhnd,partij,tsreg) VALUES('22889','18','22889','2000','20120306');
INSERT INTO kern.actie (id,srt,admhnd,partij,tsreg) VALUES('22888','18','22888','2000','20120306');
INSERT INTO kern.actie (id,srt,admhnd,partij,tsreg) VALUES('22887','18','22887','2000','20010926');
INSERT INTO kern.actie (id,srt,admhnd,partij,tsreg) VALUES('22886','18','22886','2000','20010926');
INSERT INTO kern.actie (id,srt,admhnd,partij,tsreg) VALUES('22885','18','22885','2000','20000827');
INSERT INTO kern.actie (id,srt,admhnd,partij,tsreg) VALUES('22884','18','22884','2000','20000827');
INSERT INTO kern.actie (id,srt,admhnd,partij,tsreg) VALUES('22883','18','22883','2000','19920219');
INSERT INTO kern.actie (id,srt,admhnd,partij,tsreg) VALUES('22882','18','22882','2000','20120621');
INSERT INTO kern.actie (id,srt,admhnd,partij,tsreg) VALUES('22881','18','22881','2000','20120621');
INSERT INTO kern.actie (id,srt,admhnd,partij,tsreg) VALUES('22880','18','22880','2000','20010301');
INSERT INTO kern.actie (id,srt,admhnd,partij,tsreg) VALUES('22879','18','22879','2000','20010301');
INSERT INTO kern.actie (id,srt,admhnd,partij,tsreg) VALUES('22878','18','22878','2000','19670601');
INSERT INTO kern.actie (id,srt,admhnd,partij,tsreg) VALUES('22877','18','22877','2000','19670601');
INSERT INTO kern.actie (id,srt,admhnd,partij,tsreg) VALUES('22876','18','22876','2000','19510923');
INSERT INTO kern.actie (id,srt,admhnd,partij,tsreg) VALUES('22875','18','22875','2000','20120621');
INSERT INTO kern.actie (id,srt,admhnd,partij,tsreg) VALUES('22874','18','22874','2000','20120621');
INSERT INTO kern.actie (id,srt,admhnd,partij,tsreg) VALUES('22873','18','22873','2000','20010301');
INSERT INTO kern.actie (id,srt,admhnd,partij,tsreg) VALUES('22872','18','22872','2000','20010301');
INSERT INTO kern.actie (id,srt,admhnd,partij,tsreg) VALUES('22871','18','22871','2000','19670601');
INSERT INTO kern.actie (id,srt,admhnd,partij,tsreg) VALUES('22870','18','22870','2000','19670601');
INSERT INTO kern.actie (id,srt,admhnd,partij,tsreg) VALUES('22869','18','22869','2000','19531116');
INSERT INTO kern.actie (id,srt,admhnd,partij,tsreg) VALUES('22868','18','22868','2000','20090701');
INSERT INTO kern.actie (id,srt,admhnd,partij,tsreg) VALUES('22867','18','22867','2000','20090701');
INSERT INTO kern.actie (id,srt,admhnd,partij,tsreg) VALUES('22866','18','22866','2000','20080218');
INSERT INTO kern.actie (id,srt,admhnd,partij,tsreg) VALUES('22865','18','22865','2000','20080218');
INSERT INTO kern.actie (id,srt,admhnd,partij,tsreg) VALUES('22864','18','22864','2000','20070406');
INSERT INTO kern.actie (id,srt,admhnd,partij,tsreg) VALUES('22863','18','22863','2000','20070406');
INSERT INTO kern.actie (id,srt,admhnd,partij,tsreg) VALUES('22862','18','22862','2000','19390402');
INSERT INTO kern.actie (id,srt,admhnd,partij,tsreg) VALUES('22861','18','22861','2000','20090301');
INSERT INTO kern.actie (id,srt,admhnd,partij,tsreg) VALUES('22860','18','22860','2000','20090301');
INSERT INTO kern.actie (id,srt,admhnd,partij,tsreg) VALUES('22859','18','22859','2000','20081101');
INSERT INTO kern.actie (id,srt,admhnd,partij,tsreg) VALUES('22858','18','22858','2000','20081101');
INSERT INTO kern.actie (id,srt,admhnd,partij,tsreg) VALUES('22857','18','22857','2000','20050101');
INSERT INTO kern.actie (id,srt,admhnd,partij,tsreg) VALUES('22856','18','22856','2000','20050101');
INSERT INTO kern.actie (id,srt,admhnd,partij,tsreg) VALUES('22855','18','22855','2000','19841203');
INSERT INTO kern.actie (id,srt,admhnd,partij,tsreg) VALUES('22854','18','22854','2000','20090301');
INSERT INTO kern.actie (id,srt,admhnd,partij,tsreg) VALUES('22853','18','22853','2000','20090301');
INSERT INTO kern.actie (id,srt,admhnd,partij,tsreg) VALUES('22852','18','22852','2000','20081101');
INSERT INTO kern.actie (id,srt,admhnd,partij,tsreg) VALUES('22851','18','22851','2000','20081101');
INSERT INTO kern.actie (id,srt,admhnd,partij,tsreg) VALUES('22850','18','22850','2000','20050101');
INSERT INTO kern.actie (id,srt,admhnd,partij,tsreg) VALUES('22849','18','22849','2000','20050101');
INSERT INTO kern.actie (id,srt,admhnd,partij,tsreg) VALUES('22848','18','22848','2000','19851011');
INSERT INTO kern.actie (id,srt,admhnd,partij,tsreg) VALUES('22847','18','22847','2000','20090301');
INSERT INTO kern.actie (id,srt,admhnd,partij,tsreg) VALUES('22846','18','22846','2000','20090301');
INSERT INTO kern.actie (id,srt,admhnd,partij,tsreg) VALUES('22845','18','22845','2000','20081101');
INSERT INTO kern.actie (id,srt,admhnd,partij,tsreg) VALUES('22844','18','22844','2000','20081101');
INSERT INTO kern.actie (id,srt,admhnd,partij,tsreg) VALUES('22843','18','22843','2000','20050112');
INSERT INTO kern.actie (id,srt,admhnd,partij,tsreg) VALUES('22842','18','22842','2000','20090301');
INSERT INTO kern.actie (id,srt,admhnd,partij,tsreg) VALUES('22841','18','22841','2000','20090301');
INSERT INTO kern.actie (id,srt,admhnd,partij,tsreg) VALUES('22840','18','22840','2000','20081101');
INSERT INTO kern.actie (id,srt,admhnd,partij,tsreg) VALUES('22839','18','22839','2000','20081101');
INSERT INTO kern.actie (id,srt,admhnd,partij,tsreg) VALUES('22838','18','22838','2000','20051201');
INSERT INTO kern.actie (id,srt,admhnd,partij,tsreg) VALUES('22837','18','22837','2000','20120522');
INSERT INTO kern.actie (id,srt,admhnd,partij,tsreg) VALUES('22836','18','22836','2000','20120522');
INSERT INTO kern.actie (id,srt,admhnd,partij,tsreg) VALUES('22835','18','22835','2000','20111201');
INSERT INTO kern.actie (id,srt,admhnd,partij,tsreg) VALUES('22834','18','22834','2000','20111201');
INSERT INTO kern.actie (id,srt,admhnd,partij,tsreg) VALUES('22833','18','22833','2000','20101201');
INSERT INTO kern.actie (id,srt,admhnd,partij,tsreg) VALUES('22832','18','22832','2000','20101201');
INSERT INTO kern.actie (id,srt,admhnd,partij,tsreg) VALUES('22831','18','22831','2000','19910315');
INSERT INTO kern.actie (id,srt,admhnd,partij,tsreg) VALUES('22830','18','22830','2000','20010517');
INSERT INTO kern.actie (id,srt,admhnd,partij,tsreg) VALUES('22829','18','22829','2000','20090201');
INSERT INTO kern.actie (id,srt,admhnd,partij,tsreg) VALUES('22828','18','22828','2000','20090201');
INSERT INTO kern.actie (id,srt,admhnd,partij,tsreg) VALUES('22827','18','22827','2000','20060523');
INSERT INTO kern.actie (id,srt,admhnd,partij,tsreg) VALUES('22826','18','22826','2000','20060523');
INSERT INTO kern.actie (id,srt,admhnd,partij,tsreg) VALUES('22825','18','22825','2000','20040819');
INSERT INTO kern.actie (id,srt,admhnd,partij,tsreg) VALUES('22824','18','22824','2000','20040819');
INSERT INTO kern.actie (id,srt,admhnd,partij,tsreg) VALUES('22823','18','22823','2000','20010517');
INSERT INTO kern.actie (id,srt,admhnd,partij,tsreg) VALUES('22822','18','22822','2000','20010328');
INSERT INTO kern.actie (id,srt,admhnd,partij,tsreg) VALUES('22821','18','22821','2000','20010328');
INSERT INTO kern.actie (id,srt,admhnd,partij,tsreg) VALUES('22820','18','22820','2000','19580921');
INSERT INTO kern.actie (id,srt,admhnd,partij,tsreg) VALUES('22819','18','22819','2000','19820528');
INSERT INTO kern.actie (id,srt,admhnd,partij,tsreg) VALUES('22818','18','22818','2000','19820528');
INSERT INTO kern.actie (id,srt,admhnd,partij,tsreg) VALUES('22817','18','22817','2000','19590922');
INSERT INTO kern.actie (id,srt,admhnd,partij,tsreg) VALUES('22816','18','22816','2000','20010328');
INSERT INTO kern.actie (id,srt,admhnd,partij,tsreg) VALUES('22815','18','22815','2000','20010328');
INSERT INTO kern.actie (id,srt,admhnd,partij,tsreg) VALUES('22814','18','22814','2000','19601221');
INSERT INTO kern.actie (id,srt,admhnd,partij,tsreg) VALUES('22813','18','22813','2000','19911002');
INSERT INTO kern.actie (id,srt,admhnd,partij,tsreg) VALUES('22812','18','22812','2000','19911002');
INSERT INTO kern.actie (id,srt,admhnd,partij,tsreg) VALUES('22811','18','22811','2000','19611222');

commit;


--------------------------------------------------
--- EIND
--- Sheet: (brp_actie)
--- Handler: SheetHandlerImplSimpleInsert
--- Aantal: (272)
--------------------------------------------------
--------------------------------------------------
--- START
--- Sheet: (his_persafgeleidadministrati)
--- Handler: SheetHandlerImplSimpleInsert
--------------------------------------------------

begin;

INSERT INTO kern.his_persafgeleidadministrati (id,pers,tsreg,tsverval,actieinh,actieverval,nadereaandverval,admhnd,tslaatstewijz,sorteervolgorde,indonverwbijhvoorstelnieting,tslaatstewijzgbasystematiek) VALUES('22001','22001','2005-03-28 00:00:00+00',null,'23000',null,null,'23000','2005-03-28 00:00:00+00','1','FALSE',null);
INSERT INTO kern.his_persafgeleidadministrati (id,pers,tsreg,tsverval,actieinh,actieverval,nadereaandverval,admhnd,tslaatstewijz,sorteervolgorde,indonverwbijhvoorstelnieting,tslaatstewijzgbasystematiek) VALUES('22002','22001','2003-03-28 00:00:00+00','2005-03-28 00:00:00+00','22650','23000',null,'22650','2003-03-28 00:00:00+00','1','FALSE',null);
INSERT INTO kern.his_persafgeleidadministrati (id,pers,tsreg,tsverval,actieinh,actieverval,nadereaandverval,admhnd,tslaatstewijz,sorteervolgorde,indonverwbijhvoorstelnieting,tslaatstewijzgbasystematiek) VALUES('22003','22001','2003-03-27 04:00:00+00','2003-03-28 00:00:00+00','22999','22650',null,'22999','2003-03-27 00:00:00+00','1','FALSE',null);
INSERT INTO kern.his_persafgeleidadministrati (id,pers,tsreg,tsverval,actieinh,actieverval,nadereaandverval,admhnd,tslaatstewijz,sorteervolgorde,indonverwbijhvoorstelnieting,tslaatstewijzgbasystematiek) VALUES('22004','22001','2003-03-27 00:00:00+00','2003-03-27 04:00:00+00','22501','22999',null,'22501','2003-03-27 00:00:00+00','1','FALSE',null);
INSERT INTO kern.his_persafgeleidadministrati (id,pers,tsreg,tsverval,actieinh,actieverval,nadereaandverval,admhnd,tslaatstewijz,sorteervolgorde,indonverwbijhvoorstelnieting,tslaatstewijzgbasystematiek) VALUES('22005','22001','2000-10-02 00:00:00+00','2003-03-27 00:00:00+00','22627','22501',null,'22627','2000-10-02 00:00:00+00','1','FALSE',null);
INSERT INTO kern.his_persafgeleidadministrati (id,pers,tsreg,tsverval,actieinh,actieverval,nadereaandverval,admhnd,tslaatstewijz,sorteervolgorde,indonverwbijhvoorstelnieting,tslaatstewijzgbasystematiek) VALUES('22006','22001','1981-10-02 04:00:00+00','2000-10-02 00:00:00+00','22998','22627',null,'22998','1981-10-02 00:00:00+00','1','FALSE',null);
INSERT INTO kern.his_persafgeleidadministrati (id,pers,tsreg,tsverval,actieinh,actieverval,nadereaandverval,admhnd,tslaatstewijz,sorteervolgorde,indonverwbijhvoorstelnieting,tslaatstewijzgbasystematiek) VALUES('22007','22001','1981-10-02 00:00:00+00','1981-10-02 04:00:00+00','22001','22998',null,'22001','1981-10-02 00:00:00+00','1','FALSE',null);
INSERT INTO kern.his_persafgeleidadministrati (id,pers,tsreg,tsverval,actieinh,actieverval,nadereaandverval,admhnd,tslaatstewijz,sorteervolgorde,indonverwbijhvoorstelnieting,tslaatstewijzgbasystematiek) VALUES('22008','22002','2012-01-05 00:00:00+00',null,'22642',null,null,'22642','2012-01-05 00:00:00+00','1','FALSE',null);
INSERT INTO kern.his_persafgeleidadministrati (id,pers,tsreg,tsverval,actieinh,actieverval,nadereaandverval,admhnd,tslaatstewijz,sorteervolgorde,indonverwbijhvoorstelnieting,tslaatstewijzgbasystematiek) VALUES('22009','22002','2012-01-03 00:00:00+00','2012-01-05 00:00:00+00','22641','22642',null,'22641','2012-01-03 00:00:00+00','1','FALSE',null);
INSERT INTO kern.his_persafgeleidadministrati (id,pers,tsreg,tsverval,actieinh,actieverval,nadereaandverval,admhnd,tslaatstewijz,sorteervolgorde,indonverwbijhvoorstelnieting,tslaatstewijzgbasystematiek) VALUES('22010','22002','2005-03-28 00:00:00+00','2012-01-03 00:00:00+00','22997','22641',null,'22997','2005-03-28 00:00:00+00','1','FALSE',null);
INSERT INTO kern.his_persafgeleidadministrati (id,pers,tsreg,tsverval,actieinh,actieverval,nadereaandverval,admhnd,tslaatstewijz,sorteervolgorde,indonverwbijhvoorstelnieting,tslaatstewijzgbasystematiek) VALUES('22011','22002','2003-03-27 04:00:00+00','2005-03-28 00:00:00+00','22996','22997',null,'22996','2003-03-27 00:00:00+00','1','FALSE',null);
INSERT INTO kern.his_persafgeleidadministrati (id,pers,tsreg,tsverval,actieinh,actieverval,nadereaandverval,admhnd,tslaatstewijz,sorteervolgorde,indonverwbijhvoorstelnieting,tslaatstewijzgbasystematiek) VALUES('22012','22002','2003-03-27 00:00:00+00','2003-03-27 04:00:00+00','22501','22996',null,'22501','2003-03-27 00:00:00+00','1','FALSE',null);
INSERT INTO kern.his_persafgeleidadministrati (id,pers,tsreg,tsverval,actieinh,actieverval,nadereaandverval,admhnd,tslaatstewijz,sorteervolgorde,indonverwbijhvoorstelnieting,tslaatstewijzgbasystematiek) VALUES('22013','22002','1982-05-28 04:00:00+00','2003-03-27 00:00:00+00','22995','22501',null,'22995','1982-05-28 00:00:00+00','1','FALSE',null);
INSERT INTO kern.his_persafgeleidadministrati (id,pers,tsreg,tsverval,actieinh,actieverval,nadereaandverval,admhnd,tslaatstewijz,sorteervolgorde,indonverwbijhvoorstelnieting,tslaatstewijzgbasystematiek) VALUES('22014','22002','1982-05-28 00:00:00+00','1982-05-28 04:00:00+00','22002','22995',null,'22002','1982-05-28 00:00:00+00','1','FALSE',null);
INSERT INTO kern.his_persafgeleidadministrati (id,pers,tsreg,tsverval,actieinh,actieverval,nadereaandverval,admhnd,tslaatstewijz,sorteervolgorde,indonverwbijhvoorstelnieting,tslaatstewijzgbasystematiek) VALUES('22015','22002','1955-06-02 00:00:00+00','1982-05-28 00:00:00+00','22624','22002',null,'22624','1955-06-02 00:00:00+00','1','FALSE',null);
INSERT INTO kern.his_persafgeleidadministrati (id,pers,tsreg,tsverval,actieinh,actieverval,nadereaandverval,admhnd,tslaatstewijz,sorteervolgorde,indonverwbijhvoorstelnieting,tslaatstewijzgbasystematiek) VALUES('22016','22003','2012-06-05 00:00:00+00',null,'22645',null,null,'22645','2012-06-05 00:00:00+00','1','FALSE',null);
INSERT INTO kern.his_persafgeleidadministrati (id,pers,tsreg,tsverval,actieinh,actieverval,nadereaandverval,admhnd,tslaatstewijz,sorteervolgorde,indonverwbijhvoorstelnieting,tslaatstewijzgbasystematiek) VALUES('22017','22003','2012-01-05 00:00:00+00','2012-06-05 00:00:00+00','22644','22645',null,'22644','2012-01-05 00:00:00+00','1','FALSE',null);
INSERT INTO kern.his_persafgeleidadministrati (id,pers,tsreg,tsverval,actieinh,actieverval,nadereaandverval,admhnd,tslaatstewijz,sorteervolgorde,indonverwbijhvoorstelnieting,tslaatstewijzgbasystematiek) VALUES('22018','22003','2012-01-03 00:00:00+00','2012-01-05 00:00:00+00','22643','22644',null,'22643','2012-01-03 00:00:00+00','1','FALSE',null);
INSERT INTO kern.his_persafgeleidadministrati (id,pers,tsreg,tsverval,actieinh,actieverval,nadereaandverval,admhnd,tslaatstewijz,sorteervolgorde,indonverwbijhvoorstelnieting,tslaatstewijzgbasystematiek) VALUES('22019','22003','1990-12-01 00:00:00+00','2012-01-03 00:00:00+00','22994','22643',null,'22994','1990-12-01 00:00:00+00','1','FALSE',null);
INSERT INTO kern.his_persafgeleidadministrati (id,pers,tsreg,tsverval,actieinh,actieverval,nadereaandverval,admhnd,tslaatstewijz,sorteervolgorde,indonverwbijhvoorstelnieting,tslaatstewijzgbasystematiek) VALUES('22020','22003','1990-11-11 04:00:00+00','1990-12-01 00:00:00+00','22993','22994',null,'22993','1990-11-11 00:00:00+00','1','FALSE',null);
INSERT INTO kern.his_persafgeleidadministrati (id,pers,tsreg,tsverval,actieinh,actieverval,nadereaandverval,admhnd,tslaatstewijz,sorteervolgorde,indonverwbijhvoorstelnieting,tslaatstewijzgbasystematiek) VALUES('22021','22003','1990-11-11 00:00:00+00','1990-11-11 04:00:00+00','22502','22993',null,'22502','1990-11-11 00:00:00+00','1','FALSE',null);
INSERT INTO kern.his_persafgeleidadministrati (id,pers,tsreg,tsverval,actieinh,actieverval,nadereaandverval,admhnd,tslaatstewijz,sorteervolgorde,indonverwbijhvoorstelnieting,tslaatstewijzgbasystematiek) VALUES('22022','22003','1966-03-02 04:00:00+00','1990-11-11 00:00:00+00','22992','22502',null,'22992','1966-03-02 00:00:00+00','1','FALSE',null);
INSERT INTO kern.his_persafgeleidadministrati (id,pers,tsreg,tsverval,actieinh,actieverval,nadereaandverval,admhnd,tslaatstewijz,sorteervolgorde,indonverwbijhvoorstelnieting,tslaatstewijzgbasystematiek) VALUES('22023','22003','1966-03-02 00:00:00+00','1966-03-02 04:00:00+00','22003','22992',null,'22003','1966-03-02 00:00:00+00','1','FALSE',null);
INSERT INTO kern.his_persafgeleidadministrati (id,pers,tsreg,tsverval,actieinh,actieverval,nadereaandverval,admhnd,tslaatstewijz,sorteervolgorde,indonverwbijhvoorstelnieting,tslaatstewijzgbasystematiek) VALUES('22024','22004','2001-05-28 00:00:00+00',null,'22630',null,null,'22630','2001-05-28 00:00:00+00','1','FALSE',null);
INSERT INTO kern.his_persafgeleidadministrati (id,pers,tsreg,tsverval,actieinh,actieverval,nadereaandverval,admhnd,tslaatstewijz,sorteervolgorde,indonverwbijhvoorstelnieting,tslaatstewijzgbasystematiek) VALUES('22025','22004','1990-12-01 00:00:00+00','2001-05-28 00:00:00+00','22991','22630',null,'22991','1990-12-01 00:00:00+00','1','FALSE',null);
INSERT INTO kern.his_persafgeleidadministrati (id,pers,tsreg,tsverval,actieinh,actieverval,nadereaandverval,admhnd,tslaatstewijz,sorteervolgorde,indonverwbijhvoorstelnieting,tslaatstewijzgbasystematiek) VALUES('22026','22004','1990-11-11 04:00:00+00','1990-12-01 00:00:00+00','22990','22991',null,'22990','1990-11-11 00:00:00+00','1','FALSE',null);
INSERT INTO kern.his_persafgeleidadministrati (id,pers,tsreg,tsverval,actieinh,actieverval,nadereaandverval,admhnd,tslaatstewijz,sorteervolgorde,indonverwbijhvoorstelnieting,tslaatstewijzgbasystematiek) VALUES('22027','22004','1990-11-11 00:00:00+00','1990-11-11 04:00:00+00','22502','22990',null,'22502','1990-11-11 00:00:00+00','1','FALSE',null);
INSERT INTO kern.his_persafgeleidadministrati (id,pers,tsreg,tsverval,actieinh,actieverval,nadereaandverval,admhnd,tslaatstewijz,sorteervolgorde,indonverwbijhvoorstelnieting,tslaatstewijzgbasystematiek) VALUES('22028','22004','1969-12-27 04:00:00+00','1990-11-11 00:00:00+00','22989','22502',null,'22989','1969-12-27 00:00:00+00','1','FALSE',null);
INSERT INTO kern.his_persafgeleidadministrati (id,pers,tsreg,tsverval,actieinh,actieverval,nadereaandverval,admhnd,tslaatstewijz,sorteervolgorde,indonverwbijhvoorstelnieting,tslaatstewijzgbasystematiek) VALUES('22029','22004','1969-12-27 00:00:00+00','1969-12-27 04:00:00+00','22004','22989',null,'22004','1969-12-27 00:00:00+00','1','FALSE',null);
INSERT INTO kern.his_persafgeleidadministrati (id,pers,tsreg,tsverval,actieinh,actieverval,nadereaandverval,admhnd,tslaatstewijz,sorteervolgorde,indonverwbijhvoorstelnieting,tslaatstewijzgbasystematiek) VALUES('22030','22005','2012-01-01 00:00:00+00',null,'22639',null,null,'22639','2012-01-01 00:00:00+00','1','FALSE',null);
INSERT INTO kern.his_persafgeleidadministrati (id,pers,tsreg,tsverval,actieinh,actieverval,nadereaandverval,admhnd,tslaatstewijz,sorteervolgorde,indonverwbijhvoorstelnieting,tslaatstewijzgbasystematiek) VALUES('22031','22005','2003-12-26 00:00:00+00','2012-01-01 00:00:00+00','22500','22639',null,'22500','2003-12-26 00:00:00+00','1','FALSE',null);
INSERT INTO kern.his_persafgeleidadministrati (id,pers,tsreg,tsverval,actieinh,actieverval,nadereaandverval,admhnd,tslaatstewijz,sorteervolgorde,indonverwbijhvoorstelnieting,tslaatstewijzgbasystematiek) VALUES('22032','22005','1998-12-01 00:00:00+00','2003-12-26 00:00:00+00','22988','22500',null,'22988','1998-12-01 00:00:00+00','1','FALSE',null);
INSERT INTO kern.his_persafgeleidadministrati (id,pers,tsreg,tsverval,actieinh,actieverval,nadereaandverval,admhnd,tslaatstewijz,sorteervolgorde,indonverwbijhvoorstelnieting,tslaatstewijzgbasystematiek) VALUES('22033','22005','1997-06-05 04:00:00+00','1998-12-01 00:00:00+00','22987','22988',null,'22987','1997-06-05 00:00:00+00','1','FALSE',null);
INSERT INTO kern.his_persafgeleidadministrati (id,pers,tsreg,tsverval,actieinh,actieverval,nadereaandverval,admhnd,tslaatstewijz,sorteervolgorde,indonverwbijhvoorstelnieting,tslaatstewijzgbasystematiek) VALUES('22034','22005','1997-06-05 00:00:00+00','1997-06-05 04:00:00+00','22503','22987',null,'22503','1997-06-05 00:00:00+00','1','FALSE',null);
INSERT INTO kern.his_persafgeleidadministrati (id,pers,tsreg,tsverval,actieinh,actieverval,nadereaandverval,admhnd,tslaatstewijz,sorteervolgorde,indonverwbijhvoorstelnieting,tslaatstewijzgbasystematiek) VALUES('22035','22005','1971-07-17 04:00:00+00','1997-06-05 00:00:00+00','22986','22503',null,'22986','1971-07-17 00:00:00+00','1','FALSE',null);
INSERT INTO kern.his_persafgeleidadministrati (id,pers,tsreg,tsverval,actieinh,actieverval,nadereaandverval,admhnd,tslaatstewijz,sorteervolgorde,indonverwbijhvoorstelnieting,tslaatstewijzgbasystematiek) VALUES('22036','22005','1971-07-17 00:00:00+00','1971-07-17 04:00:00+00','22005','22986',null,'22005','1971-07-17 00:00:00+00','1','FALSE',null);
INSERT INTO kern.his_persafgeleidadministrati (id,pers,tsreg,tsverval,actieinh,actieverval,nadereaandverval,admhnd,tslaatstewijz,sorteervolgorde,indonverwbijhvoorstelnieting,tslaatstewijzgbasystematiek) VALUES('22037','22006','2012-01-01 00:00:00+00',null,'22639',null,null,'22639','2012-01-01 00:00:00+00','1','FALSE',null);
INSERT INTO kern.his_persafgeleidadministrati (id,pers,tsreg,tsverval,actieinh,actieverval,nadereaandverval,admhnd,tslaatstewijz,sorteervolgorde,indonverwbijhvoorstelnieting,tslaatstewijzgbasystematiek) VALUES('22038','22006','2003-12-26 00:00:00+00','2012-01-01 00:00:00+00','22500','22639',null,'22500','2003-12-26 00:00:00+00','1','FALSE',null);
INSERT INTO kern.his_persafgeleidadministrati (id,pers,tsreg,tsverval,actieinh,actieverval,nadereaandverval,admhnd,tslaatstewijz,sorteervolgorde,indonverwbijhvoorstelnieting,tslaatstewijzgbasystematiek) VALUES('22039','22006','1998-12-01 00:00:00+00','2003-12-26 00:00:00+00','22985','22500',null,'22985','1998-12-01 00:00:00+00','1','FALSE',null);
INSERT INTO kern.his_persafgeleidadministrati (id,pers,tsreg,tsverval,actieinh,actieverval,nadereaandverval,admhnd,tslaatstewijz,sorteervolgorde,indonverwbijhvoorstelnieting,tslaatstewijzgbasystematiek) VALUES('22040','22006','1997-06-05 04:00:00+00','1998-12-01 00:00:00+00','22984','22985',null,'22984','1997-06-05 00:00:00+00','1','FALSE',null);
INSERT INTO kern.his_persafgeleidadministrati (id,pers,tsreg,tsverval,actieinh,actieverval,nadereaandverval,admhnd,tslaatstewijz,sorteervolgorde,indonverwbijhvoorstelnieting,tslaatstewijzgbasystematiek) VALUES('22041','22006','1997-06-05 00:00:00+00','1997-06-05 04:00:00+00','22503','22984',null,'22503','1997-06-05 00:00:00+00','1','FALSE',null);
INSERT INTO kern.his_persafgeleidadministrati (id,pers,tsreg,tsverval,actieinh,actieverval,nadereaandverval,admhnd,tslaatstewijz,sorteervolgorde,indonverwbijhvoorstelnieting,tslaatstewijzgbasystematiek) VALUES('22042','22006','1995-10-03 00:00:00+00','1997-06-05 00:00:00+00','22636','22503',null,'22636','1995-10-03 00:00:00+00','1','FALSE',null);
INSERT INTO kern.his_persafgeleidadministrati (id,pers,tsreg,tsverval,actieinh,actieverval,nadereaandverval,admhnd,tslaatstewijz,sorteervolgorde,indonverwbijhvoorstelnieting,tslaatstewijzgbasystematiek) VALUES('22043','22006','1972-09-28 04:00:00+00','1995-10-03 00:00:00+00','22983','22636',null,'22983','1972-09-28 00:00:00+00','1','FALSE',null);
INSERT INTO kern.his_persafgeleidadministrati (id,pers,tsreg,tsverval,actieinh,actieverval,nadereaandverval,admhnd,tslaatstewijz,sorteervolgorde,indonverwbijhvoorstelnieting,tslaatstewijzgbasystematiek) VALUES('22044','22006','1972-09-28 00:00:00+00','1972-09-28 04:00:00+00','22006','22983',null,'22006','1972-09-28 00:00:00+00','1','FALSE',null);
INSERT INTO kern.his_persafgeleidadministrati (id,pers,tsreg,tsverval,actieinh,actieverval,nadereaandverval,admhnd,tslaatstewijz,sorteervolgorde,indonverwbijhvoorstelnieting,tslaatstewijzgbasystematiek) VALUES('22045','22007','2011-02-05 00:00:00+00',null,'22982',null,null,'22982','2011-02-05 00:00:00+00','1','FALSE',null);
INSERT INTO kern.his_persafgeleidadministrati (id,pers,tsreg,tsverval,actieinh,actieverval,nadereaandverval,admhnd,tslaatstewijz,sorteervolgorde,indonverwbijhvoorstelnieting,tslaatstewijzgbasystematiek) VALUES('22046','22007','2003-10-24 04:00:00+00','2011-02-05 00:00:00+00','22981','22982',null,'22981','2003-10-24 00:00:00+00','1','FALSE',null);
INSERT INTO kern.his_persafgeleidadministrati (id,pers,tsreg,tsverval,actieinh,actieverval,nadereaandverval,admhnd,tslaatstewijz,sorteervolgorde,indonverwbijhvoorstelnieting,tslaatstewijzgbasystematiek) VALUES('22047','22007','2003-10-24 00:00:00+00','2003-10-24 04:00:00+00','22504','22981',null,'22504','2003-10-24 00:00:00+00','1','FALSE',null);
INSERT INTO kern.his_persafgeleidadministrati (id,pers,tsreg,tsverval,actieinh,actieverval,nadereaandverval,admhnd,tslaatstewijz,sorteervolgorde,indonverwbijhvoorstelnieting,tslaatstewijzgbasystematiek) VALUES('22048','22007','1980-06-16 04:00:00+00','2003-10-24 00:00:00+00','22980','22504',null,'22980','1980-06-16 00:00:00+00','1','FALSE',null);
INSERT INTO kern.his_persafgeleidadministrati (id,pers,tsreg,tsverval,actieinh,actieverval,nadereaandverval,admhnd,tslaatstewijz,sorteervolgorde,indonverwbijhvoorstelnieting,tslaatstewijzgbasystematiek) VALUES('22049','22007','1980-06-16 00:00:00+00','1980-06-16 04:00:00+00','22007','22980',null,'22007','1980-06-16 00:00:00+00','1','FALSE',null);
INSERT INTO kern.his_persafgeleidadministrati (id,pers,tsreg,tsverval,actieinh,actieverval,nadereaandverval,admhnd,tslaatstewijz,sorteervolgorde,indonverwbijhvoorstelnieting,tslaatstewijzgbasystematiek) VALUES('22050','22008','2011-02-05 00:00:00+00',null,'22979',null,null,'22979','2011-02-05 00:00:00+00','1','FALSE',null);
INSERT INTO kern.his_persafgeleidadministrati (id,pers,tsreg,tsverval,actieinh,actieverval,nadereaandverval,admhnd,tslaatstewijz,sorteervolgorde,indonverwbijhvoorstelnieting,tslaatstewijzgbasystematiek) VALUES('22051','22008','2003-10-24 04:00:00+00','2011-02-05 00:00:00+00','22978','22979',null,'22978','2003-10-24 00:00:00+00','1','FALSE',null);
INSERT INTO kern.his_persafgeleidadministrati (id,pers,tsreg,tsverval,actieinh,actieverval,nadereaandverval,admhnd,tslaatstewijz,sorteervolgorde,indonverwbijhvoorstelnieting,tslaatstewijzgbasystematiek) VALUES('22052','22008','2003-10-24 00:00:00+00','2003-10-24 04:00:00+00','22504','22978',null,'22504','2003-10-24 00:00:00+00','1','FALSE',null);
INSERT INTO kern.his_persafgeleidadministrati (id,pers,tsreg,tsverval,actieinh,actieverval,nadereaandverval,admhnd,tslaatstewijz,sorteervolgorde,indonverwbijhvoorstelnieting,tslaatstewijzgbasystematiek) VALUES('22053','22008','1981-04-18 04:00:00+00','2003-10-24 00:00:00+00','22977','22504',null,'22977','1981-04-18 00:00:00+00','1','FALSE',null);
INSERT INTO kern.his_persafgeleidadministrati (id,pers,tsreg,tsverval,actieinh,actieverval,nadereaandverval,admhnd,tslaatstewijz,sorteervolgorde,indonverwbijhvoorstelnieting,tslaatstewijzgbasystematiek) VALUES('22054','22008','1981-04-18 00:00:00+00','1981-04-18 04:00:00+00','22008','22977',null,'22008','1981-04-18 00:00:00+00','1','FALSE',null);
INSERT INTO kern.his_persafgeleidadministrati (id,pers,tsreg,tsverval,actieinh,actieverval,nadereaandverval,admhnd,tslaatstewijz,sorteervolgorde,indonverwbijhvoorstelnieting,tslaatstewijzgbasystematiek) VALUES('22055','22009','2011-02-05 00:00:00+00',null,'22976',null,null,'22976','2011-02-05 00:00:00+00','1','FALSE',null);
INSERT INTO kern.his_persafgeleidadministrati (id,pers,tsreg,tsverval,actieinh,actieverval,nadereaandverval,admhnd,tslaatstewijz,sorteervolgorde,indonverwbijhvoorstelnieting,tslaatstewijzgbasystematiek) VALUES('22056','22009','2003-12-26 08:00:00+00','2011-02-05 00:00:00+00','22975','22976',null,'22975','2003-12-26 00:00:00+00','1','FALSE',null);
INSERT INTO kern.his_persafgeleidadministrati (id,pers,tsreg,tsverval,actieinh,actieverval,nadereaandverval,admhnd,tslaatstewijz,sorteervolgorde,indonverwbijhvoorstelnieting,tslaatstewijzgbasystematiek) VALUES('22057','22009','2003-12-26 04:00:00+00','2003-12-26 08:00:00+00','22500','22975',null,'22500','2003-12-26 00:00:00+00','1','FALSE',null);
INSERT INTO kern.his_persafgeleidadministrati (id,pers,tsreg,tsverval,actieinh,actieverval,nadereaandverval,admhnd,tslaatstewijz,sorteervolgorde,indonverwbijhvoorstelnieting,tslaatstewijzgbasystematiek) VALUES('22058','22009','2003-12-26 00:00:00+00','2003-12-26 04:00:00+00','22009','22500',null,'22009','2003-12-26 00:00:00+00','1','FALSE',null);
INSERT INTO kern.his_persafgeleidadministrati (id,pers,tsreg,tsverval,actieinh,actieverval,nadereaandverval,admhnd,tslaatstewijz,sorteervolgorde,indonverwbijhvoorstelnieting,tslaatstewijzgbasystematiek) VALUES('22059','22010','2012-02-10 00:00:00+00',null,'22649',null,null,'22649','2012-02-10 00:00:00+00','1','FALSE',null);
INSERT INTO kern.his_persafgeleidadministrati (id,pers,tsreg,tsverval,actieinh,actieverval,nadereaandverval,admhnd,tslaatstewijz,sorteervolgorde,indonverwbijhvoorstelnieting,tslaatstewijzgbasystematiek) VALUES('22060','22010','2012-02-09 00:00:00+00','2012-02-10 00:00:00+00','22640','22649',null,'22640','2012-02-09 00:00:00+00','1','FALSE',null);
INSERT INTO kern.his_persafgeleidadministrati (id,pers,tsreg,tsverval,actieinh,actieverval,nadereaandverval,admhnd,tslaatstewijz,sorteervolgorde,indonverwbijhvoorstelnieting,tslaatstewijzgbasystematiek) VALUES('22061','22010','2012-02-08 00:00:00+00','2012-02-09 00:00:00+00','22648','22640',null,'22648','2012-02-08 00:00:00+00','1','FALSE',null);
INSERT INTO kern.his_persafgeleidadministrati (id,pers,tsreg,tsverval,actieinh,actieverval,nadereaandverval,admhnd,tslaatstewijz,sorteervolgorde,indonverwbijhvoorstelnieting,tslaatstewijzgbasystematiek) VALUES('22062','22010','2009-09-28 00:00:00+00','2012-02-08 00:00:00+00','22974','22648',null,'22974','2009-09-28 00:00:00+00','1','FALSE',null);
INSERT INTO kern.his_persafgeleidadministrati (id,pers,tsreg,tsverval,actieinh,actieverval,nadereaandverval,admhnd,tslaatstewijz,sorteervolgorde,indonverwbijhvoorstelnieting,tslaatstewijzgbasystematiek) VALUES('22063','22010','1996-03-04 04:00:00+00','2009-09-28 00:00:00+00','22973','22974',null,'22973','1996-03-04 00:00:00+00','1','FALSE',null);
INSERT INTO kern.his_persafgeleidadministrati (id,pers,tsreg,tsverval,actieinh,actieverval,nadereaandverval,admhnd,tslaatstewijz,sorteervolgorde,indonverwbijhvoorstelnieting,tslaatstewijzgbasystematiek) VALUES('22064','22010','1996-03-04 00:00:00+00','1996-03-04 04:00:00+00','22505','22973',null,'22505','1996-03-04 00:00:00+00','1','FALSE',null);
INSERT INTO kern.his_persafgeleidadministrati (id,pers,tsreg,tsverval,actieinh,actieverval,nadereaandverval,admhnd,tslaatstewijz,sorteervolgorde,indonverwbijhvoorstelnieting,tslaatstewijzgbasystematiek) VALUES('22065','22010','1991-09-11 00:00:00+00','1996-03-04 00:00:00+00','22627','22505',null,'22627','1991-09-11 00:00:00+00','1','FALSE',null);
INSERT INTO kern.his_persafgeleidadministrati (id,pers,tsreg,tsverval,actieinh,actieverval,nadereaandverval,admhnd,tslaatstewijz,sorteervolgorde,indonverwbijhvoorstelnieting,tslaatstewijzgbasystematiek) VALUES('22066','22010','1969-12-31 04:00:00+00','1991-09-11 00:00:00+00','22972','22627',null,'22972','1969-12-31 00:00:00+00','1','FALSE',null);
INSERT INTO kern.his_persafgeleidadministrati (id,pers,tsreg,tsverval,actieinh,actieverval,nadereaandverval,admhnd,tslaatstewijz,sorteervolgorde,indonverwbijhvoorstelnieting,tslaatstewijzgbasystematiek) VALUES('22067','22010','1969-12-31 00:00:00+00','1969-12-31 04:00:00+00','22010','22972',null,'22010','1969-12-31 00:00:00+00','1','FALSE',null);
INSERT INTO kern.his_persafgeleidadministrati (id,pers,tsreg,tsverval,actieinh,actieverval,nadereaandverval,admhnd,tslaatstewijz,sorteervolgorde,indonverwbijhvoorstelnieting,tslaatstewijzgbasystematiek) VALUES('22068','22011','2013-10-30 00:00:00+00',null,'22012',null,null,'22012','2013-10-30 00:00:00+00','1','FALSE',null);
INSERT INTO kern.his_persafgeleidadministrati (id,pers,tsreg,tsverval,actieinh,actieverval,nadereaandverval,admhnd,tslaatstewijz,sorteervolgorde,indonverwbijhvoorstelnieting,tslaatstewijzgbasystematiek) VALUES('22069','22011','2012-02-09 00:00:00+00','2013-10-30 00:00:00+00','22640','22012',null,'22640','2012-02-09 00:00:00+00','1','FALSE',null);
INSERT INTO kern.his_persafgeleidadministrati (id,pers,tsreg,tsverval,actieinh,actieverval,nadereaandverval,admhnd,tslaatstewijz,sorteervolgorde,indonverwbijhvoorstelnieting,tslaatstewijzgbasystematiek) VALUES('22070','22011','2009-09-28 00:00:00+00','2012-02-09 00:00:00+00','22971','22640',null,'22971','2009-09-28 00:00:00+00','1','FALSE',null);
INSERT INTO kern.his_persafgeleidadministrati (id,pers,tsreg,tsverval,actieinh,actieverval,nadereaandverval,admhnd,tslaatstewijz,sorteervolgorde,indonverwbijhvoorstelnieting,tslaatstewijzgbasystematiek) VALUES('22071','22011','1996-03-04 04:00:00+00','2009-09-28 00:00:00+00','22970','22971',null,'22970','1996-03-04 00:00:00+00','1','FALSE',null);
INSERT INTO kern.his_persafgeleidadministrati (id,pers,tsreg,tsverval,actieinh,actieverval,nadereaandverval,admhnd,tslaatstewijz,sorteervolgorde,indonverwbijhvoorstelnieting,tslaatstewijzgbasystematiek) VALUES('22072','22011','1996-03-04 00:00:00+00','1996-03-04 04:00:00+00','22505','22970',null,'22505','1996-03-04 00:00:00+00','1','FALSE',null);
INSERT INTO kern.his_persafgeleidadministrati (id,pers,tsreg,tsverval,actieinh,actieverval,nadereaandverval,admhnd,tslaatstewijz,sorteervolgorde,indonverwbijhvoorstelnieting,tslaatstewijzgbasystematiek) VALUES('22073','22011','1995-10-03 00:00:00+00','1996-03-04 00:00:00+00','22636','22505',null,'22636','1995-10-03 00:00:00+00','1','FALSE',null);
INSERT INTO kern.his_persafgeleidadministrati (id,pers,tsreg,tsverval,actieinh,actieverval,nadereaandverval,admhnd,tslaatstewijz,sorteervolgorde,indonverwbijhvoorstelnieting,tslaatstewijzgbasystematiek) VALUES('22074','22011','1991-09-11 00:00:00+00','1995-10-03 00:00:00+00','22627','22636',null,'22627','1991-09-11 00:00:00+00','1','FALSE',null);
INSERT INTO kern.his_persafgeleidadministrati (id,pers,tsreg,tsverval,actieinh,actieverval,nadereaandverval,admhnd,tslaatstewijz,sorteervolgorde,indonverwbijhvoorstelnieting,tslaatstewijzgbasystematiek) VALUES('22075','22011','1969-05-16 04:00:00+00','1991-09-11 00:00:00+00','22969','22627',null,'22969','1969-05-16 00:00:00+00','1','FALSE',null);
INSERT INTO kern.his_persafgeleidadministrati (id,pers,tsreg,tsverval,actieinh,actieverval,nadereaandverval,admhnd,tslaatstewijz,sorteervolgorde,indonverwbijhvoorstelnieting,tslaatstewijzgbasystematiek) VALUES('22076','22011','1969-05-16 00:00:00+00','1969-05-16 04:00:00+00','22011','22969',null,'22011','1969-05-16 00:00:00+00','1','FALSE',null);
INSERT INTO kern.his_persafgeleidadministrati (id,pers,tsreg,tsverval,actieinh,actieverval,nadereaandverval,admhnd,tslaatstewijz,sorteervolgorde,indonverwbijhvoorstelnieting,tslaatstewijzgbasystematiek) VALUES('22077','22012','2000-02-28 00:00:00+00',null,'22968',null,null,'22968','2000-02-28 00:00:00+00','1','FALSE',null);
INSERT INTO kern.his_persafgeleidadministrati (id,pers,tsreg,tsverval,actieinh,actieverval,nadereaandverval,admhnd,tslaatstewijz,sorteervolgorde,indonverwbijhvoorstelnieting,tslaatstewijzgbasystematiek) VALUES('22078','22012','1977-12-10 04:00:00+00','2000-02-28 00:00:00+00','22967','22968',null,'22967','1977-12-10 00:00:00+00','1','FALSE',null);
INSERT INTO kern.his_persafgeleidadministrati (id,pers,tsreg,tsverval,actieinh,actieverval,nadereaandverval,admhnd,tslaatstewijz,sorteervolgorde,indonverwbijhvoorstelnieting,tslaatstewijzgbasystematiek) VALUES('22079','22012','1977-12-10 00:00:00+00','1977-12-10 04:00:00+00','22012','22967',null,'22012','1977-12-10 00:00:00+00','1','FALSE',null);
INSERT INTO kern.his_persafgeleidadministrati (id,pers,tsreg,tsverval,actieinh,actieverval,nadereaandverval,admhnd,tslaatstewijz,sorteervolgorde,indonverwbijhvoorstelnieting,tslaatstewijzgbasystematiek) VALUES('22080','22013','2013-01-01 04:00:00+00',null,'22626',null,null,'22626','2013-01-01 00:00:00+00','1','FALSE',null);
INSERT INTO kern.his_persafgeleidadministrati (id,pers,tsreg,tsverval,actieinh,actieverval,nadereaandverval,admhnd,tslaatstewijz,sorteervolgorde,indonverwbijhvoorstelnieting,tslaatstewijzgbasystematiek) VALUES('22081','22013','2013-01-01 00:00:00+00','2013-01-01 04:00:00+00','22625','22626',null,'22625','2013-01-01 00:00:00+00','1','FALSE',null);
INSERT INTO kern.his_persafgeleidadministrati (id,pers,tsreg,tsverval,actieinh,actieverval,nadereaandverval,admhnd,tslaatstewijz,sorteervolgorde,indonverwbijhvoorstelnieting,tslaatstewijzgbasystematiek) VALUES('22082','22013','1992-05-08 00:00:00+00','2013-01-01 00:00:00+00','22966','22625',null,'22966','1992-05-08 00:00:00+00','1','FALSE',null);
INSERT INTO kern.his_persafgeleidadministrati (id,pers,tsreg,tsverval,actieinh,actieverval,nadereaandverval,admhnd,tslaatstewijz,sorteervolgorde,indonverwbijhvoorstelnieting,tslaatstewijzgbasystematiek) VALUES('22083','22013','1955-06-02 04:00:00+00','1992-05-08 00:00:00+00','22965','22966',null,'22965','1955-06-02 00:00:00+00','1','FALSE',null);
INSERT INTO kern.his_persafgeleidadministrati (id,pers,tsreg,tsverval,actieinh,actieverval,nadereaandverval,admhnd,tslaatstewijz,sorteervolgorde,indonverwbijhvoorstelnieting,tslaatstewijzgbasystematiek) VALUES('22084','22013','1955-06-02 00:00:00+00','1955-06-02 04:00:00+00','22013','22965',null,'22013','1955-06-02 00:00:00+00','1','FALSE',null);
INSERT INTO kern.his_persafgeleidadministrati (id,pers,tsreg,tsverval,actieinh,actieverval,nadereaandverval,admhnd,tslaatstewijz,sorteervolgorde,indonverwbijhvoorstelnieting,tslaatstewijzgbasystematiek) VALUES('22085','22014','2011-11-11 00:00:00+00',null,'22506',null,null,'22506','2011-11-11 00:00:00+00','1','FALSE',null);
INSERT INTO kern.his_persafgeleidadministrati (id,pers,tsreg,tsverval,actieinh,actieverval,nadereaandverval,admhnd,tslaatstewijz,sorteervolgorde,indonverwbijhvoorstelnieting,tslaatstewijzgbasystematiek) VALUES('22086','22014','2005-01-12 00:00:00+00','2011-11-11 00:00:00+00','22638','22506',null,'22638','2005-01-12 00:00:00+00','1','FALSE',null);
INSERT INTO kern.his_persafgeleidadministrati (id,pers,tsreg,tsverval,actieinh,actieverval,nadereaandverval,admhnd,tslaatstewijz,sorteervolgorde,indonverwbijhvoorstelnieting,tslaatstewijzgbasystematiek) VALUES('22087','22014','1991-09-11 00:00:00+00','2005-01-12 00:00:00+00','22627','22638',null,'22627','1991-09-11 00:00:00+00','1','FALSE',null);
INSERT INTO kern.his_persafgeleidadministrati (id,pers,tsreg,tsverval,actieinh,actieverval,nadereaandverval,admhnd,tslaatstewijz,sorteervolgorde,indonverwbijhvoorstelnieting,tslaatstewijzgbasystematiek) VALUES('22088','22014','1978-06-11 04:00:00+00','1991-09-11 00:00:00+00','22964','22627',null,'22964','1978-06-11 00:00:00+00','1','FALSE',null);
INSERT INTO kern.his_persafgeleidadministrati (id,pers,tsreg,tsverval,actieinh,actieverval,nadereaandverval,admhnd,tslaatstewijz,sorteervolgorde,indonverwbijhvoorstelnieting,tslaatstewijzgbasystematiek) VALUES('22089','22014','1978-06-11 00:00:00+00','1978-06-11 04:00:00+00','22014','22964',null,'22014','1978-06-11 00:00:00+00','1','FALSE',null);
INSERT INTO kern.his_persafgeleidadministrati (id,pers,tsreg,tsverval,actieinh,actieverval,nadereaandverval,admhnd,tslaatstewijz,sorteervolgorde,indonverwbijhvoorstelnieting,tslaatstewijzgbasystematiek) VALUES('22090','22015','2011-04-25 00:00:00+00',null,'22963',null,null,'22963','2011-04-25 00:00:00+00','1','FALSE',null);
INSERT INTO kern.his_persafgeleidadministrati (id,pers,tsreg,tsverval,actieinh,actieverval,nadereaandverval,admhnd,tslaatstewijz,sorteervolgorde,indonverwbijhvoorstelnieting,tslaatstewijzgbasystematiek) VALUES('22091','22015','2005-01-12 00:00:00+00','2011-04-25 00:00:00+00','22638','22963',null,'22638','2005-01-12 00:00:00+00','1','FALSE',null);
INSERT INTO kern.his_persafgeleidadministrati (id,pers,tsreg,tsverval,actieinh,actieverval,nadereaandverval,admhnd,tslaatstewijz,sorteervolgorde,indonverwbijhvoorstelnieting,tslaatstewijzgbasystematiek) VALUES('22092','22015','1988-04-25 04:00:00+00','2005-01-12 00:00:00+00','22962','22638',null,'22962','1988-04-25 00:00:00+00','1','FALSE',null);
INSERT INTO kern.his_persafgeleidadministrati (id,pers,tsreg,tsverval,actieinh,actieverval,nadereaandverval,admhnd,tslaatstewijz,sorteervolgorde,indonverwbijhvoorstelnieting,tslaatstewijzgbasystematiek) VALUES('22093','22015','1988-04-25 00:00:00+00','1988-04-25 04:00:00+00','22015','22962',null,'22015','1988-04-25 00:00:00+00','1','FALSE',null);
INSERT INTO kern.his_persafgeleidadministrati (id,pers,tsreg,tsverval,actieinh,actieverval,nadereaandverval,admhnd,tslaatstewijz,sorteervolgorde,indonverwbijhvoorstelnieting,tslaatstewijzgbasystematiek) VALUES('22094','22016','2010-06-26 00:00:00+00',null,'22961',null,null,'22961','2010-06-26 00:00:00+00','1','FALSE',null);
INSERT INTO kern.his_persafgeleidadministrati (id,pers,tsreg,tsverval,actieinh,actieverval,nadereaandverval,admhnd,tslaatstewijz,sorteervolgorde,indonverwbijhvoorstelnieting,tslaatstewijzgbasystematiek) VALUES('22095','22016','1988-04-25 00:00:00+00','2010-06-26 00:00:00+00','22960','22961',null,'22960','1988-04-25 00:00:00+00','1','FALSE',null);
INSERT INTO kern.his_persafgeleidadministrati (id,pers,tsreg,tsverval,actieinh,actieverval,nadereaandverval,admhnd,tslaatstewijz,sorteervolgorde,indonverwbijhvoorstelnieting,tslaatstewijzgbasystematiek) VALUES('22096','22016','1899-12-10 04:00:00+00','1988-04-25 00:00:00+00','22959','22960',null,'22959','1899-12-10 00:00:00+00','1','FALSE',null);
INSERT INTO kern.his_persafgeleidadministrati (id,pers,tsreg,tsverval,actieinh,actieverval,nadereaandverval,admhnd,tslaatstewijz,sorteervolgorde,indonverwbijhvoorstelnieting,tslaatstewijzgbasystematiek) VALUES('22097','22016','1899-12-10 00:00:00+00','1899-12-10 04:00:00+00','22016','22959',null,'22016','1899-12-10 00:00:00+00','1','FALSE',null);
INSERT INTO kern.his_persafgeleidadministrati (id,pers,tsreg,tsverval,actieinh,actieverval,nadereaandverval,admhnd,tslaatstewijz,sorteervolgorde,indonverwbijhvoorstelnieting,tslaatstewijzgbasystematiek) VALUES('22098','22017','2003-03-27 00:00:00+00',null,'22958',null,null,'22958','2003-03-27 00:00:00+00','1','FALSE',null);
INSERT INTO kern.his_persafgeleidadministrati (id,pers,tsreg,tsverval,actieinh,actieverval,nadereaandverval,admhnd,tslaatstewijz,sorteervolgorde,indonverwbijhvoorstelnieting,tslaatstewijzgbasystematiek) VALUES('22099','22017','1982-05-23 04:00:00+00','2003-03-27 00:00:00+00','22957','22958',null,'22957','1982-05-23 00:00:00+00','1','FALSE',null);
INSERT INTO kern.his_persafgeleidadministrati (id,pers,tsreg,tsverval,actieinh,actieverval,nadereaandverval,admhnd,tslaatstewijz,sorteervolgorde,indonverwbijhvoorstelnieting,tslaatstewijzgbasystematiek) VALUES('22100','22017','1982-05-23 00:00:00+00','1982-05-23 04:00:00+00','22017','22957',null,'22017','1982-05-23 00:00:00+00','1','FALSE',null);
INSERT INTO kern.his_persafgeleidadministrati (id,pers,tsreg,tsverval,actieinh,actieverval,nadereaandverval,admhnd,tslaatstewijz,sorteervolgorde,indonverwbijhvoorstelnieting,tslaatstewijzgbasystematiek) VALUES('22101','22018','1991-10-02 00:00:00+00',null,'22956',null,null,'22956','1991-10-02 00:00:00+00','1','FALSE',null);
INSERT INTO kern.his_persafgeleidadministrati (id,pers,tsreg,tsverval,actieinh,actieverval,nadereaandverval,admhnd,tslaatstewijz,sorteervolgorde,indonverwbijhvoorstelnieting,tslaatstewijzgbasystematiek) VALUES('22102','22018','1984-04-11 04:00:00+00','1991-10-02 00:00:00+00','22955','22956',null,'22955','1984-04-11 00:00:00+00','1','FALSE',null);
INSERT INTO kern.his_persafgeleidadministrati (id,pers,tsreg,tsverval,actieinh,actieverval,nadereaandverval,admhnd,tslaatstewijz,sorteervolgorde,indonverwbijhvoorstelnieting,tslaatstewijzgbasystematiek) VALUES('22103','22018','1984-04-11 00:00:00+00','1984-04-11 04:00:00+00','22018','22955',null,'22018','1984-04-11 00:00:00+00','1','FALSE',null);
INSERT INTO kern.his_persafgeleidadministrati (id,pers,tsreg,tsverval,actieinh,actieverval,nadereaandverval,admhnd,tslaatstewijz,sorteervolgorde,indonverwbijhvoorstelnieting,tslaatstewijzgbasystematiek) VALUES('22104','22019','1990-11-11 00:00:00+00',null,'22954',null,null,'22954','1990-11-11 00:00:00+00','1','FALSE',null);
INSERT INTO kern.his_persafgeleidadministrati (id,pers,tsreg,tsverval,actieinh,actieverval,nadereaandverval,admhnd,tslaatstewijz,sorteervolgorde,indonverwbijhvoorstelnieting,tslaatstewijzgbasystematiek) VALUES('22105','22019','1974-10-26 04:00:00+00','1990-11-11 00:00:00+00','22953','22954',null,'22953','1974-10-26 00:00:00+00','1','FALSE',null);
INSERT INTO kern.his_persafgeleidadministrati (id,pers,tsreg,tsverval,actieinh,actieverval,nadereaandverval,admhnd,tslaatstewijz,sorteervolgorde,indonverwbijhvoorstelnieting,tslaatstewijzgbasystematiek) VALUES('22106','22019','1974-10-26 00:00:00+00','1974-10-26 04:00:00+00','22019','22953',null,'22019','1974-10-26 00:00:00+00','1','FALSE',null);
INSERT INTO kern.his_persafgeleidadministrati (id,pers,tsreg,tsverval,actieinh,actieverval,nadereaandverval,admhnd,tslaatstewijz,sorteervolgorde,indonverwbijhvoorstelnieting,tslaatstewijzgbasystematiek) VALUES('22107','22020','1982-05-28 00:00:00+00',null,'22952',null,null,'22952','1982-05-28 00:00:00+00','1','FALSE',null);
INSERT INTO kern.his_persafgeleidadministrati (id,pers,tsreg,tsverval,actieinh,actieverval,nadereaandverval,admhnd,tslaatstewijz,sorteervolgorde,indonverwbijhvoorstelnieting,tslaatstewijzgbasystematiek) VALUES('22108','22020','1976-01-03 04:00:00+00','1982-05-28 00:00:00+00','22951','22952',null,'22951','1976-01-03 00:00:00+00','1','FALSE',null);
INSERT INTO kern.his_persafgeleidadministrati (id,pers,tsreg,tsverval,actieinh,actieverval,nadereaandverval,admhnd,tslaatstewijz,sorteervolgorde,indonverwbijhvoorstelnieting,tslaatstewijzgbasystematiek) VALUES('22109','22020','1976-01-03 00:00:00+00','1976-01-03 04:00:00+00','22020','22951',null,'22020','1976-01-03 00:00:00+00','1','FALSE',null);
INSERT INTO kern.his_persafgeleidadministrati (id,pers,tsreg,tsverval,actieinh,actieverval,nadereaandverval,admhnd,tslaatstewijz,sorteervolgorde,indonverwbijhvoorstelnieting,tslaatstewijzgbasystematiek) VALUES('22110','22021','2001-03-28 00:00:00+00',null,'22950',null,null,'22950','2001-03-28 00:00:00+00','1','FALSE',null);
INSERT INTO kern.his_persafgeleidadministrati (id,pers,tsreg,tsverval,actieinh,actieverval,nadereaandverval,admhnd,tslaatstewijz,sorteervolgorde,indonverwbijhvoorstelnieting,tslaatstewijzgbasystematiek) VALUES('22111','22021','1992-05-16 04:00:00+00','2001-03-28 00:00:00+00','22949','22950',null,'22949','1992-05-16 00:00:00+00','1','FALSE',null);
INSERT INTO kern.his_persafgeleidadministrati (id,pers,tsreg,tsverval,actieinh,actieverval,nadereaandverval,admhnd,tslaatstewijz,sorteervolgorde,indonverwbijhvoorstelnieting,tslaatstewijzgbasystematiek) VALUES('22112','22021','1992-05-16 00:00:00+00','1992-05-16 04:00:00+00','22021','22949',null,'22021','1992-05-16 00:00:00+00','1','FALSE',null);
INSERT INTO kern.his_persafgeleidadministrati (id,pers,tsreg,tsverval,actieinh,actieverval,nadereaandverval,admhnd,tslaatstewijz,sorteervolgorde,indonverwbijhvoorstelnieting,tslaatstewijzgbasystematiek) VALUES('22113','22022','2010-10-02 00:00:00+00',null,'22948',null,null,'22948','2010-10-02 00:00:00+00','1','FALSE',null);
INSERT INTO kern.his_persafgeleidadministrati (id,pers,tsreg,tsverval,actieinh,actieverval,nadereaandverval,admhnd,tslaatstewijz,sorteervolgorde,indonverwbijhvoorstelnieting,tslaatstewijzgbasystematiek) VALUES('22114','22022','1995-11-10 00:00:00+00','2010-10-02 00:00:00+00','22947','22948',null,'22947','1995-11-10 00:00:00+00','1','FALSE',null);
INSERT INTO kern.his_persafgeleidadministrati (id,pers,tsreg,tsverval,actieinh,actieverval,nadereaandverval,admhnd,tslaatstewijz,sorteervolgorde,indonverwbijhvoorstelnieting,tslaatstewijzgbasystematiek) VALUES('22115','22022','1995-10-03 00:00:00+00','1995-11-10 00:00:00+00','22022','22947',null,'22022','1995-10-03 00:00:00+00','1','FALSE',null);
INSERT INTO kern.his_persafgeleidadministrati (id,pers,tsreg,tsverval,actieinh,actieverval,nadereaandverval,admhnd,tslaatstewijz,sorteervolgorde,indonverwbijhvoorstelnieting,tslaatstewijzgbasystematiek) VALUES('22116','22023','1997-06-05 00:00:00+00',null,'22946',null,null,'22946','1997-06-05 00:00:00+00','1','FALSE',null);
INSERT INTO kern.his_persafgeleidadministrati (id,pers,tsreg,tsverval,actieinh,actieverval,nadereaandverval,admhnd,tslaatstewijz,sorteervolgorde,indonverwbijhvoorstelnieting,tslaatstewijzgbasystematiek) VALUES('22117','22023','1968-03-10 04:00:00+00','1997-06-05 00:00:00+00','22945','22946',null,'22945','1968-03-10 00:00:00+00','1','FALSE',null);
INSERT INTO kern.his_persafgeleidadministrati (id,pers,tsreg,tsverval,actieinh,actieverval,nadereaandverval,admhnd,tslaatstewijz,sorteervolgorde,indonverwbijhvoorstelnieting,tslaatstewijzgbasystematiek) VALUES('22118','22023','1968-03-10 00:00:00+00','1968-03-10 04:00:00+00','22023','22945',null,'22023','1968-03-10 00:00:00+00','1','FALSE',null);
INSERT INTO kern.his_persafgeleidadministrati (id,pers,tsreg,tsverval,actieinh,actieverval,nadereaandverval,admhnd,tslaatstewijz,sorteervolgorde,indonverwbijhvoorstelnieting,tslaatstewijzgbasystematiek) VALUES('22119','22024','1979-09-28 00:00:00+00',null,'22944',null,null,'22944','1979-09-28 00:00:00+00','1','FALSE',null);
INSERT INTO kern.his_persafgeleidadministrati (id,pers,tsreg,tsverval,actieinh,actieverval,nadereaandverval,admhnd,tslaatstewijz,sorteervolgorde,indonverwbijhvoorstelnieting,tslaatstewijzgbasystematiek) VALUES('22120','22024','1977-04-01 04:00:00+00','1979-09-28 00:00:00+00','22943','22944',null,'22943','1977-04-01 00:00:00+00','1','FALSE',null);
INSERT INTO kern.his_persafgeleidadministrati (id,pers,tsreg,tsverval,actieinh,actieverval,nadereaandverval,admhnd,tslaatstewijz,sorteervolgorde,indonverwbijhvoorstelnieting,tslaatstewijzgbasystematiek) VALUES('22121','22024','1977-04-01 00:00:00+00','1977-04-01 04:00:00+00','22024','22943',null,'22024','1977-04-01 00:00:00+00','1','FALSE',null);
INSERT INTO kern.his_persafgeleidadministrati (id,pers,tsreg,tsverval,actieinh,actieverval,nadereaandverval,admhnd,tslaatstewijz,sorteervolgorde,indonverwbijhvoorstelnieting,tslaatstewijzgbasystematiek) VALUES('22122','22025','1995-09-29 00:00:00+00',null,'22942',null,null,'22942','1995-09-29 00:00:00+00','1','FALSE',null);
INSERT INTO kern.his_persafgeleidadministrati (id,pers,tsreg,tsverval,actieinh,actieverval,nadereaandverval,admhnd,tslaatstewijz,sorteervolgorde,indonverwbijhvoorstelnieting,tslaatstewijzgbasystematiek) VALUES('22123','22025','1988-06-11 04:00:00+00','1995-09-29 00:00:00+00','22941','22942',null,'22941','1988-06-11 00:00:00+00','1','FALSE',null);
INSERT INTO kern.his_persafgeleidadministrati (id,pers,tsreg,tsverval,actieinh,actieverval,nadereaandverval,admhnd,tslaatstewijz,sorteervolgorde,indonverwbijhvoorstelnieting,tslaatstewijzgbasystematiek) VALUES('22124','22025','1988-06-11 00:00:00+00','1988-06-11 04:00:00+00','22025','22941',null,'22025','1988-06-11 00:00:00+00','1','FALSE',null);
INSERT INTO kern.his_persafgeleidadministrati (id,pers,tsreg,tsverval,actieinh,actieverval,nadereaandverval,admhnd,tslaatstewijz,sorteervolgorde,indonverwbijhvoorstelnieting,tslaatstewijzgbasystematiek) VALUES('22125','22026','2005-01-12 00:00:00+00',null,'22638',null,null,'22638','2005-01-12 00:00:00+00','1','FALSE',null);
INSERT INTO kern.his_persafgeleidadministrati (id,pers,tsreg,tsverval,actieinh,actieverval,nadereaandverval,admhnd,tslaatstewijz,sorteervolgorde,indonverwbijhvoorstelnieting,tslaatstewijzgbasystematiek) VALUES('22126','22026','2000-01-01 00:00:00+00','2005-01-12 00:00:00+00','22940','22638',null,'22940','2000-01-01 00:00:00+00','1','FALSE',null);
INSERT INTO kern.his_persafgeleidadministrati (id,pers,tsreg,tsverval,actieinh,actieverval,nadereaandverval,admhnd,tslaatstewijz,sorteervolgorde,indonverwbijhvoorstelnieting,tslaatstewijzgbasystematiek) VALUES('22127','22026','1991-07-21 04:00:00+00','2000-01-01 00:00:00+00','22939','22940',null,'22939','1991-07-21 00:00:00+00','1','FALSE',null);
INSERT INTO kern.his_persafgeleidadministrati (id,pers,tsreg,tsverval,actieinh,actieverval,nadereaandverval,admhnd,tslaatstewijz,sorteervolgorde,indonverwbijhvoorstelnieting,tslaatstewijzgbasystematiek) VALUES('22128','22026','1991-07-21 00:00:00+00','1991-07-21 04:00:00+00','22026','22939',null,'22026','1991-07-21 00:00:00+00','1','FALSE',null);
INSERT INTO kern.his_persafgeleidadministrati (id,pers,tsreg,tsverval,actieinh,actieverval,nadereaandverval,admhnd,tslaatstewijz,sorteervolgorde,indonverwbijhvoorstelnieting,tslaatstewijzgbasystematiek) VALUES('22129','22027','2003-10-24 00:00:00+00',null,'22938',null,null,'22938','2003-10-24 00:00:00+00','1','FALSE',null);
INSERT INTO kern.his_persafgeleidadministrati (id,pers,tsreg,tsverval,actieinh,actieverval,nadereaandverval,admhnd,tslaatstewijz,sorteervolgorde,indonverwbijhvoorstelnieting,tslaatstewijzgbasystematiek) VALUES('22130','22027','2003-03-28 00:00:00+00','2003-10-24 00:00:00+00','22650','22938',null,'22650','2003-03-28 00:00:00+00','1','FALSE',null);
INSERT INTO kern.his_persafgeleidadministrati (id,pers,tsreg,tsverval,actieinh,actieverval,nadereaandverval,admhnd,tslaatstewijz,sorteervolgorde,indonverwbijhvoorstelnieting,tslaatstewijzgbasystematiek) VALUES('22131','22027','1991-09-11 04:00:00+00','2003-03-28 00:00:00+00','22937','22650',null,'22937','1991-09-11 00:00:00+00','1','FALSE',null);
INSERT INTO kern.his_persafgeleidadministrati (id,pers,tsreg,tsverval,actieinh,actieverval,nadereaandverval,admhnd,tslaatstewijz,sorteervolgorde,indonverwbijhvoorstelnieting,tslaatstewijzgbasystematiek) VALUES('22132','22027','1991-09-11 00:00:00+00','1991-09-11 04:00:00+00','22027','22937',null,'22027','1991-09-11 00:00:00+00','1','FALSE',null);
INSERT INTO kern.his_persafgeleidadministrati (id,pers,tsreg,tsverval,actieinh,actieverval,nadereaandverval,admhnd,tslaatstewijz,sorteervolgorde,indonverwbijhvoorstelnieting,tslaatstewijzgbasystematiek) VALUES('22133','22028','2000-10-22 00:00:00+00',null,'22628',null,null,'22628','2000-10-22 00:00:00+00','1','FALSE',null);
INSERT INTO kern.his_persafgeleidadministrati (id,pers,tsreg,tsverval,actieinh,actieverval,nadereaandverval,admhnd,tslaatstewijz,sorteervolgorde,indonverwbijhvoorstelnieting,tslaatstewijzgbasystematiek) VALUES('22134','22028','1999-06-16 00:00:00+00','2000-10-22 00:00:00+00','22936','22628',null,'22936','1999-06-16 00:00:00+00','1','FALSE',null);
INSERT INTO kern.his_persafgeleidadministrati (id,pers,tsreg,tsverval,actieinh,actieverval,nadereaandverval,admhnd,tslaatstewijz,sorteervolgorde,indonverwbijhvoorstelnieting,tslaatstewijzgbasystematiek) VALUES('22135','22028','1990-07-22 04:00:00+00','1999-06-16 00:00:00+00','22935','22936',null,'22935','1990-07-22 00:00:00+00','1','FALSE',null);
INSERT INTO kern.his_persafgeleidadministrati (id,pers,tsreg,tsverval,actieinh,actieverval,nadereaandverval,admhnd,tslaatstewijz,sorteervolgorde,indonverwbijhvoorstelnieting,tslaatstewijzgbasystematiek) VALUES('22136','22028','1990-07-22 00:00:00+00','1990-07-22 04:00:00+00','22028','22935',null,'22028','1990-07-22 00:00:00+00','1','FALSE',null);
INSERT INTO kern.his_persafgeleidadministrati (id,pers,tsreg,tsverval,actieinh,actieverval,nadereaandverval,admhnd,tslaatstewijz,sorteervolgorde,indonverwbijhvoorstelnieting,tslaatstewijzgbasystematiek) VALUES('22137','22029','1920-04-30 00:00:00+00',null,'22029',null,null,'22029','1920-04-30 00:00:00+00','1','FALSE',null);
INSERT INTO kern.his_persafgeleidadministrati (id,pers,tsreg,tsverval,actieinh,actieverval,nadereaandverval,admhnd,tslaatstewijz,sorteervolgorde,indonverwbijhvoorstelnieting,tslaatstewijzgbasystematiek) VALUES('22138','22030','2012-06-20 00:00:00+00',null,'22934',null,null,'22934','2012-06-20 00:00:00+00','1','FALSE',null);
INSERT INTO kern.his_persafgeleidadministrati (id,pers,tsreg,tsverval,actieinh,actieverval,nadereaandverval,admhnd,tslaatstewijz,sorteervolgorde,indonverwbijhvoorstelnieting,tslaatstewijzgbasystematiek) VALUES('22139','22030','2009-12-01 00:00:00+00','2012-06-20 00:00:00+00','22933','22934',null,'22933','2009-12-01 00:00:00+00','1','FALSE',null);
INSERT INTO kern.his_persafgeleidadministrati (id,pers,tsreg,tsverval,actieinh,actieverval,nadereaandverval,admhnd,tslaatstewijz,sorteervolgorde,indonverwbijhvoorstelnieting,tslaatstewijzgbasystematiek) VALUES('22140','22030','2006-02-01 00:00:00+00','2009-12-01 00:00:00+00','22932','22933',null,'22932','2006-02-01 00:00:00+00','1','FALSE',null);
INSERT INTO kern.his_persafgeleidadministrati (id,pers,tsreg,tsverval,actieinh,actieverval,nadereaandverval,admhnd,tslaatstewijz,sorteervolgorde,indonverwbijhvoorstelnieting,tslaatstewijzgbasystematiek) VALUES('22141','22030','1922-04-19 04:00:00+00','2006-02-01 00:00:00+00','22931','22932',null,'22931','1922-04-19 00:00:00+00','1','FALSE',null);
INSERT INTO kern.his_persafgeleidadministrati (id,pers,tsreg,tsverval,actieinh,actieverval,nadereaandverval,admhnd,tslaatstewijz,sorteervolgorde,indonverwbijhvoorstelnieting,tslaatstewijzgbasystematiek) VALUES('22142','22030','1922-04-19 00:00:00+00','1922-04-19 04:00:00+00','22030','22931',null,'22030','1922-04-19 00:00:00+00','1','FALSE',null);
INSERT INTO kern.his_persafgeleidadministrati (id,pers,tsreg,tsverval,actieinh,actieverval,nadereaandverval,admhnd,tslaatstewijz,sorteervolgorde,indonverwbijhvoorstelnieting,tslaatstewijzgbasystematiek) VALUES('22143','22031','2012-03-06 00:00:00+00',null,'22930',null,null,'22930','2012-03-06 00:00:00+00','1','FALSE',null);
INSERT INTO kern.his_persafgeleidadministrati (id,pers,tsreg,tsverval,actieinh,actieverval,nadereaandverval,admhnd,tslaatstewijz,sorteervolgorde,indonverwbijhvoorstelnieting,tslaatstewijzgbasystematiek) VALUES('22144','22031','2001-09-26 00:00:00+00','2012-03-06 00:00:00+00','22929','22930',null,'22929','2001-09-26 00:00:00+00','1','FALSE',null);
INSERT INTO kern.his_persafgeleidadministrati (id,pers,tsreg,tsverval,actieinh,actieverval,nadereaandverval,admhnd,tslaatstewijz,sorteervolgorde,indonverwbijhvoorstelnieting,tslaatstewijzgbasystematiek) VALUES('22145','22031','2000-08-27 00:00:00+00','2001-09-26 00:00:00+00','22928','22929',null,'22928','2000-08-27 00:00:00+00','1','FALSE',null);
INSERT INTO kern.his_persafgeleidadministrati (id,pers,tsreg,tsverval,actieinh,actieverval,nadereaandverval,admhnd,tslaatstewijz,sorteervolgorde,indonverwbijhvoorstelnieting,tslaatstewijzgbasystematiek) VALUES('22146','22031','1992-02-19 04:00:00+00','2000-08-27 00:00:00+00','22927','22928',null,'22927','1992-02-19 00:00:00+00','1','FALSE',null);
INSERT INTO kern.his_persafgeleidadministrati (id,pers,tsreg,tsverval,actieinh,actieverval,nadereaandverval,admhnd,tslaatstewijz,sorteervolgorde,indonverwbijhvoorstelnieting,tslaatstewijzgbasystematiek) VALUES('22147','22031','1992-02-19 00:00:00+00','1992-02-19 04:00:00+00','22031','22927',null,'22031','1992-02-19 00:00:00+00','1','FALSE',null);
INSERT INTO kern.his_persafgeleidadministrati (id,pers,tsreg,tsverval,actieinh,actieverval,nadereaandverval,admhnd,tslaatstewijz,sorteervolgorde,indonverwbijhvoorstelnieting,tslaatstewijzgbasystematiek) VALUES('22148','22032','2012-06-21 00:00:00+00',null,'22926',null,null,'22926','2012-06-21 00:00:00+00','1','FALSE',null);
INSERT INTO kern.his_persafgeleidadministrati (id,pers,tsreg,tsverval,actieinh,actieverval,nadereaandverval,admhnd,tslaatstewijz,sorteervolgorde,indonverwbijhvoorstelnieting,tslaatstewijzgbasystematiek) VALUES('22149','22032','2001-03-01 00:00:00+00','2012-06-21 00:00:00+00','22925','22926',null,'22925','2001-03-01 00:00:00+00','1','FALSE',null);
INSERT INTO kern.his_persafgeleidadministrati (id,pers,tsreg,tsverval,actieinh,actieverval,nadereaandverval,admhnd,tslaatstewijz,sorteervolgorde,indonverwbijhvoorstelnieting,tslaatstewijzgbasystematiek) VALUES('22150','22032','1976-07-01 00:00:00+00','2001-03-01 00:00:00+00','22632','22925',null,'22632','1976-07-01 00:00:00+00','1','FALSE',null);
INSERT INTO kern.his_persafgeleidadministrati (id,pers,tsreg,tsverval,actieinh,actieverval,nadereaandverval,admhnd,tslaatstewijz,sorteervolgorde,indonverwbijhvoorstelnieting,tslaatstewijzgbasystematiek) VALUES('22151','22032','1967-06-01 00:00:00+00','1976-07-01 00:00:00+00','22924','22632',null,'22924','1967-06-01 00:00:00+00','1','FALSE',null);
INSERT INTO kern.his_persafgeleidadministrati (id,pers,tsreg,tsverval,actieinh,actieverval,nadereaandverval,admhnd,tslaatstewijz,sorteervolgorde,indonverwbijhvoorstelnieting,tslaatstewijzgbasystematiek) VALUES('22152','22032','1951-09-23 04:00:00+00','1967-06-01 00:00:00+00','22923','22924',null,'22923','1951-09-23 00:00:00+00','1','FALSE',null);
INSERT INTO kern.his_persafgeleidadministrati (id,pers,tsreg,tsverval,actieinh,actieverval,nadereaandverval,admhnd,tslaatstewijz,sorteervolgorde,indonverwbijhvoorstelnieting,tslaatstewijzgbasystematiek) VALUES('22153','22032','1951-09-23 00:00:00+00','1951-09-23 04:00:00+00','22032','22923',null,'22032','1951-09-23 00:00:00+00','1','FALSE',null);
INSERT INTO kern.his_persafgeleidadministrati (id,pers,tsreg,tsverval,actieinh,actieverval,nadereaandverval,admhnd,tslaatstewijz,sorteervolgorde,indonverwbijhvoorstelnieting,tslaatstewijzgbasystematiek) VALUES('22154','22033','2012-06-21 00:00:00+00',null,'22922',null,null,'22922','2012-06-21 00:00:00+00','1','FALSE',null);
INSERT INTO kern.his_persafgeleidadministrati (id,pers,tsreg,tsverval,actieinh,actieverval,nadereaandverval,admhnd,tslaatstewijz,sorteervolgorde,indonverwbijhvoorstelnieting,tslaatstewijzgbasystematiek) VALUES('22155','22033','2001-03-01 00:00:00+00','2012-06-21 00:00:00+00','22921','22922',null,'22921','2001-03-01 00:00:00+00','1','FALSE',null);
INSERT INTO kern.his_persafgeleidadministrati (id,pers,tsreg,tsverval,actieinh,actieverval,nadereaandverval,admhnd,tslaatstewijz,sorteervolgorde,indonverwbijhvoorstelnieting,tslaatstewijzgbasystematiek) VALUES('22156','22033','1976-07-01 00:00:00+00','2001-03-01 00:00:00+00','22632','22921',null,'22632','1976-07-01 00:00:00+00','1','FALSE',null);
INSERT INTO kern.his_persafgeleidadministrati (id,pers,tsreg,tsverval,actieinh,actieverval,nadereaandverval,admhnd,tslaatstewijz,sorteervolgorde,indonverwbijhvoorstelnieting,tslaatstewijzgbasystematiek) VALUES('22157','22033','1967-06-01 00:00:00+00','1976-07-01 00:00:00+00','22920','22632',null,'22920','1967-06-01 00:00:00+00','1','FALSE',null);
INSERT INTO kern.his_persafgeleidadministrati (id,pers,tsreg,tsverval,actieinh,actieverval,nadereaandverval,admhnd,tslaatstewijz,sorteervolgorde,indonverwbijhvoorstelnieting,tslaatstewijzgbasystematiek) VALUES('22158','22033','1953-11-16 04:00:00+00','1967-06-01 00:00:00+00','22919','22920',null,'22919','1953-11-16 00:00:00+00','1','FALSE',null);
INSERT INTO kern.his_persafgeleidadministrati (id,pers,tsreg,tsverval,actieinh,actieverval,nadereaandverval,admhnd,tslaatstewijz,sorteervolgorde,indonverwbijhvoorstelnieting,tslaatstewijzgbasystematiek) VALUES('22159','22033','1953-11-16 00:00:00+00','1953-11-16 04:00:00+00','22033','22919',null,'22033','1953-11-16 00:00:00+00','1','FALSE',null);
INSERT INTO kern.his_persafgeleidadministrati (id,pers,tsreg,tsverval,actieinh,actieverval,nadereaandverval,admhnd,tslaatstewijz,sorteervolgorde,indonverwbijhvoorstelnieting,tslaatstewijzgbasystematiek) VALUES('22160','22034','2009-07-01 00:00:00+00',null,'22918',null,null,'22918','2009-07-01 00:00:00+00','1','FALSE',null);
INSERT INTO kern.his_persafgeleidadministrati (id,pers,tsreg,tsverval,actieinh,actieverval,nadereaandverval,admhnd,tslaatstewijz,sorteervolgorde,indonverwbijhvoorstelnieting,tslaatstewijzgbasystematiek) VALUES('22161','22034','2008-02-18 00:00:00+00','2009-07-01 00:00:00+00','22917','22918',null,'22917','2008-02-18 00:00:00+00','1','FALSE',null);
INSERT INTO kern.his_persafgeleidadministrati (id,pers,tsreg,tsverval,actieinh,actieverval,nadereaandverval,admhnd,tslaatstewijz,sorteervolgorde,indonverwbijhvoorstelnieting,tslaatstewijzgbasystematiek) VALUES('22162','22034','2007-04-06 00:00:00+00','2008-02-18 00:00:00+00','22916','22917',null,'22916','2007-04-06 00:00:00+00','1','FALSE',null);
INSERT INTO kern.his_persafgeleidadministrati (id,pers,tsreg,tsverval,actieinh,actieverval,nadereaandverval,admhnd,tslaatstewijz,sorteervolgorde,indonverwbijhvoorstelnieting,tslaatstewijzgbasystematiek) VALUES('22163','22034','1939-04-02 04:00:00+00','2007-04-06 00:00:00+00','22915','22916',null,'22915','1939-04-02 00:00:00+00','1','FALSE',null);
INSERT INTO kern.his_persafgeleidadministrati (id,pers,tsreg,tsverval,actieinh,actieverval,nadereaandverval,admhnd,tslaatstewijz,sorteervolgorde,indonverwbijhvoorstelnieting,tslaatstewijzgbasystematiek) VALUES('22164','22034','1939-04-02 00:00:00+00','1939-04-02 04:00:00+00','22034','22915',null,'22034','1939-04-02 00:00:00+00','1','FALSE',null);
INSERT INTO kern.his_persafgeleidadministrati (id,pers,tsreg,tsverval,actieinh,actieverval,nadereaandverval,admhnd,tslaatstewijz,sorteervolgorde,indonverwbijhvoorstelnieting,tslaatstewijzgbasystematiek) VALUES('22165','22035','2009-03-01 00:00:00+00',null,'22914',null,null,'22914','2009-03-01 00:00:00+00','1','FALSE',null);
INSERT INTO kern.his_persafgeleidadministrati (id,pers,tsreg,tsverval,actieinh,actieverval,nadereaandverval,admhnd,tslaatstewijz,sorteervolgorde,indonverwbijhvoorstelnieting,tslaatstewijzgbasystematiek) VALUES('22166','22035','2008-11-01 00:00:00+00','2009-03-01 00:00:00+00','22913','22914',null,'22913','2008-11-01 00:00:00+00','1','FALSE',null);
INSERT INTO kern.his_persafgeleidadministrati (id,pers,tsreg,tsverval,actieinh,actieverval,nadereaandverval,admhnd,tslaatstewijz,sorteervolgorde,indonverwbijhvoorstelnieting,tslaatstewijzgbasystematiek) VALUES('22167','22035','2005-12-01 00:00:00+00','2008-11-01 00:00:00+00','22635','22913',null,'22635','2005-12-01 00:00:00+00','1','FALSE',null);
INSERT INTO kern.his_persafgeleidadministrati (id,pers,tsreg,tsverval,actieinh,actieverval,nadereaandverval,admhnd,tslaatstewijz,sorteervolgorde,indonverwbijhvoorstelnieting,tslaatstewijzgbasystematiek) VALUES('22168','22035','2005-01-12 00:00:00+00','2005-12-01 00:00:00+00','22634','22635',null,'22634','2005-01-12 00:00:00+00','1','FALSE',null);
INSERT INTO kern.his_persafgeleidadministrati (id,pers,tsreg,tsverval,actieinh,actieverval,nadereaandverval,admhnd,tslaatstewijz,sorteervolgorde,indonverwbijhvoorstelnieting,tslaatstewijzgbasystematiek) VALUES('22169','22035','2005-01-01 04:00:00+00','2005-01-12 00:00:00+00','22912','22634',null,'22912','2005-01-01 00:00:00+00','1','FALSE',null);
INSERT INTO kern.his_persafgeleidadministrati (id,pers,tsreg,tsverval,actieinh,actieverval,nadereaandverval,admhnd,tslaatstewijz,sorteervolgorde,indonverwbijhvoorstelnieting,tslaatstewijzgbasystematiek) VALUES('22170','22035','2005-01-01 00:00:00+00','2005-01-01 04:00:00+00','22633','22912',null,'22633','2005-01-01 00:00:00+00','1','FALSE',null);
INSERT INTO kern.his_persafgeleidadministrati (id,pers,tsreg,tsverval,actieinh,actieverval,nadereaandverval,admhnd,tslaatstewijz,sorteervolgorde,indonverwbijhvoorstelnieting,tslaatstewijzgbasystematiek) VALUES('22171','22035','1984-12-03 04:00:00+00','2005-01-01 00:00:00+00','22911','22633',null,'22911','1984-12-03 00:00:00+00','1','FALSE',null);
INSERT INTO kern.his_persafgeleidadministrati (id,pers,tsreg,tsverval,actieinh,actieverval,nadereaandverval,admhnd,tslaatstewijz,sorteervolgorde,indonverwbijhvoorstelnieting,tslaatstewijzgbasystematiek) VALUES('22172','22035','1984-12-03 00:00:00+00','1984-12-03 04:00:00+00','22035','22911',null,'22035','1984-12-03 00:00:00+00','1','FALSE',null);
INSERT INTO kern.his_persafgeleidadministrati (id,pers,tsreg,tsverval,actieinh,actieverval,nadereaandverval,admhnd,tslaatstewijz,sorteervolgorde,indonverwbijhvoorstelnieting,tslaatstewijzgbasystematiek) VALUES('22173','22036','2009-03-01 00:00:00+00',null,'22910',null,null,'22910','2009-03-01 00:00:00+00','1','FALSE',null);
INSERT INTO kern.his_persafgeleidadministrati (id,pers,tsreg,tsverval,actieinh,actieverval,nadereaandverval,admhnd,tslaatstewijz,sorteervolgorde,indonverwbijhvoorstelnieting,tslaatstewijzgbasystematiek) VALUES('22174','22036','2008-11-01 00:00:00+00','2009-03-01 00:00:00+00','22909','22910',null,'22909','2008-11-01 00:00:00+00','1','FALSE',null);
INSERT INTO kern.his_persafgeleidadministrati (id,pers,tsreg,tsverval,actieinh,actieverval,nadereaandverval,admhnd,tslaatstewijz,sorteervolgorde,indonverwbijhvoorstelnieting,tslaatstewijzgbasystematiek) VALUES('22175','22036','2005-12-01 00:00:00+00','2008-11-01 00:00:00+00','22635','22909',null,'22635','2005-12-01 00:00:00+00','1','FALSE',null);
INSERT INTO kern.his_persafgeleidadministrati (id,pers,tsreg,tsverval,actieinh,actieverval,nadereaandverval,admhnd,tslaatstewijz,sorteervolgorde,indonverwbijhvoorstelnieting,tslaatstewijzgbasystematiek) VALUES('22176','22036','2005-01-12 00:00:00+00','2005-12-01 00:00:00+00','22634','22635',null,'22634','2005-01-12 00:00:00+00','1','FALSE',null);
INSERT INTO kern.his_persafgeleidadministrati (id,pers,tsreg,tsverval,actieinh,actieverval,nadereaandverval,admhnd,tslaatstewijz,sorteervolgorde,indonverwbijhvoorstelnieting,tslaatstewijzgbasystematiek) VALUES('22177','22036','2005-01-01 04:00:00+00','2005-01-12 00:00:00+00','22908','22634',null,'22908','2005-01-01 00:00:00+00','1','FALSE',null);
INSERT INTO kern.his_persafgeleidadministrati (id,pers,tsreg,tsverval,actieinh,actieverval,nadereaandverval,admhnd,tslaatstewijz,sorteervolgorde,indonverwbijhvoorstelnieting,tslaatstewijzgbasystematiek) VALUES('22178','22036','2005-01-01 00:00:00+00','2005-01-01 04:00:00+00','22633','22908',null,'22633','2005-01-01 00:00:00+00','1','FALSE',null);
INSERT INTO kern.his_persafgeleidadministrati (id,pers,tsreg,tsverval,actieinh,actieverval,nadereaandverval,admhnd,tslaatstewijz,sorteervolgorde,indonverwbijhvoorstelnieting,tslaatstewijzgbasystematiek) VALUES('22179','22036','1985-10-11 04:00:00+00','2005-01-01 00:00:00+00','22907','22633',null,'22907','1985-10-11 00:00:00+00','1','FALSE',null);
INSERT INTO kern.his_persafgeleidadministrati (id,pers,tsreg,tsverval,actieinh,actieverval,nadereaandverval,admhnd,tslaatstewijz,sorteervolgorde,indonverwbijhvoorstelnieting,tslaatstewijzgbasystematiek) VALUES('22180','22036','1985-10-11 00:00:00+00','1985-10-11 04:00:00+00','22036','22907',null,'22036','1985-10-11 00:00:00+00','1','FALSE',null);
INSERT INTO kern.his_persafgeleidadministrati (id,pers,tsreg,tsverval,actieinh,actieverval,nadereaandverval,admhnd,tslaatstewijz,sorteervolgorde,indonverwbijhvoorstelnieting,tslaatstewijzgbasystematiek) VALUES('22181','22037','2009-03-01 00:00:00+00',null,'22906',null,null,'22906','2009-03-01 00:00:00+00','1','FALSE',null);
INSERT INTO kern.his_persafgeleidadministrati (id,pers,tsreg,tsverval,actieinh,actieverval,nadereaandverval,admhnd,tslaatstewijz,sorteervolgorde,indonverwbijhvoorstelnieting,tslaatstewijzgbasystematiek) VALUES('22182','22037','2008-11-01 00:00:00+00','2009-03-01 00:00:00+00','22905','22906',null,'22905','2008-11-01 00:00:00+00','1','FALSE',null);
INSERT INTO kern.his_persafgeleidadministrati (id,pers,tsreg,tsverval,actieinh,actieverval,nadereaandverval,admhnd,tslaatstewijz,sorteervolgorde,indonverwbijhvoorstelnieting,tslaatstewijzgbasystematiek) VALUES('22183','22037','2005-01-12 08:00:00+00','2008-11-01 00:00:00+00','22904','22905',null,'22904','2005-01-12 00:00:00+00','1','FALSE',null);
INSERT INTO kern.his_persafgeleidadministrati (id,pers,tsreg,tsverval,actieinh,actieverval,nadereaandverval,admhnd,tslaatstewijz,sorteervolgorde,indonverwbijhvoorstelnieting,tslaatstewijzgbasystematiek) VALUES('22184','22037','2005-01-12 04:00:00+00','2005-01-12 08:00:00+00','22634','22904',null,'22634','2005-01-12 00:00:00+00','1','FALSE',null);
INSERT INTO kern.his_persafgeleidadministrati (id,pers,tsreg,tsverval,actieinh,actieverval,nadereaandverval,admhnd,tslaatstewijz,sorteervolgorde,indonverwbijhvoorstelnieting,tslaatstewijzgbasystematiek) VALUES('22185','22037','2005-01-12 00:00:00+00','2005-01-12 04:00:00+00','22037','22634',null,'22037','2005-01-12 00:00:00+00','1','FALSE',null);
INSERT INTO kern.his_persafgeleidadministrati (id,pers,tsreg,tsverval,actieinh,actieverval,nadereaandverval,admhnd,tslaatstewijz,sorteervolgorde,indonverwbijhvoorstelnieting,tslaatstewijzgbasystematiek) VALUES('22186','22037','2003-03-28 00:00:00+00','2005-01-12 00:00:00+00','22651','22037',null,'22651','2003-03-28 00:00:00+00','1','FALSE',null);
INSERT INTO kern.his_persafgeleidadministrati (id,pers,tsreg,tsverval,actieinh,actieverval,nadereaandverval,admhnd,tslaatstewijz,sorteervolgorde,indonverwbijhvoorstelnieting,tslaatstewijzgbasystematiek) VALUES('22187','22038','2009-03-01 00:00:00+00',null,'22903',null,null,'22903','2009-03-01 00:00:00+00','1','FALSE',null);
INSERT INTO kern.his_persafgeleidadministrati (id,pers,tsreg,tsverval,actieinh,actieverval,nadereaandverval,admhnd,tslaatstewijz,sorteervolgorde,indonverwbijhvoorstelnieting,tslaatstewijzgbasystematiek) VALUES('22188','22038','2008-11-01 00:00:00+00','2009-03-01 00:00:00+00','22902','22903',null,'22902','2008-11-01 00:00:00+00','1','FALSE',null);
INSERT INTO kern.his_persafgeleidadministrati (id,pers,tsreg,tsverval,actieinh,actieverval,nadereaandverval,admhnd,tslaatstewijz,sorteervolgorde,indonverwbijhvoorstelnieting,tslaatstewijzgbasystematiek) VALUES('22189','22038','2005-12-01 08:00:00+00','2008-11-01 00:00:00+00','22901','22902',null,'22901','2005-12-01 00:00:00+00','1','FALSE',null);
INSERT INTO kern.his_persafgeleidadministrati (id,pers,tsreg,tsverval,actieinh,actieverval,nadereaandverval,admhnd,tslaatstewijz,sorteervolgorde,indonverwbijhvoorstelnieting,tslaatstewijzgbasystematiek) VALUES('22190','22038','2005-12-01 04:00:00+00','2005-12-01 08:00:00+00','22635','22901',null,'22635','2005-12-01 00:00:00+00','1','FALSE',null);
INSERT INTO kern.his_persafgeleidadministrati (id,pers,tsreg,tsverval,actieinh,actieverval,nadereaandverval,admhnd,tslaatstewijz,sorteervolgorde,indonverwbijhvoorstelnieting,tslaatstewijzgbasystematiek) VALUES('22191','22038','2005-12-01 00:00:00+00','2005-12-01 04:00:00+00','22038','22635',null,'22038','2005-12-01 00:00:00+00','1','FALSE',null);
INSERT INTO kern.his_persafgeleidadministrati (id,pers,tsreg,tsverval,actieinh,actieverval,nadereaandverval,admhnd,tslaatstewijz,sorteervolgorde,indonverwbijhvoorstelnieting,tslaatstewijzgbasystematiek) VALUES('22192','22038','2003-03-28 00:00:00+00','2005-12-01 00:00:00+00','22651','22038',null,'22651','2003-03-28 00:00:00+00','1','FALSE',null);
INSERT INTO kern.his_persafgeleidadministrati (id,pers,tsreg,tsverval,actieinh,actieverval,nadereaandverval,admhnd,tslaatstewijz,sorteervolgorde,indonverwbijhvoorstelnieting,tslaatstewijzgbasystematiek) VALUES('22193','22039','2012-05-22 00:00:00+00',null,'22900',null,null,'22900','2012-05-22 00:00:00+00','1','FALSE',null);
INSERT INTO kern.his_persafgeleidadministrati (id,pers,tsreg,tsverval,actieinh,actieverval,nadereaandverval,admhnd,tslaatstewijz,sorteervolgorde,indonverwbijhvoorstelnieting,tslaatstewijzgbasystematiek) VALUES('22194','22039','2011-12-01 00:00:00+00','2012-05-22 00:00:00+00','22899','22900',null,'22899','2011-12-01 00:00:00+00','1','FALSE',null);
INSERT INTO kern.his_persafgeleidadministrati (id,pers,tsreg,tsverval,actieinh,actieverval,nadereaandverval,admhnd,tslaatstewijz,sorteervolgorde,indonverwbijhvoorstelnieting,tslaatstewijzgbasystematiek) VALUES('22195','22039','2010-12-01 00:00:00+00','2011-12-01 00:00:00+00','22898','22899',null,'22898','2010-12-01 00:00:00+00','1','FALSE',null);
INSERT INTO kern.his_persafgeleidadministrati (id,pers,tsreg,tsverval,actieinh,actieverval,nadereaandverval,admhnd,tslaatstewijz,sorteervolgorde,indonverwbijhvoorstelnieting,tslaatstewijzgbasystematiek) VALUES('22196','22039','1991-03-15 04:00:00+00','2010-12-01 00:00:00+00','22897','22898',null,'22897','1991-03-15 00:00:00+00','1','FALSE',null);
INSERT INTO kern.his_persafgeleidadministrati (id,pers,tsreg,tsverval,actieinh,actieverval,nadereaandverval,admhnd,tslaatstewijz,sorteervolgorde,indonverwbijhvoorstelnieting,tslaatstewijzgbasystematiek) VALUES('22197','22039','1991-03-15 00:00:00+00','1991-03-15 04:00:00+00','22039','22897',null,'22039','1991-03-15 00:00:00+00','1','FALSE',null);
INSERT INTO kern.his_persafgeleidadministrati (id,pers,tsreg,tsverval,actieinh,actieverval,nadereaandverval,admhnd,tslaatstewijz,sorteervolgorde,indonverwbijhvoorstelnieting,tslaatstewijzgbasystematiek) VALUES('22198','22040','2001-05-17 04:00:00+00',null,'22896',null,null,'22896','2001-05-17 00:00:00+00','1','FALSE',null);
INSERT INTO kern.his_persafgeleidadministrati (id,pers,tsreg,tsverval,actieinh,actieverval,nadereaandverval,admhnd,tslaatstewijz,sorteervolgorde,indonverwbijhvoorstelnieting,tslaatstewijzgbasystematiek) VALUES('22199','22040','2001-05-17 00:00:00+00','2001-05-17 04:00:00+00','22040','22896',null,'22040','2001-05-17 00:00:00+00','1','FALSE',null);
INSERT INTO kern.his_persafgeleidadministrati (id,pers,tsreg,tsverval,actieinh,actieverval,nadereaandverval,admhnd,tslaatstewijz,sorteervolgorde,indonverwbijhvoorstelnieting,tslaatstewijzgbasystematiek) VALUES('22200','22041','2009-02-06 00:00:00+00',null,'22629',null,null,'22629','2009-02-06 00:00:00+00','1','FALSE',null);
INSERT INTO kern.his_persafgeleidadministrati (id,pers,tsreg,tsverval,actieinh,actieverval,nadereaandverval,admhnd,tslaatstewijz,sorteervolgorde,indonverwbijhvoorstelnieting,tslaatstewijzgbasystematiek) VALUES('22201','22041','2009-02-01 00:00:00+00','2009-02-06 00:00:00+00','22895','22629',null,'22895','2009-02-01 00:00:00+00','1','FALSE',null);
INSERT INTO kern.his_persafgeleidadministrati (id,pers,tsreg,tsverval,actieinh,actieverval,nadereaandverval,admhnd,tslaatstewijz,sorteervolgorde,indonverwbijhvoorstelnieting,tslaatstewijzgbasystematiek) VALUES('22202','22041','2006-05-23 00:00:00+00','2009-02-01 00:00:00+00','22894','22895',null,'22894','2006-05-23 00:00:00+00','1','FALSE',null);
INSERT INTO kern.his_persafgeleidadministrati (id,pers,tsreg,tsverval,actieinh,actieverval,nadereaandverval,admhnd,tslaatstewijz,sorteervolgorde,indonverwbijhvoorstelnieting,tslaatstewijzgbasystematiek) VALUES('22203','22041','2004-08-19 00:00:00+00','2006-05-23 00:00:00+00','22893','22894',null,'22893','2004-08-19 00:00:00+00','1','FALSE',null);
INSERT INTO kern.his_persafgeleidadministrati (id,pers,tsreg,tsverval,actieinh,actieverval,nadereaandverval,admhnd,tslaatstewijz,sorteervolgorde,indonverwbijhvoorstelnieting,tslaatstewijzgbasystematiek) VALUES('22204','22041','2001-05-17 00:00:00+00','2004-08-19 00:00:00+00','22892','22893',null,'22892','2001-05-17 00:00:00+00','1','FALSE',null);
INSERT INTO kern.his_persafgeleidadministrati (id,pers,tsreg,tsverval,actieinh,actieverval,nadereaandverval,admhnd,tslaatstewijz,sorteervolgorde,indonverwbijhvoorstelnieting,tslaatstewijzgbasystematiek) VALUES('22205','22041','1968-08-09 00:00:00+00','2001-05-17 00:00:00+00','22041','22892',null,'22041','1968-08-09 00:00:00+00','1','FALSE',null);
INSERT INTO kern.his_persafgeleidadministrati (id,pers,tsreg,tsverval,actieinh,actieverval,nadereaandverval,admhnd,tslaatstewijz,sorteervolgorde,indonverwbijhvoorstelnieting,tslaatstewijzgbasystematiek) VALUES('22206','22042','2001-03-28 00:00:00+00',null,'22891',null,null,'22891','2001-03-28 00:00:00+00','1','FALSE',null);
INSERT INTO kern.his_persafgeleidadministrati (id,pers,tsreg,tsverval,actieinh,actieverval,nadereaandverval,admhnd,tslaatstewijz,sorteervolgorde,indonverwbijhvoorstelnieting,tslaatstewijzgbasystematiek) VALUES('22207','22042','2000-10-22 00:00:00+00','2001-03-28 00:00:00+00','22628','22891',null,'22628','2000-10-22 00:00:00+00','1','FALSE',null);
INSERT INTO kern.his_persafgeleidadministrati (id,pers,tsreg,tsverval,actieinh,actieverval,nadereaandverval,admhnd,tslaatstewijz,sorteervolgorde,indonverwbijhvoorstelnieting,tslaatstewijzgbasystematiek) VALUES('22208','22042','1980-06-10 00:00:00+00','2000-10-22 00:00:00+00','22630','22628',null,'22630','1980-06-10 00:00:00+00','1','FALSE',null);
INSERT INTO kern.his_persafgeleidadministrati (id,pers,tsreg,tsverval,actieinh,actieverval,nadereaandverval,admhnd,tslaatstewijz,sorteervolgorde,indonverwbijhvoorstelnieting,tslaatstewijzgbasystematiek) VALUES('22209','22042','1958-09-21 04:00:00+00','1980-06-10 00:00:00+00','22890','22630',null,'22890','1958-09-21 00:00:00+00','1','FALSE',null);
INSERT INTO kern.his_persafgeleidadministrati (id,pers,tsreg,tsverval,actieinh,actieverval,nadereaandverval,admhnd,tslaatstewijz,sorteervolgorde,indonverwbijhvoorstelnieting,tslaatstewijzgbasystematiek) VALUES('22210','22042','1958-09-21 00:00:00+00','1958-09-21 04:00:00+00','22042','22890',null,'22042','1958-09-21 00:00:00+00','1','FALSE',null);
INSERT INTO kern.his_persafgeleidadministrati (id,pers,tsreg,tsverval,actieinh,actieverval,nadereaandverval,admhnd,tslaatstewijz,sorteervolgorde,indonverwbijhvoorstelnieting,tslaatstewijzgbasystematiek) VALUES('22211','22043','2000-10-22 00:00:00+00',null,'22628',null,null,'22628','2000-10-22 00:00:00+00','1','FALSE',null);
INSERT INTO kern.his_persafgeleidadministrati (id,pers,tsreg,tsverval,actieinh,actieverval,nadereaandverval,admhnd,tslaatstewijz,sorteervolgorde,indonverwbijhvoorstelnieting,tslaatstewijzgbasystematiek) VALUES('22212','22043','1982-05-28 00:00:00+00','2000-10-22 00:00:00+00','22889','22628',null,'22889','1982-05-28 00:00:00+00','1','FALSE',null);
INSERT INTO kern.his_persafgeleidadministrati (id,pers,tsreg,tsverval,actieinh,actieverval,nadereaandverval,admhnd,tslaatstewijz,sorteervolgorde,indonverwbijhvoorstelnieting,tslaatstewijzgbasystematiek) VALUES('22213','22043','1980-06-10 00:00:00+00','1982-05-28 00:00:00+00','22630','22889',null,'22630','1980-06-10 00:00:00+00','1','FALSE',null);
INSERT INTO kern.his_persafgeleidadministrati (id,pers,tsreg,tsverval,actieinh,actieverval,nadereaandverval,admhnd,tslaatstewijz,sorteervolgorde,indonverwbijhvoorstelnieting,tslaatstewijzgbasystematiek) VALUES('22214','22043','1959-09-22 04:00:00+00','1980-06-10 00:00:00+00','22888','22630',null,'22888','1959-09-22 00:00:00+00','1','FALSE',null);
INSERT INTO kern.his_persafgeleidadministrati (id,pers,tsreg,tsverval,actieinh,actieverval,nadereaandverval,admhnd,tslaatstewijz,sorteervolgorde,indonverwbijhvoorstelnieting,tslaatstewijzgbasystematiek) VALUES('22215','22043','1959-09-22 00:00:00+00','1959-09-22 04:00:00+00','22043','22888',null,'22043','1959-09-22 00:00:00+00','1','FALSE',null);
INSERT INTO kern.his_persafgeleidadministrati (id,pers,tsreg,tsverval,actieinh,actieverval,nadereaandverval,admhnd,tslaatstewijz,sorteervolgorde,indonverwbijhvoorstelnieting,tslaatstewijzgbasystematiek) VALUES('22216','22044','2001-03-28 00:00:00+00',null,'22887',null,null,'22887','2001-03-28 00:00:00+00','1','FALSE',null);
INSERT INTO kern.his_persafgeleidadministrati (id,pers,tsreg,tsverval,actieinh,actieverval,nadereaandverval,admhnd,tslaatstewijz,sorteervolgorde,indonverwbijhvoorstelnieting,tslaatstewijzgbasystematiek) VALUES('22217','22044','1990-07-22 00:00:00+00','2001-03-28 00:00:00+00','22626','22887',null,'22626','1990-07-22 00:00:00+00','1','FALSE',null);
INSERT INTO kern.his_persafgeleidadministrati (id,pers,tsreg,tsverval,actieinh,actieverval,nadereaandverval,admhnd,tslaatstewijz,sorteervolgorde,indonverwbijhvoorstelnieting,tslaatstewijzgbasystematiek) VALUES('22218','22044','1981-04-25 00:00:00+00','1990-07-22 00:00:00+00','22631','22626',null,'22631','1981-04-25 00:00:00+00','1','FALSE',null);
INSERT INTO kern.his_persafgeleidadministrati (id,pers,tsreg,tsverval,actieinh,actieverval,nadereaandverval,admhnd,tslaatstewijz,sorteervolgorde,indonverwbijhvoorstelnieting,tslaatstewijzgbasystematiek) VALUES('22219','22044','1960-12-21 04:00:00+00','1981-04-25 00:00:00+00','22886','22631',null,'22886','1960-12-21 00:00:00+00','1','FALSE',null);
INSERT INTO kern.his_persafgeleidadministrati (id,pers,tsreg,tsverval,actieinh,actieverval,nadereaandverval,admhnd,tslaatstewijz,sorteervolgorde,indonverwbijhvoorstelnieting,tslaatstewijzgbasystematiek) VALUES('22220','22044','1960-12-21 00:00:00+00','1960-12-21 04:00:00+00','22044','22886',null,'22044','1960-12-21 00:00:00+00','1','FALSE',null);
INSERT INTO kern.his_persafgeleidadministrati (id,pers,tsreg,tsverval,actieinh,actieverval,nadereaandverval,admhnd,tslaatstewijz,sorteervolgorde,indonverwbijhvoorstelnieting,tslaatstewijzgbasystematiek) VALUES('22221','22045','1991-10-02 00:00:00+00',null,'22885',null,null,'22885','1991-10-02 00:00:00+00','1','FALSE',null);
INSERT INTO kern.his_persafgeleidadministrati (id,pers,tsreg,tsverval,actieinh,actieverval,nadereaandverval,admhnd,tslaatstewijz,sorteervolgorde,indonverwbijhvoorstelnieting,tslaatstewijzgbasystematiek) VALUES('22222','22045','1990-07-22 00:00:00+00','1991-10-02 00:00:00+00','22626','22885',null,'22626','1990-07-22 00:00:00+00','1','FALSE',null);
INSERT INTO kern.his_persafgeleidadministrati (id,pers,tsreg,tsverval,actieinh,actieverval,nadereaandverval,admhnd,tslaatstewijz,sorteervolgorde,indonverwbijhvoorstelnieting,tslaatstewijzgbasystematiek) VALUES('22223','22045','1981-04-25 00:00:00+00','1990-07-22 00:00:00+00','22631','22626',null,'22631','1981-04-25 00:00:00+00','1','FALSE',null);
INSERT INTO kern.his_persafgeleidadministrati (id,pers,tsreg,tsverval,actieinh,actieverval,nadereaandverval,admhnd,tslaatstewijz,sorteervolgorde,indonverwbijhvoorstelnieting,tslaatstewijzgbasystematiek) VALUES('22224','22045','1961-12-22 04:00:00+00','1981-04-25 00:00:00+00','22884','22631',null,'22884','1961-12-22 00:00:00+00','1','FALSE',null);
INSERT INTO kern.his_persafgeleidadministrati (id,pers,tsreg,tsverval,actieinh,actieverval,nadereaandverval,admhnd,tslaatstewijz,sorteervolgorde,indonverwbijhvoorstelnieting,tslaatstewijzgbasystematiek) VALUES('22225','22045','1961-12-22 00:00:00+00','1961-12-22 04:00:00+00','22045','22884',null,'22045','1961-12-22 00:00:00+00','1','FALSE',null);

commit;


--------------------------------------------------
--- EIND
--- Sheet: (his_persafgeleidadministrati)
--- Handler: SheetHandlerImplSimpleInsert
--- Aantal: (225)
--------------------------------------------------
--------------------------------------------------
--- START
--- Sheet: (his_persids)
--- Handler: SheetHandlerImplSimpleInsert
--------------------------------------------------

begin;

INSERT INTO kern.his_persids (id,pers,dataanvgel,tsreg,actieinh,anr,bsn,nadereaandverval) VALUES('22001','22001','19811002','19811002','22001','7602462845','220010985',null);
INSERT INTO kern.his_persids (id,pers,dataanvgel,tsreg,actieinh,anr,bsn,nadereaandverval) VALUES('22002','22002','19820528','19820528','22002','7607560198','220011643',null);
INSERT INTO kern.his_persids (id,pers,dataanvgel,tsreg,actieinh,anr,bsn,nadereaandverval) VALUES('22003','22003','19660302','19660302','22003','7608072905','220011655',null);
INSERT INTO kern.his_persids (id,pers,dataanvgel,tsreg,actieinh,anr,bsn,nadereaandverval) VALUES('22004','22004','19691227','19691227','22004','7608759430','220011692',null);
INSERT INTO kern.his_persids (id,pers,dataanvgel,tsreg,actieinh,anr,bsn,nadereaandverval) VALUES('22005','22005','19710717','19710717','22005','7609153481','220011734',null);
INSERT INTO kern.his_persids (id,pers,dataanvgel,tsreg,actieinh,anr,bsn,nadereaandverval) VALUES('22006','22006','19720928','19720928','22006','7618019123','220011977',null);
INSERT INTO kern.his_persids (id,pers,dataanvgel,tsreg,actieinh,anr,bsn,nadereaandverval) VALUES('22007','22007','19800616','19800616','22007','7619184620','220012209',null);
INSERT INTO kern.his_persids (id,pers,dataanvgel,tsreg,actieinh,anr,bsn,nadereaandverval) VALUES('22008','22008','19810418','19810418','22008','7619195060','220012374',null);
INSERT INTO kern.his_persids (id,pers,dataanvgel,tsreg,actieinh,anr,bsn,nadereaandverval) VALUES('22009','22009','20110516','20110516','22009','7619565073','220012465',null);
INSERT INTO kern.his_persids (id,pers,dataanvgel,tsreg,actieinh,anr,bsn,nadereaandverval) VALUES('22010','22010','19691231','19691231','22010','7619589280','220012489',null);
INSERT INTO kern.his_persids (id,pers,dataanvgel,tsreg,actieinh,anr,bsn,nadereaandverval) VALUES('22011','22011','19690516','19690516','22011','7620132516','220012520',null);
INSERT INTO kern.his_persids (id,pers,dataanvgel,tsreg,actieinh,anr,bsn,nadereaandverval) VALUES('22012','22012','19771210','19771210','22012','7623631984','220012611',null);
INSERT INTO kern.his_persids (id,pers,dataanvgel,tsreg,actieinh,anr,bsn,nadereaandverval) VALUES('22013','22013','19550602','19550602','22013','7624361072','220012921',null);
INSERT INTO kern.his_persids (id,pers,dataanvgel,tsreg,actieinh,anr,bsn,nadereaandverval) VALUES('22014','22014','19780611','19780611','22014','7626484936','220013597',null);
INSERT INTO kern.his_persids (id,pers,dataanvgel,tsreg,actieinh,anr,bsn,nadereaandverval) VALUES('22015','22015','19880425','19880425','22015','7629205340','220013627',null);
INSERT INTO kern.his_persids (id,pers,dataanvgel,tsreg,actieinh,anr,bsn,nadereaandverval) VALUES('22016','22016','19881210','19881210','22016','7629287152','220013676',null);
INSERT INTO kern.his_persids (id,pers,dataanvgel,tsreg,actieinh,anr,bsn,nadereaandverval) VALUES('22017','22017','19960523','19960523','22017','7630124514','220013792',null);
INSERT INTO kern.his_persids (id,pers,dataanvgel,tsreg,actieinh,anr,bsn,nadereaandverval) VALUES('22018','22018','19941005','19941005','22018','7632469891','220014528',null);
INSERT INTO kern.his_persids (id,pers,dataanvgel,tsreg,actieinh,anr,bsn,nadereaandverval) VALUES('22019','22019','19941005','19941005','22019','7632872171','220014802',null);
INSERT INTO kern.his_persids (id,pers,dataanvgel,tsreg,actieinh,anr,bsn,nadereaandverval) VALUES('22020','22020','19760103','19760103','22020','7635087829','220014863',null);
INSERT INTO kern.his_persids (id,pers,dataanvgel,tsreg,actieinh,anr,bsn,nadereaandverval) VALUES('22021','22021','19961003','19961003','22021','7635820891','220015144',null);
INSERT INTO kern.his_persids (id,pers,dataanvgel,tsreg,actieinh,anr,bsn,nadereaandverval) VALUES('22022','22022','19951003','19951003','22022','7636138040','220015259',null);
INSERT INTO kern.his_persids (id,pers,dataanvgel,tsreg,actieinh,anr,bsn,nadereaandverval) VALUES('22023','22023','19941003','19941003','22023','7637640326','220015624',null);
INSERT INTO kern.his_persids (id,pers,dataanvgel,tsreg,actieinh,anr,bsn,nadereaandverval) VALUES('22024','22024','19770401','19770401','22024','7638263848','220015958',null);
INSERT INTO kern.his_persids (id,pers,dataanvgel,tsreg,actieinh,anr,bsn,nadereaandverval) VALUES('22025','22025','19880611','19880611','22025','7643831525','220016343',null);
INSERT INTO kern.his_persids (id,pers,dataanvgel,tsreg,actieinh,anr,bsn,nadereaandverval) VALUES('22026','22026','19910721','19910721','22026','7645797984','220016409',null);
INSERT INTO kern.his_persids (id,pers,dataanvgel,tsreg,actieinh,anr,bsn,nadereaandverval) VALUES('22027','22027','19910911','19910911','22027','7649310676','220016458',null);
INSERT INTO kern.his_persids (id,pers,dataanvgel,tsreg,actieinh,anr,bsn,nadereaandverval) VALUES('22028','22028','19900722','19900722','22028','7649610985','220016951',null);
INSERT INTO kern.his_persids (id,pers,dataanvgel,tsreg,actieinh,anr,bsn,nadereaandverval) VALUES('22029','22029','19200430','19200430','22029','7651574351','220017013',null);
INSERT INTO kern.his_persids (id,pers,dataanvgel,tsreg,actieinh,anr,bsn,nadereaandverval) VALUES('22030','22030','19220419','19220419','22030','7656251921','220017165',null);
INSERT INTO kern.his_persids (id,pers,dataanvgel,tsreg,actieinh,anr,bsn,nadereaandverval) VALUES('22031','22031','19920219','19920219','22031','7656767592','220017256',null);
INSERT INTO kern.his_persids (id,pers,dataanvgel,tsreg,actieinh,anr,bsn,nadereaandverval) VALUES('22032','22032','19510923','19510923','22032','7657386292','220017736',null);
INSERT INTO kern.his_persids (id,pers,dataanvgel,tsreg,actieinh,anr,bsn,nadereaandverval) VALUES('22033','22033','19531116','19531116','22033','7670289802','220018042',null);
INSERT INTO kern.his_persids (id,pers,dataanvgel,tsreg,actieinh,anr,bsn,nadereaandverval) VALUES('22034','22034','19390402','19390402','22034','7670712545','220018078',null);
INSERT INTO kern.his_persids (id,pers,dataanvgel,tsreg,actieinh,anr,bsn,nadereaandverval) VALUES('22035','22035','19841203','19841203','22035','7671386029','220018261',null);
INSERT INTO kern.his_persids (id,pers,dataanvgel,tsreg,actieinh,anr,bsn,nadereaandverval) VALUES('22036','22036','19851011','19851011','22036','7674872608','220018285',null);
INSERT INTO kern.his_persids (id,pers,dataanvgel,tsreg,actieinh,anr,bsn,nadereaandverval) VALUES('22037','22037','20050112','20050112','22037','7679091781','220018327',null);
INSERT INTO kern.his_persids (id,pers,dataanvgel,tsreg,actieinh,anr,bsn,nadereaandverval) VALUES('22038','22038','20051201','20051201','22038','7680892596','220018728',null);
INSERT INTO kern.his_persids (id,pers,dataanvgel,tsreg,actieinh,anr,bsn,nadereaandverval) VALUES('22039','22039','20050112','20050112','22039','7681563865','220018856',null);
INSERT INTO kern.his_persids (id,pers,dataanvgel,tsreg,actieinh,anr,bsn,nadereaandverval) VALUES('22040','22040','20051201','20051201','22040','7682130782','220018984',null);
INSERT INTO kern.his_persids (id,pers,dataanvgel,tsreg,actieinh,anr,bsn,nadereaandverval) VALUES('22041','22041','19680809','19680809','22041','7682305198','220019344',null);
INSERT INTO kern.his_persids (id,pers,dataanvgel,tsreg,actieinh,anr,bsn,nadereaandverval) VALUES('22042','22042','19580921','19580921','22042','7684240106','220019423',null);
INSERT INTO kern.his_persids (id,pers,dataanvgel,tsreg,actieinh,anr,bsn,nadereaandverval) VALUES('22043','22043','19951004','19951004','22043','7686325345','220019678',null);
INSERT INTO kern.his_persids (id,pers,dataanvgel,tsreg,actieinh,anr,bsn,nadereaandverval) VALUES('22044','22044','20051201','20051201','22044','7686967647','220019691',null);
INSERT INTO kern.his_persids (id,pers,dataanvgel,tsreg,actieinh,anr,bsn,nadereaandverval) VALUES('22045','22045','20050112','20050112','22045','7692616828','220019927',null);

commit;


--------------------------------------------------
--- EIND
--- Sheet: (his_persids)
--- Handler: SheetHandlerImplSimpleInsert
--- Aantal: (46)
--------------------------------------------------
--------------------------------------------------
--- START
--- Sheet: (his_persgeslachtsaand)
--- Handler: SheetHandlerImplSimpleInsert
--------------------------------------------------

begin;

INSERT INTO kern.his_persgeslachtsaand (id,pers,dataanvgel,dateindegel,tsreg,tsverval,actieinh,actieverval,actieaanpgel,geslachtsaand,nadereaandverval) VALUES('22001','22001','19811002',null,'19811002',null,'22001',null,null,'1',null);
INSERT INTO kern.his_persgeslachtsaand (id,pers,dataanvgel,dateindegel,tsreg,tsverval,actieinh,actieverval,actieaanpgel,geslachtsaand,nadereaandverval) VALUES('22002','22002','19820528',null,'19820528',null,'22002',null,null,'2',null);
INSERT INTO kern.his_persgeslachtsaand (id,pers,dataanvgel,dateindegel,tsreg,tsverval,actieinh,actieverval,actieaanpgel,geslachtsaand,nadereaandverval) VALUES('22003','22003','19660302',null,'19660302',null,'22003',null,null,'3',null);
INSERT INTO kern.his_persgeslachtsaand (id,pers,dataanvgel,dateindegel,tsreg,tsverval,actieinh,actieverval,actieaanpgel,geslachtsaand,nadereaandverval) VALUES('22004','22004','19691227',null,'19691227',null,'22004',null,null,'2',null);
INSERT INTO kern.his_persgeslachtsaand (id,pers,dataanvgel,dateindegel,tsreg,tsverval,actieinh,actieverval,actieaanpgel,geslachtsaand,nadereaandverval) VALUES('22005','22005','19710717',null,'19710717',null,'22005',null,null,'1',null);
INSERT INTO kern.his_persgeslachtsaand (id,pers,dataanvgel,dateindegel,tsreg,tsverval,actieinh,actieverval,actieaanpgel,geslachtsaand,nadereaandverval) VALUES('22006','22006','19720928',null,'19720928',null,'22006',null,null,'2',null);
INSERT INTO kern.his_persgeslachtsaand (id,pers,dataanvgel,dateindegel,tsreg,tsverval,actieinh,actieverval,actieaanpgel,geslachtsaand,nadereaandverval) VALUES('22007','22007','19800616',null,'19800616',null,'22007',null,null,'1',null);
INSERT INTO kern.his_persgeslachtsaand (id,pers,dataanvgel,dateindegel,tsreg,tsverval,actieinh,actieverval,actieaanpgel,geslachtsaand,nadereaandverval) VALUES('22008','22008','19810418',null,'19810418',null,'22008',null,null,'2',null);
INSERT INTO kern.his_persgeslachtsaand (id,pers,dataanvgel,dateindegel,tsreg,tsverval,actieinh,actieverval,actieaanpgel,geslachtsaand,nadereaandverval) VALUES('22009','22009','20110516',null,'20110516',null,'22009',null,null,'2',null);
INSERT INTO kern.his_persgeslachtsaand (id,pers,dataanvgel,dateindegel,tsreg,tsverval,actieinh,actieverval,actieaanpgel,geslachtsaand,nadereaandverval) VALUES('22010','22010','19691231',null,'19691231',null,'22010',null,null,'1',null);
INSERT INTO kern.his_persgeslachtsaand (id,pers,dataanvgel,dateindegel,tsreg,tsverval,actieinh,actieverval,actieaanpgel,geslachtsaand,nadereaandverval) VALUES('22011','22011','19690516',null,'19690516',null,'22011',null,null,'2',null);
INSERT INTO kern.his_persgeslachtsaand (id,pers,dataanvgel,dateindegel,tsreg,tsverval,actieinh,actieverval,actieaanpgel,geslachtsaand,nadereaandverval) VALUES('22012','22012','19771210',null,'19771210',null,'22012',null,null,'1',null);
INSERT INTO kern.his_persgeslachtsaand (id,pers,dataanvgel,dateindegel,tsreg,tsverval,actieinh,actieverval,actieaanpgel,geslachtsaand,nadereaandverval) VALUES('22013','22013','19550602',null,'19550602',null,'22013',null,null,'2',null);
INSERT INTO kern.his_persgeslachtsaand (id,pers,dataanvgel,dateindegel,tsreg,tsverval,actieinh,actieverval,actieaanpgel,geslachtsaand,nadereaandverval) VALUES('22014','22014','19780611',null,'19780611',null,'22014',null,null,'1',null);
INSERT INTO kern.his_persgeslachtsaand (id,pers,dataanvgel,dateindegel,tsreg,tsverval,actieinh,actieverval,actieaanpgel,geslachtsaand,nadereaandverval) VALUES('22015','22015','19880425',null,'19880425',null,'22015',null,null,'2',null);
INSERT INTO kern.his_persgeslachtsaand (id,pers,dataanvgel,dateindegel,tsreg,tsverval,actieinh,actieverval,actieaanpgel,geslachtsaand,nadereaandverval) VALUES('22016','22016','19881210',null,'19881210',null,'22016',null,null,'2',null);
INSERT INTO kern.his_persgeslachtsaand (id,pers,dataanvgel,dateindegel,tsreg,tsverval,actieinh,actieverval,actieaanpgel,geslachtsaand,nadereaandverval) VALUES('22017','22017','19960523',null,'19960523',null,'22017',null,null,'1',null);
INSERT INTO kern.his_persgeslachtsaand (id,pers,dataanvgel,dateindegel,tsreg,tsverval,actieinh,actieverval,actieaanpgel,geslachtsaand,nadereaandverval) VALUES('22018','22018','19941005',null,'19941005',null,'22018',null,null,'2',null);
INSERT INTO kern.his_persgeslachtsaand (id,pers,dataanvgel,dateindegel,tsreg,tsverval,actieinh,actieverval,actieaanpgel,geslachtsaand,nadereaandverval) VALUES('22019','22019','19941005',null,'19941005',null,'22019',null,null,'2',null);
INSERT INTO kern.his_persgeslachtsaand (id,pers,dataanvgel,dateindegel,tsreg,tsverval,actieinh,actieverval,actieaanpgel,geslachtsaand,nadereaandverval) VALUES('22020','22020','19760103',null,'19760103',null,'22020',null,null,'2',null);
INSERT INTO kern.his_persgeslachtsaand (id,pers,dataanvgel,dateindegel,tsreg,tsverval,actieinh,actieverval,actieaanpgel,geslachtsaand,nadereaandverval) VALUES('22021','22021','19961003',null,'19961003',null,'22021',null,null,'1',null);
INSERT INTO kern.his_persgeslachtsaand (id,pers,dataanvgel,dateindegel,tsreg,tsverval,actieinh,actieverval,actieaanpgel,geslachtsaand,nadereaandverval) VALUES('22022','22022','19951003',null,'19951003',null,'22022',null,null,'2',null);
INSERT INTO kern.his_persgeslachtsaand (id,pers,dataanvgel,dateindegel,tsreg,tsverval,actieinh,actieverval,actieaanpgel,geslachtsaand,nadereaandverval) VALUES('22023','22023','19941003',null,'19941003',null,'22023',null,null,'1',null);
INSERT INTO kern.his_persgeslachtsaand (id,pers,dataanvgel,dateindegel,tsreg,tsverval,actieinh,actieverval,actieaanpgel,geslachtsaand,nadereaandverval) VALUES('22024','22024','19770401',null,'19770401',null,'22024',null,null,'2',null);
INSERT INTO kern.his_persgeslachtsaand (id,pers,dataanvgel,dateindegel,tsreg,tsverval,actieinh,actieverval,actieaanpgel,geslachtsaand,nadereaandverval) VALUES('22025','22025','19880611',null,'19880611',null,'22025',null,null,'1',null);
INSERT INTO kern.his_persgeslachtsaand (id,pers,dataanvgel,dateindegel,tsreg,tsverval,actieinh,actieverval,actieaanpgel,geslachtsaand,nadereaandverval) VALUES('22026','22026','19910721',null,'19910721',null,'22026',null,null,'2',null);
INSERT INTO kern.his_persgeslachtsaand (id,pers,dataanvgel,dateindegel,tsreg,tsverval,actieinh,actieverval,actieaanpgel,geslachtsaand,nadereaandverval) VALUES('22027','22027','19910911',null,'19910911',null,'22027',null,null,'1',null);
INSERT INTO kern.his_persgeslachtsaand (id,pers,dataanvgel,dateindegel,tsreg,tsverval,actieinh,actieverval,actieaanpgel,geslachtsaand,nadereaandverval) VALUES('22028','22028','19900722',null,'19900722',null,'22028',null,null,'2',null);
INSERT INTO kern.his_persgeslachtsaand (id,pers,dataanvgel,dateindegel,tsreg,tsverval,actieinh,actieverval,actieaanpgel,geslachtsaand,nadereaandverval) VALUES('22029','22029','19200430',null,'19200430',null,'22029',null,null,'2',null);
INSERT INTO kern.his_persgeslachtsaand (id,pers,dataanvgel,dateindegel,tsreg,tsverval,actieinh,actieverval,actieaanpgel,geslachtsaand,nadereaandverval) VALUES('22030','22030','19220419',null,'19220419',null,'22030',null,null,'2',null);
INSERT INTO kern.his_persgeslachtsaand (id,pers,dataanvgel,dateindegel,tsreg,tsverval,actieinh,actieverval,actieaanpgel,geslachtsaand,nadereaandverval) VALUES('22031','22031','19920219',null,'19920219',null,'22031',null,null,'1',null);
INSERT INTO kern.his_persgeslachtsaand (id,pers,dataanvgel,dateindegel,tsreg,tsverval,actieinh,actieverval,actieaanpgel,geslachtsaand,nadereaandverval) VALUES('22032','22032','19510923',null,'19510923',null,'22032',null,null,'1',null);
INSERT INTO kern.his_persgeslachtsaand (id,pers,dataanvgel,dateindegel,tsreg,tsverval,actieinh,actieverval,actieaanpgel,geslachtsaand,nadereaandverval) VALUES('22033','22033','19531116',null,'19531116',null,'22033',null,null,'2',null);
INSERT INTO kern.his_persgeslachtsaand (id,pers,dataanvgel,dateindegel,tsreg,tsverval,actieinh,actieverval,actieaanpgel,geslachtsaand,nadereaandverval) VALUES('22034','22034','19390402',null,'19390402',null,'22034',null,null,'2',null);
INSERT INTO kern.his_persgeslachtsaand (id,pers,dataanvgel,dateindegel,tsreg,tsverval,actieinh,actieverval,actieaanpgel,geslachtsaand,nadereaandverval) VALUES('22035','22035','19841203',null,'19841203',null,'22035',null,null,'2',null);
INSERT INTO kern.his_persgeslachtsaand (id,pers,dataanvgel,dateindegel,tsreg,tsverval,actieinh,actieverval,actieaanpgel,geslachtsaand,nadereaandverval) VALUES('22036','22036','19851011',null,'19851011',null,'22036',null,null,'1',null);
INSERT INTO kern.his_persgeslachtsaand (id,pers,dataanvgel,dateindegel,tsreg,tsverval,actieinh,actieverval,actieaanpgel,geslachtsaand,nadereaandverval) VALUES('22037','22037','20050112',null,'20050112',null,'22037',null,null,'1',null);
INSERT INTO kern.his_persgeslachtsaand (id,pers,dataanvgel,dateindegel,tsreg,tsverval,actieinh,actieverval,actieaanpgel,geslachtsaand,nadereaandverval) VALUES('22038','22038','20051201',null,'20051201',null,'22038',null,null,'2',null);
INSERT INTO kern.his_persgeslachtsaand (id,pers,dataanvgel,dateindegel,tsreg,tsverval,actieinh,actieverval,actieaanpgel,geslachtsaand,nadereaandverval) VALUES('22039','22039','20050112',null,'20050112',null,'22039',null,null,'2',null);
INSERT INTO kern.his_persgeslachtsaand (id,pers,dataanvgel,dateindegel,tsreg,tsverval,actieinh,actieverval,actieaanpgel,geslachtsaand,nadereaandverval) VALUES('22040','22040','20051201',null,'20051201',null,'22040',null,null,'1',null);
INSERT INTO kern.his_persgeslachtsaand (id,pers,dataanvgel,dateindegel,tsreg,tsverval,actieinh,actieverval,actieaanpgel,geslachtsaand,nadereaandverval) VALUES('22041','22041','19680809',null,'19680809',null,'22041',null,null,'1',null);
INSERT INTO kern.his_persgeslachtsaand (id,pers,dataanvgel,dateindegel,tsreg,tsverval,actieinh,actieverval,actieaanpgel,geslachtsaand,nadereaandverval) VALUES('22042','22042','19580921',null,'19580921',null,'22042',null,null,'1',null);
INSERT INTO kern.his_persgeslachtsaand (id,pers,dataanvgel,dateindegel,tsreg,tsverval,actieinh,actieverval,actieaanpgel,geslachtsaand,nadereaandverval) VALUES('22043','22043','19951004',null,'19951004',null,'22043',null,null,'2',null);
INSERT INTO kern.his_persgeslachtsaand (id,pers,dataanvgel,dateindegel,tsreg,tsverval,actieinh,actieverval,actieaanpgel,geslachtsaand,nadereaandverval) VALUES('22044','22044','20051201',null,'20051201',null,'22044',null,null,'1',null);
INSERT INTO kern.his_persgeslachtsaand (id,pers,dataanvgel,dateindegel,tsreg,tsverval,actieinh,actieverval,actieaanpgel,geslachtsaand,nadereaandverval) VALUES('22045','22045','20050112',null,'20050112',null,'22045',null,null,'2',null);

commit;


--------------------------------------------------
--- EIND
--- Sheet: (his_persgeslachtsaand)
--- Handler: SheetHandlerImplSimpleInsert
--- Aantal: (46)
--------------------------------------------------
--------------------------------------------------
--- START
--- Sheet: (persgeslnaamcomp)
--- Handler: SheetHandlerImplSimpleInsert
--------------------------------------------------

begin;

INSERT INTO kern.persgeslnaamcomp (id,pers,voorvoegsel,scheidingsteken,stam,predicaat,adellijketitel,volgnr) VALUES('22001','22001',null,null,'Vlag',null,null,'1');
INSERT INTO kern.persgeslnaamcomp (id,pers,voorvoegsel,scheidingsteken,stam,predicaat,adellijketitel,volgnr) VALUES('22002','22002','de',' ','Prins',null,null,'1');
INSERT INTO kern.persgeslnaamcomp (id,pers,voorvoegsel,scheidingsteken,stam,predicaat,adellijketitel,volgnr) VALUES('22003','22003','van der',' ','Vermeer',null,null,'1');
INSERT INTO kern.persgeslnaamcomp (id,pers,voorvoegsel,scheidingsteken,stam,predicaat,adellijketitel,volgnr) VALUES('22004','22004',null,null,'Crooy',null,null,'1');
INSERT INTO kern.persgeslnaamcomp (id,pers,voorvoegsel,scheidingsteken,stam,predicaat,adellijketitel,volgnr) VALUES('22005','22005',null,null,'Laar',null,null,'1');
INSERT INTO kern.persgeslnaamcomp (id,pers,voorvoegsel,scheidingsteken,stam,predicaat,adellijketitel,volgnr) VALUES('22006','22006','de',' ','Snijder',null,null,'1');
INSERT INTO kern.persgeslnaamcomp (id,pers,voorvoegsel,scheidingsteken,stam,predicaat,adellijketitel,volgnr) VALUES('22007','22007',null,null,'Vermeulen',null,null,'1');
INSERT INTO kern.persgeslnaamcomp (id,pers,voorvoegsel,scheidingsteken,stam,predicaat,adellijketitel,volgnr) VALUES('22008','22008',null,null,'Jansma',null,null,'1');
INSERT INTO kern.persgeslnaamcomp (id,pers,voorvoegsel,scheidingsteken,stam,predicaat,adellijketitel,volgnr) VALUES('22009','22009','de',' ','Snijder',null,null,'1');
INSERT INTO kern.persgeslnaamcomp (id,pers,voorvoegsel,scheidingsteken,stam,predicaat,adellijketitel,volgnr) VALUES('22010','22010','de',' ','Bloëmsma',null,null,'1');
INSERT INTO kern.persgeslnaamcomp (id,pers,voorvoegsel,scheidingsteken,stam,predicaat,adellijketitel,volgnr) VALUES('22011','22011','de',' ','Snijder',null,null,'1');
INSERT INTO kern.persgeslnaamcomp (id,pers,voorvoegsel,scheidingsteken,stam,predicaat,adellijketitel,volgnr) VALUES('22012','22012',null,null,'Cuykelaer',null,null,'1');
INSERT INTO kern.persgeslnaamcomp (id,pers,voorvoegsel,scheidingsteken,stam,predicaat,adellijketitel,volgnr) VALUES('22013','22013','van',' ','Roos',null,null,'1');
INSERT INTO kern.persgeslnaamcomp (id,pers,voorvoegsel,scheidingsteken,stam,predicaat,adellijketitel,volgnr) VALUES('22014','22014','de',' ','Snijder',null,null,'1');
INSERT INTO kern.persgeslnaamcomp (id,pers,voorvoegsel,scheidingsteken,stam,predicaat,adellijketitel,volgnr) VALUES('22015','22015',null,null,'Brest naar Kempen',null,null,'1');
INSERT INTO kern.persgeslnaamcomp (id,pers,voorvoegsel,scheidingsteken,stam,predicaat,adellijketitel,volgnr) VALUES('22016','22016',null,null,'Ophuijsen',null,null,'1');
INSERT INTO kern.persgeslnaamcomp (id,pers,voorvoegsel,scheidingsteken,stam,predicaat,adellijketitel,volgnr) VALUES('22017','22017',null,null,'Addams',null,null,'1');
INSERT INTO kern.persgeslnaamcomp (id,pers,voorvoegsel,scheidingsteken,stam,predicaat,adellijketitel,volgnr) VALUES('22018','22018',null,null,'Verhoeven',null,null,'1');
INSERT INTO kern.persgeslnaamcomp (id,pers,voorvoegsel,scheidingsteken,stam,predicaat,adellijketitel,volgnr) VALUES('22019','22019','de',' ','Slot',null,null,'1');
INSERT INTO kern.persgeslnaamcomp (id,pers,voorvoegsel,scheidingsteken,stam,predicaat,adellijketitel,volgnr) VALUES('22020','22020','van',' ','Guirten',null,null,'1');
INSERT INTO kern.persgeslnaamcomp (id,pers,voorvoegsel,scheidingsteken,stam,predicaat,adellijketitel,volgnr) VALUES('22021','22021','ter',' ','Stassen',null,null,'1');
INSERT INTO kern.persgeslnaamcomp (id,pers,voorvoegsel,scheidingsteken,stam,predicaat,adellijketitel,volgnr) VALUES('22022','22022','van',' ','Zon',null,null,'1');
INSERT INTO kern.persgeslnaamcomp (id,pers,voorvoegsel,scheidingsteken,stam,predicaat,adellijketitel,volgnr) VALUES('22023','22023','van',' ','Verhaar',null,null,'1');
INSERT INTO kern.persgeslnaamcomp (id,pers,voorvoegsel,scheidingsteken,stam,predicaat,adellijketitel,volgnr) VALUES('22024','22024','de',' ','Klaassen',null,null,'1');
INSERT INTO kern.persgeslnaamcomp (id,pers,voorvoegsel,scheidingsteken,stam,predicaat,adellijketitel,volgnr) VALUES('22025','22025',null,null,'Valstar',null,null,'1');
INSERT INTO kern.persgeslnaamcomp (id,pers,voorvoegsel,scheidingsteken,stam,predicaat,adellijketitel,volgnr) VALUES('22026','22026','ter',' ','Botje',null,null,'1');
INSERT INTO kern.persgeslnaamcomp (id,pers,voorvoegsel,scheidingsteken,stam,predicaat,adellijketitel,volgnr) VALUES('22027','22027',null,null,'Karlson',null,null,'1');
INSERT INTO kern.persgeslnaamcomp (id,pers,voorvoegsel,scheidingsteken,stam,predicaat,adellijketitel,volgnr) VALUES('22028','22028','van',' ','Hoog',null,null,'1');
INSERT INTO kern.persgeslnaamcomp (id,pers,voorvoegsel,scheidingsteken,stam,predicaat,adellijketitel,volgnr) VALUES('22029','22029',null,null,'Karlson',null,null,'1');
INSERT INTO kern.persgeslnaamcomp (id,pers,voorvoegsel,scheidingsteken,stam,predicaat,adellijketitel,volgnr) VALUES('22030','22030','de',' ','Vlonder',null,null,'1');
INSERT INTO kern.persgeslnaamcomp (id,pers,voorvoegsel,scheidingsteken,stam,predicaat,adellijketitel,volgnr) VALUES('22031','22031','de',' ','Zatte',null,null,'1');
INSERT INTO kern.persgeslnaamcomp (id,pers,voorvoegsel,scheidingsteken,stam,predicaat,adellijketitel,volgnr) VALUES('22032','22032',null,null,'Stuurman',null,null,'1');
INSERT INTO kern.persgeslnaamcomp (id,pers,voorvoegsel,scheidingsteken,stam,predicaat,adellijketitel,volgnr) VALUES('22033','22033','de',' ','Vriend',null,null,'1');
INSERT INTO kern.persgeslnaamcomp (id,pers,voorvoegsel,scheidingsteken,stam,predicaat,adellijketitel,volgnr) VALUES('22034','22034','de',' ','Renner',null,null,'1');
INSERT INTO kern.persgeslnaamcomp (id,pers,voorvoegsel,scheidingsteken,stam,predicaat,adellijketitel,volgnr) VALUES('22035','22035','de',' ','Muurbloem',null,null,'1');
INSERT INTO kern.persgeslnaamcomp (id,pers,voorvoegsel,scheidingsteken,stam,predicaat,adellijketitel,volgnr) VALUES('22036','22036',null,null,'Appelo',null,null,'1');
INSERT INTO kern.persgeslnaamcomp (id,pers,voorvoegsel,scheidingsteken,stam,predicaat,adellijketitel,volgnr) VALUES('22037','22037',null,null,'Appelo',null,null,'1');
INSERT INTO kern.persgeslnaamcomp (id,pers,voorvoegsel,scheidingsteken,stam,predicaat,adellijketitel,volgnr) VALUES('22038','22038',null,null,'Appelo',null,null,'1');
INSERT INTO kern.persgeslnaamcomp (id,pers,voorvoegsel,scheidingsteken,stam,predicaat,adellijketitel,volgnr) VALUES('22039','22039','in het',' ','Veld',null,null,'1');
INSERT INTO kern.persgeslnaamcomp (id,pers,voorvoegsel,scheidingsteken,stam,predicaat,adellijketitel,volgnr) VALUES('22040','22040','van',' ','Penderloo',null,null,'1');
INSERT INTO kern.persgeslnaamcomp (id,pers,voorvoegsel,scheidingsteken,stam,predicaat,adellijketitel,volgnr) VALUES('22041','22041','de',' ','Bakker',null,null,'1');
INSERT INTO kern.persgeslnaamcomp (id,pers,voorvoegsel,scheidingsteken,stam,predicaat,adellijketitel,volgnr) VALUES('22042','22042',null,null,'Karlson',null,null,'1');
INSERT INTO kern.persgeslnaamcomp (id,pers,voorvoegsel,scheidingsteken,stam,predicaat,adellijketitel,volgnr) VALUES('22043','22043','ter',' ','Nater',null,null,'1');
INSERT INTO kern.persgeslnaamcomp (id,pers,voorvoegsel,scheidingsteken,stam,predicaat,adellijketitel,volgnr) VALUES('22044','22044','van',' ','Hoog',null,null,'1');
INSERT INTO kern.persgeslnaamcomp (id,pers,voorvoegsel,scheidingsteken,stam,predicaat,adellijketitel,volgnr) VALUES('22045','22045','de',' ','Hoop',null,null,'1');

commit;


--------------------------------------------------
--- EIND
--- Sheet: (persgeslnaamcomp)
--- Handler: SheetHandlerImplSimpleInsert
--- Aantal: (46)
--------------------------------------------------
--------------------------------------------------
--- START
--- Sheet: (his_persgeslnaamcomp)
--- Handler: SheetHandlerImplSimpleInsert
--------------------------------------------------

begin;

INSERT INTO kern.his_persgeslnaamcomp (id,persgeslnaamcomp,dataanvgel,dateindegel,tsreg,tsverval,actieinh,actieverval,actieaanpgel,voorvoegsel,scheidingsteken,stam,predicaat,adellijketitel,nadereaandverval) VALUES('22001','22001','19811002',null,'19811002',null,'22001',null,null,null,null,'Vlag',null,null,null);
INSERT INTO kern.his_persgeslnaamcomp (id,persgeslnaamcomp,dataanvgel,dateindegel,tsreg,tsverval,actieinh,actieverval,actieaanpgel,voorvoegsel,scheidingsteken,stam,predicaat,adellijketitel,nadereaandverval) VALUES('22002','22002','19820528',null,'19820528',null,'22002',null,null,'de',' ','Prins',null,null,null);
INSERT INTO kern.his_persgeslnaamcomp (id,persgeslnaamcomp,dataanvgel,dateindegel,tsreg,tsverval,actieinh,actieverval,actieaanpgel,voorvoegsel,scheidingsteken,stam,predicaat,adellijketitel,nadereaandverval) VALUES('22003','22003','19660302',null,'19660302',null,'22003',null,null,'van der',' ','Vermeer',null,null,null);
INSERT INTO kern.his_persgeslnaamcomp (id,persgeslnaamcomp,dataanvgel,dateindegel,tsreg,tsverval,actieinh,actieverval,actieaanpgel,voorvoegsel,scheidingsteken,stam,predicaat,adellijketitel,nadereaandverval) VALUES('22004','22004','19691227',null,'19691227',null,'22004',null,null,null,null,'Crooy',null,null,null);
INSERT INTO kern.his_persgeslnaamcomp (id,persgeslnaamcomp,dataanvgel,dateindegel,tsreg,tsverval,actieinh,actieverval,actieaanpgel,voorvoegsel,scheidingsteken,stam,predicaat,adellijketitel,nadereaandverval) VALUES('22005','22005','19710717',null,'19710717',null,'22005',null,null,null,null,'Laar',null,null,null);
INSERT INTO kern.his_persgeslnaamcomp (id,persgeslnaamcomp,dataanvgel,dateindegel,tsreg,tsverval,actieinh,actieverval,actieaanpgel,voorvoegsel,scheidingsteken,stam,predicaat,adellijketitel,nadereaandverval) VALUES('22006','22006','19720928',null,'19720928',null,'22006',null,null,null,null,'Verheul',null,null,null);
INSERT INTO kern.his_persgeslnaamcomp (id,persgeslnaamcomp,dataanvgel,dateindegel,tsreg,tsverval,actieinh,actieverval,actieaanpgel,voorvoegsel,scheidingsteken,stam,predicaat,adellijketitel,nadereaandverval) VALUES('22007','22007','19800616',null,'19800616',null,'22007',null,null,'de',' ','Snijder',null,null,null);
INSERT INTO kern.his_persgeslnaamcomp (id,persgeslnaamcomp,dataanvgel,dateindegel,tsreg,tsverval,actieinh,actieverval,actieaanpgel,voorvoegsel,scheidingsteken,stam,predicaat,adellijketitel,nadereaandverval) VALUES('22008','22008','19810418',null,'19810418',null,'22008',null,null,null,null,'Jansma',null,null,null);
INSERT INTO kern.his_persgeslnaamcomp (id,persgeslnaamcomp,dataanvgel,dateindegel,tsreg,tsverval,actieinh,actieverval,actieaanpgel,voorvoegsel,scheidingsteken,stam,predicaat,adellijketitel,nadereaandverval) VALUES('22009','22009','20110516',null,'20110516',null,'22009',null,null,'de',' ','Snijder',null,null,null);
INSERT INTO kern.his_persgeslnaamcomp (id,persgeslnaamcomp,dataanvgel,dateindegel,tsreg,tsverval,actieinh,actieverval,actieaanpgel,voorvoegsel,scheidingsteken,stam,predicaat,adellijketitel,nadereaandverval) VALUES('22010','22010','19691231',null,'19691231',null,'22010',null,null,'de',' ','Bloëmsma',null,null,null);
INSERT INTO kern.his_persgeslnaamcomp (id,persgeslnaamcomp,dataanvgel,dateindegel,tsreg,tsverval,actieinh,actieverval,actieaanpgel,voorvoegsel,scheidingsteken,stam,predicaat,adellijketitel,nadereaandverval) VALUES('22011','22011','19690516',null,'19690516',null,'22011',null,null,'de',' ','Snijder',null,null,null);
INSERT INTO kern.his_persgeslnaamcomp (id,persgeslnaamcomp,dataanvgel,dateindegel,tsreg,tsverval,actieinh,actieverval,actieaanpgel,voorvoegsel,scheidingsteken,stam,predicaat,adellijketitel,nadereaandverval) VALUES('22012','22012','19771210',null,'19771210',null,'22012',null,null,null,null,'Cuykelaer',null,null,null);
INSERT INTO kern.his_persgeslnaamcomp (id,persgeslnaamcomp,dataanvgel,dateindegel,tsreg,tsverval,actieinh,actieverval,actieaanpgel,voorvoegsel,scheidingsteken,stam,predicaat,adellijketitel,nadereaandverval) VALUES('22013','22013','19550602',null,'19550602',null,'22013',null,null,'van',' ','Roos',null,null,null);
INSERT INTO kern.his_persgeslnaamcomp (id,persgeslnaamcomp,dataanvgel,dateindegel,tsreg,tsverval,actieinh,actieverval,actieaanpgel,voorvoegsel,scheidingsteken,stam,predicaat,adellijketitel,nadereaandverval) VALUES('22014','22014','19780611',null,'19780611',null,'22014',null,null,'de',' ','Snijder',null,null,null);
INSERT INTO kern.his_persgeslnaamcomp (id,persgeslnaamcomp,dataanvgel,dateindegel,tsreg,tsverval,actieinh,actieverval,actieaanpgel,voorvoegsel,scheidingsteken,stam,predicaat,adellijketitel,nadereaandverval) VALUES('22015','22015','19880425',null,'19880425',null,'22015',null,null,null,null,'Brest naar Kempen',null,null,null);
INSERT INTO kern.his_persgeslnaamcomp (id,persgeslnaamcomp,dataanvgel,dateindegel,tsreg,tsverval,actieinh,actieverval,actieaanpgel,voorvoegsel,scheidingsteken,stam,predicaat,adellijketitel,nadereaandverval) VALUES('22016','22016','19881210',null,'19881210',null,'22016',null,null,null,null,'Ophuijsen',null,null,null);
INSERT INTO kern.his_persgeslnaamcomp (id,persgeslnaamcomp,dataanvgel,dateindegel,tsreg,tsverval,actieinh,actieverval,actieaanpgel,voorvoegsel,scheidingsteken,stam,predicaat,adellijketitel,nadereaandverval) VALUES('22017','22017','19960523',null,'19960523',null,'22017',null,null,null,null,'Addams',null,null,null);
INSERT INTO kern.his_persgeslnaamcomp (id,persgeslnaamcomp,dataanvgel,dateindegel,tsreg,tsverval,actieinh,actieverval,actieaanpgel,voorvoegsel,scheidingsteken,stam,predicaat,adellijketitel,nadereaandverval) VALUES('22018','22018','19941005',null,'19941005',null,'22018',null,null,null,null,'Verhoeven',null,null,null);
INSERT INTO kern.his_persgeslnaamcomp (id,persgeslnaamcomp,dataanvgel,dateindegel,tsreg,tsverval,actieinh,actieverval,actieaanpgel,voorvoegsel,scheidingsteken,stam,predicaat,adellijketitel,nadereaandverval) VALUES('22019','22019','19941005',null,'19941005',null,'22019',null,null,'de',' ','Slot',null,null,null);
INSERT INTO kern.his_persgeslnaamcomp (id,persgeslnaamcomp,dataanvgel,dateindegel,tsreg,tsverval,actieinh,actieverval,actieaanpgel,voorvoegsel,scheidingsteken,stam,predicaat,adellijketitel,nadereaandverval) VALUES('22020','22020','19760103',null,'19760103',null,'22020',null,null,'van',' ','Guirten',null,null,null);
INSERT INTO kern.his_persgeslnaamcomp (id,persgeslnaamcomp,dataanvgel,dateindegel,tsreg,tsverval,actieinh,actieverval,actieaanpgel,voorvoegsel,scheidingsteken,stam,predicaat,adellijketitel,nadereaandverval) VALUES('22021','22021','19961003',null,'19961003',null,'22021',null,null,'ter',' ','Stassen',null,null,null);
INSERT INTO kern.his_persgeslnaamcomp (id,persgeslnaamcomp,dataanvgel,dateindegel,tsreg,tsverval,actieinh,actieverval,actieaanpgel,voorvoegsel,scheidingsteken,stam,predicaat,adellijketitel,nadereaandverval) VALUES('22022','22022','19951003',null,'19951003',null,'22022',null,null,'van',' ','Zon',null,null,null);
INSERT INTO kern.his_persgeslnaamcomp (id,persgeslnaamcomp,dataanvgel,dateindegel,tsreg,tsverval,actieinh,actieverval,actieaanpgel,voorvoegsel,scheidingsteken,stam,predicaat,adellijketitel,nadereaandverval) VALUES('22023','22023','19941003',null,'19941003',null,'22023',null,null,'van',' ','Verhaar',null,null,null);
INSERT INTO kern.his_persgeslnaamcomp (id,persgeslnaamcomp,dataanvgel,dateindegel,tsreg,tsverval,actieinh,actieverval,actieaanpgel,voorvoegsel,scheidingsteken,stam,predicaat,adellijketitel,nadereaandverval) VALUES('22024','22024','19770401',null,'19770401',null,'22024',null,null,'de',' ','Klaassen',null,null,null);
INSERT INTO kern.his_persgeslnaamcomp (id,persgeslnaamcomp,dataanvgel,dateindegel,tsreg,tsverval,actieinh,actieverval,actieaanpgel,voorvoegsel,scheidingsteken,stam,predicaat,adellijketitel,nadereaandverval) VALUES('22025','22025','19880611',null,'19880611',null,'22025',null,null,null,null,'Valstar',null,null,null);
INSERT INTO kern.his_persgeslnaamcomp (id,persgeslnaamcomp,dataanvgel,dateindegel,tsreg,tsverval,actieinh,actieverval,actieaanpgel,voorvoegsel,scheidingsteken,stam,predicaat,adellijketitel,nadereaandverval) VALUES('22026','22026','19910721',null,'19910721',null,'22026',null,null,'ter',' ','Botje',null,null,null);
INSERT INTO kern.his_persgeslnaamcomp (id,persgeslnaamcomp,dataanvgel,dateindegel,tsreg,tsverval,actieinh,actieverval,actieaanpgel,voorvoegsel,scheidingsteken,stam,predicaat,adellijketitel,nadereaandverval) VALUES('22027','22027','19910911',null,'19910911',null,'22027',null,null,null,null,'Karlson',null,null,null);
INSERT INTO kern.his_persgeslnaamcomp (id,persgeslnaamcomp,dataanvgel,dateindegel,tsreg,tsverval,actieinh,actieverval,actieaanpgel,voorvoegsel,scheidingsteken,stam,predicaat,adellijketitel,nadereaandverval) VALUES('22028','22028','19900722','20001022','19900722',null,'22028',null,null,'van',' ','Hoog',null,null,null);
INSERT INTO kern.his_persgeslnaamcomp (id,persgeslnaamcomp,dataanvgel,dateindegel,tsreg,tsverval,actieinh,actieverval,actieaanpgel,voorvoegsel,scheidingsteken,stam,predicaat,adellijketitel,nadereaandverval) VALUES('22029','22029','19200430',null,'19200430',null,'22029',null,null,null,null,'Karlson',null,null,null);
INSERT INTO kern.his_persgeslnaamcomp (id,persgeslnaamcomp,dataanvgel,dateindegel,tsreg,tsverval,actieinh,actieverval,actieaanpgel,voorvoegsel,scheidingsteken,stam,predicaat,adellijketitel,nadereaandverval) VALUES('22030','22030','19220419',null,'19220419',null,'22030',null,null,'de',' ','Vlonder',null,null,null);
INSERT INTO kern.his_persgeslnaamcomp (id,persgeslnaamcomp,dataanvgel,dateindegel,tsreg,tsverval,actieinh,actieverval,actieaanpgel,voorvoegsel,scheidingsteken,stam,predicaat,adellijketitel,nadereaandverval) VALUES('22031','22031','19920219',null,'19920219',null,'22031',null,null,'de',' ','Zatte',null,null,null);
INSERT INTO kern.his_persgeslnaamcomp (id,persgeslnaamcomp,dataanvgel,dateindegel,tsreg,tsverval,actieinh,actieverval,actieaanpgel,voorvoegsel,scheidingsteken,stam,predicaat,adellijketitel,nadereaandverval) VALUES('22032','22032','19510923',null,'19510923',null,'22032',null,null,null,null,'Stuurman',null,null,null);
INSERT INTO kern.his_persgeslnaamcomp (id,persgeslnaamcomp,dataanvgel,dateindegel,tsreg,tsverval,actieinh,actieverval,actieaanpgel,voorvoegsel,scheidingsteken,stam,predicaat,adellijketitel,nadereaandverval) VALUES('22033','22033','19531116',null,'19531116',null,'22033',null,null,'de',' ','Vriend',null,null,null);
INSERT INTO kern.his_persgeslnaamcomp (id,persgeslnaamcomp,dataanvgel,dateindegel,tsreg,tsverval,actieinh,actieverval,actieaanpgel,voorvoegsel,scheidingsteken,stam,predicaat,adellijketitel,nadereaandverval) VALUES('22034','22034','19390402',null,'19390402',null,'22034',null,null,'de',' ','Renner',null,null,null);
INSERT INTO kern.his_persgeslnaamcomp (id,persgeslnaamcomp,dataanvgel,dateindegel,tsreg,tsverval,actieinh,actieverval,actieaanpgel,voorvoegsel,scheidingsteken,stam,predicaat,adellijketitel,nadereaandverval) VALUES('22035','22035','19841203',null,'19841203',null,'22035',null,null,'de',' ','Muurbloem',null,null,null);
INSERT INTO kern.his_persgeslnaamcomp (id,persgeslnaamcomp,dataanvgel,dateindegel,tsreg,tsverval,actieinh,actieverval,actieaanpgel,voorvoegsel,scheidingsteken,stam,predicaat,adellijketitel,nadereaandverval) VALUES('22036','22036','19851011',null,'19851011',null,'22036',null,null,null,null,'Appelo',null,null,null);
INSERT INTO kern.his_persgeslnaamcomp (id,persgeslnaamcomp,dataanvgel,dateindegel,tsreg,tsverval,actieinh,actieverval,actieaanpgel,voorvoegsel,scheidingsteken,stam,predicaat,adellijketitel,nadereaandverval) VALUES('22037','22037','20050112',null,'20050112',null,'22037',null,null,null,null,'Appelo',null,null,null);
INSERT INTO kern.his_persgeslnaamcomp (id,persgeslnaamcomp,dataanvgel,dateindegel,tsreg,tsverval,actieinh,actieverval,actieaanpgel,voorvoegsel,scheidingsteken,stam,predicaat,adellijketitel,nadereaandverval) VALUES('22038','22038','20051201',null,'20051201',null,'22038',null,null,null,null,'Appelo',null,null,null);
INSERT INTO kern.his_persgeslnaamcomp (id,persgeslnaamcomp,dataanvgel,dateindegel,tsreg,tsverval,actieinh,actieverval,actieaanpgel,voorvoegsel,scheidingsteken,stam,predicaat,adellijketitel,nadereaandverval) VALUES('22039','22039','20050112',null,'20050112',null,'22039',null,null,'in het',' ','Veld',null,null,null);
INSERT INTO kern.his_persgeslnaamcomp (id,persgeslnaamcomp,dataanvgel,dateindegel,tsreg,tsverval,actieinh,actieverval,actieaanpgel,voorvoegsel,scheidingsteken,stam,predicaat,adellijketitel,nadereaandverval) VALUES('22040','22040','20051201',null,'20051201',null,'22040',null,null,'van',' ','Penderloo',null,null,null);
INSERT INTO kern.his_persgeslnaamcomp (id,persgeslnaamcomp,dataanvgel,dateindegel,tsreg,tsverval,actieinh,actieverval,actieaanpgel,voorvoegsel,scheidingsteken,stam,predicaat,adellijketitel,nadereaandverval) VALUES('22041','22041','19680809',null,'19680809',null,'22041',null,null,'de',' ','Bakker',null,null,null);
INSERT INTO kern.his_persgeslnaamcomp (id,persgeslnaamcomp,dataanvgel,dateindegel,tsreg,tsverval,actieinh,actieverval,actieaanpgel,voorvoegsel,scheidingsteken,stam,predicaat,adellijketitel,nadereaandverval) VALUES('22042','22042','19580921',null,'19580921',null,'22042',null,null,null,null,'Karlson',null,null,null);
INSERT INTO kern.his_persgeslnaamcomp (id,persgeslnaamcomp,dataanvgel,dateindegel,tsreg,tsverval,actieinh,actieverval,actieaanpgel,voorvoegsel,scheidingsteken,stam,predicaat,adellijketitel,nadereaandverval) VALUES('22043','22043','19951004',null,'19951004',null,'22043',null,null,'ter',' ','Nater',null,null,null);
INSERT INTO kern.his_persgeslnaamcomp (id,persgeslnaamcomp,dataanvgel,dateindegel,tsreg,tsverval,actieinh,actieverval,actieaanpgel,voorvoegsel,scheidingsteken,stam,predicaat,adellijketitel,nadereaandverval) VALUES('22044','22044','20051201',null,'20051201',null,'22044',null,null,'van',' ','Hoog',null,null,null);
INSERT INTO kern.his_persgeslnaamcomp (id,persgeslnaamcomp,dataanvgel,dateindegel,tsreg,tsverval,actieinh,actieverval,actieaanpgel,voorvoegsel,scheidingsteken,stam,predicaat,adellijketitel,nadereaandverval) VALUES('22045','22045','20050112',null,'20050112',null,'22045',null,null,'de',' ','Hoop',null,null,null);

commit;


--------------------------------------------------
--- EIND
--- Sheet: (his_persgeslnaamcomp)
--- Handler: SheetHandlerImplSimpleInsert
--- Aantal: (46)
--------------------------------------------------
--------------------------------------------------
--- START
--- Sheet: (his_perssamengesteldenaam)
--- Handler: SheetHandlerImplSimpleInsert
--------------------------------------------------

begin;

INSERT INTO kern.his_perssamengesteldenaam (id,pers,dataanvgel,dateindegel,tsreg,tsverval,actieinh,actieverval,actieaanpgel,predicaat,voornamen,voorvoegsel,scheidingsteken,adellijketitel,geslnaamstam,indnreeks,indafgeleid,nadereaandverval) VALUES('22001','22001','19811002',null,'19811002',null,'22001',null,null,null,null,null,null,null,'Vlag','true','true',null);
INSERT INTO kern.his_perssamengesteldenaam (id,pers,dataanvgel,dateindegel,tsreg,tsverval,actieinh,actieverval,actieaanpgel,predicaat,voornamen,voorvoegsel,scheidingsteken,adellijketitel,geslnaamstam,indnreeks,indafgeleid,nadereaandverval) VALUES('22002','22002','19820528',null,'19820528',null,'22002',null,null,null,'Paula','de',' ',null,'Prins','false','true',null);
INSERT INTO kern.his_perssamengesteldenaam (id,pers,dataanvgel,dateindegel,tsreg,tsverval,actieinh,actieverval,actieaanpgel,predicaat,voornamen,voorvoegsel,scheidingsteken,adellijketitel,geslnaamstam,indnreeks,indafgeleid,nadereaandverval) VALUES('22003','22003','19660302',null,'19660302',null,'22003',null,null,null,'Christoffel','van der',' ',null,'Vermeer','false','true',null);
INSERT INTO kern.his_perssamengesteldenaam (id,pers,dataanvgel,dateindegel,tsreg,tsverval,actieinh,actieverval,actieaanpgel,predicaat,voornamen,voorvoegsel,scheidingsteken,adellijketitel,geslnaamstam,indnreeks,indafgeleid,nadereaandverval) VALUES('22004','22004','19691227',null,'19691227',null,'22004',null,null,null,null,null,null,null,'Crooy','true','true',null);
INSERT INTO kern.his_perssamengesteldenaam (id,pers,dataanvgel,dateindegel,tsreg,tsverval,actieinh,actieverval,actieaanpgel,predicaat,voornamen,voorvoegsel,scheidingsteken,adellijketitel,geslnaamstam,indnreeks,indafgeleid,nadereaandverval) VALUES('22005','22005','19710717',null,'19710717',null,'22005',null,null,null,'Albert',null,null,null,'Laar','false','true',null);
INSERT INTO kern.his_perssamengesteldenaam (id,pers,dataanvgel,dateindegel,tsreg,tsverval,actieinh,actieverval,actieaanpgel,predicaat,voornamen,voorvoegsel,scheidingsteken,adellijketitel,geslnaamstam,indnreeks,indafgeleid,nadereaandverval) VALUES('22006','22006','19720928',null,'19720928',null,'22006',null,null,null,'Anne-Marie','de',' ',null,'Snijder','false','true',null);
INSERT INTO kern.his_perssamengesteldenaam (id,pers,dataanvgel,dateindegel,tsreg,tsverval,actieinh,actieverval,actieaanpgel,predicaat,voornamen,voorvoegsel,scheidingsteken,adellijketitel,geslnaamstam,indnreeks,indafgeleid,nadereaandverval) VALUES('22007','22007','19800616',null,'19800616',null,'22007',null,null,null,'Henk',null,null,null,'Vermeulen','false','true',null);
INSERT INTO kern.his_perssamengesteldenaam (id,pers,dataanvgel,dateindegel,tsreg,tsverval,actieinh,actieverval,actieaanpgel,predicaat,voornamen,voorvoegsel,scheidingsteken,adellijketitel,geslnaamstam,indnreeks,indafgeleid,nadereaandverval) VALUES('22008','22008','19810418',null,'19810418',null,'22008',null,null,null,'Anna Maria Petra',null,null,null,'Jansma','false','true',null);
INSERT INTO kern.his_perssamengesteldenaam (id,pers,dataanvgel,dateindegel,tsreg,tsverval,actieinh,actieverval,actieaanpgel,predicaat,voornamen,voorvoegsel,scheidingsteken,adellijketitel,geslnaamstam,indnreeks,indafgeleid,nadereaandverval) VALUES('22009','22009','20110516',null,'20110516',null,'22009',null,null,null,'Miranda','de',' ',null,'Snijder','false','true',null);
INSERT INTO kern.his_perssamengesteldenaam (id,pers,dataanvgel,dateindegel,tsreg,tsverval,actieinh,actieverval,actieaanpgel,predicaat,voornamen,voorvoegsel,scheidingsteken,adellijketitel,geslnaamstam,indnreeks,indafgeleid,nadereaandverval) VALUES('22010','22010','19691231',null,'19691231',null,'22010',null,null,null,'John','de',' ',null,'Bloëmsma','false','true',null);
INSERT INTO kern.his_perssamengesteldenaam (id,pers,dataanvgel,dateindegel,tsreg,tsverval,actieinh,actieverval,actieaanpgel,predicaat,voornamen,voorvoegsel,scheidingsteken,adellijketitel,geslnaamstam,indnreeks,indafgeleid,nadereaandverval) VALUES('22011','22011','19690516',null,'19690516',null,'22011',null,null,null,'Dorothea','de',' ',null,'Snijder','false','true',null);
INSERT INTO kern.his_perssamengesteldenaam (id,pers,dataanvgel,dateindegel,tsreg,tsverval,actieinh,actieverval,actieaanpgel,predicaat,voornamen,voorvoegsel,scheidingsteken,adellijketitel,geslnaamstam,indnreeks,indafgeleid,nadereaandverval) VALUES('22012','22012','19771210',null,'19771210',null,'22012',null,null,null,'Bas',null,null,null,'Cuykelaer','false','true',null);
INSERT INTO kern.his_perssamengesteldenaam (id,pers,dataanvgel,dateindegel,tsreg,tsverval,actieinh,actieverval,actieaanpgel,predicaat,voornamen,voorvoegsel,scheidingsteken,adellijketitel,geslnaamstam,indnreeks,indafgeleid,nadereaandverval) VALUES('22013','22013','19550602',null,'19550602',null,'22013',null,null,null,'Hendrika Isabella Gerarda Johanna','van',' ',null,'Roos','false','true',null);
INSERT INTO kern.his_perssamengesteldenaam (id,pers,dataanvgel,dateindegel,tsreg,tsverval,actieinh,actieverval,actieaanpgel,predicaat,voornamen,voorvoegsel,scheidingsteken,adellijketitel,geslnaamstam,indnreeks,indafgeleid,nadereaandverval) VALUES('22014','22014','19780611',null,'19780611',null,'22014',null,null,null,'Jan','de',' ',null,'Snijder','false','true',null);
INSERT INTO kern.his_perssamengesteldenaam (id,pers,dataanvgel,dateindegel,tsreg,tsverval,actieinh,actieverval,actieaanpgel,predicaat,voornamen,voorvoegsel,scheidingsteken,adellijketitel,geslnaamstam,indnreeks,indafgeleid,nadereaandverval) VALUES('22015','22015','19880425',null,'19880425',null,'22015',null,null,null,'Petronella',null,null,null,'Brest naar Kempen','false','true',null);
INSERT INTO kern.his_perssamengesteldenaam (id,pers,dataanvgel,dateindegel,tsreg,tsverval,actieinh,actieverval,actieaanpgel,predicaat,voornamen,voorvoegsel,scheidingsteken,adellijketitel,geslnaamstam,indnreeks,indafgeleid,nadereaandverval) VALUES('22016','22016','19881210',null,'19881210',null,'22016',null,null,null,'Maria Christina',null,null,null,'Ophuijsen','false','true',null);
INSERT INTO kern.his_perssamengesteldenaam (id,pers,dataanvgel,dateindegel,tsreg,tsverval,actieinh,actieverval,actieaanpgel,predicaat,voornamen,voorvoegsel,scheidingsteken,adellijketitel,geslnaamstam,indnreeks,indafgeleid,nadereaandverval) VALUES('22017','22017','19960523',null,'19960523',null,'22017',null,null,null,'Pieter',null,null,null,'Addams','false','true',null);
INSERT INTO kern.his_perssamengesteldenaam (id,pers,dataanvgel,dateindegel,tsreg,tsverval,actieinh,actieverval,actieaanpgel,predicaat,voornamen,voorvoegsel,scheidingsteken,adellijketitel,geslnaamstam,indnreeks,indafgeleid,nadereaandverval) VALUES('22018','22018','19941005',null,'19941005',null,'22018',null,null,null,'Petronellaatje',null,null,null,'Verhoeven','false','true',null);
INSERT INTO kern.his_perssamengesteldenaam (id,pers,dataanvgel,dateindegel,tsreg,tsverval,actieinh,actieverval,actieaanpgel,predicaat,voornamen,voorvoegsel,scheidingsteken,adellijketitel,geslnaamstam,indnreeks,indafgeleid,nadereaandverval) VALUES('22019','22019','19941005',null,'19941005',null,'22019',null,null,null,'Sanne','de',' ',null,'Slot','false','true',null);
INSERT INTO kern.his_perssamengesteldenaam (id,pers,dataanvgel,dateindegel,tsreg,tsverval,actieinh,actieverval,actieaanpgel,predicaat,voornamen,voorvoegsel,scheidingsteken,adellijketitel,geslnaamstam,indnreeks,indafgeleid,nadereaandverval) VALUES('22020','22020','19760103',null,'19760103',null,'22020',null,null,null,'Hanna','van',' ',null,'Guirten','false','true',null);
INSERT INTO kern.his_perssamengesteldenaam (id,pers,dataanvgel,dateindegel,tsreg,tsverval,actieinh,actieverval,actieaanpgel,predicaat,voornamen,voorvoegsel,scheidingsteken,adellijketitel,geslnaamstam,indnreeks,indafgeleid,nadereaandverval) VALUES('22021','22021','19961003',null,'19961003',null,'22021',null,null,null,'Sander','ter',' ',null,'Stassen','false','true',null);
INSERT INTO kern.his_perssamengesteldenaam (id,pers,dataanvgel,dateindegel,tsreg,tsverval,actieinh,actieverval,actieaanpgel,predicaat,voornamen,voorvoegsel,scheidingsteken,adellijketitel,geslnaamstam,indnreeks,indafgeleid,nadereaandverval) VALUES('22022','22022','19951003',null,'19951003',null,'22022',null,null,null,'Ellen','van',' ',null,'Zon','false','true',null);
INSERT INTO kern.his_perssamengesteldenaam (id,pers,dataanvgel,dateindegel,tsreg,tsverval,actieinh,actieverval,actieaanpgel,predicaat,voornamen,voorvoegsel,scheidingsteken,adellijketitel,geslnaamstam,indnreeks,indafgeleid,nadereaandverval) VALUES('22023','22023','19941003',null,'19941003',null,'22023',null,null,null,'Christian','van',' ',null,'Verhaar','false','true',null);
INSERT INTO kern.his_perssamengesteldenaam (id,pers,dataanvgel,dateindegel,tsreg,tsverval,actieinh,actieverval,actieaanpgel,predicaat,voornamen,voorvoegsel,scheidingsteken,adellijketitel,geslnaamstam,indnreeks,indafgeleid,nadereaandverval) VALUES('22024','22024','19770401',null,'19770401',null,'22024',null,null,null,'Anja','de',' ',null,'Klaassen','false','true',null);
INSERT INTO kern.his_perssamengesteldenaam (id,pers,dataanvgel,dateindegel,tsreg,tsverval,actieinh,actieverval,actieaanpgel,predicaat,voornamen,voorvoegsel,scheidingsteken,adellijketitel,geslnaamstam,indnreeks,indafgeleid,nadereaandverval) VALUES('22025','22025','19880611',null,'19880611',null,'22025',null,null,null,'Karel',null,null,null,'Valstar','false','true',null);
INSERT INTO kern.his_perssamengesteldenaam (id,pers,dataanvgel,dateindegel,tsreg,tsverval,actieinh,actieverval,actieaanpgel,predicaat,voornamen,voorvoegsel,scheidingsteken,adellijketitel,geslnaamstam,indnreeks,indafgeleid,nadereaandverval) VALUES('22026','22026','19910721',null,'19910721',null,'22026',null,null,null,'Helen','ter',' ',null,'Botje','false','true',null);
INSERT INTO kern.his_perssamengesteldenaam (id,pers,dataanvgel,dateindegel,tsreg,tsverval,actieinh,actieverval,actieaanpgel,predicaat,voornamen,voorvoegsel,scheidingsteken,adellijketitel,geslnaamstam,indnreeks,indafgeleid,nadereaandverval) VALUES('22027','22027','19910911',null,'19910911',null,'22027',null,null,null,'Sander',null,null,null,'Karlson','false','true',null);
INSERT INTO kern.his_perssamengesteldenaam (id,pers,dataanvgel,dateindegel,tsreg,tsverval,actieinh,actieverval,actieaanpgel,predicaat,voornamen,voorvoegsel,scheidingsteken,adellijketitel,geslnaamstam,indnreeks,indafgeleid,nadereaandverval) VALUES('22028','22028','19900722','20001022','19900722',null,'22028',null,null,null,'Violet','van',' ',null,'Hoog','false','true',null);
INSERT INTO kern.his_perssamengesteldenaam (id,pers,dataanvgel,dateindegel,tsreg,tsverval,actieinh,actieverval,actieaanpgel,predicaat,voornamen,voorvoegsel,scheidingsteken,adellijketitel,geslnaamstam,indnreeks,indafgeleid,nadereaandverval) VALUES('22029','22029','19200430',null,'19200430',null,'22029',null,null,null,'Violetta',null,null,null,'Karlson','false','true',null);
INSERT INTO kern.his_perssamengesteldenaam (id,pers,dataanvgel,dateindegel,tsreg,tsverval,actieinh,actieverval,actieaanpgel,predicaat,voornamen,voorvoegsel,scheidingsteken,adellijketitel,geslnaamstam,indnreeks,indafgeleid,nadereaandverval) VALUES('22030','22030','19220419',null,'19220419',null,'22030',null,null,null,'Tanja','de',' ',null,'Vlonder','false','true',null);
INSERT INTO kern.his_perssamengesteldenaam (id,pers,dataanvgel,dateindegel,tsreg,tsverval,actieinh,actieverval,actieaanpgel,predicaat,voornamen,voorvoegsel,scheidingsteken,adellijketitel,geslnaamstam,indnreeks,indafgeleid,nadereaandverval) VALUES('22031','22031','19920219',null,'19920219',null,'22031',null,null,null,'Berend','de',' ',null,'Zatte','false','true',null);
INSERT INTO kern.his_perssamengesteldenaam (id,pers,dataanvgel,dateindegel,tsreg,tsverval,actieinh,actieverval,actieaanpgel,predicaat,voornamen,voorvoegsel,scheidingsteken,adellijketitel,geslnaamstam,indnreeks,indafgeleid,nadereaandverval) VALUES('22032','22032','19510923',null,'19510923',null,'22032',null,null,null,'Mike',null,null,null,'Stuurman','false','true',null);
INSERT INTO kern.his_perssamengesteldenaam (id,pers,dataanvgel,dateindegel,tsreg,tsverval,actieinh,actieverval,actieaanpgel,predicaat,voornamen,voorvoegsel,scheidingsteken,adellijketitel,geslnaamstam,indnreeks,indafgeleid,nadereaandverval) VALUES('22033','22033','19531116',null,'19531116',null,'22033',null,null,null,'Sanne','de',' ',null,'Vriend','false','true',null);
INSERT INTO kern.his_perssamengesteldenaam (id,pers,dataanvgel,dateindegel,tsreg,tsverval,actieinh,actieverval,actieaanpgel,predicaat,voornamen,voorvoegsel,scheidingsteken,adellijketitel,geslnaamstam,indnreeks,indafgeleid,nadereaandverval) VALUES('22034','22034','19390402',null,'19390402',null,'22034',null,null,null,'Josje','de',' ',null,'Renner','false','true',null);
INSERT INTO kern.his_perssamengesteldenaam (id,pers,dataanvgel,dateindegel,tsreg,tsverval,actieinh,actieverval,actieaanpgel,predicaat,voornamen,voorvoegsel,scheidingsteken,adellijketitel,geslnaamstam,indnreeks,indafgeleid,nadereaandverval) VALUES('22035','22035','19841203',null,'19841203',null,'22035',null,null,null,'Anna','de',' ',null,'Muurbloem','false','true',null);
INSERT INTO kern.his_perssamengesteldenaam (id,pers,dataanvgel,dateindegel,tsreg,tsverval,actieinh,actieverval,actieaanpgel,predicaat,voornamen,voorvoegsel,scheidingsteken,adellijketitel,geslnaamstam,indnreeks,indafgeleid,nadereaandverval) VALUES('22036','22036','19851011',null,'19851011',null,'22036',null,null,null,'Gerard',null,null,null,'Appelo','false','true',null);
INSERT INTO kern.his_perssamengesteldenaam (id,pers,dataanvgel,dateindegel,tsreg,tsverval,actieinh,actieverval,actieaanpgel,predicaat,voornamen,voorvoegsel,scheidingsteken,adellijketitel,geslnaamstam,indnreeks,indafgeleid,nadereaandverval) VALUES('22037','22037','20050112',null,'20050112',null,'22037',null,null,null,'Albert',null,null,null,'Appelo','false','true',null);
INSERT INTO kern.his_perssamengesteldenaam (id,pers,dataanvgel,dateindegel,tsreg,tsverval,actieinh,actieverval,actieaanpgel,predicaat,voornamen,voorvoegsel,scheidingsteken,adellijketitel,geslnaamstam,indnreeks,indafgeleid,nadereaandverval) VALUES('22038','22038','20051201',null,'20051201',null,'22038',null,null,null,'Marijke',null,null,null,'Appelo','false','true',null);
INSERT INTO kern.his_perssamengesteldenaam (id,pers,dataanvgel,dateindegel,tsreg,tsverval,actieinh,actieverval,actieaanpgel,predicaat,voornamen,voorvoegsel,scheidingsteken,adellijketitel,geslnaamstam,indnreeks,indafgeleid,nadereaandverval) VALUES('22039','22039','20050112',null,'20050112',null,'22039',null,null,null,'Geerte','in het',' ',null,'Veld','false','true',null);
INSERT INTO kern.his_perssamengesteldenaam (id,pers,dataanvgel,dateindegel,tsreg,tsverval,actieinh,actieverval,actieaanpgel,predicaat,voornamen,voorvoegsel,scheidingsteken,adellijketitel,geslnaamstam,indnreeks,indafgeleid,nadereaandverval) VALUES('22040','22040','20051201',null,'20051201',null,'22040',null,null,null,'Gert','van',' ',null,'Penderloo','false','true',null);
INSERT INTO kern.his_perssamengesteldenaam (id,pers,dataanvgel,dateindegel,tsreg,tsverval,actieinh,actieverval,actieaanpgel,predicaat,voornamen,voorvoegsel,scheidingsteken,adellijketitel,geslnaamstam,indnreeks,indafgeleid,nadereaandverval) VALUES('22041','22041','19680809',null,'19680809',null,'22041',null,null,null,'Gijs','de',' ',null,'Bakker','false','true',null);
INSERT INTO kern.his_perssamengesteldenaam (id,pers,dataanvgel,dateindegel,tsreg,tsverval,actieinh,actieverval,actieaanpgel,predicaat,voornamen,voorvoegsel,scheidingsteken,adellijketitel,geslnaamstam,indnreeks,indafgeleid,nadereaandverval) VALUES('22042','22042','19580921',null,'19580921',null,'22042',null,null,null,'Guido',null,null,null,'Karlson','false','true',null);
INSERT INTO kern.his_perssamengesteldenaam (id,pers,dataanvgel,dateindegel,tsreg,tsverval,actieinh,actieverval,actieaanpgel,predicaat,voornamen,voorvoegsel,scheidingsteken,adellijketitel,geslnaamstam,indnreeks,indafgeleid,nadereaandverval) VALUES('22043','22043','19951004',null,'19951004',null,'22043',null,null,null,'Annemieke','ter',' ',null,'Nater','false','true',null);
INSERT INTO kern.his_perssamengesteldenaam (id,pers,dataanvgel,dateindegel,tsreg,tsverval,actieinh,actieverval,actieaanpgel,predicaat,voornamen,voorvoegsel,scheidingsteken,adellijketitel,geslnaamstam,indnreeks,indafgeleid,nadereaandverval) VALUES('22044','22044','20051201',null,'20051201',null,'22044',null,null,null,'Maarten','van',' ',null,'Hoog','false','true',null);
INSERT INTO kern.his_perssamengesteldenaam (id,pers,dataanvgel,dateindegel,tsreg,tsverval,actieinh,actieverval,actieaanpgel,predicaat,voornamen,voorvoegsel,scheidingsteken,adellijketitel,geslnaamstam,indnreeks,indafgeleid,nadereaandverval) VALUES('22045','22045','20050112',null,'20050112',null,'22045',null,null,null,'Marion','de',' ',null,'Hoop','false','true',null);

commit;


--------------------------------------------------
--- EIND
--- Sheet: (his_perssamengesteldenaam)
--- Handler: SheetHandlerImplSimpleInsert
--- Aantal: (46)
--------------------------------------------------
--------------------------------------------------
--- START
--- Sheet: (his_persnaamgebruik)
--- Handler: SheetHandlerImplSimpleInsert
--------------------------------------------------

begin;

INSERT INTO kern.his_persnaamgebruik (id,pers,tsreg,tsverval,actieinh,actieverval,naamgebruik,indnaamgebruikafgeleid,predicaatnaamgebruik,voornamennaamgebruik,voorvoegselnaamgebruik,scheidingstekennaamgebruik,adellijketitelnaamgebruik,geslnaamstamnaamgebruik,nadereaandverval) VALUES('22001','22001','19811002',null,'22001',null,'1','true',null,'Cees',null,null,null,'Vlag',null);
INSERT INTO kern.his_persnaamgebruik (id,pers,tsreg,tsverval,actieinh,actieverval,naamgebruik,indnaamgebruikafgeleid,predicaatnaamgebruik,voornamennaamgebruik,voorvoegselnaamgebruik,scheidingstekennaamgebruik,adellijketitelnaamgebruik,geslnaamstamnaamgebruik,nadereaandverval) VALUES('22002','22002','19820528',null,'22002',null,'1','true',null,'Paula','de',' ',null,'Prins',null);
INSERT INTO kern.his_persnaamgebruik (id,pers,tsreg,tsverval,actieinh,actieverval,naamgebruik,indnaamgebruikafgeleid,predicaatnaamgebruik,voornamennaamgebruik,voorvoegselnaamgebruik,scheidingstekennaamgebruik,adellijketitelnaamgebruik,geslnaamstamnaamgebruik,nadereaandverval) VALUES('22003','22003','19660302',null,'22003',null,'1','true',null,'Christoffel','van der',' ',null,'Vermeer',null);
INSERT INTO kern.his_persnaamgebruik (id,pers,tsreg,tsverval,actieinh,actieverval,naamgebruik,indnaamgebruikafgeleid,predicaatnaamgebruik,voornamennaamgebruik,voorvoegselnaamgebruik,scheidingstekennaamgebruik,adellijketitelnaamgebruik,geslnaamstamnaamgebruik,nadereaandverval) VALUES('22004','22004','19691227',null,'22004',null,'1','true',null,'Eleonora Françoise',null,null,null,'Crooy',null);
INSERT INTO kern.his_persnaamgebruik (id,pers,tsreg,tsverval,actieinh,actieverval,naamgebruik,indnaamgebruikafgeleid,predicaatnaamgebruik,voornamennaamgebruik,voorvoegselnaamgebruik,scheidingstekennaamgebruik,adellijketitelnaamgebruik,geslnaamstamnaamgebruik,nadereaandverval) VALUES('22005','22005','19710717',null,'22005',null,'1','true',null,'Albert',null,null,null,'Laar',null);
INSERT INTO kern.his_persnaamgebruik (id,pers,tsreg,tsverval,actieinh,actieverval,naamgebruik,indnaamgebruikafgeleid,predicaatnaamgebruik,voornamennaamgebruik,voorvoegselnaamgebruik,scheidingstekennaamgebruik,adellijketitelnaamgebruik,geslnaamstamnaamgebruik,nadereaandverval) VALUES('22006','22006','19720928',null,'22006',null,'1','true',null,'Anne-Marie','de',' ',null,'Snijder',null);
INSERT INTO kern.his_persnaamgebruik (id,pers,tsreg,tsverval,actieinh,actieverval,naamgebruik,indnaamgebruikafgeleid,predicaatnaamgebruik,voornamennaamgebruik,voorvoegselnaamgebruik,scheidingstekennaamgebruik,adellijketitelnaamgebruik,geslnaamstamnaamgebruik,nadereaandverval) VALUES('22007','22007','19800616',null,'22007',null,'1','true',null,'Henk',null,null,null,'Vermeulen',null);
INSERT INTO kern.his_persnaamgebruik (id,pers,tsreg,tsverval,actieinh,actieverval,naamgebruik,indnaamgebruikafgeleid,predicaatnaamgebruik,voornamennaamgebruik,voorvoegselnaamgebruik,scheidingstekennaamgebruik,adellijketitelnaamgebruik,geslnaamstamnaamgebruik,nadereaandverval) VALUES('22008','22008','19810418',null,'22008',null,'1','true',null,'Anna Maria Petra',null,null,null,'Jansma',null);
INSERT INTO kern.his_persnaamgebruik (id,pers,tsreg,tsverval,actieinh,actieverval,naamgebruik,indnaamgebruikafgeleid,predicaatnaamgebruik,voornamennaamgebruik,voorvoegselnaamgebruik,scheidingstekennaamgebruik,adellijketitelnaamgebruik,geslnaamstamnaamgebruik,nadereaandverval) VALUES('22009','22009','20110516',null,'22009',null,'1','true',null,'Miranda',null,null,null,'Jansma',null);
INSERT INTO kern.his_persnaamgebruik (id,pers,tsreg,tsverval,actieinh,actieverval,naamgebruik,indnaamgebruikafgeleid,predicaatnaamgebruik,voornamennaamgebruik,voorvoegselnaamgebruik,scheidingstekennaamgebruik,adellijketitelnaamgebruik,geslnaamstamnaamgebruik,nadereaandverval) VALUES('22010','22010','19691231',null,'22010',null,'1','true',null,'John','de',' ',null,'Bloëmsma',null);
INSERT INTO kern.his_persnaamgebruik (id,pers,tsreg,tsverval,actieinh,actieverval,naamgebruik,indnaamgebruikafgeleid,predicaatnaamgebruik,voornamennaamgebruik,voorvoegselnaamgebruik,scheidingstekennaamgebruik,adellijketitelnaamgebruik,geslnaamstamnaamgebruik,nadereaandverval) VALUES('22011','22011','19690516',null,'22011',null,'1','true',null,'Dorothea','de',' ',null,'Snijder',null);
INSERT INTO kern.his_persnaamgebruik (id,pers,tsreg,tsverval,actieinh,actieverval,naamgebruik,indnaamgebruikafgeleid,predicaatnaamgebruik,voornamennaamgebruik,voorvoegselnaamgebruik,scheidingstekennaamgebruik,adellijketitelnaamgebruik,geslnaamstamnaamgebruik,nadereaandverval) VALUES('22012','22012','19771210',null,'22012',null,'1','true',null,'Bas',null,null,null,'Cuykelaer',null);
INSERT INTO kern.his_persnaamgebruik (id,pers,tsreg,tsverval,actieinh,actieverval,naamgebruik,indnaamgebruikafgeleid,predicaatnaamgebruik,voornamennaamgebruik,voorvoegselnaamgebruik,scheidingstekennaamgebruik,adellijketitelnaamgebruik,geslnaamstamnaamgebruik,nadereaandverval) VALUES('22013','22013','19550602',null,'22013',null,'1','true',null,'Hendrika Isabella Gerarda Johanna','van',' ',null,'Roos',null);
INSERT INTO kern.his_persnaamgebruik (id,pers,tsreg,tsverval,actieinh,actieverval,naamgebruik,indnaamgebruikafgeleid,predicaatnaamgebruik,voornamennaamgebruik,voorvoegselnaamgebruik,scheidingstekennaamgebruik,adellijketitelnaamgebruik,geslnaamstamnaamgebruik,nadereaandverval) VALUES('22014','22014','19780611',null,'22014',null,'1','true',null,'Jan','de',' ',null,'Snijder',null);
INSERT INTO kern.his_persnaamgebruik (id,pers,tsreg,tsverval,actieinh,actieverval,naamgebruik,indnaamgebruikafgeleid,predicaatnaamgebruik,voornamennaamgebruik,voorvoegselnaamgebruik,scheidingstekennaamgebruik,adellijketitelnaamgebruik,geslnaamstamnaamgebruik,nadereaandverval) VALUES('22015','22015','19880425',null,'22015',null,'1','true',null,'Petronella',null,null,null,'Brest naar Kempen',null);
INSERT INTO kern.his_persnaamgebruik (id,pers,tsreg,tsverval,actieinh,actieverval,naamgebruik,indnaamgebruikafgeleid,predicaatnaamgebruik,voornamennaamgebruik,voorvoegselnaamgebruik,scheidingstekennaamgebruik,adellijketitelnaamgebruik,geslnaamstamnaamgebruik,nadereaandverval) VALUES('22016','22016','19881210',null,'22016',null,'1','true',null,'Maria Christina',null,null,null,'Ophuijsen',null);
INSERT INTO kern.his_persnaamgebruik (id,pers,tsreg,tsverval,actieinh,actieverval,naamgebruik,indnaamgebruikafgeleid,predicaatnaamgebruik,voornamennaamgebruik,voorvoegselnaamgebruik,scheidingstekennaamgebruik,adellijketitelnaamgebruik,geslnaamstamnaamgebruik,nadereaandverval) VALUES('22017','22017','19960523',null,'22017',null,'1','true',null,'Pieter',null,null,null,'Addams',null);
INSERT INTO kern.his_persnaamgebruik (id,pers,tsreg,tsverval,actieinh,actieverval,naamgebruik,indnaamgebruikafgeleid,predicaatnaamgebruik,voornamennaamgebruik,voorvoegselnaamgebruik,scheidingstekennaamgebruik,adellijketitelnaamgebruik,geslnaamstamnaamgebruik,nadereaandverval) VALUES('22018','22018','19941005',null,'22018',null,'1','true',null,'Petronellaatje',null,null,null,'Verhoeven',null);
INSERT INTO kern.his_persnaamgebruik (id,pers,tsreg,tsverval,actieinh,actieverval,naamgebruik,indnaamgebruikafgeleid,predicaatnaamgebruik,voornamennaamgebruik,voorvoegselnaamgebruik,scheidingstekennaamgebruik,adellijketitelnaamgebruik,geslnaamstamnaamgebruik,nadereaandverval) VALUES('22019','22019','19941005',null,'22019',null,'1','true',null,'Sanne','de',' ',null,'Slot',null);
INSERT INTO kern.his_persnaamgebruik (id,pers,tsreg,tsverval,actieinh,actieverval,naamgebruik,indnaamgebruikafgeleid,predicaatnaamgebruik,voornamennaamgebruik,voorvoegselnaamgebruik,scheidingstekennaamgebruik,adellijketitelnaamgebruik,geslnaamstamnaamgebruik,nadereaandverval) VALUES('22020','22020','19760103',null,'22020',null,'1','true',null,'Hanna','van',' ',null,'Guirten',null);
INSERT INTO kern.his_persnaamgebruik (id,pers,tsreg,tsverval,actieinh,actieverval,naamgebruik,indnaamgebruikafgeleid,predicaatnaamgebruik,voornamennaamgebruik,voorvoegselnaamgebruik,scheidingstekennaamgebruik,adellijketitelnaamgebruik,geslnaamstamnaamgebruik,nadereaandverval) VALUES('22021','22021','19961003',null,'22021',null,'1','true',null,'Sander','ter',' ',null,'Stassen',null);
INSERT INTO kern.his_persnaamgebruik (id,pers,tsreg,tsverval,actieinh,actieverval,naamgebruik,indnaamgebruikafgeleid,predicaatnaamgebruik,voornamennaamgebruik,voorvoegselnaamgebruik,scheidingstekennaamgebruik,adellijketitelnaamgebruik,geslnaamstamnaamgebruik,nadereaandverval) VALUES('22022','22022','19951003',null,'22022',null,'1','true',null,'Ellen','van',' ',null,'Zon',null);
INSERT INTO kern.his_persnaamgebruik (id,pers,tsreg,tsverval,actieinh,actieverval,naamgebruik,indnaamgebruikafgeleid,predicaatnaamgebruik,voornamennaamgebruik,voorvoegselnaamgebruik,scheidingstekennaamgebruik,adellijketitelnaamgebruik,geslnaamstamnaamgebruik,nadereaandverval) VALUES('22023','22023','19941003',null,'22023',null,'1','true',null,'Christian','van',' ',null,'Verhaar',null);
INSERT INTO kern.his_persnaamgebruik (id,pers,tsreg,tsverval,actieinh,actieverval,naamgebruik,indnaamgebruikafgeleid,predicaatnaamgebruik,voornamennaamgebruik,voorvoegselnaamgebruik,scheidingstekennaamgebruik,adellijketitelnaamgebruik,geslnaamstamnaamgebruik,nadereaandverval) VALUES('22024','22024','19770401',null,'22024',null,'1','true',null,'Anja','de',' ',null,'Klaassen',null);
INSERT INTO kern.his_persnaamgebruik (id,pers,tsreg,tsverval,actieinh,actieverval,naamgebruik,indnaamgebruikafgeleid,predicaatnaamgebruik,voornamennaamgebruik,voorvoegselnaamgebruik,scheidingstekennaamgebruik,adellijketitelnaamgebruik,geslnaamstamnaamgebruik,nadereaandverval) VALUES('22025','22025','19880611',null,'22025',null,'1','true',null,'Karel',null,null,null,'Valstar',null);
INSERT INTO kern.his_persnaamgebruik (id,pers,tsreg,tsverval,actieinh,actieverval,naamgebruik,indnaamgebruikafgeleid,predicaatnaamgebruik,voornamennaamgebruik,voorvoegselnaamgebruik,scheidingstekennaamgebruik,adellijketitelnaamgebruik,geslnaamstamnaamgebruik,nadereaandverval) VALUES('22026','22026','19910721',null,'22026',null,'1','true',null,'Helen','ter',' ',null,'Botje',null);
INSERT INTO kern.his_persnaamgebruik (id,pers,tsreg,tsverval,actieinh,actieverval,naamgebruik,indnaamgebruikafgeleid,predicaatnaamgebruik,voornamennaamgebruik,voorvoegselnaamgebruik,scheidingstekennaamgebruik,adellijketitelnaamgebruik,geslnaamstamnaamgebruik,nadereaandverval) VALUES('22027','22027','19910911',null,'22027',null,'1','true',null,'Sander',null,null,null,'Karlson',null);
INSERT INTO kern.his_persnaamgebruik (id,pers,tsreg,tsverval,actieinh,actieverval,naamgebruik,indnaamgebruikafgeleid,predicaatnaamgebruik,voornamennaamgebruik,voorvoegselnaamgebruik,scheidingstekennaamgebruik,adellijketitelnaamgebruik,geslnaamstamnaamgebruik,nadereaandverval) VALUES('22028','22028','19900722',null,'22028',null,'1','true',null,'Violet','van',' ',null,'Hoog',null);
INSERT INTO kern.his_persnaamgebruik (id,pers,tsreg,tsverval,actieinh,actieverval,naamgebruik,indnaamgebruikafgeleid,predicaatnaamgebruik,voornamennaamgebruik,voorvoegselnaamgebruik,scheidingstekennaamgebruik,adellijketitelnaamgebruik,geslnaamstamnaamgebruik,nadereaandverval) VALUES('22029','22029','19200430',null,'22029',null,'1','true',null,'Violet',null,null,null,'Karlson',null);
INSERT INTO kern.his_persnaamgebruik (id,pers,tsreg,tsverval,actieinh,actieverval,naamgebruik,indnaamgebruikafgeleid,predicaatnaamgebruik,voornamennaamgebruik,voorvoegselnaamgebruik,scheidingstekennaamgebruik,adellijketitelnaamgebruik,geslnaamstamnaamgebruik,nadereaandverval) VALUES('22030','22030','19220419',null,'22030',null,'1','true',null,'Tanja','de',' ',null,'Vlonder',null);
INSERT INTO kern.his_persnaamgebruik (id,pers,tsreg,tsverval,actieinh,actieverval,naamgebruik,indnaamgebruikafgeleid,predicaatnaamgebruik,voornamennaamgebruik,voorvoegselnaamgebruik,scheidingstekennaamgebruik,adellijketitelnaamgebruik,geslnaamstamnaamgebruik,nadereaandverval) VALUES('22031','22031','19920219',null,'22031',null,'1','true',null,'Berend','de',' ',null,'Zatte',null);
INSERT INTO kern.his_persnaamgebruik (id,pers,tsreg,tsverval,actieinh,actieverval,naamgebruik,indnaamgebruikafgeleid,predicaatnaamgebruik,voornamennaamgebruik,voorvoegselnaamgebruik,scheidingstekennaamgebruik,adellijketitelnaamgebruik,geslnaamstamnaamgebruik,nadereaandverval) VALUES('22032','22032','19510923',null,'22032',null,'1','true',null,'Mike',null,null,null,'Stuurman',null);
INSERT INTO kern.his_persnaamgebruik (id,pers,tsreg,tsverval,actieinh,actieverval,naamgebruik,indnaamgebruikafgeleid,predicaatnaamgebruik,voornamennaamgebruik,voorvoegselnaamgebruik,scheidingstekennaamgebruik,adellijketitelnaamgebruik,geslnaamstamnaamgebruik,nadereaandverval) VALUES('22033','22033','19531116',null,'22033',null,'1','true',null,'Sanne','de',' ',null,'Vriend',null);
INSERT INTO kern.his_persnaamgebruik (id,pers,tsreg,tsverval,actieinh,actieverval,naamgebruik,indnaamgebruikafgeleid,predicaatnaamgebruik,voornamennaamgebruik,voorvoegselnaamgebruik,scheidingstekennaamgebruik,adellijketitelnaamgebruik,geslnaamstamnaamgebruik,nadereaandverval) VALUES('22034','22034','19390402',null,'22034',null,'1','true',null,'Josje','de',' ',null,'Renner',null);
INSERT INTO kern.his_persnaamgebruik (id,pers,tsreg,tsverval,actieinh,actieverval,naamgebruik,indnaamgebruikafgeleid,predicaatnaamgebruik,voornamennaamgebruik,voorvoegselnaamgebruik,scheidingstekennaamgebruik,adellijketitelnaamgebruik,geslnaamstamnaamgebruik,nadereaandverval) VALUES('22035','22035','19841203',null,'22035',null,'1','true',null,'Anna','de',' ',null,'Muurbloem',null);
INSERT INTO kern.his_persnaamgebruik (id,pers,tsreg,tsverval,actieinh,actieverval,naamgebruik,indnaamgebruikafgeleid,predicaatnaamgebruik,voornamennaamgebruik,voorvoegselnaamgebruik,scheidingstekennaamgebruik,adellijketitelnaamgebruik,geslnaamstamnaamgebruik,nadereaandverval) VALUES('22036','22036','19851011',null,'22036',null,'1','true',null,'Gerard',null,null,null,'Appelo',null);
INSERT INTO kern.his_persnaamgebruik (id,pers,tsreg,tsverval,actieinh,actieverval,naamgebruik,indnaamgebruikafgeleid,predicaatnaamgebruik,voornamennaamgebruik,voorvoegselnaamgebruik,scheidingstekennaamgebruik,adellijketitelnaamgebruik,geslnaamstamnaamgebruik,nadereaandverval) VALUES('22037','22037','20050112',null,'22037',null,'1','true',null,'Albert',null,null,null,'Appel',null);
INSERT INTO kern.his_persnaamgebruik (id,pers,tsreg,tsverval,actieinh,actieverval,naamgebruik,indnaamgebruikafgeleid,predicaatnaamgebruik,voornamennaamgebruik,voorvoegselnaamgebruik,scheidingstekennaamgebruik,adellijketitelnaamgebruik,geslnaamstamnaamgebruik,nadereaandverval) VALUES('22038','22038','20051201',null,'22038',null,'1','true',null,'Marijke','ter',' ',null,'Aar',null);
INSERT INTO kern.his_persnaamgebruik (id,pers,tsreg,tsverval,actieinh,actieverval,naamgebruik,indnaamgebruikafgeleid,predicaatnaamgebruik,voornamennaamgebruik,voorvoegselnaamgebruik,scheidingstekennaamgebruik,adellijketitelnaamgebruik,geslnaamstamnaamgebruik,nadereaandverval) VALUES('22039','22039','20050112',null,'22039',null,'1','true',null,'Geerte','in het',' ',null,'Veld',null);
INSERT INTO kern.his_persnaamgebruik (id,pers,tsreg,tsverval,actieinh,actieverval,naamgebruik,indnaamgebruikafgeleid,predicaatnaamgebruik,voornamennaamgebruik,voorvoegselnaamgebruik,scheidingstekennaamgebruik,adellijketitelnaamgebruik,geslnaamstamnaamgebruik,nadereaandverval) VALUES('22040','22040','20051201',null,'22040',null,'1','true',null,'Gert','van',' ',null,'Penderloo',null);
INSERT INTO kern.his_persnaamgebruik (id,pers,tsreg,tsverval,actieinh,actieverval,naamgebruik,indnaamgebruikafgeleid,predicaatnaamgebruik,voornamennaamgebruik,voorvoegselnaamgebruik,scheidingstekennaamgebruik,adellijketitelnaamgebruik,geslnaamstamnaamgebruik,nadereaandverval) VALUES('22041','22041','19680809',null,'22041',null,'1','true',null,'Gijs','de',' ',null,'Bakker',null);
INSERT INTO kern.his_persnaamgebruik (id,pers,tsreg,tsverval,actieinh,actieverval,naamgebruik,indnaamgebruikafgeleid,predicaatnaamgebruik,voornamennaamgebruik,voorvoegselnaamgebruik,scheidingstekennaamgebruik,adellijketitelnaamgebruik,geslnaamstamnaamgebruik,nadereaandverval) VALUES('22042','22042','19580921',null,'22042',null,'1','true',null,'Guido',null,null,null,'Karlson',null);
INSERT INTO kern.his_persnaamgebruik (id,pers,tsreg,tsverval,actieinh,actieverval,naamgebruik,indnaamgebruikafgeleid,predicaatnaamgebruik,voornamennaamgebruik,voorvoegselnaamgebruik,scheidingstekennaamgebruik,adellijketitelnaamgebruik,geslnaamstamnaamgebruik,nadereaandverval) VALUES('22043','22043','19951004',null,'22043',null,'1','true',null,'Annemieke','ter',' ',null,'Nater',null);
INSERT INTO kern.his_persnaamgebruik (id,pers,tsreg,tsverval,actieinh,actieverval,naamgebruik,indnaamgebruikafgeleid,predicaatnaamgebruik,voornamennaamgebruik,voorvoegselnaamgebruik,scheidingstekennaamgebruik,adellijketitelnaamgebruik,geslnaamstamnaamgebruik,nadereaandverval) VALUES('22044','22044','20051201',null,'22044',null,'1','true',null,'Maarten','van',' ',null,'Hoog',null);
INSERT INTO kern.his_persnaamgebruik (id,pers,tsreg,tsverval,actieinh,actieverval,naamgebruik,indnaamgebruikafgeleid,predicaatnaamgebruik,voornamennaamgebruik,voorvoegselnaamgebruik,scheidingstekennaamgebruik,adellijketitelnaamgebruik,geslnaamstamnaamgebruik,nadereaandverval) VALUES('22045','22045','20050112',null,'22045',null,'1','true',null,'Marion','de',' ',null,'Hoop',null);

commit;


--------------------------------------------------
--- EIND
--- Sheet: (his_persnaamgebruik)
--- Handler: SheetHandlerImplSimpleInsert
--- Aantal: (46)
--------------------------------------------------
--------------------------------------------------
--- START
--- Sheet: (his_persgeboorte)
--- Handler: SheetHandlerImplSimpleInsert
--------------------------------------------------

begin;

INSERT INTO kern.his_persgeboorte (id,pers,tsreg,tsverval,actieinh,actieverval,datgeboorte,gemgeboorte,wplnaamgeboorte,blplaatsgeboorte,blregiogeboorte,landgebiedgeboorte,omslocgeboorte,nadereaandverval) VALUES('22001','22001','19811002',null,'22001',null,'19811002','522','Honselersdijk',null,null,'229','omschrijving geboorte locatie Cees',null);
INSERT INTO kern.his_persgeboorte (id,pers,tsreg,tsverval,actieinh,actieverval,datgeboorte,gemgeboorte,wplnaamgeboorte,blplaatsgeboorte,blregiogeboorte,landgebiedgeboorte,omslocgeboorte,nadereaandverval) VALUES('22002','22002','19820528',null,'22002',null,'19820528','522','Honselersdijk',null,null,'229',null,null);
INSERT INTO kern.his_persgeboorte (id,pers,tsreg,tsverval,actieinh,actieverval,datgeboorte,gemgeboorte,wplnaamgeboorte,blplaatsgeboorte,blregiogeboorte,landgebiedgeboorte,omslocgeboorte,nadereaandverval) VALUES('22003','22003','19660302',null,'22003',null,'19660302','522','Honselersdijk',null,null,'229',null,null);
INSERT INTO kern.his_persgeboorte (id,pers,tsreg,tsverval,actieinh,actieverval,datgeboorte,gemgeboorte,wplnaamgeboorte,blplaatsgeboorte,blregiogeboorte,landgebiedgeboorte,omslocgeboorte,nadereaandverval) VALUES('22004','22004','19691227',null,'22004',null,'19691227','950','Reijmerstok',null,null,'229',null,null);
INSERT INTO kern.his_persgeboorte (id,pers,tsreg,tsverval,actieinh,actieverval,datgeboorte,gemgeboorte,wplnaamgeboorte,blplaatsgeboorte,blregiogeboorte,landgebiedgeboorte,omslocgeboorte,nadereaandverval) VALUES('22005','22005','19710717',null,'22005',null,'19710717','348','Reijmerstok',null,null,'229',null,null);
INSERT INTO kern.his_persgeboorte (id,pers,tsreg,tsverval,actieinh,actieverval,datgeboorte,gemgeboorte,wplnaamgeboorte,blplaatsgeboorte,blregiogeboorte,landgebiedgeboorte,omslocgeboorte,nadereaandverval) VALUES('22006','22006','19720928',null,'22006',null,'19720928','522','Honselersdijk',null,null,'229',null,null);
INSERT INTO kern.his_persgeboorte (id,pers,tsreg,tsverval,actieinh,actieverval,datgeboorte,gemgeboorte,wplnaamgeboorte,blplaatsgeboorte,blregiogeboorte,landgebiedgeboorte,omslocgeboorte,nadereaandverval) VALUES('22007','22007','19800616',null,'22007',null,'19800616','603','Reijmerstok',null,null,'229',null,null);
INSERT INTO kern.his_persgeboorte (id,pers,tsreg,tsverval,actieinh,actieverval,datgeboorte,gemgeboorte,wplnaamgeboorte,blplaatsgeboorte,blregiogeboorte,landgebiedgeboorte,omslocgeboorte,nadereaandverval) VALUES('22008','22008','19810418',null,'22008',null,'19810418','974','Reijmerstok',null,null,'229',null,null);
INSERT INTO kern.his_persgeboorte (id,pers,tsreg,tsverval,actieinh,actieverval,datgeboorte,gemgeboorte,wplnaamgeboorte,blplaatsgeboorte,blregiogeboorte,landgebiedgeboorte,omslocgeboorte,nadereaandverval) VALUES('22009','22009','20110516',null,'22009',null,'20110516','348','Reijmerstok',null,null,'229',null,null);
INSERT INTO kern.his_persgeboorte (id,pers,tsreg,tsverval,actieinh,actieverval,datgeboorte,gemgeboorte,wplnaamgeboorte,blplaatsgeboorte,blregiogeboorte,landgebiedgeboorte,omslocgeboorte,nadereaandverval) VALUES('22010','22010','19691231',null,'22010',null,'19691231','776','Reijmerstok',null,null,'229',null,null);
INSERT INTO kern.his_persgeboorte (id,pers,tsreg,tsverval,actieinh,actieverval,datgeboorte,gemgeboorte,wplnaamgeboorte,blplaatsgeboorte,blregiogeboorte,landgebiedgeboorte,omslocgeboorte,nadereaandverval) VALUES('22011','22011','19690516',null,'22011',null,'19690516','397','Reijmerstok',null,null,'229',null,null);
INSERT INTO kern.his_persgeboorte (id,pers,tsreg,tsverval,actieinh,actieverval,datgeboorte,gemgeboorte,wplnaamgeboorte,blplaatsgeboorte,blregiogeboorte,landgebiedgeboorte,omslocgeboorte,nadereaandverval) VALUES('22012','22012','19771210',null,'22012',null,'19771210','397','Reijmerstok',null,null,'229',null,null);
INSERT INTO kern.his_persgeboorte (id,pers,tsreg,tsverval,actieinh,actieverval,datgeboorte,gemgeboorte,wplnaamgeboorte,blplaatsgeboorte,blregiogeboorte,landgebiedgeboorte,omslocgeboorte,nadereaandverval) VALUES('22013','22013','19550602',null,'22013',null,'19550602','396','Reijmerstok',null,null,'229',null,null);
INSERT INTO kern.his_persgeboorte (id,pers,tsreg,tsverval,actieinh,actieverval,datgeboorte,gemgeboorte,wplnaamgeboorte,blplaatsgeboorte,blregiogeboorte,landgebiedgeboorte,omslocgeboorte,nadereaandverval) VALUES('22014','22014','19780611',null,'22014',null,'19780611','251','Reijmerstok',null,null,'229',null,null);
INSERT INTO kern.his_persgeboorte (id,pers,tsreg,tsverval,actieinh,actieverval,datgeboorte,gemgeboorte,wplnaamgeboorte,blplaatsgeboorte,blregiogeboorte,landgebiedgeboorte,omslocgeboorte,nadereaandverval) VALUES('22015','22015','19880425',null,'22015',null,'19880425','522','Honselersdijk',null,null,'229',null,null);
INSERT INTO kern.his_persgeboorte (id,pers,tsreg,tsverval,actieinh,actieverval,datgeboorte,gemgeboorte,wplnaamgeboorte,blplaatsgeboorte,blregiogeboorte,landgebiedgeboorte,omslocgeboorte,nadereaandverval) VALUES('22016','22016','19881210',null,'22016',null,'19881210','1267','Reijmerstok',null,null,'229',null,null);
INSERT INTO kern.his_persgeboorte (id,pers,tsreg,tsverval,actieinh,actieverval,datgeboorte,gemgeboorte,wplnaamgeboorte,blplaatsgeboorte,blregiogeboorte,landgebiedgeboorte,omslocgeboorte,nadereaandverval) VALUES('22017','22017','19960523',null,'22017',null,'19960523','91','Wolsum',null,null,'229',null,null);
INSERT INTO kern.his_persgeboorte (id,pers,tsreg,tsverval,actieinh,actieverval,datgeboorte,gemgeboorte,wplnaamgeboorte,blplaatsgeboorte,blregiogeboorte,landgebiedgeboorte,omslocgeboorte,nadereaandverval) VALUES('22018','22018','19941005',null,'22018',null,'19941005','780','Etten-Leur',null,null,'229',null,null);
INSERT INTO kern.his_persgeboorte (id,pers,tsreg,tsverval,actieinh,actieverval,datgeboorte,gemgeboorte,wplnaamgeboorte,blplaatsgeboorte,blregiogeboorte,landgebiedgeboorte,omslocgeboorte,nadereaandverval) VALUES('22019','22019','19941005',null,'22019',null,'19941005','615','Witteveen',null,null,'229',null,null);
INSERT INTO kern.his_persgeboorte (id,pers,tsreg,tsverval,actieinh,actieverval,datgeboorte,gemgeboorte,wplnaamgeboorte,blplaatsgeboorte,blregiogeboorte,landgebiedgeboorte,omslocgeboorte,nadereaandverval) VALUES('22020','22020','19760103',null,'22020',null,'19760103','625','Vlaardingen',null,null,'229',null,null);
INSERT INTO kern.his_persgeboorte (id,pers,tsreg,tsverval,actieinh,actieverval,datgeboorte,gemgeboorte,wplnaamgeboorte,blplaatsgeboorte,blregiogeboorte,landgebiedgeboorte,omslocgeboorte,nadereaandverval) VALUES('22021','22021','19961003',null,'22021',null,'19961003','345','Soest',null,null,'229',null,null);
INSERT INTO kern.his_persgeboorte (id,pers,tsreg,tsverval,actieinh,actieverval,datgeboorte,gemgeboorte,wplnaamgeboorte,blplaatsgeboorte,blregiogeboorte,landgebiedgeboorte,omslocgeboorte,nadereaandverval) VALUES('22022','22022','19951003',null,'22022',null,'19951003','625','Vlaardingen',null,null,'229',null,null);
INSERT INTO kern.his_persgeboorte (id,pers,tsreg,tsverval,actieinh,actieverval,datgeboorte,gemgeboorte,wplnaamgeboorte,blplaatsgeboorte,blregiogeboorte,landgebiedgeboorte,omslocgeboorte,nadereaandverval) VALUES('22023','22023','19941003',null,'22023',null,'19941003','365','Hellendoorn',null,null,'229',null,null);
INSERT INTO kern.his_persgeboorte (id,pers,tsreg,tsverval,actieinh,actieverval,datgeboorte,gemgeboorte,wplnaamgeboorte,blplaatsgeboorte,blregiogeboorte,landgebiedgeboorte,omslocgeboorte,nadereaandverval) VALUES('22024','22024','19770401',null,'22024',null,'19770401','365','Hellendoorn',null,null,'229',null,null);
INSERT INTO kern.his_persgeboorte (id,pers,tsreg,tsverval,actieinh,actieverval,datgeboorte,gemgeboorte,wplnaamgeboorte,blplaatsgeboorte,blregiogeboorte,landgebiedgeboorte,omslocgeboorte,nadereaandverval) VALUES('22025','22025','19880611',null,'22025',null,'19880611','91','Wolsum',null,null,'229',null,null);
INSERT INTO kern.his_persgeboorte (id,pers,tsreg,tsverval,actieinh,actieverval,datgeboorte,gemgeboorte,wplnaamgeboorte,blplaatsgeboorte,blregiogeboorte,landgebiedgeboorte,omslocgeboorte,nadereaandverval) VALUES('22026','22026','19910721',null,'22026',null,'19910721','365','Hellendoorn',null,null,'229',null,null);
INSERT INTO kern.his_persgeboorte (id,pers,tsreg,tsverval,actieinh,actieverval,datgeboorte,gemgeboorte,wplnaamgeboorte,blplaatsgeboorte,blregiogeboorte,landgebiedgeboorte,omslocgeboorte,nadereaandverval) VALUES('22027','22027','19910911',null,'22027',null,'19910911','625','Vlaardingen',null,null,'229',null,null);
INSERT INTO kern.his_persgeboorte (id,pers,tsreg,tsverval,actieinh,actieverval,datgeboorte,gemgeboorte,wplnaamgeboorte,blplaatsgeboorte,blregiogeboorte,landgebiedgeboorte,omslocgeboorte,nadereaandverval) VALUES('22028','22028','19900722',null,'22028',null,'19900722','625','Vlaardingen',null,null,'229',null,null);
INSERT INTO kern.his_persgeboorte (id,pers,tsreg,tsverval,actieinh,actieverval,datgeboorte,gemgeboorte,wplnaamgeboorte,blplaatsgeboorte,blregiogeboorte,landgebiedgeboorte,omslocgeboorte,nadereaandverval) VALUES('22029','22029','19200430',null,'22029',null,'19200430','1239','Ouwerkerk',null,null,'229',null,null);
INSERT INTO kern.his_persgeboorte (id,pers,tsreg,tsverval,actieinh,actieverval,datgeboorte,gemgeboorte,wplnaamgeboorte,blplaatsgeboorte,blregiogeboorte,landgebiedgeboorte,omslocgeboorte,nadereaandverval) VALUES('22030','22030','19220419',null,'22030',null,'19220419','1239','Ouwerkerk',null,null,'229',null,null);
INSERT INTO kern.his_persgeboorte (id,pers,tsreg,tsverval,actieinh,actieverval,datgeboorte,gemgeboorte,wplnaamgeboorte,blplaatsgeboorte,blregiogeboorte,landgebiedgeboorte,omslocgeboorte,nadereaandverval) VALUES('22031','22031','19920219',null,'22031',null,'19920219','977','Koningsbosch',null,null,'229',null,null);
INSERT INTO kern.his_persgeboorte (id,pers,tsreg,tsverval,actieinh,actieverval,datgeboorte,gemgeboorte,wplnaamgeboorte,blplaatsgeboorte,blregiogeboorte,landgebiedgeboorte,omslocgeboorte,nadereaandverval) VALUES('22032','22032','19510923',null,'22032',null,'19510923','522','Honselersdijk',null,null,'229',null,null);
INSERT INTO kern.his_persgeboorte (id,pers,tsreg,tsverval,actieinh,actieverval,datgeboorte,gemgeboorte,wplnaamgeboorte,blplaatsgeboorte,blregiogeboorte,landgebiedgeboorte,omslocgeboorte,nadereaandverval) VALUES('22033','22033','19531116',null,'22033',null,'19531116','506','Scherpenzeel',null,null,'229',null,null);
INSERT INTO kern.his_persgeboorte (id,pers,tsreg,tsverval,actieinh,actieverval,datgeboorte,gemgeboorte,wplnaamgeboorte,blplaatsgeboorte,blregiogeboorte,landgebiedgeboorte,omslocgeboorte,nadereaandverval) VALUES('22034','22034','19390402',null,'22034',null,'19390402','403','Egmond-Binnen',null,null,'229',null,null);
INSERT INTO kern.his_persgeboorte (id,pers,tsreg,tsverval,actieinh,actieverval,datgeboorte,gemgeboorte,wplnaamgeboorte,blplaatsgeboorte,blregiogeboorte,landgebiedgeboorte,omslocgeboorte,nadereaandverval) VALUES('22035','22035','19841203',null,'22035',null,'19841203','342','Delft',null,null,'229',null,null);
INSERT INTO kern.his_persgeboorte (id,pers,tsreg,tsverval,actieinh,actieverval,datgeboorte,gemgeboorte,wplnaamgeboorte,blplaatsgeboorte,blregiogeboorte,landgebiedgeboorte,omslocgeboorte,nadereaandverval) VALUES('22036','22036','19851011',null,'22036',null,'19851011','342','Delft',null,null,'229',null,null);
INSERT INTO kern.his_persgeboorte (id,pers,tsreg,tsverval,actieinh,actieverval,datgeboorte,gemgeboorte,wplnaamgeboorte,blplaatsgeboorte,blregiogeboorte,landgebiedgeboorte,omslocgeboorte,nadereaandverval) VALUES('22037','22037','20050112',null,'22037',null,'20050112','91','Wolsum',null,null,'229',null,null);
INSERT INTO kern.his_persgeboorte (id,pers,tsreg,tsverval,actieinh,actieverval,datgeboorte,gemgeboorte,wplnaamgeboorte,blplaatsgeboorte,blregiogeboorte,landgebiedgeboorte,omslocgeboorte,nadereaandverval) VALUES('22038','22038','20051201',null,'22038',null,'20051201','96','Twello',null,null,'229',null,null);
INSERT INTO kern.his_persgeboorte (id,pers,tsreg,tsverval,actieinh,actieverval,datgeboorte,gemgeboorte,wplnaamgeboorte,blplaatsgeboorte,blregiogeboorte,landgebiedgeboorte,omslocgeboorte,nadereaandverval) VALUES('22039','22039','20050112',null,'22039',null,'20050112','63','Zevenbergschen Hoek',null,null,'229',null,null);
INSERT INTO kern.his_persgeboorte (id,pers,tsreg,tsverval,actieinh,actieverval,datgeboorte,gemgeboorte,wplnaamgeboorte,blplaatsgeboorte,blregiogeboorte,landgebiedgeboorte,omslocgeboorte,nadereaandverval) VALUES('22040','22040','20051201',null,'22040',null,'20051201','99','Tuitjenhorn',null,null,'229',null,null);
INSERT INTO kern.his_persgeboorte (id,pers,tsreg,tsverval,actieinh,actieverval,datgeboorte,gemgeboorte,wplnaamgeboorte,blplaatsgeboorte,blregiogeboorte,landgebiedgeboorte,omslocgeboorte,nadereaandverval) VALUES('22041','22041','19680809',null,'22041',null,'19680809','99','Tuitjenhorn',null,null,'229',null,null);
INSERT INTO kern.his_persgeboorte (id,pers,tsreg,tsverval,actieinh,actieverval,datgeboorte,gemgeboorte,wplnaamgeboorte,blplaatsgeboorte,blregiogeboorte,landgebiedgeboorte,omslocgeboorte,nadereaandverval) VALUES('22042','22042','19580921',null,'22042',null,'19580921','91','Wolsum',null,null,'229',null,null);
INSERT INTO kern.his_persgeboorte (id,pers,tsreg,tsverval,actieinh,actieverval,datgeboorte,gemgeboorte,wplnaamgeboorte,blplaatsgeboorte,blregiogeboorte,landgebiedgeboorte,omslocgeboorte,nadereaandverval) VALUES('22043','22043','19951004',null,'22043',null,'19951004','91','Wolsum',null,null,'229',null,null);
INSERT INTO kern.his_persgeboorte (id,pers,tsreg,tsverval,actieinh,actieverval,datgeboorte,gemgeboorte,wplnaamgeboorte,blplaatsgeboorte,blregiogeboorte,landgebiedgeboorte,omslocgeboorte,nadereaandverval) VALUES('22044','22044','20051201',null,'22044',null,'20051201','365','Hellendoorn',null,null,'229',null,null);
INSERT INTO kern.his_persgeboorte (id,pers,tsreg,tsverval,actieinh,actieverval,datgeboorte,gemgeboorte,wplnaamgeboorte,blplaatsgeboorte,blregiogeboorte,landgebiedgeboorte,omslocgeboorte,nadereaandverval) VALUES('22045','22045','20050112',null,'22045',null,'20050112','365','Hellendoorn',null,null,'229',null,null);

commit;


--------------------------------------------------
--- EIND
--- Sheet: (his_persgeboorte)
--- Handler: SheetHandlerImplSimpleInsert
--- Aantal: (46)
--------------------------------------------------
--------------------------------------------------
--- START
--- Sheet: (his_persoverlijden)
--- Handler: SheetHandlerImplSimpleInsert
--------------------------------------------------

begin;

INSERT INTO kern.his_persoverlijden (id,pers,tsreg,tsverval,actieinh,actieverval,datoverlijden,gemoverlijden,wplnaamoverlijden,blplaatsoverlijden,blregiooverlijden,landgebiedoverlijden,omslocoverlijden,nadereaandverval) VALUES('22001','22014','20111111',null,'22506',null,'20111111','397','Vlodrop',null,null,'229',null,null);
INSERT INTO kern.his_persoverlijden (id,pers,tsreg,tsverval,actieinh,actieverval,datoverlijden,gemoverlijden,wplnaamoverlijden,blplaatsoverlijden,blregiooverlijden,landgebiedoverlijden,omslocoverlijden,nadereaandverval) VALUES('22002','22002','20120103','20120105','22641','22642','20120103','397','Vlodrop',null,null,'229',null,null);
INSERT INTO kern.his_persoverlijden (id,pers,tsreg,tsverval,actieinh,actieverval,datoverlijden,gemoverlijden,wplnaamoverlijden,blplaatsoverlijden,blregiooverlijden,landgebiedoverlijden,omslocoverlijden,nadereaandverval) VALUES('22003','22003','20120103','20120105','22643','22644','20120103','397','Vlodrop',null,null,'229',null,null);
INSERT INTO kern.his_persoverlijden (id,pers,tsreg,tsverval,actieinh,actieverval,datoverlijden,gemoverlijden,wplnaamoverlijden,blplaatsoverlijden,blregiooverlijden,landgebiedoverlijden,omslocoverlijden,nadereaandverval) VALUES('22004','22003','20120605',null,'22645',null,'20120605','397','Vlodrop',null,null,'229',null,null);
INSERT INTO kern.his_persoverlijden (id,pers,tsreg,tsverval,actieinh,actieverval,datoverlijden,gemoverlijden,wplnaamoverlijden,blplaatsoverlijden,blregiooverlijden,landgebiedoverlijden,omslocoverlijden,nadereaandverval) VALUES('22005','22010','20120208','20120211','22648','22649','20120208','397','Vlodrop',null,null,'229',null,null);

commit;


--------------------------------------------------
--- EIND
--- Sheet: (his_persoverlijden)
--- Handler: SheetHandlerImplSimpleInsert
--- Aantal: (6)
--------------------------------------------------
--------------------------------------------------
--- Sheet: (13) (update statement pers tabel) wordt overgeslagen
--------------------------------------------------
--------------------------------------------------
--- START
--- Sheet: (persadres)
--- Handler: SheetHandlerImplSimpleInsert
--------------------------------------------------

begin;

INSERT INTO kern.persadres (id,pers,srt,rdnwijz,aangadresh,dataanvadresh,identcodeadresseerbaarobject,identcodenraand,gem,nor,afgekortenor,gemdeel,huisnr,huisletter,huisnrtoevoeging,postcode,wplnaam,loctenopzichtevanadres,locoms,bladresregel1,bladresregel2,bladresregel3,bladresregel4,bladresregel5,bladresregel6,landgebied,indpersaangetroffenopadres) VALUES('22001','22001','1','1','7','20050328',null,null,'347','Vredenburg','Vredenburg',null,'3',null,null,'3511BA','Smalle Ee',null,null,null,null,null,null,null,null,'229',null);
INSERT INTO kern.persadres (id,pers,srt,rdnwijz,aangadresh,dataanvadresh,identcodeadresseerbaarobject,identcodenraand,gem,nor,afgekortenor,gemdeel,huisnr,huisletter,huisnrtoevoeging,postcode,wplnaam,loctenopzichtevanadres,locoms,bladresregel1,bladresregel2,bladresregel3,bladresregel4,bladresregel5,bladresregel6,landgebied,indpersaangetroffenopadres) VALUES('22002','22002','1','1','3','20050328',null,null,'347','Vredenburg','Vredenburg',null,'3',null,null,'3511BA','Smalle Ee',null,null,null,null,null,null,null,null,'229',null);
INSERT INTO kern.persadres (id,pers,srt,rdnwijz,aangadresh,dataanvadresh,identcodeadresseerbaarobject,identcodenraand,gem,nor,afgekortenor,gemdeel,huisnr,huisletter,huisnrtoevoeging,postcode,wplnaam,loctenopzichtevanadres,locoms,bladresregel1,bladresregel2,bladresregel3,bladresregel4,bladresregel5,bladresregel6,landgebied,indpersaangetroffenopadres) VALUES('22003','22003','1','1','3','19901201',null,null,'347','Neude','Neude',null,'11',null,null,'3512AE','Smalle Ee',null,null,null,null,null,null,null,null,'229',null);
INSERT INTO kern.persadres (id,pers,srt,rdnwijz,aangadresh,dataanvadresh,identcodeadresseerbaarobject,identcodenraand,gem,nor,afgekortenor,gemdeel,huisnr,huisletter,huisnrtoevoeging,postcode,wplnaam,loctenopzichtevanadres,locoms,bladresregel1,bladresregel2,bladresregel3,bladresregel4,bladresregel5,bladresregel6,landgebied,indpersaangetroffenopadres) VALUES('22004','22004','1','1','7','19901201',null,null,'347','Neude','Neude',null,'13',null,null,'3512AE','Smalle Ee',null,null,null,null,null,null,null,null,'229',null);
INSERT INTO kern.persadres (id,pers,srt,rdnwijz,aangadresh,dataanvadresh,identcodeadresseerbaarobject,identcodenraand,gem,nor,afgekortenor,gemdeel,huisnr,huisletter,huisnrtoevoeging,postcode,wplnaam,loctenopzichtevanadres,locoms,bladresregel1,bladresregel2,bladresregel3,bladresregel4,bladresregel5,bladresregel6,landgebied,indpersaangetroffenopadres) VALUES('22005','22005','1','1','3','19981201',null,null,'347','Biltstraat','Biltstraat',null,'5',null,null,'3572AA','Smalle Ee',null,null,null,null,null,null,null,null,'229',null);
INSERT INTO kern.persadres (id,pers,srt,rdnwijz,aangadresh,dataanvadresh,identcodeadresseerbaarobject,identcodenraand,gem,nor,afgekortenor,gemdeel,huisnr,huisletter,huisnrtoevoeging,postcode,wplnaam,loctenopzichtevanadres,locoms,bladresregel1,bladresregel2,bladresregel3,bladresregel4,bladresregel5,bladresregel6,landgebied,indpersaangetroffenopadres) VALUES('22006','22006','1','1','7','19981201',null,null,'347','Biltstraat','Biltstraat',null,'5',null,null,'3572AA','Smalle Ee',null,null,null,null,null,null,null,null,'229',null);
INSERT INTO kern.persadres (id,pers,srt,rdnwijz,aangadresh,dataanvadresh,identcodeadresseerbaarobject,identcodenraand,gem,nor,afgekortenor,gemdeel,huisnr,huisletter,huisnrtoevoeging,postcode,wplnaam,loctenopzichtevanadres,locoms,bladresregel1,bladresregel2,bladresregel3,bladresregel4,bladresregel5,bladresregel6,landgebied,indpersaangetroffenopadres) VALUES('22007','22007','1','1','7','20110205',null,null,'347','Vredenburg','Vredenburg',null,'22',null,null,'3511BB','Smalle Ee',null,null,null,null,null,null,null,null,'229',null);
INSERT INTO kern.persadres (id,pers,srt,rdnwijz,aangadresh,dataanvadresh,identcodeadresseerbaarobject,identcodenraand,gem,nor,afgekortenor,gemdeel,huisnr,huisletter,huisnrtoevoeging,postcode,wplnaam,loctenopzichtevanadres,locoms,bladresregel1,bladresregel2,bladresregel3,bladresregel4,bladresregel5,bladresregel6,landgebied,indpersaangetroffenopadres) VALUES('22008','22008','1','1','3','20110205',null,null,'347','Vredenburg','Vredenburg',null,'22',null,null,'3511BB','Smalle Ee',null,null,null,null,null,null,null,null,'229',null);
INSERT INTO kern.persadres (id,pers,srt,rdnwijz,aangadresh,dataanvadresh,identcodeadresseerbaarobject,identcodenraand,gem,nor,afgekortenor,gemdeel,huisnr,huisletter,huisnrtoevoeging,postcode,wplnaam,loctenopzichtevanadres,locoms,bladresregel1,bladresregel2,bladresregel3,bladresregel4,bladresregel5,bladresregel6,landgebied,indpersaangetroffenopadres) VALUES('22009','22009','1','1','6','20110205',null,null,'347','Vredenburg','Vredenburg',null,'22',null,null,'3511BB','Smalle Ee',null,null,null,null,null,null,null,null,'229',null);
INSERT INTO kern.persadres (id,pers,srt,rdnwijz,aangadresh,dataanvadresh,identcodeadresseerbaarobject,identcodenraand,gem,nor,afgekortenor,gemdeel,huisnr,huisletter,huisnrtoevoeging,postcode,wplnaam,loctenopzichtevanadres,locoms,bladresregel1,bladresregel2,bladresregel3,bladresregel4,bladresregel5,bladresregel6,landgebied,indpersaangetroffenopadres) VALUES('22010','22010','1','1','3','20090928',null,null,'347','Neude','Neude',null,'17',null,null,'3512AE','Smalle Ee',null,null,null,null,null,null,null,null,'229',null);
INSERT INTO kern.persadres (id,pers,srt,rdnwijz,aangadresh,dataanvadresh,identcodeadresseerbaarobject,identcodenraand,gem,nor,afgekortenor,gemdeel,huisnr,huisletter,huisnrtoevoeging,postcode,wplnaam,loctenopzichtevanadres,locoms,bladresregel1,bladresregel2,bladresregel3,bladresregel4,bladresregel5,bladresregel6,landgebied,indpersaangetroffenopadres) VALUES('22011','22011','1','1','7','20090928',null,null,'347','Neude','Neude',null,'17',null,null,'3512AE','Smalle Ee',null,null,null,null,null,null,null,null,'229',null);
INSERT INTO kern.persadres (id,pers,srt,rdnwijz,aangadresh,dataanvadresh,identcodeadresseerbaarobject,identcodenraand,gem,nor,afgekortenor,gemdeel,huisnr,huisletter,huisnrtoevoeging,postcode,wplnaam,loctenopzichtevanadres,locoms,bladresregel1,bladresregel2,bladresregel3,bladresregel4,bladresregel5,bladresregel6,landgebied,indpersaangetroffenopadres) VALUES('22012','22012','1','1','3','20000228',null,null,'347','Biltstraat','Biltstraat',null,'7',null,null,'3572AA','Smalle Ee',null,null,null,null,null,null,null,null,'229',null);
INSERT INTO kern.persadres (id,pers,srt,rdnwijz,aangadresh,dataanvadresh,identcodeadresseerbaarobject,identcodenraand,gem,nor,afgekortenor,gemdeel,huisnr,huisletter,huisnrtoevoeging,postcode,wplnaam,loctenopzichtevanadres,locoms,bladresregel1,bladresregel2,bladresregel3,bladresregel4,bladresregel5,bladresregel6,landgebied,indpersaangetroffenopadres) VALUES('22013','22013','1','1','3','19920508',null,null,'347','Vredenburg','Vredenburg',null,'27',null,null,'3511BC','Smalle Ee',null,null,null,null,null,null,null,null,'229',null);
INSERT INTO kern.persadres (id,pers,srt,rdnwijz,aangadresh,dataanvadresh,identcodeadresseerbaarobject,identcodenraand,gem,nor,afgekortenor,gemdeel,huisnr,huisletter,huisnrtoevoeging,postcode,wplnaam,loctenopzichtevanadres,locoms,bladresregel1,bladresregel2,bladresregel3,bladresregel4,bladresregel5,bladresregel6,landgebied,indpersaangetroffenopadres) VALUES('22014','22014','1','2',null,'19780611',null,null,'347','Neude','Neude',null,'19',null,null,'3512AD','Smalle Ee',null,null,null,null,null,null,null,null,'229',null);
INSERT INTO kern.persadres (id,pers,srt,rdnwijz,aangadresh,dataanvadresh,identcodeadresseerbaarobject,identcodenraand,gem,nor,afgekortenor,gemdeel,huisnr,huisletter,huisnrtoevoeging,postcode,wplnaam,loctenopzichtevanadres,locoms,bladresregel1,bladresregel2,bladresregel3,bladresregel4,bladresregel5,bladresregel6,landgebied,indpersaangetroffenopadres) VALUES('22015','22015','1','1','3','20110425',null,null,'347','Vredenburg','Vredenburg',null,'3',null,null,'3511BA','Smalle Ee',null,null,null,null,null,null,null,null,'229',null);
INSERT INTO kern.persadres (id,pers,srt,rdnwijz,aangadresh,dataanvadresh,identcodeadresseerbaarobject,identcodenraand,gem,nor,afgekortenor,gemdeel,huisnr,huisletter,huisnrtoevoeging,postcode,wplnaam,loctenopzichtevanadres,locoms,bladresregel1,bladresregel2,bladresregel3,bladresregel4,bladresregel5,bladresregel6,landgebied,indpersaangetroffenopadres) VALUES('22016','22016','1','1','3','20100626',null,null,'347','Biltstraat','Biltstraat',null,'5',null,null,'3572AA','Smalle Ee',null,null,null,null,null,null,null,null,'229',null);
INSERT INTO kern.persadres (id,pers,srt,rdnwijz,aangadresh,dataanvadresh,identcodeadresseerbaarobject,identcodenraand,gem,nor,afgekortenor,gemdeel,huisnr,huisletter,huisnrtoevoeging,postcode,wplnaam,loctenopzichtevanadres,locoms,bladresregel1,bladresregel2,bladresregel3,bladresregel4,bladresregel5,bladresregel6,landgebied,indpersaangetroffenopadres) VALUES('22017','22017','1','1','3','20030327',null,null,'347','Biltstraat','Biltstraat',null,'152',null,null,'3572BM','Smalle Ee',null,null,null,null,null,null,null,null,'229',null);
INSERT INTO kern.persadres (id,pers,srt,rdnwijz,aangadresh,dataanvadresh,identcodeadresseerbaarobject,identcodenraand,gem,nor,afgekortenor,gemdeel,huisnr,huisletter,huisnrtoevoeging,postcode,wplnaam,loctenopzichtevanadres,locoms,bladresregel1,bladresregel2,bladresregel3,bladresregel4,bladresregel5,bladresregel6,landgebied,indpersaangetroffenopadres) VALUES('22018','22018','1','1','3','19911002',null,null,'347','Biltstraat','Biltstraat',null,'152',null,null,'3572BM','Smalle Ee',null,null,null,null,null,null,null,null,'229',null);
INSERT INTO kern.persadres (id,pers,srt,rdnwijz,aangadresh,dataanvadresh,identcodeadresseerbaarobject,identcodenraand,gem,nor,afgekortenor,gemdeel,huisnr,huisletter,huisnrtoevoeging,postcode,wplnaam,loctenopzichtevanadres,locoms,bladresregel1,bladresregel2,bladresregel3,bladresregel4,bladresregel5,bladresregel6,landgebied,indpersaangetroffenopadres) VALUES('22019','22019','1','1','3','19901111',null,null,'347','Biltstraat','Biltstraat',null,'172',null,null,'3572BP','Smalle Ee',null,null,null,null,null,null,null,null,'229',null);
INSERT INTO kern.persadres (id,pers,srt,rdnwijz,aangadresh,dataanvadresh,identcodeadresseerbaarobject,identcodenraand,gem,nor,afgekortenor,gemdeel,huisnr,huisletter,huisnrtoevoeging,postcode,wplnaam,loctenopzichtevanadres,locoms,bladresregel1,bladresregel2,bladresregel3,bladresregel4,bladresregel5,bladresregel6,landgebied,indpersaangetroffenopadres) VALUES('22020','22020','1','1','3','19820528',null,null,'347','Biltstraat','Biltstraat',null,'172',null,null,'3572BP','Smalle Ee',null,null,null,null,null,null,null,null,'229',null);
INSERT INTO kern.persadres (id,pers,srt,rdnwijz,aangadresh,dataanvadresh,identcodeadresseerbaarobject,identcodenraand,gem,nor,afgekortenor,gemdeel,huisnr,huisletter,huisnrtoevoeging,postcode,wplnaam,loctenopzichtevanadres,locoms,bladresregel1,bladresregel2,bladresregel3,bladresregel4,bladresregel5,bladresregel6,landgebied,indpersaangetroffenopadres) VALUES('22021','22021','1','1','3','20010328',null,null,'347','Vredenburg ','Vredenburg ',null,'81',null,null,'3511BD','Smalle Ee',null,null,null,null,null,null,null,null,'229',null);
INSERT INTO kern.persadres (id,pers,srt,rdnwijz,aangadresh,dataanvadresh,identcodeadresseerbaarobject,identcodenraand,gem,nor,afgekortenor,gemdeel,huisnr,huisletter,huisnrtoevoeging,postcode,wplnaam,loctenopzichtevanadres,locoms,bladresregel1,bladresregel2,bladresregel3,bladresregel4,bladresregel5,bladresregel6,landgebied,indpersaangetroffenopadres) VALUES('22022','22022','1','1','3','20101002',null,null,'347','Biltstraat','Biltstraat',null,'119',null,null,'3572AP','Smalle Ee',null,null,null,null,null,null,null,null,'229',null);
INSERT INTO kern.persadres (id,pers,srt,rdnwijz,aangadresh,dataanvadresh,identcodeadresseerbaarobject,identcodenraand,gem,nor,afgekortenor,gemdeel,huisnr,huisletter,huisnrtoevoeging,postcode,wplnaam,loctenopzichtevanadres,locoms,bladresregel1,bladresregel2,bladresregel3,bladresregel4,bladresregel5,bladresregel6,landgebied,indpersaangetroffenopadres) VALUES('22023','22023','1','1','3','19970605',null,null,'347','Vredenburg ','Vredenburg ',null,'83',null,null,'3511BD','Smalle Ee',null,null,null,null,null,null,null,null,'229',null);
INSERT INTO kern.persadres (id,pers,srt,rdnwijz,aangadresh,dataanvadresh,identcodeadresseerbaarobject,identcodenraand,gem,nor,afgekortenor,gemdeel,huisnr,huisletter,huisnrtoevoeging,postcode,wplnaam,loctenopzichtevanadres,locoms,bladresregel1,bladresregel2,bladresregel3,bladresregel4,bladresregel5,bladresregel6,landgebied,indpersaangetroffenopadres) VALUES('22024','22024','1','1','3','19790928',null,null,'347','Biltstraat','Biltstraat',null,'121',null,null,'3572AP','Smalle Ee',null,null,null,null,null,null,null,null,'229',null);
INSERT INTO kern.persadres (id,pers,srt,rdnwijz,aangadresh,dataanvadresh,identcodeadresseerbaarobject,identcodenraand,gem,nor,afgekortenor,gemdeel,huisnr,huisletter,huisnrtoevoeging,postcode,wplnaam,loctenopzichtevanadres,locoms,bladresregel1,bladresregel2,bladresregel3,bladresregel4,bladresregel5,bladresregel6,landgebied,indpersaangetroffenopadres) VALUES('22025','22025','1','1','3','19950929',null,null,'347','Vredenburg ','Vredenburg ',null,'42',null,null,'3511BD','Smalle Ee',null,null,null,null,null,null,null,null,'229',null);
INSERT INTO kern.persadres (id,pers,srt,rdnwijz,aangadresh,dataanvadresh,identcodeadresseerbaarobject,identcodenraand,gem,nor,afgekortenor,gemdeel,huisnr,huisletter,huisnrtoevoeging,postcode,wplnaam,loctenopzichtevanadres,locoms,bladresregel1,bladresregel2,bladresregel3,bladresregel4,bladresregel5,bladresregel6,landgebied,indpersaangetroffenopadres) VALUES('22026','22026','1','1','3','20000101',null,null,'347','Biltstraat','Biltstraat',null,'115',null,null,'3572AP','Smalle Ee',null,null,null,null,null,null,null,null,'229',null);
INSERT INTO kern.persadres (id,pers,srt,rdnwijz,aangadresh,dataanvadresh,identcodeadresseerbaarobject,identcodenraand,gem,nor,afgekortenor,gemdeel,huisnr,huisletter,huisnrtoevoeging,postcode,wplnaam,loctenopzichtevanadres,locoms,bladresregel1,bladresregel2,bladresregel3,bladresregel4,bladresregel5,bladresregel6,landgebied,indpersaangetroffenopadres) VALUES('22027','22027','1','1','3','20031024',null,null,'347','Biltstraat','Biltstraat',null,'117',null,null,'3572AP','Smalle Ee',null,null,null,null,null,null,null,null,'229',null);
INSERT INTO kern.persadres (id,pers,srt,rdnwijz,aangadresh,dataanvadresh,identcodeadresseerbaarobject,identcodenraand,gem,nor,afgekortenor,gemdeel,huisnr,huisletter,huisnrtoevoeging,postcode,wplnaam,loctenopzichtevanadres,locoms,bladresregel1,bladresregel2,bladresregel3,bladresregel4,bladresregel5,bladresregel6,landgebied,indpersaangetroffenopadres) VALUES('22028','22028','1','1','3','19990616',null,null,'347','Biltstraat','Biltstraat',null,'117',null,null,'3572AP','Smalle Ee',null,null,null,null,null,null,null,null,'229',null);
INSERT INTO kern.persadres (id,pers,srt,rdnwijz,aangadresh,dataanvadresh,identcodeadresseerbaarobject,identcodenraand,gem,nor,afgekortenor,gemdeel,huisnr,huisletter,huisnrtoevoeging,postcode,wplnaam,loctenopzichtevanadres,locoms,bladresregel1,bladresregel2,bladresregel3,bladresregel4,bladresregel5,bladresregel6,landgebied,indpersaangetroffenopadres) VALUES('22030','22030','1','1','3','20120620',null,null,'347','Biltstraat','Biltstraat',null,'95',null,null,'3572AL','Smalle Ee',null,null,null,null,null,null,null,null,'229',null);
INSERT INTO kern.persadres (id,pers,srt,rdnwijz,aangadresh,dataanvadresh,identcodeadresseerbaarobject,identcodenraand,gem,nor,afgekortenor,gemdeel,huisnr,huisletter,huisnrtoevoeging,postcode,wplnaam,loctenopzichtevanadres,locoms,bladresregel1,bladresregel2,bladresregel3,bladresregel4,bladresregel5,bladresregel6,landgebied,indpersaangetroffenopadres) VALUES('22031','22031','1','1','3','20120306',null,null,'347','Vredenburg ','Vredenburg ',null,'114',null,null,'3511BE','Smalle Ee',null,null,null,null,null,null,null,null,'229',null);
INSERT INTO kern.persadres (id,pers,srt,rdnwijz,aangadresh,dataanvadresh,identcodeadresseerbaarobject,identcodenraand,gem,nor,afgekortenor,gemdeel,huisnr,huisletter,huisnrtoevoeging,postcode,wplnaam,loctenopzichtevanadres,locoms,bladresregel1,bladresregel2,bladresregel3,bladresregel4,bladresregel5,bladresregel6,landgebied,indpersaangetroffenopadres) VALUES('22032','22032','1','1','3','20120621',null,null,'347','Neude','Neude',null,'34',null,null,'3512AG','Smalle Ee',null,null,null,null,null,null,null,null,'229',null);
INSERT INTO kern.persadres (id,pers,srt,rdnwijz,aangadresh,dataanvadresh,identcodeadresseerbaarobject,identcodenraand,gem,nor,afgekortenor,gemdeel,huisnr,huisletter,huisnrtoevoeging,postcode,wplnaam,loctenopzichtevanadres,locoms,bladresregel1,bladresregel2,bladresregel3,bladresregel4,bladresregel5,bladresregel6,landgebied,indpersaangetroffenopadres) VALUES('22033','22033','1','1','3','20120621',null,null,'347','Neude','Neude',null,'34',null,null,'3512AG','Smalle Ee',null,null,null,null,null,null,null,null,'229',null);
INSERT INTO kern.persadres (id,pers,srt,rdnwijz,aangadresh,dataanvadresh,identcodeadresseerbaarobject,identcodenraand,gem,nor,afgekortenor,gemdeel,huisnr,huisletter,huisnrtoevoeging,postcode,wplnaam,loctenopzichtevanadres,locoms,bladresregel1,bladresregel2,bladresregel3,bladresregel4,bladresregel5,bladresregel6,landgebied,indpersaangetroffenopadres) VALUES('22034','22034','1','1','3','20090701',null,null,'347','Biltstraat','Biltstraat',null,'101',null,null,'3572AL','Smalle Ee',null,null,null,null,null,null,null,null,'229',null);
INSERT INTO kern.persadres (id,pers,srt,rdnwijz,aangadresh,dataanvadresh,identcodeadresseerbaarobject,identcodenraand,gem,nor,afgekortenor,gemdeel,huisnr,huisletter,huisnrtoevoeging,postcode,wplnaam,loctenopzichtevanadres,locoms,bladresregel1,bladresregel2,bladresregel3,bladresregel4,bladresregel5,bladresregel6,landgebied,indpersaangetroffenopadres) VALUES('22035','22035','1','1','3','20090301',null,null,'347','Vredenburg ','Vredenburg ',null,'120',null,null,'3511BE','Smalle Ee',null,null,null,null,null,null,null,null,'229',null);
INSERT INTO kern.persadres (id,pers,srt,rdnwijz,aangadresh,dataanvadresh,identcodeadresseerbaarobject,identcodenraand,gem,nor,afgekortenor,gemdeel,huisnr,huisletter,huisnrtoevoeging,postcode,wplnaam,loctenopzichtevanadres,locoms,bladresregel1,bladresregel2,bladresregel3,bladresregel4,bladresregel5,bladresregel6,landgebied,indpersaangetroffenopadres) VALUES('22036','22036','1','1','3','20090301',null,null,'347','Vredenburg ','Vredenburg ',null,'120',null,null,'3511BE','Smalle Ee',null,null,null,null,null,null,null,null,'229',null);
INSERT INTO kern.persadres (id,pers,srt,rdnwijz,aangadresh,dataanvadresh,identcodeadresseerbaarobject,identcodenraand,gem,nor,afgekortenor,gemdeel,huisnr,huisletter,huisnrtoevoeging,postcode,wplnaam,loctenopzichtevanadres,locoms,bladresregel1,bladresregel2,bladresregel3,bladresregel4,bladresregel5,bladresregel6,landgebied,indpersaangetroffenopadres) VALUES('22037','22037','1','1','3','20090301',null,null,'347','Vredenburg ','Vredenburg ',null,'120',null,null,'3511BE','Smalle Ee',null,null,null,null,null,null,null,null,'229',null);
INSERT INTO kern.persadres (id,pers,srt,rdnwijz,aangadresh,dataanvadresh,identcodeadresseerbaarobject,identcodenraand,gem,nor,afgekortenor,gemdeel,huisnr,huisletter,huisnrtoevoeging,postcode,wplnaam,loctenopzichtevanadres,locoms,bladresregel1,bladresregel2,bladresregel3,bladresregel4,bladresregel5,bladresregel6,landgebied,indpersaangetroffenopadres) VALUES('22038','22038','1','1','3','20090301',null,null,'347','Vredenburg ','Vredenburg ',null,'120',null,null,'3511BE','Smalle Ee',null,null,null,null,null,null,null,null,'229',null);
INSERT INTO kern.persadres (id,pers,srt,rdnwijz,aangadresh,dataanvadresh,identcodeadresseerbaarobject,identcodenraand,gem,nor,afgekortenor,gemdeel,huisnr,huisletter,huisnrtoevoeging,postcode,wplnaam,loctenopzichtevanadres,locoms,bladresregel1,bladresregel2,bladresregel3,bladresregel4,bladresregel5,bladresregel6,landgebied,indpersaangetroffenopadres) VALUES('22039','22039','1','1','3','20120522',null,null,'347','Neude','Neude',null,'33',null,null,'3512AG','Smalle Ee',null,null,null,null,null,null,null,null,'229',null);
INSERT INTO kern.persadres (id,pers,srt,rdnwijz,aangadresh,dataanvadresh,identcodeadresseerbaarobject,identcodenraand,gem,nor,afgekortenor,gemdeel,huisnr,huisletter,huisnrtoevoeging,postcode,wplnaam,loctenopzichtevanadres,locoms,bladresregel1,bladresregel2,bladresregel3,bladresregel4,bladresregel5,bladresregel6,landgebied,indpersaangetroffenopadres) VALUES('22040','22040','1','2',null,'20010517',null,null,'347','Biltstraat','Biltstraat',null,'107',null,null,'3572AM','Smalle Ee',null,null,null,null,null,null,null,null,'229',null);
INSERT INTO kern.persadres (id,pers,srt,rdnwijz,aangadresh,dataanvadresh,identcodeadresseerbaarobject,identcodenraand,gem,nor,afgekortenor,gemdeel,huisnr,huisletter,huisnrtoevoeging,postcode,wplnaam,loctenopzichtevanadres,locoms,bladresregel1,bladresregel2,bladresregel3,bladresregel4,bladresregel5,bladresregel6,landgebied,indpersaangetroffenopadres) VALUES('22041','22041','1','1','3','20090201',null,null,'347','Vredenburg ','Vredenburg ',null,'124',null,null,'3511BE','Smalle Ee',null,null,null,null,null,null,null,null,'229',null);
INSERT INTO kern.persadres (id,pers,srt,rdnwijz,aangadresh,dataanvadresh,identcodeadresseerbaarobject,identcodenraand,gem,nor,afgekortenor,gemdeel,huisnr,huisletter,huisnrtoevoeging,postcode,wplnaam,loctenopzichtevanadres,locoms,bladresregel1,bladresregel2,bladresregel3,bladresregel4,bladresregel5,bladresregel6,landgebied,indpersaangetroffenopadres) VALUES('22042','22042','1','1','7','20010328',null,null,'347','Biltstraat','Biltstraat',null,'142',null,null,'3572BM','Smalle Ee',null,null,null,null,null,null,null,null,'229',null);
INSERT INTO kern.persadres (id,pers,srt,rdnwijz,aangadresh,dataanvadresh,identcodeadresseerbaarobject,identcodenraand,gem,nor,afgekortenor,gemdeel,huisnr,huisletter,huisnrtoevoeging,postcode,wplnaam,loctenopzichtevanadres,locoms,bladresregel1,bladresregel2,bladresregel3,bladresregel4,bladresregel5,bladresregel6,landgebied,indpersaangetroffenopadres) VALUES('22043','22043','1','1','3','19820528',null,null,'347','Biltstraat','Biltstraat',null,'142',null,null,'3572BM','Smalle Ee',null,null,null,null,null,null,null,null,'229',null);
INSERT INTO kern.persadres (id,pers,srt,rdnwijz,aangadresh,dataanvadresh,identcodeadresseerbaarobject,identcodenraand,gem,nor,afgekortenor,gemdeel,huisnr,huisletter,huisnrtoevoeging,postcode,wplnaam,loctenopzichtevanadres,locoms,bladresregel1,bladresregel2,bladresregel3,bladresregel4,bladresregel5,bladresregel6,landgebied,indpersaangetroffenopadres) VALUES('22044','22044','1','1','3','20010328',null,null,'347','Vredenburg','Vredenburg',null,'114',null,null,'3511BE','Smalle Ee',null,null,null,null,null,null,null,null,'229',null);
INSERT INTO kern.persadres (id,pers,srt,rdnwijz,aangadresh,dataanvadresh,identcodeadresseerbaarobject,identcodenraand,gem,nor,afgekortenor,gemdeel,huisnr,huisletter,huisnrtoevoeging,postcode,wplnaam,loctenopzichtevanadres,locoms,bladresregel1,bladresregel2,bladresregel3,bladresregel4,bladresregel5,bladresregel6,landgebied,indpersaangetroffenopadres) VALUES('22045','22045','1','1','7','19911002',null,null,'347','Vredenburg','Vredenburg',null,'114',null,null,'3511BE','Smalle Ee',null,null,null,null,null,null,null,null,'229',null);

commit;


--------------------------------------------------
--- EIND
--- Sheet: (persadres)
--- Handler: SheetHandlerImplSimpleInsert
--- Aantal: (45)
--------------------------------------------------
--------------------------------------------------
--- START
--- Sheet: (his_persadres)
--- Handler: SheetHandlerImplSimpleInsert
--------------------------------------------------

begin;

INSERT INTO kern.his_persadres (id,persadres,dataanvgel,dateindegel,tsreg,tsverval,actieinh,actieverval,actieaanpgel,srt,rdnwijz,aangadresh,dataanvadresh,identcodeadresseerbaarobject,identcodenraand,gem,nor,afgekortenor,gemdeel,huisnr,huisletter,huisnrtoevoeging,postcode,wplnaam,loctenopzichtevanadres,locoms,bladresregel1,bladresregel2,bladresregel3,bladresregel4,bladresregel5,bladresregel6,landgebied,indpersaangetroffenopadres,nadereaandverval) VALUES('23000','22001','20050328',null,'20050328',null,'23000',null,null,'1','1','7','20050328',null,null,'347','Vredenburg','Vredenburg',null,'3',null,null,'3511BA','Smalle Ee',null,null,null,null,null,null,null,null,'229',null,null);
INSERT INTO kern.his_persadres (id,persadres,dataanvgel,dateindegel,tsreg,tsverval,actieinh,actieverval,actieaanpgel,srt,rdnwijz,aangadresh,dataanvadresh,identcodeadresseerbaarobject,identcodenraand,gem,nor,afgekortenor,gemdeel,huisnr,huisletter,huisnrtoevoeging,postcode,wplnaam,loctenopzichtevanadres,locoms,bladresregel1,bladresregel2,bladresregel3,bladresregel4,bladresregel5,bladresregel6,landgebied,indpersaangetroffenopadres,nadereaandverval) VALUES('22999','22001','20030327','20050328','20050328',null,'22999',null,'23000','1','1','3','20030327',null,null,'229','Zonegge','Zonegge',null,'1',null,null,'6901KT',null,null,null,null,null,null,null,null,null,'229',null,null);
INSERT INTO kern.his_persadres (id,persadres,dataanvgel,dateindegel,tsreg,tsverval,actieinh,actieverval,actieaanpgel,srt,rdnwijz,aangadresh,dataanvadresh,identcodeadresseerbaarobject,identcodenraand,gem,nor,afgekortenor,gemdeel,huisnr,huisletter,huisnrtoevoeging,postcode,wplnaam,loctenopzichtevanadres,locoms,bladresregel1,bladresregel2,bladresregel3,bladresregel4,bladresregel5,bladresregel6,landgebied,indpersaangetroffenopadres,nadereaandverval) VALUES('22998','22001','20030327',null,'20030327','20050328','22999','23000',null,'1','1','3','20030327',null,null,'229','Zonegge','Zonegge',null,'1',null,null,'6901KT',null,null,null,null,null,null,null,null,null,'229',null,null);
INSERT INTO kern.his_persadres (id,persadres,dataanvgel,dateindegel,tsreg,tsverval,actieinh,actieverval,actieaanpgel,srt,rdnwijz,aangadresh,dataanvadresh,identcodeadresseerbaarobject,identcodenraand,gem,nor,afgekortenor,gemdeel,huisnr,huisletter,huisnrtoevoeging,postcode,wplnaam,loctenopzichtevanadres,locoms,bladresregel1,bladresregel2,bladresregel3,bladresregel4,bladresregel5,bladresregel6,landgebied,indpersaangetroffenopadres,nadereaandverval) VALUES('22997','22001','19811002','20030327','20030327',null,'22998',null,'22999','1','2',null,'19811002',null,null,'521','Langnekstraat','Langnekstraat',null,'9',null,null,'2572JN',null,null,null,null,null,null,null,null,null,'229',null,null);
INSERT INTO kern.his_persadres (id,persadres,dataanvgel,dateindegel,tsreg,tsverval,actieinh,actieverval,actieaanpgel,srt,rdnwijz,aangadresh,dataanvadresh,identcodeadresseerbaarobject,identcodenraand,gem,nor,afgekortenor,gemdeel,huisnr,huisletter,huisnrtoevoeging,postcode,wplnaam,loctenopzichtevanadres,locoms,bladresregel1,bladresregel2,bladresregel3,bladresregel4,bladresregel5,bladresregel6,landgebied,indpersaangetroffenopadres,nadereaandverval) VALUES('22996','22001','19811002',null,'19811002','20030327','22998','22999',null,'1','2',null,'19811002',null,null,'521','Langnekstraat','Langnekstraat',null,'9',null,null,'2572JN',null,null,null,null,null,null,null,null,null,'229',null,null);
INSERT INTO kern.his_persadres (id,persadres,dataanvgel,dateindegel,tsreg,tsverval,actieinh,actieverval,actieaanpgel,srt,rdnwijz,aangadresh,dataanvadresh,identcodeadresseerbaarobject,identcodenraand,gem,nor,afgekortenor,gemdeel,huisnr,huisletter,huisnrtoevoeging,postcode,wplnaam,loctenopzichtevanadres,locoms,bladresregel1,bladresregel2,bladresregel3,bladresregel4,bladresregel5,bladresregel6,landgebied,indpersaangetroffenopadres,nadereaandverval) VALUES('22995','22002','20050328',null,'20050328',null,'22997',null,null,'1','1','3','20050328',null,null,'347','Vredenburg','Vredenburg',null,'3',null,null,'3511BA','Smalle Ee',null,null,null,null,null,null,null,null,'229',null,null);
INSERT INTO kern.his_persadres (id,persadres,dataanvgel,dateindegel,tsreg,tsverval,actieinh,actieverval,actieaanpgel,srt,rdnwijz,aangadresh,dataanvadresh,identcodeadresseerbaarobject,identcodenraand,gem,nor,afgekortenor,gemdeel,huisnr,huisletter,huisnrtoevoeging,postcode,wplnaam,loctenopzichtevanadres,locoms,bladresregel1,bladresregel2,bladresregel3,bladresregel4,bladresregel5,bladresregel6,landgebied,indpersaangetroffenopadres,nadereaandverval) VALUES('22994','22002','20030327','20050328','20050328',null,'22996',null,'22997','1','1','7','20030327',null,null,'229','Zonegge','Zonegge',null,'1',null,null,'6901KT',null,null,null,null,null,null,null,null,null,'229',null,null);
INSERT INTO kern.his_persadres (id,persadres,dataanvgel,dateindegel,tsreg,tsverval,actieinh,actieverval,actieaanpgel,srt,rdnwijz,aangadresh,dataanvadresh,identcodeadresseerbaarobject,identcodenraand,gem,nor,afgekortenor,gemdeel,huisnr,huisletter,huisnrtoevoeging,postcode,wplnaam,loctenopzichtevanadres,locoms,bladresregel1,bladresregel2,bladresregel3,bladresregel4,bladresregel5,bladresregel6,landgebied,indpersaangetroffenopadres,nadereaandverval) VALUES('22993','22002','20030327',null,'20030327','20050328','22996','22997',null,'1','1','7','20030327',null,null,'229','Zonegge','Zonegge',null,'1',null,null,'6901KT',null,null,null,null,null,null,null,null,null,'229',null,null);
INSERT INTO kern.his_persadres (id,persadres,dataanvgel,dateindegel,tsreg,tsverval,actieinh,actieverval,actieaanpgel,srt,rdnwijz,aangadresh,dataanvadresh,identcodeadresseerbaarobject,identcodenraand,gem,nor,afgekortenor,gemdeel,huisnr,huisletter,huisnrtoevoeging,postcode,wplnaam,loctenopzichtevanadres,locoms,bladresregel1,bladresregel2,bladresregel3,bladresregel4,bladresregel5,bladresregel6,landgebied,indpersaangetroffenopadres,nadereaandverval) VALUES('22992','22002','19820528','20030327','20030327',null,'22995',null,'22996','1','2',null,'19820528',null,null,'602','Stuart Millstraat','Stuart Millstraat',null,'24',null,null,'2554AJ',null,null,null,null,null,null,null,null,null,'229',null,null);
INSERT INTO kern.his_persadres (id,persadres,dataanvgel,dateindegel,tsreg,tsverval,actieinh,actieverval,actieaanpgel,srt,rdnwijz,aangadresh,dataanvadresh,identcodeadresseerbaarobject,identcodenraand,gem,nor,afgekortenor,gemdeel,huisnr,huisletter,huisnrtoevoeging,postcode,wplnaam,loctenopzichtevanadres,locoms,bladresregel1,bladresregel2,bladresregel3,bladresregel4,bladresregel5,bladresregel6,landgebied,indpersaangetroffenopadres,nadereaandverval) VALUES('22991','22002','19820528',null,'19820528','20030327','22995','22996',null,'1','2',null,'19820528',null,null,'602','Stuart Millstraat','Stuart Millstraat',null,'24',null,null,'2554AJ',null,null,null,null,null,null,null,null,null,'229',null,null);
INSERT INTO kern.his_persadres (id,persadres,dataanvgel,dateindegel,tsreg,tsverval,actieinh,actieverval,actieaanpgel,srt,rdnwijz,aangadresh,dataanvadresh,identcodeadresseerbaarobject,identcodenraand,gem,nor,afgekortenor,gemdeel,huisnr,huisletter,huisnrtoevoeging,postcode,wplnaam,loctenopzichtevanadres,locoms,bladresregel1,bladresregel2,bladresregel3,bladresregel4,bladresregel5,bladresregel6,landgebied,indpersaangetroffenopadres,nadereaandverval) VALUES('22990','22003','19901201',null,'19901201',null,'22994',null,null,'1','1','3','19901201',null,null,'347','Neude','Neude',null,'11',null,null,'3512AE','Smalle Ee',null,null,null,null,null,null,null,null,'229',null,null);
INSERT INTO kern.his_persadres (id,persadres,dataanvgel,dateindegel,tsreg,tsverval,actieinh,actieverval,actieaanpgel,srt,rdnwijz,aangadresh,dataanvadresh,identcodeadresseerbaarobject,identcodenraand,gem,nor,afgekortenor,gemdeel,huisnr,huisletter,huisnrtoevoeging,postcode,wplnaam,loctenopzichtevanadres,locoms,bladresregel1,bladresregel2,bladresregel3,bladresregel4,bladresregel5,bladresregel6,landgebied,indpersaangetroffenopadres,nadereaandverval) VALUES('22989','22003','19901111','19901201','19901201',null,'22993',null,'22994','1','1','3','19901111',null,null,'950','Achillesstraat','Achillesstraat',null,'34',null,null,'6165RA',null,null,null,null,null,null,null,null,null,'229',null,null);
INSERT INTO kern.his_persadres (id,persadres,dataanvgel,dateindegel,tsreg,tsverval,actieinh,actieverval,actieaanpgel,srt,rdnwijz,aangadresh,dataanvadresh,identcodeadresseerbaarobject,identcodenraand,gem,nor,afgekortenor,gemdeel,huisnr,huisletter,huisnrtoevoeging,postcode,wplnaam,loctenopzichtevanadres,locoms,bladresregel1,bladresregel2,bladresregel3,bladresregel4,bladresregel5,bladresregel6,landgebied,indpersaangetroffenopadres,nadereaandverval) VALUES('22988','22003','19901111',null,'19901111','19901201','22993','22994',null,'1','1','3','19901111',null,null,'950','Achillesstraat','Achillesstraat',null,'34',null,null,'6165RA',null,null,null,null,null,null,null,null,null,'229',null,null);
INSERT INTO kern.his_persadres (id,persadres,dataanvgel,dateindegel,tsreg,tsverval,actieinh,actieverval,actieaanpgel,srt,rdnwijz,aangadresh,dataanvadresh,identcodeadresseerbaarobject,identcodenraand,gem,nor,afgekortenor,gemdeel,huisnr,huisletter,huisnrtoevoeging,postcode,wplnaam,loctenopzichtevanadres,locoms,bladresregel1,bladresregel2,bladresregel3,bladresregel4,bladresregel5,bladresregel6,landgebied,indpersaangetroffenopadres,nadereaandverval) VALUES('22987','22003','19660302','19901111','19901111',null,'22992',null,'22993','1','2',null,'19660302',null,null,'521','Langnekstraat','Langnekstraat',null,'7',null,null,'2572JN',null,null,null,null,null,null,null,null,null,'229',null,null);
INSERT INTO kern.his_persadres (id,persadres,dataanvgel,dateindegel,tsreg,tsverval,actieinh,actieverval,actieaanpgel,srt,rdnwijz,aangadresh,dataanvadresh,identcodeadresseerbaarobject,identcodenraand,gem,nor,afgekortenor,gemdeel,huisnr,huisletter,huisnrtoevoeging,postcode,wplnaam,loctenopzichtevanadres,locoms,bladresregel1,bladresregel2,bladresregel3,bladresregel4,bladresregel5,bladresregel6,landgebied,indpersaangetroffenopadres,nadereaandverval) VALUES('22986','22003','19660302',null,'19660302','19901111','22992','22993',null,'1','2',null,'19660302',null,null,'521','Langnekstraat','Langnekstraat',null,'7',null,null,'2572JN',null,null,null,null,null,null,null,null,null,'229',null,null);
INSERT INTO kern.his_persadres (id,persadres,dataanvgel,dateindegel,tsreg,tsverval,actieinh,actieverval,actieaanpgel,srt,rdnwijz,aangadresh,dataanvadresh,identcodeadresseerbaarobject,identcodenraand,gem,nor,afgekortenor,gemdeel,huisnr,huisletter,huisnrtoevoeging,postcode,wplnaam,loctenopzichtevanadres,locoms,bladresregel1,bladresregel2,bladresregel3,bladresregel4,bladresregel5,bladresregel6,landgebied,indpersaangetroffenopadres,nadereaandverval) VALUES('22985','22004','19901201',null,'19901201',null,'22991',null,null,'1','1','7','19901201',null,null,'347','Neude','Neude',null,'13',null,null,'3512AE','Smalle Ee',null,null,null,null,null,null,null,null,'229',null,null);
INSERT INTO kern.his_persadres (id,persadres,dataanvgel,dateindegel,tsreg,tsverval,actieinh,actieverval,actieaanpgel,srt,rdnwijz,aangadresh,dataanvadresh,identcodeadresseerbaarobject,identcodenraand,gem,nor,afgekortenor,gemdeel,huisnr,huisletter,huisnrtoevoeging,postcode,wplnaam,loctenopzichtevanadres,locoms,bladresregel1,bladresregel2,bladresregel3,bladresregel4,bladresregel5,bladresregel6,landgebied,indpersaangetroffenopadres,nadereaandverval) VALUES('22984','22004','19901111','19901201','19901201',null,'22990',null,'22991','1','1','7','19901111',null,null,'950','Achillesstraat','Achillesstraat',null,'34',null,null,'6165RA',null,null,null,null,null,null,null,null,null,'229',null,null);
INSERT INTO kern.his_persadres (id,persadres,dataanvgel,dateindegel,tsreg,tsverval,actieinh,actieverval,actieaanpgel,srt,rdnwijz,aangadresh,dataanvadresh,identcodeadresseerbaarobject,identcodenraand,gem,nor,afgekortenor,gemdeel,huisnr,huisletter,huisnrtoevoeging,postcode,wplnaam,loctenopzichtevanadres,locoms,bladresregel1,bladresregel2,bladresregel3,bladresregel4,bladresregel5,bladresregel6,landgebied,indpersaangetroffenopadres,nadereaandverval) VALUES('22983','22004','19901111',null,'19901111','19901201','22990','22991',null,'1','1','7','19901111',null,null,'950','Achillesstraat','Achillesstraat',null,'34',null,null,'6165RA',null,null,null,null,null,null,null,null,null,'229',null,null);
INSERT INTO kern.his_persadres (id,persadres,dataanvgel,dateindegel,tsreg,tsverval,actieinh,actieverval,actieaanpgel,srt,rdnwijz,aangadresh,dataanvadresh,identcodeadresseerbaarobject,identcodenraand,gem,nor,afgekortenor,gemdeel,huisnr,huisletter,huisnrtoevoeging,postcode,wplnaam,loctenopzichtevanadres,locoms,bladresregel1,bladresregel2,bladresregel3,bladresregel4,bladresregel5,bladresregel6,landgebied,indpersaangetroffenopadres,nadereaandverval) VALUES('22982','22004','19691227','19901111','19901111',null,'22989',null,'22990','1','2',null,'19691227',null,null,'347','Rhônedreef','Rhônedreef',null,'45',null,null,'3561VA',null,null,null,null,null,null,null,null,null,'229',null,null);
INSERT INTO kern.his_persadres (id,persadres,dataanvgel,dateindegel,tsreg,tsverval,actieinh,actieverval,actieaanpgel,srt,rdnwijz,aangadresh,dataanvadresh,identcodeadresseerbaarobject,identcodenraand,gem,nor,afgekortenor,gemdeel,huisnr,huisletter,huisnrtoevoeging,postcode,wplnaam,loctenopzichtevanadres,locoms,bladresregel1,bladresregel2,bladresregel3,bladresregel4,bladresregel5,bladresregel6,landgebied,indpersaangetroffenopadres,nadereaandverval) VALUES('22981','22004','19691227',null,'19691227','19901111','22989','22990',null,'1','2',null,'19691227',null,null,'347','Rhônedreef','Rhônedreef',null,'45',null,null,'3561VA',null,null,null,null,null,null,null,null,null,'229',null,null);
INSERT INTO kern.his_persadres (id,persadres,dataanvgel,dateindegel,tsreg,tsverval,actieinh,actieverval,actieaanpgel,srt,rdnwijz,aangadresh,dataanvadresh,identcodeadresseerbaarobject,identcodenraand,gem,nor,afgekortenor,gemdeel,huisnr,huisletter,huisnrtoevoeging,postcode,wplnaam,loctenopzichtevanadres,locoms,bladresregel1,bladresregel2,bladresregel3,bladresregel4,bladresregel5,bladresregel6,landgebied,indpersaangetroffenopadres,nadereaandverval) VALUES('22980','22005','19981201',null,'19981201',null,'22988',null,null,'1','1','3','19981201',null,null,'347','Biltstraat','Biltstraat',null,'5',null,null,'3572AA','Smalle Ee',null,null,null,null,null,null,null,null,'229',null,null);
INSERT INTO kern.his_persadres (id,persadres,dataanvgel,dateindegel,tsreg,tsverval,actieinh,actieverval,actieaanpgel,srt,rdnwijz,aangadresh,dataanvadresh,identcodeadresseerbaarobject,identcodenraand,gem,nor,afgekortenor,gemdeel,huisnr,huisletter,huisnrtoevoeging,postcode,wplnaam,loctenopzichtevanadres,locoms,bladresregel1,bladresregel2,bladresregel3,bladresregel4,bladresregel5,bladresregel6,landgebied,indpersaangetroffenopadres,nadereaandverval) VALUES('22979','22005','19970605','19981201','19981201',null,'22987',null,'22988','1','1','7','19970605',null,null,'403','Anthonij Miechielsz van Voorthuijsenstraat','A M v Voorthuijsenstr',null,'67',null,null,'1785LG',null,null,null,null,null,null,null,null,null,'229',null,null);
INSERT INTO kern.his_persadres (id,persadres,dataanvgel,dateindegel,tsreg,tsverval,actieinh,actieverval,actieaanpgel,srt,rdnwijz,aangadresh,dataanvadresh,identcodeadresseerbaarobject,identcodenraand,gem,nor,afgekortenor,gemdeel,huisnr,huisletter,huisnrtoevoeging,postcode,wplnaam,loctenopzichtevanadres,locoms,bladresregel1,bladresregel2,bladresregel3,bladresregel4,bladresregel5,bladresregel6,landgebied,indpersaangetroffenopadres,nadereaandverval) VALUES('22978','22005','19970605',null,'19970605','19981201','22987','22988',null,'1','1','7','19970605',null,null,'403','Anthonij Miechielsz van Voorthuijsenstraat','A M v Voorthuijsenstr',null,'67',null,null,'1785LG',null,null,null,null,null,null,null,null,null,'229',null,null);
INSERT INTO kern.his_persadres (id,persadres,dataanvgel,dateindegel,tsreg,tsverval,actieinh,actieverval,actieaanpgel,srt,rdnwijz,aangadresh,dataanvadresh,identcodeadresseerbaarobject,identcodenraand,gem,nor,afgekortenor,gemdeel,huisnr,huisletter,huisnrtoevoeging,postcode,wplnaam,loctenopzichtevanadres,locoms,bladresregel1,bladresregel2,bladresregel3,bladresregel4,bladresregel5,bladresregel6,landgebied,indpersaangetroffenopadres,nadereaandverval) VALUES('22977','22005','19710717','19970605','19970605',null,'22986',null,'22987','1','2',null,'19710717',null,null,'347','Westduëlstraat','Westduëlstraat',null,'23',null,null,'3082RV',null,null,null,null,null,null,null,null,null,'229',null,null);
INSERT INTO kern.his_persadres (id,persadres,dataanvgel,dateindegel,tsreg,tsverval,actieinh,actieverval,actieaanpgel,srt,rdnwijz,aangadresh,dataanvadresh,identcodeadresseerbaarobject,identcodenraand,gem,nor,afgekortenor,gemdeel,huisnr,huisletter,huisnrtoevoeging,postcode,wplnaam,loctenopzichtevanadres,locoms,bladresregel1,bladresregel2,bladresregel3,bladresregel4,bladresregel5,bladresregel6,landgebied,indpersaangetroffenopadres,nadereaandverval) VALUES('22976','22005','19710717',null,'19710717','19970605','22986','22987',null,'1','2',null,'19710717',null,null,'347','Westduëlstraat','Westduëlstraat',null,'23',null,null,'3082RV',null,null,null,null,null,null,null,null,null,'229',null,null);
INSERT INTO kern.his_persadres (id,persadres,dataanvgel,dateindegel,tsreg,tsverval,actieinh,actieverval,actieaanpgel,srt,rdnwijz,aangadresh,dataanvadresh,identcodeadresseerbaarobject,identcodenraand,gem,nor,afgekortenor,gemdeel,huisnr,huisletter,huisnrtoevoeging,postcode,wplnaam,loctenopzichtevanadres,locoms,bladresregel1,bladresregel2,bladresregel3,bladresregel4,bladresregel5,bladresregel6,landgebied,indpersaangetroffenopadres,nadereaandverval) VALUES('22975','22006','19981201',null,'19981201',null,'22985',null,null,'1','1','7','19981201',null,null,'347','Biltstraat','Biltstraat',null,'5',null,null,'3572AA','Smalle Ee',null,null,null,null,null,null,null,null,'229',null,null);
INSERT INTO kern.his_persadres (id,persadres,dataanvgel,dateindegel,tsreg,tsverval,actieinh,actieverval,actieaanpgel,srt,rdnwijz,aangadresh,dataanvadresh,identcodeadresseerbaarobject,identcodenraand,gem,nor,afgekortenor,gemdeel,huisnr,huisletter,huisnrtoevoeging,postcode,wplnaam,loctenopzichtevanadres,locoms,bladresregel1,bladresregel2,bladresregel3,bladresregel4,bladresregel5,bladresregel6,landgebied,indpersaangetroffenopadres,nadereaandverval) VALUES('22974','22006','19970605','19981201','19981201',null,'22984',null,'22985','1','1','3','19970605',null,null,'403','Anthonij Miechielsz van Voorthuijsenstraat','A M v Voorthuijsenstr',null,'67',null,null,'1785LG',null,null,null,null,null,null,null,null,null,'229',null,null);
INSERT INTO kern.his_persadres (id,persadres,dataanvgel,dateindegel,tsreg,tsverval,actieinh,actieverval,actieaanpgel,srt,rdnwijz,aangadresh,dataanvadresh,identcodeadresseerbaarobject,identcodenraand,gem,nor,afgekortenor,gemdeel,huisnr,huisletter,huisnrtoevoeging,postcode,wplnaam,loctenopzichtevanadres,locoms,bladresregel1,bladresregel2,bladresregel3,bladresregel4,bladresregel5,bladresregel6,landgebied,indpersaangetroffenopadres,nadereaandverval) VALUES('22973','22006','19970605',null,'19970605','19981201','22984','22985',null,'1','1','3','19970605',null,null,'403','Anthonij Miechielsz van Voorthuijsenstraat','A M v Voorthuijsenstr',null,'67',null,null,'1785LG',null,null,null,null,null,null,null,null,null,'229',null,null);
INSERT INTO kern.his_persadres (id,persadres,dataanvgel,dateindegel,tsreg,tsverval,actieinh,actieverval,actieaanpgel,srt,rdnwijz,aangadresh,dataanvadresh,identcodeadresseerbaarobject,identcodenraand,gem,nor,afgekortenor,gemdeel,huisnr,huisletter,huisnrtoevoeging,postcode,wplnaam,loctenopzichtevanadres,locoms,bladresregel1,bladresregel2,bladresregel3,bladresregel4,bladresregel5,bladresregel6,landgebied,indpersaangetroffenopadres,nadereaandverval) VALUES('22972','22006','19720928','19970605','19970605',null,'22983',null,'22984','1','2',null,'19720928',null,null,'366','Bonairestraat','Bonairestraat',null,'23',null,null,'1058XC',null,null,null,null,null,null,null,null,null,'229',null,null);
INSERT INTO kern.his_persadres (id,persadres,dataanvgel,dateindegel,tsreg,tsverval,actieinh,actieverval,actieaanpgel,srt,rdnwijz,aangadresh,dataanvadresh,identcodeadresseerbaarobject,identcodenraand,gem,nor,afgekortenor,gemdeel,huisnr,huisletter,huisnrtoevoeging,postcode,wplnaam,loctenopzichtevanadres,locoms,bladresregel1,bladresregel2,bladresregel3,bladresregel4,bladresregel5,bladresregel6,landgebied,indpersaangetroffenopadres,nadereaandverval) VALUES('22971','22006','19720928',null,'19720928','19970605','22983','22984',null,'1','2',null,'19720928',null,null,'366','Bonairestraat','Bonairestraat',null,'23',null,null,'1058XC',null,null,null,null,null,null,null,null,null,'229',null,null);
INSERT INTO kern.his_persadres (id,persadres,dataanvgel,dateindegel,tsreg,tsverval,actieinh,actieverval,actieaanpgel,srt,rdnwijz,aangadresh,dataanvadresh,identcodeadresseerbaarobject,identcodenraand,gem,nor,afgekortenor,gemdeel,huisnr,huisletter,huisnrtoevoeging,postcode,wplnaam,loctenopzichtevanadres,locoms,bladresregel1,bladresregel2,bladresregel3,bladresregel4,bladresregel5,bladresregel6,landgebied,indpersaangetroffenopadres,nadereaandverval) VALUES('22970','22007','20110205',null,'20110205',null,'22982',null,null,'1','1','7','20110205',null,null,'347','Vredenburg','Vredenburg',null,'22',null,null,'3511BB','Smalle Ee',null,null,null,null,null,null,null,null,'229',null,null);
INSERT INTO kern.his_persadres (id,persadres,dataanvgel,dateindegel,tsreg,tsverval,actieinh,actieverval,actieaanpgel,srt,rdnwijz,aangadresh,dataanvadresh,identcodeadresseerbaarobject,identcodenraand,gem,nor,afgekortenor,gemdeel,huisnr,huisletter,huisnrtoevoeging,postcode,wplnaam,loctenopzichtevanadres,locoms,bladresregel1,bladresregel2,bladresregel3,bladresregel4,bladresregel5,bladresregel6,landgebied,indpersaangetroffenopadres,nadereaandverval) VALUES('22969','22007','20031024','20110205','20110205',null,'22981',null,'22982','1','1','7','20031024',null,null,'1415','Rafaëlweg','Rafaëlweg',null,'8',null,null,'6114BZ',null,null,null,null,null,null,null,null,null,'229',null,null);
INSERT INTO kern.his_persadres (id,persadres,dataanvgel,dateindegel,tsreg,tsverval,actieinh,actieverval,actieaanpgel,srt,rdnwijz,aangadresh,dataanvadresh,identcodeadresseerbaarobject,identcodenraand,gem,nor,afgekortenor,gemdeel,huisnr,huisletter,huisnrtoevoeging,postcode,wplnaam,loctenopzichtevanadres,locoms,bladresregel1,bladresregel2,bladresregel3,bladresregel4,bladresregel5,bladresregel6,landgebied,indpersaangetroffenopadres,nadereaandverval) VALUES('22968','22007','20031024',null,'20031024','20110205','22981','22982',null,'1','1','7','20031024',null,null,'1415','Rafaëlweg','Rafaëlweg',null,'8',null,null,'6114BZ',null,null,null,null,null,null,null,null,null,'229',null,null);
INSERT INTO kern.his_persadres (id,persadres,dataanvgel,dateindegel,tsreg,tsverval,actieinh,actieverval,actieaanpgel,srt,rdnwijz,aangadresh,dataanvadresh,identcodeadresseerbaarobject,identcodenraand,gem,nor,afgekortenor,gemdeel,huisnr,huisletter,huisnrtoevoeging,postcode,wplnaam,loctenopzichtevanadres,locoms,bladresregel1,bladresregel2,bladresregel3,bladresregel4,bladresregel5,bladresregel6,landgebied,indpersaangetroffenopadres,nadereaandverval) VALUES('22967','22007','19800616','20031024','20031024',null,'22980',null,'22981','1','2',null,'19800616',null,null,'602','Jan Steenstraat','Jan Steenstraat',null,'132',null,null,'3042AL',null,null,null,null,null,null,null,null,null,'229',null,null);
INSERT INTO kern.his_persadres (id,persadres,dataanvgel,dateindegel,tsreg,tsverval,actieinh,actieverval,actieaanpgel,srt,rdnwijz,aangadresh,dataanvadresh,identcodeadresseerbaarobject,identcodenraand,gem,nor,afgekortenor,gemdeel,huisnr,huisletter,huisnrtoevoeging,postcode,wplnaam,loctenopzichtevanadres,locoms,bladresregel1,bladresregel2,bladresregel3,bladresregel4,bladresregel5,bladresregel6,landgebied,indpersaangetroffenopadres,nadereaandverval) VALUES('22966','22007','19800616',null,'19800616','20031024','22980','22981',null,'1','2',null,'19800616',null,null,'602','Jan Steenstraat','Jan Steenstraat',null,'132',null,null,'3042AL',null,null,null,null,null,null,null,null,null,'229',null,null);
INSERT INTO kern.his_persadres (id,persadres,dataanvgel,dateindegel,tsreg,tsverval,actieinh,actieverval,actieaanpgel,srt,rdnwijz,aangadresh,dataanvadresh,identcodeadresseerbaarobject,identcodenraand,gem,nor,afgekortenor,gemdeel,huisnr,huisletter,huisnrtoevoeging,postcode,wplnaam,loctenopzichtevanadres,locoms,bladresregel1,bladresregel2,bladresregel3,bladresregel4,bladresregel5,bladresregel6,landgebied,indpersaangetroffenopadres,nadereaandverval) VALUES('22965','22008','20110205',null,'20110205',null,'22979',null,null,'1','1','3','20110205',null,null,'347','Vredenburg','Vredenburg',null,'22',null,null,'3511BB','Smalle Ee',null,null,null,null,null,null,null,null,'229',null,null);
INSERT INTO kern.his_persadres (id,persadres,dataanvgel,dateindegel,tsreg,tsverval,actieinh,actieverval,actieaanpgel,srt,rdnwijz,aangadresh,dataanvadresh,identcodeadresseerbaarobject,identcodenraand,gem,nor,afgekortenor,gemdeel,huisnr,huisletter,huisnrtoevoeging,postcode,wplnaam,loctenopzichtevanadres,locoms,bladresregel1,bladresregel2,bladresregel3,bladresregel4,bladresregel5,bladresregel6,landgebied,indpersaangetroffenopadres,nadereaandverval) VALUES('22964','22008','20031024','20110205','20110205',null,'22978',null,'22979','1','1','3','20031024',null,null,'1415','Rafaëlweg','Rafaëlweg',null,'8',null,null,'6114BZ',null,null,null,null,null,null,null,null,null,'229',null,null);
INSERT INTO kern.his_persadres (id,persadres,dataanvgel,dateindegel,tsreg,tsverval,actieinh,actieverval,actieaanpgel,srt,rdnwijz,aangadresh,dataanvadresh,identcodeadresseerbaarobject,identcodenraand,gem,nor,afgekortenor,gemdeel,huisnr,huisletter,huisnrtoevoeging,postcode,wplnaam,loctenopzichtevanadres,locoms,bladresregel1,bladresregel2,bladresregel3,bladresregel4,bladresregel5,bladresregel6,landgebied,indpersaangetroffenopadres,nadereaandverval) VALUES('22963','22008','20031024',null,'20031024','20110205','22978','22979',null,'1','1','3','20031024',null,null,'1415','Rafaëlweg','Rafaëlweg',null,'8',null,null,'6114BZ',null,null,null,null,null,null,null,null,null,'229',null,null);
INSERT INTO kern.his_persadres (id,persadres,dataanvgel,dateindegel,tsreg,tsverval,actieinh,actieverval,actieaanpgel,srt,rdnwijz,aangadresh,dataanvadresh,identcodeadresseerbaarobject,identcodenraand,gem,nor,afgekortenor,gemdeel,huisnr,huisletter,huisnrtoevoeging,postcode,wplnaam,loctenopzichtevanadres,locoms,bladresregel1,bladresregel2,bladresregel3,bladresregel4,bladresregel5,bladresregel6,landgebied,indpersaangetroffenopadres,nadereaandverval) VALUES('22962','22008','19810418','20031024','20031024',null,'22977',null,'22978','1','2',null,'19810418',null,null,'347','Westerkade','Westerkade',null,'412',null,null,'3511HB',null,null,null,null,null,null,null,null,null,'229',null,null);
INSERT INTO kern.his_persadres (id,persadres,dataanvgel,dateindegel,tsreg,tsverval,actieinh,actieverval,actieaanpgel,srt,rdnwijz,aangadresh,dataanvadresh,identcodeadresseerbaarobject,identcodenraand,gem,nor,afgekortenor,gemdeel,huisnr,huisletter,huisnrtoevoeging,postcode,wplnaam,loctenopzichtevanadres,locoms,bladresregel1,bladresregel2,bladresregel3,bladresregel4,bladresregel5,bladresregel6,landgebied,indpersaangetroffenopadres,nadereaandverval) VALUES('22961','22008','19810418',null,'19810418','20031024','22977','22978',null,'1','2',null,'19810418',null,null,'347','Westerkade','Westerkade',null,'412',null,null,'3511HB',null,null,null,null,null,null,null,null,null,'229',null,null);
INSERT INTO kern.his_persadres (id,persadres,dataanvgel,dateindegel,tsreg,tsverval,actieinh,actieverval,actieaanpgel,srt,rdnwijz,aangadresh,dataanvadresh,identcodeadresseerbaarobject,identcodenraand,gem,nor,afgekortenor,gemdeel,huisnr,huisletter,huisnrtoevoeging,postcode,wplnaam,loctenopzichtevanadres,locoms,bladresregel1,bladresregel2,bladresregel3,bladresregel4,bladresregel5,bladresregel6,landgebied,indpersaangetroffenopadres,nadereaandverval) VALUES('22960','22009','20110205',null,'20110205',null,'22976',null,null,'1','1','6','20110205',null,null,'347','Vredenburg','Vredenburg',null,'22',null,null,'3511BB','Smalle Ee',null,null,null,null,null,null,null,null,'229',null,null);
INSERT INTO kern.his_persadres (id,persadres,dataanvgel,dateindegel,tsreg,tsverval,actieinh,actieverval,actieaanpgel,srt,rdnwijz,aangadresh,dataanvadresh,identcodeadresseerbaarobject,identcodenraand,gem,nor,afgekortenor,gemdeel,huisnr,huisletter,huisnrtoevoeging,postcode,wplnaam,loctenopzichtevanadres,locoms,bladresregel1,bladresregel2,bladresregel3,bladresregel4,bladresregel5,bladresregel6,landgebied,indpersaangetroffenopadres,nadereaandverval) VALUES('22959','22009','20031226','20110205','20110205',null,'22975',null,'22976','1','2',null,'20031226',null,null,'1415','Rafaëlweg','Rafaëlweg',null,'7',null,null,'6114BZ',null,null,null,null,null,null,null,null,null,'229',null,null);
INSERT INTO kern.his_persadres (id,persadres,dataanvgel,dateindegel,tsreg,tsverval,actieinh,actieverval,actieaanpgel,srt,rdnwijz,aangadresh,dataanvadresh,identcodeadresseerbaarobject,identcodenraand,gem,nor,afgekortenor,gemdeel,huisnr,huisletter,huisnrtoevoeging,postcode,wplnaam,loctenopzichtevanadres,locoms,bladresregel1,bladresregel2,bladresregel3,bladresregel4,bladresregel5,bladresregel6,landgebied,indpersaangetroffenopadres,nadereaandverval) VALUES('22958','22009','20031226',null,'20031226','20110205','22975','22976',null,'1','2',null,'20031226',null,null,'1415','Rafaëlweg','Rafaëlweg',null,'7',null,null,'6114BZ',null,null,null,null,null,null,null,null,null,'229',null,null);
INSERT INTO kern.his_persadres (id,persadres,dataanvgel,dateindegel,tsreg,tsverval,actieinh,actieverval,actieaanpgel,srt,rdnwijz,aangadresh,dataanvadresh,identcodeadresseerbaarobject,identcodenraand,gem,nor,afgekortenor,gemdeel,huisnr,huisletter,huisnrtoevoeging,postcode,wplnaam,loctenopzichtevanadres,locoms,bladresregel1,bladresregel2,bladresregel3,bladresregel4,bladresregel5,bladresregel6,landgebied,indpersaangetroffenopadres,nadereaandverval) VALUES('22957','22010','20090928',null,'20090928',null,'22974',null,null,'1','1','3','20090928',null,null,'347','Neude','Neude',null,'17',null,null,'3512AE','Smalle Ee',null,null,null,null,null,null,null,null,'229',null,null);
INSERT INTO kern.his_persadres (id,persadres,dataanvgel,dateindegel,tsreg,tsverval,actieinh,actieverval,actieaanpgel,srt,rdnwijz,aangadresh,dataanvadresh,identcodeadresseerbaarobject,identcodenraand,gem,nor,afgekortenor,gemdeel,huisnr,huisletter,huisnrtoevoeging,postcode,wplnaam,loctenopzichtevanadres,locoms,bladresregel1,bladresregel2,bladresregel3,bladresregel4,bladresregel5,bladresregel6,landgebied,indpersaangetroffenopadres,nadereaandverval) VALUES('22956','22010','19960304','20090928','20090928',null,'22973',null,'22974','1','1','3','19960304',null,null,'775','Beatrix de Rijkweg','Beatrix de Rijkweg',null,'5',null,null,'5657EG',null,null,null,null,null,null,null,null,null,'229',null,null);
INSERT INTO kern.his_persadres (id,persadres,dataanvgel,dateindegel,tsreg,tsverval,actieinh,actieverval,actieaanpgel,srt,rdnwijz,aangadresh,dataanvadresh,identcodeadresseerbaarobject,identcodenraand,gem,nor,afgekortenor,gemdeel,huisnr,huisletter,huisnrtoevoeging,postcode,wplnaam,loctenopzichtevanadres,locoms,bladresregel1,bladresregel2,bladresregel3,bladresregel4,bladresregel5,bladresregel6,landgebied,indpersaangetroffenopadres,nadereaandverval) VALUES('22955','22010','19960304',null,'19960304','20090928','22973','22974',null,'1','1','3','19960304',null,null,'775','Beatrix de Rijkweg','Beatrix de Rijkweg',null,'5',null,null,'5657EG',null,null,null,null,null,null,null,null,null,'229',null,null);
INSERT INTO kern.his_persadres (id,persadres,dataanvgel,dateindegel,tsreg,tsverval,actieinh,actieverval,actieaanpgel,srt,rdnwijz,aangadresh,dataanvadresh,identcodeadresseerbaarobject,identcodenraand,gem,nor,afgekortenor,gemdeel,huisnr,huisletter,huisnrtoevoeging,postcode,wplnaam,loctenopzichtevanadres,locoms,bladresregel1,bladresregel2,bladresregel3,bladresregel4,bladresregel5,bladresregel6,landgebied,indpersaangetroffenopadres,nadereaandverval) VALUES('22954','22010','19691231','19960304','19960304',null,'22972',null,'22973','1','2',null,'19691231',null,null,'602','Goudsesingel','Goudsesingel',null,'7',null,null,'3011KD',null,null,null,null,null,null,null,null,null,'229',null,null);
INSERT INTO kern.his_persadres (id,persadres,dataanvgel,dateindegel,tsreg,tsverval,actieinh,actieverval,actieaanpgel,srt,rdnwijz,aangadresh,dataanvadresh,identcodeadresseerbaarobject,identcodenraand,gem,nor,afgekortenor,gemdeel,huisnr,huisletter,huisnrtoevoeging,postcode,wplnaam,loctenopzichtevanadres,locoms,bladresregel1,bladresregel2,bladresregel3,bladresregel4,bladresregel5,bladresregel6,landgebied,indpersaangetroffenopadres,nadereaandverval) VALUES('22953','22010','19691231',null,'19691231','19960304','22972','22973',null,'1','2',null,'19691231',null,null,'602','Goudsesingel','Goudsesingel',null,'7',null,null,'3011KD',null,null,null,null,null,null,null,null,null,'229',null,null);
INSERT INTO kern.his_persadres (id,persadres,dataanvgel,dateindegel,tsreg,tsverval,actieinh,actieverval,actieaanpgel,srt,rdnwijz,aangadresh,dataanvadresh,identcodeadresseerbaarobject,identcodenraand,gem,nor,afgekortenor,gemdeel,huisnr,huisletter,huisnrtoevoeging,postcode,wplnaam,loctenopzichtevanadres,locoms,bladresregel1,bladresregel2,bladresregel3,bladresregel4,bladresregel5,bladresregel6,landgebied,indpersaangetroffenopadres,nadereaandverval) VALUES('22952','22011','20090928',null,'20090928',null,'22971',null,null,'1','1','7','20090928',null,null,'347','Neude','Neude',null,'17',null,null,'3512AE','Smalle Ee',null,null,null,null,null,null,null,null,'229',null,null);
INSERT INTO kern.his_persadres (id,persadres,dataanvgel,dateindegel,tsreg,tsverval,actieinh,actieverval,actieaanpgel,srt,rdnwijz,aangadresh,dataanvadresh,identcodeadresseerbaarobject,identcodenraand,gem,nor,afgekortenor,gemdeel,huisnr,huisletter,huisnrtoevoeging,postcode,wplnaam,loctenopzichtevanadres,locoms,bladresregel1,bladresregel2,bladresregel3,bladresregel4,bladresregel5,bladresregel6,landgebied,indpersaangetroffenopadres,nadereaandverval) VALUES('22951','22011','19960304','20090928','20090928',null,'22970',null,'22971','1','1','7','19960304',null,null,'775','Beatrix de Rijkweg','Beatrix de Rijkweg',null,'5',null,null,'5657EG',null,null,null,null,null,null,null,null,null,'229',null,null);
INSERT INTO kern.his_persadres (id,persadres,dataanvgel,dateindegel,tsreg,tsverval,actieinh,actieverval,actieaanpgel,srt,rdnwijz,aangadresh,dataanvadresh,identcodeadresseerbaarobject,identcodenraand,gem,nor,afgekortenor,gemdeel,huisnr,huisletter,huisnrtoevoeging,postcode,wplnaam,loctenopzichtevanadres,locoms,bladresregel1,bladresregel2,bladresregel3,bladresregel4,bladresregel5,bladresregel6,landgebied,indpersaangetroffenopadres,nadereaandverval) VALUES('22950','22011','19960304',null,'19960304','20090928','22970','22971',null,'1','1','7','19960304',null,null,'775','Beatrix de Rijkweg','Beatrix de Rijkweg',null,'5',null,null,'5657EG',null,null,null,null,null,null,null,null,null,'229',null,null);
INSERT INTO kern.his_persadres (id,persadres,dataanvgel,dateindegel,tsreg,tsverval,actieinh,actieverval,actieaanpgel,srt,rdnwijz,aangadresh,dataanvadresh,identcodeadresseerbaarobject,identcodenraand,gem,nor,afgekortenor,gemdeel,huisnr,huisletter,huisnrtoevoeging,postcode,wplnaam,loctenopzichtevanadres,locoms,bladresregel1,bladresregel2,bladresregel3,bladresregel4,bladresregel5,bladresregel6,landgebied,indpersaangetroffenopadres,nadereaandverval) VALUES('22949','22011','19690516','19960304','19960304',null,'22969',null,'22970','1','2',null,'19690516',null,null,'602','Goudsesingel','Goudsesingel',null,'9',null,null,'3011KD',null,null,null,null,null,null,null,null,null,'229',null,null);
INSERT INTO kern.his_persadres (id,persadres,dataanvgel,dateindegel,tsreg,tsverval,actieinh,actieverval,actieaanpgel,srt,rdnwijz,aangadresh,dataanvadresh,identcodeadresseerbaarobject,identcodenraand,gem,nor,afgekortenor,gemdeel,huisnr,huisletter,huisnrtoevoeging,postcode,wplnaam,loctenopzichtevanadres,locoms,bladresregel1,bladresregel2,bladresregel3,bladresregel4,bladresregel5,bladresregel6,landgebied,indpersaangetroffenopadres,nadereaandverval) VALUES('22948','22011','19690516',null,'19690516','19960304','22969','22970',null,'1','2',null,'19690516',null,null,'602','Goudsesingel','Goudsesingel',null,'9',null,null,'3011KD',null,null,null,null,null,null,null,null,null,'229',null,null);
INSERT INTO kern.his_persadres (id,persadres,dataanvgel,dateindegel,tsreg,tsverval,actieinh,actieverval,actieaanpgel,srt,rdnwijz,aangadresh,dataanvadresh,identcodeadresseerbaarobject,identcodenraand,gem,nor,afgekortenor,gemdeel,huisnr,huisletter,huisnrtoevoeging,postcode,wplnaam,loctenopzichtevanadres,locoms,bladresregel1,bladresregel2,bladresregel3,bladresregel4,bladresregel5,bladresregel6,landgebied,indpersaangetroffenopadres,nadereaandverval) VALUES('22947','22012','20000228',null,'20000228',null,'22968',null,null,'1','1','3','20000228',null,null,'347','Biltstraat','Biltstraat',null,'7',null,null,'3572AA','Smalle Ee',null,null,null,null,null,null,null,null,'229',null,null);
INSERT INTO kern.his_persadres (id,persadres,dataanvgel,dateindegel,tsreg,tsverval,actieinh,actieverval,actieaanpgel,srt,rdnwijz,aangadresh,dataanvadresh,identcodeadresseerbaarobject,identcodenraand,gem,nor,afgekortenor,gemdeel,huisnr,huisletter,huisnrtoevoeging,postcode,wplnaam,loctenopzichtevanadres,locoms,bladresregel1,bladresregel2,bladresregel3,bladresregel4,bladresregel5,bladresregel6,landgebied,indpersaangetroffenopadres,nadereaandverval) VALUES('22946','22012','19771210','20000228','20000228',null,'22967',null,'22968','1','2',null,'19771210',null,null,'629','Baron Schimmelpenninck van der Oyelaan','S vd Oyeln',null,'1',null,null,'2252EB',null,null,null,null,null,null,null,null,null,'229',null,null);
INSERT INTO kern.his_persadres (id,persadres,dataanvgel,dateindegel,tsreg,tsverval,actieinh,actieverval,actieaanpgel,srt,rdnwijz,aangadresh,dataanvadresh,identcodeadresseerbaarobject,identcodenraand,gem,nor,afgekortenor,gemdeel,huisnr,huisletter,huisnrtoevoeging,postcode,wplnaam,loctenopzichtevanadres,locoms,bladresregel1,bladresregel2,bladresregel3,bladresregel4,bladresregel5,bladresregel6,landgebied,indpersaangetroffenopadres,nadereaandverval) VALUES('22945','22012','19771210',null,'19771210','20000228','22967','22968',null,'1','2',null,'19771210',null,null,'629','Baron Schimmelpenninck van der Oyelaan','S vd Oyeln',null,'1',null,null,'2252EB',null,null,null,null,null,null,null,null,null,'229',null,null);
INSERT INTO kern.his_persadres (id,persadres,dataanvgel,dateindegel,tsreg,tsverval,actieinh,actieverval,actieaanpgel,srt,rdnwijz,aangadresh,dataanvadresh,identcodeadresseerbaarobject,identcodenraand,gem,nor,afgekortenor,gemdeel,huisnr,huisletter,huisnrtoevoeging,postcode,wplnaam,loctenopzichtevanadres,locoms,bladresregel1,bladresregel2,bladresregel3,bladresregel4,bladresregel5,bladresregel6,landgebied,indpersaangetroffenopadres,nadereaandverval) VALUES('22944','22013','19920508',null,'19920508',null,'22966',null,null,'1','1','3','19920508',null,null,'347','Vredenburg','Vredenburg',null,'27',null,null,'3511BC','Smalle Ee',null,null,null,null,null,null,null,null,'229',null,null);
INSERT INTO kern.his_persadres (id,persadres,dataanvgel,dateindegel,tsreg,tsverval,actieinh,actieverval,actieaanpgel,srt,rdnwijz,aangadresh,dataanvadresh,identcodeadresseerbaarobject,identcodenraand,gem,nor,afgekortenor,gemdeel,huisnr,huisletter,huisnrtoevoeging,postcode,wplnaam,loctenopzichtevanadres,locoms,bladresregel1,bladresregel2,bladresregel3,bladresregel4,bladresregel5,bladresregel6,landgebied,indpersaangetroffenopadres,nadereaandverval) VALUES('22943','22013','19550602','19920508','19920508',null,'22965',null,'22966','1','2',null,'19550602',null,null,'991','Weerterbeekweg','Weerterbeekweg',null,'22',null,null,'6001VH',null,null,null,null,null,null,null,null,null,'229',null,null);
INSERT INTO kern.his_persadres (id,persadres,dataanvgel,dateindegel,tsreg,tsverval,actieinh,actieverval,actieaanpgel,srt,rdnwijz,aangadresh,dataanvadresh,identcodeadresseerbaarobject,identcodenraand,gem,nor,afgekortenor,gemdeel,huisnr,huisletter,huisnrtoevoeging,postcode,wplnaam,loctenopzichtevanadres,locoms,bladresregel1,bladresregel2,bladresregel3,bladresregel4,bladresregel5,bladresregel6,landgebied,indpersaangetroffenopadres,nadereaandverval) VALUES('22942','22013','19550602',null,'19550602','19920508','22965','22966',null,'1','2',null,'19550602',null,null,'991','Weerterbeekweg','Weerterbeekweg',null,'22',null,null,'6001VH',null,null,null,null,null,null,null,null,null,'229',null,null);
INSERT INTO kern.his_persadres (id,persadres,dataanvgel,dateindegel,tsreg,tsverval,actieinh,actieverval,actieaanpgel,srt,rdnwijz,aangadresh,dataanvadresh,identcodeadresseerbaarobject,identcodenraand,gem,nor,afgekortenor,gemdeel,huisnr,huisletter,huisnrtoevoeging,postcode,wplnaam,loctenopzichtevanadres,locoms,bladresregel1,bladresregel2,bladresregel3,bladresregel4,bladresregel5,bladresregel6,landgebied,indpersaangetroffenopadres,nadereaandverval) VALUES('22941','22014','19780611',null,'19780611',null,'22964',null,null,'1','2',null,'19780611',null,null,'347','Neude','Neude',null,'19',null,null,'3512AD','Smalle Ee',null,null,null,null,null,null,null,null,'229',null,null);
INSERT INTO kern.his_persadres (id,persadres,dataanvgel,dateindegel,tsreg,tsverval,actieinh,actieverval,actieaanpgel,srt,rdnwijz,aangadresh,dataanvadresh,identcodeadresseerbaarobject,identcodenraand,gem,nor,afgekortenor,gemdeel,huisnr,huisletter,huisnrtoevoeging,postcode,wplnaam,loctenopzichtevanadres,locoms,bladresregel1,bladresregel2,bladresregel3,bladresregel4,bladresregel5,bladresregel6,landgebied,indpersaangetroffenopadres,nadereaandverval) VALUES('22940','22015','20110425',null,'20110425',null,'22963',null,null,'1','1','3','20110425',null,null,'347','Vredenburg','Vredenburg',null,'3',null,null,'3511BA','Smalle Ee',null,null,null,null,null,null,null,null,'229',null,null);
INSERT INTO kern.his_persadres (id,persadres,dataanvgel,dateindegel,tsreg,tsverval,actieinh,actieverval,actieaanpgel,srt,rdnwijz,aangadresh,dataanvadresh,identcodeadresseerbaarobject,identcodenraand,gem,nor,afgekortenor,gemdeel,huisnr,huisletter,huisnrtoevoeging,postcode,wplnaam,loctenopzichtevanadres,locoms,bladresregel1,bladresregel2,bladresregel3,bladresregel4,bladresregel5,bladresregel6,landgebied,indpersaangetroffenopadres,nadereaandverval) VALUES('22939','22015','19880425','20110425','20110425',null,'22962',null,'22963','1','2',null,'19880425',null,null,'94','Franekervaart','Franekervaart',null,'22',null,null,'8602AA',null,null,null,null,null,null,null,null,null,'229',null,null);
INSERT INTO kern.his_persadres (id,persadres,dataanvgel,dateindegel,tsreg,tsverval,actieinh,actieverval,actieaanpgel,srt,rdnwijz,aangadresh,dataanvadresh,identcodeadresseerbaarobject,identcodenraand,gem,nor,afgekortenor,gemdeel,huisnr,huisletter,huisnrtoevoeging,postcode,wplnaam,loctenopzichtevanadres,locoms,bladresregel1,bladresregel2,bladresregel3,bladresregel4,bladresregel5,bladresregel6,landgebied,indpersaangetroffenopadres,nadereaandverval) VALUES('22938','22015','19880425',null,'19880425','20110425','22962','22963',null,'1','2',null,'19880425',null,null,'94','Franekervaart','Franekervaart',null,'22',null,null,'8602AA',null,null,null,null,null,null,null,null,null,'229',null,null);
INSERT INTO kern.his_persadres (id,persadres,dataanvgel,dateindegel,tsreg,tsverval,actieinh,actieverval,actieaanpgel,srt,rdnwijz,aangadresh,dataanvadresh,identcodeadresseerbaarobject,identcodenraand,gem,nor,afgekortenor,gemdeel,huisnr,huisletter,huisnrtoevoeging,postcode,wplnaam,loctenopzichtevanadres,locoms,bladresregel1,bladresregel2,bladresregel3,bladresregel4,bladresregel5,bladresregel6,landgebied,indpersaangetroffenopadres,nadereaandverval) VALUES('22937','22016','20100626',null,'20100626',null,'22961',null,null,'1','1','3','20100626',null,null,'347','Biltstraat','Biltstraat',null,'5',null,null,'3572AA','Smalle Ee',null,null,null,null,null,null,null,null,'229',null,null);
INSERT INTO kern.his_persadres (id,persadres,dataanvgel,dateindegel,tsreg,tsverval,actieinh,actieverval,actieaanpgel,srt,rdnwijz,aangadresh,dataanvadresh,identcodeadresseerbaarobject,identcodenraand,gem,nor,afgekortenor,gemdeel,huisnr,huisletter,huisnrtoevoeging,postcode,wplnaam,loctenopzichtevanadres,locoms,bladresregel1,bladresregel2,bladresregel3,bladresregel4,bladresregel5,bladresregel6,landgebied,indpersaangetroffenopadres,nadereaandverval) VALUES('22936','22016','19880425','20100626','20100626',null,'22960',null,'22961','1','1','3','19880425',null,null,'741','Raadhuisstraat','Raadhuisstraat',null,'1',null,null,'4266EB',null,null,null,null,null,null,null,null,null,'229',null,null);
INSERT INTO kern.his_persadres (id,persadres,dataanvgel,dateindegel,tsreg,tsverval,actieinh,actieverval,actieaanpgel,srt,rdnwijz,aangadresh,dataanvadresh,identcodeadresseerbaarobject,identcodenraand,gem,nor,afgekortenor,gemdeel,huisnr,huisletter,huisnrtoevoeging,postcode,wplnaam,loctenopzichtevanadres,locoms,bladresregel1,bladresregel2,bladresregel3,bladresregel4,bladresregel5,bladresregel6,landgebied,indpersaangetroffenopadres,nadereaandverval) VALUES('22935','22016','19880425',null,'19880425','20100626','22960','22961',null,'1','1','3','19880425',null,null,'741','Raadhuisstraat','Raadhuisstraat',null,'1',null,null,'4266EB',null,null,null,null,null,null,null,null,null,'229',null,null);
INSERT INTO kern.his_persadres (id,persadres,dataanvgel,dateindegel,tsreg,tsverval,actieinh,actieverval,actieaanpgel,srt,rdnwijz,aangadresh,dataanvadresh,identcodeadresseerbaarobject,identcodenraand,gem,nor,afgekortenor,gemdeel,huisnr,huisletter,huisnrtoevoeging,postcode,wplnaam,loctenopzichtevanadres,locoms,bladresregel1,bladresregel2,bladresregel3,bladresregel4,bladresregel5,bladresregel6,landgebied,indpersaangetroffenopadres,nadereaandverval) VALUES('22934','22016','18991210','19880425','19880425',null,'22959',null,'22960','1','2',null,'18991210',null,null,'521','Nieuwe Parklaan','Nieuwe Parklaan',null,'56',null,null,'2597LD',null,null,null,null,null,null,null,null,null,'229',null,null);
INSERT INTO kern.his_persadres (id,persadres,dataanvgel,dateindegel,tsreg,tsverval,actieinh,actieverval,actieaanpgel,srt,rdnwijz,aangadresh,dataanvadresh,identcodeadresseerbaarobject,identcodenraand,gem,nor,afgekortenor,gemdeel,huisnr,huisletter,huisnrtoevoeging,postcode,wplnaam,loctenopzichtevanadres,locoms,bladresregel1,bladresregel2,bladresregel3,bladresregel4,bladresregel5,bladresregel6,landgebied,indpersaangetroffenopadres,nadereaandverval) VALUES('22933','22016','18991210',null,'18991210','19880425','22959','22960',null,'1','2',null,'18991210',null,null,'521','Nieuwe Parklaan','Nieuwe Parklaan',null,'56',null,null,'2597LD',null,null,null,null,null,null,null,null,null,'229',null,null);
INSERT INTO kern.his_persadres (id,persadres,dataanvgel,dateindegel,tsreg,tsverval,actieinh,actieverval,actieaanpgel,srt,rdnwijz,aangadresh,dataanvadresh,identcodeadresseerbaarobject,identcodenraand,gem,nor,afgekortenor,gemdeel,huisnr,huisletter,huisnrtoevoeging,postcode,wplnaam,loctenopzichtevanadres,locoms,bladresregel1,bladresregel2,bladresregel3,bladresregel4,bladresregel5,bladresregel6,landgebied,indpersaangetroffenopadres,nadereaandverval) VALUES('22932','22017','20030327',null,'20030327',null,'22958',null,null,'1','1','3','20030327',null,null,'347','Biltstraat','Biltstraat',null,'152',null,null,'3572BM','Smalle Ee',null,null,null,null,null,null,null,null,'229',null,null);
INSERT INTO kern.his_persadres (id,persadres,dataanvgel,dateindegel,tsreg,tsverval,actieinh,actieverval,actieaanpgel,srt,rdnwijz,aangadresh,dataanvadresh,identcodeadresseerbaarobject,identcodenraand,gem,nor,afgekortenor,gemdeel,huisnr,huisletter,huisnrtoevoeging,postcode,wplnaam,loctenopzichtevanadres,locoms,bladresregel1,bladresregel2,bladresregel3,bladresregel4,bladresregel5,bladresregel6,landgebied,indpersaangetroffenopadres,nadereaandverval) VALUES('22931','22017','19820523','20030327','20030327',null,'22957',null,'22958','1','2',null,'19820523',null,null,'403','Anthonij Miechielsz van Voorthuijsenstraat','A M v Voorthuijsenstr',null,'66',null,null,'1785LG','Egmond-Binnen',null,null,null,null,null,null,null,null,'229',null,null);
INSERT INTO kern.his_persadres (id,persadres,dataanvgel,dateindegel,tsreg,tsverval,actieinh,actieverval,actieaanpgel,srt,rdnwijz,aangadresh,dataanvadresh,identcodeadresseerbaarobject,identcodenraand,gem,nor,afgekortenor,gemdeel,huisnr,huisletter,huisnrtoevoeging,postcode,wplnaam,loctenopzichtevanadres,locoms,bladresregel1,bladresregel2,bladresregel3,bladresregel4,bladresregel5,bladresregel6,landgebied,indpersaangetroffenopadres,nadereaandverval) VALUES('22930','22017','19820523',null,'19820523','20030327','22957','22958',null,'1','2',null,'19820523',null,null,'403','Anthonij Miechielsz van Voorthuijsenstraat','A M v Voorthuijsenstr',null,'66',null,null,'1785LG','Egmond-Binnen',null,null,null,null,null,null,null,null,'229',null,null);
INSERT INTO kern.his_persadres (id,persadres,dataanvgel,dateindegel,tsreg,tsverval,actieinh,actieverval,actieaanpgel,srt,rdnwijz,aangadresh,dataanvadresh,identcodeadresseerbaarobject,identcodenraand,gem,nor,afgekortenor,gemdeel,huisnr,huisletter,huisnrtoevoeging,postcode,wplnaam,loctenopzichtevanadres,locoms,bladresregel1,bladresregel2,bladresregel3,bladresregel4,bladresregel5,bladresregel6,landgebied,indpersaangetroffenopadres,nadereaandverval) VALUES('22929','22018','19911002',null,'19911002',null,'22956',null,null,'1','1','3','19911002',null,null,'347','Biltstraat','Biltstraat',null,'152',null,null,'3572BM','Smalle Ee',null,null,null,null,null,null,null,null,'229',null,null);
INSERT INTO kern.his_persadres (id,persadres,dataanvgel,dateindegel,tsreg,tsverval,actieinh,actieverval,actieaanpgel,srt,rdnwijz,aangadresh,dataanvadresh,identcodeadresseerbaarobject,identcodenraand,gem,nor,afgekortenor,gemdeel,huisnr,huisletter,huisnrtoevoeging,postcode,wplnaam,loctenopzichtevanadres,locoms,bladresregel1,bladresregel2,bladresregel3,bladresregel4,bladresregel5,bladresregel6,landgebied,indpersaangetroffenopadres,nadereaandverval) VALUES('22928','22018','19840411','19911002','19911002',null,'22955',null,'22956','1','2',null,'19840411',null,null,'508','Nieuwe Haven','Nieuwe Haven',null,'13',null,null,'3311AP','Alkmaar',null,null,null,null,null,null,null,null,'229',null,null);
INSERT INTO kern.his_persadres (id,persadres,dataanvgel,dateindegel,tsreg,tsverval,actieinh,actieverval,actieaanpgel,srt,rdnwijz,aangadresh,dataanvadresh,identcodeadresseerbaarobject,identcodenraand,gem,nor,afgekortenor,gemdeel,huisnr,huisletter,huisnrtoevoeging,postcode,wplnaam,loctenopzichtevanadres,locoms,bladresregel1,bladresregel2,bladresregel3,bladresregel4,bladresregel5,bladresregel6,landgebied,indpersaangetroffenopadres,nadereaandverval) VALUES('22927','22018','19840411',null,'19840411','19911002','22955','22956',null,'1','2',null,'19840411',null,null,'508','Nieuwe Haven','Nieuwe Haven',null,'13',null,null,'3311AP','Alkmaar',null,null,null,null,null,null,null,null,'229',null,null);
INSERT INTO kern.his_persadres (id,persadres,dataanvgel,dateindegel,tsreg,tsverval,actieinh,actieverval,actieaanpgel,srt,rdnwijz,aangadresh,dataanvadresh,identcodeadresseerbaarobject,identcodenraand,gem,nor,afgekortenor,gemdeel,huisnr,huisletter,huisnrtoevoeging,postcode,wplnaam,loctenopzichtevanadres,locoms,bladresregel1,bladresregel2,bladresregel3,bladresregel4,bladresregel5,bladresregel6,landgebied,indpersaangetroffenopadres,nadereaandverval) VALUES('22926','22019','19901111',null,'19901111',null,'22954',null,null,'1','1','3','19901111',null,null,'347','Biltstraat','Biltstraat',null,'172',null,null,'3572BP','Smalle Ee',null,null,null,null,null,null,null,null,'229',null,null);
INSERT INTO kern.his_persadres (id,persadres,dataanvgel,dateindegel,tsreg,tsverval,actieinh,actieverval,actieaanpgel,srt,rdnwijz,aangadresh,dataanvadresh,identcodeadresseerbaarobject,identcodenraand,gem,nor,afgekortenor,gemdeel,huisnr,huisletter,huisnrtoevoeging,postcode,wplnaam,loctenopzichtevanadres,locoms,bladresregel1,bladresregel2,bladresregel3,bladresregel4,bladresregel5,bladresregel6,landgebied,indpersaangetroffenopadres,nadereaandverval) VALUES('22925','22019','19741026','19901111','19901111',null,'22953',null,'22954','1','2',null,'19741026',null,null,'522','Marktplein','Marktplein',null,'18',null,null,'2691BV','Honselersdijk',null,null,null,null,null,null,null,null,'229',null,null);
INSERT INTO kern.his_persadres (id,persadres,dataanvgel,dateindegel,tsreg,tsverval,actieinh,actieverval,actieaanpgel,srt,rdnwijz,aangadresh,dataanvadresh,identcodeadresseerbaarobject,identcodenraand,gem,nor,afgekortenor,gemdeel,huisnr,huisletter,huisnrtoevoeging,postcode,wplnaam,loctenopzichtevanadres,locoms,bladresregel1,bladresregel2,bladresregel3,bladresregel4,bladresregel5,bladresregel6,landgebied,indpersaangetroffenopadres,nadereaandverval) VALUES('22924','22019','19741026',null,'19741026','19901111','22953','22954',null,'1','2',null,'19741026',null,null,'522','Marktplein','Marktplein',null,'18',null,null,'2691BV','Honselersdijk',null,null,null,null,null,null,null,null,'229',null,null);
INSERT INTO kern.his_persadres (id,persadres,dataanvgel,dateindegel,tsreg,tsverval,actieinh,actieverval,actieaanpgel,srt,rdnwijz,aangadresh,dataanvadresh,identcodeadresseerbaarobject,identcodenraand,gem,nor,afgekortenor,gemdeel,huisnr,huisletter,huisnrtoevoeging,postcode,wplnaam,loctenopzichtevanadres,locoms,bladresregel1,bladresregel2,bladresregel3,bladresregel4,bladresregel5,bladresregel6,landgebied,indpersaangetroffenopadres,nadereaandverval) VALUES('22923','22020','19820528',null,'19820528',null,'22952',null,null,'1','1','3','19820528',null,null,'347','Biltstraat','Biltstraat',null,'172',null,null,'3572BP','Smalle Ee',null,null,null,null,null,null,null,null,'229',null,null);
INSERT INTO kern.his_persadres (id,persadres,dataanvgel,dateindegel,tsreg,tsverval,actieinh,actieverval,actieaanpgel,srt,rdnwijz,aangadresh,dataanvadresh,identcodeadresseerbaarobject,identcodenraand,gem,nor,afgekortenor,gemdeel,huisnr,huisletter,huisnrtoevoeging,postcode,wplnaam,loctenopzichtevanadres,locoms,bladresregel1,bladresregel2,bladresregel3,bladresregel4,bladresregel5,bladresregel6,landgebied,indpersaangetroffenopadres,nadereaandverval) VALUES('22922','22020','19760103','19820528','19820528',null,'22951',null,'22952','1','2',null,'19760103',null,null,'403','Middenweg','Middenweg ',null,'159',null,null,'1782BE','Egmond-Binnen',null,null,null,null,null,null,null,null,'229',null,null);
INSERT INTO kern.his_persadres (id,persadres,dataanvgel,dateindegel,tsreg,tsverval,actieinh,actieverval,actieaanpgel,srt,rdnwijz,aangadresh,dataanvadresh,identcodeadresseerbaarobject,identcodenraand,gem,nor,afgekortenor,gemdeel,huisnr,huisletter,huisnrtoevoeging,postcode,wplnaam,loctenopzichtevanadres,locoms,bladresregel1,bladresregel2,bladresregel3,bladresregel4,bladresregel5,bladresregel6,landgebied,indpersaangetroffenopadres,nadereaandverval) VALUES('22921','22020','19760103',null,'19760103','19820528','22951','22952',null,'1','2',null,'19760103',null,null,'403','Middenweg','Middenweg ',null,'159',null,null,'1782BE','Egmond-Binnen',null,null,null,null,null,null,null,null,'229',null,null);
INSERT INTO kern.his_persadres (id,persadres,dataanvgel,dateindegel,tsreg,tsverval,actieinh,actieverval,actieaanpgel,srt,rdnwijz,aangadresh,dataanvadresh,identcodeadresseerbaarobject,identcodenraand,gem,nor,afgekortenor,gemdeel,huisnr,huisletter,huisnrtoevoeging,postcode,wplnaam,loctenopzichtevanadres,locoms,bladresregel1,bladresregel2,bladresregel3,bladresregel4,bladresregel5,bladresregel6,landgebied,indpersaangetroffenopadres,nadereaandverval) VALUES('22920','22021','20010328',null,'20010328',null,'22950',null,null,'1','1','3','20010328',null,null,'347','Vredenburg ','Vredenburg ',null,'81',null,null,'3511BD','Smalle Ee',null,null,null,null,null,null,null,null,'229',null,null);
INSERT INTO kern.his_persadres (id,persadres,dataanvgel,dateindegel,tsreg,tsverval,actieinh,actieverval,actieaanpgel,srt,rdnwijz,aangadresh,dataanvadresh,identcodeadresseerbaarobject,identcodenraand,gem,nor,afgekortenor,gemdeel,huisnr,huisletter,huisnrtoevoeging,postcode,wplnaam,loctenopzichtevanadres,locoms,bladresregel1,bladresregel2,bladresregel3,bladresregel4,bladresregel5,bladresregel6,landgebied,indpersaangetroffenopadres,nadereaandverval) VALUES('22919','22021','19920516','20010328','20010328',null,'22949',null,'22950','1','2',null,'19920516',null,null,'342','Molenstraat','Molenstraat',null,'27',null,null,'3927AB','Delft',null,null,null,null,null,null,null,null,'229',null,null);
INSERT INTO kern.his_persadres (id,persadres,dataanvgel,dateindegel,tsreg,tsverval,actieinh,actieverval,actieaanpgel,srt,rdnwijz,aangadresh,dataanvadresh,identcodeadresseerbaarobject,identcodenraand,gem,nor,afgekortenor,gemdeel,huisnr,huisletter,huisnrtoevoeging,postcode,wplnaam,loctenopzichtevanadres,locoms,bladresregel1,bladresregel2,bladresregel3,bladresregel4,bladresregel5,bladresregel6,landgebied,indpersaangetroffenopadres,nadereaandverval) VALUES('22918','22021','19920516',null,'19920516','20010328','22949','22950',null,'1','2',null,'19920516',null,null,'342','Molenstraat','Molenstraat',null,'27',null,null,'3927AB','Delft',null,null,null,null,null,null,null,null,'229',null,null);
INSERT INTO kern.his_persadres (id,persadres,dataanvgel,dateindegel,tsreg,tsverval,actieinh,actieverval,actieaanpgel,srt,rdnwijz,aangadresh,dataanvadresh,identcodeadresseerbaarobject,identcodenraand,gem,nor,afgekortenor,gemdeel,huisnr,huisletter,huisnrtoevoeging,postcode,wplnaam,loctenopzichtevanadres,locoms,bladresregel1,bladresregel2,bladresregel3,bladresregel4,bladresregel5,bladresregel6,landgebied,indpersaangetroffenopadres,nadereaandverval) VALUES('22917','22022','20101002',null,'20101002',null,'22948',null,null,'1','1','3','20101002',null,null,'347','Biltstraat','Biltstraat',null,'119',null,null,'3572AP','Smalle Ee',null,null,null,null,null,null,null,null,'229',null,null);
INSERT INTO kern.his_persadres (id,persadres,dataanvgel,dateindegel,tsreg,tsverval,actieinh,actieverval,actieaanpgel,srt,rdnwijz,aangadresh,dataanvadresh,identcodeadresseerbaarobject,identcodenraand,gem,nor,afgekortenor,gemdeel,huisnr,huisletter,huisnrtoevoeging,postcode,wplnaam,loctenopzichtevanadres,locoms,bladresregel1,bladresregel2,bladresregel3,bladresregel4,bladresregel5,bladresregel6,landgebied,indpersaangetroffenopadres,nadereaandverval) VALUES('22916','22022','19951110','20101002','20101002',null,'22947',null,'22948','1','2',null,'19951110',null,null,'508','Nieuwe Haven','Nieuwe Haven',null,'29',null,null,'3311AP','Alkmaar',null,null,null,null,null,null,null,null,'229',null,null);
INSERT INTO kern.his_persadres (id,persadres,dataanvgel,dateindegel,tsreg,tsverval,actieinh,actieverval,actieaanpgel,srt,rdnwijz,aangadresh,dataanvadresh,identcodeadresseerbaarobject,identcodenraand,gem,nor,afgekortenor,gemdeel,huisnr,huisletter,huisnrtoevoeging,postcode,wplnaam,loctenopzichtevanadres,locoms,bladresregel1,bladresregel2,bladresregel3,bladresregel4,bladresregel5,bladresregel6,landgebied,indpersaangetroffenopadres,nadereaandverval) VALUES('22915','22022','19951110',null,'19951110','20101002','22947','22948',null,'1','2',null,'19951110',null,null,'508','Nieuwe Haven','Nieuwe Haven',null,'29',null,null,'3311AP','Alkmaar',null,null,null,null,null,null,null,null,'229',null,null);
INSERT INTO kern.his_persadres (id,persadres,dataanvgel,dateindegel,tsreg,tsverval,actieinh,actieverval,actieaanpgel,srt,rdnwijz,aangadresh,dataanvadresh,identcodeadresseerbaarobject,identcodenraand,gem,nor,afgekortenor,gemdeel,huisnr,huisletter,huisnrtoevoeging,postcode,wplnaam,loctenopzichtevanadres,locoms,bladresregel1,bladresregel2,bladresregel3,bladresregel4,bladresregel5,bladresregel6,landgebied,indpersaangetroffenopadres,nadereaandverval) VALUES('22914','22023','19970605',null,'19970605',null,'22946',null,null,'1','1','3','19970605',null,null,'347','Vredenburg ','Vredenburg ',null,'83',null,null,'3511BD','Smalle Ee',null,null,null,null,null,null,null,null,'229',null,null);
INSERT INTO kern.his_persadres (id,persadres,dataanvgel,dateindegel,tsreg,tsverval,actieinh,actieverval,actieaanpgel,srt,rdnwijz,aangadresh,dataanvadresh,identcodeadresseerbaarobject,identcodenraand,gem,nor,afgekortenor,gemdeel,huisnr,huisletter,huisnrtoevoeging,postcode,wplnaam,loctenopzichtevanadres,locoms,bladresregel1,bladresregel2,bladresregel3,bladresregel4,bladresregel5,bladresregel6,landgebied,indpersaangetroffenopadres,nadereaandverval) VALUES('22913','22023','19680310','19970605','19970605',null,'22945',null,'22946','1','2',null,'19680310',null,null,'403','Anthonij Miechielsz van Voorthuijsenstraat','A M v Voorthuijsenstr',null,'66',null,null,'1785LG','Egmond-Binnen',null,null,null,null,null,null,null,null,'229',null,null);
INSERT INTO kern.his_persadres (id,persadres,dataanvgel,dateindegel,tsreg,tsverval,actieinh,actieverval,actieaanpgel,srt,rdnwijz,aangadresh,dataanvadresh,identcodeadresseerbaarobject,identcodenraand,gem,nor,afgekortenor,gemdeel,huisnr,huisletter,huisnrtoevoeging,postcode,wplnaam,loctenopzichtevanadres,locoms,bladresregel1,bladresregel2,bladresregel3,bladresregel4,bladresregel5,bladresregel6,landgebied,indpersaangetroffenopadres,nadereaandverval) VALUES('22912','22023','19680310',null,'19680310','19970605','22945','22946',null,'1','2',null,'19680310',null,null,'403','Anthonij Miechielsz van Voorthuijsenstraat','A M v Voorthuijsenstr',null,'66',null,null,'1785LG','Egmond-Binnen',null,null,null,null,null,null,null,null,'229',null,null);
INSERT INTO kern.his_persadres (id,persadres,dataanvgel,dateindegel,tsreg,tsverval,actieinh,actieverval,actieaanpgel,srt,rdnwijz,aangadresh,dataanvadresh,identcodeadresseerbaarobject,identcodenraand,gem,nor,afgekortenor,gemdeel,huisnr,huisletter,huisnrtoevoeging,postcode,wplnaam,loctenopzichtevanadres,locoms,bladresregel1,bladresregel2,bladresregel3,bladresregel4,bladresregel5,bladresregel6,landgebied,indpersaangetroffenopadres,nadereaandverval) VALUES('22911','22024','19790928',null,'19790928',null,'22944',null,null,'1','1','3','19790928',null,null,'347','Biltstraat','Biltstraat',null,'121',null,null,'3572AP','Smalle Ee',null,null,null,null,null,null,null,null,'229',null,null);
INSERT INTO kern.his_persadres (id,persadres,dataanvgel,dateindegel,tsreg,tsverval,actieinh,actieverval,actieaanpgel,srt,rdnwijz,aangadresh,dataanvadresh,identcodeadresseerbaarobject,identcodenraand,gem,nor,afgekortenor,gemdeel,huisnr,huisletter,huisnrtoevoeging,postcode,wplnaam,loctenopzichtevanadres,locoms,bladresregel1,bladresregel2,bladresregel3,bladresregel4,bladresregel5,bladresregel6,landgebied,indpersaangetroffenopadres,nadereaandverval) VALUES('22910','22024','19770401','19790928','19790928',null,'22943',null,'22944','1','2',null,'19770401',null,null,'366','Bonairestraat','Bonairestraat',null,'23',null,null,'1058XC','Amsterdam',null,null,null,null,null,null,null,null,'229',null,null);
INSERT INTO kern.his_persadres (id,persadres,dataanvgel,dateindegel,tsreg,tsverval,actieinh,actieverval,actieaanpgel,srt,rdnwijz,aangadresh,dataanvadresh,identcodeadresseerbaarobject,identcodenraand,gem,nor,afgekortenor,gemdeel,huisnr,huisletter,huisnrtoevoeging,postcode,wplnaam,loctenopzichtevanadres,locoms,bladresregel1,bladresregel2,bladresregel3,bladresregel4,bladresregel5,bladresregel6,landgebied,indpersaangetroffenopadres,nadereaandverval) VALUES('22909','22024','19770401',null,'19770401','19790928','22943','22944',null,'1','2',null,'19770401',null,null,'366','Bonairestraat','Bonairestraat',null,'23',null,null,'1058XC','Amsterdam',null,null,null,null,null,null,null,null,'229',null,null);
INSERT INTO kern.his_persadres (id,persadres,dataanvgel,dateindegel,tsreg,tsverval,actieinh,actieverval,actieaanpgel,srt,rdnwijz,aangadresh,dataanvadresh,identcodeadresseerbaarobject,identcodenraand,gem,nor,afgekortenor,gemdeel,huisnr,huisletter,huisnrtoevoeging,postcode,wplnaam,loctenopzichtevanadres,locoms,bladresregel1,bladresregel2,bladresregel3,bladresregel4,bladresregel5,bladresregel6,landgebied,indpersaangetroffenopadres,nadereaandverval) VALUES('22908','22025','19950929',null,'19950929',null,'22942',null,null,'1','1','3','19950929',null,null,'347','Vredenburg ','Vredenburg ',null,'42',null,null,'3511BD','Smalle Ee',null,null,null,null,null,null,null,null,'229',null,null);
INSERT INTO kern.his_persadres (id,persadres,dataanvgel,dateindegel,tsreg,tsverval,actieinh,actieverval,actieaanpgel,srt,rdnwijz,aangadresh,dataanvadresh,identcodeadresseerbaarobject,identcodenraand,gem,nor,afgekortenor,gemdeel,huisnr,huisletter,huisnrtoevoeging,postcode,wplnaam,loctenopzichtevanadres,locoms,bladresregel1,bladresregel2,bladresregel3,bladresregel4,bladresregel5,bladresregel6,landgebied,indpersaangetroffenopadres,nadereaandverval) VALUES('22907','22025','19880611','19950929','19950929',null,'22941',null,'22942','1','2',null,'19880611',null,null,'366','Bonairestraat','Bonairestraat',null,'37',null,null,'1058XC','Amsterdam',null,null,null,null,null,null,null,null,'229',null,null);
INSERT INTO kern.his_persadres (id,persadres,dataanvgel,dateindegel,tsreg,tsverval,actieinh,actieverval,actieaanpgel,srt,rdnwijz,aangadresh,dataanvadresh,identcodeadresseerbaarobject,identcodenraand,gem,nor,afgekortenor,gemdeel,huisnr,huisletter,huisnrtoevoeging,postcode,wplnaam,loctenopzichtevanadres,locoms,bladresregel1,bladresregel2,bladresregel3,bladresregel4,bladresregel5,bladresregel6,landgebied,indpersaangetroffenopadres,nadereaandverval) VALUES('22906','22025','19880611',null,'19880611','19950929','22941','22942',null,'1','2',null,'19880611',null,null,'366','Bonairestraat','Bonairestraat',null,'37',null,null,'1058XC','Amsterdam',null,null,null,null,null,null,null,null,'229',null,null);
INSERT INTO kern.his_persadres (id,persadres,dataanvgel,dateindegel,tsreg,tsverval,actieinh,actieverval,actieaanpgel,srt,rdnwijz,aangadresh,dataanvadresh,identcodeadresseerbaarobject,identcodenraand,gem,nor,afgekortenor,gemdeel,huisnr,huisletter,huisnrtoevoeging,postcode,wplnaam,loctenopzichtevanadres,locoms,bladresregel1,bladresregel2,bladresregel3,bladresregel4,bladresregel5,bladresregel6,landgebied,indpersaangetroffenopadres,nadereaandverval) VALUES('22905','22026','20000101',null,'20000101',null,'22940',null,null,'1','1','3','20000101',null,null,'347','Biltstraat','Biltstraat',null,'115',null,null,'3572AP','Smalle Ee',null,null,null,null,null,null,null,null,'229',null,null);
INSERT INTO kern.his_persadres (id,persadres,dataanvgel,dateindegel,tsreg,tsverval,actieinh,actieverval,actieaanpgel,srt,rdnwijz,aangadresh,dataanvadresh,identcodeadresseerbaarobject,identcodenraand,gem,nor,afgekortenor,gemdeel,huisnr,huisletter,huisnrtoevoeging,postcode,wplnaam,loctenopzichtevanadres,locoms,bladresregel1,bladresregel2,bladresregel3,bladresregel4,bladresregel5,bladresregel6,landgebied,indpersaangetroffenopadres,nadereaandverval) VALUES('22904','22026','19910721','20000101','20000101',null,'22939',null,'22940','1','2',null,'19910721',null,null,'506','Markt','Markt',null,'80',null,null,'2611GW','Scherpenzeel',null,null,null,null,null,null,null,null,'229',null,null);
INSERT INTO kern.his_persadres (id,persadres,dataanvgel,dateindegel,tsreg,tsverval,actieinh,actieverval,actieaanpgel,srt,rdnwijz,aangadresh,dataanvadresh,identcodeadresseerbaarobject,identcodenraand,gem,nor,afgekortenor,gemdeel,huisnr,huisletter,huisnrtoevoeging,postcode,wplnaam,loctenopzichtevanadres,locoms,bladresregel1,bladresregel2,bladresregel3,bladresregel4,bladresregel5,bladresregel6,landgebied,indpersaangetroffenopadres,nadereaandverval) VALUES('22903','22026','19910721',null,'19910721','20000101','22939','22940',null,'1','2',null,'19910721',null,null,'506','Markt','Markt',null,'80',null,null,'2611GW','Scherpenzeel',null,null,null,null,null,null,null,null,'229',null,null);
INSERT INTO kern.his_persadres (id,persadres,dataanvgel,dateindegel,tsreg,tsverval,actieinh,actieverval,actieaanpgel,srt,rdnwijz,aangadresh,dataanvadresh,identcodeadresseerbaarobject,identcodenraand,gem,nor,afgekortenor,gemdeel,huisnr,huisletter,huisnrtoevoeging,postcode,wplnaam,loctenopzichtevanadres,locoms,bladresregel1,bladresregel2,bladresregel3,bladresregel4,bladresregel5,bladresregel6,landgebied,indpersaangetroffenopadres,nadereaandverval) VALUES('22902','22027','20031024',null,'20031024',null,'22938',null,null,'1','1','3','20031024',null,null,'347','Biltstraat','Biltstraat',null,'117',null,null,'3572AP','Smalle Ee',null,null,null,null,null,null,null,null,'229',null,null);
INSERT INTO kern.his_persadres (id,persadres,dataanvgel,dateindegel,tsreg,tsverval,actieinh,actieverval,actieaanpgel,srt,rdnwijz,aangadresh,dataanvadresh,identcodeadresseerbaarobject,identcodenraand,gem,nor,afgekortenor,gemdeel,huisnr,huisletter,huisnrtoevoeging,postcode,wplnaam,loctenopzichtevanadres,locoms,bladresregel1,bladresregel2,bladresregel3,bladresregel4,bladresregel5,bladresregel6,landgebied,indpersaangetroffenopadres,nadereaandverval) VALUES('22901','22027','19910911','20031024','20031024',null,'22937',null,'22938','1','2',null,'19910911',null,null,'1415','Rafaëlweg','Rafaëlweg',null,'8',null,null,'6114BZ','Koningsbosch',null,null,null,null,null,null,null,null,'229',null,null);
INSERT INTO kern.his_persadres (id,persadres,dataanvgel,dateindegel,tsreg,tsverval,actieinh,actieverval,actieaanpgel,srt,rdnwijz,aangadresh,dataanvadresh,identcodeadresseerbaarobject,identcodenraand,gem,nor,afgekortenor,gemdeel,huisnr,huisletter,huisnrtoevoeging,postcode,wplnaam,loctenopzichtevanadres,locoms,bladresregel1,bladresregel2,bladresregel3,bladresregel4,bladresregel5,bladresregel6,landgebied,indpersaangetroffenopadres,nadereaandverval) VALUES('22900','22027','19910911',null,'19910911','20031024','22937','22938',null,'1','2',null,'19910911',null,null,'1415','Rafaëlweg','Rafaëlweg',null,'8',null,null,'6114BZ','Koningsbosch',null,null,null,null,null,null,null,null,'229',null,null);
INSERT INTO kern.his_persadres (id,persadres,dataanvgel,dateindegel,tsreg,tsverval,actieinh,actieverval,actieaanpgel,srt,rdnwijz,aangadresh,dataanvadresh,identcodeadresseerbaarobject,identcodenraand,gem,nor,afgekortenor,gemdeel,huisnr,huisletter,huisnrtoevoeging,postcode,wplnaam,loctenopzichtevanadres,locoms,bladresregel1,bladresregel2,bladresregel3,bladresregel4,bladresregel5,bladresregel6,landgebied,indpersaangetroffenopadres,nadereaandverval) VALUES('22899','22028','19990616',null,'19990616',null,'22936',null,null,'1','1','3','19990616',null,null,'347','Biltstraat','Biltstraat',null,'117',null,null,'3572AP','Smalle Ee',null,null,null,null,null,null,null,null,'229',null,null);
INSERT INTO kern.his_persadres (id,persadres,dataanvgel,dateindegel,tsreg,tsverval,actieinh,actieverval,actieaanpgel,srt,rdnwijz,aangadresh,dataanvadresh,identcodeadresseerbaarobject,identcodenraand,gem,nor,afgekortenor,gemdeel,huisnr,huisletter,huisnrtoevoeging,postcode,wplnaam,loctenopzichtevanadres,locoms,bladresregel1,bladresregel2,bladresregel3,bladresregel4,bladresregel5,bladresregel6,landgebied,indpersaangetroffenopadres,nadereaandverval) VALUES('22898','22028','19900722','19990616','19990616',null,'22935',null,'22936','1','2',null,'19900722',null,null,'977','Marktstraat ','Marktstraat',null,'16',null,null,'6114HS','Koningsbosch',null,null,null,null,null,null,null,null,'229',null,null);
INSERT INTO kern.his_persadres (id,persadres,dataanvgel,dateindegel,tsreg,tsverval,actieinh,actieverval,actieaanpgel,srt,rdnwijz,aangadresh,dataanvadresh,identcodeadresseerbaarobject,identcodenraand,gem,nor,afgekortenor,gemdeel,huisnr,huisletter,huisnrtoevoeging,postcode,wplnaam,loctenopzichtevanadres,locoms,bladresregel1,bladresregel2,bladresregel3,bladresregel4,bladresregel5,bladresregel6,landgebied,indpersaangetroffenopadres,nadereaandverval) VALUES('22897','22028','19900722',null,'19900722','19990616','22935','22936',null,'1','2',null,'19900722',null,null,'977','Marktstraat ','Marktstraat',null,'16',null,null,'6114HS','Koningsbosch',null,null,null,null,null,null,null,null,'229',null,null);
INSERT INTO kern.his_persadres (id,persadres,dataanvgel,dateindegel,tsreg,tsverval,actieinh,actieverval,actieaanpgel,srt,rdnwijz,aangadresh,dataanvadresh,identcodeadresseerbaarobject,identcodenraand,gem,nor,afgekortenor,gemdeel,huisnr,huisletter,huisnrtoevoeging,postcode,wplnaam,loctenopzichtevanadres,locoms,bladresregel1,bladresregel2,bladresregel3,bladresregel4,bladresregel5,bladresregel6,landgebied,indpersaangetroffenopadres,nadereaandverval) VALUES('22896','22030','20120620',null,'20120620',null,'22934',null,null,'1','1','3','20120620',null,null,'347','Biltstraat','Biltstraat',null,'95',null,null,'3572AL','Smalle Ee',null,null,null,null,null,null,null,null,'229',null,null);
INSERT INTO kern.his_persadres (id,persadres,dataanvgel,dateindegel,tsreg,tsverval,actieinh,actieverval,actieaanpgel,srt,rdnwijz,aangadresh,dataanvadresh,identcodeadresseerbaarobject,identcodenraand,gem,nor,afgekortenor,gemdeel,huisnr,huisletter,huisnrtoevoeging,postcode,wplnaam,loctenopzichtevanadres,locoms,bladresregel1,bladresregel2,bladresregel3,bladresregel4,bladresregel5,bladresregel6,landgebied,indpersaangetroffenopadres,nadereaandverval) VALUES('22895','22030','20091201','20120620','20120620',null,'22933',null,'22934','1','1','3','20091201',null,null,'347','Neude','Neude',null,'30',null,null,'3512AG','Smalle Ee',null,null,null,null,null,null,null,null,'229',null,null);
INSERT INTO kern.his_persadres (id,persadres,dataanvgel,dateindegel,tsreg,tsverval,actieinh,actieverval,actieaanpgel,srt,rdnwijz,aangadresh,dataanvadresh,identcodeadresseerbaarobject,identcodenraand,gem,nor,afgekortenor,gemdeel,huisnr,huisletter,huisnrtoevoeging,postcode,wplnaam,loctenopzichtevanadres,locoms,bladresregel1,bladresregel2,bladresregel3,bladresregel4,bladresregel5,bladresregel6,landgebied,indpersaangetroffenopadres,nadereaandverval) VALUES('22894','22030','20091201',null,'20091201','20120620','22933','22934',null,'1','1','3','20091201',null,null,'347','Neude','Neude',null,'30',null,null,'3512AG','Smalle Ee',null,null,null,null,null,null,null,null,'229',null,null);
INSERT INTO kern.his_persadres (id,persadres,dataanvgel,dateindegel,tsreg,tsverval,actieinh,actieverval,actieaanpgel,srt,rdnwijz,aangadresh,dataanvadresh,identcodeadresseerbaarobject,identcodenraand,gem,nor,afgekortenor,gemdeel,huisnr,huisletter,huisnrtoevoeging,postcode,wplnaam,loctenopzichtevanadres,locoms,bladresregel1,bladresregel2,bladresregel3,bladresregel4,bladresregel5,bladresregel6,landgebied,indpersaangetroffenopadres,nadereaandverval) VALUES('22893','22030','20060201','20091201','20091201',null,'22932',null,'22933','1','1','3','20060201',null,null,'347','Vredenburg ','Vredenburg ',null,'112',null,null,'3511BE','Smalle Ee',null,null,null,null,null,null,null,null,'229',null,null);
INSERT INTO kern.his_persadres (id,persadres,dataanvgel,dateindegel,tsreg,tsverval,actieinh,actieverval,actieaanpgel,srt,rdnwijz,aangadresh,dataanvadresh,identcodeadresseerbaarobject,identcodenraand,gem,nor,afgekortenor,gemdeel,huisnr,huisletter,huisnrtoevoeging,postcode,wplnaam,loctenopzichtevanadres,locoms,bladresregel1,bladresregel2,bladresregel3,bladresregel4,bladresregel5,bladresregel6,landgebied,indpersaangetroffenopadres,nadereaandverval) VALUES('22892','22030','20060201',null,'20060201','20091201','22932','22933',null,'1','1','3','20060201',null,null,'347','Vredenburg ','Vredenburg ',null,'112',null,null,'3511BE','Smalle Ee',null,null,null,null,null,null,null,null,'229',null,null);
INSERT INTO kern.his_persadres (id,persadres,dataanvgel,dateindegel,tsreg,tsverval,actieinh,actieverval,actieaanpgel,srt,rdnwijz,aangadresh,dataanvadresh,identcodeadresseerbaarobject,identcodenraand,gem,nor,afgekortenor,gemdeel,huisnr,huisletter,huisnrtoevoeging,postcode,wplnaam,loctenopzichtevanadres,locoms,bladresregel1,bladresregel2,bladresregel3,bladresregel4,bladresregel5,bladresregel6,landgebied,indpersaangetroffenopadres,nadereaandverval) VALUES('22891','22030','19220419','20060201','20060201',null,'22931',null,'22932','1','2',null,'19220419',null,null,'1239','Zuidweg','Zuidweg',null,'8',null,null,'4316AA','Ouwerkerk',null,null,null,null,null,null,null,null,'229',null,null);
INSERT INTO kern.his_persadres (id,persadres,dataanvgel,dateindegel,tsreg,tsverval,actieinh,actieverval,actieaanpgel,srt,rdnwijz,aangadresh,dataanvadresh,identcodeadresseerbaarobject,identcodenraand,gem,nor,afgekortenor,gemdeel,huisnr,huisletter,huisnrtoevoeging,postcode,wplnaam,loctenopzichtevanadres,locoms,bladresregel1,bladresregel2,bladresregel3,bladresregel4,bladresregel5,bladresregel6,landgebied,indpersaangetroffenopadres,nadereaandverval) VALUES('22890','22030','19220419',null,'19220419','20060201','22931','22932',null,'1','2',null,'19220419',null,null,'1239','Zuidweg','Zuidweg',null,'8',null,null,'4316AA','Ouwerkerk',null,null,null,null,null,null,null,null,'229',null,null);
INSERT INTO kern.his_persadres (id,persadres,dataanvgel,dateindegel,tsreg,tsverval,actieinh,actieverval,actieaanpgel,srt,rdnwijz,aangadresh,dataanvadresh,identcodeadresseerbaarobject,identcodenraand,gem,nor,afgekortenor,gemdeel,huisnr,huisletter,huisnrtoevoeging,postcode,wplnaam,loctenopzichtevanadres,locoms,bladresregel1,bladresregel2,bladresregel3,bladresregel4,bladresregel5,bladresregel6,landgebied,indpersaangetroffenopadres,nadereaandverval) VALUES('22889','22031','20120306',null,'20120306',null,'22930',null,null,'1','1','3','20120306',null,null,'347','Vredenburg ','Vredenburg ',null,'114',null,null,'3511BE','Smalle Ee',null,null,null,null,null,null,null,null,'229',null,null);
INSERT INTO kern.his_persadres (id,persadres,dataanvgel,dateindegel,tsreg,tsverval,actieinh,actieverval,actieaanpgel,srt,rdnwijz,aangadresh,dataanvadresh,identcodeadresseerbaarobject,identcodenraand,gem,nor,afgekortenor,gemdeel,huisnr,huisletter,huisnrtoevoeging,postcode,wplnaam,loctenopzichtevanadres,locoms,bladresregel1,bladresregel2,bladresregel3,bladresregel4,bladresregel5,bladresregel6,landgebied,indpersaangetroffenopadres,nadereaandverval) VALUES('22888','22031','20010926','20120306','20120306',null,'22929',null,'22930','1','1','3','20010926',null,null,'347','Biltstraat','Biltstraat',null,'97',null,null,'3572AM','Smalle Ee',null,null,null,null,null,null,null,null,'229',null,null);
INSERT INTO kern.his_persadres (id,persadres,dataanvgel,dateindegel,tsreg,tsverval,actieinh,actieverval,actieaanpgel,srt,rdnwijz,aangadresh,dataanvadresh,identcodeadresseerbaarobject,identcodenraand,gem,nor,afgekortenor,gemdeel,huisnr,huisletter,huisnrtoevoeging,postcode,wplnaam,loctenopzichtevanadres,locoms,bladresregel1,bladresregel2,bladresregel3,bladresregel4,bladresregel5,bladresregel6,landgebied,indpersaangetroffenopadres,nadereaandverval) VALUES('22887','22031','20010926',null,'20010926','20120306','22929','22930',null,'1','1','3','20010926',null,null,'347','Biltstraat','Biltstraat',null,'97',null,null,'3572AM','Smalle Ee',null,null,null,null,null,null,null,null,'229',null,null);
INSERT INTO kern.his_persadres (id,persadres,dataanvgel,dateindegel,tsreg,tsverval,actieinh,actieverval,actieaanpgel,srt,rdnwijz,aangadresh,dataanvadresh,identcodeadresseerbaarobject,identcodenraand,gem,nor,afgekortenor,gemdeel,huisnr,huisletter,huisnrtoevoeging,postcode,wplnaam,loctenopzichtevanadres,locoms,bladresregel1,bladresregel2,bladresregel3,bladresregel4,bladresregel5,bladresregel6,landgebied,indpersaangetroffenopadres,nadereaandverval) VALUES('22886','22031','20000827','20010926','20010926',null,'22928',null,'22929','1','1','3','20000827',null,null,'347','Neude','Neude',null,'32',null,null,'3512AG','Smalle Ee',null,null,null,null,null,null,null,null,'229',null,null);
INSERT INTO kern.his_persadres (id,persadres,dataanvgel,dateindegel,tsreg,tsverval,actieinh,actieverval,actieaanpgel,srt,rdnwijz,aangadresh,dataanvadresh,identcodeadresseerbaarobject,identcodenraand,gem,nor,afgekortenor,gemdeel,huisnr,huisletter,huisnrtoevoeging,postcode,wplnaam,loctenopzichtevanadres,locoms,bladresregel1,bladresregel2,bladresregel3,bladresregel4,bladresregel5,bladresregel6,landgebied,indpersaangetroffenopadres,nadereaandverval) VALUES('22885','22031','20000827',null,'20000827','20010926','22928','22929',null,'1','1','3','20000827',null,null,'347','Neude','Neude',null,'32',null,null,'3512AG','Smalle Ee',null,null,null,null,null,null,null,null,'229',null,null);
INSERT INTO kern.his_persadres (id,persadres,dataanvgel,dateindegel,tsreg,tsverval,actieinh,actieverval,actieaanpgel,srt,rdnwijz,aangadresh,dataanvadresh,identcodeadresseerbaarobject,identcodenraand,gem,nor,afgekortenor,gemdeel,huisnr,huisletter,huisnrtoevoeging,postcode,wplnaam,loctenopzichtevanadres,locoms,bladresregel1,bladresregel2,bladresregel3,bladresregel4,bladresregel5,bladresregel6,landgebied,indpersaangetroffenopadres,nadereaandverval) VALUES('22884','22031','19920219','20000827','20000827',null,'22927',null,'22928','1','2',null,'19920219',null,null,'977','Marktstraat ','Marktstraat',null,'16',null,null,'6114HS','Koningsbosch',null,null,null,null,null,null,null,null,'229',null,null);
INSERT INTO kern.his_persadres (id,persadres,dataanvgel,dateindegel,tsreg,tsverval,actieinh,actieverval,actieaanpgel,srt,rdnwijz,aangadresh,dataanvadresh,identcodeadresseerbaarobject,identcodenraand,gem,nor,afgekortenor,gemdeel,huisnr,huisletter,huisnrtoevoeging,postcode,wplnaam,loctenopzichtevanadres,locoms,bladresregel1,bladresregel2,bladresregel3,bladresregel4,bladresregel5,bladresregel6,landgebied,indpersaangetroffenopadres,nadereaandverval) VALUES('22883','22031','19920219',null,'19920219','20000827','22927','22928',null,'1','2',null,'19920219',null,null,'977','Marktstraat ','Marktstraat',null,'16',null,null,'6114HS','Koningsbosch',null,null,null,null,null,null,null,null,'229',null,null);
INSERT INTO kern.his_persadres (id,persadres,dataanvgel,dateindegel,tsreg,tsverval,actieinh,actieverval,actieaanpgel,srt,rdnwijz,aangadresh,dataanvadresh,identcodeadresseerbaarobject,identcodenraand,gem,nor,afgekortenor,gemdeel,huisnr,huisletter,huisnrtoevoeging,postcode,wplnaam,loctenopzichtevanadres,locoms,bladresregel1,bladresregel2,bladresregel3,bladresregel4,bladresregel5,bladresregel6,landgebied,indpersaangetroffenopadres,nadereaandverval) VALUES('22882','22032','20120621',null,'20120621',null,'22926',null,null,'1','1','3','20120621',null,null,'347','Neude','Neude',null,'34',null,null,'3512AG','Smalle Ee',null,null,null,null,null,null,null,null,'229',null,null);
INSERT INTO kern.his_persadres (id,persadres,dataanvgel,dateindegel,tsreg,tsverval,actieinh,actieverval,actieaanpgel,srt,rdnwijz,aangadresh,dataanvadresh,identcodeadresseerbaarobject,identcodenraand,gem,nor,afgekortenor,gemdeel,huisnr,huisletter,huisnrtoevoeging,postcode,wplnaam,loctenopzichtevanadres,locoms,bladresregel1,bladresregel2,bladresregel3,bladresregel4,bladresregel5,bladresregel6,landgebied,indpersaangetroffenopadres,nadereaandverval) VALUES('22881','22032','20010301','20120621','20120621',null,'22925',null,'22926','1','1','3','20010301',null,null,'347','Vredenburg ','Vredenburg ',null,'116',null,null,'3511BE','Smalle Ee',null,null,null,null,null,null,null,null,'229',null,null);
INSERT INTO kern.his_persadres (id,persadres,dataanvgel,dateindegel,tsreg,tsverval,actieinh,actieverval,actieaanpgel,srt,rdnwijz,aangadresh,dataanvadresh,identcodeadresseerbaarobject,identcodenraand,gem,nor,afgekortenor,gemdeel,huisnr,huisletter,huisnrtoevoeging,postcode,wplnaam,loctenopzichtevanadres,locoms,bladresregel1,bladresregel2,bladresregel3,bladresregel4,bladresregel5,bladresregel6,landgebied,indpersaangetroffenopadres,nadereaandverval) VALUES('22880','22032','20010301',null,'20010301','20120621','22925','22926',null,'1','1','3','20010301',null,null,'347','Vredenburg ','Vredenburg ',null,'116',null,null,'3511BE','Smalle Ee',null,null,null,null,null,null,null,null,'229',null,null);
INSERT INTO kern.his_persadres (id,persadres,dataanvgel,dateindegel,tsreg,tsverval,actieinh,actieverval,actieaanpgel,srt,rdnwijz,aangadresh,dataanvadresh,identcodeadresseerbaarobject,identcodenraand,gem,nor,afgekortenor,gemdeel,huisnr,huisletter,huisnrtoevoeging,postcode,wplnaam,loctenopzichtevanadres,locoms,bladresregel1,bladresregel2,bladresregel3,bladresregel4,bladresregel5,bladresregel6,landgebied,indpersaangetroffenopadres,nadereaandverval) VALUES('22879','22032','19670601','20010301','20010301',null,'22924',null,'22925','1','1','3','19670601',null,null,'347','Biltstraat','Biltstraat',null,'99',null,null,'3572AM','Smalle Ee',null,null,null,null,null,null,null,null,'229',null,null);
INSERT INTO kern.his_persadres (id,persadres,dataanvgel,dateindegel,tsreg,tsverval,actieinh,actieverval,actieaanpgel,srt,rdnwijz,aangadresh,dataanvadresh,identcodeadresseerbaarobject,identcodenraand,gem,nor,afgekortenor,gemdeel,huisnr,huisletter,huisnrtoevoeging,postcode,wplnaam,loctenopzichtevanadres,locoms,bladresregel1,bladresregel2,bladresregel3,bladresregel4,bladresregel5,bladresregel6,landgebied,indpersaangetroffenopadres,nadereaandverval) VALUES('22878','22032','19670601',null,'19670601','20010301','22924','22925',null,'1','1','3','19670601',null,null,'347','Biltstraat','Biltstraat',null,'99',null,null,'3572AM','Smalle Ee',null,null,null,null,null,null,null,null,'229',null,null);
INSERT INTO kern.his_persadres (id,persadres,dataanvgel,dateindegel,tsreg,tsverval,actieinh,actieverval,actieaanpgel,srt,rdnwijz,aangadresh,dataanvadresh,identcodeadresseerbaarobject,identcodenraand,gem,nor,afgekortenor,gemdeel,huisnr,huisletter,huisnrtoevoeging,postcode,wplnaam,loctenopzichtevanadres,locoms,bladresregel1,bladresregel2,bladresregel3,bladresregel4,bladresregel5,bladresregel6,landgebied,indpersaangetroffenopadres,nadereaandverval) VALUES('22877','22032','19510923','19670601','19670601',null,'22923',null,'22924','1','2',null,'19510923',null,null,'522','Marktplein','Marktplein',null,'18',null,null,'2691BV','Honselersdijk',null,null,null,null,null,null,null,null,'229',null,null);
INSERT INTO kern.his_persadres (id,persadres,dataanvgel,dateindegel,tsreg,tsverval,actieinh,actieverval,actieaanpgel,srt,rdnwijz,aangadresh,dataanvadresh,identcodeadresseerbaarobject,identcodenraand,gem,nor,afgekortenor,gemdeel,huisnr,huisletter,huisnrtoevoeging,postcode,wplnaam,loctenopzichtevanadres,locoms,bladresregel1,bladresregel2,bladresregel3,bladresregel4,bladresregel5,bladresregel6,landgebied,indpersaangetroffenopadres,nadereaandverval) VALUES('22876','22032','19510923',null,'19510923','19670601','22923','22924',null,'1','2',null,'19510923',null,null,'522','Marktplein','Marktplein',null,'18',null,null,'2691BV','Honselersdijk',null,null,null,null,null,null,null,null,'229',null,null);
INSERT INTO kern.his_persadres (id,persadres,dataanvgel,dateindegel,tsreg,tsverval,actieinh,actieverval,actieaanpgel,srt,rdnwijz,aangadresh,dataanvadresh,identcodeadresseerbaarobject,identcodenraand,gem,nor,afgekortenor,gemdeel,huisnr,huisletter,huisnrtoevoeging,postcode,wplnaam,loctenopzichtevanadres,locoms,bladresregel1,bladresregel2,bladresregel3,bladresregel4,bladresregel5,bladresregel6,landgebied,indpersaangetroffenopadres,nadereaandverval) VALUES('22875','22033','20120621',null,'20120621',null,'22922',null,null,'1','1','3','20120621',null,null,'347','Neude','Neude',null,'34',null,null,'3512AG','Smalle Ee',null,null,null,null,null,null,null,null,'229',null,null);
INSERT INTO kern.his_persadres (id,persadres,dataanvgel,dateindegel,tsreg,tsverval,actieinh,actieverval,actieaanpgel,srt,rdnwijz,aangadresh,dataanvadresh,identcodeadresseerbaarobject,identcodenraand,gem,nor,afgekortenor,gemdeel,huisnr,huisletter,huisnrtoevoeging,postcode,wplnaam,loctenopzichtevanadres,locoms,bladresregel1,bladresregel2,bladresregel3,bladresregel4,bladresregel5,bladresregel6,landgebied,indpersaangetroffenopadres,nadereaandverval) VALUES('22874','22033','20010301','20120621','20120621',null,'22921',null,'22922','1','1','3','20010301',null,null,'347','Vredenburg ','Vredenburg ',null,'116',null,null,'3511BE','Smalle Ee',null,null,null,null,null,null,null,null,'229',null,null);
INSERT INTO kern.his_persadres (id,persadres,dataanvgel,dateindegel,tsreg,tsverval,actieinh,actieverval,actieaanpgel,srt,rdnwijz,aangadresh,dataanvadresh,identcodeadresseerbaarobject,identcodenraand,gem,nor,afgekortenor,gemdeel,huisnr,huisletter,huisnrtoevoeging,postcode,wplnaam,loctenopzichtevanadres,locoms,bladresregel1,bladresregel2,bladresregel3,bladresregel4,bladresregel5,bladresregel6,landgebied,indpersaangetroffenopadres,nadereaandverval) VALUES('22873','22033','20010301',null,'20010301','20120621','22921','22922',null,'1','1','3','20010301',null,null,'347','Vredenburg ','Vredenburg ',null,'116',null,null,'3511BE','Smalle Ee',null,null,null,null,null,null,null,null,'229',null,null);
INSERT INTO kern.his_persadres (id,persadres,dataanvgel,dateindegel,tsreg,tsverval,actieinh,actieverval,actieaanpgel,srt,rdnwijz,aangadresh,dataanvadresh,identcodeadresseerbaarobject,identcodenraand,gem,nor,afgekortenor,gemdeel,huisnr,huisletter,huisnrtoevoeging,postcode,wplnaam,loctenopzichtevanadres,locoms,bladresregel1,bladresregel2,bladresregel3,bladresregel4,bladresregel5,bladresregel6,landgebied,indpersaangetroffenopadres,nadereaandverval) VALUES('22872','22033','19670601','20010301','20010301',null,'22920',null,'22921','1','1','3','19670601',null,null,'347','Biltstraat','Biltstraat',null,'99',null,null,'3572AM','Smalle Ee',null,null,null,null,null,null,null,null,'229',null,null);
INSERT INTO kern.his_persadres (id,persadres,dataanvgel,dateindegel,tsreg,tsverval,actieinh,actieverval,actieaanpgel,srt,rdnwijz,aangadresh,dataanvadresh,identcodeadresseerbaarobject,identcodenraand,gem,nor,afgekortenor,gemdeel,huisnr,huisletter,huisnrtoevoeging,postcode,wplnaam,loctenopzichtevanadres,locoms,bladresregel1,bladresregel2,bladresregel3,bladresregel4,bladresregel5,bladresregel6,landgebied,indpersaangetroffenopadres,nadereaandverval) VALUES('22871','22033','19670601',null,'19670601','20010301','22920','22921',null,'1','1','3','19670601',null,null,'347','Biltstraat','Biltstraat',null,'99',null,null,'3572AM','Smalle Ee',null,null,null,null,null,null,null,null,'229',null,null);
INSERT INTO kern.his_persadres (id,persadres,dataanvgel,dateindegel,tsreg,tsverval,actieinh,actieverval,actieaanpgel,srt,rdnwijz,aangadresh,dataanvadresh,identcodeadresseerbaarobject,identcodenraand,gem,nor,afgekortenor,gemdeel,huisnr,huisletter,huisnrtoevoeging,postcode,wplnaam,loctenopzichtevanadres,locoms,bladresregel1,bladresregel2,bladresregel3,bladresregel4,bladresregel5,bladresregel6,landgebied,indpersaangetroffenopadres,nadereaandverval) VALUES('22870','22033','19531116','19670601','19670601',null,'22919',null,'22920','1','2',null,'19531116',null,null,'506','Markt','Markt',null,'80',null,null,'2611GW','Scherpenzeel',null,null,null,null,null,null,null,null,'229',null,null);
INSERT INTO kern.his_persadres (id,persadres,dataanvgel,dateindegel,tsreg,tsverval,actieinh,actieverval,actieaanpgel,srt,rdnwijz,aangadresh,dataanvadresh,identcodeadresseerbaarobject,identcodenraand,gem,nor,afgekortenor,gemdeel,huisnr,huisletter,huisnrtoevoeging,postcode,wplnaam,loctenopzichtevanadres,locoms,bladresregel1,bladresregel2,bladresregel3,bladresregel4,bladresregel5,bladresregel6,landgebied,indpersaangetroffenopadres,nadereaandverval) VALUES('22869','22033','19531116',null,'19531116','19670601','22919','22920',null,'1','2',null,'19531116',null,null,'506','Markt','Markt',null,'80',null,null,'2611GW','Scherpenzeel',null,null,null,null,null,null,null,null,'229',null,null);
INSERT INTO kern.his_persadres (id,persadres,dataanvgel,dateindegel,tsreg,tsverval,actieinh,actieverval,actieaanpgel,srt,rdnwijz,aangadresh,dataanvadresh,identcodeadresseerbaarobject,identcodenraand,gem,nor,afgekortenor,gemdeel,huisnr,huisletter,huisnrtoevoeging,postcode,wplnaam,loctenopzichtevanadres,locoms,bladresregel1,bladresregel2,bladresregel3,bladresregel4,bladresregel5,bladresregel6,landgebied,indpersaangetroffenopadres,nadereaandverval) VALUES('22868','22034','20090701',null,'20090701',null,'22918',null,null,'1','1','3','20090701',null,null,'347','Biltstraat','Biltstraat',null,'101',null,null,'3572AL','Smalle Ee',null,null,null,null,null,null,null,null,'229',null,null);
INSERT INTO kern.his_persadres (id,persadres,dataanvgel,dateindegel,tsreg,tsverval,actieinh,actieverval,actieaanpgel,srt,rdnwijz,aangadresh,dataanvadresh,identcodeadresseerbaarobject,identcodenraand,gem,nor,afgekortenor,gemdeel,huisnr,huisletter,huisnrtoevoeging,postcode,wplnaam,loctenopzichtevanadres,locoms,bladresregel1,bladresregel2,bladresregel3,bladresregel4,bladresregel5,bladresregel6,landgebied,indpersaangetroffenopadres,nadereaandverval) VALUES('22867','22034','20080218','20090701','20090701',null,'22917',null,'22918','1','1','3','20080218',null,null,'347','Vredenburg ','Vredenburg ',null,'118',null,null,'3511BE','Smalle Ee',null,null,null,null,null,null,null,null,'229',null,null);
INSERT INTO kern.his_persadres (id,persadres,dataanvgel,dateindegel,tsreg,tsverval,actieinh,actieverval,actieaanpgel,srt,rdnwijz,aangadresh,dataanvadresh,identcodeadresseerbaarobject,identcodenraand,gem,nor,afgekortenor,gemdeel,huisnr,huisletter,huisnrtoevoeging,postcode,wplnaam,loctenopzichtevanadres,locoms,bladresregel1,bladresregel2,bladresregel3,bladresregel4,bladresregel5,bladresregel6,landgebied,indpersaangetroffenopadres,nadereaandverval) VALUES('22866','22034','20080218',null,'20080218','20090701','22917','22918',null,'1','1','3','20080218',null,null,'347','Vredenburg ','Vredenburg ',null,'118',null,null,'3511BE','Smalle Ee',null,null,null,null,null,null,null,null,'229',null,null);
INSERT INTO kern.his_persadres (id,persadres,dataanvgel,dateindegel,tsreg,tsverval,actieinh,actieverval,actieaanpgel,srt,rdnwijz,aangadresh,dataanvadresh,identcodeadresseerbaarobject,identcodenraand,gem,nor,afgekortenor,gemdeel,huisnr,huisletter,huisnrtoevoeging,postcode,wplnaam,loctenopzichtevanadres,locoms,bladresregel1,bladresregel2,bladresregel3,bladresregel4,bladresregel5,bladresregel6,landgebied,indpersaangetroffenopadres,nadereaandverval) VALUES('22865','22034','20070406','20080218','20080218',null,'22916',null,'22917','1','1','3','20070406',null,null,'347','Neude','Neude',null,'36',null,null,'3512AG','Smalle Ee',null,null,null,null,null,null,null,null,'229',null,null);
INSERT INTO kern.his_persadres (id,persadres,dataanvgel,dateindegel,tsreg,tsverval,actieinh,actieverval,actieaanpgel,srt,rdnwijz,aangadresh,dataanvadresh,identcodeadresseerbaarobject,identcodenraand,gem,nor,afgekortenor,gemdeel,huisnr,huisletter,huisnrtoevoeging,postcode,wplnaam,loctenopzichtevanadres,locoms,bladresregel1,bladresregel2,bladresregel3,bladresregel4,bladresregel5,bladresregel6,landgebied,indpersaangetroffenopadres,nadereaandverval) VALUES('22864','22034','20070406',null,'20070406','20080218','22916','22917',null,'1','1','3','20070406',null,null,'347','Neude','Neude',null,'36',null,null,'3512AG','Smalle Ee',null,null,null,null,null,null,null,null,'229',null,null);
INSERT INTO kern.his_persadres (id,persadres,dataanvgel,dateindegel,tsreg,tsverval,actieinh,actieverval,actieaanpgel,srt,rdnwijz,aangadresh,dataanvadresh,identcodeadresseerbaarobject,identcodenraand,gem,nor,afgekortenor,gemdeel,huisnr,huisletter,huisnrtoevoeging,postcode,wplnaam,loctenopzichtevanadres,locoms,bladresregel1,bladresregel2,bladresregel3,bladresregel4,bladresregel5,bladresregel6,landgebied,indpersaangetroffenopadres,nadereaandverval) VALUES('22863','22034','19390402','20070406','20070406',null,'22915',null,'22916','1','2',null,'19390402',null,null,'403','Middenweg','Middenweg ',null,'159',null,null,'1782BE','Egmond-Binnen',null,null,null,null,null,null,null,null,'229',null,null);
INSERT INTO kern.his_persadres (id,persadres,dataanvgel,dateindegel,tsreg,tsverval,actieinh,actieverval,actieaanpgel,srt,rdnwijz,aangadresh,dataanvadresh,identcodeadresseerbaarobject,identcodenraand,gem,nor,afgekortenor,gemdeel,huisnr,huisletter,huisnrtoevoeging,postcode,wplnaam,loctenopzichtevanadres,locoms,bladresregel1,bladresregel2,bladresregel3,bladresregel4,bladresregel5,bladresregel6,landgebied,indpersaangetroffenopadres,nadereaandverval) VALUES('22862','22034','19390402',null,'19390402','20070406','22915','22916',null,'1','2',null,'19390402',null,null,'403','Middenweg','Middenweg ',null,'159',null,null,'1782BE','Egmond-Binnen',null,null,null,null,null,null,null,null,'229',null,null);
INSERT INTO kern.his_persadres (id,persadres,dataanvgel,dateindegel,tsreg,tsverval,actieinh,actieverval,actieaanpgel,srt,rdnwijz,aangadresh,dataanvadresh,identcodeadresseerbaarobject,identcodenraand,gem,nor,afgekortenor,gemdeel,huisnr,huisletter,huisnrtoevoeging,postcode,wplnaam,loctenopzichtevanadres,locoms,bladresregel1,bladresregel2,bladresregel3,bladresregel4,bladresregel5,bladresregel6,landgebied,indpersaangetroffenopadres,nadereaandverval) VALUES('22861','22035','20090301',null,'20090301',null,'22914',null,null,'1','1','3','20090301',null,null,'347','Vredenburg ','Vredenburg ',null,'120',null,null,'3511BE','Smalle Ee',null,null,null,null,null,null,null,null,'229',null,null);
INSERT INTO kern.his_persadres (id,persadres,dataanvgel,dateindegel,tsreg,tsverval,actieinh,actieverval,actieaanpgel,srt,rdnwijz,aangadresh,dataanvadresh,identcodeadresseerbaarobject,identcodenraand,gem,nor,afgekortenor,gemdeel,huisnr,huisletter,huisnrtoevoeging,postcode,wplnaam,loctenopzichtevanadres,locoms,bladresregel1,bladresregel2,bladresregel3,bladresregel4,bladresregel5,bladresregel6,landgebied,indpersaangetroffenopadres,nadereaandverval) VALUES('22860','22035','20081101','20090301','20090301',null,'22913',null,'22914','1','1','3','20081101',null,null,'347','Neude','Neude',null,'31',null,null,'3512AG','Smalle Ee',null,null,null,null,null,null,null,null,'229',null,null);
INSERT INTO kern.his_persadres (id,persadres,dataanvgel,dateindegel,tsreg,tsverval,actieinh,actieverval,actieaanpgel,srt,rdnwijz,aangadresh,dataanvadresh,identcodeadresseerbaarobject,identcodenraand,gem,nor,afgekortenor,gemdeel,huisnr,huisletter,huisnrtoevoeging,postcode,wplnaam,loctenopzichtevanadres,locoms,bladresregel1,bladresregel2,bladresregel3,bladresregel4,bladresregel5,bladresregel6,landgebied,indpersaangetroffenopadres,nadereaandverval) VALUES('22859','22035','20081101',null,'20081101','20090301','22913','22914',null,'1','1','3','20081101',null,null,'347','Neude','Neude',null,'31',null,null,'3512AG','Smalle Ee',null,null,null,null,null,null,null,null,'229',null,null);
INSERT INTO kern.his_persadres (id,persadres,dataanvgel,dateindegel,tsreg,tsverval,actieinh,actieverval,actieaanpgel,srt,rdnwijz,aangadresh,dataanvadresh,identcodeadresseerbaarobject,identcodenraand,gem,nor,afgekortenor,gemdeel,huisnr,huisletter,huisnrtoevoeging,postcode,wplnaam,loctenopzichtevanadres,locoms,bladresregel1,bladresregel2,bladresregel3,bladresregel4,bladresregel5,bladresregel6,landgebied,indpersaangetroffenopadres,nadereaandverval) VALUES('22858','22035','20050101','20081101','20081101',null,'22912',null,'22913','1','1','3','20050101',null,null,'347','Biltstraat','Biltstraat',null,'103',null,null,'3572AM','Smalle Ee',null,null,null,null,null,null,null,null,'229',null,null);
INSERT INTO kern.his_persadres (id,persadres,dataanvgel,dateindegel,tsreg,tsverval,actieinh,actieverval,actieaanpgel,srt,rdnwijz,aangadresh,dataanvadresh,identcodeadresseerbaarobject,identcodenraand,gem,nor,afgekortenor,gemdeel,huisnr,huisletter,huisnrtoevoeging,postcode,wplnaam,loctenopzichtevanadres,locoms,bladresregel1,bladresregel2,bladresregel3,bladresregel4,bladresregel5,bladresregel6,landgebied,indpersaangetroffenopadres,nadereaandverval) VALUES('22857','22035','20050101',null,'20050101','20081101','22912','22913',null,'1','1','3','20050101',null,null,'347','Biltstraat','Biltstraat',null,'103',null,null,'3572AM','Smalle Ee',null,null,null,null,null,null,null,null,'229',null,null);
INSERT INTO kern.his_persadres (id,persadres,dataanvgel,dateindegel,tsreg,tsverval,actieinh,actieverval,actieaanpgel,srt,rdnwijz,aangadresh,dataanvadresh,identcodeadresseerbaarobject,identcodenraand,gem,nor,afgekortenor,gemdeel,huisnr,huisletter,huisnrtoevoeging,postcode,wplnaam,loctenopzichtevanadres,locoms,bladresregel1,bladresregel2,bladresregel3,bladresregel4,bladresregel5,bladresregel6,landgebied,indpersaangetroffenopadres,nadereaandverval) VALUES('22856','22035','19841203','20050101','20050101',null,'22911',null,'22912','1','2',null,'19841203',null,null,'342','Molenstraat','Molenstraat',null,'25',null,null,'3927AB','Delft',null,null,null,null,null,null,null,null,'229',null,null);
INSERT INTO kern.his_persadres (id,persadres,dataanvgel,dateindegel,tsreg,tsverval,actieinh,actieverval,actieaanpgel,srt,rdnwijz,aangadresh,dataanvadresh,identcodeadresseerbaarobject,identcodenraand,gem,nor,afgekortenor,gemdeel,huisnr,huisletter,huisnrtoevoeging,postcode,wplnaam,loctenopzichtevanadres,locoms,bladresregel1,bladresregel2,bladresregel3,bladresregel4,bladresregel5,bladresregel6,landgebied,indpersaangetroffenopadres,nadereaandverval) VALUES('22855','22035','19841203',null,'19841203','20050101','22911','22912',null,'1','2',null,'19841203',null,null,'342','Molenstraat','Molenstraat',null,'25',null,null,'3927AB','Delft',null,null,null,null,null,null,null,null,'229',null,null);
INSERT INTO kern.his_persadres (id,persadres,dataanvgel,dateindegel,tsreg,tsverval,actieinh,actieverval,actieaanpgel,srt,rdnwijz,aangadresh,dataanvadresh,identcodeadresseerbaarobject,identcodenraand,gem,nor,afgekortenor,gemdeel,huisnr,huisletter,huisnrtoevoeging,postcode,wplnaam,loctenopzichtevanadres,locoms,bladresregel1,bladresregel2,bladresregel3,bladresregel4,bladresregel5,bladresregel6,landgebied,indpersaangetroffenopadres,nadereaandverval) VALUES('22854','22036','20090301',null,'20090301',null,'22910',null,null,'1','1','3','20090301',null,null,'347','Vredenburg ','Vredenburg ',null,'120',null,null,'3511BE','Smalle Ee',null,null,null,null,null,null,null,null,'229',null,null);
INSERT INTO kern.his_persadres (id,persadres,dataanvgel,dateindegel,tsreg,tsverval,actieinh,actieverval,actieaanpgel,srt,rdnwijz,aangadresh,dataanvadresh,identcodeadresseerbaarobject,identcodenraand,gem,nor,afgekortenor,gemdeel,huisnr,huisletter,huisnrtoevoeging,postcode,wplnaam,loctenopzichtevanadres,locoms,bladresregel1,bladresregel2,bladresregel3,bladresregel4,bladresregel5,bladresregel6,landgebied,indpersaangetroffenopadres,nadereaandverval) VALUES('22853','22036','20081101','20090301','20090301',null,'22909',null,'22910','1','1','3','20081101',null,null,'347','Neude','Neude',null,'31',null,null,'3512AG','Smalle Ee',null,null,null,null,null,null,null,null,'229',null,null);
INSERT INTO kern.his_persadres (id,persadres,dataanvgel,dateindegel,tsreg,tsverval,actieinh,actieverval,actieaanpgel,srt,rdnwijz,aangadresh,dataanvadresh,identcodeadresseerbaarobject,identcodenraand,gem,nor,afgekortenor,gemdeel,huisnr,huisletter,huisnrtoevoeging,postcode,wplnaam,loctenopzichtevanadres,locoms,bladresregel1,bladresregel2,bladresregel3,bladresregel4,bladresregel5,bladresregel6,landgebied,indpersaangetroffenopadres,nadereaandverval) VALUES('22852','22036','20081101',null,'20081101','20090301','22909','22910',null,'1','1','3','20081101',null,null,'347','Neude','Neude',null,'31',null,null,'3512AG','Smalle Ee',null,null,null,null,null,null,null,null,'229',null,null);
INSERT INTO kern.his_persadres (id,persadres,dataanvgel,dateindegel,tsreg,tsverval,actieinh,actieverval,actieaanpgel,srt,rdnwijz,aangadresh,dataanvadresh,identcodeadresseerbaarobject,identcodenraand,gem,nor,afgekortenor,gemdeel,huisnr,huisletter,huisnrtoevoeging,postcode,wplnaam,loctenopzichtevanadres,locoms,bladresregel1,bladresregel2,bladresregel3,bladresregel4,bladresregel5,bladresregel6,landgebied,indpersaangetroffenopadres,nadereaandverval) VALUES('22851','22036','20050101','20081101','20081101',null,'22908',null,'22909','1','1','3','20050101',null,null,'347','Biltstraat','Biltstraat',null,'103',null,null,'3572AM','Smalle Ee',null,null,null,null,null,null,null,null,'229',null,null);
INSERT INTO kern.his_persadres (id,persadres,dataanvgel,dateindegel,tsreg,tsverval,actieinh,actieverval,actieaanpgel,srt,rdnwijz,aangadresh,dataanvadresh,identcodeadresseerbaarobject,identcodenraand,gem,nor,afgekortenor,gemdeel,huisnr,huisletter,huisnrtoevoeging,postcode,wplnaam,loctenopzichtevanadres,locoms,bladresregel1,bladresregel2,bladresregel3,bladresregel4,bladresregel5,bladresregel6,landgebied,indpersaangetroffenopadres,nadereaandverval) VALUES('22850','22036','20050101',null,'20050101','20081101','22908','22909',null,'1','1','3','20050101',null,null,'347','Biltstraat','Biltstraat',null,'103',null,null,'3572AM','Smalle Ee',null,null,null,null,null,null,null,null,'229',null,null);
INSERT INTO kern.his_persadres (id,persadres,dataanvgel,dateindegel,tsreg,tsverval,actieinh,actieverval,actieaanpgel,srt,rdnwijz,aangadresh,dataanvadresh,identcodeadresseerbaarobject,identcodenraand,gem,nor,afgekortenor,gemdeel,huisnr,huisletter,huisnrtoevoeging,postcode,wplnaam,loctenopzichtevanadres,locoms,bladresregel1,bladresregel2,bladresregel3,bladresregel4,bladresregel5,bladresregel6,landgebied,indpersaangetroffenopadres,nadereaandverval) VALUES('22849','22036','19851011','20050101','20050101',null,'22907',null,'22908','1','2',null,'19851011',null,null,'342','Molenstraat','Molenstraat',null,'27',null,null,'3927AB','Delft',null,null,null,null,null,null,null,null,'229',null,null);
INSERT INTO kern.his_persadres (id,persadres,dataanvgel,dateindegel,tsreg,tsverval,actieinh,actieverval,actieaanpgel,srt,rdnwijz,aangadresh,dataanvadresh,identcodeadresseerbaarobject,identcodenraand,gem,nor,afgekortenor,gemdeel,huisnr,huisletter,huisnrtoevoeging,postcode,wplnaam,loctenopzichtevanadres,locoms,bladresregel1,bladresregel2,bladresregel3,bladresregel4,bladresregel5,bladresregel6,landgebied,indpersaangetroffenopadres,nadereaandverval) VALUES('22848','22036','19851011',null,'19851011','20050101','22907','22908',null,'1','2',null,'19851011',null,null,'342','Molenstraat','Molenstraat',null,'27',null,null,'3927AB','Delft',null,null,null,null,null,null,null,null,'229',null,null);
INSERT INTO kern.his_persadres (id,persadres,dataanvgel,dateindegel,tsreg,tsverval,actieinh,actieverval,actieaanpgel,srt,rdnwijz,aangadresh,dataanvadresh,identcodeadresseerbaarobject,identcodenraand,gem,nor,afgekortenor,gemdeel,huisnr,huisletter,huisnrtoevoeging,postcode,wplnaam,loctenopzichtevanadres,locoms,bladresregel1,bladresregel2,bladresregel3,bladresregel4,bladresregel5,bladresregel6,landgebied,indpersaangetroffenopadres,nadereaandverval) VALUES('22847','22037','20090301',null,'20090301',null,'22906',null,null,'1','1','3','20090301',null,null,'347','Vredenburg ','Vredenburg ',null,'120',null,null,'3511BE','Smalle Ee',null,null,null,null,null,null,null,null,'229',null,null);
INSERT INTO kern.his_persadres (id,persadres,dataanvgel,dateindegel,tsreg,tsverval,actieinh,actieverval,actieaanpgel,srt,rdnwijz,aangadresh,dataanvadresh,identcodeadresseerbaarobject,identcodenraand,gem,nor,afgekortenor,gemdeel,huisnr,huisletter,huisnrtoevoeging,postcode,wplnaam,loctenopzichtevanadres,locoms,bladresregel1,bladresregel2,bladresregel3,bladresregel4,bladresregel5,bladresregel6,landgebied,indpersaangetroffenopadres,nadereaandverval) VALUES('22846','22037','20081101','20090301','20090301',null,'22905',null,'22906','1','1','3','20081101',null,null,'347','Neude','Neude',null,'31',null,null,'3512AG','Smalle Ee',null,null,null,null,null,null,null,null,'229',null,null);
INSERT INTO kern.his_persadres (id,persadres,dataanvgel,dateindegel,tsreg,tsverval,actieinh,actieverval,actieaanpgel,srt,rdnwijz,aangadresh,dataanvadresh,identcodeadresseerbaarobject,identcodenraand,gem,nor,afgekortenor,gemdeel,huisnr,huisletter,huisnrtoevoeging,postcode,wplnaam,loctenopzichtevanadres,locoms,bladresregel1,bladresregel2,bladresregel3,bladresregel4,bladresregel5,bladresregel6,landgebied,indpersaangetroffenopadres,nadereaandverval) VALUES('22845','22037','20081101',null,'20081101','20090301','22905','22906',null,'1','1','3','20081101',null,null,'347','Neude','Neude',null,'31',null,null,'3512AG','Smalle Ee',null,null,null,null,null,null,null,null,'229',null,null);
INSERT INTO kern.his_persadres (id,persadres,dataanvgel,dateindegel,tsreg,tsverval,actieinh,actieverval,actieaanpgel,srt,rdnwijz,aangadresh,dataanvadresh,identcodeadresseerbaarobject,identcodenraand,gem,nor,afgekortenor,gemdeel,huisnr,huisletter,huisnrtoevoeging,postcode,wplnaam,loctenopzichtevanadres,locoms,bladresregel1,bladresregel2,bladresregel3,bladresregel4,bladresregel5,bladresregel6,landgebied,indpersaangetroffenopadres,nadereaandverval) VALUES('22844','22037','20050112','20081101','20081101',null,'22904',null,'22905','1','2',null,'20050112',null,null,'347','Biltstraat','Biltstraat',null,'103',null,null,'3572AM','Smalle Ee',null,null,null,null,null,null,null,null,'229',null,null);
INSERT INTO kern.his_persadres (id,persadres,dataanvgel,dateindegel,tsreg,tsverval,actieinh,actieverval,actieaanpgel,srt,rdnwijz,aangadresh,dataanvadresh,identcodeadresseerbaarobject,identcodenraand,gem,nor,afgekortenor,gemdeel,huisnr,huisletter,huisnrtoevoeging,postcode,wplnaam,loctenopzichtevanadres,locoms,bladresregel1,bladresregel2,bladresregel3,bladresregel4,bladresregel5,bladresregel6,landgebied,indpersaangetroffenopadres,nadereaandverval) VALUES('22843','22037','20050112',null,'20050112','20081101','22904','22905',null,'1','2',null,'20050112',null,null,'347','Biltstraat','Biltstraat',null,'103',null,null,'3572AM','Smalle Ee',null,null,null,null,null,null,null,null,'229',null,null);
INSERT INTO kern.his_persadres (id,persadres,dataanvgel,dateindegel,tsreg,tsverval,actieinh,actieverval,actieaanpgel,srt,rdnwijz,aangadresh,dataanvadresh,identcodeadresseerbaarobject,identcodenraand,gem,nor,afgekortenor,gemdeel,huisnr,huisletter,huisnrtoevoeging,postcode,wplnaam,loctenopzichtevanadres,locoms,bladresregel1,bladresregel2,bladresregel3,bladresregel4,bladresregel5,bladresregel6,landgebied,indpersaangetroffenopadres,nadereaandverval) VALUES('22842','22038','20090301',null,'20090301',null,'22903',null,null,'1','1','3','20090301',null,null,'347','Vredenburg ','Vredenburg ',null,'120',null,null,'3511BE','Smalle Ee',null,null,null,null,null,null,null,null,'229',null,null);
INSERT INTO kern.his_persadres (id,persadres,dataanvgel,dateindegel,tsreg,tsverval,actieinh,actieverval,actieaanpgel,srt,rdnwijz,aangadresh,dataanvadresh,identcodeadresseerbaarobject,identcodenraand,gem,nor,afgekortenor,gemdeel,huisnr,huisletter,huisnrtoevoeging,postcode,wplnaam,loctenopzichtevanadres,locoms,bladresregel1,bladresregel2,bladresregel3,bladresregel4,bladresregel5,bladresregel6,landgebied,indpersaangetroffenopadres,nadereaandverval) VALUES('22841','22038','20081101','20090301','20090301',null,'22902',null,'22903','1','1','3','20081101',null,null,'347','Neude','Neude',null,'31',null,null,'3512AG','Smalle Ee',null,null,null,null,null,null,null,null,'229',null,null);
INSERT INTO kern.his_persadres (id,persadres,dataanvgel,dateindegel,tsreg,tsverval,actieinh,actieverval,actieaanpgel,srt,rdnwijz,aangadresh,dataanvadresh,identcodeadresseerbaarobject,identcodenraand,gem,nor,afgekortenor,gemdeel,huisnr,huisletter,huisnrtoevoeging,postcode,wplnaam,loctenopzichtevanadres,locoms,bladresregel1,bladresregel2,bladresregel3,bladresregel4,bladresregel5,bladresregel6,landgebied,indpersaangetroffenopadres,nadereaandverval) VALUES('22840','22038','20081101',null,'20081101','20090301','22902','22903',null,'1','1','3','20081101',null,null,'347','Neude','Neude',null,'31',null,null,'3512AG','Smalle Ee',null,null,null,null,null,null,null,null,'229',null,null);
INSERT INTO kern.his_persadres (id,persadres,dataanvgel,dateindegel,tsreg,tsverval,actieinh,actieverval,actieaanpgel,srt,rdnwijz,aangadresh,dataanvadresh,identcodeadresseerbaarobject,identcodenraand,gem,nor,afgekortenor,gemdeel,huisnr,huisletter,huisnrtoevoeging,postcode,wplnaam,loctenopzichtevanadres,locoms,bladresregel1,bladresregel2,bladresregel3,bladresregel4,bladresregel5,bladresregel6,landgebied,indpersaangetroffenopadres,nadereaandverval) VALUES('22839','22038','20051201','20081101','20081101',null,'22901',null,'22902','1','2',null,'20051201',null,null,'347','Biltstraat','Biltstraat',null,'103',null,null,'3572AM','Smalle Ee',null,null,null,null,null,null,null,null,'229',null,null);
INSERT INTO kern.his_persadres (id,persadres,dataanvgel,dateindegel,tsreg,tsverval,actieinh,actieverval,actieaanpgel,srt,rdnwijz,aangadresh,dataanvadresh,identcodeadresseerbaarobject,identcodenraand,gem,nor,afgekortenor,gemdeel,huisnr,huisletter,huisnrtoevoeging,postcode,wplnaam,loctenopzichtevanadres,locoms,bladresregel1,bladresregel2,bladresregel3,bladresregel4,bladresregel5,bladresregel6,landgebied,indpersaangetroffenopadres,nadereaandverval) VALUES('22838','22038','20051201',null,'20051201','20081101','22901','22902',null,'1','2',null,'20051201',null,null,'347','Biltstraat','Biltstraat',null,'103',null,null,'3572AM','Smalle Ee',null,null,null,null,null,null,null,null,'229',null,null);
INSERT INTO kern.his_persadres (id,persadres,dataanvgel,dateindegel,tsreg,tsverval,actieinh,actieverval,actieaanpgel,srt,rdnwijz,aangadresh,dataanvadresh,identcodeadresseerbaarobject,identcodenraand,gem,nor,afgekortenor,gemdeel,huisnr,huisletter,huisnrtoevoeging,postcode,wplnaam,loctenopzichtevanadres,locoms,bladresregel1,bladresregel2,bladresregel3,bladresregel4,bladresregel5,bladresregel6,landgebied,indpersaangetroffenopadres,nadereaandverval) VALUES('22837','22039','20120522',null,'20120522',null,'22900',null,null,'1','1','3','20120522',null,null,'347','Neude','Neude',null,'33',null,null,'3512AG','Smalle Ee',null,null,null,null,null,null,null,null,'229',null,null);
INSERT INTO kern.his_persadres (id,persadres,dataanvgel,dateindegel,tsreg,tsverval,actieinh,actieverval,actieaanpgel,srt,rdnwijz,aangadresh,dataanvadresh,identcodeadresseerbaarobject,identcodenraand,gem,nor,afgekortenor,gemdeel,huisnr,huisletter,huisnrtoevoeging,postcode,wplnaam,loctenopzichtevanadres,locoms,bladresregel1,bladresregel2,bladresregel3,bladresregel4,bladresregel5,bladresregel6,landgebied,indpersaangetroffenopadres,nadereaandverval) VALUES('22836','22039','20111201','20120522','20120522',null,'22899',null,'22900','1','1','3','20111201',null,null,'347','Vredenburg ','Vredenburg ',null,'122',null,null,'3511BE','Smalle Ee',null,null,null,null,null,null,null,null,'229',null,null);
INSERT INTO kern.his_persadres (id,persadres,dataanvgel,dateindegel,tsreg,tsverval,actieinh,actieverval,actieaanpgel,srt,rdnwijz,aangadresh,dataanvadresh,identcodeadresseerbaarobject,identcodenraand,gem,nor,afgekortenor,gemdeel,huisnr,huisletter,huisnrtoevoeging,postcode,wplnaam,loctenopzichtevanadres,locoms,bladresregel1,bladresregel2,bladresregel3,bladresregel4,bladresregel5,bladresregel6,landgebied,indpersaangetroffenopadres,nadereaandverval) VALUES('22835','22039','20111201',null,'20111201','20120522','22899','22900',null,'1','1','3','20111201',null,null,'347','Vredenburg ','Vredenburg ',null,'122',null,null,'3511BE','Smalle Ee',null,null,null,null,null,null,null,null,'229',null,null);
INSERT INTO kern.his_persadres (id,persadres,dataanvgel,dateindegel,tsreg,tsverval,actieinh,actieverval,actieaanpgel,srt,rdnwijz,aangadresh,dataanvadresh,identcodeadresseerbaarobject,identcodenraand,gem,nor,afgekortenor,gemdeel,huisnr,huisletter,huisnrtoevoeging,postcode,wplnaam,loctenopzichtevanadres,locoms,bladresregel1,bladresregel2,bladresregel3,bladresregel4,bladresregel5,bladresregel6,landgebied,indpersaangetroffenopadres,nadereaandverval) VALUES('22834','22039','20101201','20111201','20111201',null,'22898',null,'22899','1','1','3','20101201',null,null,'347','Biltstraat','Biltstraat',null,'105',null,null,'3572AM','Smalle Ee',null,null,null,null,null,null,null,null,'229',null,null);
INSERT INTO kern.his_persadres (id,persadres,dataanvgel,dateindegel,tsreg,tsverval,actieinh,actieverval,actieaanpgel,srt,rdnwijz,aangadresh,dataanvadresh,identcodeadresseerbaarobject,identcodenraand,gem,nor,afgekortenor,gemdeel,huisnr,huisletter,huisnrtoevoeging,postcode,wplnaam,loctenopzichtevanadres,locoms,bladresregel1,bladresregel2,bladresregel3,bladresregel4,bladresregel5,bladresregel6,landgebied,indpersaangetroffenopadres,nadereaandverval) VALUES('22833','22039','20101201',null,'20101201','20111201','22898','22899',null,'1','1','3','20101201',null,null,'347','Biltstraat','Biltstraat',null,'105',null,null,'3572AM','Smalle Ee',null,null,null,null,null,null,null,null,'229',null,null);
INSERT INTO kern.his_persadres (id,persadres,dataanvgel,dateindegel,tsreg,tsverval,actieinh,actieverval,actieaanpgel,srt,rdnwijz,aangadresh,dataanvadresh,identcodeadresseerbaarobject,identcodenraand,gem,nor,afgekortenor,gemdeel,huisnr,huisletter,huisnrtoevoeging,postcode,wplnaam,loctenopzichtevanadres,locoms,bladresregel1,bladresregel2,bladresregel3,bladresregel4,bladresregel5,bladresregel6,landgebied,indpersaangetroffenopadres,nadereaandverval) VALUES('22832','22039','19910315','20101201','20101201',null,'22897',null,'22898','1','2',null,'19910315',null,null,'347','Neude','Neude',null,'33',null,null,'3512AG','Smalle Ee',null,null,null,null,null,null,null,null,'229',null,null);
INSERT INTO kern.his_persadres (id,persadres,dataanvgel,dateindegel,tsreg,tsverval,actieinh,actieverval,actieaanpgel,srt,rdnwijz,aangadresh,dataanvadresh,identcodeadresseerbaarobject,identcodenraand,gem,nor,afgekortenor,gemdeel,huisnr,huisletter,huisnrtoevoeging,postcode,wplnaam,loctenopzichtevanadres,locoms,bladresregel1,bladresregel2,bladresregel3,bladresregel4,bladresregel5,bladresregel6,landgebied,indpersaangetroffenopadres,nadereaandverval) VALUES('22831','22039','19910315',null,'19910315','20101201','22897','22898',null,'1','2',null,'19910315',null,null,'347','Neude','Neude',null,'33',null,null,'3512AG','Smalle Ee',null,null,null,null,null,null,null,null,'229',null,null);
INSERT INTO kern.his_persadres (id,persadres,dataanvgel,dateindegel,tsreg,tsverval,actieinh,actieverval,actieaanpgel,srt,rdnwijz,aangadresh,dataanvadresh,identcodeadresseerbaarobject,identcodenraand,gem,nor,afgekortenor,gemdeel,huisnr,huisletter,huisnrtoevoeging,postcode,wplnaam,loctenopzichtevanadres,locoms,bladresregel1,bladresregel2,bladresregel3,bladresregel4,bladresregel5,bladresregel6,landgebied,indpersaangetroffenopadres,nadereaandverval) VALUES('22830','22040','20010517',null,'20010517',null,'22896',null,null,'1','2',null,'20010517',null,null,'347','Biltstraat','Biltstraat',null,'107',null,null,'3572AM','Smalle Ee',null,null,null,null,null,null,null,null,'229',null,null);
INSERT INTO kern.his_persadres (id,persadres,dataanvgel,dateindegel,tsreg,tsverval,actieinh,actieverval,actieaanpgel,srt,rdnwijz,aangadresh,dataanvadresh,identcodeadresseerbaarobject,identcodenraand,gem,nor,afgekortenor,gemdeel,huisnr,huisletter,huisnrtoevoeging,postcode,wplnaam,loctenopzichtevanadres,locoms,bladresregel1,bladresregel2,bladresregel3,bladresregel4,bladresregel5,bladresregel6,landgebied,indpersaangetroffenopadres,nadereaandverval) VALUES('22829','22041','20090201',null,'20090201',null,'22895',null,null,'1','1','3','20090201',null,null,'347','Vredenburg ','Vredenburg ',null,'124',null,null,'3511BE','Smalle Ee',null,null,null,null,null,null,null,null,'229',null,null);
INSERT INTO kern.his_persadres (id,persadres,dataanvgel,dateindegel,tsreg,tsverval,actieinh,actieverval,actieaanpgel,srt,rdnwijz,aangadresh,dataanvadresh,identcodeadresseerbaarobject,identcodenraand,gem,nor,afgekortenor,gemdeel,huisnr,huisletter,huisnrtoevoeging,postcode,wplnaam,loctenopzichtevanadres,locoms,bladresregel1,bladresregel2,bladresregel3,bladresregel4,bladresregel5,bladresregel6,landgebied,indpersaangetroffenopadres,nadereaandverval) VALUES('22828','22041','20060523','20090201','20090201',null,'22894',null,'22895','1','1','3','20060523',null,null,'347','Neude','Neude',null,'35',null,null,'3512AG','Smalle Ee',null,null,null,null,null,null,null,null,'229',null,null);
INSERT INTO kern.his_persadres (id,persadres,dataanvgel,dateindegel,tsreg,tsverval,actieinh,actieverval,actieaanpgel,srt,rdnwijz,aangadresh,dataanvadresh,identcodeadresseerbaarobject,identcodenraand,gem,nor,afgekortenor,gemdeel,huisnr,huisletter,huisnrtoevoeging,postcode,wplnaam,loctenopzichtevanadres,locoms,bladresregel1,bladresregel2,bladresregel3,bladresregel4,bladresregel5,bladresregel6,landgebied,indpersaangetroffenopadres,nadereaandverval) VALUES('22827','22041','20060523',null,'20060523','20090201','22894','22895',null,'1','1','3','20060523',null,null,'347','Neude','Neude',null,'35',null,null,'3512AG','Smalle Ee',null,null,null,null,null,null,null,null,'229',null,null);
INSERT INTO kern.his_persadres (id,persadres,dataanvgel,dateindegel,tsreg,tsverval,actieinh,actieverval,actieaanpgel,srt,rdnwijz,aangadresh,dataanvadresh,identcodeadresseerbaarobject,identcodenraand,gem,nor,afgekortenor,gemdeel,huisnr,huisletter,huisnrtoevoeging,postcode,wplnaam,loctenopzichtevanadres,locoms,bladresregel1,bladresregel2,bladresregel3,bladresregel4,bladresregel5,bladresregel6,landgebied,indpersaangetroffenopadres,nadereaandverval) VALUES('22826','22041','20040819','20060523','20060523',null,'22893',null,'22894','1','1','3','20040819',null,null,'347','Vredenburg ','Vredenburg ',null,'126',null,null,'3511BE','Smalle Ee',null,null,null,null,null,null,null,null,'229',null,null);
INSERT INTO kern.his_persadres (id,persadres,dataanvgel,dateindegel,tsreg,tsverval,actieinh,actieverval,actieaanpgel,srt,rdnwijz,aangadresh,dataanvadresh,identcodeadresseerbaarobject,identcodenraand,gem,nor,afgekortenor,gemdeel,huisnr,huisletter,huisnrtoevoeging,postcode,wplnaam,loctenopzichtevanadres,locoms,bladresregel1,bladresregel2,bladresregel3,bladresregel4,bladresregel5,bladresregel6,landgebied,indpersaangetroffenopadres,nadereaandverval) VALUES('22825','22041','20040819',null,'20040819','20060523','22893','22894',null,'1','1','3','20040819',null,null,'347','Vredenburg ','Vredenburg ',null,'126',null,null,'3511BE','Smalle Ee',null,null,null,null,null,null,null,null,'229',null,null);
INSERT INTO kern.his_persadres (id,persadres,dataanvgel,dateindegel,tsreg,tsverval,actieinh,actieverval,actieaanpgel,srt,rdnwijz,aangadresh,dataanvadresh,identcodeadresseerbaarobject,identcodenraand,gem,nor,afgekortenor,gemdeel,huisnr,huisletter,huisnrtoevoeging,postcode,wplnaam,loctenopzichtevanadres,locoms,bladresregel1,bladresregel2,bladresregel3,bladresregel4,bladresregel5,bladresregel6,landgebied,indpersaangetroffenopadres,nadereaandverval) VALUES('22824','22041','20010517','20040819','20040819',null,'22892',null,'22893','1','2',null,'20010517',null,null,'347','Biltstraat','Biltstraat',null,'107',null,null,'3572AM','Smalle Ee',null,null,null,null,null,null,null,null,'229',null,null);
INSERT INTO kern.his_persadres (id,persadres,dataanvgel,dateindegel,tsreg,tsverval,actieinh,actieverval,actieaanpgel,srt,rdnwijz,aangadresh,dataanvadresh,identcodeadresseerbaarobject,identcodenraand,gem,nor,afgekortenor,gemdeel,huisnr,huisletter,huisnrtoevoeging,postcode,wplnaam,loctenopzichtevanadres,locoms,bladresregel1,bladresregel2,bladresregel3,bladresregel4,bladresregel5,bladresregel6,landgebied,indpersaangetroffenopadres,nadereaandverval) VALUES('22823','22041','20010517',null,'20010517','20040819','22892','22893',null,'1','2',null,'20010517',null,null,'347','Biltstraat','Biltstraat',null,'107',null,null,'3572AM','Smalle Ee',null,null,null,null,null,null,null,null,'229',null,null);
INSERT INTO kern.his_persadres (id,persadres,dataanvgel,dateindegel,tsreg,tsverval,actieinh,actieverval,actieaanpgel,srt,rdnwijz,aangadresh,dataanvadresh,identcodeadresseerbaarobject,identcodenraand,gem,nor,afgekortenor,gemdeel,huisnr,huisletter,huisnrtoevoeging,postcode,wplnaam,loctenopzichtevanadres,locoms,bladresregel1,bladresregel2,bladresregel3,bladresregel4,bladresregel5,bladresregel6,landgebied,indpersaangetroffenopadres,nadereaandverval) VALUES('22822','22042','20010328',null,'20010328',null,'22891',null,null,'1','1','7','20010328',null,null,'347','Biltstraat','Biltstraat',null,'142',null,null,'3572BM','Smalle Ee',null,null,null,null,null,null,null,null,'229',null,null);
INSERT INTO kern.his_persadres (id,persadres,dataanvgel,dateindegel,tsreg,tsverval,actieinh,actieverval,actieaanpgel,srt,rdnwijz,aangadresh,dataanvadresh,identcodeadresseerbaarobject,identcodenraand,gem,nor,afgekortenor,gemdeel,huisnr,huisletter,huisnrtoevoeging,postcode,wplnaam,loctenopzichtevanadres,locoms,bladresregel1,bladresregel2,bladresregel3,bladresregel4,bladresregel5,bladresregel6,landgebied,indpersaangetroffenopadres,nadereaandverval) VALUES('22821','22042','19580921','20010328','20010328',null,'22890',null,'22891','1','2',null,'19580921',null,null,'342','Molenstraat','Molenstraat',null,'27',null,null,'3927AB','Delft',null,null,null,null,null,null,null,null,'229',null,null);
INSERT INTO kern.his_persadres (id,persadres,dataanvgel,dateindegel,tsreg,tsverval,actieinh,actieverval,actieaanpgel,srt,rdnwijz,aangadresh,dataanvadresh,identcodeadresseerbaarobject,identcodenraand,gem,nor,afgekortenor,gemdeel,huisnr,huisletter,huisnrtoevoeging,postcode,wplnaam,loctenopzichtevanadres,locoms,bladresregel1,bladresregel2,bladresregel3,bladresregel4,bladresregel5,bladresregel6,landgebied,indpersaangetroffenopadres,nadereaandverval) VALUES('22820','22042','19580921',null,'19580921','20010328','22890','22891',null,'1','2',null,'19580921',null,null,'342','Molenstraat','Molenstraat',null,'27',null,null,'3927AB','Delft',null,null,null,null,null,null,null,null,'229',null,null);
INSERT INTO kern.his_persadres (id,persadres,dataanvgel,dateindegel,tsreg,tsverval,actieinh,actieverval,actieaanpgel,srt,rdnwijz,aangadresh,dataanvadresh,identcodeadresseerbaarobject,identcodenraand,gem,nor,afgekortenor,gemdeel,huisnr,huisletter,huisnrtoevoeging,postcode,wplnaam,loctenopzichtevanadres,locoms,bladresregel1,bladresregel2,bladresregel3,bladresregel4,bladresregel5,bladresregel6,landgebied,indpersaangetroffenopadres,nadereaandverval) VALUES('22819','22043','19820528',null,'19820528',null,'22889',null,null,'1','1','3','19820528',null,null,'347','Biltstraat','Biltstraat',null,'142',null,null,'3572BM','Smalle Ee',null,null,null,null,null,null,null,null,'229',null,null);
INSERT INTO kern.his_persadres (id,persadres,dataanvgel,dateindegel,tsreg,tsverval,actieinh,actieverval,actieaanpgel,srt,rdnwijz,aangadresh,dataanvadresh,identcodeadresseerbaarobject,identcodenraand,gem,nor,afgekortenor,gemdeel,huisnr,huisletter,huisnrtoevoeging,postcode,wplnaam,loctenopzichtevanadres,locoms,bladresregel1,bladresregel2,bladresregel3,bladresregel4,bladresregel5,bladresregel6,landgebied,indpersaangetroffenopadres,nadereaandverval) VALUES('22818','22043','19590922','19820528','19820528',null,'22888',null,'22889','1','2',null,'19590922',null,null,'403','Middenweg','Middenweg ',null,'159',null,null,'1782BE','Egmond-Binnen',null,null,null,null,null,null,null,null,'229',null,null);
INSERT INTO kern.his_persadres (id,persadres,dataanvgel,dateindegel,tsreg,tsverval,actieinh,actieverval,actieaanpgel,srt,rdnwijz,aangadresh,dataanvadresh,identcodeadresseerbaarobject,identcodenraand,gem,nor,afgekortenor,gemdeel,huisnr,huisletter,huisnrtoevoeging,postcode,wplnaam,loctenopzichtevanadres,locoms,bladresregel1,bladresregel2,bladresregel3,bladresregel4,bladresregel5,bladresregel6,landgebied,indpersaangetroffenopadres,nadereaandverval) VALUES('22817','22043','19590922',null,'19590922','19820528','22888','22889',null,'1','2',null,'19590922',null,null,'403','Middenweg','Middenweg ',null,'159',null,null,'1782BE','Egmond-Binnen',null,null,null,null,null,null,null,null,'229',null,null);
INSERT INTO kern.his_persadres (id,persadres,dataanvgel,dateindegel,tsreg,tsverval,actieinh,actieverval,actieaanpgel,srt,rdnwijz,aangadresh,dataanvadresh,identcodeadresseerbaarobject,identcodenraand,gem,nor,afgekortenor,gemdeel,huisnr,huisletter,huisnrtoevoeging,postcode,wplnaam,loctenopzichtevanadres,locoms,bladresregel1,bladresregel2,bladresregel3,bladresregel4,bladresregel5,bladresregel6,landgebied,indpersaangetroffenopadres,nadereaandverval) VALUES('22816','22044','20010328',null,'20010328',null,'22887',null,null,'1','1','3','20010328',null,null,'347','Vredenburg','Vredenburg',null,'114',null,null,'3511BE','Smalle Ee',null,null,null,null,null,null,null,null,'229',null,null);
INSERT INTO kern.his_persadres (id,persadres,dataanvgel,dateindegel,tsreg,tsverval,actieinh,actieverval,actieaanpgel,srt,rdnwijz,aangadresh,dataanvadresh,identcodeadresseerbaarobject,identcodenraand,gem,nor,afgekortenor,gemdeel,huisnr,huisletter,huisnrtoevoeging,postcode,wplnaam,loctenopzichtevanadres,locoms,bladresregel1,bladresregel2,bladresregel3,bladresregel4,bladresregel5,bladresregel6,landgebied,indpersaangetroffenopadres,nadereaandverval) VALUES('22815','22044','19601221','20010328','20010328',null,'22886',null,'22887','1','2',null,'19601221',null,null,'342','Molenstraat','Molenstraat',null,'27',null,null,'3927AB','Delft',null,null,null,null,null,null,null,null,'229',null,null);
INSERT INTO kern.his_persadres (id,persadres,dataanvgel,dateindegel,tsreg,tsverval,actieinh,actieverval,actieaanpgel,srt,rdnwijz,aangadresh,dataanvadresh,identcodeadresseerbaarobject,identcodenraand,gem,nor,afgekortenor,gemdeel,huisnr,huisletter,huisnrtoevoeging,postcode,wplnaam,loctenopzichtevanadres,locoms,bladresregel1,bladresregel2,bladresregel3,bladresregel4,bladresregel5,bladresregel6,landgebied,indpersaangetroffenopadres,nadereaandverval) VALUES('22814','22044','19601221',null,'19601221','20010328','22886','22887',null,'1','2',null,'19601221',null,null,'342','Molenstraat','Molenstraat',null,'27',null,null,'3927AB','Delft',null,null,null,null,null,null,null,null,'229',null,null);
INSERT INTO kern.his_persadres (id,persadres,dataanvgel,dateindegel,tsreg,tsverval,actieinh,actieverval,actieaanpgel,srt,rdnwijz,aangadresh,dataanvadresh,identcodeadresseerbaarobject,identcodenraand,gem,nor,afgekortenor,gemdeel,huisnr,huisletter,huisnrtoevoeging,postcode,wplnaam,loctenopzichtevanadres,locoms,bladresregel1,bladresregel2,bladresregel3,bladresregel4,bladresregel5,bladresregel6,landgebied,indpersaangetroffenopadres,nadereaandverval) VALUES('22813','22045','19911002',null,'19911002',null,'22885',null,null,'1','1','7','19911002',null,null,'347','Vredenburg','Vredenburg',null,'114',null,null,'3511BE','Smalle Ee',null,null,null,null,null,null,null,null,'229',null,null);
INSERT INTO kern.his_persadres (id,persadres,dataanvgel,dateindegel,tsreg,tsverval,actieinh,actieverval,actieaanpgel,srt,rdnwijz,aangadresh,dataanvadresh,identcodeadresseerbaarobject,identcodenraand,gem,nor,afgekortenor,gemdeel,huisnr,huisletter,huisnrtoevoeging,postcode,wplnaam,loctenopzichtevanadres,locoms,bladresregel1,bladresregel2,bladresregel3,bladresregel4,bladresregel5,bladresregel6,landgebied,indpersaangetroffenopadres,nadereaandverval) VALUES('22812','22045','19611222','19911002','19911002',null,'22884',null,'22885','1','2',null,'19611222',null,null,'508','Nieuwe Haven','Nieuwe Haven',null,'13',null,null,'3311AP','Alkmaar',null,null,null,null,null,null,null,null,'229',null,null);
INSERT INTO kern.his_persadres (id,persadres,dataanvgel,dateindegel,tsreg,tsverval,actieinh,actieverval,actieaanpgel,srt,rdnwijz,aangadresh,dataanvadresh,identcodeadresseerbaarobject,identcodenraand,gem,nor,afgekortenor,gemdeel,huisnr,huisletter,huisnrtoevoeging,postcode,wplnaam,loctenopzichtevanadres,locoms,bladresregel1,bladresregel2,bladresregel3,bladresregel4,bladresregel5,bladresregel6,landgebied,indpersaangetroffenopadres,nadereaandverval) VALUES('22811','22045','19611222',null,'19611222','19911002','22884','22885',null,'1','2',null,'19611222',null,null,'508','Nieuwe Haven','Nieuwe Haven',null,'13',null,null,'3311AP','Alkmaar',null,null,null,null,null,null,null,null,'229',null,null);

commit;


--------------------------------------------------
--- EIND
--- Sheet: (his_persadres)
--- Handler: SheetHandlerImplSimpleInsert
--- Aantal: (190)
--------------------------------------------------
--------------------------------------------------
--- Sheet: (16) (vervangtabel adressen) wordt overgeslagen
--------------------------------------------------
--------------------------------------------------
--- Sheet: (17) (roulatie over 40) wordt overgeslagen
--------------------------------------------------
--------------------------------------------------
--- Sheet: (18) (update statement voor adres) wordt overgeslagen
--------------------------------------------------
--------------------------------------------------
--- START
--- Sheet: (relatie)
--- Handler: SheetHandlerImplSimpleInsert
--------------------------------------------------

begin;

INSERT INTO kern.relatie (id,srt,dataanv,gemaanv,wplnaamaanv,blplaatsaanv,blregioaanv,landgebiedaanv,omslocaanv,rdneinde,dateinde,gemeinde,wplnaameinde,blplaatseinde,blregioeinde,landgebiedeinde,omsloceinde) VALUES('22001','1','20030327','1431',null,null,null,'255','Modernodam',null,null,null,null,null,null,null,null);
INSERT INTO kern.relatie (id,srt,dataanv,gemaanv,wplnaamaanv,blplaatsaanv,blregioaanv,landgebiedaanv,omslocaanv,rdneinde,dateinde,gemeinde,wplnaameinde,blplaatseinde,blregioeinde,landgebiedeinde,omsloceinde) VALUES('22002','1','19901111','1431',null,null,null,'255','Modernodam',null,null,null,null,null,null,null,null);
INSERT INTO kern.relatie (id,srt,dataanv,gemaanv,wplnaamaanv,blplaatsaanv,blregioaanv,landgebiedaanv,omslocaanv,rdneinde,dateinde,gemeinde,wplnaameinde,blplaatseinde,blregioeinde,landgebiedeinde,omsloceinde) VALUES('22003','1','19970605','1431',null,null,null,'255','Modernodam','4','20120101',null,null,null,null,null,null);
INSERT INTO kern.relatie (id,srt,dataanv,gemaanv,wplnaamaanv,blplaatsaanv,blregioaanv,landgebiedaanv,omslocaanv,rdneinde,dateinde,gemeinde,wplnaameinde,blplaatseinde,blregioeinde,landgebiedeinde,omsloceinde) VALUES('22004','1','20031024','1431',null,null,null,'255','Modernodam',null,null,null,null,null,null,null,null);
INSERT INTO kern.relatie (id,srt,dataanv,gemaanv,wplnaamaanv,blplaatsaanv,blregioaanv,landgebiedaanv,omslocaanv,rdneinde,dateinde,gemeinde,wplnaameinde,blplaatseinde,blregioeinde,landgebiedeinde,omsloceinde) VALUES('22005','1','19960304','1431',null,null,null,'255','Modernodam','4','20120208',null,null,null,null,null,null);
INSERT INTO kern.relatie (id,srt,dataanv,gemaanv,wplnaamaanv,blplaatsaanv,blregioaanv,landgebiedaanv,omslocaanv,rdneinde,dateinde,gemeinde,wplnaameinde,blplaatseinde,blregioeinde,landgebiedeinde,omsloceinde) VALUES('22006','3',null,null,null,null,null,null,null,null,null,null,null,null,null,null,null);
INSERT INTO kern.relatie (id,srt,dataanv,gemaanv,wplnaamaanv,blplaatsaanv,blregioaanv,landgebiedaanv,omslocaanv,rdneinde,dateinde,gemeinde,wplnaameinde,blplaatseinde,blregioeinde,landgebiedeinde,omsloceinde) VALUES('22007','3',null,null,null,null,null,null,null,null,null,null,null,null,null,null,null);
INSERT INTO kern.relatie (id,srt,dataanv,gemaanv,wplnaamaanv,blplaatsaanv,blregioaanv,landgebiedaanv,omslocaanv,rdneinde,dateinde,gemeinde,wplnaameinde,blplaatseinde,blregioeinde,landgebiedeinde,omsloceinde) VALUES('22008','3',null,null,null,null,null,null,null,null,null,null,null,null,null,null,null);
INSERT INTO kern.relatie (id,srt,dataanv,gemaanv,wplnaamaanv,blplaatsaanv,blregioaanv,landgebiedaanv,omslocaanv,rdneinde,dateinde,gemeinde,wplnaameinde,blplaatseinde,blregioeinde,landgebiedeinde,omsloceinde) VALUES('22009','1','19800610','1431',null,null,null,'255','Modernodam',null,null,null,null,null,null,null,null);
INSERT INTO kern.relatie (id,srt,dataanv,gemaanv,wplnaamaanv,blplaatsaanv,blregioaanv,landgebiedaanv,omslocaanv,rdneinde,dateinde,gemeinde,wplnaameinde,blplaatseinde,blregioeinde,landgebiedeinde,omsloceinde) VALUES('22010','1','19810425','1431',null,null,null,'255','Modernodam',null,null,null,null,null,null,null,null);
INSERT INTO kern.relatie (id,srt,dataanv,gemaanv,wplnaamaanv,blplaatsaanv,blregioaanv,landgebiedaanv,omslocaanv,rdneinde,dateinde,gemeinde,wplnaameinde,blplaatseinde,blregioeinde,landgebiedeinde,omsloceinde) VALUES('22011','1','19760701','1431',null,null,null,'255','Modernodam',null,null,null,null,null,null,null,null);
INSERT INTO kern.relatie (id,srt,dataanv,gemaanv,wplnaamaanv,blplaatsaanv,blregioaanv,landgebiedaanv,omslocaanv,rdneinde,dateinde,gemeinde,wplnaameinde,blplaatseinde,blregioeinde,landgebiedeinde,omsloceinde) VALUES('22012','3',null,null,null,null,null,null,null,null,null,null,null,null,null,null,null);
INSERT INTO kern.relatie (id,srt,dataanv,gemaanv,wplnaamaanv,blplaatsaanv,blregioaanv,landgebiedaanv,omslocaanv,rdneinde,dateinde,gemeinde,wplnaameinde,blplaatseinde,blregioeinde,landgebiedeinde,omsloceinde) VALUES('22013','3',null,null,null,null,null,null,null,null,null,null,null,null,null,null,null);
INSERT INTO kern.relatie (id,srt,dataanv,gemaanv,wplnaamaanv,blplaatsaanv,blregioaanv,landgebiedaanv,omslocaanv,rdneinde,dateinde,gemeinde,wplnaameinde,blplaatseinde,blregioeinde,landgebiedeinde,omsloceinde) VALUES('22014','1','20050101','1431',null,null,null,'255','Modernodam',null,null,null,null,null,null,null,null);
INSERT INTO kern.relatie (id,srt,dataanv,gemaanv,wplnaamaanv,blplaatsaanv,blregioaanv,landgebiedaanv,omslocaanv,rdneinde,dateinde,gemeinde,wplnaameinde,blplaatseinde,blregioeinde,landgebiedeinde,omsloceinde) VALUES('22015','3',null,null,null,null,null,null,null,null,null,null,null,null,null,null,null);
INSERT INTO kern.relatie (id,srt,dataanv,gemaanv,wplnaamaanv,blplaatsaanv,blregioaanv,landgebiedaanv,omslocaanv,rdneinde,dateinde,gemeinde,wplnaameinde,blplaatseinde,blregioeinde,landgebiedeinde,omsloceinde) VALUES('22016','2','20031010','1431',null,null,null,'255','Modernodam',null,null,null,null,null,null,null,null);
INSERT INTO kern.relatie (id,srt,dataanv,gemaanv,wplnaamaanv,blplaatsaanv,blregioaanv,landgebiedaanv,omslocaanv,rdneinde,dateinde,gemeinde,wplnaameinde,blplaatseinde,blregioeinde,landgebiedeinde,omsloceinde) VALUES('22017','3',null,null,null,null,null,null,null,null,null,null,null,null,null,null,null);
INSERT INTO kern.relatie (id,srt,dataanv,gemaanv,wplnaamaanv,blplaatsaanv,blregioaanv,landgebiedaanv,omslocaanv,rdneinde,dateinde,gemeinde,wplnaameinde,blplaatseinde,blregioeinde,landgebiedeinde,omsloceinde) VALUES('22018','1','20030328','1431',null,null,null,'255','Modernodam',null,null,null,null,null,null,null,null);
INSERT INTO kern.relatie (id,srt,dataanv,gemaanv,wplnaamaanv,blplaatsaanv,blregioaanv,landgebiedaanv,omslocaanv,rdneinde,dateinde,gemeinde,wplnaameinde,blplaatseinde,blregioeinde,landgebiedeinde,omsloceinde) VALUES('22019','1','20030328','1431',null,null,null,'255','Modernodam',null,null,null,null,null,null,null,null);

commit;


--------------------------------------------------
--- EIND
--- Sheet: (relatie)
--- Handler: SheetHandlerImplSimpleInsert
--- Aantal: (29)
--------------------------------------------------
--------------------------------------------------
--- START
--- Sheet: (his_relatie)
--- Handler: SheetHandlerImplSimpleInsert
--------------------------------------------------

begin;

INSERT INTO kern.his_relatie (id,relatie,tsreg,tsverval,actieinh,actieverval,dataanv,gemaanv,wplnaamaanv,blplaatsaanv,blregioaanv,landgebiedaanv,omslocaanv,rdneinde,dateinde,gemeinde,wplnaameinde,blplaatseinde,blregioeinde,landgebiedeinde,omsloceinde,nadereaandverval) VALUES('22001','22001','20030327',null,'22501',null,'20030327','1431',null,null,null,'255','Modernodam',null,null,null,null,null,null,null,null,null);
INSERT INTO kern.his_relatie (id,relatie,tsreg,tsverval,actieinh,actieverval,dataanv,gemaanv,wplnaamaanv,blplaatsaanv,blregioaanv,landgebiedaanv,omslocaanv,rdneinde,dateinde,gemeinde,wplnaameinde,blplaatseinde,blregioeinde,landgebiedeinde,omsloceinde,nadereaandverval) VALUES('22002','22002','19901111',null,'22502',null,'19901111','1431',null,null,null,'255','Modernodam',null,null,null,null,null,null,null,null,null);
INSERT INTO kern.his_relatie (id,relatie,tsreg,tsverval,actieinh,actieverval,dataanv,gemaanv,wplnaamaanv,blplaatsaanv,blregioaanv,landgebiedaanv,omslocaanv,rdneinde,dateinde,gemeinde,wplnaameinde,blplaatseinde,blregioeinde,landgebiedeinde,omsloceinde,nadereaandverval) VALUES('22003','22003','19970605','20120101','22503','22639','19970605','1431',null,null,null,'255','Modernodam',null,null,null,null,null,null,null,null,null);
INSERT INTO kern.his_relatie (id,relatie,tsreg,tsverval,actieinh,actieverval,dataanv,gemaanv,wplnaamaanv,blplaatsaanv,blregioaanv,landgebiedaanv,omslocaanv,rdneinde,dateinde,gemeinde,wplnaameinde,blplaatseinde,blregioeinde,landgebiedeinde,omsloceinde,nadereaandverval) VALUES('22004','22004','20031024',null,'22504',null,'20031024','1431',null,null,null,'255','Modernodam',null,null,null,null,null,null,null,null,null);
INSERT INTO kern.his_relatie (id,relatie,tsreg,tsverval,actieinh,actieverval,dataanv,gemaanv,wplnaamaanv,blplaatsaanv,blregioaanv,landgebiedaanv,omslocaanv,rdneinde,dateinde,gemeinde,wplnaameinde,blplaatseinde,blregioeinde,landgebiedeinde,omsloceinde,nadereaandverval) VALUES('22005','22005','19960304','20121007','22505','22640','19960304','1431',null,null,null,'255','Modernodam',null,null,null,null,null,null,null,null,null);
INSERT INTO kern.his_relatie (id,relatie,tsreg,tsverval,actieinh,actieverval,dataanv,gemaanv,wplnaamaanv,blplaatsaanv,blregioaanv,landgebiedaanv,omslocaanv,rdneinde,dateinde,gemeinde,wplnaameinde,blplaatseinde,blregioeinde,landgebiedeinde,omsloceinde,nadereaandverval) VALUES('22009','22009','19800610',null,'22630',null,'19800610','1431',null,null,null,'255','Modernodam',null,null,null,null,null,null,null,null,null);
INSERT INTO kern.his_relatie (id,relatie,tsreg,tsverval,actieinh,actieverval,dataanv,gemaanv,wplnaamaanv,blplaatsaanv,blregioaanv,landgebiedaanv,omslocaanv,rdneinde,dateinde,gemeinde,wplnaameinde,blplaatseinde,blregioeinde,landgebiedeinde,omsloceinde,nadereaandverval) VALUES('22010','22010','19810425',null,'22631',null,'19810425','1431',null,null,null,'255','Modernodam',null,null,null,null,null,null,null,null,null);
INSERT INTO kern.his_relatie (id,relatie,tsreg,tsverval,actieinh,actieverval,dataanv,gemaanv,wplnaamaanv,blplaatsaanv,blregioaanv,landgebiedaanv,omslocaanv,rdneinde,dateinde,gemeinde,wplnaameinde,blplaatseinde,blregioeinde,landgebiedeinde,omsloceinde,nadereaandverval) VALUES('22011','22011','19760701',null,'22632',null,'19760701','1431',null,null,null,'255','Modernodam',null,null,null,null,null,null,null,null,null);
INSERT INTO kern.his_relatie (id,relatie,tsreg,tsverval,actieinh,actieverval,dataanv,gemaanv,wplnaamaanv,blplaatsaanv,blregioaanv,landgebiedaanv,omslocaanv,rdneinde,dateinde,gemeinde,wplnaameinde,blplaatseinde,blregioeinde,landgebiedeinde,omsloceinde,nadereaandverval) VALUES('22014','22014','20050101',null,'22633',null,'20050101','1431',null,null,null,'255','Modernodam',null,null,null,null,null,null,null,null,null);
INSERT INTO kern.his_relatie (id,relatie,tsreg,tsverval,actieinh,actieverval,dataanv,gemaanv,wplnaamaanv,blplaatsaanv,blregioaanv,landgebiedaanv,omslocaanv,rdneinde,dateinde,gemeinde,wplnaameinde,blplaatseinde,blregioeinde,landgebiedeinde,omsloceinde,nadereaandverval) VALUES('22016','22016','20031010',null,'22637',null,'20031010','1431',null,null,null,'255','Modernodam',null,null,null,null,null,null,null,null,null);
INSERT INTO kern.his_relatie (id,relatie,tsreg,tsverval,actieinh,actieverval,dataanv,gemaanv,wplnaamaanv,blplaatsaanv,blregioaanv,landgebiedaanv,omslocaanv,rdneinde,dateinde,gemeinde,wplnaameinde,blplaatseinde,blregioeinde,landgebiedeinde,omsloceinde,nadereaandverval) VALUES('22017','22003','20120101',null,'22639',null,'19970605','1431',null,null,null,'255','Modernodam','6','20120101',null,null,null,null,null,null,null);
INSERT INTO kern.his_relatie (id,relatie,tsreg,tsverval,actieinh,actieverval,dataanv,gemaanv,wplnaamaanv,blplaatsaanv,blregioaanv,landgebiedaanv,omslocaanv,rdneinde,dateinde,gemeinde,wplnaameinde,blplaatseinde,blregioeinde,landgebiedeinde,omsloceinde,nadereaandverval) VALUES('22018','22005','20120209',null,'22640',null,'19960304','1431',null,null,null,'255','Modernodam','4','20121004',null,null,null,null,null,null,null);
INSERT INTO kern.his_relatie (id,relatie,tsreg,tsverval,actieinh,actieverval,dataanv,gemaanv,wplnaamaanv,blplaatsaanv,blregioaanv,landgebiedaanv,omslocaanv,rdneinde,dateinde,gemeinde,wplnaameinde,blplaatseinde,blregioeinde,landgebiedeinde,omsloceinde,nadereaandverval) VALUES('22019','22018','20030328',null,'22650',null,'20030328','1431',null,null,null,'255','Modernodam',null,null,null,null,null,null,null,null,null);
INSERT INTO kern.his_relatie (id,relatie,tsreg,tsverval,actieinh,actieverval,dataanv,gemaanv,wplnaamaanv,blplaatsaanv,blregioaanv,landgebiedaanv,omslocaanv,rdneinde,dateinde,gemeinde,wplnaameinde,blplaatseinde,blregioeinde,landgebiedeinde,omsloceinde,nadereaandverval) VALUES('22020','22019','20030328',null,'22651',null,'20030328','1431',null,null,null,'255','Modernodam',null,null,null,null,null,null,null,null,null);

commit;


--------------------------------------------------
--- EIND
--- Sheet: (his_relatie)
--- Handler: SheetHandlerImplSimpleInsert
--- Aantal: (24)
--------------------------------------------------
--------------------------------------------------
--- START
--- Sheet: (betr)
--- Handler: SheetHandlerImplSimpleInsert
--------------------------------------------------

begin;

INSERT INTO kern.betr (id,relatie,rol,pers,indouder,indouderheeftgezag,indouderuitwiekindisgeboren) VALUES('22001','22001','3','22001',null,null,null);
INSERT INTO kern.betr (id,relatie,rol,pers,indouder,indouderheeftgezag,indouderuitwiekindisgeboren) VALUES('22002','22001','3','22002',null,null,null);
INSERT INTO kern.betr (id,relatie,rol,pers,indouder,indouderheeftgezag,indouderuitwiekindisgeboren) VALUES('22003','22002','3','22003',null,null,null);
INSERT INTO kern.betr (id,relatie,rol,pers,indouder,indouderheeftgezag,indouderuitwiekindisgeboren) VALUES('22004','22002','3','22004',null,null,null);
INSERT INTO kern.betr (id,relatie,rol,pers,indouder,indouderheeftgezag,indouderuitwiekindisgeboren) VALUES('22005','22003','3','22005',null,null,null);
INSERT INTO kern.betr (id,relatie,rol,pers,indouder,indouderheeftgezag,indouderuitwiekindisgeboren) VALUES('22006','22003','3','22006',null,null,null);
INSERT INTO kern.betr (id,relatie,rol,pers,indouder,indouderheeftgezag,indouderuitwiekindisgeboren) VALUES('22007','22004','3','22007',null,null,null);
INSERT INTO kern.betr (id,relatie,rol,pers,indouder,indouderheeftgezag,indouderuitwiekindisgeboren) VALUES('22008','22004','3','22008',null,null,null);
INSERT INTO kern.betr (id,relatie,rol,pers,indouder,indouderheeftgezag,indouderuitwiekindisgeboren) VALUES('22009','22005','3','22010',null,null,null);
INSERT INTO kern.betr (id,relatie,rol,pers,indouder,indouderheeftgezag,indouderuitwiekindisgeboren) VALUES('22010','22005','3','22011',null,null,null);
INSERT INTO kern.betr (id,relatie,rol,pers,indouder,indouderheeftgezag,indouderuitwiekindisgeboren) VALUES('22011','22006','2','22005','true','true',null);
INSERT INTO kern.betr (id,relatie,rol,pers,indouder,indouderheeftgezag,indouderuitwiekindisgeboren) VALUES('22012','22006','2','22006','true','true',null);
INSERT INTO kern.betr (id,relatie,rol,pers,indouder,indouderheeftgezag,indouderuitwiekindisgeboren) VALUES('22013','22006','1','22009',null,null,null);
INSERT INTO kern.betr (id,relatie,rol,pers,indouder,indouderheeftgezag,indouderuitwiekindisgeboren) VALUES('22014','22007','2','22010','true','true',null);
INSERT INTO kern.betr (id,relatie,rol,pers,indouder,indouderheeftgezag,indouderuitwiekindisgeboren) VALUES('22015','22007','2','22011','true','true',null);
INSERT INTO kern.betr (id,relatie,rol,pers,indouder,indouderheeftgezag,indouderuitwiekindisgeboren) VALUES('22016','22007','1','22014',null,null,null);
INSERT INTO kern.betr (id,relatie,rol,pers,indouder,indouderheeftgezag,indouderuitwiekindisgeboren) VALUES('22017','22008','2','22042','true','true',null);
INSERT INTO kern.betr (id,relatie,rol,pers,indouder,indouderheeftgezag,indouderuitwiekindisgeboren) VALUES('22018','22008','2','22043','true','true',null);
INSERT INTO kern.betr (id,relatie,rol,pers,indouder,indouderheeftgezag,indouderuitwiekindisgeboren) VALUES('22019','22008','1','22028',null,null,null);
INSERT INTO kern.betr (id,relatie,rol,pers,indouder,indouderheeftgezag,indouderuitwiekindisgeboren) VALUES('22020','22008','2','22044',null,null,null);
INSERT INTO kern.betr (id,relatie,rol,pers,indouder,indouderheeftgezag,indouderuitwiekindisgeboren) VALUES('22021','22008','2','22045',null,null,null);
INSERT INTO kern.betr (id,relatie,rol,pers,indouder,indouderheeftgezag,indouderuitwiekindisgeboren) VALUES('22022','22009','3','22042',null,null,null);
INSERT INTO kern.betr (id,relatie,rol,pers,indouder,indouderheeftgezag,indouderuitwiekindisgeboren) VALUES('22023','22009','3','22043',null,null,null);
INSERT INTO kern.betr (id,relatie,rol,pers,indouder,indouderheeftgezag,indouderuitwiekindisgeboren) VALUES('22024','22010','3','22044',null,null,null);
INSERT INTO kern.betr (id,relatie,rol,pers,indouder,indouderheeftgezag,indouderuitwiekindisgeboren) VALUES('22025','22010','3','22045',null,null,null);
INSERT INTO kern.betr (id,relatie,rol,pers,indouder,indouderheeftgezag,indouderuitwiekindisgeboren) VALUES('22026','22011','3','22032',null,null,null);
INSERT INTO kern.betr (id,relatie,rol,pers,indouder,indouderheeftgezag,indouderuitwiekindisgeboren) VALUES('22027','22011','3','22033',null,null,null);
INSERT INTO kern.betr (id,relatie,rol,pers,indouder,indouderheeftgezag,indouderuitwiekindisgeboren) VALUES('22028','22012','2','22035','true','true',null);
INSERT INTO kern.betr (id,relatie,rol,pers,indouder,indouderheeftgezag,indouderuitwiekindisgeboren) VALUES('22029','22012','2','22036','true','true',null);
INSERT INTO kern.betr (id,relatie,rol,pers,indouder,indouderheeftgezag,indouderuitwiekindisgeboren) VALUES('22030','22012','1','22037',null,null,null);
INSERT INTO kern.betr (id,relatie,rol,pers,indouder,indouderheeftgezag,indouderuitwiekindisgeboren) VALUES('22031','22013','2','22035','true','true',null);
INSERT INTO kern.betr (id,relatie,rol,pers,indouder,indouderheeftgezag,indouderuitwiekindisgeboren) VALUES('22032','22013','2','22036','true','true',null);
INSERT INTO kern.betr (id,relatie,rol,pers,indouder,indouderheeftgezag,indouderuitwiekindisgeboren) VALUES('22033','22013','1','22038',null,null,null);
INSERT INTO kern.betr (id,relatie,rol,pers,indouder,indouderheeftgezag,indouderuitwiekindisgeboren) VALUES('22034','22014','3','22035',null,null,null);
INSERT INTO kern.betr (id,relatie,rol,pers,indouder,indouderheeftgezag,indouderuitwiekindisgeboren) VALUES('22035','22014','3','22036',null,null,null);
INSERT INTO kern.betr (id,relatie,rol,pers,indouder,indouderheeftgezag,indouderuitwiekindisgeboren) VALUES('22036','22015','1','22006',null,null,null);
INSERT INTO kern.betr (id,relatie,rol,pers,indouder,indouderheeftgezag,indouderuitwiekindisgeboren) VALUES('22037','22015','2','22011','true','true',null);
INSERT INTO kern.betr (id,relatie,rol,pers,indouder,indouderheeftgezag,indouderuitwiekindisgeboren) VALUES('22038','22016','3','22016',null,null,null);
INSERT INTO kern.betr (id,relatie,rol,pers,indouder,indouderheeftgezag,indouderuitwiekindisgeboren) VALUES('22039','22016','3','22017',null,null,null);
INSERT INTO kern.betr (id,relatie,rol,pers,indouder,indouderheeftgezag,indouderuitwiekindisgeboren) VALUES('22040','22017','2','22015','true','true',null);
INSERT INTO kern.betr (id,relatie,rol,pers,indouder,indouderheeftgezag,indouderuitwiekindisgeboren) VALUES('22041','22017','2','22014','true','true',null);
INSERT INTO kern.betr (id,relatie,rol,pers,indouder,indouderheeftgezag,indouderuitwiekindisgeboren) VALUES('22042','22017','1','22026',null,null,null);
INSERT INTO kern.betr (id,relatie,rol,pers,indouder,indouderheeftgezag,indouderuitwiekindisgeboren) VALUES('22043','22018','3','22001',null,null,null);
INSERT INTO kern.betr (id,relatie,rol,pers,indouder,indouderheeftgezag,indouderuitwiekindisgeboren) VALUES('22044','22018','3','22027',null,null,null);
INSERT INTO kern.betr (id,relatie,rol,pers,indouder,indouderheeftgezag,indouderuitwiekindisgeboren) VALUES('22045','22019','3','22037',null,null,null);
INSERT INTO kern.betr (id,relatie,rol,pers,indouder,indouderheeftgezag,indouderuitwiekindisgeboren) VALUES('22046','22019','3','22038',null,null,null);

commit;


--------------------------------------------------
--- EIND
--- Sheet: (betr)
--- Handler: SheetHandlerImplSimpleInsert
--- Aantal: (56)
--------------------------------------------------
--------------------------------------------------
--- START
--- Sheet: (His_OuderOuderlijkGezag)
--- Handler: SheetHandlerImplSimpleInsert
--------------------------------------------------

begin;

INSERT INTO kern.his_ouderouderlijkgezag (id,betr,dataanvgel,dateindegel,tsreg,tsverval,actieinh,actieverval,actieaanpgel,indouderheeftgezag,nadereaandverval) VALUES('22011','22011','20031226',null,'20031226',null,'22500',null,null,'true',null);
INSERT INTO kern.his_ouderouderlijkgezag (id,betr,dataanvgel,dateindegel,tsreg,tsverval,actieinh,actieverval,actieaanpgel,indouderheeftgezag,nadereaandverval) VALUES('22012','22012','20031226',null,'20031226',null,'22500',null,null,'true',null);
INSERT INTO kern.his_ouderouderlijkgezag (id,betr,dataanvgel,dateindegel,tsreg,tsverval,actieinh,actieverval,actieaanpgel,indouderheeftgezag,nadereaandverval) VALUES('22014','22014','19910911',null,'19910911',null,'22627',null,null,'true',null);
INSERT INTO kern.his_ouderouderlijkgezag (id,betr,dataanvgel,dateindegel,tsreg,tsverval,actieinh,actieverval,actieaanpgel,indouderheeftgezag,nadereaandverval) VALUES('22015','22015','19910911',null,'19910911',null,'22627',null,null,'true',null);
INSERT INTO kern.his_ouderouderlijkgezag (id,betr,dataanvgel,dateindegel,tsreg,tsverval,actieinh,actieverval,actieaanpgel,indouderheeftgezag,nadereaandverval) VALUES('22017','22017','20001022',null,'20001022',null,'22628',null,null,'true',null);
INSERT INTO kern.his_ouderouderlijkgezag (id,betr,dataanvgel,dateindegel,tsreg,tsverval,actieinh,actieverval,actieaanpgel,indouderheeftgezag,nadereaandverval) VALUES('22018','22018','20001022',null,'20001022',null,'22628',null,null,'true',null);
INSERT INTO kern.his_ouderouderlijkgezag (id,betr,dataanvgel,dateindegel,tsreg,tsverval,actieinh,actieverval,actieaanpgel,indouderheeftgezag,nadereaandverval) VALUES('22020','22020','19900722',null,'19900722','20001022','22626','22628',null,'true',null);
INSERT INTO kern.his_ouderouderlijkgezag (id,betr,dataanvgel,dateindegel,tsreg,tsverval,actieinh,actieverval,actieaanpgel,indouderheeftgezag,nadereaandverval) VALUES('22120','22020','19900722','20001022','20001022',null,'22626',null,'22628','true',null);
INSERT INTO kern.his_ouderouderlijkgezag (id,betr,dataanvgel,dateindegel,tsreg,tsverval,actieinh,actieverval,actieaanpgel,indouderheeftgezag,nadereaandverval) VALUES('22021','22021','19900722',null,'19900722','20001022','22626','22628',null,'true',null);
INSERT INTO kern.his_ouderouderlijkgezag (id,betr,dataanvgel,dateindegel,tsreg,tsverval,actieinh,actieverval,actieaanpgel,indouderheeftgezag,nadereaandverval) VALUES('22121','22021','19900722','20001022','20001022',null,'22626',null,'22628','true',null);
INSERT INTO kern.his_ouderouderlijkgezag (id,betr,dataanvgel,dateindegel,tsreg,tsverval,actieinh,actieverval,actieaanpgel,indouderheeftgezag,nadereaandverval) VALUES('22028','22028','20050112',null,'20050112',null,'22634',null,null,'true',null);
INSERT INTO kern.his_ouderouderlijkgezag (id,betr,dataanvgel,dateindegel,tsreg,tsverval,actieinh,actieverval,actieaanpgel,indouderheeftgezag,nadereaandverval) VALUES('22029','22029','20050112',null,'20050112',null,'22634',null,null,'true',null);
INSERT INTO kern.his_ouderouderlijkgezag (id,betr,dataanvgel,dateindegel,tsreg,tsverval,actieinh,actieverval,actieaanpgel,indouderheeftgezag,nadereaandverval) VALUES('22031','22031','20051201',null,'20051201',null,'22635',null,null,'true',null);
INSERT INTO kern.his_ouderouderlijkgezag (id,betr,dataanvgel,dateindegel,tsreg,tsverval,actieinh,actieverval,actieaanpgel,indouderheeftgezag,nadereaandverval) VALUES('22032','22032','20051201',null,'20051201',null,'22635',null,null,'true',null);
INSERT INTO kern.his_ouderouderlijkgezag (id,betr,dataanvgel,dateindegel,tsreg,tsverval,actieinh,actieverval,actieaanpgel,indouderheeftgezag,nadereaandverval) VALUES('22033','22037','19951003',null,'19951003',null,'22636',null,null,'true',null);
INSERT INTO kern.his_ouderouderlijkgezag (id,betr,dataanvgel,dateindegel,tsreg,tsverval,actieinh,actieverval,actieaanpgel,indouderheeftgezag,nadereaandverval) VALUES('22034','22040','20050112',null,'20050112',null,'22638',null,null,'true',null);
INSERT INTO kern.his_ouderouderlijkgezag (id,betr,dataanvgel,dateindegel,tsreg,tsverval,actieinh,actieverval,actieaanpgel,indouderheeftgezag,nadereaandverval) VALUES('22035','22041','20050112',null,'20050112',null,'22638',null,null,'true',null);

commit;


--------------------------------------------------
--- EIND
--- Sheet: (His_OuderOuderlijkGezag)
--- Handler: SheetHandlerImplSimpleInsert
--- Aantal: (26)
--------------------------------------------------
--------------------------------------------------
--- START
--- Sheet: (His_OuderOuderschap)
--- Handler: SheetHandlerImplSimpleInsert
--------------------------------------------------

begin;

INSERT INTO kern.his_ouderouderschap (id,betr,dataanvgel,dateindegel,tsreg,tsverval,actieinh,actieverval,actieaanpgel,indouder,indouderuitwiekindisgeboren,nadereaandverval) VALUES('22011','22011','20031226',null,'20031226',null,'22500',null,null,'true',null,null);
INSERT INTO kern.his_ouderouderschap (id,betr,dataanvgel,dateindegel,tsreg,tsverval,actieinh,actieverval,actieaanpgel,indouder,indouderuitwiekindisgeboren,nadereaandverval) VALUES('22012','22012','20031226',null,'20031226',null,'22500',null,null,'true',null,null);
INSERT INTO kern.his_ouderouderschap (id,betr,dataanvgel,dateindegel,tsreg,tsverval,actieinh,actieverval,actieaanpgel,indouder,indouderuitwiekindisgeboren,nadereaandverval) VALUES('22014','22014','19910911',null,'19910911',null,'22627',null,null,'true',null,null);
INSERT INTO kern.his_ouderouderschap (id,betr,dataanvgel,dateindegel,tsreg,tsverval,actieinh,actieverval,actieaanpgel,indouder,indouderuitwiekindisgeboren,nadereaandverval) VALUES('22015','22015','19910911',null,'19910911',null,'22627',null,null,'true',null,null);
INSERT INTO kern.his_ouderouderschap (id,betr,dataanvgel,dateindegel,tsreg,tsverval,actieinh,actieverval,actieaanpgel,indouder,indouderuitwiekindisgeboren,nadereaandverval) VALUES('22017','22017','20001022',null,'20001022',null,'22628',null,null,'true',null,null);
INSERT INTO kern.his_ouderouderschap (id,betr,dataanvgel,dateindegel,tsreg,tsverval,actieinh,actieverval,actieaanpgel,indouder,indouderuitwiekindisgeboren,nadereaandverval) VALUES('22018','22018','20001022',null,'20001022',null,'22628',null,null,'true',null,null);
INSERT INTO kern.his_ouderouderschap (id,betr,dataanvgel,dateindegel,tsreg,tsverval,actieinh,actieverval,actieaanpgel,indouder,indouderuitwiekindisgeboren,nadereaandverval) VALUES('22020','22020','19900722',null,'19900722','20001022','22626','22628',null,'true',null,null);
INSERT INTO kern.his_ouderouderschap (id,betr,dataanvgel,dateindegel,tsreg,tsverval,actieinh,actieverval,actieaanpgel,indouder,indouderuitwiekindisgeboren,nadereaandverval) VALUES('22120','22020','19900722','20001022','20001022',null,'22626',null,'22628','true',null,null);
INSERT INTO kern.his_ouderouderschap (id,betr,dataanvgel,dateindegel,tsreg,tsverval,actieinh,actieverval,actieaanpgel,indouder,indouderuitwiekindisgeboren,nadereaandverval) VALUES('22021','22021','19900722',null,'19900722','20001022','22626','22628',null,'true',null,null);
INSERT INTO kern.his_ouderouderschap (id,betr,dataanvgel,dateindegel,tsreg,tsverval,actieinh,actieverval,actieaanpgel,indouder,indouderuitwiekindisgeboren,nadereaandverval) VALUES('22121','22021','19900722','20001022','20001022',null,'22626',null,'22628','true',null,null);
INSERT INTO kern.his_ouderouderschap (id,betr,dataanvgel,dateindegel,tsreg,tsverval,actieinh,actieverval,actieaanpgel,indouder,indouderuitwiekindisgeboren,nadereaandverval) VALUES('22028','22028','20050112',null,'20050112',null,'22634',null,null,'true',null,null);
INSERT INTO kern.his_ouderouderschap (id,betr,dataanvgel,dateindegel,tsreg,tsverval,actieinh,actieverval,actieaanpgel,indouder,indouderuitwiekindisgeboren,nadereaandverval) VALUES('22029','22029','20050112',null,'20050112',null,'22634',null,null,'true',null,null);
INSERT INTO kern.his_ouderouderschap (id,betr,dataanvgel,dateindegel,tsreg,tsverval,actieinh,actieverval,actieaanpgel,indouder,indouderuitwiekindisgeboren,nadereaandverval) VALUES('22031','22031','20051201',null,'20051201',null,'22635',null,null,'true',null,null);
INSERT INTO kern.his_ouderouderschap (id,betr,dataanvgel,dateindegel,tsreg,tsverval,actieinh,actieverval,actieaanpgel,indouder,indouderuitwiekindisgeboren,nadereaandverval) VALUES('22032','22032','20051201',null,'20051201',null,'22635',null,null,'true',null,null);
INSERT INTO kern.his_ouderouderschap (id,betr,dataanvgel,dateindegel,tsreg,tsverval,actieinh,actieverval,actieaanpgel,indouder,indouderuitwiekindisgeboren,nadereaandverval) VALUES('22033','22037','19951003',null,'19951003',null,'22636',null,null,'true',null,null);
INSERT INTO kern.his_ouderouderschap (id,betr,dataanvgel,dateindegel,tsreg,tsverval,actieinh,actieverval,actieaanpgel,indouder,indouderuitwiekindisgeboren,nadereaandverval) VALUES('22034','22040','20050112',null,'20050112',null,'22638',null,null,'true',null,null);
INSERT INTO kern.his_ouderouderschap (id,betr,dataanvgel,dateindegel,tsreg,tsverval,actieinh,actieverval,actieaanpgel,indouder,indouderuitwiekindisgeboren,nadereaandverval) VALUES('22035','22041','20050112',null,'20050112',null,'22638',null,null,'true',null,null);

commit;


--------------------------------------------------
--- EIND
--- Sheet: (His_OuderOuderschap)
--- Handler: SheetHandlerImplSimpleInsert
--- Aantal: (26)
--------------------------------------------------
--------------------------------------------------
--- START
--- Sheet: (persindicatie)
--- Handler: SheetHandlerImplSimpleInsert
--------------------------------------------------

begin;

INSERT INTO kern.persindicatie (id,pers,srt,waarde) VALUES('22002','22002','2','true');
INSERT INTO kern.persindicatie (id,pers,srt,waarde) VALUES('22003','22013','7','true');
INSERT INTO kern.persindicatie (id,pers,srt,waarde) VALUES('22004','22013','3','true');
INSERT INTO kern.persindicatie (id,pers,srt,waarde) VALUES('22005','22025','2','true');
INSERT INTO kern.persindicatie (id,pers,srt,waarde) VALUES('22006','22012','6','true');
INSERT INTO kern.persindicatie (id,pers,srt,waarde) VALUES('22007','22012','2','true');

commit;


--------------------------------------------------
--- EIND
--- Sheet: (persindicatie)
--- Handler: SheetHandlerImplSimpleInsert
--- Aantal: (7)
--------------------------------------------------
--------------------------------------------------
--- START
--- Sheet: (his_persindicatie)
--- Handler: SheetHandlerImplSimpleInsert
--------------------------------------------------

begin;

INSERT INTO kern.his_persindicatie (id,persindicatie,dataanvgel,dateindegel,tsreg,tsverval,actieinh,actieverval,actieaanpgel,waarde,nadereaandverval) VALUES('22002','22002','19550602',null,'19550602',null,'22624',null,null,'true',null);
INSERT INTO kern.his_persindicatie (id,persindicatie,dataanvgel,dateindegel,tsreg,tsverval,actieinh,actieverval,actieaanpgel,waarde,nadereaandverval) VALUES('22003','22003','20130101',null,'20130101',null,'22625',null,null,'true',null);
INSERT INTO kern.his_persindicatie (id,persindicatie,dataanvgel,dateindegel,tsreg,tsverval,actieinh,actieverval,actieaanpgel,waarde,nadereaandverval) VALUES('22004','22004','20130101',null,'20130101',null,'22626',null,null,'true',null);
INSERT INTO kern.his_persindicatie (id,persindicatie,dataanvgel,dateindegel,tsreg,tsverval,actieinh,actieverval,actieaanpgel,waarde,nadereaandverval) VALUES('22006','22006','11111111',null,'20130101',null,'22012',null,null,'true',null);
INSERT INTO kern.his_persindicatie (id,persindicatie,dataanvgel,dateindegel,tsreg,tsverval,actieinh,actieverval,actieaanpgel,waarde,nadereaandverval) VALUES('22007','22007','20130101',null,'20130101',null,'22012',null,null,'true',null);

commit;


--------------------------------------------------
--- EIND
--- Sheet: (his_persindicatie)
--- Handler: SheetHandlerImplSimpleInsert
--- Aantal: (6)
--------------------------------------------------
--------------------------------------------------
--- START
--- Sheet: (persvoornaam)
--- Handler: SheetHandlerImplSimpleInsert
--------------------------------------------------

begin;

INSERT INTO kern.persvoornaam (naam,id,pers,volgnr) VALUES('Paula','22002','22002','1');
INSERT INTO kern.persvoornaam (naam,id,pers,volgnr) VALUES('Christoffel','22003','22003','1');
INSERT INTO kern.persvoornaam (naam,id,pers,volgnr) VALUES('Albert','22005','22005','1');
INSERT INTO kern.persvoornaam (naam,id,pers,volgnr) VALUES('Anne-Marie','22006','22006','1');
INSERT INTO kern.persvoornaam (naam,id,pers,volgnr) VALUES('Henk','22007','22007','1');
INSERT INTO kern.persvoornaam (naam,id,pers,volgnr) VALUES('Anna','22008','22008','1');
INSERT INTO kern.persvoornaam (naam,id,pers,volgnr) VALUES('Miranda','22009','22009','1');
INSERT INTO kern.persvoornaam (naam,id,pers,volgnr) VALUES('John','22010','22010','1');
INSERT INTO kern.persvoornaam (naam,id,pers,volgnr) VALUES('Dorothea','22011','22011','1');
INSERT INTO kern.persvoornaam (naam,id,pers,volgnr) VALUES('Bas','22012','22012','1');
INSERT INTO kern.persvoornaam (naam,id,pers,volgnr) VALUES('Hendrika','22013','22013','1');
INSERT INTO kern.persvoornaam (naam,id,pers,volgnr) VALUES('Jan','22014','22014','1');
INSERT INTO kern.persvoornaam (naam,id,pers,volgnr) VALUES('Petronella','22015','22015','1');
INSERT INTO kern.persvoornaam (naam,id,pers,volgnr) VALUES('Maria','22016','22016','1');
INSERT INTO kern.persvoornaam (naam,id,pers,volgnr) VALUES('Pieter','22017','22017','1');
INSERT INTO kern.persvoornaam (naam,id,pers,volgnr) VALUES('Petronellaatje','22018','22018','1');
INSERT INTO kern.persvoornaam (naam,id,pers,volgnr) VALUES('Sanne','22019','22019','1');
INSERT INTO kern.persvoornaam (naam,id,pers,volgnr) VALUES('Hanna','22020','22020','1');
INSERT INTO kern.persvoornaam (naam,id,pers,volgnr) VALUES('Sander','22021','22021','1');
INSERT INTO kern.persvoornaam (naam,id,pers,volgnr) VALUES('Ellen','22022','22022','1');
INSERT INTO kern.persvoornaam (naam,id,pers,volgnr) VALUES('Christian','22023','22023','1');
INSERT INTO kern.persvoornaam (naam,id,pers,volgnr) VALUES('Anja','22024','22024','1');
INSERT INTO kern.persvoornaam (naam,id,pers,volgnr) VALUES('Karel','22025','22025','1');
INSERT INTO kern.persvoornaam (naam,id,pers,volgnr) VALUES('Helen','22026','22026','1');
INSERT INTO kern.persvoornaam (naam,id,pers,volgnr) VALUES('Sander','22027','22027','1');
INSERT INTO kern.persvoornaam (naam,id,pers,volgnr) VALUES('Violet','22028','22028','1');
INSERT INTO kern.persvoornaam (naam,id,pers,volgnr) VALUES('Violetta','22029','22029','1');
INSERT INTO kern.persvoornaam (naam,id,pers,volgnr) VALUES('Tanja','22030','22030','1');
INSERT INTO kern.persvoornaam (naam,id,pers,volgnr) VALUES('Berend','22031','22031','1');
INSERT INTO kern.persvoornaam (naam,id,pers,volgnr) VALUES('Mike','22032','22032','1');
INSERT INTO kern.persvoornaam (naam,id,pers,volgnr) VALUES('Sanne','22033','22033','1');
INSERT INTO kern.persvoornaam (naam,id,pers,volgnr) VALUES('Josje','22034','22034','1');
INSERT INTO kern.persvoornaam (naam,id,pers,volgnr) VALUES('Anna','22035','22035','1');
INSERT INTO kern.persvoornaam (naam,id,pers,volgnr) VALUES('Gerard','22036','22036','1');
INSERT INTO kern.persvoornaam (naam,id,pers,volgnr) VALUES('Albert','22037','22037','1');
INSERT INTO kern.persvoornaam (naam,id,pers,volgnr) VALUES('Marijke','22038','22038','1');
INSERT INTO kern.persvoornaam (naam,id,pers,volgnr) VALUES('Geerte','22039','22039','1');
INSERT INTO kern.persvoornaam (naam,id,pers,volgnr) VALUES('Gert','22040','22040','1');
INSERT INTO kern.persvoornaam (naam,id,pers,volgnr) VALUES('Gijs','22041','22041','1');
INSERT INTO kern.persvoornaam (naam,id,pers,volgnr) VALUES('Guido','22042','22042','1');
INSERT INTO kern.persvoornaam (naam,id,pers,volgnr) VALUES('Annemieke','22043','22043','1');
INSERT INTO kern.persvoornaam (naam,id,pers,volgnr) VALUES('Maarten','22044','22044','1');
INSERT INTO kern.persvoornaam (naam,id,pers,volgnr) VALUES('Marion','22045','22045','1');
INSERT INTO kern.persvoornaam (naam,id,pers,volgnr) VALUES('Maria','22046','22008','2');
INSERT INTO kern.persvoornaam (naam,id,pers,volgnr) VALUES('Petra','22047','22008','3');
INSERT INTO kern.persvoornaam (naam,id,pers,volgnr) VALUES('Isabella','22048','22013','2');
INSERT INTO kern.persvoornaam (naam,id,pers,volgnr) VALUES('Gerarda','22049','22013','3');
INSERT INTO kern.persvoornaam (naam,id,pers,volgnr) VALUES('Johanna','22050','22013','4');
INSERT INTO kern.persvoornaam (naam,id,pers,volgnr) VALUES('Christina','22051','22016','2');

commit;


--------------------------------------------------
--- EIND
--- Sheet: (persvoornaam)
--- Handler: SheetHandlerImplSimpleInsert
--- Aantal: (49)
--------------------------------------------------
--------------------------------------------------
--- START
--- Sheet: (his_persvoornaam)
--- Handler: SheetHandlerImplSimpleInsert
--------------------------------------------------

begin;

INSERT INTO kern.his_persvoornaam (id,persvoornaam,dataanvgel,dateindegel,tsreg,tsverval,actieinh,actieverval,nadereaandverval,actieaanpgel,naam) VALUES('22002','22002','19820528',null,'19820528',null,'22002',null,null,null,'Paula');
INSERT INTO kern.his_persvoornaam (id,persvoornaam,dataanvgel,dateindegel,tsreg,tsverval,actieinh,actieverval,nadereaandverval,actieaanpgel,naam) VALUES('22003','22003','19660302',null,'19660302',null,'22003',null,null,null,'Christoffel');
INSERT INTO kern.his_persvoornaam (id,persvoornaam,dataanvgel,dateindegel,tsreg,tsverval,actieinh,actieverval,nadereaandverval,actieaanpgel,naam) VALUES('22005','22005','19710717',null,'19710717',null,'22005',null,null,null,'Albert');
INSERT INTO kern.his_persvoornaam (id,persvoornaam,dataanvgel,dateindegel,tsreg,tsverval,actieinh,actieverval,nadereaandverval,actieaanpgel,naam) VALUES('22006','22006','19720928',null,'19720928',null,'22006',null,null,null,'Anne-Marie');
INSERT INTO kern.his_persvoornaam (id,persvoornaam,dataanvgel,dateindegel,tsreg,tsverval,actieinh,actieverval,nadereaandverval,actieaanpgel,naam) VALUES('22007','22007','19800616',null,'19800616',null,'22007',null,null,null,'Henk');
INSERT INTO kern.his_persvoornaam (id,persvoornaam,dataanvgel,dateindegel,tsreg,tsverval,actieinh,actieverval,nadereaandverval,actieaanpgel,naam) VALUES('22008','22008','19810418',null,'19810418',null,'22008',null,null,null,'Anna');
INSERT INTO kern.his_persvoornaam (id,persvoornaam,dataanvgel,dateindegel,tsreg,tsverval,actieinh,actieverval,nadereaandverval,actieaanpgel,naam) VALUES('22009','22009','20110516',null,'20110516',null,'22009',null,null,null,'Miranda');
INSERT INTO kern.his_persvoornaam (id,persvoornaam,dataanvgel,dateindegel,tsreg,tsverval,actieinh,actieverval,nadereaandverval,actieaanpgel,naam) VALUES('22010','22010','19691231',null,'19691231',null,'22010',null,null,null,'John');
INSERT INTO kern.his_persvoornaam (id,persvoornaam,dataanvgel,dateindegel,tsreg,tsverval,actieinh,actieverval,nadereaandverval,actieaanpgel,naam) VALUES('22011','22011','19690516',null,'19690516',null,'22011',null,null,null,'Dorothea');
INSERT INTO kern.his_persvoornaam (id,persvoornaam,dataanvgel,dateindegel,tsreg,tsverval,actieinh,actieverval,nadereaandverval,actieaanpgel,naam) VALUES('22012','22012','19771210',null,'19771210',null,'22012',null,null,null,'Bas');
INSERT INTO kern.his_persvoornaam (id,persvoornaam,dataanvgel,dateindegel,tsreg,tsverval,actieinh,actieverval,nadereaandverval,actieaanpgel,naam) VALUES('22013','22013','19550602',null,'19550602',null,'22013',null,null,null,'Hendrika');
INSERT INTO kern.his_persvoornaam (id,persvoornaam,dataanvgel,dateindegel,tsreg,tsverval,actieinh,actieverval,nadereaandverval,actieaanpgel,naam) VALUES('22014','22014','19780611',null,'19780611',null,'22014',null,null,null,'Jan');
INSERT INTO kern.his_persvoornaam (id,persvoornaam,dataanvgel,dateindegel,tsreg,tsverval,actieinh,actieverval,nadereaandverval,actieaanpgel,naam) VALUES('22015','22015','19880425',null,'19880425',null,'22015',null,null,null,'Petronella');
INSERT INTO kern.his_persvoornaam (id,persvoornaam,dataanvgel,dateindegel,tsreg,tsverval,actieinh,actieverval,nadereaandverval,actieaanpgel,naam) VALUES('22016','22016','19881210',null,'19881210',null,'22016',null,null,null,'Maria');
INSERT INTO kern.his_persvoornaam (id,persvoornaam,dataanvgel,dateindegel,tsreg,tsverval,actieinh,actieverval,nadereaandverval,actieaanpgel,naam) VALUES('22017','22017','19960523',null,'19960523',null,'22017',null,null,null,'Pieter');
INSERT INTO kern.his_persvoornaam (id,persvoornaam,dataanvgel,dateindegel,tsreg,tsverval,actieinh,actieverval,nadereaandverval,actieaanpgel,naam) VALUES('22018','22018','19941005',null,'19941005',null,'22018',null,null,null,'Petronellaatje');
INSERT INTO kern.his_persvoornaam (id,persvoornaam,dataanvgel,dateindegel,tsreg,tsverval,actieinh,actieverval,nadereaandverval,actieaanpgel,naam) VALUES('22019','22019','19941005',null,'19941005',null,'22019',null,null,null,'Sanne');
INSERT INTO kern.his_persvoornaam (id,persvoornaam,dataanvgel,dateindegel,tsreg,tsverval,actieinh,actieverval,nadereaandverval,actieaanpgel,naam) VALUES('22020','22020','19760103',null,'19760103',null,'22020',null,null,null,'Hanna');
INSERT INTO kern.his_persvoornaam (id,persvoornaam,dataanvgel,dateindegel,tsreg,tsverval,actieinh,actieverval,nadereaandverval,actieaanpgel,naam) VALUES('22021','22021','19961003',null,'19961003',null,'22021',null,null,null,'Sander');
INSERT INTO kern.his_persvoornaam (id,persvoornaam,dataanvgel,dateindegel,tsreg,tsverval,actieinh,actieverval,nadereaandverval,actieaanpgel,naam) VALUES('22022','22022','19951003',null,'19951003',null,'22022',null,null,null,'Ellen');
INSERT INTO kern.his_persvoornaam (id,persvoornaam,dataanvgel,dateindegel,tsreg,tsverval,actieinh,actieverval,nadereaandverval,actieaanpgel,naam) VALUES('22023','22023','19941003',null,'19941003',null,'22023',null,null,null,'Christian');
INSERT INTO kern.his_persvoornaam (id,persvoornaam,dataanvgel,dateindegel,tsreg,tsverval,actieinh,actieverval,nadereaandverval,actieaanpgel,naam) VALUES('22024','22024','19770401',null,'19770401',null,'22024',null,null,null,'Anja');
INSERT INTO kern.his_persvoornaam (id,persvoornaam,dataanvgel,dateindegel,tsreg,tsverval,actieinh,actieverval,nadereaandverval,actieaanpgel,naam) VALUES('22025','22025','19880611',null,'19880611',null,'22025',null,null,null,'Karel');
INSERT INTO kern.his_persvoornaam (id,persvoornaam,dataanvgel,dateindegel,tsreg,tsverval,actieinh,actieverval,nadereaandverval,actieaanpgel,naam) VALUES('22026','22026','19910721',null,'19910721',null,'22026',null,null,null,'Helen');
INSERT INTO kern.his_persvoornaam (id,persvoornaam,dataanvgel,dateindegel,tsreg,tsverval,actieinh,actieverval,nadereaandverval,actieaanpgel,naam) VALUES('22027','22027','19910911','20001022','19910911',null,'22027',null,null,null,'Sander');
INSERT INTO kern.his_persvoornaam (id,persvoornaam,dataanvgel,dateindegel,tsreg,tsverval,actieinh,actieverval,nadereaandverval,actieaanpgel,naam) VALUES('22028','22028','19900722',null,'19900722',null,'22028',null,null,null,'Violet');
INSERT INTO kern.his_persvoornaam (id,persvoornaam,dataanvgel,dateindegel,tsreg,tsverval,actieinh,actieverval,nadereaandverval,actieaanpgel,naam) VALUES('22029','22029','19200430',null,'19200430',null,'22029',null,null,null,'Violetta');
INSERT INTO kern.his_persvoornaam (id,persvoornaam,dataanvgel,dateindegel,tsreg,tsverval,actieinh,actieverval,nadereaandverval,actieaanpgel,naam) VALUES('22030','22030','19220419',null,'19220419',null,'22030',null,null,null,'Tanja');
INSERT INTO kern.his_persvoornaam (id,persvoornaam,dataanvgel,dateindegel,tsreg,tsverval,actieinh,actieverval,nadereaandverval,actieaanpgel,naam) VALUES('22031','22031','19920219',null,'19920219',null,'22031',null,null,null,'Berend');
INSERT INTO kern.his_persvoornaam (id,persvoornaam,dataanvgel,dateindegel,tsreg,tsverval,actieinh,actieverval,nadereaandverval,actieaanpgel,naam) VALUES('22032','22032','19510923',null,'19510923',null,'22032',null,null,null,'Mike');
INSERT INTO kern.his_persvoornaam (id,persvoornaam,dataanvgel,dateindegel,tsreg,tsverval,actieinh,actieverval,nadereaandverval,actieaanpgel,naam) VALUES('22033','22033','19531116',null,'19531116',null,'22033',null,null,null,'Sanne');
INSERT INTO kern.his_persvoornaam (id,persvoornaam,dataanvgel,dateindegel,tsreg,tsverval,actieinh,actieverval,nadereaandverval,actieaanpgel,naam) VALUES('22034','22034','19390402',null,'19390402',null,'22034',null,null,null,'Josje');
INSERT INTO kern.his_persvoornaam (id,persvoornaam,dataanvgel,dateindegel,tsreg,tsverval,actieinh,actieverval,nadereaandverval,actieaanpgel,naam) VALUES('22035','22035','19841203',null,'19841203',null,'22035',null,null,null,'Anna');
INSERT INTO kern.his_persvoornaam (id,persvoornaam,dataanvgel,dateindegel,tsreg,tsverval,actieinh,actieverval,nadereaandverval,actieaanpgel,naam) VALUES('22036','22036','19851011',null,'19851011',null,'22036',null,null,null,'Gerard');
INSERT INTO kern.his_persvoornaam (id,persvoornaam,dataanvgel,dateindegel,tsreg,tsverval,actieinh,actieverval,nadereaandverval,actieaanpgel,naam) VALUES('22037','22037','20050112',null,'20050112',null,'22037',null,null,null,'Albert');
INSERT INTO kern.his_persvoornaam (id,persvoornaam,dataanvgel,dateindegel,tsreg,tsverval,actieinh,actieverval,nadereaandverval,actieaanpgel,naam) VALUES('22038','22038','20051201',null,'20051201',null,'22038',null,null,null,'Marijke');
INSERT INTO kern.his_persvoornaam (id,persvoornaam,dataanvgel,dateindegel,tsreg,tsverval,actieinh,actieverval,nadereaandverval,actieaanpgel,naam) VALUES('22039','22039','20050112',null,'20050112',null,'22039',null,null,null,'Geerte');
INSERT INTO kern.his_persvoornaam (id,persvoornaam,dataanvgel,dateindegel,tsreg,tsverval,actieinh,actieverval,nadereaandverval,actieaanpgel,naam) VALUES('22040','22040','20051201',null,'20051201',null,'22040',null,null,null,'Gert');
INSERT INTO kern.his_persvoornaam (id,persvoornaam,dataanvgel,dateindegel,tsreg,tsverval,actieinh,actieverval,nadereaandverval,actieaanpgel,naam) VALUES('22041','22041','19680809',null,'19680809',null,'22041',null,null,null,'Gijs');
INSERT INTO kern.his_persvoornaam (id,persvoornaam,dataanvgel,dateindegel,tsreg,tsverval,actieinh,actieverval,nadereaandverval,actieaanpgel,naam) VALUES('22042','22042','19580921',null,'19580921',null,'22042',null,null,null,'Guido');
INSERT INTO kern.his_persvoornaam (id,persvoornaam,dataanvgel,dateindegel,tsreg,tsverval,actieinh,actieverval,nadereaandverval,actieaanpgel,naam) VALUES('22043','22043','19951004',null,'19951004',null,'22043',null,null,null,'Annemieke');
INSERT INTO kern.his_persvoornaam (id,persvoornaam,dataanvgel,dateindegel,tsreg,tsverval,actieinh,actieverval,nadereaandverval,actieaanpgel,naam) VALUES('22044','22044','20051201',null,'20051201',null,'22044',null,null,null,'Maarten');
INSERT INTO kern.his_persvoornaam (id,persvoornaam,dataanvgel,dateindegel,tsreg,tsverval,actieinh,actieverval,nadereaandverval,actieaanpgel,naam) VALUES('22045','22045','20050112',null,'20050112',null,'22045',null,null,null,'Marion');
INSERT INTO kern.his_persvoornaam (id,persvoornaam,dataanvgel,dateindegel,tsreg,tsverval,actieinh,actieverval,nadereaandverval,actieaanpgel,naam) VALUES('22046','22046','19810418',null,'19810419',null,'22008',null,null,null,'Maria');
INSERT INTO kern.his_persvoornaam (id,persvoornaam,dataanvgel,dateindegel,tsreg,tsverval,actieinh,actieverval,nadereaandverval,actieaanpgel,naam) VALUES('22047','22047','19810418',null,'19810420',null,'22008',null,null,null,'Petra');
INSERT INTO kern.his_persvoornaam (id,persvoornaam,dataanvgel,dateindegel,tsreg,tsverval,actieinh,actieverval,nadereaandverval,actieaanpgel,naam) VALUES('22048','22048','19550602',null,'19550603',null,'22013',null,null,null,'Isabella');
INSERT INTO kern.his_persvoornaam (id,persvoornaam,dataanvgel,dateindegel,tsreg,tsverval,actieinh,actieverval,nadereaandverval,actieaanpgel,naam) VALUES('22049','22049','19550602',null,'19550604',null,'22013',null,null,null,'Gerarda');
INSERT INTO kern.his_persvoornaam (id,persvoornaam,dataanvgel,dateindegel,tsreg,tsverval,actieinh,actieverval,nadereaandverval,actieaanpgel,naam) VALUES('22050','22050','19550602',null,'19550605',null,'22013',null,null,null,'Johanna');
INSERT INTO kern.his_persvoornaam (id,persvoornaam,dataanvgel,dateindegel,tsreg,tsverval,actieinh,actieverval,nadereaandverval,actieaanpgel,naam) VALUES('22051','22051','19881210',null,'19881211',null,'22016',null,null,null,'Christina');

commit;


--------------------------------------------------
--- EIND
--- Sheet: (his_persvoornaam)
--- Handler: SheetHandlerImplSimpleInsert
--- Aantal: (49)
--------------------------------------------------
--------------------------------------------------
--- START
--- Sheet: (persnation)
--- Handler: SheetHandlerImplSimpleInsert
--------------------------------------------------

begin;

INSERT INTO kern.persnation (rdnverlies,rdnverk,id,pers,nation) VALUES(null,null,'22001','22001','4');
INSERT INTO kern.persnation (rdnverlies,rdnverk,id,pers,nation) VALUES(null,'18','22002','22002','2');
INSERT INTO kern.persnation (rdnverlies,rdnverk,id,pers,nation) VALUES(null,'18','22003','22003','2');
INSERT INTO kern.persnation (rdnverlies,rdnverk,id,pers,nation) VALUES(null,null,'22004','22004','4');
INSERT INTO kern.persnation (rdnverlies,rdnverk,id,pers,nation) VALUES(null,null,'22005','22005','4');
INSERT INTO kern.persnation (rdnverlies,rdnverk,id,pers,nation) VALUES(null,'18','22006','22006','2');
INSERT INTO kern.persnation (rdnverlies,rdnverk,id,pers,nation) VALUES(null,'18','22007','22007','2');
INSERT INTO kern.persnation (rdnverlies,rdnverk,id,pers,nation) VALUES(null,'18','22008','22008','2');
INSERT INTO kern.persnation (rdnverlies,rdnverk,id,pers,nation) VALUES(null,'18','22009','22009','2');
INSERT INTO kern.persnation (rdnverlies,rdnverk,id,pers,nation) VALUES(null,'18','22010','22010','2');
INSERT INTO kern.persnation (rdnverlies,rdnverk,id,pers,nation) VALUES(null,'18','22011','22011','2');
INSERT INTO kern.persnation (rdnverlies,rdnverk,id,pers,nation) VALUES(null,'18','22012','22012','2');
INSERT INTO kern.persnation (rdnverlies,rdnverk,id,pers,nation) VALUES(null,'18','22014','22014','2');
INSERT INTO kern.persnation (rdnverlies,rdnverk,id,pers,nation) VALUES(null,'18','22015','22015','2');
INSERT INTO kern.persnation (rdnverlies,rdnverk,id,pers,nation) VALUES(null,'18','22016','22016','2');
INSERT INTO kern.persnation (rdnverlies,rdnverk,id,pers,nation) VALUES(null,'18','22017','22017','2');
INSERT INTO kern.persnation (rdnverlies,rdnverk,id,pers,nation) VALUES(null,'18','22018','22018','2');
INSERT INTO kern.persnation (rdnverlies,rdnverk,id,pers,nation) VALUES(null,'18','22019','22019','2');
INSERT INTO kern.persnation (rdnverlies,rdnverk,id,pers,nation) VALUES(null,'18','22020','22020','2');
INSERT INTO kern.persnation (rdnverlies,rdnverk,id,pers,nation) VALUES(null,'18','22021','22021','2');
INSERT INTO kern.persnation (rdnverlies,rdnverk,id,pers,nation) VALUES(null,'18','22022','22022','2');
INSERT INTO kern.persnation (rdnverlies,rdnverk,id,pers,nation) VALUES(null,'18','22023','22023','2');
INSERT INTO kern.persnation (rdnverlies,rdnverk,id,pers,nation) VALUES(null,'18','22024','22024','2');
INSERT INTO kern.persnation (rdnverlies,rdnverk,id,pers,nation) VALUES(null,'18','22025','22025','2');
INSERT INTO kern.persnation (rdnverlies,rdnverk,id,pers,nation) VALUES(null,'18','22026','22026','2');
INSERT INTO kern.persnation (rdnverlies,rdnverk,id,pers,nation) VALUES(null,'18','22027','22027','2');
INSERT INTO kern.persnation (rdnverlies,rdnverk,id,pers,nation) VALUES(null,'18','22028','22028','2');
INSERT INTO kern.persnation (rdnverlies,rdnverk,id,pers,nation) VALUES(null,null,'22029','22029','4');
INSERT INTO kern.persnation (rdnverlies,rdnverk,id,pers,nation) VALUES(null,null,'22030','22030','4');
INSERT INTO kern.persnation (rdnverlies,rdnverk,id,pers,nation) VALUES(null,'18','22031','22031','2');
INSERT INTO kern.persnation (rdnverlies,rdnverk,id,pers,nation) VALUES(null,'18','22032','22032','2');
INSERT INTO kern.persnation (rdnverlies,rdnverk,id,pers,nation) VALUES(null,'18','22033','22033','2');
INSERT INTO kern.persnation (rdnverlies,rdnverk,id,pers,nation) VALUES(null,'18','22034','22034','2');
INSERT INTO kern.persnation (rdnverlies,rdnverk,id,pers,nation) VALUES(null,'18','22035','22035','2');
INSERT INTO kern.persnation (rdnverlies,rdnverk,id,pers,nation) VALUES(null,'18','22036','22036','2');
INSERT INTO kern.persnation (rdnverlies,rdnverk,id,pers,nation) VALUES(null,'18','22037','22037','2');
INSERT INTO kern.persnation (rdnverlies,rdnverk,id,pers,nation) VALUES(null,'18','22038','22038','2');
INSERT INTO kern.persnation (rdnverlies,rdnverk,id,pers,nation) VALUES(null,'18','22039','22039','2');
INSERT INTO kern.persnation (rdnverlies,rdnverk,id,pers,nation) VALUES(null,'18','22040','22040','2');
INSERT INTO kern.persnation (rdnverlies,rdnverk,id,pers,nation) VALUES(null,'18','22041','22041','2');
INSERT INTO kern.persnation (rdnverlies,rdnverk,id,pers,nation) VALUES(null,null,'22042','22042','4');
INSERT INTO kern.persnation (rdnverlies,rdnverk,id,pers,nation) VALUES(null,'18','22043','22043','2');
INSERT INTO kern.persnation (rdnverlies,rdnverk,id,pers,nation) VALUES(null,null,'22044','22044','4');
INSERT INTO kern.persnation (rdnverlies,rdnverk,id,pers,nation) VALUES(null,'18','22045','22045','2');

commit;


--------------------------------------------------
--- EIND
--- Sheet: (persnation)
--- Handler: SheetHandlerImplSimpleInsert
--- Aantal: (44)
--------------------------------------------------
--------------------------------------------------
--- START
--- Sheet: (his_persnation)
--- Handler: SheetHandlerImplSimpleInsert
--------------------------------------------------

begin;

INSERT INTO kern.his_persnation (id,persnation,dataanvgel,dateindegel,tsreg,tsverval,actieinh,actieverval,actieaanpgel,rdnverlies,rdnverk,nadereaandverval) VALUES('22001','22001','19811002',null,'19811002',null,'22001',null,null,null,null,null);
INSERT INTO kern.his_persnation (id,persnation,dataanvgel,dateindegel,tsreg,tsverval,actieinh,actieverval,actieaanpgel,rdnverlies,rdnverk,nadereaandverval) VALUES('22002','22002','19820528',null,'19820528',null,'22002',null,null,null,'18',null);
INSERT INTO kern.his_persnation (id,persnation,dataanvgel,dateindegel,tsreg,tsverval,actieinh,actieverval,actieaanpgel,rdnverlies,rdnverk,nadereaandverval) VALUES('22003','22003','19660302',null,'19660302',null,'22003',null,null,null,'18',null);
INSERT INTO kern.his_persnation (id,persnation,dataanvgel,dateindegel,tsreg,tsverval,actieinh,actieverval,actieaanpgel,rdnverlies,rdnverk,nadereaandverval) VALUES('22004','22004','19691227',null,'19691227',null,'22004',null,null,null,null,null);
INSERT INTO kern.his_persnation (id,persnation,dataanvgel,dateindegel,tsreg,tsverval,actieinh,actieverval,actieaanpgel,rdnverlies,rdnverk,nadereaandverval) VALUES('22005','22005','19710717',null,'19710717',null,'22005',null,null,null,null,null);
INSERT INTO kern.his_persnation (id,persnation,dataanvgel,dateindegel,tsreg,tsverval,actieinh,actieverval,actieaanpgel,rdnverlies,rdnverk,nadereaandverval) VALUES('22006','22006','19720928',null,'19720928',null,'22006',null,null,null,'18',null);
INSERT INTO kern.his_persnation (id,persnation,dataanvgel,dateindegel,tsreg,tsverval,actieinh,actieverval,actieaanpgel,rdnverlies,rdnverk,nadereaandverval) VALUES('22007','22007','19800616',null,'19800616',null,'22007',null,null,null,'18',null);
INSERT INTO kern.his_persnation (id,persnation,dataanvgel,dateindegel,tsreg,tsverval,actieinh,actieverval,actieaanpgel,rdnverlies,rdnverk,nadereaandverval) VALUES('22008','22008','19810418',null,'19810418',null,'22008',null,null,null,'18',null);
INSERT INTO kern.his_persnation (id,persnation,dataanvgel,dateindegel,tsreg,tsverval,actieinh,actieverval,actieaanpgel,rdnverlies,rdnverk,nadereaandverval) VALUES('22009','22009','20110516',null,'20110516',null,'22009',null,null,null,'18',null);
INSERT INTO kern.his_persnation (id,persnation,dataanvgel,dateindegel,tsreg,tsverval,actieinh,actieverval,actieaanpgel,rdnverlies,rdnverk,nadereaandverval) VALUES('22010','22010','19691231',null,'19691231',null,'22010',null,null,null,'18',null);
INSERT INTO kern.his_persnation (id,persnation,dataanvgel,dateindegel,tsreg,tsverval,actieinh,actieverval,actieaanpgel,rdnverlies,rdnverk,nadereaandverval) VALUES('22011','22011','19690516',null,'19690516',null,'22011',null,null,null,'18',null);
INSERT INTO kern.his_persnation (id,persnation,dataanvgel,dateindegel,tsreg,tsverval,actieinh,actieverval,actieaanpgel,rdnverlies,rdnverk,nadereaandverval) VALUES('22012','22012','19771210',null,'19771210',null,'22012',null,null,null,'18',null);
INSERT INTO kern.his_persnation (id,persnation,dataanvgel,dateindegel,tsreg,tsverval,actieinh,actieverval,actieaanpgel,rdnverlies,rdnverk,nadereaandverval) VALUES('22014','22014','19780611',null,'19780611',null,'22014',null,null,null,'18',null);
INSERT INTO kern.his_persnation (id,persnation,dataanvgel,dateindegel,tsreg,tsverval,actieinh,actieverval,actieaanpgel,rdnverlies,rdnverk,nadereaandverval) VALUES('22015','22015','19880425',null,'19880425',null,'22015',null,null,null,'18',null);
INSERT INTO kern.his_persnation (id,persnation,dataanvgel,dateindegel,tsreg,tsverval,actieinh,actieverval,actieaanpgel,rdnverlies,rdnverk,nadereaandverval) VALUES('22016','22016','19881210',null,'19881210',null,'22016',null,null,null,'18',null);
INSERT INTO kern.his_persnation (id,persnation,dataanvgel,dateindegel,tsreg,tsverval,actieinh,actieverval,actieaanpgel,rdnverlies,rdnverk,nadereaandverval) VALUES('22017','22017','19960523',null,'19960523',null,'22017',null,null,null,'18',null);
INSERT INTO kern.his_persnation (id,persnation,dataanvgel,dateindegel,tsreg,tsverval,actieinh,actieverval,actieaanpgel,rdnverlies,rdnverk,nadereaandverval) VALUES('22018','22018','19941005',null,'19941005',null,'22018',null,null,null,'18',null);
INSERT INTO kern.his_persnation (id,persnation,dataanvgel,dateindegel,tsreg,tsverval,actieinh,actieverval,actieaanpgel,rdnverlies,rdnverk,nadereaandverval) VALUES('22019','22019','19941005',null,'19941005',null,'22019',null,null,null,'18',null);
INSERT INTO kern.his_persnation (id,persnation,dataanvgel,dateindegel,tsreg,tsverval,actieinh,actieverval,actieaanpgel,rdnverlies,rdnverk,nadereaandverval) VALUES('22020','22020','19760103',null,'19760103',null,'22020',null,null,null,'18',null);
INSERT INTO kern.his_persnation (id,persnation,dataanvgel,dateindegel,tsreg,tsverval,actieinh,actieverval,actieaanpgel,rdnverlies,rdnverk,nadereaandverval) VALUES('22021','22021','19961003',null,'19961003',null,'22021',null,null,null,'18',null);
INSERT INTO kern.his_persnation (id,persnation,dataanvgel,dateindegel,tsreg,tsverval,actieinh,actieverval,actieaanpgel,rdnverlies,rdnverk,nadereaandverval) VALUES('22022','22022','19951003',null,'19951003',null,'22022',null,null,null,'18',null);
INSERT INTO kern.his_persnation (id,persnation,dataanvgel,dateindegel,tsreg,tsverval,actieinh,actieverval,actieaanpgel,rdnverlies,rdnverk,nadereaandverval) VALUES('22023','22023','19941003',null,'19941003',null,'22023',null,null,null,'18',null);
INSERT INTO kern.his_persnation (id,persnation,dataanvgel,dateindegel,tsreg,tsverval,actieinh,actieverval,actieaanpgel,rdnverlies,rdnverk,nadereaandverval) VALUES('22024','22024','19770401',null,'19770401',null,'22024',null,null,null,'18',null);
INSERT INTO kern.his_persnation (id,persnation,dataanvgel,dateindegel,tsreg,tsverval,actieinh,actieverval,actieaanpgel,rdnverlies,rdnverk,nadereaandverval) VALUES('22025','22025','19880611',null,'19880611',null,'22025',null,null,null,'18',null);
INSERT INTO kern.his_persnation (id,persnation,dataanvgel,dateindegel,tsreg,tsverval,actieinh,actieverval,actieaanpgel,rdnverlies,rdnverk,nadereaandverval) VALUES('22026','22026','19910721',null,'19910721',null,'22026',null,null,null,'18',null);
INSERT INTO kern.his_persnation (id,persnation,dataanvgel,dateindegel,tsreg,tsverval,actieinh,actieverval,actieaanpgel,rdnverlies,rdnverk,nadereaandverval) VALUES('22027','22027','19910911',null,'19910911',null,'22027',null,null,null,'18',null);
INSERT INTO kern.his_persnation (id,persnation,dataanvgel,dateindegel,tsreg,tsverval,actieinh,actieverval,actieaanpgel,rdnverlies,rdnverk,nadereaandverval) VALUES('22028','22028','19900722',null,'19900722',null,'22028',null,null,null,'18',null);
INSERT INTO kern.his_persnation (id,persnation,dataanvgel,dateindegel,tsreg,tsverval,actieinh,actieverval,actieaanpgel,rdnverlies,rdnverk,nadereaandverval) VALUES('22029','22029','19200430',null,'19200430',null,'22029',null,null,null,null,null);
INSERT INTO kern.his_persnation (id,persnation,dataanvgel,dateindegel,tsreg,tsverval,actieinh,actieverval,actieaanpgel,rdnverlies,rdnverk,nadereaandverval) VALUES('22030','22030','19220419',null,'19220419',null,'22030',null,null,null,null,null);
INSERT INTO kern.his_persnation (id,persnation,dataanvgel,dateindegel,tsreg,tsverval,actieinh,actieverval,actieaanpgel,rdnverlies,rdnverk,nadereaandverval) VALUES('22031','22031','19920219',null,'19920219',null,'22031',null,null,null,'18',null);
INSERT INTO kern.his_persnation (id,persnation,dataanvgel,dateindegel,tsreg,tsverval,actieinh,actieverval,actieaanpgel,rdnverlies,rdnverk,nadereaandverval) VALUES('22032','22032','19510923',null,'19510923',null,'22032',null,null,null,'18',null);
INSERT INTO kern.his_persnation (id,persnation,dataanvgel,dateindegel,tsreg,tsverval,actieinh,actieverval,actieaanpgel,rdnverlies,rdnverk,nadereaandverval) VALUES('22033','22033','19531116',null,'19531116',null,'22033',null,null,null,'18',null);
INSERT INTO kern.his_persnation (id,persnation,dataanvgel,dateindegel,tsreg,tsverval,actieinh,actieverval,actieaanpgel,rdnverlies,rdnverk,nadereaandverval) VALUES('22034','22034','19390402',null,'19390402',null,'22034',null,null,null,'18',null);
INSERT INTO kern.his_persnation (id,persnation,dataanvgel,dateindegel,tsreg,tsverval,actieinh,actieverval,actieaanpgel,rdnverlies,rdnverk,nadereaandverval) VALUES('22035','22035','19841203',null,'19841203',null,'22035',null,null,null,'18',null);
INSERT INTO kern.his_persnation (id,persnation,dataanvgel,dateindegel,tsreg,tsverval,actieinh,actieverval,actieaanpgel,rdnverlies,rdnverk,nadereaandverval) VALUES('22036','22036','19851011',null,'19851011',null,'22036',null,null,null,'18',null);
INSERT INTO kern.his_persnation (id,persnation,dataanvgel,dateindegel,tsreg,tsverval,actieinh,actieverval,actieaanpgel,rdnverlies,rdnverk,nadereaandverval) VALUES('22037','22037','20050112',null,'20050112',null,'22037',null,null,null,'18',null);
INSERT INTO kern.his_persnation (id,persnation,dataanvgel,dateindegel,tsreg,tsverval,actieinh,actieverval,actieaanpgel,rdnverlies,rdnverk,nadereaandverval) VALUES('22038','22038','20051201',null,'20051201',null,'22038',null,null,null,'18',null);
INSERT INTO kern.his_persnation (id,persnation,dataanvgel,dateindegel,tsreg,tsverval,actieinh,actieverval,actieaanpgel,rdnverlies,rdnverk,nadereaandverval) VALUES('22039','22039','20050112',null,'20050112',null,'22039',null,null,null,'18',null);
INSERT INTO kern.his_persnation (id,persnation,dataanvgel,dateindegel,tsreg,tsverval,actieinh,actieverval,actieaanpgel,rdnverlies,rdnverk,nadereaandverval) VALUES('22040','22040','20051201',null,'20051201',null,'22040',null,null,null,'18',null);
INSERT INTO kern.his_persnation (id,persnation,dataanvgel,dateindegel,tsreg,tsverval,actieinh,actieverval,actieaanpgel,rdnverlies,rdnverk,nadereaandverval) VALUES('22041','22041','19680809',null,'19680809',null,'22041',null,null,null,'18',null);
INSERT INTO kern.his_persnation (id,persnation,dataanvgel,dateindegel,tsreg,tsverval,actieinh,actieverval,actieaanpgel,rdnverlies,rdnverk,nadereaandverval) VALUES('22042','22042','19580921',null,'19580921',null,'22042',null,null,null,null,null);
INSERT INTO kern.his_persnation (id,persnation,dataanvgel,dateindegel,tsreg,tsverval,actieinh,actieverval,actieaanpgel,rdnverlies,rdnverk,nadereaandverval) VALUES('22043','22043','19951004',null,'19951004',null,'22043',null,null,null,'18',null);
INSERT INTO kern.his_persnation (id,persnation,dataanvgel,dateindegel,tsreg,tsverval,actieinh,actieverval,actieaanpgel,rdnverlies,rdnverk,nadereaandverval) VALUES('22044','22044','20051201',null,'20051201',null,'22044',null,null,null,null,null);
INSERT INTO kern.his_persnation (id,persnation,dataanvgel,dateindegel,tsreg,tsverval,actieinh,actieverval,actieaanpgel,rdnverlies,rdnverk,nadereaandverval) VALUES('22045','22045','20050112',null,'20050112',null,'22045',null,null,null,'18',null);

commit;


--------------------------------------------------
--- EIND
--- Sheet: (his_persnation)
--- Handler: SheetHandlerImplSimpleInsert
--- Aantal: (44)
--------------------------------------------------
--------------------------------------------------
--- START
--- Sheet: (his_persinschr)
--- Handler: SheetHandlerImplSimpleInsert
--------------------------------------------------

begin;

INSERT INTO kern.his_persinschr (id,pers,tsreg,tsverval,actieinh,actieverval,datinschr,versienr,nadereaandverval,dattijdstempel) VALUES('22001','22001','19811002',null,'22001',null,'19811002','1',null,'19811002');
INSERT INTO kern.his_persinschr (id,pers,tsreg,tsverval,actieinh,actieverval,datinschr,versienr,nadereaandverval,dattijdstempel) VALUES('22002','22002','19820528',null,'22002',null,'19820528','1',null,'19820528');
INSERT INTO kern.his_persinschr (id,pers,tsreg,tsverval,actieinh,actieverval,datinschr,versienr,nadereaandverval,dattijdstempel) VALUES('22003','22003','19660302',null,'22003',null,'19660302','1',null,'19660302');
INSERT INTO kern.his_persinschr (id,pers,tsreg,tsverval,actieinh,actieverval,datinschr,versienr,nadereaandverval,dattijdstempel) VALUES('22004','22004','19691227',null,'22004',null,'19691227','1',null,'19691227');
INSERT INTO kern.his_persinschr (id,pers,tsreg,tsverval,actieinh,actieverval,datinschr,versienr,nadereaandverval,dattijdstempel) VALUES('22005','22005','19710717',null,'22005',null,'19710717','1',null,'19710717');
INSERT INTO kern.his_persinschr (id,pers,tsreg,tsverval,actieinh,actieverval,datinschr,versienr,nadereaandverval,dattijdstempel) VALUES('22006','22006','19720928',null,'22006',null,'19720928','1',null,'19720928');
INSERT INTO kern.his_persinschr (id,pers,tsreg,tsverval,actieinh,actieverval,datinschr,versienr,nadereaandverval,dattijdstempel) VALUES('22007','22007','19800616',null,'22007',null,'19800616','1',null,'19800616');
INSERT INTO kern.his_persinschr (id,pers,tsreg,tsverval,actieinh,actieverval,datinschr,versienr,nadereaandverval,dattijdstempel) VALUES('22008','22008','19810418',null,'22008',null,'19810418','1',null,'19810418');
INSERT INTO kern.his_persinschr (id,pers,tsreg,tsverval,actieinh,actieverval,datinschr,versienr,nadereaandverval,dattijdstempel) VALUES('22009','22009','20110516',null,'22009',null,'20110516','1',null,'20110516');
INSERT INTO kern.his_persinschr (id,pers,tsreg,tsverval,actieinh,actieverval,datinschr,versienr,nadereaandverval,dattijdstempel) VALUES('22010','22010','19691231',null,'22010',null,'19691231','1',null,'19691231');
INSERT INTO kern.his_persinschr (id,pers,tsreg,tsverval,actieinh,actieverval,datinschr,versienr,nadereaandverval,dattijdstempel) VALUES('22011','22011','19690516',null,'22011',null,'19690516','1',null,'19690516');
INSERT INTO kern.his_persinschr (id,pers,tsreg,tsverval,actieinh,actieverval,datinschr,versienr,nadereaandverval,dattijdstempel) VALUES('22012','22012','19771210',null,'22012',null,'19771210','1',null,'19771210');
INSERT INTO kern.his_persinschr (id,pers,tsreg,tsverval,actieinh,actieverval,datinschr,versienr,nadereaandverval,dattijdstempel) VALUES('22013','22013','19550602',null,'22013',null,'19550602','1',null,'19550602');
INSERT INTO kern.his_persinschr (id,pers,tsreg,tsverval,actieinh,actieverval,datinschr,versienr,nadereaandverval,dattijdstempel) VALUES('22014','22014','19780611',null,'22014',null,'19780611','1',null,'19780611');
INSERT INTO kern.his_persinschr (id,pers,tsreg,tsverval,actieinh,actieverval,datinschr,versienr,nadereaandverval,dattijdstempel) VALUES('22015','22015','19880425',null,'22015',null,'19880425','1',null,'19880425');
INSERT INTO kern.his_persinschr (id,pers,tsreg,tsverval,actieinh,actieverval,datinschr,versienr,nadereaandverval,dattijdstempel) VALUES('22016','22016','19881210',null,'22016',null,'19881210','1',null,'19881210');
INSERT INTO kern.his_persinschr (id,pers,tsreg,tsverval,actieinh,actieverval,datinschr,versienr,nadereaandverval,dattijdstempel) VALUES('22017','22017','19960523',null,'22017',null,'19960523','1',null,'19960523');
INSERT INTO kern.his_persinschr (id,pers,tsreg,tsverval,actieinh,actieverval,datinschr,versienr,nadereaandverval,dattijdstempel) VALUES('22018','22018','19941005',null,'22018',null,'19941005','1',null,'19941005');
INSERT INTO kern.his_persinschr (id,pers,tsreg,tsverval,actieinh,actieverval,datinschr,versienr,nadereaandverval,dattijdstempel) VALUES('22019','22019','19941005',null,'22019',null,'19941005','1',null,'19941005');
INSERT INTO kern.his_persinschr (id,pers,tsreg,tsverval,actieinh,actieverval,datinschr,versienr,nadereaandverval,dattijdstempel) VALUES('22020','22020','19760103',null,'22020',null,'19760103','1',null,'19760103');
INSERT INTO kern.his_persinschr (id,pers,tsreg,tsverval,actieinh,actieverval,datinschr,versienr,nadereaandverval,dattijdstempel) VALUES('22021','22021','19961003',null,'22021',null,'19961003','1',null,'19961003');
INSERT INTO kern.his_persinschr (id,pers,tsreg,tsverval,actieinh,actieverval,datinschr,versienr,nadereaandverval,dattijdstempel) VALUES('22022','22022','19951003',null,'22022',null,'19951003','1',null,'19951003');
INSERT INTO kern.his_persinschr (id,pers,tsreg,tsverval,actieinh,actieverval,datinschr,versienr,nadereaandverval,dattijdstempel) VALUES('22023','22023','19941003',null,'22023',null,'19941003','1',null,'19941003');
INSERT INTO kern.his_persinschr (id,pers,tsreg,tsverval,actieinh,actieverval,datinschr,versienr,nadereaandverval,dattijdstempel) VALUES('22024','22024','19770401',null,'22024',null,'19770401','1',null,'19770401');
INSERT INTO kern.his_persinschr (id,pers,tsreg,tsverval,actieinh,actieverval,datinschr,versienr,nadereaandverval,dattijdstempel) VALUES('22025','22025','19880611',null,'22025',null,'19880611','1',null,'19880611');
INSERT INTO kern.his_persinschr (id,pers,tsreg,tsverval,actieinh,actieverval,datinschr,versienr,nadereaandverval,dattijdstempel) VALUES('22026','22026','19910721',null,'22026',null,'19910721','1',null,'19910721');
INSERT INTO kern.his_persinschr (id,pers,tsreg,tsverval,actieinh,actieverval,datinschr,versienr,nadereaandverval,dattijdstempel) VALUES('22027','22027','19910911',null,'22027',null,'19910911','1',null,'19910911');
INSERT INTO kern.his_persinschr (id,pers,tsreg,tsverval,actieinh,actieverval,datinschr,versienr,nadereaandverval,dattijdstempel) VALUES('22028','22028','19900722',null,'22028',null,'19900722','1',null,'19900722');
INSERT INTO kern.his_persinschr (id,pers,tsreg,tsverval,actieinh,actieverval,datinschr,versienr,nadereaandverval,dattijdstempel) VALUES('22029','22029','19200430',null,'22029',null,'19200430','1',null,'19200430');
INSERT INTO kern.his_persinschr (id,pers,tsreg,tsverval,actieinh,actieverval,datinschr,versienr,nadereaandverval,dattijdstempel) VALUES('22030','22030','19220419',null,'22030',null,'19220419','1',null,'19220419');
INSERT INTO kern.his_persinschr (id,pers,tsreg,tsverval,actieinh,actieverval,datinschr,versienr,nadereaandverval,dattijdstempel) VALUES('22031','22031','19920219',null,'22031',null,'19920219','1',null,'19920219');
INSERT INTO kern.his_persinschr (id,pers,tsreg,tsverval,actieinh,actieverval,datinschr,versienr,nadereaandverval,dattijdstempel) VALUES('22032','22032','19510923',null,'22032',null,'19510923','1',null,'19510923');
INSERT INTO kern.his_persinschr (id,pers,tsreg,tsverval,actieinh,actieverval,datinschr,versienr,nadereaandverval,dattijdstempel) VALUES('22033','22033','19531116',null,'22033',null,'19531116','1',null,'19531116');
INSERT INTO kern.his_persinschr (id,pers,tsreg,tsverval,actieinh,actieverval,datinschr,versienr,nadereaandverval,dattijdstempel) VALUES('22034','22034','19390402',null,'22034',null,'19390402','1',null,'19390402');
INSERT INTO kern.his_persinschr (id,pers,tsreg,tsverval,actieinh,actieverval,datinschr,versienr,nadereaandverval,dattijdstempel) VALUES('22035','22035','19841203',null,'22035',null,'19841203','1',null,'19841203');
INSERT INTO kern.his_persinschr (id,pers,tsreg,tsverval,actieinh,actieverval,datinschr,versienr,nadereaandverval,dattijdstempel) VALUES('22036','22036','19851011',null,'22036',null,'19851011','1',null,'19851011');
INSERT INTO kern.his_persinschr (id,pers,tsreg,tsverval,actieinh,actieverval,datinschr,versienr,nadereaandverval,dattijdstempel) VALUES('22037','22037','20050112',null,'22037',null,'20050112','1',null,'20050112');
INSERT INTO kern.his_persinschr (id,pers,tsreg,tsverval,actieinh,actieverval,datinschr,versienr,nadereaandverval,dattijdstempel) VALUES('22038','22038','20051201',null,'22038',null,'20051201','1',null,'20051201');
INSERT INTO kern.his_persinschr (id,pers,tsreg,tsverval,actieinh,actieverval,datinschr,versienr,nadereaandverval,dattijdstempel) VALUES('22039','22039','20050112',null,'22039',null,'20050112','1',null,'20050112');
INSERT INTO kern.his_persinschr (id,pers,tsreg,tsverval,actieinh,actieverval,datinschr,versienr,nadereaandverval,dattijdstempel) VALUES('22040','22040','20051201',null,'22040',null,'20051201','1',null,'20051201');
INSERT INTO kern.his_persinschr (id,pers,tsreg,tsverval,actieinh,actieverval,datinschr,versienr,nadereaandverval,dattijdstempel) VALUES('22041','22041','19680809',null,'22041',null,'19680809','1',null,'19680809');
INSERT INTO kern.his_persinschr (id,pers,tsreg,tsverval,actieinh,actieverval,datinschr,versienr,nadereaandverval,dattijdstempel) VALUES('22042','22042','19580921',null,'22042',null,'19580921','1',null,'19580921');
INSERT INTO kern.his_persinschr (id,pers,tsreg,tsverval,actieinh,actieverval,datinschr,versienr,nadereaandverval,dattijdstempel) VALUES('22043','22043','19951004',null,'22043',null,'19951004','1',null,'19951004');
INSERT INTO kern.his_persinschr (id,pers,tsreg,tsverval,actieinh,actieverval,datinschr,versienr,nadereaandverval,dattijdstempel) VALUES('22044','22044','20051201',null,'22044',null,'20051201','1',null,'20051201');
INSERT INTO kern.his_persinschr (id,pers,tsreg,tsverval,actieinh,actieverval,datinschr,versienr,nadereaandverval,dattijdstempel) VALUES('22045','22045','20050112',null,'22045',null,'20050112','1',null,'20050112');

commit;


--------------------------------------------------
--- EIND
--- Sheet: (his_persinschr)
--- Handler: SheetHandlerImplSimpleInsert
--- Aantal: (45)
--------------------------------------------------
--------------------------------------------------
--- START
--- Sheet: (his_perseuverkiezingen)
--- Handler: SheetHandlerImplSimpleInsert
--------------------------------------------------

begin;

INSERT INTO kern.his_persdeelneuverkiezingen (id,pers,tsreg,tsverval,actieinh,actieverval,inddeelneuverkiezingen,dataanlaanpdeelneuverkiezing,datvoorzeindeuitsleuverkiezi,nadereaandverval) VALUES('22001','22001','20001002',null,'22627',null,'T','20001002',null,null);
INSERT INTO kern.his_persdeelneuverkiezingen (id,pers,tsreg,tsverval,actieinh,actieverval,inddeelneuverkiezingen,dataanlaanpdeelneuverkiezing,datvoorzeindeuitsleuverkiezi,nadereaandverval) VALUES('22004','22004','20010528',null,'22630',null,'T','20010528',null,null);

commit;


--------------------------------------------------
--- EIND
--- Sheet: (his_perseuverkiezingen)
--- Handler: SheetHandlerImplSimpleInsert
--- Aantal: (2)
--------------------------------------------------
--------------------------------------------------
--- START
--- Sheet: (persreisdoc)
--- Handler: SheetHandlerImplSimpleInsert
--------------------------------------------------

begin;

INSERT INTO kern.persreisdoc (id,pers,srt,nr,autvanafgifte,datingangdoc,datuitgifte,dateindedoc,datinhingvermissing,aandinhingvermissing) VALUES('22001','22009','20','123456789','1704','20131028','20131027','20231029',null,null);
INSERT INTO kern.persreisdoc (id,pers,srt,nr,autvanafgifte,datingangdoc,datuitgifte,dateindedoc,datinhingvermissing,aandinhingvermissing) VALUES('22002','22010','20','123456789','1704','20131028','20131027','20231029',null,null);
INSERT INTO kern.persreisdoc (id,pers,srt,nr,autvanafgifte,datingangdoc,datuitgifte,dateindedoc,datinhingvermissing,aandinhingvermissing) VALUES('22003','22011','20','123456789','2500','20101028','20101028','20201028','20131030','1');

commit;


--------------------------------------------------
--- EIND
--- Sheet: (persreisdoc)
--- Handler: SheetHandlerImplSimpleInsert
--- Aantal: (44)
--------------------------------------------------
--------------------------------------------------
--- START
--- Sheet: (his_persreisdoc)
--- Handler: SheetHandlerImplSimpleInsert
--------------------------------------------------

begin;

INSERT INTO kern.his_persreisdoc (id,persreisdoc,tsreg,tsverval,actieinh,actieverval,nr,autvanafgifte,datingangdoc,datuitgifte,dateindedoc,datinhingvermissing,aandinhingvermissing,nadereaandverval) VALUES('22001','22001','20131028',null,'22009',null,'123456789','1704','20131028','20131027','20231029',null,null,null);
INSERT INTO kern.his_persreisdoc (id,persreisdoc,tsreg,tsverval,actieinh,actieverval,nr,autvanafgifte,datingangdoc,datuitgifte,dateindedoc,datinhingvermissing,aandinhingvermissing,nadereaandverval) VALUES('22002','22002','20131028',null,'22010',null,'123456789','1704','20131028','20131027','20231029',null,null,null);
INSERT INTO kern.his_persreisdoc (id,persreisdoc,tsreg,tsverval,actieinh,actieverval,nr,autvanafgifte,datingangdoc,datuitgifte,dateindedoc,datinhingvermissing,aandinhingvermissing,nadereaandverval) VALUES('22003','22003','20101028','20131030','22011','22012','123456789','2500','20101028','20101028','20201028',null,null,null);
INSERT INTO kern.his_persreisdoc (id,persreisdoc,tsreg,tsverval,actieinh,actieverval,nr,autvanafgifte,datingangdoc,datuitgifte,dateindedoc,datinhingvermissing,aandinhingvermissing,nadereaandverval) VALUES('22004','22003','20131030',null,'22012',null,'123456789','2500','20101028','20101028','20201028','20131030','1',null);

commit;


--------------------------------------------------
--- EIND
--- Sheet: (his_persreisdoc)
--- Handler: SheetHandlerImplSimpleInsert
--- Aantal: (44)
--------------------------------------------------
--------------------------------------------------
--- START
--- Sheet: (his_persbijhouding)
--- Handler: SheetHandlerImplSimpleInsert
--------------------------------------------------

begin;

INSERT INTO kern.his_persbijhouding (id,pers,dataanvgel,dateindegel,tsreg,tsverval,actieinh,actieverval,nadereaandverval,actieaanpgel,bijhpartij,bijhaard,naderebijhaard,indonverwdocaanw) VALUES('22003','22001','20050328',null,'20050328',null,'23000',null,null,null,'347','1','1','false');
INSERT INTO kern.his_persbijhouding (id,pers,dataanvgel,dateindegel,tsreg,tsverval,actieinh,actieverval,nadereaandverval,actieaanpgel,bijhpartij,bijhaard,naderebijhaard,indonverwdocaanw) VALUES('22002','22001','20030327','20050328','20050328',null,'22999',null,null,'23000','229','1','1','false');
INSERT INTO kern.his_persbijhouding (id,pers,dataanvgel,dateindegel,tsreg,tsverval,actieinh,actieverval,nadereaandverval,actieaanpgel,bijhpartij,bijhaard,naderebijhaard,indonverwdocaanw) VALUES('22128','22001','20030327',null,'20030327','20050328','22999','23000',null,null,'229','1','1','false');
INSERT INTO kern.his_persbijhouding (id,pers,dataanvgel,dateindegel,tsreg,tsverval,actieinh,actieverval,nadereaandverval,actieaanpgel,bijhpartij,bijhaard,naderebijhaard,indonverwdocaanw) VALUES('22001','22001','19811002','20030327','20030327',null,'22001',null,null,'22999','521','1','1','false');
INSERT INTO kern.his_persbijhouding (id,pers,dataanvgel,dateindegel,tsreg,tsverval,actieinh,actieverval,nadereaandverval,actieaanpgel,bijhpartij,bijhaard,naderebijhaard,indonverwdocaanw) VALUES('22129','22001','19811002',null,'19811002','20030327','22001','22999',null,null,'521','1','1','false');
INSERT INTO kern.his_persbijhouding (id,pers,dataanvgel,dateindegel,tsreg,tsverval,actieinh,actieverval,nadereaandverval,actieaanpgel,bijhpartij,bijhaard,naderebijhaard,indonverwdocaanw) VALUES('22008','22002','20120105',null,'20120105',null,'22642',null,null,null,'347','1','1','false');
INSERT INTO kern.his_persbijhouding (id,pers,dataanvgel,dateindegel,tsreg,tsverval,actieinh,actieverval,nadereaandverval,actieaanpgel,bijhpartij,bijhaard,naderebijhaard,indonverwdocaanw) VALUES('22007','22002','20120103','20120105','20120105',null,'22641',null,null,'22642','347','1','4','false');
INSERT INTO kern.his_persbijhouding (id,pers,dataanvgel,dateindegel,tsreg,tsverval,actieinh,actieverval,nadereaandverval,actieaanpgel,bijhpartij,bijhaard,naderebijhaard,indonverwdocaanw) VALUES('22130','22002','20120103',null,'20120103','20120105','22641','22642',null,null,'347','1','4','false');
INSERT INTO kern.his_persbijhouding (id,pers,dataanvgel,dateindegel,tsreg,tsverval,actieinh,actieverval,nadereaandverval,actieaanpgel,bijhpartij,bijhaard,naderebijhaard,indonverwdocaanw) VALUES('22006','22002','20050328','20120103','20120103',null,'22997',null,null,'22641','347','1','1','false');
INSERT INTO kern.his_persbijhouding (id,pers,dataanvgel,dateindegel,tsreg,tsverval,actieinh,actieverval,nadereaandverval,actieaanpgel,bijhpartij,bijhaard,naderebijhaard,indonverwdocaanw) VALUES('22131','22002','20050328',null,'20050328','20120103','22997','22641',null,null,'347','1','1','false');
INSERT INTO kern.his_persbijhouding (id,pers,dataanvgel,dateindegel,tsreg,tsverval,actieinh,actieverval,nadereaandverval,actieaanpgel,bijhpartij,bijhaard,naderebijhaard,indonverwdocaanw) VALUES('22005','22002','20030327','20050328','20050328',null,'22996',null,null,'22997','229','1','1','false');
INSERT INTO kern.his_persbijhouding (id,pers,dataanvgel,dateindegel,tsreg,tsverval,actieinh,actieverval,nadereaandverval,actieaanpgel,bijhpartij,bijhaard,naderebijhaard,indonverwdocaanw) VALUES('22132','22002','20030327',null,'20030327','20050328','22996','22997',null,null,'229','1','1','false');
INSERT INTO kern.his_persbijhouding (id,pers,dataanvgel,dateindegel,tsreg,tsverval,actieinh,actieverval,nadereaandverval,actieaanpgel,bijhpartij,bijhaard,naderebijhaard,indonverwdocaanw) VALUES('22004','22002','19820528','20030327','20030327',null,'22002',null,null,'22996','602','1','1','false');
INSERT INTO kern.his_persbijhouding (id,pers,dataanvgel,dateindegel,tsreg,tsverval,actieinh,actieverval,nadereaandverval,actieaanpgel,bijhpartij,bijhaard,naderebijhaard,indonverwdocaanw) VALUES('22133','22002','19820528',null,'19820528','20030327','22002','22996',null,null,'602','1','1','false');
INSERT INTO kern.his_persbijhouding (id,pers,dataanvgel,dateindegel,tsreg,tsverval,actieinh,actieverval,nadereaandverval,actieaanpgel,bijhpartij,bijhaard,naderebijhaard,indonverwdocaanw) VALUES('22014','22003','20120605',null,'20120605',null,'22645',null,null,null,'347','1','4','false');
INSERT INTO kern.his_persbijhouding (id,pers,dataanvgel,dateindegel,tsreg,tsverval,actieinh,actieverval,nadereaandverval,actieaanpgel,bijhpartij,bijhaard,naderebijhaard,indonverwdocaanw) VALUES('22013','22003','20120105','20120605','20120605',null,'22644',null,null,'22645','347','1','1','false');
INSERT INTO kern.his_persbijhouding (id,pers,dataanvgel,dateindegel,tsreg,tsverval,actieinh,actieverval,nadereaandverval,actieaanpgel,bijhpartij,bijhaard,naderebijhaard,indonverwdocaanw) VALUES('22134','22003','20120105',null,'20120105','20120605','22644','22645',null,null,'347','1','1','false');
INSERT INTO kern.his_persbijhouding (id,pers,dataanvgel,dateindegel,tsreg,tsverval,actieinh,actieverval,nadereaandverval,actieaanpgel,bijhpartij,bijhaard,naderebijhaard,indonverwdocaanw) VALUES('22012','22003','20120103','20120105','20120105',null,'22643',null,null,'22644','347','1','4','false');
INSERT INTO kern.his_persbijhouding (id,pers,dataanvgel,dateindegel,tsreg,tsverval,actieinh,actieverval,nadereaandverval,actieaanpgel,bijhpartij,bijhaard,naderebijhaard,indonverwdocaanw) VALUES('22135','22003','20120103',null,'20120103','20120105','22643','22644',null,null,'347','1','4','false');
INSERT INTO kern.his_persbijhouding (id,pers,dataanvgel,dateindegel,tsreg,tsverval,actieinh,actieverval,nadereaandverval,actieaanpgel,bijhpartij,bijhaard,naderebijhaard,indonverwdocaanw) VALUES('22011','22003','19901201','20120103','20120103',null,'22994',null,null,'22643','347','1','1','false');
INSERT INTO kern.his_persbijhouding (id,pers,dataanvgel,dateindegel,tsreg,tsverval,actieinh,actieverval,nadereaandverval,actieaanpgel,bijhpartij,bijhaard,naderebijhaard,indonverwdocaanw) VALUES('22136','22003','19901201',null,'19901201','20120103','22994','22643',null,null,'347','1','1','false');
INSERT INTO kern.his_persbijhouding (id,pers,dataanvgel,dateindegel,tsreg,tsverval,actieinh,actieverval,nadereaandverval,actieaanpgel,bijhpartij,bijhaard,naderebijhaard,indonverwdocaanw) VALUES('22010','22003','19901111','19901201','19901201',null,'22993',null,null,'22994','950','1','1','false');
INSERT INTO kern.his_persbijhouding (id,pers,dataanvgel,dateindegel,tsreg,tsverval,actieinh,actieverval,nadereaandverval,actieaanpgel,bijhpartij,bijhaard,naderebijhaard,indonverwdocaanw) VALUES('22137','22003','19901111',null,'19901111','19901201','22993','22994',null,null,'950','1','1','false');
INSERT INTO kern.his_persbijhouding (id,pers,dataanvgel,dateindegel,tsreg,tsverval,actieinh,actieverval,nadereaandverval,actieaanpgel,bijhpartij,bijhaard,naderebijhaard,indonverwdocaanw) VALUES('22009','22003','19660302','19901111','19901111',null,'22003',null,null,'22993','521','1','1','false');
INSERT INTO kern.his_persbijhouding (id,pers,dataanvgel,dateindegel,tsreg,tsverval,actieinh,actieverval,nadereaandverval,actieaanpgel,bijhpartij,bijhaard,naderebijhaard,indonverwdocaanw) VALUES('22138','22003','19660302',null,'19660302','19901111','22003','22993',null,null,'521','1','1','false');
INSERT INTO kern.his_persbijhouding (id,pers,dataanvgel,dateindegel,tsreg,tsverval,actieinh,actieverval,nadereaandverval,actieaanpgel,bijhpartij,bijhaard,naderebijhaard,indonverwdocaanw) VALUES('22017','22004','19901201',null,'19901201',null,'22991',null,null,null,'347','1','1','false');
INSERT INTO kern.his_persbijhouding (id,pers,dataanvgel,dateindegel,tsreg,tsverval,actieinh,actieverval,nadereaandverval,actieaanpgel,bijhpartij,bijhaard,naderebijhaard,indonverwdocaanw) VALUES('22016','22004','19901111','19901201','19901201',null,'22990',null,null,'22991','950','1','1','false');
INSERT INTO kern.his_persbijhouding (id,pers,dataanvgel,dateindegel,tsreg,tsverval,actieinh,actieverval,nadereaandverval,actieaanpgel,bijhpartij,bijhaard,naderebijhaard,indonverwdocaanw) VALUES('22139','22004','19901111',null,'19901111','19901201','22990','22991',null,null,'950','1','1','false');
INSERT INTO kern.his_persbijhouding (id,pers,dataanvgel,dateindegel,tsreg,tsverval,actieinh,actieverval,nadereaandverval,actieaanpgel,bijhpartij,bijhaard,naderebijhaard,indonverwdocaanw) VALUES('22015','22004','19691227','19901111','19901111',null,'22004',null,null,'22990','347','1','1','false');
INSERT INTO kern.his_persbijhouding (id,pers,dataanvgel,dateindegel,tsreg,tsverval,actieinh,actieverval,nadereaandverval,actieaanpgel,bijhpartij,bijhaard,naderebijhaard,indonverwdocaanw) VALUES('22140','22004','19691227',null,'19691227','19901111','22004','22990',null,null,'347','1','1','false');
INSERT INTO kern.his_persbijhouding (id,pers,dataanvgel,dateindegel,tsreg,tsverval,actieinh,actieverval,nadereaandverval,actieaanpgel,bijhpartij,bijhaard,naderebijhaard,indonverwdocaanw) VALUES('22020','22005','19981201',null,'19981201',null,'22988',null,null,null,'347','1','1','false');
INSERT INTO kern.his_persbijhouding (id,pers,dataanvgel,dateindegel,tsreg,tsverval,actieinh,actieverval,nadereaandverval,actieaanpgel,bijhpartij,bijhaard,naderebijhaard,indonverwdocaanw) VALUES('22019','22005','19970605','19981201','19981201',null,'22987',null,null,'22988','403','1','1','false');
INSERT INTO kern.his_persbijhouding (id,pers,dataanvgel,dateindegel,tsreg,tsverval,actieinh,actieverval,nadereaandverval,actieaanpgel,bijhpartij,bijhaard,naderebijhaard,indonverwdocaanw) VALUES('22141','22005','19970605',null,'19970605','19981201','22987','22988',null,null,'403','1','1','false');
INSERT INTO kern.his_persbijhouding (id,pers,dataanvgel,dateindegel,tsreg,tsverval,actieinh,actieverval,nadereaandverval,actieaanpgel,bijhpartij,bijhaard,naderebijhaard,indonverwdocaanw) VALUES('22018','22005','19710717','19970605','19970605',null,'22005',null,null,'22987','347','1','1','false');
INSERT INTO kern.his_persbijhouding (id,pers,dataanvgel,dateindegel,tsreg,tsverval,actieinh,actieverval,nadereaandverval,actieaanpgel,bijhpartij,bijhaard,naderebijhaard,indonverwdocaanw) VALUES('22142','22005','19710717',null,'19710717','19970605','22005','22987',null,null,'347','1','1','false');
INSERT INTO kern.his_persbijhouding (id,pers,dataanvgel,dateindegel,tsreg,tsverval,actieinh,actieverval,nadereaandverval,actieaanpgel,bijhpartij,bijhaard,naderebijhaard,indonverwdocaanw) VALUES('22023','22006','19981201',null,'19981201',null,'22985',null,null,null,'347','1','1','false');
INSERT INTO kern.his_persbijhouding (id,pers,dataanvgel,dateindegel,tsreg,tsverval,actieinh,actieverval,nadereaandverval,actieaanpgel,bijhpartij,bijhaard,naderebijhaard,indonverwdocaanw) VALUES('22022','22006','19970605','19981201','19981201',null,'22984',null,null,'22985','403','1','1','false');
INSERT INTO kern.his_persbijhouding (id,pers,dataanvgel,dateindegel,tsreg,tsverval,actieinh,actieverval,nadereaandverval,actieaanpgel,bijhpartij,bijhaard,naderebijhaard,indonverwdocaanw) VALUES('22143','22006','19970605',null,'19970605','19981201','22984','22985',null,null,'403','1','1','false');
INSERT INTO kern.his_persbijhouding (id,pers,dataanvgel,dateindegel,tsreg,tsverval,actieinh,actieverval,nadereaandverval,actieaanpgel,bijhpartij,bijhaard,naderebijhaard,indonverwdocaanw) VALUES('22021','22006','19720928','19970605','19970605',null,'22006',null,null,'22984','366','1','1','false');
INSERT INTO kern.his_persbijhouding (id,pers,dataanvgel,dateindegel,tsreg,tsverval,actieinh,actieverval,nadereaandverval,actieaanpgel,bijhpartij,bijhaard,naderebijhaard,indonverwdocaanw) VALUES('22144','22006','19720928',null,'19720928','19970605','22006','22984',null,null,'366','1','1','false');
INSERT INTO kern.his_persbijhouding (id,pers,dataanvgel,dateindegel,tsreg,tsverval,actieinh,actieverval,nadereaandverval,actieaanpgel,bijhpartij,bijhaard,naderebijhaard,indonverwdocaanw) VALUES('22026','22007','20110205',null,'20110205',null,'22982',null,null,null,'347','1','1','false');
INSERT INTO kern.his_persbijhouding (id,pers,dataanvgel,dateindegel,tsreg,tsverval,actieinh,actieverval,nadereaandverval,actieaanpgel,bijhpartij,bijhaard,naderebijhaard,indonverwdocaanw) VALUES('22025','22007','20031024','20110205','20110205',null,'22981',null,null,'22982','1415','1','1','false');
INSERT INTO kern.his_persbijhouding (id,pers,dataanvgel,dateindegel,tsreg,tsverval,actieinh,actieverval,nadereaandverval,actieaanpgel,bijhpartij,bijhaard,naderebijhaard,indonverwdocaanw) VALUES('22145','22007','20031024',null,'20031024','20110205','22981','22982',null,null,'1415','1','1','false');
INSERT INTO kern.his_persbijhouding (id,pers,dataanvgel,dateindegel,tsreg,tsverval,actieinh,actieverval,nadereaandverval,actieaanpgel,bijhpartij,bijhaard,naderebijhaard,indonverwdocaanw) VALUES('22024','22007','19800616','20031024','20031024',null,'22007',null,null,'22981','602','1','1','false');
INSERT INTO kern.his_persbijhouding (id,pers,dataanvgel,dateindegel,tsreg,tsverval,actieinh,actieverval,nadereaandverval,actieaanpgel,bijhpartij,bijhaard,naderebijhaard,indonverwdocaanw) VALUES('22146','22007','19800616',null,'19800616','20031024','22007','22981',null,null,'602','1','1','false');
INSERT INTO kern.his_persbijhouding (id,pers,dataanvgel,dateindegel,tsreg,tsverval,actieinh,actieverval,nadereaandverval,actieaanpgel,bijhpartij,bijhaard,naderebijhaard,indonverwdocaanw) VALUES('22029','22008','20110205',null,'20110205',null,'22979',null,null,null,'347','1','1','false');
INSERT INTO kern.his_persbijhouding (id,pers,dataanvgel,dateindegel,tsreg,tsverval,actieinh,actieverval,nadereaandverval,actieaanpgel,bijhpartij,bijhaard,naderebijhaard,indonverwdocaanw) VALUES('22028','22008','20031024','20110205','20110205',null,'22978',null,null,'22979','1415','1','1','false');
INSERT INTO kern.his_persbijhouding (id,pers,dataanvgel,dateindegel,tsreg,tsverval,actieinh,actieverval,nadereaandverval,actieaanpgel,bijhpartij,bijhaard,naderebijhaard,indonverwdocaanw) VALUES('22147','22008','20031024',null,'20031024','20110205','22978','22979',null,null,'1415','1','1','false');
INSERT INTO kern.his_persbijhouding (id,pers,dataanvgel,dateindegel,tsreg,tsverval,actieinh,actieverval,nadereaandverval,actieaanpgel,bijhpartij,bijhaard,naderebijhaard,indonverwdocaanw) VALUES('22027','22008','19810418','20031024','20031024',null,'22008',null,null,'22978','347','1','1','false');
INSERT INTO kern.his_persbijhouding (id,pers,dataanvgel,dateindegel,tsreg,tsverval,actieinh,actieverval,nadereaandverval,actieaanpgel,bijhpartij,bijhaard,naderebijhaard,indonverwdocaanw) VALUES('22148','22008','19810418',null,'19810418','20031024','22008','22978',null,null,'347','1','1','false');
INSERT INTO kern.his_persbijhouding (id,pers,dataanvgel,dateindegel,tsreg,tsverval,actieinh,actieverval,nadereaandverval,actieaanpgel,bijhpartij,bijhaard,naderebijhaard,indonverwdocaanw) VALUES('22031','22009','20110205',null,'20110205',null,'22976',null,null,null,'347','1','1','false');
INSERT INTO kern.his_persbijhouding (id,pers,dataanvgel,dateindegel,tsreg,tsverval,actieinh,actieverval,nadereaandverval,actieaanpgel,bijhpartij,bijhaard,naderebijhaard,indonverwdocaanw) VALUES('22030','22009','20031226','20110205','20110205',null,'22009',null,null,'22976','1415','1','1','false');
INSERT INTO kern.his_persbijhouding (id,pers,dataanvgel,dateindegel,tsreg,tsverval,actieinh,actieverval,nadereaandverval,actieaanpgel,bijhpartij,bijhaard,naderebijhaard,indonverwdocaanw) VALUES('22149','22009','20031226',null,'20031226','20110205','22009','22976',null,null,'1415','1','1','false');
INSERT INTO kern.his_persbijhouding (id,pers,dataanvgel,dateindegel,tsreg,tsverval,actieinh,actieverval,nadereaandverval,actieaanpgel,bijhpartij,bijhaard,naderebijhaard,indonverwdocaanw) VALUES('22036','22010','20120210',null,'20120210',null,'22649',null,null,null,'347','1','1','false');
INSERT INTO kern.his_persbijhouding (id,pers,dataanvgel,dateindegel,tsreg,tsverval,actieinh,actieverval,nadereaandverval,actieaanpgel,bijhpartij,bijhaard,naderebijhaard,indonverwdocaanw) VALUES('22035','22010','20120208','20120210','20120210',null,'22648',null,null,'22649','347','1','4','false');
INSERT INTO kern.his_persbijhouding (id,pers,dataanvgel,dateindegel,tsreg,tsverval,actieinh,actieverval,nadereaandverval,actieaanpgel,bijhpartij,bijhaard,naderebijhaard,indonverwdocaanw) VALUES('22150','22010','20120208',null,'20120208','20120210','22648','22649',null,null,'347','1','4','false');
INSERT INTO kern.his_persbijhouding (id,pers,dataanvgel,dateindegel,tsreg,tsverval,actieinh,actieverval,nadereaandverval,actieaanpgel,bijhpartij,bijhaard,naderebijhaard,indonverwdocaanw) VALUES('22034','22010','20090928','20120208','20120208',null,'22974',null,null,'22648','347','1','1','false');
INSERT INTO kern.his_persbijhouding (id,pers,dataanvgel,dateindegel,tsreg,tsverval,actieinh,actieverval,nadereaandverval,actieaanpgel,bijhpartij,bijhaard,naderebijhaard,indonverwdocaanw) VALUES('22151','22010','20090928',null,'20090928','20120208','22974','22648',null,null,'347','1','1','false');
INSERT INTO kern.his_persbijhouding (id,pers,dataanvgel,dateindegel,tsreg,tsverval,actieinh,actieverval,nadereaandverval,actieaanpgel,bijhpartij,bijhaard,naderebijhaard,indonverwdocaanw) VALUES('22033','22010','19960304','20090928','20090928',null,'22973',null,null,'22974','775','1','1','false');
INSERT INTO kern.his_persbijhouding (id,pers,dataanvgel,dateindegel,tsreg,tsverval,actieinh,actieverval,nadereaandverval,actieaanpgel,bijhpartij,bijhaard,naderebijhaard,indonverwdocaanw) VALUES('22152','22010','19960304',null,'19960304','20090928','22973','22974',null,null,'775','1','1','false');
INSERT INTO kern.his_persbijhouding (id,pers,dataanvgel,dateindegel,tsreg,tsverval,actieinh,actieverval,nadereaandverval,actieaanpgel,bijhpartij,bijhaard,naderebijhaard,indonverwdocaanw) VALUES('22032','22010','19691231','19960304','19960304',null,'22010',null,null,'22973','602','1','1','false');
INSERT INTO kern.his_persbijhouding (id,pers,dataanvgel,dateindegel,tsreg,tsverval,actieinh,actieverval,nadereaandverval,actieaanpgel,bijhpartij,bijhaard,naderebijhaard,indonverwdocaanw) VALUES('22153','22010','19691231',null,'19691231','19960304','22010','22973',null,null,'602','1','1','false');
INSERT INTO kern.his_persbijhouding (id,pers,dataanvgel,dateindegel,tsreg,tsverval,actieinh,actieverval,nadereaandverval,actieaanpgel,bijhpartij,bijhaard,naderebijhaard,indonverwdocaanw) VALUES('22039','22011','20090928',null,'20090928',null,'22971',null,null,null,'347','1','1','false');
INSERT INTO kern.his_persbijhouding (id,pers,dataanvgel,dateindegel,tsreg,tsverval,actieinh,actieverval,nadereaandverval,actieaanpgel,bijhpartij,bijhaard,naderebijhaard,indonverwdocaanw) VALUES('22038','22011','19960304','20090928','20090928',null,'22970',null,null,'22971','775','1','1','false');
INSERT INTO kern.his_persbijhouding (id,pers,dataanvgel,dateindegel,tsreg,tsverval,actieinh,actieverval,nadereaandverval,actieaanpgel,bijhpartij,bijhaard,naderebijhaard,indonverwdocaanw) VALUES('22154','22011','19960304',null,'19960304','20090928','22970','22971',null,null,'775','1','1','false');
INSERT INTO kern.his_persbijhouding (id,pers,dataanvgel,dateindegel,tsreg,tsverval,actieinh,actieverval,nadereaandverval,actieaanpgel,bijhpartij,bijhaard,naderebijhaard,indonverwdocaanw) VALUES('22037','22011','19690516','19960304','19960304',null,'22011',null,null,'22970','602','1','1','false');
INSERT INTO kern.his_persbijhouding (id,pers,dataanvgel,dateindegel,tsreg,tsverval,actieinh,actieverval,nadereaandverval,actieaanpgel,bijhpartij,bijhaard,naderebijhaard,indonverwdocaanw) VALUES('22155','22011','19690516',null,'19690516','19960304','22011','22970',null,null,'602','1','1','false');
INSERT INTO kern.his_persbijhouding (id,pers,dataanvgel,dateindegel,tsreg,tsverval,actieinh,actieverval,nadereaandverval,actieaanpgel,bijhpartij,bijhaard,naderebijhaard,indonverwdocaanw) VALUES('22041','22012','20000228',null,'20000228',null,'22968',null,null,null,'347','1','1','false');
INSERT INTO kern.his_persbijhouding (id,pers,dataanvgel,dateindegel,tsreg,tsverval,actieinh,actieverval,nadereaandverval,actieaanpgel,bijhpartij,bijhaard,naderebijhaard,indonverwdocaanw) VALUES('22040','22012','19771210','20000228','20000228',null,'22012',null,null,'22968','629','1','1','false');
INSERT INTO kern.his_persbijhouding (id,pers,dataanvgel,dateindegel,tsreg,tsverval,actieinh,actieverval,nadereaandverval,actieaanpgel,bijhpartij,bijhaard,naderebijhaard,indonverwdocaanw) VALUES('22156','22012','19771210',null,'19771210','20000228','22012','22968',null,null,'629','1','1','false');
INSERT INTO kern.his_persbijhouding (id,pers,dataanvgel,dateindegel,tsreg,tsverval,actieinh,actieverval,nadereaandverval,actieaanpgel,bijhpartij,bijhaard,naderebijhaard,indonverwdocaanw) VALUES('22043','22013','19920508',null,'19920508',null,'22966',null,null,null,'347','1','1','false');
INSERT INTO kern.his_persbijhouding (id,pers,dataanvgel,dateindegel,tsreg,tsverval,actieinh,actieverval,nadereaandverval,actieaanpgel,bijhpartij,bijhaard,naderebijhaard,indonverwdocaanw) VALUES('22042','22013','19550602','19920508','19920508',null,'22013',null,null,'22966','991','1','1','false');
INSERT INTO kern.his_persbijhouding (id,pers,dataanvgel,dateindegel,tsreg,tsverval,actieinh,actieverval,nadereaandverval,actieaanpgel,bijhpartij,bijhaard,naderebijhaard,indonverwdocaanw) VALUES('22157','22013','19550602',null,'19550602','19920508','22013','22966',null,null,'991','1','1','false');
INSERT INTO kern.his_persbijhouding (id,pers,dataanvgel,dateindegel,tsreg,tsverval,actieinh,actieverval,nadereaandverval,actieaanpgel,bijhpartij,bijhaard,naderebijhaard,indonverwdocaanw) VALUES('22045','22014','20111111',null,'20111111',null,'22506',null,null,null,'347','1','4','false');
INSERT INTO kern.his_persbijhouding (id,pers,dataanvgel,dateindegel,tsreg,tsverval,actieinh,actieverval,nadereaandverval,actieaanpgel,bijhpartij,bijhaard,naderebijhaard,indonverwdocaanw) VALUES('22044','22014','19780611','20111111','20111111',null,'22014',null,null,null,'347','1','1','false');
INSERT INTO kern.his_persbijhouding (id,pers,dataanvgel,dateindegel,tsreg,tsverval,actieinh,actieverval,nadereaandverval,actieaanpgel,bijhpartij,bijhaard,naderebijhaard,indonverwdocaanw) VALUES('22158','22014','19780611',null,'19780611','20111111','22014',null,null,null,'347','1','1','false');
INSERT INTO kern.his_persbijhouding (id,pers,dataanvgel,dateindegel,tsreg,tsverval,actieinh,actieverval,nadereaandverval,actieaanpgel,bijhpartij,bijhaard,naderebijhaard,indonverwdocaanw) VALUES('22047','22015','20110425',null,'20110425',null,'22963',null,null,null,'347','1','1','false');
INSERT INTO kern.his_persbijhouding (id,pers,dataanvgel,dateindegel,tsreg,tsverval,actieinh,actieverval,nadereaandverval,actieaanpgel,bijhpartij,bijhaard,naderebijhaard,indonverwdocaanw) VALUES('22046','22015','19880425','20110425','20110425',null,'22015',null,null,'22963','94','1','1','false');
INSERT INTO kern.his_persbijhouding (id,pers,dataanvgel,dateindegel,tsreg,tsverval,actieinh,actieverval,nadereaandverval,actieaanpgel,bijhpartij,bijhaard,naderebijhaard,indonverwdocaanw) VALUES('22159','22015','19880425',null,'19880425','20110425','22015','22963',null,null,'94','1','1','false');
INSERT INTO kern.his_persbijhouding (id,pers,dataanvgel,dateindegel,tsreg,tsverval,actieinh,actieverval,nadereaandverval,actieaanpgel,bijhpartij,bijhaard,naderebijhaard,indonverwdocaanw) VALUES('22050','22016','20100626',null,'20100626',null,'22961',null,null,null,'347','1','1','false');
INSERT INTO kern.his_persbijhouding (id,pers,dataanvgel,dateindegel,tsreg,tsverval,actieinh,actieverval,nadereaandverval,actieaanpgel,bijhpartij,bijhaard,naderebijhaard,indonverwdocaanw) VALUES('22049','22016','19880425','20100626','20100626',null,'22960',null,null,'22961','741','1','1','false');
INSERT INTO kern.his_persbijhouding (id,pers,dataanvgel,dateindegel,tsreg,tsverval,actieinh,actieverval,nadereaandverval,actieaanpgel,bijhpartij,bijhaard,naderebijhaard,indonverwdocaanw) VALUES('22160','22016','19880425',null,'19880425','20100626','22960','22961',null,null,'741','1','1','false');
INSERT INTO kern.his_persbijhouding (id,pers,dataanvgel,dateindegel,tsreg,tsverval,actieinh,actieverval,nadereaandverval,actieaanpgel,bijhpartij,bijhaard,naderebijhaard,indonverwdocaanw) VALUES('22048','22016','18991210','19880425','19880425',null,'22016',null,null,'22960','521','1','1','false');
INSERT INTO kern.his_persbijhouding (id,pers,dataanvgel,dateindegel,tsreg,tsverval,actieinh,actieverval,nadereaandverval,actieaanpgel,bijhpartij,bijhaard,naderebijhaard,indonverwdocaanw) VALUES('22161','22016','18991210',null,'18991210','19880425','22016','22960',null,null,'521','1','1','false');
INSERT INTO kern.his_persbijhouding (id,pers,dataanvgel,dateindegel,tsreg,tsverval,actieinh,actieverval,nadereaandverval,actieaanpgel,bijhpartij,bijhaard,naderebijhaard,indonverwdocaanw) VALUES('22052','22017','20030327',null,'20030327',null,'22958',null,null,null,'347','1','1','false');
INSERT INTO kern.his_persbijhouding (id,pers,dataanvgel,dateindegel,tsreg,tsverval,actieinh,actieverval,nadereaandverval,actieaanpgel,bijhpartij,bijhaard,naderebijhaard,indonverwdocaanw) VALUES('22051','22017','19820523','20030327','20030327',null,'22017',null,null,'22958','403','1','1','false');
INSERT INTO kern.his_persbijhouding (id,pers,dataanvgel,dateindegel,tsreg,tsverval,actieinh,actieverval,nadereaandverval,actieaanpgel,bijhpartij,bijhaard,naderebijhaard,indonverwdocaanw) VALUES('22162','22017','19820523',null,'19820523','20030327','22017','22958',null,null,'403','1','1','false');
INSERT INTO kern.his_persbijhouding (id,pers,dataanvgel,dateindegel,tsreg,tsverval,actieinh,actieverval,nadereaandverval,actieaanpgel,bijhpartij,bijhaard,naderebijhaard,indonverwdocaanw) VALUES('22054','22018','19911002',null,'19911002',null,'22956',null,null,null,'347','1','1','false');
INSERT INTO kern.his_persbijhouding (id,pers,dataanvgel,dateindegel,tsreg,tsverval,actieinh,actieverval,nadereaandverval,actieaanpgel,bijhpartij,bijhaard,naderebijhaard,indonverwdocaanw) VALUES('22053','22018','19840411','19911002','19911002',null,'22018',null,null,'22956','508','1','1','false');
INSERT INTO kern.his_persbijhouding (id,pers,dataanvgel,dateindegel,tsreg,tsverval,actieinh,actieverval,nadereaandverval,actieaanpgel,bijhpartij,bijhaard,naderebijhaard,indonverwdocaanw) VALUES('22163','22018','19840411',null,'19840411','19911002','22018','22956',null,null,'508','1','1','false');
INSERT INTO kern.his_persbijhouding (id,pers,dataanvgel,dateindegel,tsreg,tsverval,actieinh,actieverval,nadereaandverval,actieaanpgel,bijhpartij,bijhaard,naderebijhaard,indonverwdocaanw) VALUES('22056','22019','19901111',null,'19901111',null,'22954',null,null,null,'347','1','1','false');
INSERT INTO kern.his_persbijhouding (id,pers,dataanvgel,dateindegel,tsreg,tsverval,actieinh,actieverval,nadereaandverval,actieaanpgel,bijhpartij,bijhaard,naderebijhaard,indonverwdocaanw) VALUES('22055','22019','19741026','19901111','19901111',null,'22019',null,null,'22954','522','1','1','false');
INSERT INTO kern.his_persbijhouding (id,pers,dataanvgel,dateindegel,tsreg,tsverval,actieinh,actieverval,nadereaandverval,actieaanpgel,bijhpartij,bijhaard,naderebijhaard,indonverwdocaanw) VALUES('22164','22019','19741026',null,'19741026','19901111','22019','22954',null,null,'522','1','1','false');
INSERT INTO kern.his_persbijhouding (id,pers,dataanvgel,dateindegel,tsreg,tsverval,actieinh,actieverval,nadereaandverval,actieaanpgel,bijhpartij,bijhaard,naderebijhaard,indonverwdocaanw) VALUES('22058','22020','19820528',null,'19820528',null,'22952',null,null,null,'347','1','1','false');
INSERT INTO kern.his_persbijhouding (id,pers,dataanvgel,dateindegel,tsreg,tsverval,actieinh,actieverval,nadereaandverval,actieaanpgel,bijhpartij,bijhaard,naderebijhaard,indonverwdocaanw) VALUES('22057','22020','19760103','19820528','19820528',null,'22020',null,null,'22952','403','1','1','false');
INSERT INTO kern.his_persbijhouding (id,pers,dataanvgel,dateindegel,tsreg,tsverval,actieinh,actieverval,nadereaandverval,actieaanpgel,bijhpartij,bijhaard,naderebijhaard,indonverwdocaanw) VALUES('22165','22020','19760103',null,'19760103','19820528','22020','22952',null,null,'403','1','1','false');
INSERT INTO kern.his_persbijhouding (id,pers,dataanvgel,dateindegel,tsreg,tsverval,actieinh,actieverval,nadereaandverval,actieaanpgel,bijhpartij,bijhaard,naderebijhaard,indonverwdocaanw) VALUES('22060','22021','20010328',null,'20010328',null,'22950',null,null,null,'347','1','1','false');
INSERT INTO kern.his_persbijhouding (id,pers,dataanvgel,dateindegel,tsreg,tsverval,actieinh,actieverval,nadereaandverval,actieaanpgel,bijhpartij,bijhaard,naderebijhaard,indonverwdocaanw) VALUES('22059','22021','19920516','20010328','20010328',null,'22021',null,null,'22950','342','1','1','false');
INSERT INTO kern.his_persbijhouding (id,pers,dataanvgel,dateindegel,tsreg,tsverval,actieinh,actieverval,nadereaandverval,actieaanpgel,bijhpartij,bijhaard,naderebijhaard,indonverwdocaanw) VALUES('22166','22021','19920516',null,'19920516','20010328','22021','22950',null,null,'342','1','1','false');
INSERT INTO kern.his_persbijhouding (id,pers,dataanvgel,dateindegel,tsreg,tsverval,actieinh,actieverval,nadereaandverval,actieaanpgel,bijhpartij,bijhaard,naderebijhaard,indonverwdocaanw) VALUES('22062','22022','20101002',null,'20101002',null,'22948',null,null,null,'347','1','1','false');
INSERT INTO kern.his_persbijhouding (id,pers,dataanvgel,dateindegel,tsreg,tsverval,actieinh,actieverval,nadereaandverval,actieaanpgel,bijhpartij,bijhaard,naderebijhaard,indonverwdocaanw) VALUES('22061','22022','19951003','20101002','20101002',null,'22022',null,null,'22948','508','1','1','false');
INSERT INTO kern.his_persbijhouding (id,pers,dataanvgel,dateindegel,tsreg,tsverval,actieinh,actieverval,nadereaandverval,actieaanpgel,bijhpartij,bijhaard,naderebijhaard,indonverwdocaanw) VALUES('22167','22022','19951003',null,'19951003','20101002','22022','22948',null,null,'508','1','1','false');
INSERT INTO kern.his_persbijhouding (id,pers,dataanvgel,dateindegel,tsreg,tsverval,actieinh,actieverval,nadereaandverval,actieaanpgel,bijhpartij,bijhaard,naderebijhaard,indonverwdocaanw) VALUES('22064','22023','19970605',null,'19970605',null,'22946',null,null,null,'347','1','1','false');
INSERT INTO kern.his_persbijhouding (id,pers,dataanvgel,dateindegel,tsreg,tsverval,actieinh,actieverval,nadereaandverval,actieaanpgel,bijhpartij,bijhaard,naderebijhaard,indonverwdocaanw) VALUES('22063','22023','19680310','19970605','19970605',null,'22023',null,null,'22946','403','1','1','false');
INSERT INTO kern.his_persbijhouding (id,pers,dataanvgel,dateindegel,tsreg,tsverval,actieinh,actieverval,nadereaandverval,actieaanpgel,bijhpartij,bijhaard,naderebijhaard,indonverwdocaanw) VALUES('22168','22023','19680310',null,'19680310','19970605','22023','22946',null,null,'403','1','1','false');
INSERT INTO kern.his_persbijhouding (id,pers,dataanvgel,dateindegel,tsreg,tsverval,actieinh,actieverval,nadereaandverval,actieaanpgel,bijhpartij,bijhaard,naderebijhaard,indonverwdocaanw) VALUES('22066','22024','19790928',null,'19790928',null,'22944',null,null,null,'347','1','1','false');
INSERT INTO kern.his_persbijhouding (id,pers,dataanvgel,dateindegel,tsreg,tsverval,actieinh,actieverval,nadereaandverval,actieaanpgel,bijhpartij,bijhaard,naderebijhaard,indonverwdocaanw) VALUES('22065','22024','19770401','19790928','19790928',null,'22024',null,null,'22944','366','1','1','false');
INSERT INTO kern.his_persbijhouding (id,pers,dataanvgel,dateindegel,tsreg,tsverval,actieinh,actieverval,nadereaandverval,actieaanpgel,bijhpartij,bijhaard,naderebijhaard,indonverwdocaanw) VALUES('22169','22024','19770401',null,'19770401','19790928','22024','22944',null,null,'366','1','1','false');
INSERT INTO kern.his_persbijhouding (id,pers,dataanvgel,dateindegel,tsreg,tsverval,actieinh,actieverval,nadereaandverval,actieaanpgel,bijhpartij,bijhaard,naderebijhaard,indonverwdocaanw) VALUES('22068','22025','19950929',null,'19950929',null,'22942',null,null,null,'347','1','1','false');
INSERT INTO kern.his_persbijhouding (id,pers,dataanvgel,dateindegel,tsreg,tsverval,actieinh,actieverval,nadereaandverval,actieaanpgel,bijhpartij,bijhaard,naderebijhaard,indonverwdocaanw) VALUES('22067','22025','19880611','19950929','19950929',null,'22025',null,null,'22942','366','1','1','false');
INSERT INTO kern.his_persbijhouding (id,pers,dataanvgel,dateindegel,tsreg,tsverval,actieinh,actieverval,nadereaandverval,actieaanpgel,bijhpartij,bijhaard,naderebijhaard,indonverwdocaanw) VALUES('22170','22025','19880611',null,'19880611','19950929','22025','22942',null,null,'366','1','1','false');
INSERT INTO kern.his_persbijhouding (id,pers,dataanvgel,dateindegel,tsreg,tsverval,actieinh,actieverval,nadereaandverval,actieaanpgel,bijhpartij,bijhaard,naderebijhaard,indonverwdocaanw) VALUES('22070','22026','20000101',null,'20000101',null,'22940',null,null,null,'347','1','1','false');
INSERT INTO kern.his_persbijhouding (id,pers,dataanvgel,dateindegel,tsreg,tsverval,actieinh,actieverval,nadereaandverval,actieaanpgel,bijhpartij,bijhaard,naderebijhaard,indonverwdocaanw) VALUES('22069','22026','19910721','20000101','20000101',null,'22026',null,null,'22940','506','1','1','false');
INSERT INTO kern.his_persbijhouding (id,pers,dataanvgel,dateindegel,tsreg,tsverval,actieinh,actieverval,nadereaandverval,actieaanpgel,bijhpartij,bijhaard,naderebijhaard,indonverwdocaanw) VALUES('22171','22026','19910721',null,'19910721','20000101','22026','22940',null,null,'506','1','1','false');
INSERT INTO kern.his_persbijhouding (id,pers,dataanvgel,dateindegel,tsreg,tsverval,actieinh,actieverval,nadereaandverval,actieaanpgel,bijhpartij,bijhaard,naderebijhaard,indonverwdocaanw) VALUES('22072','22027','20031024',null,'20031024',null,'22938',null,null,null,'347','1','1','false');
INSERT INTO kern.his_persbijhouding (id,pers,dataanvgel,dateindegel,tsreg,tsverval,actieinh,actieverval,nadereaandverval,actieaanpgel,bijhpartij,bijhaard,naderebijhaard,indonverwdocaanw) VALUES('22071','22027','19910911','20031024','20031024',null,'22027',null,null,'22938','1415','1','1','false');
INSERT INTO kern.his_persbijhouding (id,pers,dataanvgel,dateindegel,tsreg,tsverval,actieinh,actieverval,nadereaandverval,actieaanpgel,bijhpartij,bijhaard,naderebijhaard,indonverwdocaanw) VALUES('22172','22027','19910911',null,'19910911','20031024','22027','22938',null,null,'1415','1','1','false');
INSERT INTO kern.his_persbijhouding (id,pers,dataanvgel,dateindegel,tsreg,tsverval,actieinh,actieverval,nadereaandverval,actieaanpgel,bijhpartij,bijhaard,naderebijhaard,indonverwdocaanw) VALUES('22074','22028','19990616',null,'19990616',null,'22936',null,null,null,'347','1','1','false');
INSERT INTO kern.his_persbijhouding (id,pers,dataanvgel,dateindegel,tsreg,tsverval,actieinh,actieverval,nadereaandverval,actieaanpgel,bijhpartij,bijhaard,naderebijhaard,indonverwdocaanw) VALUES('22073','22028','19900722','19990616','19990616',null,'22028',null,null,'22936','977','1','1','false');
INSERT INTO kern.his_persbijhouding (id,pers,dataanvgel,dateindegel,tsreg,tsverval,actieinh,actieverval,nadereaandverval,actieaanpgel,bijhpartij,bijhaard,naderebijhaard,indonverwdocaanw) VALUES('22173','22028','19900722',null,'19900722','19990616','22028','22936',null,null,'977','1','1','false');
INSERT INTO kern.his_persbijhouding (id,pers,dataanvgel,dateindegel,tsreg,tsverval,actieinh,actieverval,nadereaandverval,actieaanpgel,bijhpartij,bijhaard,naderebijhaard,indonverwdocaanw) VALUES('22075','22029','20081023',null,'20081023',null,'22029',null,null,null,'2','1','1','false');
INSERT INTO kern.his_persbijhouding (id,pers,dataanvgel,dateindegel,tsreg,tsverval,actieinh,actieverval,nadereaandverval,actieaanpgel,bijhpartij,bijhaard,naderebijhaard,indonverwdocaanw) VALUES('22079','22030','20120620',null,'20120620',null,'22934',null,null,null,'347','1','1','false');
INSERT INTO kern.his_persbijhouding (id,pers,dataanvgel,dateindegel,tsreg,tsverval,actieinh,actieverval,nadereaandverval,actieaanpgel,bijhpartij,bijhaard,naderebijhaard,indonverwdocaanw) VALUES('22078','22030','20091201','20120620','20120620',null,'22933',null,null,'22934','347','1','1','false');
INSERT INTO kern.his_persbijhouding (id,pers,dataanvgel,dateindegel,tsreg,tsverval,actieinh,actieverval,nadereaandverval,actieaanpgel,bijhpartij,bijhaard,naderebijhaard,indonverwdocaanw) VALUES('22174','22030','20091201',null,'20091201','20120620','22933','22934',null,null,'347','1','1','false');
INSERT INTO kern.his_persbijhouding (id,pers,dataanvgel,dateindegel,tsreg,tsverval,actieinh,actieverval,nadereaandverval,actieaanpgel,bijhpartij,bijhaard,naderebijhaard,indonverwdocaanw) VALUES('22077','22030','20060201','20091201','20091201',null,'22932',null,null,'22933','347','1','1','false');
INSERT INTO kern.his_persbijhouding (id,pers,dataanvgel,dateindegel,tsreg,tsverval,actieinh,actieverval,nadereaandverval,actieaanpgel,bijhpartij,bijhaard,naderebijhaard,indonverwdocaanw) VALUES('22175','22030','20060201',null,'20060201','20091201','22932','22933',null,null,'347','1','1','false');
INSERT INTO kern.his_persbijhouding (id,pers,dataanvgel,dateindegel,tsreg,tsverval,actieinh,actieverval,nadereaandverval,actieaanpgel,bijhpartij,bijhaard,naderebijhaard,indonverwdocaanw) VALUES('22076','22030','19220419','20060201','20060201',null,'22030',null,null,'22932','1239','1','1','false');
INSERT INTO kern.his_persbijhouding (id,pers,dataanvgel,dateindegel,tsreg,tsverval,actieinh,actieverval,nadereaandverval,actieaanpgel,bijhpartij,bijhaard,naderebijhaard,indonverwdocaanw) VALUES('22176','22030','19220419',null,'19220419','20060201','22030','22932',null,null,'1239','1','1','false');
INSERT INTO kern.his_persbijhouding (id,pers,dataanvgel,dateindegel,tsreg,tsverval,actieinh,actieverval,nadereaandverval,actieaanpgel,bijhpartij,bijhaard,naderebijhaard,indonverwdocaanw) VALUES('22083','22031','20120306',null,'20120306',null,'22930',null,null,null,'347','1','1','false');
INSERT INTO kern.his_persbijhouding (id,pers,dataanvgel,dateindegel,tsreg,tsverval,actieinh,actieverval,nadereaandverval,actieaanpgel,bijhpartij,bijhaard,naderebijhaard,indonverwdocaanw) VALUES('22082','22031','20010926','20120306','20120306',null,'22929',null,null,'22930','347','1','1','false');
INSERT INTO kern.his_persbijhouding (id,pers,dataanvgel,dateindegel,tsreg,tsverval,actieinh,actieverval,nadereaandverval,actieaanpgel,bijhpartij,bijhaard,naderebijhaard,indonverwdocaanw) VALUES('22177','22031','20010926',null,'20010926','20120306','22929','22930',null,null,'347','1','1','false');
INSERT INTO kern.his_persbijhouding (id,pers,dataanvgel,dateindegel,tsreg,tsverval,actieinh,actieverval,nadereaandverval,actieaanpgel,bijhpartij,bijhaard,naderebijhaard,indonverwdocaanw) VALUES('22081','22031','20000827','20010926','20010926',null,'22928',null,null,'22929','347','1','1','false');
INSERT INTO kern.his_persbijhouding (id,pers,dataanvgel,dateindegel,tsreg,tsverval,actieinh,actieverval,nadereaandverval,actieaanpgel,bijhpartij,bijhaard,naderebijhaard,indonverwdocaanw) VALUES('22178','22031','20000827',null,'20000827','20010926','22928','22929',null,null,'347','1','1','false');
INSERT INTO kern.his_persbijhouding (id,pers,dataanvgel,dateindegel,tsreg,tsverval,actieinh,actieverval,nadereaandverval,actieaanpgel,bijhpartij,bijhaard,naderebijhaard,indonverwdocaanw) VALUES('22080','22031','19920219','20000827','20000827',null,'22031',null,null,'22928','977','1','1','false');
INSERT INTO kern.his_persbijhouding (id,pers,dataanvgel,dateindegel,tsreg,tsverval,actieinh,actieverval,nadereaandverval,actieaanpgel,bijhpartij,bijhaard,naderebijhaard,indonverwdocaanw) VALUES('22179','22031','19920219',null,'19920219','20000827','22031','22928',null,null,'977','1','1','false');
INSERT INTO kern.his_persbijhouding (id,pers,dataanvgel,dateindegel,tsreg,tsverval,actieinh,actieverval,nadereaandverval,actieaanpgel,bijhpartij,bijhaard,naderebijhaard,indonverwdocaanw) VALUES('22087','22032','20120621',null,'20120621',null,'22926',null,null,null,'347','1','1','false');
INSERT INTO kern.his_persbijhouding (id,pers,dataanvgel,dateindegel,tsreg,tsverval,actieinh,actieverval,nadereaandverval,actieaanpgel,bijhpartij,bijhaard,naderebijhaard,indonverwdocaanw) VALUES('22086','22032','20010301','20120621','20120621',null,'22925',null,null,'22926','347','1','1','false');
INSERT INTO kern.his_persbijhouding (id,pers,dataanvgel,dateindegel,tsreg,tsverval,actieinh,actieverval,nadereaandverval,actieaanpgel,bijhpartij,bijhaard,naderebijhaard,indonverwdocaanw) VALUES('22180','22032','20010301',null,'20010301','20120621','22925','22926',null,null,'347','1','1','false');
INSERT INTO kern.his_persbijhouding (id,pers,dataanvgel,dateindegel,tsreg,tsverval,actieinh,actieverval,nadereaandverval,actieaanpgel,bijhpartij,bijhaard,naderebijhaard,indonverwdocaanw) VALUES('22085','22032','19670601','20010301','20010301',null,'22924',null,null,'22925','347','1','1','false');
INSERT INTO kern.his_persbijhouding (id,pers,dataanvgel,dateindegel,tsreg,tsverval,actieinh,actieverval,nadereaandverval,actieaanpgel,bijhpartij,bijhaard,naderebijhaard,indonverwdocaanw) VALUES('22181','22032','19670601',null,'19670601','20010301','22924','22925',null,null,'347','1','1','false');
INSERT INTO kern.his_persbijhouding (id,pers,dataanvgel,dateindegel,tsreg,tsverval,actieinh,actieverval,nadereaandverval,actieaanpgel,bijhpartij,bijhaard,naderebijhaard,indonverwdocaanw) VALUES('22084','22032','19510923','19670601','19670601',null,'22032',null,null,'22924','522','1','1','false');
INSERT INTO kern.his_persbijhouding (id,pers,dataanvgel,dateindegel,tsreg,tsverval,actieinh,actieverval,nadereaandverval,actieaanpgel,bijhpartij,bijhaard,naderebijhaard,indonverwdocaanw) VALUES('22182','22032','19510923',null,'19510923','19670601','22032','22924',null,null,'522','1','1','false');
INSERT INTO kern.his_persbijhouding (id,pers,dataanvgel,dateindegel,tsreg,tsverval,actieinh,actieverval,nadereaandverval,actieaanpgel,bijhpartij,bijhaard,naderebijhaard,indonverwdocaanw) VALUES('22091','22033','20120621',null,'20120621',null,'22922',null,null,null,'347','1','1','false');
INSERT INTO kern.his_persbijhouding (id,pers,dataanvgel,dateindegel,tsreg,tsverval,actieinh,actieverval,nadereaandverval,actieaanpgel,bijhpartij,bijhaard,naderebijhaard,indonverwdocaanw) VALUES('22090','22033','20010301','20120621','20120621',null,'22921',null,null,'22922','347','1','1','false');
INSERT INTO kern.his_persbijhouding (id,pers,dataanvgel,dateindegel,tsreg,tsverval,actieinh,actieverval,nadereaandverval,actieaanpgel,bijhpartij,bijhaard,naderebijhaard,indonverwdocaanw) VALUES('22183','22033','20010301',null,'20010301','20120621','22921','22922',null,null,'347','1','1','false');
INSERT INTO kern.his_persbijhouding (id,pers,dataanvgel,dateindegel,tsreg,tsverval,actieinh,actieverval,nadereaandverval,actieaanpgel,bijhpartij,bijhaard,naderebijhaard,indonverwdocaanw) VALUES('22089','22033','19670601','20010301','20010301',null,'22920',null,null,'22921','347','1','1','false');
INSERT INTO kern.his_persbijhouding (id,pers,dataanvgel,dateindegel,tsreg,tsverval,actieinh,actieverval,nadereaandverval,actieaanpgel,bijhpartij,bijhaard,naderebijhaard,indonverwdocaanw) VALUES('22184','22033','19670601',null,'19670601','20010301','22920','22921',null,null,'347','1','1','false');
INSERT INTO kern.his_persbijhouding (id,pers,dataanvgel,dateindegel,tsreg,tsverval,actieinh,actieverval,nadereaandverval,actieaanpgel,bijhpartij,bijhaard,naderebijhaard,indonverwdocaanw) VALUES('22088','22033','19531116','19670601','19670601',null,'22033',null,null,'22920','506','1','1','false');
INSERT INTO kern.his_persbijhouding (id,pers,dataanvgel,dateindegel,tsreg,tsverval,actieinh,actieverval,nadereaandverval,actieaanpgel,bijhpartij,bijhaard,naderebijhaard,indonverwdocaanw) VALUES('22185','22033','19531116',null,'19531116','19670601','22033','22920',null,null,'506','1','1','false');
INSERT INTO kern.his_persbijhouding (id,pers,dataanvgel,dateindegel,tsreg,tsverval,actieinh,actieverval,nadereaandverval,actieaanpgel,bijhpartij,bijhaard,naderebijhaard,indonverwdocaanw) VALUES('22095','22034','20090701',null,'20090701',null,'22918',null,null,null,'347','1','1','false');
INSERT INTO kern.his_persbijhouding (id,pers,dataanvgel,dateindegel,tsreg,tsverval,actieinh,actieverval,nadereaandverval,actieaanpgel,bijhpartij,bijhaard,naderebijhaard,indonverwdocaanw) VALUES('22094','22034','20080218','20090701','20090701',null,'22917',null,null,'22918','347','1','1','false');
INSERT INTO kern.his_persbijhouding (id,pers,dataanvgel,dateindegel,tsreg,tsverval,actieinh,actieverval,nadereaandverval,actieaanpgel,bijhpartij,bijhaard,naderebijhaard,indonverwdocaanw) VALUES('22186','22034','20080218',null,'20080218','20090701','22917','22918',null,null,'347','1','1','false');
INSERT INTO kern.his_persbijhouding (id,pers,dataanvgel,dateindegel,tsreg,tsverval,actieinh,actieverval,nadereaandverval,actieaanpgel,bijhpartij,bijhaard,naderebijhaard,indonverwdocaanw) VALUES('22093','22034','20070406','20080218','20080218',null,'22916',null,null,'22917','347','1','1','false');
INSERT INTO kern.his_persbijhouding (id,pers,dataanvgel,dateindegel,tsreg,tsverval,actieinh,actieverval,nadereaandverval,actieaanpgel,bijhpartij,bijhaard,naderebijhaard,indonverwdocaanw) VALUES('22187','22034','20070406',null,'20070406','20080218','22916','22917',null,null,'347','1','1','false');
INSERT INTO kern.his_persbijhouding (id,pers,dataanvgel,dateindegel,tsreg,tsverval,actieinh,actieverval,nadereaandverval,actieaanpgel,bijhpartij,bijhaard,naderebijhaard,indonverwdocaanw) VALUES('22092','22034','19390402','20070406','20070406',null,'22034',null,null,'22916','403','1','1','false');
INSERT INTO kern.his_persbijhouding (id,pers,dataanvgel,dateindegel,tsreg,tsverval,actieinh,actieverval,nadereaandverval,actieaanpgel,bijhpartij,bijhaard,naderebijhaard,indonverwdocaanw) VALUES('22188','22034','19390402',null,'19390402','20070406','22034','22916',null,null,'403','1','1','false');
INSERT INTO kern.his_persbijhouding (id,pers,dataanvgel,dateindegel,tsreg,tsverval,actieinh,actieverval,nadereaandverval,actieaanpgel,bijhpartij,bijhaard,naderebijhaard,indonverwdocaanw) VALUES('22099','22035','20090301',null,'20090301',null,'22914',null,null,null,'347','1','1','false');
INSERT INTO kern.his_persbijhouding (id,pers,dataanvgel,dateindegel,tsreg,tsverval,actieinh,actieverval,nadereaandverval,actieaanpgel,bijhpartij,bijhaard,naderebijhaard,indonverwdocaanw) VALUES('22098','22035','20081101','20090301','20090301',null,'22913',null,null,'22914','347','1','1','false');
INSERT INTO kern.his_persbijhouding (id,pers,dataanvgel,dateindegel,tsreg,tsverval,actieinh,actieverval,nadereaandverval,actieaanpgel,bijhpartij,bijhaard,naderebijhaard,indonverwdocaanw) VALUES('22189','22035','20081101',null,'20081101','20090301','22913','22914',null,null,'347','1','1','false');
INSERT INTO kern.his_persbijhouding (id,pers,dataanvgel,dateindegel,tsreg,tsverval,actieinh,actieverval,nadereaandverval,actieaanpgel,bijhpartij,bijhaard,naderebijhaard,indonverwdocaanw) VALUES('22097','22035','20050101','20081101','20081101',null,'22912',null,null,'22913','347','1','1','false');
INSERT INTO kern.his_persbijhouding (id,pers,dataanvgel,dateindegel,tsreg,tsverval,actieinh,actieverval,nadereaandverval,actieaanpgel,bijhpartij,bijhaard,naderebijhaard,indonverwdocaanw) VALUES('22190','22035','20050101',null,'20050101','20081101','22912','22913',null,null,'347','1','1','false');
INSERT INTO kern.his_persbijhouding (id,pers,dataanvgel,dateindegel,tsreg,tsverval,actieinh,actieverval,nadereaandverval,actieaanpgel,bijhpartij,bijhaard,naderebijhaard,indonverwdocaanw) VALUES('22096','22035','19841203','20050101','20050101',null,'22035',null,null,'22912','342','1','1','false');
INSERT INTO kern.his_persbijhouding (id,pers,dataanvgel,dateindegel,tsreg,tsverval,actieinh,actieverval,nadereaandverval,actieaanpgel,bijhpartij,bijhaard,naderebijhaard,indonverwdocaanw) VALUES('22191','22035','19841203',null,'19841203','20050101','22035','22912',null,null,'342','1','1','false');
INSERT INTO kern.his_persbijhouding (id,pers,dataanvgel,dateindegel,tsreg,tsverval,actieinh,actieverval,nadereaandverval,actieaanpgel,bijhpartij,bijhaard,naderebijhaard,indonverwdocaanw) VALUES('22103','22036','20090301',null,'20090301',null,'22910',null,null,null,'347','1','1','false');
INSERT INTO kern.his_persbijhouding (id,pers,dataanvgel,dateindegel,tsreg,tsverval,actieinh,actieverval,nadereaandverval,actieaanpgel,bijhpartij,bijhaard,naderebijhaard,indonverwdocaanw) VALUES('22102','22036','20081101','20090301','20090301',null,'22909',null,null,'22910','347','1','1','false');
INSERT INTO kern.his_persbijhouding (id,pers,dataanvgel,dateindegel,tsreg,tsverval,actieinh,actieverval,nadereaandverval,actieaanpgel,bijhpartij,bijhaard,naderebijhaard,indonverwdocaanw) VALUES('22192','22036','20081101',null,'20081101','20090301','22909','22910',null,null,'347','1','1','false');
INSERT INTO kern.his_persbijhouding (id,pers,dataanvgel,dateindegel,tsreg,tsverval,actieinh,actieverval,nadereaandverval,actieaanpgel,bijhpartij,bijhaard,naderebijhaard,indonverwdocaanw) VALUES('22101','22036','20050101','20081101','20081101',null,'22908',null,null,'22909','347','1','1','false');
INSERT INTO kern.his_persbijhouding (id,pers,dataanvgel,dateindegel,tsreg,tsverval,actieinh,actieverval,nadereaandverval,actieaanpgel,bijhpartij,bijhaard,naderebijhaard,indonverwdocaanw) VALUES('22193','22036','20050101',null,'20050101','20081101','22908','22909',null,null,'347','1','1','false');
INSERT INTO kern.his_persbijhouding (id,pers,dataanvgel,dateindegel,tsreg,tsverval,actieinh,actieverval,nadereaandverval,actieaanpgel,bijhpartij,bijhaard,naderebijhaard,indonverwdocaanw) VALUES('22100','22036','19851011','20050101','20050101',null,'22036',null,null,'22908','342','1','1','false');
INSERT INTO kern.his_persbijhouding (id,pers,dataanvgel,dateindegel,tsreg,tsverval,actieinh,actieverval,nadereaandverval,actieaanpgel,bijhpartij,bijhaard,naderebijhaard,indonverwdocaanw) VALUES('22194','22036','19851011',null,'19851011','20050101','22036','22908',null,null,'342','1','1','false');
INSERT INTO kern.his_persbijhouding (id,pers,dataanvgel,dateindegel,tsreg,tsverval,actieinh,actieverval,nadereaandverval,actieaanpgel,bijhpartij,bijhaard,naderebijhaard,indonverwdocaanw) VALUES('22106','22037','20090301',null,'20090301',null,'22906',null,null,null,'347','1','1','false');
INSERT INTO kern.his_persbijhouding (id,pers,dataanvgel,dateindegel,tsreg,tsverval,actieinh,actieverval,nadereaandverval,actieaanpgel,bijhpartij,bijhaard,naderebijhaard,indonverwdocaanw) VALUES('22105','22037','20081101','20090301','20090301',null,'22905',null,null,'22906','347','1','1','false');
INSERT INTO kern.his_persbijhouding (id,pers,dataanvgel,dateindegel,tsreg,tsverval,actieinh,actieverval,nadereaandverval,actieaanpgel,bijhpartij,bijhaard,naderebijhaard,indonverwdocaanw) VALUES('22195','22037','20081101',null,'20081101','20090301','22905','22906',null,null,'347','1','1','false');
INSERT INTO kern.his_persbijhouding (id,pers,dataanvgel,dateindegel,tsreg,tsverval,actieinh,actieverval,nadereaandverval,actieaanpgel,bijhpartij,bijhaard,naderebijhaard,indonverwdocaanw) VALUES('22104','22037','20050112','20081101','20081101',null,'22037',null,null,'22905','347','1','1','false');
INSERT INTO kern.his_persbijhouding (id,pers,dataanvgel,dateindegel,tsreg,tsverval,actieinh,actieverval,nadereaandverval,actieaanpgel,bijhpartij,bijhaard,naderebijhaard,indonverwdocaanw) VALUES('22196','22037','20050112',null,'20050112','20081101','22037','22905',null,null,'347','1','1','false');
INSERT INTO kern.his_persbijhouding (id,pers,dataanvgel,dateindegel,tsreg,tsverval,actieinh,actieverval,nadereaandverval,actieaanpgel,bijhpartij,bijhaard,naderebijhaard,indonverwdocaanw) VALUES('22109','22038','20090301',null,'20090301',null,'22903',null,null,null,'347','1','1','false');
INSERT INTO kern.his_persbijhouding (id,pers,dataanvgel,dateindegel,tsreg,tsverval,actieinh,actieverval,nadereaandverval,actieaanpgel,bijhpartij,bijhaard,naderebijhaard,indonverwdocaanw) VALUES('22108','22038','20081101','20090301','20090301',null,'22902',null,null,'22903','347','1','1','false');
INSERT INTO kern.his_persbijhouding (id,pers,dataanvgel,dateindegel,tsreg,tsverval,actieinh,actieverval,nadereaandverval,actieaanpgel,bijhpartij,bijhaard,naderebijhaard,indonverwdocaanw) VALUES('22197','22038','20081101',null,'20081101','20090301','22902','22903',null,null,'347','1','1','false');
INSERT INTO kern.his_persbijhouding (id,pers,dataanvgel,dateindegel,tsreg,tsverval,actieinh,actieverval,nadereaandverval,actieaanpgel,bijhpartij,bijhaard,naderebijhaard,indonverwdocaanw) VALUES('22107','22038','20051201','20081101','20081101',null,'22038',null,null,'22902','347','1','1','false');
INSERT INTO kern.his_persbijhouding (id,pers,dataanvgel,dateindegel,tsreg,tsverval,actieinh,actieverval,nadereaandverval,actieaanpgel,bijhpartij,bijhaard,naderebijhaard,indonverwdocaanw) VALUES('22198','22038','20051201',null,'20051201','20081101','22038','22902',null,null,'347','1','1','false');
INSERT INTO kern.his_persbijhouding (id,pers,dataanvgel,dateindegel,tsreg,tsverval,actieinh,actieverval,nadereaandverval,actieaanpgel,bijhpartij,bijhaard,naderebijhaard,indonverwdocaanw) VALUES('22113','22039','20120522',null,'20120522',null,'22900',null,null,null,'347','1','1','false');
INSERT INTO kern.his_persbijhouding (id,pers,dataanvgel,dateindegel,tsreg,tsverval,actieinh,actieverval,nadereaandverval,actieaanpgel,bijhpartij,bijhaard,naderebijhaard,indonverwdocaanw) VALUES('22112','22039','20111201','20120522','20120522',null,'22899',null,null,'22900','347','1','1','false');
INSERT INTO kern.his_persbijhouding (id,pers,dataanvgel,dateindegel,tsreg,tsverval,actieinh,actieverval,nadereaandverval,actieaanpgel,bijhpartij,bijhaard,naderebijhaard,indonverwdocaanw) VALUES('22199','22039','20111201',null,'20111201','20120522','22899','22900',null,null,'347','1','1','false');
INSERT INTO kern.his_persbijhouding (id,pers,dataanvgel,dateindegel,tsreg,tsverval,actieinh,actieverval,nadereaandverval,actieaanpgel,bijhpartij,bijhaard,naderebijhaard,indonverwdocaanw) VALUES('22111','22039','20101201','20111201','20111201',null,'22898',null,null,'22899','347','1','1','false');
INSERT INTO kern.his_persbijhouding (id,pers,dataanvgel,dateindegel,tsreg,tsverval,actieinh,actieverval,nadereaandverval,actieaanpgel,bijhpartij,bijhaard,naderebijhaard,indonverwdocaanw) VALUES('22200','22039','20101201',null,'20101201','20111201','22898','22899',null,null,'347','1','1','false');
INSERT INTO kern.his_persbijhouding (id,pers,dataanvgel,dateindegel,tsreg,tsverval,actieinh,actieverval,nadereaandverval,actieaanpgel,bijhpartij,bijhaard,naderebijhaard,indonverwdocaanw) VALUES('22110','22039','19910315','20101201','20101201',null,'22039',null,null,'22898','347','1','1','false');
INSERT INTO kern.his_persbijhouding (id,pers,dataanvgel,dateindegel,tsreg,tsverval,actieinh,actieverval,nadereaandverval,actieaanpgel,bijhpartij,bijhaard,naderebijhaard,indonverwdocaanw) VALUES('22201','22039','19910315',null,'19910315','20101201','22039','22898',null,null,'347','1','1','false');
INSERT INTO kern.his_persbijhouding (id,pers,dataanvgel,dateindegel,tsreg,tsverval,actieinh,actieverval,nadereaandverval,actieaanpgel,bijhpartij,bijhaard,naderebijhaard,indonverwdocaanw) VALUES('22114','22040','20010517',null,'20010517',null,'22040',null,null,null,'347','1','1','false');
INSERT INTO kern.his_persbijhouding (id,pers,dataanvgel,dateindegel,tsreg,tsverval,actieinh,actieverval,nadereaandverval,actieaanpgel,bijhpartij,bijhaard,naderebijhaard,indonverwdocaanw) VALUES('22119','22041','20090206',null,'20090206',null,'22629',null,null,null,'347','1','7','false');
INSERT INTO kern.his_persbijhouding (id,pers,dataanvgel,dateindegel,tsreg,tsverval,actieinh,actieverval,nadereaandverval,actieaanpgel,bijhpartij,bijhaard,naderebijhaard,indonverwdocaanw) VALUES('22118','22041','20090201','20090206','20090206',null,'22895',null,null,null,'347','1','1','false');
INSERT INTO kern.his_persbijhouding (id,pers,dataanvgel,dateindegel,tsreg,tsverval,actieinh,actieverval,nadereaandverval,actieaanpgel,bijhpartij,bijhaard,naderebijhaard,indonverwdocaanw) VALUES('22202','22041','20090201',null,'20090201','20090206','22895',null,null,null,'347','1','1','false');
INSERT INTO kern.his_persbijhouding (id,pers,dataanvgel,dateindegel,tsreg,tsverval,actieinh,actieverval,nadereaandverval,actieaanpgel,bijhpartij,bijhaard,naderebijhaard,indonverwdocaanw) VALUES('22117','22041','20060523','20090201','20090201',null,'22894',null,null,'22895','347','1','1','false');
INSERT INTO kern.his_persbijhouding (id,pers,dataanvgel,dateindegel,tsreg,tsverval,actieinh,actieverval,nadereaandverval,actieaanpgel,bijhpartij,bijhaard,naderebijhaard,indonverwdocaanw) VALUES('22203','22041','20060523',null,'20060523','20090201','22894','22895',null,null,'347','1','1','false');
INSERT INTO kern.his_persbijhouding (id,pers,dataanvgel,dateindegel,tsreg,tsverval,actieinh,actieverval,nadereaandverval,actieaanpgel,bijhpartij,bijhaard,naderebijhaard,indonverwdocaanw) VALUES('22116','22041','20040819','20060523','20060523',null,'22893',null,null,'22894','347','1','1','false');
INSERT INTO kern.his_persbijhouding (id,pers,dataanvgel,dateindegel,tsreg,tsverval,actieinh,actieverval,nadereaandverval,actieaanpgel,bijhpartij,bijhaard,naderebijhaard,indonverwdocaanw) VALUES('22204','22041','20040819',null,'20040819','20060523','22893','22894',null,null,'347','1','1','false');
INSERT INTO kern.his_persbijhouding (id,pers,dataanvgel,dateindegel,tsreg,tsverval,actieinh,actieverval,nadereaandverval,actieaanpgel,bijhpartij,bijhaard,naderebijhaard,indonverwdocaanw) VALUES('22115','22041','19680809','20040819','20040819',null,'22041',null,null,'22893','347','1','1','false');
INSERT INTO kern.his_persbijhouding (id,pers,dataanvgel,dateindegel,tsreg,tsverval,actieinh,actieverval,nadereaandverval,actieaanpgel,bijhpartij,bijhaard,naderebijhaard,indonverwdocaanw) VALUES('22205','22041','19680809',null,'19680809','20040819','22041','22893',null,null,'347','1','1','false');
INSERT INTO kern.his_persbijhouding (id,pers,dataanvgel,dateindegel,tsreg,tsverval,actieinh,actieverval,nadereaandverval,actieaanpgel,bijhpartij,bijhaard,naderebijhaard,indonverwdocaanw) VALUES('22121','22042','20010328',null,'20010328',null,'22891',null,null,null,'347','1','1','false');
INSERT INTO kern.his_persbijhouding (id,pers,dataanvgel,dateindegel,tsreg,tsverval,actieinh,actieverval,nadereaandverval,actieaanpgel,bijhpartij,bijhaard,naderebijhaard,indonverwdocaanw) VALUES('22120','22042','19580921','20010328','20010328',null,'22042',null,null,'22891','342','1','1','false');
INSERT INTO kern.his_persbijhouding (id,pers,dataanvgel,dateindegel,tsreg,tsverval,actieinh,actieverval,nadereaandverval,actieaanpgel,bijhpartij,bijhaard,naderebijhaard,indonverwdocaanw) VALUES('22206','22042','19580921',null,'19580921','20010328','22042','22891',null,null,'342','1','1','false');
INSERT INTO kern.his_persbijhouding (id,pers,dataanvgel,dateindegel,tsreg,tsverval,actieinh,actieverval,nadereaandverval,actieaanpgel,bijhpartij,bijhaard,naderebijhaard,indonverwdocaanw) VALUES('22123','22043','19820528',null,'19820528',null,'22889',null,null,null,'347','1','1','false');
INSERT INTO kern.his_persbijhouding (id,pers,dataanvgel,dateindegel,tsreg,tsverval,actieinh,actieverval,nadereaandverval,actieaanpgel,bijhpartij,bijhaard,naderebijhaard,indonverwdocaanw) VALUES('22122','22043','19590922','19820528','19820528',null,'22043',null,null,'22889','403','1','1','false');
INSERT INTO kern.his_persbijhouding (id,pers,dataanvgel,dateindegel,tsreg,tsverval,actieinh,actieverval,nadereaandverval,actieaanpgel,bijhpartij,bijhaard,naderebijhaard,indonverwdocaanw) VALUES('22207','22043','19590922',null,'19590922','19820528','22043','22889',null,null,'403','1','1','false');
INSERT INTO kern.his_persbijhouding (id,pers,dataanvgel,dateindegel,tsreg,tsverval,actieinh,actieverval,nadereaandverval,actieaanpgel,bijhpartij,bijhaard,naderebijhaard,indonverwdocaanw) VALUES('22125','22044','20010328',null,'20010328',null,'22887',null,null,null,'347','1','1','false');
INSERT INTO kern.his_persbijhouding (id,pers,dataanvgel,dateindegel,tsreg,tsverval,actieinh,actieverval,nadereaandverval,actieaanpgel,bijhpartij,bijhaard,naderebijhaard,indonverwdocaanw) VALUES('22124','22044','19601221','20010328','20010328',null,'22044',null,null,'22887','342','1','1','false');
INSERT INTO kern.his_persbijhouding (id,pers,dataanvgel,dateindegel,tsreg,tsverval,actieinh,actieverval,nadereaandverval,actieaanpgel,bijhpartij,bijhaard,naderebijhaard,indonverwdocaanw) VALUES('22208','22044','19601221',null,'19601221','20010328','22044','22887',null,null,'342','1','1','false');
INSERT INTO kern.his_persbijhouding (id,pers,dataanvgel,dateindegel,tsreg,tsverval,actieinh,actieverval,nadereaandverval,actieaanpgel,bijhpartij,bijhaard,naderebijhaard,indonverwdocaanw) VALUES('22127','22045','19911002',null,'19911002',null,'22885',null,null,null,'347','1','1','false');
INSERT INTO kern.his_persbijhouding (id,pers,dataanvgel,dateindegel,tsreg,tsverval,actieinh,actieverval,nadereaandverval,actieaanpgel,bijhpartij,bijhaard,naderebijhaard,indonverwdocaanw) VALUES('22126','22045','19611222','19911002','19911002',null,'22045',null,null,'22885','508','1','1','false');
INSERT INTO kern.his_persbijhouding (id,pers,dataanvgel,dateindegel,tsreg,tsverval,actieinh,actieverval,nadereaandverval,actieaanpgel,bijhpartij,bijhaard,naderebijhaard,indonverwdocaanw) VALUES('22209','22045','19611222',null,'19611222','19911002','22045','22885',null,null,'508','1','1','false');

commit;


--------------------------------------------------
--- EIND
--- Sheet: (his_persbijhouding)
--- Handler: SheetHandlerImplSimpleInsert
--- Aantal: (209)
--------------------------------------------------

--------------------------------------------------
--- END Generated from: /media/truecrypt1/source/bmr_44/art/art-data/testdata/src/main/resources/brp-testdata/SierraTestdata-RegistreerReisdocumenten.xls
--------------------------------------------------