--------------------------------------------------
--- START Generated from: /media/truecrypt1/source/bmr_44/art/art-data/testdata/src/main/resources/brp-testdata/SierraTestdata-PUC501-ODPER.xls
--------------------------------------------------

--------------------------------------------------
--- START
--- Sheet: (pers)
--- Handler: SheetHandlerImplSimpleInsert
--------------------------------------------------

begin;

INSERT INTO kern.pers (id,srt,datgeboorte,gemgeboorte,wplnaamgeboorte,blplaatsgeboorte,blregiogeboorte,landgebiedgeboorte,omslocgeboorte,datoverlijden,gemoverlijden,wplnaamoverlijden,blplaatsoverlijden,blregiooverlijden,landgebiedoverlijden,omslocoverlijden,naderebijhaard,datinschr,versienr,vorigebsn,volgendebsn,naamgebruik,indnaamgebruikafgeleid,predicaatnaamgebruik,voornamennaamgebruik,voorvoegselnaamgebruik,scheidingstekennaamgebruik,adellijketitelnaamgebruik,geslnaamstamnaamgebruik,gempk,indpkvollediggeconv,aandverblijfsr,srtmigratie,rdnwijzmigratie,aangmigratie,landgebiedmigratie,bladresregel1migratie,bladresregel2migratie,bladresregel3migratie,bladresregel4migratie,bladresregel5migratie,bladresregel6migratie,datmededelingverblijfsr,datvoorzeindeverblijfsr,inddeelneuverkiezingen,dataanlaanpdeelneuverkiezing,datvoorzeindeuitsleuverkiezi,predicaat,voornamen,voorvoegsel,scheidingsteken,adellijketitel,geslnaamstam,indnreeks,indafgeleid,bijhpartij,indonverwdocaanw,geslachtsaand,bsn,anr,tslaatstewijz,induitslkiesr,datvoorzeindeuitslkiesr,bijhaard,indonverwbijhvoorstelnieting,dattijdstempel) VALUES('6001','1','19811002','522','Honselersdijk','Gent','Zuid','229','omschrijving geboorte locatie Cees',null,null,null,null,null,null,null,'1','19811002','1',null,null,'1','true','3','Cees','voor','-','1','Vlag','347','true','4',null,null,null,null,null,null,null,null,null,null,'20110505',null,'true','20100505',null,'1','Cees_p1','voor','-','2','Vlag','false','true','347','false','1','150128733','5143672754','19811002',null,null,'1','false','19811002');
INSERT INTO kern.pers (id,srt,datgeboorte,gemgeboorte,wplnaamgeboorte,blplaatsgeboorte,blregiogeboorte,landgebiedgeboorte,omslocgeboorte,datoverlijden,gemoverlijden,wplnaamoverlijden,blplaatsoverlijden,blregiooverlijden,landgebiedoverlijden,omslocoverlijden,naderebijhaard,datinschr,versienr,vorigebsn,volgendebsn,naamgebruik,indnaamgebruikafgeleid,predicaatnaamgebruik,voornamennaamgebruik,voorvoegselnaamgebruik,scheidingstekennaamgebruik,adellijketitelnaamgebruik,geslnaamstamnaamgebruik,gempk,indpkvollediggeconv,aandverblijfsr,srtmigratie,rdnwijzmigratie,aangmigratie,landgebiedmigratie,bladresregel1migratie,bladresregel2migratie,bladresregel3migratie,bladresregel4migratie,bladresregel5migratie,bladresregel6migratie,datmededelingverblijfsr,datvoorzeindeverblijfsr,inddeelneuverkiezingen,dataanlaanpdeelneuverkiezing,datvoorzeindeuitsleuverkiezi,predicaat,voornamen,voorvoegsel,scheidingsteken,adellijketitel,geslnaamstam,indnreeks,indafgeleid,bijhpartij,indonverwdocaanw,geslachtsaand,bsn,anr,tslaatstewijz,induitslkiesr,datvoorzeindeuitslkiesr,bijhaard,indonverwbijhvoorstelnieting,dattijdstempel) VALUES('6002','1','19820528','522','Honselersdijk',null,null,'229',null,null,null,null,null,null,null,null,'1','19820528','1',null,null,'1','true',null,'Paula','de',null,null,'Prins',null,null,null,null,null,null,null,null,null,null,null,null,null,null,null,null,null,null,null,'Paula_p2','de',null,null,'Prins','false','true','347','false','2','273611033','8146315790','19820528',null,null,'1','false','19820528');
INSERT INTO kern.pers (id,srt,datgeboorte,gemgeboorte,wplnaamgeboorte,blplaatsgeboorte,blregiogeboorte,landgebiedgeboorte,omslocgeboorte,datoverlijden,gemoverlijden,wplnaamoverlijden,blplaatsoverlijden,blregiooverlijden,landgebiedoverlijden,omslocoverlijden,naderebijhaard,datinschr,versienr,vorigebsn,volgendebsn,naamgebruik,indnaamgebruikafgeleid,predicaatnaamgebruik,voornamennaamgebruik,voorvoegselnaamgebruik,scheidingstekennaamgebruik,adellijketitelnaamgebruik,geslnaamstamnaamgebruik,gempk,indpkvollediggeconv,aandverblijfsr,srtmigratie,rdnwijzmigratie,aangmigratie,landgebiedmigratie,bladresregel1migratie,bladresregel2migratie,bladresregel3migratie,bladresregel4migratie,bladresregel5migratie,bladresregel6migratie,datmededelingverblijfsr,datvoorzeindeverblijfsr,inddeelneuverkiezingen,dataanlaanpdeelneuverkiezing,datvoorzeindeuitsleuverkiezi,predicaat,voornamen,voorvoegsel,scheidingsteken,adellijketitel,geslnaamstam,indnreeks,indafgeleid,bijhpartij,indonverwdocaanw,geslachtsaand,bsn,anr,tslaatstewijz,induitslkiesr,datvoorzeindeuitslkiesr,bijhaard,indonverwbijhvoorstelnieting,dattijdstempel) VALUES('6003','1','19660302','522','Honselersdijk',null,null,'229',null,null,null,null,null,null,null,null,'1','19660302','1',null,null,'1','true',null,'Christoffel','van der','-',null,'Vermeer',null,null,null,null,null,null,null,null,null,null,null,null,null,null,null,null,null,null,null,'Christoffel_p3','van der','-',null,'Vermeer','false','true','347','false','3','231105368','3925852957','19660302',null,null,'1','false','19660302');
INSERT INTO kern.pers (id,srt,datgeboorte,gemgeboorte,wplnaamgeboorte,blplaatsgeboorte,blregiogeboorte,landgebiedgeboorte,omslocgeboorte,datoverlijden,gemoverlijden,wplnaamoverlijden,blplaatsoverlijden,blregiooverlijden,landgebiedoverlijden,omslocoverlijden,naderebijhaard,datinschr,versienr,vorigebsn,volgendebsn,naamgebruik,indnaamgebruikafgeleid,predicaatnaamgebruik,voornamennaamgebruik,voorvoegselnaamgebruik,scheidingstekennaamgebruik,adellijketitelnaamgebruik,geslnaamstamnaamgebruik,gempk,indpkvollediggeconv,aandverblijfsr,srtmigratie,rdnwijzmigratie,aangmigratie,landgebiedmigratie,bladresregel1migratie,bladresregel2migratie,bladresregel3migratie,bladresregel4migratie,bladresregel5migratie,bladresregel6migratie,datmededelingverblijfsr,datvoorzeindeverblijfsr,inddeelneuverkiezingen,dataanlaanpdeelneuverkiezing,datvoorzeindeuitsleuverkiezi,predicaat,voornamen,voorvoegsel,scheidingsteken,adellijketitel,geslnaamstam,indnreeks,indafgeleid,bijhpartij,indonverwdocaanw,geslachtsaand,bsn,anr,tslaatstewijz,induitslkiesr,datvoorzeindeuitslkiesr,bijhaard,indonverwbijhvoorstelnieting,dattijdstempel) VALUES('6004','1','19691227','950','Reijmerstok',null,null,'229',null,null,null,null,null,null,null,null,'1','19691227','1',null,null,'1','true',null,'Eleonora Françoise',null,'-',null,'Crooy',null,null,null,null,null,null,null,null,null,null,null,null,null,null,null,null,null,null,null,'Eleonora Françoise_p4',null,'-',null,'Crooy','false','true','347','false','2','256362312','7362592532','19691227',null,null,'1','false','19691227');
INSERT INTO kern.pers (id,srt,datgeboorte,gemgeboorte,wplnaamgeboorte,blplaatsgeboorte,blregiogeboorte,landgebiedgeboorte,omslocgeboorte,datoverlijden,gemoverlijden,wplnaamoverlijden,blplaatsoverlijden,blregiooverlijden,landgebiedoverlijden,omslocoverlijden,naderebijhaard,datinschr,versienr,vorigebsn,volgendebsn,naamgebruik,indnaamgebruikafgeleid,predicaatnaamgebruik,voornamennaamgebruik,voorvoegselnaamgebruik,scheidingstekennaamgebruik,adellijketitelnaamgebruik,geslnaamstamnaamgebruik,gempk,indpkvollediggeconv,aandverblijfsr,srtmigratie,rdnwijzmigratie,aangmigratie,landgebiedmigratie,bladresregel1migratie,bladresregel2migratie,bladresregel3migratie,bladresregel4migratie,bladresregel5migratie,bladresregel6migratie,datmededelingverblijfsr,datvoorzeindeverblijfsr,inddeelneuverkiezingen,dataanlaanpdeelneuverkiezing,datvoorzeindeuitsleuverkiezi,predicaat,voornamen,voorvoegsel,scheidingsteken,adellijketitel,geslnaamstam,indnreeks,indafgeleid,bijhpartij,indonverwdocaanw,geslachtsaand,bsn,anr,tslaatstewijz,induitslkiesr,datvoorzeindeuitslkiesr,bijhaard,indonverwbijhvoorstelnieting,dattijdstempel) VALUES('6005','1','19710717','348','Reijmerstok',null,null,'229',null,null,null,null,null,null,null,null,'1','19710717','1',null,null,'1','true',null,'Albert',null,'-',null,'Laar',null,null,null,null,null,null,null,null,null,null,null,null,null,null,null,null,null,null,null,'Albert_p5',null,'-',null,'Laar','false','true','347','false','1','224079499','4035862817','19710717',null,null,'1','false','19710717');
INSERT INTO kern.pers (id,srt,datgeboorte,gemgeboorte,wplnaamgeboorte,blplaatsgeboorte,blregiogeboorte,landgebiedgeboorte,omslocgeboorte,datoverlijden,gemoverlijden,wplnaamoverlijden,blplaatsoverlijden,blregiooverlijden,landgebiedoverlijden,omslocoverlijden,naderebijhaard,datinschr,versienr,vorigebsn,volgendebsn,naamgebruik,indnaamgebruikafgeleid,predicaatnaamgebruik,voornamennaamgebruik,voorvoegselnaamgebruik,scheidingstekennaamgebruik,adellijketitelnaamgebruik,geslnaamstamnaamgebruik,gempk,indpkvollediggeconv,aandverblijfsr,srtmigratie,rdnwijzmigratie,aangmigratie,landgebiedmigratie,bladresregel1migratie,bladresregel2migratie,bladresregel3migratie,bladresregel4migratie,bladresregel5migratie,bladresregel6migratie,datmededelingverblijfsr,datvoorzeindeverblijfsr,inddeelneuverkiezingen,dataanlaanpdeelneuverkiezing,datvoorzeindeuitsleuverkiezi,predicaat,voornamen,voorvoegsel,scheidingsteken,adellijketitel,geslnaamstam,indnreeks,indafgeleid,bijhpartij,indonverwdocaanw,geslachtsaand,bsn,anr,tslaatstewijz,induitslkiesr,datvoorzeindeuitslkiesr,bijhaard,indonverwbijhvoorstelnieting,dattijdstempel) VALUES('6006','1','19720928','522','Honselersdijk',null,null,'229',null,null,null,null,null,null,null,null,'1','19720928','1',null,null,'1','true',null,'Anne-Marie',null,'-',null,'Verheul',null,null,null,null,null,null,null,null,null,null,null,null,null,null,null,null,null,null,null,'Anne-Marie_p6',null,'-',null,'Verheul','false','true','347','false','2','199939469','4942819684','19720928',null,null,'1','false','19720928');
INSERT INTO kern.pers (id,srt,datgeboorte,gemgeboorte,wplnaamgeboorte,blplaatsgeboorte,blregiogeboorte,landgebiedgeboorte,omslocgeboorte,datoverlijden,gemoverlijden,wplnaamoverlijden,blplaatsoverlijden,blregiooverlijden,landgebiedoverlijden,omslocoverlijden,naderebijhaard,datinschr,versienr,vorigebsn,volgendebsn,naamgebruik,indnaamgebruikafgeleid,predicaatnaamgebruik,voornamennaamgebruik,voorvoegselnaamgebruik,scheidingstekennaamgebruik,adellijketitelnaamgebruik,geslnaamstamnaamgebruik,gempk,indpkvollediggeconv,aandverblijfsr,srtmigratie,rdnwijzmigratie,aangmigratie,landgebiedmigratie,bladresregel1migratie,bladresregel2migratie,bladresregel3migratie,bladresregel4migratie,bladresregel5migratie,bladresregel6migratie,datmededelingverblijfsr,datvoorzeindeverblijfsr,inddeelneuverkiezingen,dataanlaanpdeelneuverkiezing,datvoorzeindeuitsleuverkiezi,predicaat,voornamen,voorvoegsel,scheidingsteken,adellijketitel,geslnaamstam,indnreeks,indafgeleid,bijhpartij,indonverwdocaanw,geslachtsaand,bsn,anr,tslaatstewijz,induitslkiesr,datvoorzeindeuitslkiesr,bijhaard,indonverwbijhvoorstelnieting,dattijdstempel) VALUES('6007','1','19800616','603','Reijmerstok',null,null,'229',null,null,null,null,null,null,null,null,'1','19800616','1',null,null,'1','true',null,'Henk',null,'-',null,'Vermeulen',null,null,null,null,null,null,null,null,null,null,null,null,null,null,null,null,null,null,null,'Henk_p7',null,'-',null,'Vermeulen','false','true','347','false','1','174366589','1202801305','19800616',null,null,'1','false','19800616');
INSERT INTO kern.pers (id,srt,datgeboorte,gemgeboorte,wplnaamgeboorte,blplaatsgeboorte,blregiogeboorte,landgebiedgeboorte,omslocgeboorte,datoverlijden,gemoverlijden,wplnaamoverlijden,blplaatsoverlijden,blregiooverlijden,landgebiedoverlijden,omslocoverlijden,naderebijhaard,datinschr,versienr,vorigebsn,volgendebsn,naamgebruik,indnaamgebruikafgeleid,predicaatnaamgebruik,voornamennaamgebruik,voorvoegselnaamgebruik,scheidingstekennaamgebruik,adellijketitelnaamgebruik,geslnaamstamnaamgebruik,gempk,indpkvollediggeconv,aandverblijfsr,srtmigratie,rdnwijzmigratie,aangmigratie,landgebiedmigratie,bladresregel1migratie,bladresregel2migratie,bladresregel3migratie,bladresregel4migratie,bladresregel5migratie,bladresregel6migratie,datmededelingverblijfsr,datvoorzeindeverblijfsr,inddeelneuverkiezingen,dataanlaanpdeelneuverkiezing,datvoorzeindeuitsleuverkiezi,predicaat,voornamen,voorvoegsel,scheidingsteken,adellijketitel,geslnaamstam,indnreeks,indafgeleid,bijhpartij,indonverwdocaanw,geslachtsaand,bsn,anr,tslaatstewijz,induitslkiesr,datvoorzeindeuitslkiesr,bijhaard,indonverwbijhvoorstelnieting,dattijdstempel) VALUES('6008','1','19810418','974','Reijmerstok',null,null,'229',null,null,null,null,null,null,null,null,'1','19810418','1',null,null,'1','true',null,'Anna Maria Petra',null,'-',null,'Jansma',null,null,null,null,null,null,null,null,null,null,null,null,null,null,null,null,null,null,null,'Anna Maria Petra_p8',null,'-',null,'Jansma','false','true','347','false','2','037454857','3426213698','19810418',null,null,'1','false','19810418');
INSERT INTO kern.pers (id,srt,datgeboorte,gemgeboorte,wplnaamgeboorte,blplaatsgeboorte,blregiogeboorte,landgebiedgeboorte,omslocgeboorte,datoverlijden,gemoverlijden,wplnaamoverlijden,blplaatsoverlijden,blregiooverlijden,landgebiedoverlijden,omslocoverlijden,naderebijhaard,datinschr,versienr,vorigebsn,volgendebsn,naamgebruik,indnaamgebruikafgeleid,predicaatnaamgebruik,voornamennaamgebruik,voorvoegselnaamgebruik,scheidingstekennaamgebruik,adellijketitelnaamgebruik,geslnaamstamnaamgebruik,gempk,indpkvollediggeconv,aandverblijfsr,srtmigratie,rdnwijzmigratie,aangmigratie,landgebiedmigratie,bladresregel1migratie,bladresregel2migratie,bladresregel3migratie,bladresregel4migratie,bladresregel5migratie,bladresregel6migratie,datmededelingverblijfsr,datvoorzeindeverblijfsr,inddeelneuverkiezingen,dataanlaanpdeelneuverkiezing,datvoorzeindeuitsleuverkiezi,predicaat,voornamen,voorvoegsel,scheidingsteken,adellijketitel,geslnaamstam,indnreeks,indafgeleid,bijhpartij,indonverwdocaanw,geslachtsaand,bsn,anr,tslaatstewijz,induitslkiesr,datvoorzeindeuitslkiesr,bijhaard,indonverwbijhvoorstelnieting,dattijdstempel) VALUES('6009','1','20031226','348','Reijmerstok','Antwerpen','West','229','omschrijving geboorte locatie Miranda',null,null,null,null,null,null,null,'1','20031226','1',null,null,'1','true',null,'Miranda',null,'-',null,'Jansma',null,null,null,null,null,null,null,null,null,null,null,null,null,null,null,null,null,null,'2','Miranda_p9',null,'-','6','Jansma','false','true','347','false','2','245796988','5051729816','20031226',null,null,'1','false','20031226');
INSERT INTO kern.pers (id,srt,datgeboorte,gemgeboorte,wplnaamgeboorte,blplaatsgeboorte,blregiogeboorte,landgebiedgeboorte,omslocgeboorte,datoverlijden,gemoverlijden,wplnaamoverlijden,blplaatsoverlijden,blregiooverlijden,landgebiedoverlijden,omslocoverlijden,naderebijhaard,datinschr,versienr,vorigebsn,volgendebsn,naamgebruik,indnaamgebruikafgeleid,predicaatnaamgebruik,voornamennaamgebruik,voorvoegselnaamgebruik,scheidingstekennaamgebruik,adellijketitelnaamgebruik,geslnaamstamnaamgebruik,gempk,indpkvollediggeconv,aandverblijfsr,srtmigratie,rdnwijzmigratie,aangmigratie,landgebiedmigratie,bladresregel1migratie,bladresregel2migratie,bladresregel3migratie,bladresregel4migratie,bladresregel5migratie,bladresregel6migratie,datmededelingverblijfsr,datvoorzeindeverblijfsr,inddeelneuverkiezingen,dataanlaanpdeelneuverkiezing,datvoorzeindeuitsleuverkiezi,predicaat,voornamen,voorvoegsel,scheidingsteken,adellijketitel,geslnaamstam,indnreeks,indafgeleid,bijhpartij,indonverwdocaanw,geslachtsaand,bsn,anr,tslaatstewijz,induitslkiesr,datvoorzeindeuitslkiesr,bijhaard,indonverwbijhvoorstelnieting,dattijdstempel) VALUES('6010','1','19691231','776','Reijmerstok',null,null,'229',null,null,null,null,null,null,null,null,'1','19691231','1',null,null,'1','true',null,'John','de','-',null,'Bloëmsma',null,null,null,null,null,null,null,null,null,null,null,null,null,null,null,null,null,null,null,'John_p10','de','-',null,'Bloëmsma','false','true','347','false','1','208149934','1010162452','19691231',null,null,'1','false','19691231');
INSERT INTO kern.pers (id,srt,datgeboorte,gemgeboorte,wplnaamgeboorte,blplaatsgeboorte,blregiogeboorte,landgebiedgeboorte,omslocgeboorte,datoverlijden,gemoverlijden,wplnaamoverlijden,blplaatsoverlijden,blregiooverlijden,landgebiedoverlijden,omslocoverlijden,naderebijhaard,datinschr,versienr,vorigebsn,volgendebsn,naamgebruik,indnaamgebruikafgeleid,predicaatnaamgebruik,voornamennaamgebruik,voorvoegselnaamgebruik,scheidingstekennaamgebruik,adellijketitelnaamgebruik,geslnaamstamnaamgebruik,gempk,indpkvollediggeconv,aandverblijfsr,srtmigratie,rdnwijzmigratie,aangmigratie,landgebiedmigratie,bladresregel1migratie,bladresregel2migratie,bladresregel3migratie,bladresregel4migratie,bladresregel5migratie,bladresregel6migratie,datmededelingverblijfsr,datvoorzeindeverblijfsr,inddeelneuverkiezingen,dataanlaanpdeelneuverkiezing,datvoorzeindeuitsleuverkiezi,predicaat,voornamen,voorvoegsel,scheidingsteken,adellijketitel,geslnaamstam,indnreeks,indafgeleid,bijhpartij,indonverwdocaanw,geslachtsaand,bsn,anr,tslaatstewijz,induitslkiesr,datvoorzeindeuitslkiesr,bijhaard,indonverwbijhvoorstelnieting,dattijdstempel) VALUES('6011','1','19690516','397','Reijmerstok',null,null,'229',null,null,null,null,null,null,null,null,'1','19690516','1',null,null,'1','true',null,'Dorothea','de','-',null,'Snijder',null,null,null,null,null,null,null,null,null,null,null,null,null,null,null,null,null,null,null,'Dorothea_p11','de','-',null,'Snijder','false','true','347','false','2','278321057','4071624360','19690516',null,null,'1','false','19690516');
INSERT INTO kern.pers (id,srt,datgeboorte,gemgeboorte,wplnaamgeboorte,blplaatsgeboorte,blregiogeboorte,landgebiedgeboorte,omslocgeboorte,datoverlijden,gemoverlijden,wplnaamoverlijden,blplaatsoverlijden,blregiooverlijden,landgebiedoverlijden,omslocoverlijden,naderebijhaard,datinschr,versienr,vorigebsn,volgendebsn,naamgebruik,indnaamgebruikafgeleid,predicaatnaamgebruik,voornamennaamgebruik,voorvoegselnaamgebruik,scheidingstekennaamgebruik,adellijketitelnaamgebruik,geslnaamstamnaamgebruik,gempk,indpkvollediggeconv,aandverblijfsr,srtmigratie,rdnwijzmigratie,aangmigratie,landgebiedmigratie,bladresregel1migratie,bladresregel2migratie,bladresregel3migratie,bladresregel4migratie,bladresregel5migratie,bladresregel6migratie,datmededelingverblijfsr,datvoorzeindeverblijfsr,inddeelneuverkiezingen,dataanlaanpdeelneuverkiezing,datvoorzeindeuitsleuverkiezi,predicaat,voornamen,voorvoegsel,scheidingsteken,adellijketitel,geslnaamstam,indnreeks,indafgeleid,bijhpartij,indonverwdocaanw,geslachtsaand,bsn,anr,tslaatstewijz,induitslkiesr,datvoorzeindeuitslkiesr,bijhaard,indonverwbijhvoorstelnieting,dattijdstempel) VALUES('6012','1','19771210','397','Reijmerstok',null,null,'229',null,null,null,null,null,null,null,null,'1','19771210','1',null,null,'1','true',null,'Bas',null,'-',null,'Cuykelaer',null,null,null,null,null,null,null,null,null,null,null,null,null,null,null,null,null,null,null,'Bas_p12',null,'-',null,'Cuykelaer','false','true','347','false','1','173736658','9173658014','19771210',null,null,'1','false','19771210');
INSERT INTO kern.pers (id,srt,datgeboorte,gemgeboorte,wplnaamgeboorte,blplaatsgeboorte,blregiogeboorte,landgebiedgeboorte,omslocgeboorte,datoverlijden,gemoverlijden,wplnaamoverlijden,blplaatsoverlijden,blregiooverlijden,landgebiedoverlijden,omslocoverlijden,naderebijhaard,datinschr,versienr,vorigebsn,volgendebsn,naamgebruik,indnaamgebruikafgeleid,predicaatnaamgebruik,voornamennaamgebruik,voorvoegselnaamgebruik,scheidingstekennaamgebruik,adellijketitelnaamgebruik,geslnaamstamnaamgebruik,gempk,indpkvollediggeconv,aandverblijfsr,srtmigratie,rdnwijzmigratie,aangmigratie,landgebiedmigratie,bladresregel1migratie,bladresregel2migratie,bladresregel3migratie,bladresregel4migratie,bladresregel5migratie,bladresregel6migratie,datmededelingverblijfsr,datvoorzeindeverblijfsr,inddeelneuverkiezingen,dataanlaanpdeelneuverkiezing,datvoorzeindeuitsleuverkiezi,predicaat,voornamen,voorvoegsel,scheidingsteken,adellijketitel,geslnaamstam,indnreeks,indafgeleid,bijhpartij,indonverwdocaanw,geslachtsaand,bsn,anr,tslaatstewijz,induitslkiesr,datvoorzeindeuitslkiesr,bijhaard,indonverwbijhvoorstelnieting,dattijdstempel) VALUES('6013','1','19550602','396','Reijmerstok',null,null,'229',null,null,null,null,null,null,null,null,'1','19550602','1',null,null,'1','true',null,'Hendrika Isabella Gerarda Johanna','van','-',null,'Roos',null,null,null,null,null,null,null,null,null,null,null,null,null,null,null,null,null,null,null,'Hendrika Isabella Gerarda Johanna_p13','van','-',null,'Roos','false','true','347','false','2','186444588','3040101490','19550602',null,null,'1','false','19550602');
INSERT INTO kern.pers (id,srt,datgeboorte,gemgeboorte,wplnaamgeboorte,blplaatsgeboorte,blregiogeboorte,landgebiedgeboorte,omslocgeboorte,datoverlijden,gemoverlijden,wplnaamoverlijden,blplaatsoverlijden,blregiooverlijden,landgebiedoverlijden,omslocoverlijden,naderebijhaard,datinschr,versienr,vorigebsn,volgendebsn,naamgebruik,indnaamgebruikafgeleid,predicaatnaamgebruik,voornamennaamgebruik,voorvoegselnaamgebruik,scheidingstekennaamgebruik,adellijketitelnaamgebruik,geslnaamstamnaamgebruik,gempk,indpkvollediggeconv,aandverblijfsr,srtmigratie,rdnwijzmigratie,aangmigratie,landgebiedmigratie,bladresregel1migratie,bladresregel2migratie,bladresregel3migratie,bladresregel4migratie,bladresregel5migratie,bladresregel6migratie,datmededelingverblijfsr,datvoorzeindeverblijfsr,inddeelneuverkiezingen,dataanlaanpdeelneuverkiezing,datvoorzeindeuitsleuverkiezi,predicaat,voornamen,voorvoegsel,scheidingsteken,adellijketitel,geslnaamstam,indnreeks,indafgeleid,bijhpartij,indonverwdocaanw,geslachtsaand,bsn,anr,tslaatstewijz,induitslkiesr,datvoorzeindeuitslkiesr,bijhaard,indonverwbijhvoorstelnieting,dattijdstempel) VALUES('6014','1','19780611','251','Reijmerstok',null,null,'229',null,'20111111','397','Vlodrop',null,null,'229',null,'4','19780611','1',null,null,'1','true',null,'Jan',null,'-',null,'Moes',null,null,null,null,null,null,null,null,null,null,null,null,null,null,null,null,null,null,null,'Jan_p14',null,'-',null,'Moes','false','true','347','false','1','292007048','3203098071','19780611',null,null,'1','false','19780611');
INSERT INTO kern.pers (id,srt,datgeboorte,gemgeboorte,wplnaamgeboorte,blplaatsgeboorte,blregiogeboorte,landgebiedgeboorte,omslocgeboorte,datoverlijden,gemoverlijden,wplnaamoverlijden,blplaatsoverlijden,blregiooverlijden,landgebiedoverlijden,omslocoverlijden,naderebijhaard,datinschr,versienr,vorigebsn,volgendebsn,naamgebruik,indnaamgebruikafgeleid,predicaatnaamgebruik,voornamennaamgebruik,voorvoegselnaamgebruik,scheidingstekennaamgebruik,adellijketitelnaamgebruik,geslnaamstamnaamgebruik,gempk,indpkvollediggeconv,aandverblijfsr,srtmigratie,rdnwijzmigratie,aangmigratie,landgebiedmigratie,bladresregel1migratie,bladresregel2migratie,bladresregel3migratie,bladresregel4migratie,bladresregel5migratie,bladresregel6migratie,datmededelingverblijfsr,datvoorzeindeverblijfsr,inddeelneuverkiezingen,dataanlaanpdeelneuverkiezing,datvoorzeindeuitsleuverkiezi,predicaat,voornamen,voorvoegsel,scheidingsteken,adellijketitel,geslnaamstam,indnreeks,indafgeleid,bijhpartij,indonverwdocaanw,geslachtsaand,bsn,anr,tslaatstewijz,induitslkiesr,datvoorzeindeuitslkiesr,bijhaard,indonverwbijhvoorstelnieting,dattijdstempel) VALUES('6015','1','19880425','522','Honselersdijk',null,null,'229',null,null,null,null,null,null,null,null,'1','19880425','1',null,null,'1','true',null,'Petronella',null,'-',null,'Brest naar Kempen',null,null,null,null,null,null,null,null,null,null,null,null,null,null,null,null,null,null,null,'Petronella_p15',null,'-',null,'Brest naar Kempen','false','true','347','false','2','095682399','1659120893','19880425',null,null,'1','false','19880425');
INSERT INTO kern.pers (id,srt,datgeboorte,gemgeboorte,wplnaamgeboorte,blplaatsgeboorte,blregiogeboorte,landgebiedgeboorte,omslocgeboorte,datoverlijden,gemoverlijden,wplnaamoverlijden,blplaatsoverlijden,blregiooverlijden,landgebiedoverlijden,omslocoverlijden,naderebijhaard,datinschr,versienr,vorigebsn,volgendebsn,naamgebruik,indnaamgebruikafgeleid,predicaatnaamgebruik,voornamennaamgebruik,voorvoegselnaamgebruik,scheidingstekennaamgebruik,adellijketitelnaamgebruik,geslnaamstamnaamgebruik,gempk,indpkvollediggeconv,aandverblijfsr,srtmigratie,rdnwijzmigratie,aangmigratie,landgebiedmigratie,bladresregel1migratie,bladresregel2migratie,bladresregel3migratie,bladresregel4migratie,bladresregel5migratie,bladresregel6migratie,datmededelingverblijfsr,datvoorzeindeverblijfsr,inddeelneuverkiezingen,dataanlaanpdeelneuverkiezing,datvoorzeindeuitsleuverkiezi,predicaat,voornamen,voorvoegsel,scheidingsteken,adellijketitel,geslnaamstam,indnreeks,indafgeleid,bijhpartij,indonverwdocaanw,geslachtsaand,bsn,anr,tslaatstewijz,induitslkiesr,datvoorzeindeuitslkiesr,bijhaard,indonverwbijhvoorstelnieting,dattijdstempel) VALUES('6016','1','19881210','1267','Reijmerstok',null,null,'229',null,null,null,null,null,null,null,null,'1','19881210','1',null,null,'1','true',null,'Maria Christina',null,'-',null,'Ophuijsen',null,null,null,null,null,null,null,null,null,null,null,null,null,null,null,null,null,null,null,'Maria Christina_p16',null,'-',null,'Ophuijsen','false','true','347','false','2','202123856','8493093694','19881210',null,null,'1','false','19881210');
INSERT INTO kern.pers (id,srt,datgeboorte,gemgeboorte,wplnaamgeboorte,blplaatsgeboorte,blregiogeboorte,landgebiedgeboorte,omslocgeboorte,datoverlijden,gemoverlijden,wplnaamoverlijden,blplaatsoverlijden,blregiooverlijden,landgebiedoverlijden,omslocoverlijden,naderebijhaard,datinschr,versienr,vorigebsn,volgendebsn,naamgebruik,indnaamgebruikafgeleid,predicaatnaamgebruik,voornamennaamgebruik,voorvoegselnaamgebruik,scheidingstekennaamgebruik,adellijketitelnaamgebruik,geslnaamstamnaamgebruik,gempk,indpkvollediggeconv,aandverblijfsr,srtmigratie,rdnwijzmigratie,aangmigratie,landgebiedmigratie,bladresregel1migratie,bladresregel2migratie,bladresregel3migratie,bladresregel4migratie,bladresregel5migratie,bladresregel6migratie,datmededelingverblijfsr,datvoorzeindeverblijfsr,inddeelneuverkiezingen,dataanlaanpdeelneuverkiezing,datvoorzeindeuitsleuverkiezi,predicaat,voornamen,voorvoegsel,scheidingsteken,adellijketitel,geslnaamstam,indnreeks,indafgeleid,bijhpartij,indonverwdocaanw,geslachtsaand,bsn,anr,tslaatstewijz,induitslkiesr,datvoorzeindeuitslkiesr,bijhaard,indonverwbijhvoorstelnieting,dattijdstempel) VALUES('6017','1','19960523','91','Wolsum','Brussel','Zuid-Oost','229','omschrijving geboorte locatie Pieter',null,null,null,null,null,null,null,'1','19960523','1',null,null,'1','true',null,'Pieter',null,'-',null,'Addams',null,null,null,null,null,null,null,null,null,null,null,null,null,null,null,null,null,null,null,'Pieter_p17',null,'-',null,'Addams','false','true','347','false','1','237580524','5805431585','19960523',null,null,'1','false','19960523');
INSERT INTO kern.pers (id,srt,datgeboorte,gemgeboorte,wplnaamgeboorte,blplaatsgeboorte,blregiogeboorte,landgebiedgeboorte,omslocgeboorte,datoverlijden,gemoverlijden,wplnaamoverlijden,blplaatsoverlijden,blregiooverlijden,landgebiedoverlijden,omslocoverlijden,naderebijhaard,datinschr,versienr,vorigebsn,volgendebsn,naamgebruik,indnaamgebruikafgeleid,predicaatnaamgebruik,voornamennaamgebruik,voorvoegselnaamgebruik,scheidingstekennaamgebruik,adellijketitelnaamgebruik,geslnaamstamnaamgebruik,gempk,indpkvollediggeconv,aandverblijfsr,srtmigratie,rdnwijzmigratie,aangmigratie,landgebiedmigratie,bladresregel1migratie,bladresregel2migratie,bladresregel3migratie,bladresregel4migratie,bladresregel5migratie,bladresregel6migratie,datmededelingverblijfsr,datvoorzeindeverblijfsr,inddeelneuverkiezingen,dataanlaanpdeelneuverkiezing,datvoorzeindeuitsleuverkiezi,predicaat,voornamen,voorvoegsel,scheidingsteken,adellijketitel,geslnaamstam,indnreeks,indafgeleid,bijhpartij,indonverwdocaanw,geslachtsaand,bsn,anr,tslaatstewijz,induitslkiesr,datvoorzeindeuitslkiesr,bijhaard,indonverwbijhvoorstelnieting,dattijdstempel) VALUES('6018','1','19941005','780','Etten-Leur',null,null,'229',null,null,null,null,null,null,null,null,'1','19941005','1',null,null,'1','true',null,'Petronellaatje',null,'-',null,'Verhoeven',null,null,null,null,null,null,null,null,null,null,null,null,null,null,null,null,null,null,null,'Petronellaatje_p18',null,'-',null,'Verhoeven','false','true','347','false','2','096634777','1872520289','19941005',null,null,'1','false','19941005');
INSERT INTO kern.pers (id,srt,datgeboorte,gemgeboorte,wplnaamgeboorte,blplaatsgeboorte,blregiogeboorte,landgebiedgeboorte,omslocgeboorte,datoverlijden,gemoverlijden,wplnaamoverlijden,blplaatsoverlijden,blregiooverlijden,landgebiedoverlijden,omslocoverlijden,naderebijhaard,datinschr,versienr,vorigebsn,volgendebsn,naamgebruik,indnaamgebruikafgeleid,predicaatnaamgebruik,voornamennaamgebruik,voorvoegselnaamgebruik,scheidingstekennaamgebruik,adellijketitelnaamgebruik,geslnaamstamnaamgebruik,gempk,indpkvollediggeconv,aandverblijfsr,srtmigratie,rdnwijzmigratie,aangmigratie,landgebiedmigratie,bladresregel1migratie,bladresregel2migratie,bladresregel3migratie,bladresregel4migratie,bladresregel5migratie,bladresregel6migratie,datmededelingverblijfsr,datvoorzeindeverblijfsr,inddeelneuverkiezingen,dataanlaanpdeelneuverkiezing,datvoorzeindeuitsleuverkiezi,predicaat,voornamen,voorvoegsel,scheidingsteken,adellijketitel,geslnaamstam,indnreeks,indafgeleid,bijhpartij,indonverwdocaanw,geslachtsaand,bsn,anr,tslaatstewijz,induitslkiesr,datvoorzeindeuitslkiesr,bijhaard,indonverwbijhvoorstelnieting,dattijdstempel) VALUES('6019','1','19941005','615','Witteveen',null,null,'229',null,null,null,null,null,null,null,null,'1','19941005','1',null,null,'1','true',null,'Sanne','de','-',null,'Slot',null,null,null,null,null,null,null,null,null,null,null,null,null,null,null,null,null,null,null,'Sanne_p19','de','-',null,'Slot','false','true','347','false','2','168448944','5041043745','19941005',null,null,'1','false','19941005');
INSERT INTO kern.pers (id,srt,datgeboorte,gemgeboorte,wplnaamgeboorte,blplaatsgeboorte,blregiogeboorte,landgebiedgeboorte,omslocgeboorte,datoverlijden,gemoverlijden,wplnaamoverlijden,blplaatsoverlijden,blregiooverlijden,landgebiedoverlijden,omslocoverlijden,naderebijhaard,datinschr,versienr,vorigebsn,volgendebsn,naamgebruik,indnaamgebruikafgeleid,predicaatnaamgebruik,voornamennaamgebruik,voorvoegselnaamgebruik,scheidingstekennaamgebruik,adellijketitelnaamgebruik,geslnaamstamnaamgebruik,gempk,indpkvollediggeconv,aandverblijfsr,srtmigratie,rdnwijzmigratie,aangmigratie,landgebiedmigratie,bladresregel1migratie,bladresregel2migratie,bladresregel3migratie,bladresregel4migratie,bladresregel5migratie,bladresregel6migratie,datmededelingverblijfsr,datvoorzeindeverblijfsr,inddeelneuverkiezingen,dataanlaanpdeelneuverkiezing,datvoorzeindeuitsleuverkiezi,predicaat,voornamen,voorvoegsel,scheidingsteken,adellijketitel,geslnaamstam,indnreeks,indafgeleid,bijhpartij,indonverwdocaanw,geslachtsaand,bsn,anr,tslaatstewijz,induitslkiesr,datvoorzeindeuitslkiesr,bijhaard,indonverwbijhvoorstelnieting,dattijdstempel) VALUES('6020','1','19760103','625','Vlaardingen',null,null,'229',null,null,null,null,null,null,null,null,'1','19760103','1',null,null,'1','true',null,'Hanna','van','-',null,'Guirten',null,null,null,null,null,null,null,null,null,null,null,null,null,null,null,null,null,null,null,'Hanna_p20','van','-',null,'Guirten','false','true','347','false','2','028316459','7696386849','19760103',null,null,'1','false','19760103');
INSERT INTO kern.pers (id,srt,datgeboorte,gemgeboorte,wplnaamgeboorte,blplaatsgeboorte,blregiogeboorte,landgebiedgeboorte,omslocgeboorte,datoverlijden,gemoverlijden,wplnaamoverlijden,blplaatsoverlijden,blregiooverlijden,landgebiedoverlijden,omslocoverlijden,naderebijhaard,datinschr,versienr,vorigebsn,volgendebsn,naamgebruik,indnaamgebruikafgeleid,predicaatnaamgebruik,voornamennaamgebruik,voorvoegselnaamgebruik,scheidingstekennaamgebruik,adellijketitelnaamgebruik,geslnaamstamnaamgebruik,gempk,indpkvollediggeconv,aandverblijfsr,srtmigratie,rdnwijzmigratie,aangmigratie,landgebiedmigratie,bladresregel1migratie,bladresregel2migratie,bladresregel3migratie,bladresregel4migratie,bladresregel5migratie,bladresregel6migratie,datmededelingverblijfsr,datvoorzeindeverblijfsr,inddeelneuverkiezingen,dataanlaanpdeelneuverkiezing,datvoorzeindeuitsleuverkiezi,predicaat,voornamen,voorvoegsel,scheidingsteken,adellijketitel,geslnaamstam,indnreeks,indafgeleid,bijhpartij,indonverwdocaanw,geslachtsaand,bsn,anr,tslaatstewijz,induitslkiesr,datvoorzeindeuitslkiesr,bijhaard,indonverwbijhvoorstelnieting,dattijdstempel) VALUES('6021','1','19961003','345','Soest',null,null,'229',null,null,null,null,null,null,null,null,'1','19961003','1',null,null,'1','true',null,'Sander','ter','-',null,'Stassen',null,null,null,null,null,null,null,null,null,null,null,null,null,null,null,null,null,null,null,'Sander_p21','ter','-',null,'Stassen','false','true','347','false','1','196450688','7965490465','19961003',null,null,'1','false','19961003');
INSERT INTO kern.pers (id,srt,datgeboorte,gemgeboorte,wplnaamgeboorte,blplaatsgeboorte,blregiogeboorte,landgebiedgeboorte,omslocgeboorte,datoverlijden,gemoverlijden,wplnaamoverlijden,blplaatsoverlijden,blregiooverlijden,landgebiedoverlijden,omslocoverlijden,naderebijhaard,datinschr,versienr,vorigebsn,volgendebsn,naamgebruik,indnaamgebruikafgeleid,predicaatnaamgebruik,voornamennaamgebruik,voorvoegselnaamgebruik,scheidingstekennaamgebruik,adellijketitelnaamgebruik,geslnaamstamnaamgebruik,gempk,indpkvollediggeconv,aandverblijfsr,srtmigratie,rdnwijzmigratie,aangmigratie,landgebiedmigratie,bladresregel1migratie,bladresregel2migratie,bladresregel3migratie,bladresregel4migratie,bladresregel5migratie,bladresregel6migratie,datmededelingverblijfsr,datvoorzeindeverblijfsr,inddeelneuverkiezingen,dataanlaanpdeelneuverkiezing,datvoorzeindeuitsleuverkiezi,predicaat,voornamen,voorvoegsel,scheidingsteken,adellijketitel,geslnaamstam,indnreeks,indafgeleid,bijhpartij,indonverwdocaanw,geslachtsaand,bsn,anr,tslaatstewijz,induitslkiesr,datvoorzeindeuitslkiesr,bijhaard,indonverwbijhvoorstelnieting,dattijdstempel) VALUES('6022','1','19951003','625','Vlaardingen',null,null,'229',null,null,null,null,null,null,null,null,'1','19951003','1',null,null,'1','true',null,'Ellen','van','-',null,'Zon',null,null,null,null,null,null,null,null,null,null,null,null,null,null,null,null,null,null,null,'Ellen_p22','van','-',null,'Zon','false','true','347','false','2','053303945','6078409505','19951003',null,null,'1','false','19951003');
INSERT INTO kern.pers (id,srt,datgeboorte,gemgeboorte,wplnaamgeboorte,blplaatsgeboorte,blregiogeboorte,landgebiedgeboorte,omslocgeboorte,datoverlijden,gemoverlijden,wplnaamoverlijden,blplaatsoverlijden,blregiooverlijden,landgebiedoverlijden,omslocoverlijden,naderebijhaard,datinschr,versienr,vorigebsn,volgendebsn,naamgebruik,indnaamgebruikafgeleid,predicaatnaamgebruik,voornamennaamgebruik,voorvoegselnaamgebruik,scheidingstekennaamgebruik,adellijketitelnaamgebruik,geslnaamstamnaamgebruik,gempk,indpkvollediggeconv,aandverblijfsr,srtmigratie,rdnwijzmigratie,aangmigratie,landgebiedmigratie,bladresregel1migratie,bladresregel2migratie,bladresregel3migratie,bladresregel4migratie,bladresregel5migratie,bladresregel6migratie,datmededelingverblijfsr,datvoorzeindeverblijfsr,inddeelneuverkiezingen,dataanlaanpdeelneuverkiezing,datvoorzeindeuitsleuverkiezi,predicaat,voornamen,voorvoegsel,scheidingsteken,adellijketitel,geslnaamstam,indnreeks,indafgeleid,bijhpartij,indonverwdocaanw,geslachtsaand,bsn,anr,tslaatstewijz,induitslkiesr,datvoorzeindeuitslkiesr,bijhaard,indonverwbijhvoorstelnieting,dattijdstempel) VALUES('6023','1','19941003','365','Hellendoorn',null,null,'229',null,null,null,null,null,null,null,null,'1','19941003','1',null,null,'1','true',null,'Christian','van','-',null,'Verhaar',null,null,null,null,null,null,null,null,null,null,null,null,null,null,null,null,null,null,null,'Christian_p23','van','-',null,'Verhaar','false','true','347','false','1','028703236','9075875617','19941003',null,null,'1','false','19941003');
INSERT INTO kern.pers (id,srt,datgeboorte,gemgeboorte,wplnaamgeboorte,blplaatsgeboorte,blregiogeboorte,landgebiedgeboorte,omslocgeboorte,datoverlijden,gemoverlijden,wplnaamoverlijden,blplaatsoverlijden,blregiooverlijden,landgebiedoverlijden,omslocoverlijden,naderebijhaard,datinschr,versienr,vorigebsn,volgendebsn,naamgebruik,indnaamgebruikafgeleid,predicaatnaamgebruik,voornamennaamgebruik,voorvoegselnaamgebruik,scheidingstekennaamgebruik,adellijketitelnaamgebruik,geslnaamstamnaamgebruik,gempk,indpkvollediggeconv,aandverblijfsr,srtmigratie,rdnwijzmigratie,aangmigratie,landgebiedmigratie,bladresregel1migratie,bladresregel2migratie,bladresregel3migratie,bladresregel4migratie,bladresregel5migratie,bladresregel6migratie,datmededelingverblijfsr,datvoorzeindeverblijfsr,inddeelneuverkiezingen,dataanlaanpdeelneuverkiezing,datvoorzeindeuitsleuverkiezi,predicaat,voornamen,voorvoegsel,scheidingsteken,adellijketitel,geslnaamstam,indnreeks,indafgeleid,bijhpartij,indonverwdocaanw,geslachtsaand,bsn,anr,tslaatstewijz,induitslkiesr,datvoorzeindeuitslkiesr,bijhaard,indonverwbijhvoorstelnieting,dattijdstempel) VALUES('6024','1','19770401','365','Hellendoorn',null,null,'229',null,null,null,null,null,null,null,null,'1','19770401','1',null,null,'1','true',null,'Anja','de','-',null,'Klaassen',null,null,null,null,null,null,null,null,null,null,null,null,null,null,null,null,null,null,null,'Anja_p24','de','-',null,'Klaassen','false','true','347','false','2','008631256','6142019361','19770401',null,null,'1','false','19770401');
INSERT INTO kern.pers (id,srt,datgeboorte,gemgeboorte,wplnaamgeboorte,blplaatsgeboorte,blregiogeboorte,landgebiedgeboorte,omslocgeboorte,datoverlijden,gemoverlijden,wplnaamoverlijden,blplaatsoverlijden,blregiooverlijden,landgebiedoverlijden,omslocoverlijden,naderebijhaard,datinschr,versienr,vorigebsn,volgendebsn,naamgebruik,indnaamgebruikafgeleid,predicaatnaamgebruik,voornamennaamgebruik,voorvoegselnaamgebruik,scheidingstekennaamgebruik,adellijketitelnaamgebruik,geslnaamstamnaamgebruik,gempk,indpkvollediggeconv,aandverblijfsr,srtmigratie,rdnwijzmigratie,aangmigratie,landgebiedmigratie,bladresregel1migratie,bladresregel2migratie,bladresregel3migratie,bladresregel4migratie,bladresregel5migratie,bladresregel6migratie,datmededelingverblijfsr,datvoorzeindeverblijfsr,inddeelneuverkiezingen,dataanlaanpdeelneuverkiezing,datvoorzeindeuitsleuverkiezi,predicaat,voornamen,voorvoegsel,scheidingsteken,adellijketitel,geslnaamstam,indnreeks,indafgeleid,bijhpartij,indonverwdocaanw,geslachtsaand,bsn,anr,tslaatstewijz,induitslkiesr,datvoorzeindeuitslkiesr,bijhaard,indonverwbijhvoorstelnieting,dattijdstempel) VALUES('6025','1','19880611','91','Wolsum',null,null,'229',null,null,null,null,null,null,null,null,'1','19880611','1',null,null,'1','true',null,'Karel',null,'-',null,'Valstar',null,null,null,null,null,null,null,null,null,null,null,null,null,null,null,null,null,null,null,'Karel_p25',null,'-',null,'Valstar','false','true','347','false','1','133339099','9639286561','19880611',null,null,'1','false','19880611');
INSERT INTO kern.pers (id,srt,datgeboorte,gemgeboorte,wplnaamgeboorte,blplaatsgeboorte,blregiogeboorte,landgebiedgeboorte,omslocgeboorte,datoverlijden,gemoverlijden,wplnaamoverlijden,blplaatsoverlijden,blregiooverlijden,landgebiedoverlijden,omslocoverlijden,naderebijhaard,datinschr,versienr,vorigebsn,volgendebsn,naamgebruik,indnaamgebruikafgeleid,predicaatnaamgebruik,voornamennaamgebruik,voorvoegselnaamgebruik,scheidingstekennaamgebruik,adellijketitelnaamgebruik,geslnaamstamnaamgebruik,gempk,indpkvollediggeconv,aandverblijfsr,srtmigratie,rdnwijzmigratie,aangmigratie,landgebiedmigratie,bladresregel1migratie,bladresregel2migratie,bladresregel3migratie,bladresregel4migratie,bladresregel5migratie,bladresregel6migratie,datmededelingverblijfsr,datvoorzeindeverblijfsr,inddeelneuverkiezingen,dataanlaanpdeelneuverkiezing,datvoorzeindeuitsleuverkiezi,predicaat,voornamen,voorvoegsel,scheidingsteken,adellijketitel,geslnaamstam,indnreeks,indafgeleid,bijhpartij,indonverwdocaanw,geslachtsaand,bsn,anr,tslaatstewijz,induitslkiesr,datvoorzeindeuitslkiesr,bijhaard,indonverwbijhvoorstelnieting,dattijdstempel) VALUES('6026','1','19910721','365','Hellendoorn',null,null,'229',null,null,null,null,null,null,null,null,'1','19910721','1',null,null,'1','true',null,'Helen','ter','-',null,'Botje',null,null,null,null,null,null,null,null,null,null,null,null,null,null,null,null,null,null,null,'Helen_p26','ter','-',null,'Botje','false','true','347','false','2','139697822','2120978465','19910721',null,null,'1','false','19910721');
INSERT INTO kern.pers (id,srt,datgeboorte,gemgeboorte,wplnaamgeboorte,blplaatsgeboorte,blregiogeboorte,landgebiedgeboorte,omslocgeboorte,datoverlijden,gemoverlijden,wplnaamoverlijden,blplaatsoverlijden,blregiooverlijden,landgebiedoverlijden,omslocoverlijden,naderebijhaard,datinschr,versienr,vorigebsn,volgendebsn,naamgebruik,indnaamgebruikafgeleid,predicaatnaamgebruik,voornamennaamgebruik,voorvoegselnaamgebruik,scheidingstekennaamgebruik,adellijketitelnaamgebruik,geslnaamstamnaamgebruik,gempk,indpkvollediggeconv,aandverblijfsr,srtmigratie,rdnwijzmigratie,aangmigratie,landgebiedmigratie,bladresregel1migratie,bladresregel2migratie,bladresregel3migratie,bladresregel4migratie,bladresregel5migratie,bladresregel6migratie,datmededelingverblijfsr,datvoorzeindeverblijfsr,inddeelneuverkiezingen,dataanlaanpdeelneuverkiezing,datvoorzeindeuitsleuverkiezi,predicaat,voornamen,voorvoegsel,scheidingsteken,adellijketitel,geslnaamstam,indnreeks,indafgeleid,bijhpartij,indonverwdocaanw,geslachtsaand,bsn,anr,tslaatstewijz,induitslkiesr,datvoorzeindeuitslkiesr,bijhaard,indonverwbijhvoorstelnieting,dattijdstempel) VALUES('6027','1','19910911','625','Vlaardingen',null,null,'229',null,null,null,null,null,null,null,null,'1','19910911','1',null,null,'1','true',null,'Sander',null,'-',null,'Karlson',null,null,null,null,null,null,null,null,null,null,null,null,null,null,null,null,null,null,null,'Sander_p27',null,'-',null,'Karlson','false','true','347','false','1','242234434','6176380193','19910911',null,null,'1','false','19910911');
INSERT INTO kern.pers (id,srt,datgeboorte,gemgeboorte,wplnaamgeboorte,blplaatsgeboorte,blregiogeboorte,landgebiedgeboorte,omslocgeboorte,datoverlijden,gemoverlijden,wplnaamoverlijden,blplaatsoverlijden,blregiooverlijden,landgebiedoverlijden,omslocoverlijden,naderebijhaard,datinschr,versienr,vorigebsn,volgendebsn,naamgebruik,indnaamgebruikafgeleid,predicaatnaamgebruik,voornamennaamgebruik,voorvoegselnaamgebruik,scheidingstekennaamgebruik,adellijketitelnaamgebruik,geslnaamstamnaamgebruik,gempk,indpkvollediggeconv,aandverblijfsr,srtmigratie,rdnwijzmigratie,aangmigratie,landgebiedmigratie,bladresregel1migratie,bladresregel2migratie,bladresregel3migratie,bladresregel4migratie,bladresregel5migratie,bladresregel6migratie,datmededelingverblijfsr,datvoorzeindeverblijfsr,inddeelneuverkiezingen,dataanlaanpdeelneuverkiezing,datvoorzeindeuitsleuverkiezi,predicaat,voornamen,voorvoegsel,scheidingsteken,adellijketitel,geslnaamstam,indnreeks,indafgeleid,bijhpartij,indonverwdocaanw,geslachtsaand,bsn,anr,tslaatstewijz,induitslkiesr,datvoorzeindeuitslkiesr,bijhaard,indonverwbijhvoorstelnieting,dattijdstempel) VALUES('6028','1','19900722','625','Vlaardingen',null,null,'229',null,null,null,null,null,null,null,null,'1','19900722','1',null,null,'1','true',null,'Violet','van','-',null,'Hoog',null,null,null,null,null,null,null,null,null,null,null,null,null,null,null,null,null,null,null,'Violet_p28','van','-',null,'Hoog','false','true','347','false','2','262115499','6282345761','19900722',null,null,'1','false','19900722');
INSERT INTO kern.pers (id,srt,datgeboorte,gemgeboorte,wplnaamgeboorte,blplaatsgeboorte,blregiogeboorte,landgebiedgeboorte,omslocgeboorte,datoverlijden,gemoverlijden,wplnaamoverlijden,blplaatsoverlijden,blregiooverlijden,landgebiedoverlijden,omslocoverlijden,naderebijhaard,datinschr,versienr,vorigebsn,volgendebsn,naamgebruik,indnaamgebruikafgeleid,predicaatnaamgebruik,voornamennaamgebruik,voorvoegselnaamgebruik,scheidingstekennaamgebruik,adellijketitelnaamgebruik,geslnaamstamnaamgebruik,gempk,indpkvollediggeconv,aandverblijfsr,srtmigratie,rdnwijzmigratie,aangmigratie,landgebiedmigratie,bladresregel1migratie,bladresregel2migratie,bladresregel3migratie,bladresregel4migratie,bladresregel5migratie,bladresregel6migratie,datmededelingverblijfsr,datvoorzeindeverblijfsr,inddeelneuverkiezingen,dataanlaanpdeelneuverkiezing,datvoorzeindeuitsleuverkiezi,predicaat,voornamen,voorvoegsel,scheidingsteken,adellijketitel,geslnaamstam,indnreeks,indafgeleid,bijhpartij,indonverwdocaanw,geslachtsaand,bsn,anr,tslaatstewijz,induitslkiesr,datvoorzeindeuitslkiesr,bijhaard,indonverwbijhvoorstelnieting,dattijdstempel) VALUES('6029','1','19200430','1239','Ouwerkerk',null,null,'229',null,null,null,null,null,null,null,null,'1','19200430','1',null,null,'1','true',null,'Violet',null,'-',null,'Karlson',null,null,null,null,null,null,null,null,null,null,null,null,null,null,null,null,null,null,null,'Violet_p29',null,'-',null,'Karlson','false','true','2','false','2','040777856','6282345762','19200430',null,null,'1','false','19200430');
INSERT INTO kern.pers (id,srt,datgeboorte,gemgeboorte,wplnaamgeboorte,blplaatsgeboorte,blregiogeboorte,landgebiedgeboorte,omslocgeboorte,datoverlijden,gemoverlijden,wplnaamoverlijden,blplaatsoverlijden,blregiooverlijden,landgebiedoverlijden,omslocoverlijden,naderebijhaard,datinschr,versienr,vorigebsn,volgendebsn,naamgebruik,indnaamgebruikafgeleid,predicaatnaamgebruik,voornamennaamgebruik,voorvoegselnaamgebruik,scheidingstekennaamgebruik,adellijketitelnaamgebruik,geslnaamstamnaamgebruik,gempk,indpkvollediggeconv,aandverblijfsr,srtmigratie,rdnwijzmigratie,aangmigratie,landgebiedmigratie,bladresregel1migratie,bladresregel2migratie,bladresregel3migratie,bladresregel4migratie,bladresregel5migratie,bladresregel6migratie,datmededelingverblijfsr,datvoorzeindeverblijfsr,inddeelneuverkiezingen,dataanlaanpdeelneuverkiezing,datvoorzeindeuitsleuverkiezi,predicaat,voornamen,voorvoegsel,scheidingsteken,adellijketitel,geslnaamstam,indnreeks,indafgeleid,bijhpartij,indonverwdocaanw,geslachtsaand,bsn,anr,tslaatstewijz,induitslkiesr,datvoorzeindeuitslkiesr,bijhaard,indonverwbijhvoorstelnieting,dattijdstempel) VALUES('6030','1','19220419','1239','Ouwerkerk',null,null,'229',null,null,null,null,null,null,null,null,'1','19220419','1',null,null,'1','true',null,'Tanja','de','-',null,'Vlonder',null,null,null,null,null,null,null,null,null,null,null,null,null,null,null,null,null,null,null,'Tanja_p30','de','-',null,'Vlonder','false','true','347','false','2','203770778','1375602497','19220419',null,null,'1','false','19220419');
INSERT INTO kern.pers (id,srt,datgeboorte,gemgeboorte,wplnaamgeboorte,blplaatsgeboorte,blregiogeboorte,landgebiedgeboorte,omslocgeboorte,datoverlijden,gemoverlijden,wplnaamoverlijden,blplaatsoverlijden,blregiooverlijden,landgebiedoverlijden,omslocoverlijden,naderebijhaard,datinschr,versienr,vorigebsn,volgendebsn,naamgebruik,indnaamgebruikafgeleid,predicaatnaamgebruik,voornamennaamgebruik,voorvoegselnaamgebruik,scheidingstekennaamgebruik,adellijketitelnaamgebruik,geslnaamstamnaamgebruik,gempk,indpkvollediggeconv,aandverblijfsr,srtmigratie,rdnwijzmigratie,aangmigratie,landgebiedmigratie,bladresregel1migratie,bladresregel2migratie,bladresregel3migratie,bladresregel4migratie,bladresregel5migratie,bladresregel6migratie,datmededelingverblijfsr,datvoorzeindeverblijfsr,inddeelneuverkiezingen,dataanlaanpdeelneuverkiezing,datvoorzeindeuitsleuverkiezi,predicaat,voornamen,voorvoegsel,scheidingsteken,adellijketitel,geslnaamstam,indnreeks,indafgeleid,bijhpartij,indonverwdocaanw,geslachtsaand,bsn,anr,tslaatstewijz,induitslkiesr,datvoorzeindeuitslkiesr,bijhaard,indonverwbijhvoorstelnieting,dattijdstempel) VALUES('6031','1','19920219','977','Koningsbosch',null,null,'229',null,null,null,null,null,null,null,null,'1','19920219','1',null,null,'1','true',null,'Berend','de','-',null,'Zatte',null,null,null,null,null,null,null,null,null,null,null,null,null,null,null,null,null,null,null,'Berend_p31','de','-',null,'Zatte','false','true','347','false','1','283209355','2808956321','19920219',null,null,'1','false','19920219');
INSERT INTO kern.pers (id,srt,datgeboorte,gemgeboorte,wplnaamgeboorte,blplaatsgeboorte,blregiogeboorte,landgebiedgeboorte,omslocgeboorte,datoverlijden,gemoverlijden,wplnaamoverlijden,blplaatsoverlijden,blregiooverlijden,landgebiedoverlijden,omslocoverlijden,naderebijhaard,datinschr,versienr,vorigebsn,volgendebsn,naamgebruik,indnaamgebruikafgeleid,predicaatnaamgebruik,voornamennaamgebruik,voorvoegselnaamgebruik,scheidingstekennaamgebruik,adellijketitelnaamgebruik,geslnaamstamnaamgebruik,gempk,indpkvollediggeconv,aandverblijfsr,srtmigratie,rdnwijzmigratie,aangmigratie,landgebiedmigratie,bladresregel1migratie,bladresregel2migratie,bladresregel3migratie,bladresregel4migratie,bladresregel5migratie,bladresregel6migratie,datmededelingverblijfsr,datvoorzeindeverblijfsr,inddeelneuverkiezingen,dataanlaanpdeelneuverkiezing,datvoorzeindeuitsleuverkiezi,predicaat,voornamen,voorvoegsel,scheidingsteken,adellijketitel,geslnaamstam,indnreeks,indafgeleid,bijhpartij,indonverwdocaanw,geslachtsaand,bsn,anr,tslaatstewijz,induitslkiesr,datvoorzeindeuitslkiesr,bijhaard,indonverwbijhvoorstelnieting,dattijdstempel) VALUES('6032','1','19510923','522','Honselersdijk',null,null,'229',null,null,null,null,null,null,null,null,'1','19510923','1',null,null,'1','true',null,'Mike',null,'-',null,'Stuurman',null,null,null,null,null,null,null,null,null,null,null,null,null,null,null,null,null,null,null,'Mike_p32',null,'-',null,'Stuurman','false','true','347','false','1','065065888','1530896705','19510923',null,null,'1','false','19510923');
INSERT INTO kern.pers (id,srt,datgeboorte,gemgeboorte,wplnaamgeboorte,blplaatsgeboorte,blregiogeboorte,landgebiedgeboorte,omslocgeboorte,datoverlijden,gemoverlijden,wplnaamoverlijden,blplaatsoverlijden,blregiooverlijden,landgebiedoverlijden,omslocoverlijden,naderebijhaard,datinschr,versienr,vorigebsn,volgendebsn,naamgebruik,indnaamgebruikafgeleid,predicaatnaamgebruik,voornamennaamgebruik,voorvoegselnaamgebruik,scheidingstekennaamgebruik,adellijketitelnaamgebruik,geslnaamstamnaamgebruik,gempk,indpkvollediggeconv,aandverblijfsr,srtmigratie,rdnwijzmigratie,aangmigratie,landgebiedmigratie,bladresregel1migratie,bladresregel2migratie,bladresregel3migratie,bladresregel4migratie,bladresregel5migratie,bladresregel6migratie,datmededelingverblijfsr,datvoorzeindeverblijfsr,inddeelneuverkiezingen,dataanlaanpdeelneuverkiezing,datvoorzeindeuitsleuverkiezi,predicaat,voornamen,voorvoegsel,scheidingsteken,adellijketitel,geslnaamstam,indnreeks,indafgeleid,bijhpartij,indonverwdocaanw,geslachtsaand,bsn,anr,tslaatstewijz,induitslkiesr,datvoorzeindeuitslkiesr,bijhaard,indonverwbijhvoorstelnieting,dattijdstempel) VALUES('6033','1','19531116','506','Scherpenzeel',null,null,'229',null,null,null,null,null,null,null,null,'1','19531116','1',null,null,'1','true',null,'Sanne','de','-',null,'Vriend',null,null,null,null,null,null,null,null,null,null,null,null,null,null,null,null,null,null,null,'Sanne_p33','de','-',null,'Vriend','false','true','347','false','2','136676212','6245265185','19531116',null,null,'1','false','19531116');
INSERT INTO kern.pers (id,srt,datgeboorte,gemgeboorte,wplnaamgeboorte,blplaatsgeboorte,blregiogeboorte,landgebiedgeboorte,omslocgeboorte,datoverlijden,gemoverlijden,wplnaamoverlijden,blplaatsoverlijden,blregiooverlijden,landgebiedoverlijden,omslocoverlijden,naderebijhaard,datinschr,versienr,vorigebsn,volgendebsn,naamgebruik,indnaamgebruikafgeleid,predicaatnaamgebruik,voornamennaamgebruik,voorvoegselnaamgebruik,scheidingstekennaamgebruik,adellijketitelnaamgebruik,geslnaamstamnaamgebruik,gempk,indpkvollediggeconv,aandverblijfsr,srtmigratie,rdnwijzmigratie,aangmigratie,landgebiedmigratie,bladresregel1migratie,bladresregel2migratie,bladresregel3migratie,bladresregel4migratie,bladresregel5migratie,bladresregel6migratie,datmededelingverblijfsr,datvoorzeindeverblijfsr,inddeelneuverkiezingen,dataanlaanpdeelneuverkiezing,datvoorzeindeuitsleuverkiezi,predicaat,voornamen,voorvoegsel,scheidingsteken,adellijketitel,geslnaamstam,indnreeks,indafgeleid,bijhpartij,indonverwdocaanw,geslachtsaand,bsn,anr,tslaatstewijz,induitslkiesr,datvoorzeindeuitslkiesr,bijhaard,indonverwbijhvoorstelnieting,dattijdstempel) VALUES('6034','1','19390402','403','Egmond-Binnen',null,null,'229',null,null,null,null,null,null,null,null,'1','19390402','1',null,null,'1','true',null,'Josje','de','-',null,'Renner',null,null,null,null,null,null,null,null,null,null,null,null,null,null,null,null,null,null,null,'Josje_p34','de','-',null,'Renner','false','true','347','false','2','184186389','4175803169','19390402',null,null,'1','false','19390402');
INSERT INTO kern.pers (id,srt,datgeboorte,gemgeboorte,wplnaamgeboorte,blplaatsgeboorte,blregiogeboorte,landgebiedgeboorte,omslocgeboorte,datoverlijden,gemoverlijden,wplnaamoverlijden,blplaatsoverlijden,blregiooverlijden,landgebiedoverlijden,omslocoverlijden,naderebijhaard,datinschr,versienr,vorigebsn,volgendebsn,naamgebruik,indnaamgebruikafgeleid,predicaatnaamgebruik,voornamennaamgebruik,voorvoegselnaamgebruik,scheidingstekennaamgebruik,adellijketitelnaamgebruik,geslnaamstamnaamgebruik,gempk,indpkvollediggeconv,aandverblijfsr,srtmigratie,rdnwijzmigratie,aangmigratie,landgebiedmigratie,bladresregel1migratie,bladresregel2migratie,bladresregel3migratie,bladresregel4migratie,bladresregel5migratie,bladresregel6migratie,datmededelingverblijfsr,datvoorzeindeverblijfsr,inddeelneuverkiezingen,dataanlaanpdeelneuverkiezing,datvoorzeindeuitsleuverkiezi,predicaat,voornamen,voorvoegsel,scheidingsteken,adellijketitel,geslnaamstam,indnreeks,indafgeleid,bijhpartij,indonverwdocaanw,geslachtsaand,bsn,anr,tslaatstewijz,induitslkiesr,datvoorzeindeuitslkiesr,bijhaard,indonverwbijhvoorstelnieting,dattijdstempel) VALUES('6035','1','19841203','342','Delft',null,null,'229',null,null,null,null,null,null,null,null,'1','19841203','1',null,null,'1','true',null,'Anna','de','-',null,'Muurbloem',null,null,null,null,null,null,null,null,null,null,null,null,null,null,null,null,null,null,null,'Anna_p35','de','-',null,'Muurbloem','false','true','347','false','2','239981066','5151579425','19841203',null,null,'1','false','19841203');
INSERT INTO kern.pers (id,srt,datgeboorte,gemgeboorte,wplnaamgeboorte,blplaatsgeboorte,blregiogeboorte,landgebiedgeboorte,omslocgeboorte,datoverlijden,gemoverlijden,wplnaamoverlijden,blplaatsoverlijden,blregiooverlijden,landgebiedoverlijden,omslocoverlijden,naderebijhaard,datinschr,versienr,vorigebsn,volgendebsn,naamgebruik,indnaamgebruikafgeleid,predicaatnaamgebruik,voornamennaamgebruik,voorvoegselnaamgebruik,scheidingstekennaamgebruik,adellijketitelnaamgebruik,geslnaamstamnaamgebruik,gempk,indpkvollediggeconv,aandverblijfsr,srtmigratie,rdnwijzmigratie,aangmigratie,landgebiedmigratie,bladresregel1migratie,bladresregel2migratie,bladresregel3migratie,bladresregel4migratie,bladresregel5migratie,bladresregel6migratie,datmededelingverblijfsr,datvoorzeindeverblijfsr,inddeelneuverkiezingen,dataanlaanpdeelneuverkiezing,datvoorzeindeuitsleuverkiezi,predicaat,voornamen,voorvoegsel,scheidingsteken,adellijketitel,geslnaamstam,indnreeks,indafgeleid,bijhpartij,indonverwdocaanw,geslachtsaand,bsn,anr,tslaatstewijz,induitslkiesr,datvoorzeindeuitslkiesr,bijhaard,indonverwbijhvoorstelnieting,dattijdstempel) VALUES('6036','1','19851011','342','Delft','Brugge','Oost','229','omschrijving geboorte locatie Gerard',null,null,null,null,null,null,null,'1','19851011','1',null,null,'1','true',null,'Gerard',null,'-',null,'Appelo',null,null,null,null,null,null,null,null,null,null,null,null,null,null,null,null,null,null,'1','Gerard_p36',null,'-','6','Appelo','false','true','347','false','1','249829289','6780497185','19851011',null,null,'1','false','19851011');
INSERT INTO kern.pers (id,srt,datgeboorte,gemgeboorte,wplnaamgeboorte,blplaatsgeboorte,blregiogeboorte,landgebiedgeboorte,omslocgeboorte,datoverlijden,gemoverlijden,wplnaamoverlijden,blplaatsoverlijden,blregiooverlijden,landgebiedoverlijden,omslocoverlijden,naderebijhaard,datinschr,versienr,vorigebsn,volgendebsn,naamgebruik,indnaamgebruikafgeleid,predicaatnaamgebruik,voornamennaamgebruik,voorvoegselnaamgebruik,scheidingstekennaamgebruik,adellijketitelnaamgebruik,geslnaamstamnaamgebruik,gempk,indpkvollediggeconv,aandverblijfsr,srtmigratie,rdnwijzmigratie,aangmigratie,landgebiedmigratie,bladresregel1migratie,bladresregel2migratie,bladresregel3migratie,bladresregel4migratie,bladresregel5migratie,bladresregel6migratie,datmededelingverblijfsr,datvoorzeindeverblijfsr,inddeelneuverkiezingen,dataanlaanpdeelneuverkiezing,datvoorzeindeuitsleuverkiezi,predicaat,voornamen,voorvoegsel,scheidingsteken,adellijketitel,geslnaamstam,indnreeks,indafgeleid,bijhpartij,indonverwdocaanw,geslachtsaand,bsn,anr,tslaatstewijz,induitslkiesr,datvoorzeindeuitslkiesr,bijhaard,indonverwbijhvoorstelnieting,dattijdstempel) VALUES('6037','1','20050112','91','Wolsum',null,null,'229',null,null,null,null,null,null,null,null,'1','20050112','1',null,null,'1','true',null,'Albert',null,'-',null,'Appel',null,null,null,null,null,null,null,null,null,null,null,null,null,null,null,null,null,null,null,'Albert_p37',null,'-',null,'Appel','false','true','347','false','1','280636799','8379307297','20050112',null,null,'1','false','20050112');
INSERT INTO kern.pers (id,srt,datgeboorte,gemgeboorte,wplnaamgeboorte,blplaatsgeboorte,blregiogeboorte,landgebiedgeboorte,omslocgeboorte,datoverlijden,gemoverlijden,wplnaamoverlijden,blplaatsoverlijden,blregiooverlijden,landgebiedoverlijden,omslocoverlijden,naderebijhaard,datinschr,versienr,vorigebsn,volgendebsn,naamgebruik,indnaamgebruikafgeleid,predicaatnaamgebruik,voornamennaamgebruik,voorvoegselnaamgebruik,scheidingstekennaamgebruik,adellijketitelnaamgebruik,geslnaamstamnaamgebruik,gempk,indpkvollediggeconv,aandverblijfsr,srtmigratie,rdnwijzmigratie,aangmigratie,landgebiedmigratie,bladresregel1migratie,bladresregel2migratie,bladresregel3migratie,bladresregel4migratie,bladresregel5migratie,bladresregel6migratie,datmededelingverblijfsr,datvoorzeindeverblijfsr,inddeelneuverkiezingen,dataanlaanpdeelneuverkiezing,datvoorzeindeuitsleuverkiezi,predicaat,voornamen,voorvoegsel,scheidingsteken,adellijketitel,geslnaamstam,indnreeks,indafgeleid,bijhpartij,indonverwdocaanw,geslachtsaand,bsn,anr,tslaatstewijz,induitslkiesr,datvoorzeindeuitslkiesr,bijhaard,indonverwbijhvoorstelnieting,dattijdstempel) VALUES('6038','1','20051201','96','Twello',null,null,'229',null,null,null,null,null,null,null,null,'1','20051201','1',null,null,'1','true',null,'Marijke','ter','-',null,'Aar',null,null,null,null,null,null,null,null,null,null,null,null,null,null,null,null,null,null,null,'Marijke_p38','ter','-',null,'Aar','false','true','347','false','2','129698659','2169713825','20051201',null,null,'1','false','20051201');
INSERT INTO kern.pers (id,srt,datgeboorte,gemgeboorte,wplnaamgeboorte,blplaatsgeboorte,blregiogeboorte,landgebiedgeboorte,omslocgeboorte,datoverlijden,gemoverlijden,wplnaamoverlijden,blplaatsoverlijden,blregiooverlijden,landgebiedoverlijden,omslocoverlijden,naderebijhaard,datinschr,versienr,vorigebsn,volgendebsn,naamgebruik,indnaamgebruikafgeleid,predicaatnaamgebruik,voornamennaamgebruik,voorvoegselnaamgebruik,scheidingstekennaamgebruik,adellijketitelnaamgebruik,geslnaamstamnaamgebruik,gempk,indpkvollediggeconv,aandverblijfsr,srtmigratie,rdnwijzmigratie,aangmigratie,landgebiedmigratie,bladresregel1migratie,bladresregel2migratie,bladresregel3migratie,bladresregel4migratie,bladresregel5migratie,bladresregel6migratie,datmededelingverblijfsr,datvoorzeindeverblijfsr,inddeelneuverkiezingen,dataanlaanpdeelneuverkiezing,datvoorzeindeuitsleuverkiezi,predicaat,voornamen,voorvoegsel,scheidingsteken,adellijketitel,geslnaamstam,indnreeks,indafgeleid,bijhpartij,indonverwdocaanw,geslachtsaand,bsn,anr,tslaatstewijz,induitslkiesr,datvoorzeindeuitslkiesr,bijhaard,indonverwbijhvoorstelnieting,dattijdstempel) VALUES('6039','1','20050112','63','Zevenbergschen Hoek','Gent','Zuid','229','omschrijving geboorte locatie Geerte','20051113','397','Vlodrop',null,null,'229',null,'7','20050112','1',null,null,'1','true',null,'Geerte','in het','-',null,'Veld',null,null,null,null,null,null,null,null,null,null,null,null,null,null,null,null,null,null,'1','Geerte_p39','in het','-','2','Veld','false','true','347','false','2','086346556','6861308705','20050112',null,null,'1','false','20050112');
INSERT INTO kern.pers (id,srt,datgeboorte,gemgeboorte,wplnaamgeboorte,blplaatsgeboorte,blregiogeboorte,landgebiedgeboorte,omslocgeboorte,datoverlijden,gemoverlijden,wplnaamoverlijden,blplaatsoverlijden,blregiooverlijden,landgebiedoverlijden,omslocoverlijden,naderebijhaard,datinschr,versienr,vorigebsn,volgendebsn,naamgebruik,indnaamgebruikafgeleid,predicaatnaamgebruik,voornamennaamgebruik,voorvoegselnaamgebruik,scheidingstekennaamgebruik,adellijketitelnaamgebruik,geslnaamstamnaamgebruik,gempk,indpkvollediggeconv,aandverblijfsr,srtmigratie,rdnwijzmigratie,aangmigratie,landgebiedmigratie,bladresregel1migratie,bladresregel2migratie,bladresregel3migratie,bladresregel4migratie,bladresregel5migratie,bladresregel6migratie,datmededelingverblijfsr,datvoorzeindeverblijfsr,inddeelneuverkiezingen,dataanlaanpdeelneuverkiezing,datvoorzeindeuitsleuverkiezi,predicaat,voornamen,voorvoegsel,scheidingsteken,adellijketitel,geslnaamstam,indnreeks,indafgeleid,bijhpartij,indonverwdocaanw,geslachtsaand,bsn,anr,tslaatstewijz,induitslkiesr,datvoorzeindeuitslkiesr,bijhaard,indonverwbijhvoorstelnieting,dattijdstempel) VALUES('6040','1','20051201','99','Tuitjenhorn',null,null,'229',null,null,null,null,null,null,null,null,'1','20051201','1',null,null,'1','true',null,'Gert','van','-',null,'Penderloo',null,null,null,null,null,null,null,null,null,null,null,null,null,null,null,null,null,null,null,'Gert_p40','van','-',null,'Penderloo','false','true','347','false','1','126044855','9342160161','20051201',null,null,'1','false','20051201');
INSERT INTO kern.pers (id,srt,datgeboorte,gemgeboorte,wplnaamgeboorte,blplaatsgeboorte,blregiogeboorte,landgebiedgeboorte,omslocgeboorte,datoverlijden,gemoverlijden,wplnaamoverlijden,blplaatsoverlijden,blregiooverlijden,landgebiedoverlijden,omslocoverlijden,naderebijhaard,datinschr,versienr,vorigebsn,volgendebsn,naamgebruik,indnaamgebruikafgeleid,predicaatnaamgebruik,voornamennaamgebruik,voorvoegselnaamgebruik,scheidingstekennaamgebruik,adellijketitelnaamgebruik,geslnaamstamnaamgebruik,gempk,indpkvollediggeconv,aandverblijfsr,srtmigratie,rdnwijzmigratie,aangmigratie,landgebiedmigratie,bladresregel1migratie,bladresregel2migratie,bladresregel3migratie,bladresregel4migratie,bladresregel5migratie,bladresregel6migratie,datmededelingverblijfsr,datvoorzeindeverblijfsr,inddeelneuverkiezingen,dataanlaanpdeelneuverkiezing,datvoorzeindeuitsleuverkiezi,predicaat,voornamen,voorvoegsel,scheidingsteken,adellijketitel,geslnaamstam,indnreeks,indafgeleid,bijhpartij,indonverwdocaanw,geslachtsaand,bsn,anr,tslaatstewijz,induitslkiesr,datvoorzeindeuitslkiesr,bijhaard,indonverwbijhvoorstelnieting,dattijdstempel) VALUES('6041','1','19680809','99','Tuitjenhorn',null,null,'229',null,null,null,null,null,null,null,null,'7','19680809','1',null,null,'1','true',null,'Gijs','de','-',null,'Bakker',null,null,null,null,null,null,null,null,null,null,null,null,null,null,null,null,null,null,null,'Gijs_p41','de','-',null,'Bakker','false','true','347','false','1','049169178','8250270497','19680809',null,null,'1','false','19680809');
INSERT INTO kern.pers (id,srt,datgeboorte,gemgeboorte,wplnaamgeboorte,blplaatsgeboorte,blregiogeboorte,landgebiedgeboorte,omslocgeboorte,datoverlijden,gemoverlijden,wplnaamoverlijden,blplaatsoverlijden,blregiooverlijden,landgebiedoverlijden,omslocoverlijden,naderebijhaard,datinschr,versienr,vorigebsn,volgendebsn,naamgebruik,indnaamgebruikafgeleid,predicaatnaamgebruik,voornamennaamgebruik,voorvoegselnaamgebruik,scheidingstekennaamgebruik,adellijketitelnaamgebruik,geslnaamstamnaamgebruik,gempk,indpkvollediggeconv,aandverblijfsr,srtmigratie,rdnwijzmigratie,aangmigratie,landgebiedmigratie,bladresregel1migratie,bladresregel2migratie,bladresregel3migratie,bladresregel4migratie,bladresregel5migratie,bladresregel6migratie,datmededelingverblijfsr,datvoorzeindeverblijfsr,inddeelneuverkiezingen,dataanlaanpdeelneuverkiezing,datvoorzeindeuitsleuverkiezi,predicaat,voornamen,voorvoegsel,scheidingsteken,adellijketitel,geslnaamstam,indnreeks,indafgeleid,bijhpartij,indonverwdocaanw,geslachtsaand,bsn,anr,tslaatstewijz,induitslkiesr,datvoorzeindeuitslkiesr,bijhaard,indonverwbijhvoorstelnieting,dattijdstempel) VALUES('6042','1','19580921','91','Wolsum',null,null,'229',null,null,null,null,null,null,null,null,'1','19580921','1',null,null,'1','true',null,'Guido',null,'-',null,'Karlson',null,null,null,null,null,null,null,null,null,null,null,null,null,null,null,null,null,null,null,'Guido_p42',null,'-',null,'Karlson','false','true','347','false','1','194937355','4782084641','19580921',null,null,'1','false','19580921');
INSERT INTO kern.pers (id,srt,datgeboorte,gemgeboorte,wplnaamgeboorte,blplaatsgeboorte,blregiogeboorte,landgebiedgeboorte,omslocgeboorte,datoverlijden,gemoverlijden,wplnaamoverlijden,blplaatsoverlijden,blregiooverlijden,landgebiedoverlijden,omslocoverlijden,naderebijhaard,datinschr,versienr,vorigebsn,volgendebsn,naamgebruik,indnaamgebruikafgeleid,predicaatnaamgebruik,voornamennaamgebruik,voorvoegselnaamgebruik,scheidingstekennaamgebruik,adellijketitelnaamgebruik,geslnaamstamnaamgebruik,gempk,indpkvollediggeconv,aandverblijfsr,srtmigratie,rdnwijzmigratie,aangmigratie,landgebiedmigratie,bladresregel1migratie,bladresregel2migratie,bladresregel3migratie,bladresregel4migratie,bladresregel5migratie,bladresregel6migratie,datmededelingverblijfsr,datvoorzeindeverblijfsr,inddeelneuverkiezingen,dataanlaanpdeelneuverkiezing,datvoorzeindeuitsleuverkiezi,predicaat,voornamen,voorvoegsel,scheidingsteken,adellijketitel,geslnaamstam,indnreeks,indafgeleid,bijhpartij,indonverwdocaanw,geslachtsaand,bsn,anr,tslaatstewijz,induitslkiesr,datvoorzeindeuitslkiesr,bijhaard,indonverwbijhvoorstelnieting,dattijdstempel) VALUES('6043','1','19951004','91','Wolsum',null,null,'229',null,null,null,null,null,null,null,null,'1','19951004','1',null,null,'1','true',null,'Annemieke','ter','-',null,'Nater',null,null,null,null,null,null,null,null,null,null,null,null,null,null,null,null,null,null,null,'Annemieke_p43','ter','-',null,'Nater','false','true','347','false','2','052848899','9823847201','19951004',null,null,'1','false','19951004');
INSERT INTO kern.pers (id,srt,datgeboorte,gemgeboorte,wplnaamgeboorte,blplaatsgeboorte,blregiogeboorte,landgebiedgeboorte,omslocgeboorte,datoverlijden,gemoverlijden,wplnaamoverlijden,blplaatsoverlijden,blregiooverlijden,landgebiedoverlijden,omslocoverlijden,naderebijhaard,datinschr,versienr,vorigebsn,volgendebsn,naamgebruik,indnaamgebruikafgeleid,predicaatnaamgebruik,voornamennaamgebruik,voorvoegselnaamgebruik,scheidingstekennaamgebruik,adellijketitelnaamgebruik,geslnaamstamnaamgebruik,gempk,indpkvollediggeconv,aandverblijfsr,srtmigratie,rdnwijzmigratie,aangmigratie,landgebiedmigratie,bladresregel1migratie,bladresregel2migratie,bladresregel3migratie,bladresregel4migratie,bladresregel5migratie,bladresregel6migratie,datmededelingverblijfsr,datvoorzeindeverblijfsr,inddeelneuverkiezingen,dataanlaanpdeelneuverkiezing,datvoorzeindeuitsleuverkiezi,predicaat,voornamen,voorvoegsel,scheidingsteken,adellijketitel,geslnaamstam,indnreeks,indafgeleid,bijhpartij,indonverwdocaanw,geslachtsaand,bsn,anr,tslaatstewijz,induitslkiesr,datvoorzeindeuitslkiesr,bijhaard,indonverwbijhvoorstelnieting,dattijdstempel) VALUES('6044','1','20051201','365','Hellendoorn',null,null,'229',null,null,null,null,null,null,null,null,'1','20051201','1',null,null,'1','true',null,'Maarten','van','-',null,'Hoog',null,null,null,null,null,null,null,null,null,null,null,null,null,null,null,null,null,null,null,'Maarten_p44','van','-',null,'Hoog','false','true','347','false','1','185201799','5278395169','20051201',null,null,'1','false','20051201');
INSERT INTO kern.pers (id,srt,datgeboorte,gemgeboorte,wplnaamgeboorte,blplaatsgeboorte,blregiogeboorte,landgebiedgeboorte,omslocgeboorte,datoverlijden,gemoverlijden,wplnaamoverlijden,blplaatsoverlijden,blregiooverlijden,landgebiedoverlijden,omslocoverlijden,naderebijhaard,datinschr,versienr,vorigebsn,volgendebsn,naamgebruik,indnaamgebruikafgeleid,predicaatnaamgebruik,voornamennaamgebruik,voorvoegselnaamgebruik,scheidingstekennaamgebruik,adellijketitelnaamgebruik,geslnaamstamnaamgebruik,gempk,indpkvollediggeconv,aandverblijfsr,srtmigratie,rdnwijzmigratie,aangmigratie,landgebiedmigratie,bladresregel1migratie,bladresregel2migratie,bladresregel3migratie,bladresregel4migratie,bladresregel5migratie,bladresregel6migratie,datmededelingverblijfsr,datvoorzeindeverblijfsr,inddeelneuverkiezingen,dataanlaanpdeelneuverkiezing,datvoorzeindeuitsleuverkiezi,predicaat,voornamen,voorvoegsel,scheidingsteken,adellijketitel,geslnaamstam,indnreeks,indafgeleid,bijhpartij,indonverwdocaanw,geslachtsaand,bsn,anr,tslaatstewijz,induitslkiesr,datvoorzeindeuitslkiesr,bijhaard,indonverwbijhvoorstelnieting,dattijdstempel) VALUES('6045','1','20050112','365','Hellendoorn',null,null,'229',null,null,null,null,null,null,null,null,'1','20050112','1',null,null,'1','true',null,'Marion','de','-',null,'Hoop',null,null,null,null,null,null,null,null,null,null,null,null,null,null,null,null,null,null,null,'Marion_p45','de','-',null,'Hoop','false','true','347','false','2','227108267','7951861025','20050112',null,null,'1','false','20050112');
INSERT INTO kern.pers (id,srt,datgeboorte,gemgeboorte,wplnaamgeboorte,blplaatsgeboorte,blregiogeboorte,landgebiedgeboorte,omslocgeboorte,datoverlijden,gemoverlijden,wplnaamoverlijden,blplaatsoverlijden,blregiooverlijden,landgebiedoverlijden,omslocoverlijden,naderebijhaard,datinschr,versienr,vorigebsn,volgendebsn,naamgebruik,indnaamgebruikafgeleid,predicaatnaamgebruik,voornamennaamgebruik,voorvoegselnaamgebruik,scheidingstekennaamgebruik,adellijketitelnaamgebruik,geslnaamstamnaamgebruik,gempk,indpkvollediggeconv,aandverblijfsr,srtmigratie,rdnwijzmigratie,aangmigratie,landgebiedmigratie,bladresregel1migratie,bladresregel2migratie,bladresregel3migratie,bladresregel4migratie,bladresregel5migratie,bladresregel6migratie,datmededelingverblijfsr,datvoorzeindeverblijfsr,inddeelneuverkiezingen,dataanlaanpdeelneuverkiezing,datvoorzeindeuitsleuverkiezi,predicaat,voornamen,voorvoegsel,scheidingsteken,adellijketitel,geslnaamstam,indnreeks,indafgeleid,bijhpartij,indonverwdocaanw,geslachtsaand,bsn,anr,tslaatstewijz,induitslkiesr,datvoorzeindeuitslkiesr,bijhaard,indonverwbijhvoorstelnieting,dattijdstempel) VALUES('6046','2','19900101',null,null,'Ouagadougou',null,'63',null,null,null,null,null,null,null,null,'1',null,null,null,null,null,null,null,null,null,null,null,null,null,null,null,null,null,null,null,null,null,null,null,null,null,null,null,null,null,null,null,'Dave_46',null,null,null,'Keita','false','false',null,null,'1',null,null,null,null,null,'1','false',null);

commit;


--------------------------------------------------
--- EIND
--- Sheet: (pers)
--- Handler: SheetHandlerImplSimpleInsert
--- Aantal: (46)
--------------------------------------------------
--------------------------------------------------
--- Sheet: (1) (ouders...) wordt overgeslagen
--------------------------------------------------
--------------------------------------------------
--- START
--- Sheet: (admhnd)
--- Handler: SheetHandlerImplSimpleInsert
--------------------------------------------------

begin;

INSERT INTO kern.admhnd (id,srt,partij,toelichtingontlening,tsreg) VALUES('6001','1','2000',null,'20100318');
INSERT INTO kern.admhnd (id,srt,partij,toelichtingontlening,tsreg) VALUES('6002','1','2000',null,'20100318');
INSERT INTO kern.admhnd (id,srt,partij,toelichtingontlening,tsreg) VALUES('6003','1','2000',null,'20100318');
INSERT INTO kern.admhnd (id,srt,partij,toelichtingontlening,tsreg) VALUES('6004','1','2000',null,'20100318');
INSERT INTO kern.admhnd (id,srt,partij,toelichtingontlening,tsreg) VALUES('6005','1','2000',null,'20100318');
INSERT INTO kern.admhnd (id,srt,partij,toelichtingontlening,tsreg) VALUES('6006','1','2000',null,'20100318');
INSERT INTO kern.admhnd (id,srt,partij,toelichtingontlening,tsreg) VALUES('6007','1','2000',null,'20100318');
INSERT INTO kern.admhnd (id,srt,partij,toelichtingontlening,tsreg) VALUES('6008','1','2000',null,'20100318');
INSERT INTO kern.admhnd (id,srt,partij,toelichtingontlening,tsreg) VALUES('6009','1','2000',null,'20100318');
INSERT INTO kern.admhnd (id,srt,partij,toelichtingontlening,tsreg) VALUES('6010','1','2000',null,'20100318');
INSERT INTO kern.admhnd (id,srt,partij,toelichtingontlening,tsreg) VALUES('6011','1','2000',null,'20100318');
INSERT INTO kern.admhnd (id,srt,partij,toelichtingontlening,tsreg) VALUES('6012','1','2000',null,'20100318');
INSERT INTO kern.admhnd (id,srt,partij,toelichtingontlening,tsreg) VALUES('6013','1','2000',null,'20100318');
INSERT INTO kern.admhnd (id,srt,partij,toelichtingontlening,tsreg) VALUES('6014','1','2000',null,'20100318');
INSERT INTO kern.admhnd (id,srt,partij,toelichtingontlening,tsreg) VALUES('6015','1','2000',null,'20100318');
INSERT INTO kern.admhnd (id,srt,partij,toelichtingontlening,tsreg) VALUES('6016','1','2000',null,'20100318');
INSERT INTO kern.admhnd (id,srt,partij,toelichtingontlening,tsreg) VALUES('6017','1','2000',null,'20100318');
INSERT INTO kern.admhnd (id,srt,partij,toelichtingontlening,tsreg) VALUES('6018','1','2000',null,'20100318');
INSERT INTO kern.admhnd (id,srt,partij,toelichtingontlening,tsreg) VALUES('6019','1','2000',null,'20100318');
INSERT INTO kern.admhnd (id,srt,partij,toelichtingontlening,tsreg) VALUES('6020','1','2000',null,'20100318');
INSERT INTO kern.admhnd (id,srt,partij,toelichtingontlening,tsreg) VALUES('6021','1','2000',null,'20100318');
INSERT INTO kern.admhnd (id,srt,partij,toelichtingontlening,tsreg) VALUES('6022','1','2000',null,'20100318');
INSERT INTO kern.admhnd (id,srt,partij,toelichtingontlening,tsreg) VALUES('6023','1','2000',null,'20100318');
INSERT INTO kern.admhnd (id,srt,partij,toelichtingontlening,tsreg) VALUES('6024','1','2000',null,'20100318');
INSERT INTO kern.admhnd (id,srt,partij,toelichtingontlening,tsreg) VALUES('6025','1','2000',null,'20100318');
INSERT INTO kern.admhnd (id,srt,partij,toelichtingontlening,tsreg) VALUES('6026','1','2000',null,'20100318');
INSERT INTO kern.admhnd (id,srt,partij,toelichtingontlening,tsreg) VALUES('6027','1','2000',null,'20100318');
INSERT INTO kern.admhnd (id,srt,partij,toelichtingontlening,tsreg) VALUES('6028','1','2000',null,'20100318');
INSERT INTO kern.admhnd (id,srt,partij,toelichtingontlening,tsreg) VALUES('6029','1','2000',null,'20100318');
INSERT INTO kern.admhnd (id,srt,partij,toelichtingontlening,tsreg) VALUES('6030','1','2000',null,'20100318');
INSERT INTO kern.admhnd (id,srt,partij,toelichtingontlening,tsreg) VALUES('6031','1','2000',null,'20100318');
INSERT INTO kern.admhnd (id,srt,partij,toelichtingontlening,tsreg) VALUES('6032','1','2000',null,'20100318');
INSERT INTO kern.admhnd (id,srt,partij,toelichtingontlening,tsreg) VALUES('6033','1','2000',null,'20100318');
INSERT INTO kern.admhnd (id,srt,partij,toelichtingontlening,tsreg) VALUES('6034','1','2000',null,'20100318');
INSERT INTO kern.admhnd (id,srt,partij,toelichtingontlening,tsreg) VALUES('6035','1','2000',null,'20100318');
INSERT INTO kern.admhnd (id,srt,partij,toelichtingontlening,tsreg) VALUES('6036','1','2000',null,'20100318');
INSERT INTO kern.admhnd (id,srt,partij,toelichtingontlening,tsreg) VALUES('6037','1','2000',null,'20100318');
INSERT INTO kern.admhnd (id,srt,partij,toelichtingontlening,tsreg) VALUES('6038','1','2000',null,'20100318');
INSERT INTO kern.admhnd (id,srt,partij,toelichtingontlening,tsreg) VALUES('6039','1','2000',null,'20100318');
INSERT INTO kern.admhnd (id,srt,partij,toelichtingontlening,tsreg) VALUES('6040','1','2000',null,'20100318');
INSERT INTO kern.admhnd (id,srt,partij,toelichtingontlening,tsreg) VALUES('6041','1','2000',null,'20100318');
INSERT INTO kern.admhnd (id,srt,partij,toelichtingontlening,tsreg) VALUES('6042','1','2000',null,'20100318');
INSERT INTO kern.admhnd (id,srt,partij,toelichtingontlening,tsreg) VALUES('6043','1','2000',null,'20100318');
INSERT INTO kern.admhnd (id,srt,partij,toelichtingontlening,tsreg) VALUES('6044','1','2000',null,'20100318');
INSERT INTO kern.admhnd (id,srt,partij,toelichtingontlening,tsreg) VALUES('6045','1','2000',null,'20100318');
INSERT INTO kern.admhnd (id,srt,partij,toelichtingontlening,tsreg) VALUES('6046','1','2000',null,'20100318');
INSERT INTO kern.admhnd (id,srt,partij,toelichtingontlening,tsreg) VALUES('6047','1','2000',null,'20100318');
INSERT INTO kern.admhnd (id,srt,partij,toelichtingontlening,tsreg) VALUES('6048','1','2000',null,'20100318');
INSERT INTO kern.admhnd (id,srt,partij,toelichtingontlening,tsreg) VALUES('6500','1','2000',null,'20100318');
INSERT INTO kern.admhnd (id,srt,partij,toelichtingontlening,tsreg) VALUES('6501','22','2000',null,'20100318');
INSERT INTO kern.admhnd (id,srt,partij,toelichtingontlening,tsreg) VALUES('6502','22','2000',null,'20100318');
INSERT INTO kern.admhnd (id,srt,partij,toelichtingontlening,tsreg) VALUES('6503','22','2000',null,'20100318');
INSERT INTO kern.admhnd (id,srt,partij,toelichtingontlening,tsreg) VALUES('6504','22','2000',null,'20100318');
INSERT INTO kern.admhnd (id,srt,partij,toelichtingontlening,tsreg) VALUES('6505','22','2000',null,'20100318');
INSERT INTO kern.admhnd (id,srt,partij,toelichtingontlening,tsreg) VALUES('6506','35','2000',null,'20100318');
INSERT INTO kern.admhnd (id,srt,partij,toelichtingontlening,tsreg) VALUES('6624','1','2000',null,'20100318');
INSERT INTO kern.admhnd (id,srt,partij,toelichtingontlening,tsreg) VALUES('6625','66','2000',null,'20100318');
INSERT INTO kern.admhnd (id,srt,partij,toelichtingontlening,tsreg) VALUES('6626','1','2000',null,'20100318');
INSERT INTO kern.admhnd (id,srt,partij,toelichtingontlening,tsreg) VALUES('6627','1','2000',null,'20100318');
INSERT INTO kern.admhnd (id,srt,partij,toelichtingontlening,tsreg) VALUES('6628','6','2000',null,'20100318');
INSERT INTO kern.admhnd (id,srt,partij,toelichtingontlening,tsreg) VALUES('6629','37','2000',null,'20100318');
INSERT INTO kern.admhnd (id,srt,partij,toelichtingontlening,tsreg) VALUES('6630','22','2000',null,'20100318');
INSERT INTO kern.admhnd (id,srt,partij,toelichtingontlening,tsreg) VALUES('6631','22','2000',null,'20100318');
INSERT INTO kern.admhnd (id,srt,partij,toelichtingontlening,tsreg) VALUES('6632','22','2000',null,'20100318');
INSERT INTO kern.admhnd (id,srt,partij,toelichtingontlening,tsreg) VALUES('6633','22','2000',null,'20100318');
INSERT INTO kern.admhnd (id,srt,partij,toelichtingontlening,tsreg) VALUES('6634','1','2000',null,'20100318');
INSERT INTO kern.admhnd (id,srt,partij,toelichtingontlening,tsreg) VALUES('6635','1','2000',null,'20100318');
INSERT INTO kern.admhnd (id,srt,partij,toelichtingontlening,tsreg) VALUES('6636','1','2000',null,'20100318');
INSERT INTO kern.admhnd (id,srt,partij,toelichtingontlening,tsreg) VALUES('6637','22','2000',null,'20100318');
INSERT INTO kern.admhnd (id,srt,partij,toelichtingontlening,tsreg) VALUES('6638','1','2000',null,'20100318');
INSERT INTO kern.admhnd (id,srt,partij,toelichtingontlening,tsreg) VALUES('6639','64','2000',null,'20100318');
INSERT INTO kern.admhnd (id,srt,partij,toelichtingontlening,tsreg) VALUES('6640','64','2000',null,'20100318');
INSERT INTO kern.admhnd (id,srt,partij,toelichtingontlening,tsreg) VALUES('6641','66','2000',null,'20100318');
INSERT INTO kern.admhnd (id,srt,partij,toelichtingontlening,tsreg) VALUES('6642','63','2000',null,'20100318');
INSERT INTO kern.admhnd (id,srt,partij,toelichtingontlening,tsreg) VALUES('6643','64','2000',null,'20100318');
INSERT INTO kern.admhnd (id,srt,partij,toelichtingontlening,tsreg) VALUES('6644','35','2000',null,'20100318');
INSERT INTO kern.admhnd (id,srt,partij,toelichtingontlening,tsreg) VALUES('7000','30','2000',null,'20100318');
INSERT INTO kern.admhnd (id,srt,partij,toelichtingontlening,tsreg) VALUES('6999','30','2000',null,'20100318');
INSERT INTO kern.admhnd (id,srt,partij,toelichtingontlening,tsreg) VALUES('6998','30','2000',null,'20100318');
INSERT INTO kern.admhnd (id,srt,partij,toelichtingontlening,tsreg) VALUES('6997','30','2000',null,'20100318');
INSERT INTO kern.admhnd (id,srt,partij,toelichtingontlening,tsreg) VALUES('6996','30','2000',null,'20100318');
INSERT INTO kern.admhnd (id,srt,partij,toelichtingontlening,tsreg) VALUES('6995','30','2000',null,'20100318');
INSERT INTO kern.admhnd (id,srt,partij,toelichtingontlening,tsreg) VALUES('6994','30','2000',null,'20100318');
INSERT INTO kern.admhnd (id,srt,partij,toelichtingontlening,tsreg) VALUES('6993','30','2000',null,'20100318');
INSERT INTO kern.admhnd (id,srt,partij,toelichtingontlening,tsreg) VALUES('6992','30','2000',null,'20100318');
INSERT INTO kern.admhnd (id,srt,partij,toelichtingontlening,tsreg) VALUES('6991','30','2000',null,'20100318');
INSERT INTO kern.admhnd (id,srt,partij,toelichtingontlening,tsreg) VALUES('6990','30','2000',null,'20100318');
INSERT INTO kern.admhnd (id,srt,partij,toelichtingontlening,tsreg) VALUES('6989','30','2000',null,'20100318');
INSERT INTO kern.admhnd (id,srt,partij,toelichtingontlening,tsreg) VALUES('6988','30','2000',null,'20100318');
INSERT INTO kern.admhnd (id,srt,partij,toelichtingontlening,tsreg) VALUES('6987','30','2000',null,'20100318');
INSERT INTO kern.admhnd (id,srt,partij,toelichtingontlening,tsreg) VALUES('6986','30','2000',null,'20100318');
INSERT INTO kern.admhnd (id,srt,partij,toelichtingontlening,tsreg) VALUES('6985','30','2000',null,'20100318');
INSERT INTO kern.admhnd (id,srt,partij,toelichtingontlening,tsreg) VALUES('6984','30','2000',null,'20100318');
INSERT INTO kern.admhnd (id,srt,partij,toelichtingontlening,tsreg) VALUES('6983','30','2000',null,'20100318');
INSERT INTO kern.admhnd (id,srt,partij,toelichtingontlening,tsreg) VALUES('6982','30','2000',null,'20100318');
INSERT INTO kern.admhnd (id,srt,partij,toelichtingontlening,tsreg) VALUES('6981','30','2000',null,'20100318');
INSERT INTO kern.admhnd (id,srt,partij,toelichtingontlening,tsreg) VALUES('6980','30','2000',null,'20100318');
INSERT INTO kern.admhnd (id,srt,partij,toelichtingontlening,tsreg) VALUES('6979','30','2000',null,'20100318');
INSERT INTO kern.admhnd (id,srt,partij,toelichtingontlening,tsreg) VALUES('6978','30','2000',null,'20100318');
INSERT INTO kern.admhnd (id,srt,partij,toelichtingontlening,tsreg) VALUES('6977','30','2000',null,'20100318');
INSERT INTO kern.admhnd (id,srt,partij,toelichtingontlening,tsreg) VALUES('6976','30','2000',null,'20100318');
INSERT INTO kern.admhnd (id,srt,partij,toelichtingontlening,tsreg) VALUES('6975','30','2000',null,'20100318');
INSERT INTO kern.admhnd (id,srt,partij,toelichtingontlening,tsreg) VALUES('6974','30','2000',null,'20100318');
INSERT INTO kern.admhnd (id,srt,partij,toelichtingontlening,tsreg) VALUES('6973','30','2000',null,'20100318');
INSERT INTO kern.admhnd (id,srt,partij,toelichtingontlening,tsreg) VALUES('6972','30','2000',null,'20100318');
INSERT INTO kern.admhnd (id,srt,partij,toelichtingontlening,tsreg) VALUES('6971','30','2000',null,'20100318');
INSERT INTO kern.admhnd (id,srt,partij,toelichtingontlening,tsreg) VALUES('6970','30','2000',null,'20100318');
INSERT INTO kern.admhnd (id,srt,partij,toelichtingontlening,tsreg) VALUES('6969','30','2000',null,'20100318');
INSERT INTO kern.admhnd (id,srt,partij,toelichtingontlening,tsreg) VALUES('6968','30','2000',null,'20100318');
INSERT INTO kern.admhnd (id,srt,partij,toelichtingontlening,tsreg) VALUES('6967','30','2000',null,'20100318');
INSERT INTO kern.admhnd (id,srt,partij,toelichtingontlening,tsreg) VALUES('6966','30','2000',null,'20100318');
INSERT INTO kern.admhnd (id,srt,partij,toelichtingontlening,tsreg) VALUES('6965','30','2000',null,'20100318');
INSERT INTO kern.admhnd (id,srt,partij,toelichtingontlening,tsreg) VALUES('6964','30','2000',null,'20100318');
INSERT INTO kern.admhnd (id,srt,partij,toelichtingontlening,tsreg) VALUES('6963','30','2000',null,'20100318');
INSERT INTO kern.admhnd (id,srt,partij,toelichtingontlening,tsreg) VALUES('6962','30','2000',null,'20100318');
INSERT INTO kern.admhnd (id,srt,partij,toelichtingontlening,tsreg) VALUES('6961','30','2000',null,'20100318');
INSERT INTO kern.admhnd (id,srt,partij,toelichtingontlening,tsreg) VALUES('6960','30','2000',null,'20100318');
INSERT INTO kern.admhnd (id,srt,partij,toelichtingontlening,tsreg) VALUES('6959','30','2000',null,'20100318');
INSERT INTO kern.admhnd (id,srt,partij,toelichtingontlening,tsreg) VALUES('6958','30','2000',null,'20100318');
INSERT INTO kern.admhnd (id,srt,partij,toelichtingontlening,tsreg) VALUES('6957','30','2000',null,'20100318');
INSERT INTO kern.admhnd (id,srt,partij,toelichtingontlening,tsreg) VALUES('6956','30','2000',null,'20100318');
INSERT INTO kern.admhnd (id,srt,partij,toelichtingontlening,tsreg) VALUES('6955','30','2000',null,'20100318');
INSERT INTO kern.admhnd (id,srt,partij,toelichtingontlening,tsreg) VALUES('6954','30','2000',null,'20100318');
INSERT INTO kern.admhnd (id,srt,partij,toelichtingontlening,tsreg) VALUES('6953','30','2000',null,'20100318');
INSERT INTO kern.admhnd (id,srt,partij,toelichtingontlening,tsreg) VALUES('6952','30','2000',null,'20100318');
INSERT INTO kern.admhnd (id,srt,partij,toelichtingontlening,tsreg) VALUES('6951','30','2000',null,'20100318');
INSERT INTO kern.admhnd (id,srt,partij,toelichtingontlening,tsreg) VALUES('6950','30','2000',null,'20100318');
INSERT INTO kern.admhnd (id,srt,partij,toelichtingontlening,tsreg) VALUES('6949','30','2000',null,'20100318');
INSERT INTO kern.admhnd (id,srt,partij,toelichtingontlening,tsreg) VALUES('6948','30','2000',null,'20100318');
INSERT INTO kern.admhnd (id,srt,partij,toelichtingontlening,tsreg) VALUES('6947','30','2000',null,'20100318');
INSERT INTO kern.admhnd (id,srt,partij,toelichtingontlening,tsreg) VALUES('6946','30','2000',null,'20100318');
INSERT INTO kern.admhnd (id,srt,partij,toelichtingontlening,tsreg) VALUES('6945','30','2000',null,'20100318');
INSERT INTO kern.admhnd (id,srt,partij,toelichtingontlening,tsreg) VALUES('6944','30','2000',null,'20100318');
INSERT INTO kern.admhnd (id,srt,partij,toelichtingontlening,tsreg) VALUES('6943','30','2000',null,'20100318');
INSERT INTO kern.admhnd (id,srt,partij,toelichtingontlening,tsreg) VALUES('6942','30','2000',null,'20100318');
INSERT INTO kern.admhnd (id,srt,partij,toelichtingontlening,tsreg) VALUES('6941','30','2000',null,'20100318');
INSERT INTO kern.admhnd (id,srt,partij,toelichtingontlening,tsreg) VALUES('6940','30','2000',null,'20100318');
INSERT INTO kern.admhnd (id,srt,partij,toelichtingontlening,tsreg) VALUES('6939','30','2000',null,'20100318');
INSERT INTO kern.admhnd (id,srt,partij,toelichtingontlening,tsreg) VALUES('6938','30','2000',null,'20100318');
INSERT INTO kern.admhnd (id,srt,partij,toelichtingontlening,tsreg) VALUES('6937','30','2000',null,'20100318');
INSERT INTO kern.admhnd (id,srt,partij,toelichtingontlening,tsreg) VALUES('6936','30','2000',null,'20100318');
INSERT INTO kern.admhnd (id,srt,partij,toelichtingontlening,tsreg) VALUES('6935','30','2000',null,'20100318');
INSERT INTO kern.admhnd (id,srt,partij,toelichtingontlening,tsreg) VALUES('6934','30','2000',null,'20100318');
INSERT INTO kern.admhnd (id,srt,partij,toelichtingontlening,tsreg) VALUES('6933','30','2000',null,'20100318');
INSERT INTO kern.admhnd (id,srt,partij,toelichtingontlening,tsreg) VALUES('6932','30','2000',null,'20100318');
INSERT INTO kern.admhnd (id,srt,partij,toelichtingontlening,tsreg) VALUES('6931','30','2000',null,'20100318');
INSERT INTO kern.admhnd (id,srt,partij,toelichtingontlening,tsreg) VALUES('6930','30','2000',null,'20100318');
INSERT INTO kern.admhnd (id,srt,partij,toelichtingontlening,tsreg) VALUES('6929','30','2000',null,'20100318');
INSERT INTO kern.admhnd (id,srt,partij,toelichtingontlening,tsreg) VALUES('6928','30','2000',null,'20100318');
INSERT INTO kern.admhnd (id,srt,partij,toelichtingontlening,tsreg) VALUES('6927','30','2000',null,'20100318');
INSERT INTO kern.admhnd (id,srt,partij,toelichtingontlening,tsreg) VALUES('6926','30','2000',null,'20100318');
INSERT INTO kern.admhnd (id,srt,partij,toelichtingontlening,tsreg) VALUES('6925','30','2000',null,'20100318');
INSERT INTO kern.admhnd (id,srt,partij,toelichtingontlening,tsreg) VALUES('6924','30','2000',null,'20100318');
INSERT INTO kern.admhnd (id,srt,partij,toelichtingontlening,tsreg) VALUES('6923','30','2000',null,'20100318');
INSERT INTO kern.admhnd (id,srt,partij,toelichtingontlening,tsreg) VALUES('6922','30','2000',null,'20100318');
INSERT INTO kern.admhnd (id,srt,partij,toelichtingontlening,tsreg) VALUES('6921','30','2000',null,'20100318');
INSERT INTO kern.admhnd (id,srt,partij,toelichtingontlening,tsreg) VALUES('6920','30','2000',null,'20100318');
INSERT INTO kern.admhnd (id,srt,partij,toelichtingontlening,tsreg) VALUES('6919','30','2000',null,'20100318');
INSERT INTO kern.admhnd (id,srt,partij,toelichtingontlening,tsreg) VALUES('6918','30','2000',null,'20100318');
INSERT INTO kern.admhnd (id,srt,partij,toelichtingontlening,tsreg) VALUES('6917','30','2000',null,'20100318');
INSERT INTO kern.admhnd (id,srt,partij,toelichtingontlening,tsreg) VALUES('6916','30','2000',null,'20100318');
INSERT INTO kern.admhnd (id,srt,partij,toelichtingontlening,tsreg) VALUES('6915','30','2000',null,'20100318');
INSERT INTO kern.admhnd (id,srt,partij,toelichtingontlening,tsreg) VALUES('6914','30','2000',null,'20100318');
INSERT INTO kern.admhnd (id,srt,partij,toelichtingontlening,tsreg) VALUES('6913','30','2000',null,'20100318');
INSERT INTO kern.admhnd (id,srt,partij,toelichtingontlening,tsreg) VALUES('6912','30','2000',null,'20100318');
INSERT INTO kern.admhnd (id,srt,partij,toelichtingontlening,tsreg) VALUES('6911','30','2000',null,'20100318');
INSERT INTO kern.admhnd (id,srt,partij,toelichtingontlening,tsreg) VALUES('6910','30','2000',null,'20100318');
INSERT INTO kern.admhnd (id,srt,partij,toelichtingontlening,tsreg) VALUES('6909','30','2000',null,'20100318');
INSERT INTO kern.admhnd (id,srt,partij,toelichtingontlening,tsreg) VALUES('6908','30','2000',null,'20100318');
INSERT INTO kern.admhnd (id,srt,partij,toelichtingontlening,tsreg) VALUES('6907','30','2000',null,'20100318');
INSERT INTO kern.admhnd (id,srt,partij,toelichtingontlening,tsreg) VALUES('6906','30','2000',null,'20100318');
INSERT INTO kern.admhnd (id,srt,partij,toelichtingontlening,tsreg) VALUES('6905','30','2000',null,'20100318');
INSERT INTO kern.admhnd (id,srt,partij,toelichtingontlening,tsreg) VALUES('6904','30','2000',null,'20100318');
INSERT INTO kern.admhnd (id,srt,partij,toelichtingontlening,tsreg) VALUES('6903','30','2000',null,'20100318');
INSERT INTO kern.admhnd (id,srt,partij,toelichtingontlening,tsreg) VALUES('6902','30','2000',null,'20100318');
INSERT INTO kern.admhnd (id,srt,partij,toelichtingontlening,tsreg) VALUES('6901','30','2000',null,'20100318');
INSERT INTO kern.admhnd (id,srt,partij,toelichtingontlening,tsreg) VALUES('6900','30','2000',null,'20100318');
INSERT INTO kern.admhnd (id,srt,partij,toelichtingontlening,tsreg) VALUES('6899','30','2000',null,'20100318');
INSERT INTO kern.admhnd (id,srt,partij,toelichtingontlening,tsreg) VALUES('6898','30','2000',null,'20100318');
INSERT INTO kern.admhnd (id,srt,partij,toelichtingontlening,tsreg) VALUES('6897','30','2000',null,'20100318');
INSERT INTO kern.admhnd (id,srt,partij,toelichtingontlening,tsreg) VALUES('6896','30','2000',null,'20100318');
INSERT INTO kern.admhnd (id,srt,partij,toelichtingontlening,tsreg) VALUES('6895','30','2000',null,'20100318');
INSERT INTO kern.admhnd (id,srt,partij,toelichtingontlening,tsreg) VALUES('6894','30','2000',null,'20100318');
INSERT INTO kern.admhnd (id,srt,partij,toelichtingontlening,tsreg) VALUES('6893','30','2000',null,'20100318');
INSERT INTO kern.admhnd (id,srt,partij,toelichtingontlening,tsreg) VALUES('6892','30','2000',null,'20100318');
INSERT INTO kern.admhnd (id,srt,partij,toelichtingontlening,tsreg) VALUES('6891','30','2000',null,'20100318');
INSERT INTO kern.admhnd (id,srt,partij,toelichtingontlening,tsreg) VALUES('6890','30','2000',null,'20100318');
INSERT INTO kern.admhnd (id,srt,partij,toelichtingontlening,tsreg) VALUES('6889','30','2000',null,'20100318');
INSERT INTO kern.admhnd (id,srt,partij,toelichtingontlening,tsreg) VALUES('6888','30','2000',null,'20100318');
INSERT INTO kern.admhnd (id,srt,partij,toelichtingontlening,tsreg) VALUES('6887','30','2000',null,'20100318');
INSERT INTO kern.admhnd (id,srt,partij,toelichtingontlening,tsreg) VALUES('6886','30','2000',null,'20100318');
INSERT INTO kern.admhnd (id,srt,partij,toelichtingontlening,tsreg) VALUES('6885','30','2000',null,'20100318');
INSERT INTO kern.admhnd (id,srt,partij,toelichtingontlening,tsreg) VALUES('6884','30','2000',null,'20100318');
INSERT INTO kern.admhnd (id,srt,partij,toelichtingontlening,tsreg) VALUES('6883','30','2000',null,'20100318');
INSERT INTO kern.admhnd (id,srt,partij,toelichtingontlening,tsreg) VALUES('6882','30','2000',null,'20100318');
INSERT INTO kern.admhnd (id,srt,partij,toelichtingontlening,tsreg) VALUES('6881','30','2000',null,'20100318');
INSERT INTO kern.admhnd (id,srt,partij,toelichtingontlening,tsreg) VALUES('6880','30','2000',null,'20100318');
INSERT INTO kern.admhnd (id,srt,partij,toelichtingontlening,tsreg) VALUES('6879','30','2000',null,'20100318');
INSERT INTO kern.admhnd (id,srt,partij,toelichtingontlening,tsreg) VALUES('6878','30','2000',null,'20100318');
INSERT INTO kern.admhnd (id,srt,partij,toelichtingontlening,tsreg) VALUES('6877','30','2000',null,'20100318');
INSERT INTO kern.admhnd (id,srt,partij,toelichtingontlening,tsreg) VALUES('6876','30','2000',null,'20100318');
INSERT INTO kern.admhnd (id,srt,partij,toelichtingontlening,tsreg) VALUES('6875','30','2000',null,'20100318');
INSERT INTO kern.admhnd (id,srt,partij,toelichtingontlening,tsreg) VALUES('6874','30','2000',null,'20100318');
INSERT INTO kern.admhnd (id,srt,partij,toelichtingontlening,tsreg) VALUES('6873','30','2000',null,'20100318');
INSERT INTO kern.admhnd (id,srt,partij,toelichtingontlening,tsreg) VALUES('6872','30','2000',null,'20100318');
INSERT INTO kern.admhnd (id,srt,partij,toelichtingontlening,tsreg) VALUES('6871','30','2000',null,'20100318');
INSERT INTO kern.admhnd (id,srt,partij,toelichtingontlening,tsreg) VALUES('6870','30','2000',null,'20100318');
INSERT INTO kern.admhnd (id,srt,partij,toelichtingontlening,tsreg) VALUES('6869','30','2000',null,'20100318');
INSERT INTO kern.admhnd (id,srt,partij,toelichtingontlening,tsreg) VALUES('6868','30','2000',null,'20100318');
INSERT INTO kern.admhnd (id,srt,partij,toelichtingontlening,tsreg) VALUES('6867','30','2000',null,'20100318');
INSERT INTO kern.admhnd (id,srt,partij,toelichtingontlening,tsreg) VALUES('6866','30','2000',null,'20100318');
INSERT INTO kern.admhnd (id,srt,partij,toelichtingontlening,tsreg) VALUES('6865','30','2000',null,'20100318');
INSERT INTO kern.admhnd (id,srt,partij,toelichtingontlening,tsreg) VALUES('6864','30','2000',null,'20100318');
INSERT INTO kern.admhnd (id,srt,partij,toelichtingontlening,tsreg) VALUES('6863','30','2000',null,'20100318');
INSERT INTO kern.admhnd (id,srt,partij,toelichtingontlening,tsreg) VALUES('6862','30','2000',null,'20100318');
INSERT INTO kern.admhnd (id,srt,partij,toelichtingontlening,tsreg) VALUES('6861','30','2000',null,'20100318');
INSERT INTO kern.admhnd (id,srt,partij,toelichtingontlening,tsreg) VALUES('6860','30','2000',null,'20100318');
INSERT INTO kern.admhnd (id,srt,partij,toelichtingontlening,tsreg) VALUES('6859','30','2000',null,'20100318');
INSERT INTO kern.admhnd (id,srt,partij,toelichtingontlening,tsreg) VALUES('6858','30','2000',null,'20100318');
INSERT INTO kern.admhnd (id,srt,partij,toelichtingontlening,tsreg) VALUES('6857','30','2000',null,'20100318');
INSERT INTO kern.admhnd (id,srt,partij,toelichtingontlening,tsreg) VALUES('6856','30','2000',null,'20100318');
INSERT INTO kern.admhnd (id,srt,partij,toelichtingontlening,tsreg) VALUES('6855','30','2000',null,'20100318');
INSERT INTO kern.admhnd (id,srt,partij,toelichtingontlening,tsreg) VALUES('6854','30','2000',null,'20100318');
INSERT INTO kern.admhnd (id,srt,partij,toelichtingontlening,tsreg) VALUES('6853','30','2000',null,'20100318');
INSERT INTO kern.admhnd (id,srt,partij,toelichtingontlening,tsreg) VALUES('6852','30','2000',null,'20100318');
INSERT INTO kern.admhnd (id,srt,partij,toelichtingontlening,tsreg) VALUES('6851','30','2000',null,'20100318');
INSERT INTO kern.admhnd (id,srt,partij,toelichtingontlening,tsreg) VALUES('6850','30','2000',null,'20100318');
INSERT INTO kern.admhnd (id,srt,partij,toelichtingontlening,tsreg) VALUES('6849','30','2000',null,'20100318');
INSERT INTO kern.admhnd (id,srt,partij,toelichtingontlening,tsreg) VALUES('6848','30','2000',null,'20100318');
INSERT INTO kern.admhnd (id,srt,partij,toelichtingontlening,tsreg) VALUES('6847','30','2000',null,'20100318');
INSERT INTO kern.admhnd (id,srt,partij,toelichtingontlening,tsreg) VALUES('6846','30','2000',null,'20100318');
INSERT INTO kern.admhnd (id,srt,partij,toelichtingontlening,tsreg) VALUES('6845','30','2000',null,'20100318');
INSERT INTO kern.admhnd (id,srt,partij,toelichtingontlening,tsreg) VALUES('6844','30','2000',null,'20100318');
INSERT INTO kern.admhnd (id,srt,partij,toelichtingontlening,tsreg) VALUES('6843','30','2000',null,'20100318');
INSERT INTO kern.admhnd (id,srt,partij,toelichtingontlening,tsreg) VALUES('6842','30','2000',null,'20100318');
INSERT INTO kern.admhnd (id,srt,partij,toelichtingontlening,tsreg) VALUES('6841','30','2000',null,'20100318');
INSERT INTO kern.admhnd (id,srt,partij,toelichtingontlening,tsreg) VALUES('6840','30','2000',null,'20100318');
INSERT INTO kern.admhnd (id,srt,partij,toelichtingontlening,tsreg) VALUES('6839','30','2000',null,'20100318');
INSERT INTO kern.admhnd (id,srt,partij,toelichtingontlening,tsreg) VALUES('6838','30','2000',null,'20100318');
INSERT INTO kern.admhnd (id,srt,partij,toelichtingontlening,tsreg) VALUES('6837','30','2000',null,'20100318');
INSERT INTO kern.admhnd (id,srt,partij,toelichtingontlening,tsreg) VALUES('6836','30','2000',null,'20100318');
INSERT INTO kern.admhnd (id,srt,partij,toelichtingontlening,tsreg) VALUES('6835','30','2000',null,'20100318');
INSERT INTO kern.admhnd (id,srt,partij,toelichtingontlening,tsreg) VALUES('6834','30','2000',null,'20100318');
INSERT INTO kern.admhnd (id,srt,partij,toelichtingontlening,tsreg) VALUES('6833','30','2000',null,'20100318');
INSERT INTO kern.admhnd (id,srt,partij,toelichtingontlening,tsreg) VALUES('6832','30','2000',null,'20100318');
INSERT INTO kern.admhnd (id,srt,partij,toelichtingontlening,tsreg) VALUES('6831','30','2000',null,'20100318');
INSERT INTO kern.admhnd (id,srt,partij,toelichtingontlening,tsreg) VALUES('6830','30','2000',null,'20100318');
INSERT INTO kern.admhnd (id,srt,partij,toelichtingontlening,tsreg) VALUES('6829','30','2000',null,'20100318');
INSERT INTO kern.admhnd (id,srt,partij,toelichtingontlening,tsreg) VALUES('6828','30','2000',null,'20100318');
INSERT INTO kern.admhnd (id,srt,partij,toelichtingontlening,tsreg) VALUES('6827','30','2000',null,'20100318');
INSERT INTO kern.admhnd (id,srt,partij,toelichtingontlening,tsreg) VALUES('6826','30','2000',null,'20100318');
INSERT INTO kern.admhnd (id,srt,partij,toelichtingontlening,tsreg) VALUES('6825','30','2000',null,'20100318');
INSERT INTO kern.admhnd (id,srt,partij,toelichtingontlening,tsreg) VALUES('6824','30','2000',null,'20100318');
INSERT INTO kern.admhnd (id,srt,partij,toelichtingontlening,tsreg) VALUES('6823','30','2000',null,'20100318');
INSERT INTO kern.admhnd (id,srt,partij,toelichtingontlening,tsreg) VALUES('6822','30','2000',null,'20100318');
INSERT INTO kern.admhnd (id,srt,partij,toelichtingontlening,tsreg) VALUES('6821','30','2000',null,'20100318');
INSERT INTO kern.admhnd (id,srt,partij,toelichtingontlening,tsreg) VALUES('6820','30','2000',null,'20100318');
INSERT INTO kern.admhnd (id,srt,partij,toelichtingontlening,tsreg) VALUES('6819','30','2000',null,'20100318');
INSERT INTO kern.admhnd (id,srt,partij,toelichtingontlening,tsreg) VALUES('6818','30','2000',null,'20100318');
INSERT INTO kern.admhnd (id,srt,partij,toelichtingontlening,tsreg) VALUES('6817','30','2000',null,'20100318');
INSERT INTO kern.admhnd (id,srt,partij,toelichtingontlening,tsreg) VALUES('6816','30','2000',null,'20100318');
INSERT INTO kern.admhnd (id,srt,partij,toelichtingontlening,tsreg) VALUES('6815','30','2000',null,'20100318');
INSERT INTO kern.admhnd (id,srt,partij,toelichtingontlening,tsreg) VALUES('6814','30','2000',null,'20100318');
INSERT INTO kern.admhnd (id,srt,partij,toelichtingontlening,tsreg) VALUES('6813','30','2000',null,'20100318');
INSERT INTO kern.admhnd (id,srt,partij,toelichtingontlening,tsreg) VALUES('6812','30','2000',null,'20100318');
INSERT INTO kern.admhnd (id,srt,partij,toelichtingontlening,tsreg) VALUES('6811','26','2000',null,'20100318');

commit;


--------------------------------------------------
--- EIND
--- Sheet: (admhnd)
--- Handler: SheetHandlerImplSimpleInsert
--- Aantal: (266)
--------------------------------------------------
--------------------------------------------------
--- START
--- Sheet: (brp_actie)
--- Handler: SheetHandlerImplSimpleInsert
--------------------------------------------------

begin;

INSERT INTO kern.actie (id,srt,admhnd,partij,tsreg) VALUES('6001','1','6001','2000','19811002');
INSERT INTO kern.actie (id,srt,admhnd,partij,tsreg) VALUES('6002','1','6002','2000','19820528');
INSERT INTO kern.actie (id,srt,admhnd,partij,tsreg) VALUES('6003','1','6003','2000','19660302');
INSERT INTO kern.actie (id,srt,admhnd,partij,tsreg) VALUES('6004','1','6004','2000','19691227');
INSERT INTO kern.actie (id,srt,admhnd,partij,tsreg) VALUES('6005','1','6005','2000','19710717');
INSERT INTO kern.actie (id,srt,admhnd,partij,tsreg) VALUES('6006','1','6006','2000','19720928');
INSERT INTO kern.actie (id,srt,admhnd,partij,tsreg) VALUES('6007','1','6007','2000','19800616');
INSERT INTO kern.actie (id,srt,admhnd,partij,tsreg) VALUES('6008','1','6008','2000','19810418');
INSERT INTO kern.actie (id,srt,admhnd,partij,tsreg) VALUES('6009','1','6009','2000','20031226');
INSERT INTO kern.actie (id,srt,admhnd,partij,tsreg) VALUES('6010','1','6010','2000','19691231');
INSERT INTO kern.actie (id,srt,admhnd,partij,tsreg) VALUES('6011','1','6011','2000','19690516');
INSERT INTO kern.actie (id,srt,admhnd,partij,tsreg) VALUES('6012','1','6012','2000','19771210');
INSERT INTO kern.actie (id,srt,admhnd,partij,tsreg) VALUES('6013','1','6013','2000','19550602');
INSERT INTO kern.actie (id,srt,admhnd,partij,tsreg) VALUES('6014','1','6014','2000','19780611');
INSERT INTO kern.actie (id,srt,admhnd,partij,tsreg) VALUES('6015','1','6015','2000','19880425');
INSERT INTO kern.actie (id,srt,admhnd,partij,tsreg) VALUES('6016','1','6016','2000','19881210');
INSERT INTO kern.actie (id,srt,admhnd,partij,tsreg) VALUES('6017','1','6017','2000','19960523');
INSERT INTO kern.actie (id,srt,admhnd,partij,tsreg) VALUES('6018','1','6018','2000','19941005');
INSERT INTO kern.actie (id,srt,admhnd,partij,tsreg) VALUES('6019','1','6019','2000','19941005');
INSERT INTO kern.actie (id,srt,admhnd,partij,tsreg) VALUES('6020','1','6020','2000','19760103');
INSERT INTO kern.actie (id,srt,admhnd,partij,tsreg) VALUES('6021','1','6021','2000','19961003');
INSERT INTO kern.actie (id,srt,admhnd,partij,tsreg) VALUES('6022','1','6022','2000','19951003');
INSERT INTO kern.actie (id,srt,admhnd,partij,tsreg) VALUES('6023','1','6023','2000','19941003');
INSERT INTO kern.actie (id,srt,admhnd,partij,tsreg) VALUES('6024','1','6024','2000','19770401');
INSERT INTO kern.actie (id,srt,admhnd,partij,tsreg) VALUES('6025','1','6025','2000','19880611');
INSERT INTO kern.actie (id,srt,admhnd,partij,tsreg) VALUES('6026','1','6026','2000','19910721');
INSERT INTO kern.actie (id,srt,admhnd,partij,tsreg) VALUES('6027','1','6027','2000','19910911');
INSERT INTO kern.actie (id,srt,admhnd,partij,tsreg) VALUES('6028','1','6028','2000','19900722');
INSERT INTO kern.actie (id,srt,admhnd,partij,tsreg) VALUES('6029','1','6029','2000','19200430');
INSERT INTO kern.actie (id,srt,admhnd,partij,tsreg) VALUES('6030','1','6030','2000','19220419');
INSERT INTO kern.actie (id,srt,admhnd,partij,tsreg) VALUES('6031','1','6031','2000','19920219');
INSERT INTO kern.actie (id,srt,admhnd,partij,tsreg) VALUES('6032','1','6032','2000','19510923');
INSERT INTO kern.actie (id,srt,admhnd,partij,tsreg) VALUES('6033','1','6033','2000','19531116');
INSERT INTO kern.actie (id,srt,admhnd,partij,tsreg) VALUES('6034','1','6034','2000','19390402');
INSERT INTO kern.actie (id,srt,admhnd,partij,tsreg) VALUES('6035','1','6035','2000','19841203');
INSERT INTO kern.actie (id,srt,admhnd,partij,tsreg) VALUES('6036','1','6036','2000','19851011');
INSERT INTO kern.actie (id,srt,admhnd,partij,tsreg) VALUES('6037','1','6037','2000','20050112');
INSERT INTO kern.actie (id,srt,admhnd,partij,tsreg) VALUES('6038','1','6038','2000','20051201');
INSERT INTO kern.actie (id,srt,admhnd,partij,tsreg) VALUES('6039','1','6039','2000','20050112');
INSERT INTO kern.actie (id,srt,admhnd,partij,tsreg) VALUES('6040','1','6040','2000','20051201');
INSERT INTO kern.actie (id,srt,admhnd,partij,tsreg) VALUES('6041','1','6041','2000','19680809');
INSERT INTO kern.actie (id,srt,admhnd,partij,tsreg) VALUES('6042','1','6042','2000','19580921');
INSERT INTO kern.actie (id,srt,admhnd,partij,tsreg) VALUES('6043','1','6043','2000','19951004');
INSERT INTO kern.actie (id,srt,admhnd,partij,tsreg) VALUES('6044','1','6044','2000','20051201');
INSERT INTO kern.actie (id,srt,admhnd,partij,tsreg) VALUES('6045','1','6045','2000','20050112');
INSERT INTO kern.actie (id,srt,admhnd,partij,tsreg) VALUES('6046','1','6046','2000','19991231');
INSERT INTO kern.actie (id,srt,admhnd,partij,tsreg) VALUES('6500','1','6500','2000','20031226');
INSERT INTO kern.actie (id,srt,admhnd,partij,tsreg) VALUES('6501','32','6501','2000','20030327');
INSERT INTO kern.actie (id,srt,admhnd,partij,tsreg) VALUES('6502','32','6502','2000','19901111');
INSERT INTO kern.actie (id,srt,admhnd,partij,tsreg) VALUES('6503','32','6503','2000','19970605');
INSERT INTO kern.actie (id,srt,admhnd,partij,tsreg) VALUES('6504','32','6504','2000','20031024');
INSERT INTO kern.actie (id,srt,admhnd,partij,tsreg) VALUES('6505','32','6505','2000','19960304');
INSERT INTO kern.actie (id,srt,admhnd,partij,tsreg) VALUES('6506','16','6506','2000','20111111');
INSERT INTO kern.actie (id,srt,admhnd,partij,tsreg) VALUES('6624','6','6624','2000','19800101');
INSERT INTO kern.actie (id,srt,admhnd,partij,tsreg) VALUES('6625','10','6625','2000','19900501');
INSERT INTO kern.actie (id,srt,admhnd,partij,tsreg) VALUES('6626','1','6626','2000','19900722');
INSERT INTO kern.actie (id,srt,admhnd,partij,tsreg) VALUES('6627','1','6627','2000','19910911');
INSERT INTO kern.actie (id,srt,admhnd,partij,tsreg) VALUES('6628','23','6628','2000','20001022');
INSERT INTO kern.actie (id,srt,admhnd,partij,tsreg) VALUES('6629','7','6629','2000','20090206');
INSERT INTO kern.actie (id,srt,admhnd,partij,tsreg) VALUES('6630','32','6630','2000','19800610');
INSERT INTO kern.actie (id,srt,admhnd,partij,tsreg) VALUES('6631','32','6631','2000','19810425');
INSERT INTO kern.actie (id,srt,admhnd,partij,tsreg) VALUES('6632','32','6632','2000','19760701');
INSERT INTO kern.actie (id,srt,admhnd,partij,tsreg) VALUES('6633','32','6633','2000','20060315');
INSERT INTO kern.actie (id,srt,admhnd,partij,tsreg) VALUES('6634','1','6634','2000','20050112');
INSERT INTO kern.actie (id,srt,admhnd,partij,tsreg) VALUES('6635','1','6635','2000','20051201');
INSERT INTO kern.actie (id,srt,admhnd,partij,tsreg) VALUES('6636','1','6636','2000','19951003');
INSERT INTO kern.actie (id,srt,admhnd,partij,tsreg) VALUES('6637','32','6637','2000','20031010');
INSERT INTO kern.actie (id,srt,admhnd,partij,tsreg) VALUES('6638','1','6638','2000','20050112');
INSERT INTO kern.actie (id,srt,admhnd,partij,tsreg) VALUES('6639','13','6639','2000','19660302');
INSERT INTO kern.actie (id,srt,admhnd,partij,tsreg) VALUES('6640','13','6640','2000','20100505');
INSERT INTO kern.actie (id,srt,admhnd,partij,tsreg) VALUES('6641','10','6641','2000','19691227');
INSERT INTO kern.actie (id,srt,admhnd,partij,tsreg) VALUES('6642','13','6642','2000','20100505');
INSERT INTO kern.actie (id,srt,admhnd,partij,tsreg) VALUES('6643','3','6643','2000','19710717');
INSERT INTO kern.actie (id,srt,admhnd,partij,tsreg) VALUES('6644','16','6644','2000','20051113');
INSERT INTO kern.actie (id,srt,admhnd,partij,tsreg) VALUES('7000','18','7000','2000','20050328');
INSERT INTO kern.actie (id,srt,admhnd,partij,tsreg) VALUES('6999','18','6999','2000','20050328');
INSERT INTO kern.actie (id,srt,admhnd,partij,tsreg) VALUES('6998','18','6998','2000','20030327');
INSERT INTO kern.actie (id,srt,admhnd,partij,tsreg) VALUES('6997','18','6997','2000','20030327');
INSERT INTO kern.actie (id,srt,admhnd,partij,tsreg) VALUES('6996','18','6996','2000','19811002');
INSERT INTO kern.actie (id,srt,admhnd,partij,tsreg) VALUES('6995','18','6995','2000','20050328');
INSERT INTO kern.actie (id,srt,admhnd,partij,tsreg) VALUES('6994','18','6994','2000','20050328');
INSERT INTO kern.actie (id,srt,admhnd,partij,tsreg) VALUES('6993','18','6993','2000','20030327');
INSERT INTO kern.actie (id,srt,admhnd,partij,tsreg) VALUES('6992','18','6992','2000','20030327');
INSERT INTO kern.actie (id,srt,admhnd,partij,tsreg) VALUES('6991','18','6991','2000','19820528');
INSERT INTO kern.actie (id,srt,admhnd,partij,tsreg) VALUES('6990','18','6990','2000','19901201');
INSERT INTO kern.actie (id,srt,admhnd,partij,tsreg) VALUES('6989','18','6989','2000','19901201');
INSERT INTO kern.actie (id,srt,admhnd,partij,tsreg) VALUES('6988','18','6988','2000','19901111');
INSERT INTO kern.actie (id,srt,admhnd,partij,tsreg) VALUES('6987','18','6987','2000','19901111');
INSERT INTO kern.actie (id,srt,admhnd,partij,tsreg) VALUES('6986','18','6986','2000','19660302');
INSERT INTO kern.actie (id,srt,admhnd,partij,tsreg) VALUES('6985','18','6985','2000','19901201');
INSERT INTO kern.actie (id,srt,admhnd,partij,tsreg) VALUES('6984','18','6984','2000','19901201');
INSERT INTO kern.actie (id,srt,admhnd,partij,tsreg) VALUES('6983','18','6983','2000','19901111');
INSERT INTO kern.actie (id,srt,admhnd,partij,tsreg) VALUES('6982','18','6982','2000','19901111');
INSERT INTO kern.actie (id,srt,admhnd,partij,tsreg) VALUES('6981','18','6981','2000','19691227');
INSERT INTO kern.actie (id,srt,admhnd,partij,tsreg) VALUES('6980','18','6980','2000','19981201');
INSERT INTO kern.actie (id,srt,admhnd,partij,tsreg) VALUES('6979','18','6979','2000','19981201');
INSERT INTO kern.actie (id,srt,admhnd,partij,tsreg) VALUES('6978','18','6978','2000','19970605');
INSERT INTO kern.actie (id,srt,admhnd,partij,tsreg) VALUES('6977','18','6977','2000','19970605');
INSERT INTO kern.actie (id,srt,admhnd,partij,tsreg) VALUES('6976','18','6976','2000','19710717');
INSERT INTO kern.actie (id,srt,admhnd,partij,tsreg) VALUES('6975','18','6975','2000','19981201');
INSERT INTO kern.actie (id,srt,admhnd,partij,tsreg) VALUES('6974','18','6974','2000','19981201');
INSERT INTO kern.actie (id,srt,admhnd,partij,tsreg) VALUES('6973','18','6973','2000','19970605');
INSERT INTO kern.actie (id,srt,admhnd,partij,tsreg) VALUES('6972','18','6972','2000','19970605');
INSERT INTO kern.actie (id,srt,admhnd,partij,tsreg) VALUES('6971','18','6971','2000','19720928');
INSERT INTO kern.actie (id,srt,admhnd,partij,tsreg) VALUES('6970','18','6970','2000','20110205');
INSERT INTO kern.actie (id,srt,admhnd,partij,tsreg) VALUES('6969','18','6969','2000','20110205');
INSERT INTO kern.actie (id,srt,admhnd,partij,tsreg) VALUES('6968','18','6968','2000','20031024');
INSERT INTO kern.actie (id,srt,admhnd,partij,tsreg) VALUES('6967','18','6967','2000','20031024');
INSERT INTO kern.actie (id,srt,admhnd,partij,tsreg) VALUES('6966','18','6966','2000','19800616');
INSERT INTO kern.actie (id,srt,admhnd,partij,tsreg) VALUES('6965','18','6965','2000','20110205');
INSERT INTO kern.actie (id,srt,admhnd,partij,tsreg) VALUES('6964','18','6964','2000','20110205');
INSERT INTO kern.actie (id,srt,admhnd,partij,tsreg) VALUES('6963','18','6963','2000','20031024');
INSERT INTO kern.actie (id,srt,admhnd,partij,tsreg) VALUES('6962','18','6962','2000','20031024');
INSERT INTO kern.actie (id,srt,admhnd,partij,tsreg) VALUES('6961','18','6961','2000','19810418');
INSERT INTO kern.actie (id,srt,admhnd,partij,tsreg) VALUES('6960','18','6960','2000','20110205');
INSERT INTO kern.actie (id,srt,admhnd,partij,tsreg) VALUES('6959','18','6959','2000','20110205');
INSERT INTO kern.actie (id,srt,admhnd,partij,tsreg) VALUES('6958','18','6958','2000','20031226');
INSERT INTO kern.actie (id,srt,admhnd,partij,tsreg) VALUES('6957','18','6957','2000','20090928');
INSERT INTO kern.actie (id,srt,admhnd,partij,tsreg) VALUES('6956','18','6956','2000','20090928');
INSERT INTO kern.actie (id,srt,admhnd,partij,tsreg) VALUES('6955','18','6955','2000','19960304');
INSERT INTO kern.actie (id,srt,admhnd,partij,tsreg) VALUES('6954','18','6954','2000','19960304');
INSERT INTO kern.actie (id,srt,admhnd,partij,tsreg) VALUES('6953','18','6953','2000','19691231');
INSERT INTO kern.actie (id,srt,admhnd,partij,tsreg) VALUES('6952','18','6952','2000','20090928');
INSERT INTO kern.actie (id,srt,admhnd,partij,tsreg) VALUES('6951','18','6951','2000','20090928');
INSERT INTO kern.actie (id,srt,admhnd,partij,tsreg) VALUES('6950','18','6950','2000','19960304');
INSERT INTO kern.actie (id,srt,admhnd,partij,tsreg) VALUES('6949','18','6949','2000','19960304');
INSERT INTO kern.actie (id,srt,admhnd,partij,tsreg) VALUES('6948','18','6948','2000','19690516');
INSERT INTO kern.actie (id,srt,admhnd,partij,tsreg) VALUES('6947','18','6947','2000','20000228');
INSERT INTO kern.actie (id,srt,admhnd,partij,tsreg) VALUES('6946','18','6946','2000','20000228');
INSERT INTO kern.actie (id,srt,admhnd,partij,tsreg) VALUES('6945','18','6945','2000','19771210');
INSERT INTO kern.actie (id,srt,admhnd,partij,tsreg) VALUES('6944','18','6944','2000','19920508');
INSERT INTO kern.actie (id,srt,admhnd,partij,tsreg) VALUES('6943','18','6943','2000','19920508');
INSERT INTO kern.actie (id,srt,admhnd,partij,tsreg) VALUES('6942','18','6942','2000','19550602');
INSERT INTO kern.actie (id,srt,admhnd,partij,tsreg) VALUES('6941','18','6941','2000','19780611');
INSERT INTO kern.actie (id,srt,admhnd,partij,tsreg) VALUES('6940','18','6940','2000','20110425');
INSERT INTO kern.actie (id,srt,admhnd,partij,tsreg) VALUES('6939','18','6939','2000','20110425');
INSERT INTO kern.actie (id,srt,admhnd,partij,tsreg) VALUES('6938','18','6938','2000','19880425');
INSERT INTO kern.actie (id,srt,admhnd,partij,tsreg) VALUES('6937','18','6937','2000','20100626');
INSERT INTO kern.actie (id,srt,admhnd,partij,tsreg) VALUES('6936','18','6936','2000','20100626');
INSERT INTO kern.actie (id,srt,admhnd,partij,tsreg) VALUES('6935','18','6935','2000','19880425');
INSERT INTO kern.actie (id,srt,admhnd,partij,tsreg) VALUES('6934','18','6934','2000','19880425');
INSERT INTO kern.actie (id,srt,admhnd,partij,tsreg) VALUES('6933','18','6933','2000','18991210');
INSERT INTO kern.actie (id,srt,admhnd,partij,tsreg) VALUES('6932','18','6932','2000','20030327');
INSERT INTO kern.actie (id,srt,admhnd,partij,tsreg) VALUES('6931','18','6931','2000','20030327');
INSERT INTO kern.actie (id,srt,admhnd,partij,tsreg) VALUES('6930','18','6930','2000','19820523');
INSERT INTO kern.actie (id,srt,admhnd,partij,tsreg) VALUES('6929','18','6929','2000','19911002');
INSERT INTO kern.actie (id,srt,admhnd,partij,tsreg) VALUES('6928','18','6928','2000','19911002');
INSERT INTO kern.actie (id,srt,admhnd,partij,tsreg) VALUES('6927','18','6927','2000','19840411');
INSERT INTO kern.actie (id,srt,admhnd,partij,tsreg) VALUES('6926','18','6926','2000','19901111');
INSERT INTO kern.actie (id,srt,admhnd,partij,tsreg) VALUES('6925','18','6925','2000','19901111');
INSERT INTO kern.actie (id,srt,admhnd,partij,tsreg) VALUES('6924','18','6924','2000','19741026');
INSERT INTO kern.actie (id,srt,admhnd,partij,tsreg) VALUES('6923','18','6923','2000','19820528');
INSERT INTO kern.actie (id,srt,admhnd,partij,tsreg) VALUES('6922','18','6922','2000','19820528');
INSERT INTO kern.actie (id,srt,admhnd,partij,tsreg) VALUES('6921','18','6921','2000','19760103');
INSERT INTO kern.actie (id,srt,admhnd,partij,tsreg) VALUES('6920','18','6920','2000','20010328');
INSERT INTO kern.actie (id,srt,admhnd,partij,tsreg) VALUES('6919','18','6919','2000','20010328');
INSERT INTO kern.actie (id,srt,admhnd,partij,tsreg) VALUES('6918','18','6918','2000','19920516');
INSERT INTO kern.actie (id,srt,admhnd,partij,tsreg) VALUES('6917','18','6917','2000','20101002');
INSERT INTO kern.actie (id,srt,admhnd,partij,tsreg) VALUES('6916','18','6916','2000','20101002');
INSERT INTO kern.actie (id,srt,admhnd,partij,tsreg) VALUES('6915','18','6915','2000','19951110');
INSERT INTO kern.actie (id,srt,admhnd,partij,tsreg) VALUES('6914','18','6914','2000','19970605');
INSERT INTO kern.actie (id,srt,admhnd,partij,tsreg) VALUES('6913','18','6913','2000','19970605');
INSERT INTO kern.actie (id,srt,admhnd,partij,tsreg) VALUES('6912','18','6912','2000','19680310');
INSERT INTO kern.actie (id,srt,admhnd,partij,tsreg) VALUES('6911','18','6911','2000','19790928');
INSERT INTO kern.actie (id,srt,admhnd,partij,tsreg) VALUES('6910','18','6910','2000','19790928');
INSERT INTO kern.actie (id,srt,admhnd,partij,tsreg) VALUES('6909','18','6909','2000','19770401');
INSERT INTO kern.actie (id,srt,admhnd,partij,tsreg) VALUES('6908','18','6908','2000','19950929');
INSERT INTO kern.actie (id,srt,admhnd,partij,tsreg) VALUES('6907','18','6907','2000','19950929');
INSERT INTO kern.actie (id,srt,admhnd,partij,tsreg) VALUES('6906','18','6906','2000','19880611');
INSERT INTO kern.actie (id,srt,admhnd,partij,tsreg) VALUES('6905','18','6905','2000','20000101');
INSERT INTO kern.actie (id,srt,admhnd,partij,tsreg) VALUES('6904','18','6904','2000','20000101');
INSERT INTO kern.actie (id,srt,admhnd,partij,tsreg) VALUES('6903','18','6903','2000','19910721');
INSERT INTO kern.actie (id,srt,admhnd,partij,tsreg) VALUES('6902','18','6902','2000','20031024');
INSERT INTO kern.actie (id,srt,admhnd,partij,tsreg) VALUES('6901','18','6901','2000','20031024');
INSERT INTO kern.actie (id,srt,admhnd,partij,tsreg) VALUES('6900','18','6900','2000','19910911');
INSERT INTO kern.actie (id,srt,admhnd,partij,tsreg) VALUES('6899','18','6899','2000','19990616');
INSERT INTO kern.actie (id,srt,admhnd,partij,tsreg) VALUES('6898','18','6898','2000','19990616');
INSERT INTO kern.actie (id,srt,admhnd,partij,tsreg) VALUES('6897','18','6897','2000','19900722');
INSERT INTO kern.actie (id,srt,admhnd,partij,tsreg) VALUES('6896','18','6896','2000','20120620');
INSERT INTO kern.actie (id,srt,admhnd,partij,tsreg) VALUES('6895','18','6895','2000','20120620');
INSERT INTO kern.actie (id,srt,admhnd,partij,tsreg) VALUES('6894','18','6894','2000','20091201');
INSERT INTO kern.actie (id,srt,admhnd,partij,tsreg) VALUES('6893','18','6893','2000','20091201');
INSERT INTO kern.actie (id,srt,admhnd,partij,tsreg) VALUES('6892','18','6892','2000','20060201');
INSERT INTO kern.actie (id,srt,admhnd,partij,tsreg) VALUES('6891','18','6891','2000','20060201');
INSERT INTO kern.actie (id,srt,admhnd,partij,tsreg) VALUES('6890','18','6890','2000','19220419');
INSERT INTO kern.actie (id,srt,admhnd,partij,tsreg) VALUES('6889','18','6889','2000','20120306');
INSERT INTO kern.actie (id,srt,admhnd,partij,tsreg) VALUES('6888','18','6888','2000','20120306');
INSERT INTO kern.actie (id,srt,admhnd,partij,tsreg) VALUES('6887','18','6887','2000','20010926');
INSERT INTO kern.actie (id,srt,admhnd,partij,tsreg) VALUES('6886','18','6886','2000','20010926');
INSERT INTO kern.actie (id,srt,admhnd,partij,tsreg) VALUES('6885','18','6885','2000','20000827');
INSERT INTO kern.actie (id,srt,admhnd,partij,tsreg) VALUES('6884','18','6884','2000','20000827');
INSERT INTO kern.actie (id,srt,admhnd,partij,tsreg) VALUES('6883','18','6883','2000','19920219');
INSERT INTO kern.actie (id,srt,admhnd,partij,tsreg) VALUES('6882','18','6882','2000','20120621');
INSERT INTO kern.actie (id,srt,admhnd,partij,tsreg) VALUES('6881','18','6881','2000','20120621');
INSERT INTO kern.actie (id,srt,admhnd,partij,tsreg) VALUES('6880','18','6880','2000','20010301');
INSERT INTO kern.actie (id,srt,admhnd,partij,tsreg) VALUES('6879','18','6879','2000','20010301');
INSERT INTO kern.actie (id,srt,admhnd,partij,tsreg) VALUES('6878','18','6878','2000','19670601');
INSERT INTO kern.actie (id,srt,admhnd,partij,tsreg) VALUES('6877','18','6877','2000','19670601');
INSERT INTO kern.actie (id,srt,admhnd,partij,tsreg) VALUES('6876','18','6876','2000','19510923');
INSERT INTO kern.actie (id,srt,admhnd,partij,tsreg) VALUES('6875','18','6875','2000','20120621');
INSERT INTO kern.actie (id,srt,admhnd,partij,tsreg) VALUES('6874','18','6874','2000','20120621');
INSERT INTO kern.actie (id,srt,admhnd,partij,tsreg) VALUES('6873','18','6873','2000','20010301');
INSERT INTO kern.actie (id,srt,admhnd,partij,tsreg) VALUES('6872','18','6872','2000','20010301');
INSERT INTO kern.actie (id,srt,admhnd,partij,tsreg) VALUES('6871','18','6871','2000','19670601');
INSERT INTO kern.actie (id,srt,admhnd,partij,tsreg) VALUES('6870','18','6870','2000','19670601');
INSERT INTO kern.actie (id,srt,admhnd,partij,tsreg) VALUES('6869','18','6869','2000','19531116');
INSERT INTO kern.actie (id,srt,admhnd,partij,tsreg) VALUES('6868','18','6868','2000','20090701');
INSERT INTO kern.actie (id,srt,admhnd,partij,tsreg) VALUES('6867','18','6867','2000','20090701');
INSERT INTO kern.actie (id,srt,admhnd,partij,tsreg) VALUES('6866','18','6866','2000','20080218');
INSERT INTO kern.actie (id,srt,admhnd,partij,tsreg) VALUES('6865','18','6865','2000','20080218');
INSERT INTO kern.actie (id,srt,admhnd,partij,tsreg) VALUES('6864','18','6864','2000','20070406');
INSERT INTO kern.actie (id,srt,admhnd,partij,tsreg) VALUES('6863','18','6863','2000','20070406');
INSERT INTO kern.actie (id,srt,admhnd,partij,tsreg) VALUES('6862','18','6862','2000','19390402');
INSERT INTO kern.actie (id,srt,admhnd,partij,tsreg) VALUES('6861','18','6861','2000','20090301');
INSERT INTO kern.actie (id,srt,admhnd,partij,tsreg) VALUES('6860','18','6860','2000','20090301');
INSERT INTO kern.actie (id,srt,admhnd,partij,tsreg) VALUES('6859','18','6859','2000','20081101');
INSERT INTO kern.actie (id,srt,admhnd,partij,tsreg) VALUES('6858','18','6858','2000','20081101');
INSERT INTO kern.actie (id,srt,admhnd,partij,tsreg) VALUES('6857','18','6857','2000','20050101');
INSERT INTO kern.actie (id,srt,admhnd,partij,tsreg) VALUES('6856','18','6856','2000','20050101');
INSERT INTO kern.actie (id,srt,admhnd,partij,tsreg) VALUES('6855','18','6855','2000','19841203');
INSERT INTO kern.actie (id,srt,admhnd,partij,tsreg) VALUES('6854','18','6854','2000','20090301');
INSERT INTO kern.actie (id,srt,admhnd,partij,tsreg) VALUES('6853','18','6853','2000','20090301');
INSERT INTO kern.actie (id,srt,admhnd,partij,tsreg) VALUES('6852','18','6852','2000','20081101');
INSERT INTO kern.actie (id,srt,admhnd,partij,tsreg) VALUES('6851','18','6851','2000','20081101');
INSERT INTO kern.actie (id,srt,admhnd,partij,tsreg) VALUES('6850','18','6850','2000','20050101');
INSERT INTO kern.actie (id,srt,admhnd,partij,tsreg) VALUES('6849','18','6849','2000','20050101');
INSERT INTO kern.actie (id,srt,admhnd,partij,tsreg) VALUES('6848','18','6848','2000','19851011');
INSERT INTO kern.actie (id,srt,admhnd,partij,tsreg) VALUES('6847','18','6847','2000','20090301');
INSERT INTO kern.actie (id,srt,admhnd,partij,tsreg) VALUES('6846','18','6846','2000','20090301');
INSERT INTO kern.actie (id,srt,admhnd,partij,tsreg) VALUES('6845','18','6845','2000','20081101');
INSERT INTO kern.actie (id,srt,admhnd,partij,tsreg) VALUES('6844','18','6844','2000','20081101');
INSERT INTO kern.actie (id,srt,admhnd,partij,tsreg) VALUES('6843','18','6843','2000','20050112');
INSERT INTO kern.actie (id,srt,admhnd,partij,tsreg) VALUES('6842','18','6842','2000','20090301');
INSERT INTO kern.actie (id,srt,admhnd,partij,tsreg) VALUES('6841','18','6841','2000','20090301');
INSERT INTO kern.actie (id,srt,admhnd,partij,tsreg) VALUES('6840','18','6840','2000','20081101');
INSERT INTO kern.actie (id,srt,admhnd,partij,tsreg) VALUES('6839','18','6839','2000','20081101');
INSERT INTO kern.actie (id,srt,admhnd,partij,tsreg) VALUES('6838','18','6838','2000','20051201');
INSERT INTO kern.actie (id,srt,admhnd,partij,tsreg) VALUES('6837','18','6837','2000','20120522');
INSERT INTO kern.actie (id,srt,admhnd,partij,tsreg) VALUES('6836','18','6836','2000','20120522');
INSERT INTO kern.actie (id,srt,admhnd,partij,tsreg) VALUES('6835','18','6835','2000','20111201');
INSERT INTO kern.actie (id,srt,admhnd,partij,tsreg) VALUES('6834','18','6834','2000','20111201');
INSERT INTO kern.actie (id,srt,admhnd,partij,tsreg) VALUES('6833','18','6833','2000','20101201');
INSERT INTO kern.actie (id,srt,admhnd,partij,tsreg) VALUES('6832','18','6832','2000','20101201');
INSERT INTO kern.actie (id,srt,admhnd,partij,tsreg) VALUES('6831','18','6831','2000','19910315');
INSERT INTO kern.actie (id,srt,admhnd,partij,tsreg) VALUES('6830','18','6830','2000','20010517');
INSERT INTO kern.actie (id,srt,admhnd,partij,tsreg) VALUES('6829','18','6829','2000','20090201');
INSERT INTO kern.actie (id,srt,admhnd,partij,tsreg) VALUES('6828','18','6828','2000','20090201');
INSERT INTO kern.actie (id,srt,admhnd,partij,tsreg) VALUES('6827','18','6827','2000','20060523');
INSERT INTO kern.actie (id,srt,admhnd,partij,tsreg) VALUES('6826','18','6826','2000','20060523');
INSERT INTO kern.actie (id,srt,admhnd,partij,tsreg) VALUES('6825','18','6825','2000','20040819');
INSERT INTO kern.actie (id,srt,admhnd,partij,tsreg) VALUES('6824','18','6824','2000','20040819');
INSERT INTO kern.actie (id,srt,admhnd,partij,tsreg) VALUES('6823','18','6823','2000','20010517');
INSERT INTO kern.actie (id,srt,admhnd,partij,tsreg) VALUES('6822','18','6822','2000','20010328');
INSERT INTO kern.actie (id,srt,admhnd,partij,tsreg) VALUES('6821','18','6821','2000','20010328');
INSERT INTO kern.actie (id,srt,admhnd,partij,tsreg) VALUES('6820','18','6820','2000','19580921');
INSERT INTO kern.actie (id,srt,admhnd,partij,tsreg) VALUES('6819','18','6819','2000','19820528');
INSERT INTO kern.actie (id,srt,admhnd,partij,tsreg) VALUES('6818','18','6818','2000','19820528');
INSERT INTO kern.actie (id,srt,admhnd,partij,tsreg) VALUES('6817','18','6817','2000','19590922');
INSERT INTO kern.actie (id,srt,admhnd,partij,tsreg) VALUES('6816','18','6816','2000','20010328');
INSERT INTO kern.actie (id,srt,admhnd,partij,tsreg) VALUES('6815','18','6815','2000','20010328');
INSERT INTO kern.actie (id,srt,admhnd,partij,tsreg) VALUES('6814','18','6814','2000','19601221');
INSERT INTO kern.actie (id,srt,admhnd,partij,tsreg) VALUES('6813','18','6813','2000','19911002');
INSERT INTO kern.actie (id,srt,admhnd,partij,tsreg) VALUES('6812','18','6812','2000','19911002');
INSERT INTO kern.actie (id,srt,admhnd,partij,tsreg) VALUES('6811','18','6811','2000','19611222');

commit;


--------------------------------------------------
--- EIND
--- Sheet: (brp_actie)
--- Handler: SheetHandlerImplSimpleInsert
--- Aantal: (265)
--------------------------------------------------
--------------------------------------------------
--- START
--- Sheet: (his_persafgeleidadministrati)
--- Handler: SheetHandlerImplSimpleInsert
--------------------------------------------------

begin;

INSERT INTO kern.his_persafgeleidadministrati (id,pers,tsreg,tsverval,actieinh,actieverval,nadereaandverval,admhnd,tslaatstewijz,sorteervolgorde,indonverwbijhvoorstelnieting,tslaatstewijzgbasystematiek) VALUES('6001','6001','2005-03-28 00:00:00+00',null,'7000',null,null,'7000','2005-03-28 00:00:00+00','1','FALSE',null);
INSERT INTO kern.his_persafgeleidadministrati (id,pers,tsreg,tsverval,actieinh,actieverval,nadereaandverval,admhnd,tslaatstewijz,sorteervolgorde,indonverwbijhvoorstelnieting,tslaatstewijzgbasystematiek) VALUES('6002','6001','2003-03-27 04:00:00+00','2005-03-28 00:00:00+00','6999','7000',null,'6999','2003-03-27 00:00:00+00','1','FALSE',null);
INSERT INTO kern.his_persafgeleidadministrati (id,pers,tsreg,tsverval,actieinh,actieverval,nadereaandverval,admhnd,tslaatstewijz,sorteervolgorde,indonverwbijhvoorstelnieting,tslaatstewijzgbasystematiek) VALUES('6003','6001','2003-03-27 00:00:00+00','2003-03-27 04:00:00+00','6501','6999',null,'6501','2003-03-27 00:00:00+00','1','FALSE',null);
INSERT INTO kern.his_persafgeleidadministrati (id,pers,tsreg,tsverval,actieinh,actieverval,nadereaandverval,admhnd,tslaatstewijz,sorteervolgorde,indonverwbijhvoorstelnieting,tslaatstewijzgbasystematiek) VALUES('6004','6001','1981-10-02 04:00:00+00','2003-03-27 00:00:00+00','6998','6501',null,'6998','1981-10-02 00:00:00+00','1','FALSE',null);
INSERT INTO kern.his_persafgeleidadministrati (id,pers,tsreg,tsverval,actieinh,actieverval,nadereaandverval,admhnd,tslaatstewijz,sorteervolgorde,indonverwbijhvoorstelnieting,tslaatstewijzgbasystematiek) VALUES('6005','6001','1981-10-02 00:00:00+00','1981-10-02 04:00:00+00','6001','6998',null,'6001','1981-10-02 00:00:00+00','1','FALSE',null);
INSERT INTO kern.his_persafgeleidadministrati (id,pers,tsreg,tsverval,actieinh,actieverval,nadereaandverval,admhnd,tslaatstewijz,sorteervolgorde,indonverwbijhvoorstelnieting,tslaatstewijzgbasystematiek) VALUES('6006','6002','2005-03-28 00:00:00+00',null,'6997',null,null,'6997','2005-03-28 00:00:00+00','1','FALSE',null);
INSERT INTO kern.his_persafgeleidadministrati (id,pers,tsreg,tsverval,actieinh,actieverval,nadereaandverval,admhnd,tslaatstewijz,sorteervolgorde,indonverwbijhvoorstelnieting,tslaatstewijzgbasystematiek) VALUES('6007','6002','2003-03-27 04:00:00+00','2005-03-28 00:00:00+00','6996','6997',null,'6996','2003-03-27 00:00:00+00','1','FALSE',null);
INSERT INTO kern.his_persafgeleidadministrati (id,pers,tsreg,tsverval,actieinh,actieverval,nadereaandverval,admhnd,tslaatstewijz,sorteervolgorde,indonverwbijhvoorstelnieting,tslaatstewijzgbasystematiek) VALUES('6008','6002','2003-03-27 00:00:00+00','2003-03-27 04:00:00+00','6501','6996',null,'6501','2003-03-27 00:00:00+00','1','FALSE',null);
INSERT INTO kern.his_persafgeleidadministrati (id,pers,tsreg,tsverval,actieinh,actieverval,nadereaandverval,admhnd,tslaatstewijz,sorteervolgorde,indonverwbijhvoorstelnieting,tslaatstewijzgbasystematiek) VALUES('6009','6002','1982-05-28 04:00:00+00','2003-03-27 00:00:00+00','6995','6501',null,'6995','1982-05-28 00:00:00+00','1','FALSE',null);
INSERT INTO kern.his_persafgeleidadministrati (id,pers,tsreg,tsverval,actieinh,actieverval,nadereaandverval,admhnd,tslaatstewijz,sorteervolgorde,indonverwbijhvoorstelnieting,tslaatstewijzgbasystematiek) VALUES('6010','6002','1982-05-28 00:00:00+00','1982-05-28 04:00:00+00','6002','6995',null,'6002','1982-05-28 00:00:00+00','1','FALSE',null);
INSERT INTO kern.his_persafgeleidadministrati (id,pers,tsreg,tsverval,actieinh,actieverval,nadereaandverval,admhnd,tslaatstewijz,sorteervolgorde,indonverwbijhvoorstelnieting,tslaatstewijzgbasystematiek) VALUES('6011','6003','2010-05-05 00:00:00+00',null,'6639',null,null,'6639','2010-05-05 00:00:00+00','1','FALSE',null);
INSERT INTO kern.his_persafgeleidadministrati (id,pers,tsreg,tsverval,actieinh,actieverval,nadereaandverval,admhnd,tslaatstewijz,sorteervolgorde,indonverwbijhvoorstelnieting,tslaatstewijzgbasystematiek) VALUES('6012','6003','1990-12-01 00:00:00+00','2010-05-05 00:00:00+00','6994','6639',null,'6994','1990-12-01 00:00:00+00','1','FALSE',null);
INSERT INTO kern.his_persafgeleidadministrati (id,pers,tsreg,tsverval,actieinh,actieverval,nadereaandverval,admhnd,tslaatstewijz,sorteervolgorde,indonverwbijhvoorstelnieting,tslaatstewijzgbasystematiek) VALUES('6013','6003','1990-11-11 04:00:00+00','1990-12-01 00:00:00+00','6993','6994',null,'6993','1990-11-11 00:00:00+00','1','FALSE',null);
INSERT INTO kern.his_persafgeleidadministrati (id,pers,tsreg,tsverval,actieinh,actieverval,nadereaandverval,admhnd,tslaatstewijz,sorteervolgorde,indonverwbijhvoorstelnieting,tslaatstewijzgbasystematiek) VALUES('6014','6003','1990-11-11 00:00:00+00','1990-11-11 04:00:00+00','6502','6993',null,'6502','1990-11-11 00:00:00+00','1','FALSE',null);
INSERT INTO kern.his_persafgeleidadministrati (id,pers,tsreg,tsverval,actieinh,actieverval,nadereaandverval,admhnd,tslaatstewijz,sorteervolgorde,indonverwbijhvoorstelnieting,tslaatstewijzgbasystematiek) VALUES('6015','6003','1966-03-02 04:00:00+00','1990-11-11 00:00:00+00','6992','6502',null,'6992','1966-03-02 00:00:00+00','1','FALSE',null);
INSERT INTO kern.his_persafgeleidadministrati (id,pers,tsreg,tsverval,actieinh,actieverval,nadereaandverval,admhnd,tslaatstewijz,sorteervolgorde,indonverwbijhvoorstelnieting,tslaatstewijzgbasystematiek) VALUES('6016','6003','1966-03-02 00:00:00+00','1966-03-02 04:00:00+00','6003','6992',null,'6003','1966-03-02 00:00:00+00','1','FALSE',null);
INSERT INTO kern.his_persafgeleidadministrati (id,pers,tsreg,tsverval,actieinh,actieverval,nadereaandverval,admhnd,tslaatstewijz,sorteervolgorde,indonverwbijhvoorstelnieting,tslaatstewijzgbasystematiek) VALUES('6017','6004','2010-05-05 00:00:00+00',null,'6641',null,null,'6641','2010-05-05 00:00:00+00','1','FALSE',null);
INSERT INTO kern.his_persafgeleidadministrati (id,pers,tsreg,tsverval,actieinh,actieverval,nadereaandverval,admhnd,tslaatstewijz,sorteervolgorde,indonverwbijhvoorstelnieting,tslaatstewijzgbasystematiek) VALUES('6018','6004','1990-12-01 00:00:00+00','2010-05-05 00:00:00+00','6991','6641',null,'6991','1990-12-01 00:00:00+00','1','FALSE',null);
INSERT INTO kern.his_persafgeleidadministrati (id,pers,tsreg,tsverval,actieinh,actieverval,nadereaandverval,admhnd,tslaatstewijz,sorteervolgorde,indonverwbijhvoorstelnieting,tslaatstewijzgbasystematiek) VALUES('6019','6004','1990-11-11 04:00:00+00','1990-12-01 00:00:00+00','6990','6991',null,'6990','1990-11-11 00:00:00+00','1','FALSE',null);
INSERT INTO kern.his_persafgeleidadministrati (id,pers,tsreg,tsverval,actieinh,actieverval,nadereaandverval,admhnd,tslaatstewijz,sorteervolgorde,indonverwbijhvoorstelnieting,tslaatstewijzgbasystematiek) VALUES('6020','6004','1990-11-11 00:00:00+00','1990-11-11 04:00:00+00','6502','6990',null,'6502','1990-11-11 00:00:00+00','1','FALSE',null);
INSERT INTO kern.his_persafgeleidadministrati (id,pers,tsreg,tsverval,actieinh,actieverval,nadereaandverval,admhnd,tslaatstewijz,sorteervolgorde,indonverwbijhvoorstelnieting,tslaatstewijzgbasystematiek) VALUES('6021','6004','1969-12-27 04:00:00+00','1990-11-11 00:00:00+00','6989','6502',null,'6989','1969-12-27 00:00:00+00','1','FALSE',null);
INSERT INTO kern.his_persafgeleidadministrati (id,pers,tsreg,tsverval,actieinh,actieverval,nadereaandverval,admhnd,tslaatstewijz,sorteervolgorde,indonverwbijhvoorstelnieting,tslaatstewijzgbasystematiek) VALUES('6022','6004','1969-12-27 00:00:00+00','1969-12-27 04:00:00+00','6004','6989',null,'6004','1969-12-27 00:00:00+00','1','FALSE',null);
INSERT INTO kern.his_persafgeleidadministrati (id,pers,tsreg,tsverval,actieinh,actieverval,nadereaandverval,admhnd,tslaatstewijz,sorteervolgorde,indonverwbijhvoorstelnieting,tslaatstewijzgbasystematiek) VALUES('6023','6005','1998-12-01 00:00:00+00',null,'6988',null,null,'6988','1998-12-01 00:00:00+00','1','FALSE',null);
INSERT INTO kern.his_persafgeleidadministrati (id,pers,tsreg,tsverval,actieinh,actieverval,nadereaandverval,admhnd,tslaatstewijz,sorteervolgorde,indonverwbijhvoorstelnieting,tslaatstewijzgbasystematiek) VALUES('6024','6005','1997-06-05 04:00:00+00','1998-12-01 00:00:00+00','6987','6988',null,'6987','1997-06-05 00:00:00+00','1','FALSE',null);
INSERT INTO kern.his_persafgeleidadministrati (id,pers,tsreg,tsverval,actieinh,actieverval,nadereaandverval,admhnd,tslaatstewijz,sorteervolgorde,indonverwbijhvoorstelnieting,tslaatstewijzgbasystematiek) VALUES('6025','6005','1997-06-05 00:00:00+00','1997-06-05 04:00:00+00','6503','6987',null,'6503','1997-06-05 00:00:00+00','1','FALSE',null);
INSERT INTO kern.his_persafgeleidadministrati (id,pers,tsreg,tsverval,actieinh,actieverval,nadereaandverval,admhnd,tslaatstewijz,sorteervolgorde,indonverwbijhvoorstelnieting,tslaatstewijzgbasystematiek) VALUES('6026','6005','1971-07-17 04:00:00+00','1997-06-05 00:00:00+00','6986','6503',null,'6986','1971-07-17 00:00:00+00','1','FALSE',null);
INSERT INTO kern.his_persafgeleidadministrati (id,pers,tsreg,tsverval,actieinh,actieverval,nadereaandverval,admhnd,tslaatstewijz,sorteervolgorde,indonverwbijhvoorstelnieting,tslaatstewijzgbasystematiek) VALUES('6027','6005','1971-07-17 00:00:00+00','1971-07-17 04:00:00+00','6005','6986',null,'6005','1971-07-17 00:00:00+00','1','FALSE',null);
INSERT INTO kern.his_persafgeleidadministrati (id,pers,tsreg,tsverval,actieinh,actieverval,nadereaandverval,admhnd,tslaatstewijz,sorteervolgorde,indonverwbijhvoorstelnieting,tslaatstewijzgbasystematiek) VALUES('6028','6006','1998-12-01 00:00:00+00',null,'6985',null,null,'6985','1998-12-01 00:00:00+00','1','FALSE',null);
INSERT INTO kern.his_persafgeleidadministrati (id,pers,tsreg,tsverval,actieinh,actieverval,nadereaandverval,admhnd,tslaatstewijz,sorteervolgorde,indonverwbijhvoorstelnieting,tslaatstewijzgbasystematiek) VALUES('6029','6006','1997-06-05 04:00:00+00','1998-12-01 00:00:00+00','6984','6985',null,'6984','1997-06-05 00:00:00+00','1','FALSE',null);
INSERT INTO kern.his_persafgeleidadministrati (id,pers,tsreg,tsverval,actieinh,actieverval,nadereaandverval,admhnd,tslaatstewijz,sorteervolgorde,indonverwbijhvoorstelnieting,tslaatstewijzgbasystematiek) VALUES('6030','6006','1997-06-05 00:00:00+00','1997-06-05 04:00:00+00','6503','6984',null,'6503','1997-06-05 00:00:00+00','1','FALSE',null);
INSERT INTO kern.his_persafgeleidadministrati (id,pers,tsreg,tsverval,actieinh,actieverval,nadereaandverval,admhnd,tslaatstewijz,sorteervolgorde,indonverwbijhvoorstelnieting,tslaatstewijzgbasystematiek) VALUES('6031','6006','1972-09-28 04:00:00+00','1997-06-05 00:00:00+00','6983','6503',null,'6983','1972-09-28 00:00:00+00','1','FALSE',null);
INSERT INTO kern.his_persafgeleidadministrati (id,pers,tsreg,tsverval,actieinh,actieverval,nadereaandverval,admhnd,tslaatstewijz,sorteervolgorde,indonverwbijhvoorstelnieting,tslaatstewijzgbasystematiek) VALUES('6032','6006','1972-09-28 00:00:00+00','1972-09-28 04:00:00+00','6006','6983',null,'6006','1972-09-28 00:00:00+00','1','FALSE',null);
INSERT INTO kern.his_persafgeleidadministrati (id,pers,tsreg,tsverval,actieinh,actieverval,nadereaandverval,admhnd,tslaatstewijz,sorteervolgorde,indonverwbijhvoorstelnieting,tslaatstewijzgbasystematiek) VALUES('6033','6007','2011-02-05 00:00:00+00',null,'6982',null,null,'6982','2011-02-05 00:00:00+00','1','FALSE',null);
INSERT INTO kern.his_persafgeleidadministrati (id,pers,tsreg,tsverval,actieinh,actieverval,nadereaandverval,admhnd,tslaatstewijz,sorteervolgorde,indonverwbijhvoorstelnieting,tslaatstewijzgbasystematiek) VALUES('6034','6007','2003-12-26 00:00:00+00','2011-02-05 00:00:00+00','6500','6982',null,'6500','2003-12-26 00:00:00+00','1','FALSE',null);
INSERT INTO kern.his_persafgeleidadministrati (id,pers,tsreg,tsverval,actieinh,actieverval,nadereaandverval,admhnd,tslaatstewijz,sorteervolgorde,indonverwbijhvoorstelnieting,tslaatstewijzgbasystematiek) VALUES('6035','6007','2003-10-24 04:00:00+00','2003-12-26 00:00:00+00','6981','6500',null,'6981','2003-10-24 00:00:00+00','1','FALSE',null);
INSERT INTO kern.his_persafgeleidadministrati (id,pers,tsreg,tsverval,actieinh,actieverval,nadereaandverval,admhnd,tslaatstewijz,sorteervolgorde,indonverwbijhvoorstelnieting,tslaatstewijzgbasystematiek) VALUES('6036','6007','2003-10-24 00:00:00+00','2003-10-24 04:00:00+00','6504','6981',null,'6504','2003-10-24 00:00:00+00','1','FALSE',null);
INSERT INTO kern.his_persafgeleidadministrati (id,pers,tsreg,tsverval,actieinh,actieverval,nadereaandverval,admhnd,tslaatstewijz,sorteervolgorde,indonverwbijhvoorstelnieting,tslaatstewijzgbasystematiek) VALUES('6037','6007','1980-06-16 04:00:00+00','2003-10-24 00:00:00+00','6980','6504',null,'6980','1980-06-16 00:00:00+00','1','FALSE',null);
INSERT INTO kern.his_persafgeleidadministrati (id,pers,tsreg,tsverval,actieinh,actieverval,nadereaandverval,admhnd,tslaatstewijz,sorteervolgorde,indonverwbijhvoorstelnieting,tslaatstewijzgbasystematiek) VALUES('6038','6007','1980-06-16 00:00:00+00','1980-06-16 04:00:00+00','6007','6980',null,'6007','1980-06-16 00:00:00+00','1','FALSE',null);
INSERT INTO kern.his_persafgeleidadministrati (id,pers,tsreg,tsverval,actieinh,actieverval,nadereaandverval,admhnd,tslaatstewijz,sorteervolgorde,indonverwbijhvoorstelnieting,tslaatstewijzgbasystematiek) VALUES('6039','6008','2011-02-05 00:00:00+00',null,'6979',null,null,'6979','2011-02-05 00:00:00+00','1','FALSE',null);
INSERT INTO kern.his_persafgeleidadministrati (id,pers,tsreg,tsverval,actieinh,actieverval,nadereaandverval,admhnd,tslaatstewijz,sorteervolgorde,indonverwbijhvoorstelnieting,tslaatstewijzgbasystematiek) VALUES('6040','6008','2003-12-26 00:00:00+00','2011-02-05 00:00:00+00','6500','6979',null,'6500','2003-12-26 00:00:00+00','1','FALSE',null);
INSERT INTO kern.his_persafgeleidadministrati (id,pers,tsreg,tsverval,actieinh,actieverval,nadereaandverval,admhnd,tslaatstewijz,sorteervolgorde,indonverwbijhvoorstelnieting,tslaatstewijzgbasystematiek) VALUES('6041','6008','2003-10-24 04:00:00+00','2003-12-26 00:00:00+00','6978','6500',null,'6978','2003-10-24 00:00:00+00','1','FALSE',null);
INSERT INTO kern.his_persafgeleidadministrati (id,pers,tsreg,tsverval,actieinh,actieverval,nadereaandverval,admhnd,tslaatstewijz,sorteervolgorde,indonverwbijhvoorstelnieting,tslaatstewijzgbasystematiek) VALUES('6042','6008','2003-10-24 00:00:00+00','2003-10-24 04:00:00+00','6504','6978',null,'6504','2003-10-24 00:00:00+00','1','FALSE',null);
INSERT INTO kern.his_persafgeleidadministrati (id,pers,tsreg,tsverval,actieinh,actieverval,nadereaandverval,admhnd,tslaatstewijz,sorteervolgorde,indonverwbijhvoorstelnieting,tslaatstewijzgbasystematiek) VALUES('6043','6008','1981-04-18 04:00:00+00','2003-10-24 00:00:00+00','6977','6504',null,'6977','1981-04-18 00:00:00+00','1','FALSE',null);
INSERT INTO kern.his_persafgeleidadministrati (id,pers,tsreg,tsverval,actieinh,actieverval,nadereaandverval,admhnd,tslaatstewijz,sorteervolgorde,indonverwbijhvoorstelnieting,tslaatstewijzgbasystematiek) VALUES('6044','6008','1981-04-18 00:00:00+00','1981-04-18 04:00:00+00','6008','6977',null,'6008','1981-04-18 00:00:00+00','1','FALSE',null);
INSERT INTO kern.his_persafgeleidadministrati (id,pers,tsreg,tsverval,actieinh,actieverval,nadereaandverval,admhnd,tslaatstewijz,sorteervolgorde,indonverwbijhvoorstelnieting,tslaatstewijzgbasystematiek) VALUES('6045','6009','2011-02-05 00:00:00+00',null,'6976',null,null,'6976','2011-02-05 00:00:00+00','1','FALSE',null);
INSERT INTO kern.his_persafgeleidadministrati (id,pers,tsreg,tsverval,actieinh,actieverval,nadereaandverval,admhnd,tslaatstewijz,sorteervolgorde,indonverwbijhvoorstelnieting,tslaatstewijzgbasystematiek) VALUES('6046','6009','2003-12-26 08:00:00+00','2011-02-05 00:00:00+00','6975','6976',null,'6975','2003-12-26 00:00:00+00','1','FALSE',null);
INSERT INTO kern.his_persafgeleidadministrati (id,pers,tsreg,tsverval,actieinh,actieverval,nadereaandverval,admhnd,tslaatstewijz,sorteervolgorde,indonverwbijhvoorstelnieting,tslaatstewijzgbasystematiek) VALUES('6047','6009','2003-12-26 04:00:00+00','2003-12-26 08:00:00+00','6500','6975',null,'6500','2003-12-26 00:00:00+00','1','FALSE',null);
INSERT INTO kern.his_persafgeleidadministrati (id,pers,tsreg,tsverval,actieinh,actieverval,nadereaandverval,admhnd,tslaatstewijz,sorteervolgorde,indonverwbijhvoorstelnieting,tslaatstewijzgbasystematiek) VALUES('6048','6009','2003-12-26 00:00:00+00','2003-12-26 04:00:00+00','6009','6500',null,'6009','2003-12-26 00:00:00+00','1','FALSE',null);
INSERT INTO kern.his_persafgeleidadministrati (id,pers,tsreg,tsverval,actieinh,actieverval,nadereaandverval,admhnd,tslaatstewijz,sorteervolgorde,indonverwbijhvoorstelnieting,tslaatstewijzgbasystematiek) VALUES('6049','6009','1971-07-17 00:00:00+00','2003-12-26 00:00:00+00','6643','6009',null,'6643','1971-07-17 00:00:00+00','1','FALSE',null);
INSERT INTO kern.his_persafgeleidadministrati (id,pers,tsreg,tsverval,actieinh,actieverval,nadereaandverval,admhnd,tslaatstewijz,sorteervolgorde,indonverwbijhvoorstelnieting,tslaatstewijzgbasystematiek) VALUES('6050','6010','2009-09-28 00:00:00+00',null,'6974',null,null,'6974','2009-09-28 00:00:00+00','1','FALSE',null);
INSERT INTO kern.his_persafgeleidadministrati (id,pers,tsreg,tsverval,actieinh,actieverval,nadereaandverval,admhnd,tslaatstewijz,sorteervolgorde,indonverwbijhvoorstelnieting,tslaatstewijzgbasystematiek) VALUES('6051','6010','1996-03-04 04:00:00+00','2009-09-28 00:00:00+00','6973','6974',null,'6973','1996-03-04 00:00:00+00','1','FALSE',null);
INSERT INTO kern.his_persafgeleidadministrati (id,pers,tsreg,tsverval,actieinh,actieverval,nadereaandverval,admhnd,tslaatstewijz,sorteervolgorde,indonverwbijhvoorstelnieting,tslaatstewijzgbasystematiek) VALUES('6052','6010','1996-03-04 00:00:00+00','1996-03-04 04:00:00+00','6505','6973',null,'6505','1996-03-04 00:00:00+00','1','FALSE',null);
INSERT INTO kern.his_persafgeleidadministrati (id,pers,tsreg,tsverval,actieinh,actieverval,nadereaandverval,admhnd,tslaatstewijz,sorteervolgorde,indonverwbijhvoorstelnieting,tslaatstewijzgbasystematiek) VALUES('6053','6010','1969-12-31 04:00:00+00','1996-03-04 00:00:00+00','6972','6505',null,'6972','1969-12-31 00:00:00+00','1','FALSE',null);
INSERT INTO kern.his_persafgeleidadministrati (id,pers,tsreg,tsverval,actieinh,actieverval,nadereaandverval,admhnd,tslaatstewijz,sorteervolgorde,indonverwbijhvoorstelnieting,tslaatstewijzgbasystematiek) VALUES('6054','6010','1969-12-31 00:00:00+00','1969-12-31 04:00:00+00','6010','6972',null,'6010','1969-12-31 00:00:00+00','1','FALSE',null);
INSERT INTO kern.his_persafgeleidadministrati (id,pers,tsreg,tsverval,actieinh,actieverval,nadereaandverval,admhnd,tslaatstewijz,sorteervolgorde,indonverwbijhvoorstelnieting,tslaatstewijzgbasystematiek) VALUES('6055','6011','2009-09-28 00:00:00+00',null,'6971',null,null,'6971','2009-09-28 00:00:00+00','1','FALSE',null);
INSERT INTO kern.his_persafgeleidadministrati (id,pers,tsreg,tsverval,actieinh,actieverval,nadereaandverval,admhnd,tslaatstewijz,sorteervolgorde,indonverwbijhvoorstelnieting,tslaatstewijzgbasystematiek) VALUES('6056','6011','1996-03-04 04:00:00+00','2009-09-28 00:00:00+00','6970','6971',null,'6970','1996-03-04 00:00:00+00','1','FALSE',null);
INSERT INTO kern.his_persafgeleidadministrati (id,pers,tsreg,tsverval,actieinh,actieverval,nadereaandverval,admhnd,tslaatstewijz,sorteervolgorde,indonverwbijhvoorstelnieting,tslaatstewijzgbasystematiek) VALUES('6057','6011','1996-03-04 00:00:00+00','1996-03-04 04:00:00+00','6505','6970',null,'6505','1996-03-04 00:00:00+00','1','FALSE',null);
INSERT INTO kern.his_persafgeleidadministrati (id,pers,tsreg,tsverval,actieinh,actieverval,nadereaandverval,admhnd,tslaatstewijz,sorteervolgorde,indonverwbijhvoorstelnieting,tslaatstewijzgbasystematiek) VALUES('6058','6011','1969-05-16 04:00:00+00','1996-03-04 00:00:00+00','6969','6505',null,'6969','1969-05-16 00:00:00+00','1','FALSE',null);
INSERT INTO kern.his_persafgeleidadministrati (id,pers,tsreg,tsverval,actieinh,actieverval,nadereaandverval,admhnd,tslaatstewijz,sorteervolgorde,indonverwbijhvoorstelnieting,tslaatstewijzgbasystematiek) VALUES('6059','6011','1969-05-16 00:00:00+00','1969-05-16 04:00:00+00','6011','6969',null,'6011','1969-05-16 00:00:00+00','1','FALSE',null);
INSERT INTO kern.his_persafgeleidadministrati (id,pers,tsreg,tsverval,actieinh,actieverval,nadereaandverval,admhnd,tslaatstewijz,sorteervolgorde,indonverwbijhvoorstelnieting,tslaatstewijzgbasystematiek) VALUES('6060','6012','2000-02-28 00:00:00+00',null,'6968',null,null,'6968','2000-02-28 00:00:00+00','1','FALSE',null);
INSERT INTO kern.his_persafgeleidadministrati (id,pers,tsreg,tsverval,actieinh,actieverval,nadereaandverval,admhnd,tslaatstewijz,sorteervolgorde,indonverwbijhvoorstelnieting,tslaatstewijzgbasystematiek) VALUES('6061','6012','1977-12-10 04:00:00+00','2000-02-28 00:00:00+00','6967','6968',null,'6967','1977-12-10 00:00:00+00','1','FALSE',null);
INSERT INTO kern.his_persafgeleidadministrati (id,pers,tsreg,tsverval,actieinh,actieverval,nadereaandverval,admhnd,tslaatstewijz,sorteervolgorde,indonverwbijhvoorstelnieting,tslaatstewijzgbasystematiek) VALUES('6062','6012','1977-12-10 00:00:00+00','1977-12-10 04:00:00+00','6012','6967',null,'6012','1977-12-10 00:00:00+00','1','FALSE',null);
INSERT INTO kern.his_persafgeleidadministrati (id,pers,tsreg,tsverval,actieinh,actieverval,nadereaandverval,admhnd,tslaatstewijz,sorteervolgorde,indonverwbijhvoorstelnieting,tslaatstewijzgbasystematiek) VALUES('6063','6013','1992-05-08 00:00:00+00',null,'6966',null,null,'6966','1992-05-08 00:00:00+00','1','FALSE',null);
INSERT INTO kern.his_persafgeleidadministrati (id,pers,tsreg,tsverval,actieinh,actieverval,nadereaandverval,admhnd,tslaatstewijz,sorteervolgorde,indonverwbijhvoorstelnieting,tslaatstewijzgbasystematiek) VALUES('6064','6013','1955-06-02 08:00:00+00','1992-05-08 00:00:00+00','6965','6966',null,'6965','1955-06-02 00:00:00+00','1','FALSE',null);
INSERT INTO kern.his_persafgeleidadministrati (id,pers,tsreg,tsverval,actieinh,actieverval,nadereaandverval,admhnd,tslaatstewijz,sorteervolgorde,indonverwbijhvoorstelnieting,tslaatstewijzgbasystematiek) VALUES('6065','6013','1955-06-02 04:00:00+00','1955-06-02 08:00:00+00','6624','6965',null,'6624','1955-06-02 00:00:00+00','1','FALSE',null);
INSERT INTO kern.his_persafgeleidadministrati (id,pers,tsreg,tsverval,actieinh,actieverval,nadereaandverval,admhnd,tslaatstewijz,sorteervolgorde,indonverwbijhvoorstelnieting,tslaatstewijzgbasystematiek) VALUES('6066','6013','1955-06-02 00:00:00+00','1955-06-02 04:00:00+00','6013','6624',null,'6013','1955-06-02 00:00:00+00','1','FALSE',null);
INSERT INTO kern.his_persafgeleidadministrati (id,pers,tsreg,tsverval,actieinh,actieverval,nadereaandverval,admhnd,tslaatstewijz,sorteervolgorde,indonverwbijhvoorstelnieting,tslaatstewijzgbasystematiek) VALUES('6067','6014','2011-11-11 00:00:00+00',null,'6506',null,null,'6506','2011-11-11 00:00:00+00','1','FALSE',null);
INSERT INTO kern.his_persafgeleidadministrati (id,pers,tsreg,tsverval,actieinh,actieverval,nadereaandverval,admhnd,tslaatstewijz,sorteervolgorde,indonverwbijhvoorstelnieting,tslaatstewijzgbasystematiek) VALUES('6068','6014','1978-06-11 04:00:00+00','2011-11-11 00:00:00+00','6964','6506',null,'6964','1978-06-11 00:00:00+00','1','FALSE',null);
INSERT INTO kern.his_persafgeleidadministrati (id,pers,tsreg,tsverval,actieinh,actieverval,nadereaandverval,admhnd,tslaatstewijz,sorteervolgorde,indonverwbijhvoorstelnieting,tslaatstewijzgbasystematiek) VALUES('6069','6014','1978-06-11 00:00:00+00','1978-06-11 04:00:00+00','6014','6964',null,'6014','1978-06-11 00:00:00+00','1','FALSE',null);
INSERT INTO kern.his_persafgeleidadministrati (id,pers,tsreg,tsverval,actieinh,actieverval,nadereaandverval,admhnd,tslaatstewijz,sorteervolgorde,indonverwbijhvoorstelnieting,tslaatstewijzgbasystematiek) VALUES('6070','6015','2011-04-25 00:00:00+00',null,'6963',null,null,'6963','2011-04-25 00:00:00+00','1','FALSE',null);
INSERT INTO kern.his_persafgeleidadministrati (id,pers,tsreg,tsverval,actieinh,actieverval,nadereaandverval,admhnd,tslaatstewijz,sorteervolgorde,indonverwbijhvoorstelnieting,tslaatstewijzgbasystematiek) VALUES('6071','6015','1988-04-25 04:00:00+00','2011-04-25 00:00:00+00','6962','6963',null,'6962','1988-04-25 00:00:00+00','1','FALSE',null);
INSERT INTO kern.his_persafgeleidadministrati (id,pers,tsreg,tsverval,actieinh,actieverval,nadereaandverval,admhnd,tslaatstewijz,sorteervolgorde,indonverwbijhvoorstelnieting,tslaatstewijzgbasystematiek) VALUES('6072','6015','1988-04-25 00:00:00+00','1988-04-25 04:00:00+00','6015','6962',null,'6015','1988-04-25 00:00:00+00','1','FALSE',null);
INSERT INTO kern.his_persafgeleidadministrati (id,pers,tsreg,tsverval,actieinh,actieverval,nadereaandverval,admhnd,tslaatstewijz,sorteervolgorde,indonverwbijhvoorstelnieting,tslaatstewijzgbasystematiek) VALUES('6073','6016','2010-06-26 00:00:00+00',null,'6961',null,null,'6961','2010-06-26 00:00:00+00','1','FALSE',null);
INSERT INTO kern.his_persafgeleidadministrati (id,pers,tsreg,tsverval,actieinh,actieverval,nadereaandverval,admhnd,tslaatstewijz,sorteervolgorde,indonverwbijhvoorstelnieting,tslaatstewijzgbasystematiek) VALUES('6074','6016','2005-01-12 00:00:00+00','2010-06-26 00:00:00+00','6638','6961',null,'6638','2005-01-12 00:00:00+00','1','FALSE',null);
INSERT INTO kern.his_persafgeleidadministrati (id,pers,tsreg,tsverval,actieinh,actieverval,nadereaandverval,admhnd,tslaatstewijz,sorteervolgorde,indonverwbijhvoorstelnieting,tslaatstewijzgbasystematiek) VALUES('6075','6016','1988-04-25 00:00:00+00','2005-01-12 00:00:00+00','6960','6638',null,'6960','1988-04-25 00:00:00+00','1','FALSE',null);
INSERT INTO kern.his_persafgeleidadministrati (id,pers,tsreg,tsverval,actieinh,actieverval,nadereaandverval,admhnd,tslaatstewijz,sorteervolgorde,indonverwbijhvoorstelnieting,tslaatstewijzgbasystematiek) VALUES('6076','6016','1899-12-10 04:00:00+00','1988-04-25 00:00:00+00','6959','6960',null,'6959','1899-12-10 00:00:00+00','1','FALSE',null);
INSERT INTO kern.his_persafgeleidadministrati (id,pers,tsreg,tsverval,actieinh,actieverval,nadereaandverval,admhnd,tslaatstewijz,sorteervolgorde,indonverwbijhvoorstelnieting,tslaatstewijzgbasystematiek) VALUES('6077','6016','1899-12-10 00:00:00+00','1899-12-10 04:00:00+00','6016','6959',null,'6016','1899-12-10 00:00:00+00','1','FALSE',null);
INSERT INTO kern.his_persafgeleidadministrati (id,pers,tsreg,tsverval,actieinh,actieverval,nadereaandverval,admhnd,tslaatstewijz,sorteervolgorde,indonverwbijhvoorstelnieting,tslaatstewijzgbasystematiek) VALUES('6078','6017','2005-01-12 00:00:00+00',null,'6638',null,null,'6638','2005-01-12 00:00:00+00','1','FALSE',null);
INSERT INTO kern.his_persafgeleidadministrati (id,pers,tsreg,tsverval,actieinh,actieverval,nadereaandverval,admhnd,tslaatstewijz,sorteervolgorde,indonverwbijhvoorstelnieting,tslaatstewijzgbasystematiek) VALUES('6079','6017','2003-03-27 00:00:00+00','2005-01-12 00:00:00+00','6958','6638',null,'6958','2003-03-27 00:00:00+00','1','FALSE',null);
INSERT INTO kern.his_persafgeleidadministrati (id,pers,tsreg,tsverval,actieinh,actieverval,nadereaandverval,admhnd,tslaatstewijz,sorteervolgorde,indonverwbijhvoorstelnieting,tslaatstewijzgbasystematiek) VALUES('6080','6017','1982-05-23 04:00:00+00','2003-03-27 00:00:00+00','6957','6958',null,'6957','1982-05-23 00:00:00+00','1','FALSE',null);
INSERT INTO kern.his_persafgeleidadministrati (id,pers,tsreg,tsverval,actieinh,actieverval,nadereaandverval,admhnd,tslaatstewijz,sorteervolgorde,indonverwbijhvoorstelnieting,tslaatstewijzgbasystematiek) VALUES('6081','6017','1982-05-23 00:00:00+00','1982-05-23 04:00:00+00','6017','6957',null,'6017','1982-05-23 00:00:00+00','1','FALSE',null);
INSERT INTO kern.his_persafgeleidadministrati (id,pers,tsreg,tsverval,actieinh,actieverval,nadereaandverval,admhnd,tslaatstewijz,sorteervolgorde,indonverwbijhvoorstelnieting,tslaatstewijzgbasystematiek) VALUES('6082','6018','1991-10-02 00:00:00+00',null,'6956',null,null,'6956','1991-10-02 00:00:00+00','1','FALSE',null);
INSERT INTO kern.his_persafgeleidadministrati (id,pers,tsreg,tsverval,actieinh,actieverval,nadereaandverval,admhnd,tslaatstewijz,sorteervolgorde,indonverwbijhvoorstelnieting,tslaatstewijzgbasystematiek) VALUES('6083','6018','1984-04-11 04:00:00+00','1991-10-02 00:00:00+00','6955','6956',null,'6955','1984-04-11 00:00:00+00','1','FALSE',null);
INSERT INTO kern.his_persafgeleidadministrati (id,pers,tsreg,tsverval,actieinh,actieverval,nadereaandverval,admhnd,tslaatstewijz,sorteervolgorde,indonverwbijhvoorstelnieting,tslaatstewijzgbasystematiek) VALUES('6084','6018','1984-04-11 00:00:00+00','1984-04-11 04:00:00+00','6018','6955',null,'6018','1984-04-11 00:00:00+00','1','FALSE',null);
INSERT INTO kern.his_persafgeleidadministrati (id,pers,tsreg,tsverval,actieinh,actieverval,nadereaandverval,admhnd,tslaatstewijz,sorteervolgorde,indonverwbijhvoorstelnieting,tslaatstewijzgbasystematiek) VALUES('6085','6019','1990-11-11 00:00:00+00',null,'6954',null,null,'6954','1990-11-11 00:00:00+00','1','FALSE',null);
INSERT INTO kern.his_persafgeleidadministrati (id,pers,tsreg,tsverval,actieinh,actieverval,nadereaandverval,admhnd,tslaatstewijz,sorteervolgorde,indonverwbijhvoorstelnieting,tslaatstewijzgbasystematiek) VALUES('6086','6019','1974-10-26 04:00:00+00','1990-11-11 00:00:00+00','6953','6954',null,'6953','1974-10-26 00:00:00+00','1','FALSE',null);
INSERT INTO kern.his_persafgeleidadministrati (id,pers,tsreg,tsverval,actieinh,actieverval,nadereaandverval,admhnd,tslaatstewijz,sorteervolgorde,indonverwbijhvoorstelnieting,tslaatstewijzgbasystematiek) VALUES('6087','6019','1974-10-26 00:00:00+00','1974-10-26 04:00:00+00','6019','6953',null,'6019','1974-10-26 00:00:00+00','1','FALSE',null);
INSERT INTO kern.his_persafgeleidadministrati (id,pers,tsreg,tsverval,actieinh,actieverval,nadereaandverval,admhnd,tslaatstewijz,sorteervolgorde,indonverwbijhvoorstelnieting,tslaatstewijzgbasystematiek) VALUES('6088','6020','1995-10-03 00:00:00+00',null,'6636',null,null,'6636','1995-10-03 00:00:00+00','1','FALSE',null);
INSERT INTO kern.his_persafgeleidadministrati (id,pers,tsreg,tsverval,actieinh,actieverval,nadereaandverval,admhnd,tslaatstewijz,sorteervolgorde,indonverwbijhvoorstelnieting,tslaatstewijzgbasystematiek) VALUES('6089','6020','1990-01-01 00:00:00+00','1995-10-03 00:00:00+00','6046','6636',null,'6046','1990-01-01 00:00:00+00','1','FALSE',null);
INSERT INTO kern.his_persafgeleidadministrati (id,pers,tsreg,tsverval,actieinh,actieverval,nadereaandverval,admhnd,tslaatstewijz,sorteervolgorde,indonverwbijhvoorstelnieting,tslaatstewijzgbasystematiek) VALUES('6090','6020','1982-05-28 04:00:00+00','1990-01-01 00:00:00+00','6952','6046',null,'6952','1982-05-28 00:00:00+00','1','FALSE',null);
INSERT INTO kern.his_persafgeleidadministrati (id,pers,tsreg,tsverval,actieinh,actieverval,nadereaandverval,admhnd,tslaatstewijz,sorteervolgorde,indonverwbijhvoorstelnieting,tslaatstewijzgbasystematiek) VALUES('6091','6020','1982-05-28 00:00:00+00','1982-05-28 04:00:00+00','6948','6952',null,'6948','1982-05-28 00:00:00+00','1','FALSE',null);
INSERT INTO kern.his_persafgeleidadministrati (id,pers,tsreg,tsverval,actieinh,actieverval,nadereaandverval,admhnd,tslaatstewijz,sorteervolgorde,indonverwbijhvoorstelnieting,tslaatstewijzgbasystematiek) VALUES('6092','6020','1976-01-03 04:00:00+00','1982-05-28 00:00:00+00','6949','6948',null,'6949','1976-01-03 00:00:00+00','1','FALSE',null);
INSERT INTO kern.his_persafgeleidadministrati (id,pers,tsreg,tsverval,actieinh,actieverval,nadereaandverval,admhnd,tslaatstewijz,sorteervolgorde,indonverwbijhvoorstelnieting,tslaatstewijzgbasystematiek) VALUES('6093','6020','1976-01-03 00:00:00+00','1976-01-03 04:00:00+00','6020','6949',null,'6020','1976-01-03 00:00:00+00','1','FALSE',null);
INSERT INTO kern.his_persafgeleidadministrati (id,pers,tsreg,tsverval,actieinh,actieverval,nadereaandverval,admhnd,tslaatstewijz,sorteervolgorde,indonverwbijhvoorstelnieting,tslaatstewijzgbasystematiek) VALUES('6094','6021','2001-03-28 00:00:00+00',null,'6950',null,null,'6950','2001-03-28 00:00:00+00','1','FALSE',null);
INSERT INTO kern.his_persafgeleidadministrati (id,pers,tsreg,tsverval,actieinh,actieverval,nadereaandverval,admhnd,tslaatstewijz,sorteervolgorde,indonverwbijhvoorstelnieting,tslaatstewijzgbasystematiek) VALUES('6095','6021','1992-05-16 04:00:00+00','2001-03-28 00:00:00+00','6951','6950',null,'6951','1992-05-16 00:00:00+00','1','FALSE',null);
INSERT INTO kern.his_persafgeleidadministrati (id,pers,tsreg,tsverval,actieinh,actieverval,nadereaandverval,admhnd,tslaatstewijz,sorteervolgorde,indonverwbijhvoorstelnieting,tslaatstewijzgbasystematiek) VALUES('6096','6021','1992-05-16 00:00:00+00','1992-05-16 04:00:00+00','6021','6951',null,'6021','1992-05-16 00:00:00+00','1','FALSE',null);
INSERT INTO kern.his_persafgeleidadministrati (id,pers,tsreg,tsverval,actieinh,actieverval,nadereaandverval,admhnd,tslaatstewijz,sorteervolgorde,indonverwbijhvoorstelnieting,tslaatstewijzgbasystematiek) VALUES('6097','6022','2010-10-02 04:00:00+00',null,'6952',null,null,'6952','2010-10-02 00:00:00+00','1','FALSE',null);
INSERT INTO kern.his_persafgeleidadministrati (id,pers,tsreg,tsverval,actieinh,actieverval,nadereaandverval,admhnd,tslaatstewijz,sorteervolgorde,indonverwbijhvoorstelnieting,tslaatstewijzgbasystematiek) VALUES('6098','6022','2010-10-02 00:00:00+00','2010-10-02 04:00:00+00','6948','6952',null,'6948','2010-10-02 00:00:00+00','1','FALSE',null);
INSERT INTO kern.his_persafgeleidadministrati (id,pers,tsreg,tsverval,actieinh,actieverval,nadereaandverval,admhnd,tslaatstewijz,sorteervolgorde,indonverwbijhvoorstelnieting,tslaatstewijzgbasystematiek) VALUES('6099','6022','1995-11-10 00:00:00+00','2010-10-02 00:00:00+00','6947','6948',null,'6947','1995-11-10 00:00:00+00','1','FALSE',null);
INSERT INTO kern.his_persafgeleidadministrati (id,pers,tsreg,tsverval,actieinh,actieverval,nadereaandverval,admhnd,tslaatstewijz,sorteervolgorde,indonverwbijhvoorstelnieting,tslaatstewijzgbasystematiek) VALUES('6100','6022','1995-10-03 04:00:00+00','1995-11-10 00:00:00+00','6636','6947',null,'6636','1995-10-03 00:00:00+00','1','FALSE',null);
INSERT INTO kern.his_persafgeleidadministrati (id,pers,tsreg,tsverval,actieinh,actieverval,nadereaandverval,admhnd,tslaatstewijz,sorteervolgorde,indonverwbijhvoorstelnieting,tslaatstewijzgbasystematiek) VALUES('6101','6022','1995-10-03 00:00:00+00','1995-10-03 04:00:00+00','6022','6636',null,'6022','1995-10-03 00:00:00+00','1','FALSE',null);
INSERT INTO kern.his_persafgeleidadministrati (id,pers,tsreg,tsverval,actieinh,actieverval,nadereaandverval,admhnd,tslaatstewijz,sorteervolgorde,indonverwbijhvoorstelnieting,tslaatstewijzgbasystematiek) VALUES('6102','6023','1997-06-05 00:00:00+00',null,'6946',null,null,'6946','1997-06-05 00:00:00+00','1','FALSE',null);
INSERT INTO kern.his_persafgeleidadministrati (id,pers,tsreg,tsverval,actieinh,actieverval,nadereaandverval,admhnd,tslaatstewijz,sorteervolgorde,indonverwbijhvoorstelnieting,tslaatstewijzgbasystematiek) VALUES('6103','6023','1994-10-03 00:00:00+00','1997-06-05 00:00:00+00','6625','6946',null,'6625','1994-10-03 00:00:00+00','1','FALSE',null);
INSERT INTO kern.his_persafgeleidadministrati (id,pers,tsreg,tsverval,actieinh,actieverval,nadereaandverval,admhnd,tslaatstewijz,sorteervolgorde,indonverwbijhvoorstelnieting,tslaatstewijzgbasystematiek) VALUES('6104','6023','1968-03-10 04:00:00+00','1994-10-03 00:00:00+00','6945','6625',null,'6945','1968-03-10 00:00:00+00','1','FALSE',null);
INSERT INTO kern.his_persafgeleidadministrati (id,pers,tsreg,tsverval,actieinh,actieverval,nadereaandverval,admhnd,tslaatstewijz,sorteervolgorde,indonverwbijhvoorstelnieting,tslaatstewijzgbasystematiek) VALUES('6105','6023','1968-03-10 00:00:00+00','1968-03-10 04:00:00+00','6023','6945',null,'6023','1968-03-10 00:00:00+00','1','FALSE',null);
INSERT INTO kern.his_persafgeleidadministrati (id,pers,tsreg,tsverval,actieinh,actieverval,nadereaandverval,admhnd,tslaatstewijz,sorteervolgorde,indonverwbijhvoorstelnieting,tslaatstewijzgbasystematiek) VALUES('6106','6024','1979-09-28 00:00:00+00',null,'6944',null,null,'6944','1979-09-28 00:00:00+00','1','FALSE',null);
INSERT INTO kern.his_persafgeleidadministrati (id,pers,tsreg,tsverval,actieinh,actieverval,nadereaandverval,admhnd,tslaatstewijz,sorteervolgorde,indonverwbijhvoorstelnieting,tslaatstewijzgbasystematiek) VALUES('6107','6024','1977-04-01 04:00:00+00','1979-09-28 00:00:00+00','6943','6944',null,'6943','1977-04-01 00:00:00+00','1','FALSE',null);
INSERT INTO kern.his_persafgeleidadministrati (id,pers,tsreg,tsverval,actieinh,actieverval,nadereaandverval,admhnd,tslaatstewijz,sorteervolgorde,indonverwbijhvoorstelnieting,tslaatstewijzgbasystematiek) VALUES('6108','6024','1977-04-01 00:00:00+00','1977-04-01 04:00:00+00','6024','6943',null,'6024','1977-04-01 00:00:00+00','1','FALSE',null);
INSERT INTO kern.his_persafgeleidadministrati (id,pers,tsreg,tsverval,actieinh,actieverval,nadereaandverval,admhnd,tslaatstewijz,sorteervolgorde,indonverwbijhvoorstelnieting,tslaatstewijzgbasystematiek) VALUES('6109','6025','1995-09-29 00:00:00+00',null,'6942',null,null,'6942','1995-09-29 00:00:00+00','1','FALSE',null);
INSERT INTO kern.his_persafgeleidadministrati (id,pers,tsreg,tsverval,actieinh,actieverval,nadereaandverval,admhnd,tslaatstewijz,sorteervolgorde,indonverwbijhvoorstelnieting,tslaatstewijzgbasystematiek) VALUES('6110','6025','1988-06-11 04:00:00+00','1995-09-29 00:00:00+00','6941','6942',null,'6941','1988-06-11 00:00:00+00','1','FALSE',null);
INSERT INTO kern.his_persafgeleidadministrati (id,pers,tsreg,tsverval,actieinh,actieverval,nadereaandverval,admhnd,tslaatstewijz,sorteervolgorde,indonverwbijhvoorstelnieting,tslaatstewijzgbasystematiek) VALUES('6111','6025','1988-06-11 00:00:00+00','1988-06-11 04:00:00+00','6025','6941',null,'6025','1988-06-11 00:00:00+00','1','FALSE',null);
INSERT INTO kern.his_persafgeleidadministrati (id,pers,tsreg,tsverval,actieinh,actieverval,nadereaandverval,admhnd,tslaatstewijz,sorteervolgorde,indonverwbijhvoorstelnieting,tslaatstewijzgbasystematiek) VALUES('6112','6026','2000-01-01 00:00:00+00',null,'6940',null,null,'6940','2000-01-01 00:00:00+00','1','FALSE',null);
INSERT INTO kern.his_persafgeleidadministrati (id,pers,tsreg,tsverval,actieinh,actieverval,nadereaandverval,admhnd,tslaatstewijz,sorteervolgorde,indonverwbijhvoorstelnieting,tslaatstewijzgbasystematiek) VALUES('6113','6026','1991-07-21 04:00:00+00','2000-01-01 00:00:00+00','6939','6940',null,'6939','1991-07-21 00:00:00+00','1','FALSE',null);
INSERT INTO kern.his_persafgeleidadministrati (id,pers,tsreg,tsverval,actieinh,actieverval,nadereaandverval,admhnd,tslaatstewijz,sorteervolgorde,indonverwbijhvoorstelnieting,tslaatstewijzgbasystematiek) VALUES('6114','6026','1991-07-21 00:00:00+00','1991-07-21 04:00:00+00','6026','6939',null,'6026','1991-07-21 00:00:00+00','1','FALSE',null);
INSERT INTO kern.his_persafgeleidadministrati (id,pers,tsreg,tsverval,actieinh,actieverval,nadereaandverval,admhnd,tslaatstewijz,sorteervolgorde,indonverwbijhvoorstelnieting,tslaatstewijzgbasystematiek) VALUES('6115','6027','2003-10-24 00:00:00+00',null,'6938',null,null,'6938','2003-10-24 00:00:00+00','1','FALSE',null);
INSERT INTO kern.his_persafgeleidadministrati (id,pers,tsreg,tsverval,actieinh,actieverval,nadereaandverval,admhnd,tslaatstewijz,sorteervolgorde,indonverwbijhvoorstelnieting,tslaatstewijzgbasystematiek) VALUES('6116','6027','1991-09-11 08:00:00+00','2003-10-24 00:00:00+00','6937','6938',null,'6937','1991-09-11 00:00:00+00','1','FALSE',null);
INSERT INTO kern.his_persafgeleidadministrati (id,pers,tsreg,tsverval,actieinh,actieverval,nadereaandverval,admhnd,tslaatstewijz,sorteervolgorde,indonverwbijhvoorstelnieting,tslaatstewijzgbasystematiek) VALUES('6117','6027','1991-09-11 04:00:00+00','1991-09-11 08:00:00+00','6627','6937',null,'6627','1991-09-11 00:00:00+00','1','FALSE',null);
INSERT INTO kern.his_persafgeleidadministrati (id,pers,tsreg,tsverval,actieinh,actieverval,nadereaandverval,admhnd,tslaatstewijz,sorteervolgorde,indonverwbijhvoorstelnieting,tslaatstewijzgbasystematiek) VALUES('6118','6027','1991-09-11 00:00:00+00','1991-09-11 04:00:00+00','6027','6627',null,'6027','1991-09-11 00:00:00+00','1','FALSE',null);
INSERT INTO kern.his_persafgeleidadministrati (id,pers,tsreg,tsverval,actieinh,actieverval,nadereaandverval,admhnd,tslaatstewijz,sorteervolgorde,indonverwbijhvoorstelnieting,tslaatstewijzgbasystematiek) VALUES('6119','6028','2000-10-22 00:00:00+00',null,'6628',null,null,'6628','2000-10-22 00:00:00+00','1','FALSE',null);
INSERT INTO kern.his_persafgeleidadministrati (id,pers,tsreg,tsverval,actieinh,actieverval,nadereaandverval,admhnd,tslaatstewijz,sorteervolgorde,indonverwbijhvoorstelnieting,tslaatstewijzgbasystematiek) VALUES('6120','6028','1999-06-16 00:00:00+00','2000-10-22 00:00:00+00','6936','6628',null,'6936','1999-06-16 00:00:00+00','1','FALSE',null);
INSERT INTO kern.his_persafgeleidadministrati (id,pers,tsreg,tsverval,actieinh,actieverval,nadereaandverval,admhnd,tslaatstewijz,sorteervolgorde,indonverwbijhvoorstelnieting,tslaatstewijzgbasystematiek) VALUES('6121','6028','1990-07-22 04:00:00+00','1999-06-16 00:00:00+00','6935','6936',null,'6935','1990-07-22 00:00:00+00','1','FALSE',null);
INSERT INTO kern.his_persafgeleidadministrati (id,pers,tsreg,tsverval,actieinh,actieverval,nadereaandverval,admhnd,tslaatstewijz,sorteervolgorde,indonverwbijhvoorstelnieting,tslaatstewijzgbasystematiek) VALUES('6122','6028','1990-07-22 00:00:00+00','1990-07-22 04:00:00+00','6028','6935',null,'6028','1990-07-22 00:00:00+00','1','FALSE',null);
INSERT INTO kern.his_persafgeleidadministrati (id,pers,tsreg,tsverval,actieinh,actieverval,nadereaandverval,admhnd,tslaatstewijz,sorteervolgorde,indonverwbijhvoorstelnieting,tslaatstewijzgbasystematiek) VALUES('6123','6029','1920-04-30 00:00:00+00',null,'6029',null,null,'6029','1920-04-30 00:00:00+00','1','FALSE',null);
INSERT INTO kern.his_persafgeleidadministrati (id,pers,tsreg,tsverval,actieinh,actieverval,nadereaandverval,admhnd,tslaatstewijz,sorteervolgorde,indonverwbijhvoorstelnieting,tslaatstewijzgbasystematiek) VALUES('6124','6030','2012-06-20 00:00:00+00',null,'6934',null,null,'6934','2012-06-20 00:00:00+00','1','FALSE',null);
INSERT INTO kern.his_persafgeleidadministrati (id,pers,tsreg,tsverval,actieinh,actieverval,nadereaandverval,admhnd,tslaatstewijz,sorteervolgorde,indonverwbijhvoorstelnieting,tslaatstewijzgbasystematiek) VALUES('6125','6030','2009-12-01 00:00:00+00','2012-06-20 00:00:00+00','6933','6934',null,'6933','2009-12-01 00:00:00+00','1','FALSE',null);
INSERT INTO kern.his_persafgeleidadministrati (id,pers,tsreg,tsverval,actieinh,actieverval,nadereaandverval,admhnd,tslaatstewijz,sorteervolgorde,indonverwbijhvoorstelnieting,tslaatstewijzgbasystematiek) VALUES('6126','6030','2006-02-01 00:00:00+00','2009-12-01 00:00:00+00','6932','6933',null,'6932','2006-02-01 00:00:00+00','1','FALSE',null);
INSERT INTO kern.his_persafgeleidadministrati (id,pers,tsreg,tsverval,actieinh,actieverval,nadereaandverval,admhnd,tslaatstewijz,sorteervolgorde,indonverwbijhvoorstelnieting,tslaatstewijzgbasystematiek) VALUES('6127','6030','1922-04-19 04:00:00+00','2006-02-01 00:00:00+00','6931','6932',null,'6931','1922-04-19 00:00:00+00','1','FALSE',null);
INSERT INTO kern.his_persafgeleidadministrati (id,pers,tsreg,tsverval,actieinh,actieverval,nadereaandverval,admhnd,tslaatstewijz,sorteervolgorde,indonverwbijhvoorstelnieting,tslaatstewijzgbasystematiek) VALUES('6128','6030','1922-04-19 00:00:00+00','1922-04-19 04:00:00+00','6030','6931',null,'6030','1922-04-19 00:00:00+00','1','FALSE',null);
INSERT INTO kern.his_persafgeleidadministrati (id,pers,tsreg,tsverval,actieinh,actieverval,nadereaandverval,admhnd,tslaatstewijz,sorteervolgorde,indonverwbijhvoorstelnieting,tslaatstewijzgbasystematiek) VALUES('6129','6031','2012-03-06 00:00:00+00',null,'6930',null,null,'6930','2012-03-06 00:00:00+00','1','FALSE',null);
INSERT INTO kern.his_persafgeleidadministrati (id,pers,tsreg,tsverval,actieinh,actieverval,nadereaandverval,admhnd,tslaatstewijz,sorteervolgorde,indonverwbijhvoorstelnieting,tslaatstewijzgbasystematiek) VALUES('6130','6031','2001-09-26 00:00:00+00','2012-03-06 00:00:00+00','6929','6930',null,'6929','2001-09-26 00:00:00+00','1','FALSE',null);
INSERT INTO kern.his_persafgeleidadministrati (id,pers,tsreg,tsverval,actieinh,actieverval,nadereaandverval,admhnd,tslaatstewijz,sorteervolgorde,indonverwbijhvoorstelnieting,tslaatstewijzgbasystematiek) VALUES('6131','6031','2000-08-27 00:00:00+00','2001-09-26 00:00:00+00','6928','6929',null,'6928','2000-08-27 00:00:00+00','1','FALSE',null);
INSERT INTO kern.his_persafgeleidadministrati (id,pers,tsreg,tsverval,actieinh,actieverval,nadereaandverval,admhnd,tslaatstewijz,sorteervolgorde,indonverwbijhvoorstelnieting,tslaatstewijzgbasystematiek) VALUES('6132','6031','1992-02-19 04:00:00+00','2000-08-27 00:00:00+00','6927','6928',null,'6927','1992-02-19 00:00:00+00','1','FALSE',null);
INSERT INTO kern.his_persafgeleidadministrati (id,pers,tsreg,tsverval,actieinh,actieverval,nadereaandverval,admhnd,tslaatstewijz,sorteervolgorde,indonverwbijhvoorstelnieting,tslaatstewijzgbasystematiek) VALUES('6133','6031','1992-02-19 00:00:00+00','1992-02-19 04:00:00+00','6031','6927',null,'6031','1992-02-19 00:00:00+00','1','FALSE',null);
INSERT INTO kern.his_persafgeleidadministrati (id,pers,tsreg,tsverval,actieinh,actieverval,nadereaandverval,admhnd,tslaatstewijz,sorteervolgorde,indonverwbijhvoorstelnieting,tslaatstewijzgbasystematiek) VALUES('6134','6032','2012-06-21 00:00:00+00',null,'6926',null,null,'6926','2012-06-21 00:00:00+00','1','FALSE',null);
INSERT INTO kern.his_persafgeleidadministrati (id,pers,tsreg,tsverval,actieinh,actieverval,nadereaandverval,admhnd,tslaatstewijz,sorteervolgorde,indonverwbijhvoorstelnieting,tslaatstewijzgbasystematiek) VALUES('6135','6032','2001-03-01 00:00:00+00','2012-06-21 00:00:00+00','6925','6926',null,'6925','2001-03-01 00:00:00+00','1','FALSE',null);
INSERT INTO kern.his_persafgeleidadministrati (id,pers,tsreg,tsverval,actieinh,actieverval,nadereaandverval,admhnd,tslaatstewijz,sorteervolgorde,indonverwbijhvoorstelnieting,tslaatstewijzgbasystematiek) VALUES('6136','6032','1976-07-01 00:00:00+00','2001-03-01 00:00:00+00','6632','6925',null,'6632','1976-07-01 00:00:00+00','1','FALSE',null);
INSERT INTO kern.his_persafgeleidadministrati (id,pers,tsreg,tsverval,actieinh,actieverval,nadereaandverval,admhnd,tslaatstewijz,sorteervolgorde,indonverwbijhvoorstelnieting,tslaatstewijzgbasystematiek) VALUES('6137','6032','1967-06-01 00:00:00+00','1976-07-01 00:00:00+00','6924','6632',null,'6924','1967-06-01 00:00:00+00','1','FALSE',null);
INSERT INTO kern.his_persafgeleidadministrati (id,pers,tsreg,tsverval,actieinh,actieverval,nadereaandverval,admhnd,tslaatstewijz,sorteervolgorde,indonverwbijhvoorstelnieting,tslaatstewijzgbasystematiek) VALUES('6138','6032','1951-09-23 04:00:00+00','1967-06-01 00:00:00+00','6923','6924',null,'6923','1951-09-23 00:00:00+00','1','FALSE',null);
INSERT INTO kern.his_persafgeleidadministrati (id,pers,tsreg,tsverval,actieinh,actieverval,nadereaandverval,admhnd,tslaatstewijz,sorteervolgorde,indonverwbijhvoorstelnieting,tslaatstewijzgbasystematiek) VALUES('6139','6032','1951-09-23 00:00:00+00','1951-09-23 04:00:00+00','6032','6923',null,'6032','1951-09-23 00:00:00+00','1','FALSE',null);
INSERT INTO kern.his_persafgeleidadministrati (id,pers,tsreg,tsverval,actieinh,actieverval,nadereaandverval,admhnd,tslaatstewijz,sorteervolgorde,indonverwbijhvoorstelnieting,tslaatstewijzgbasystematiek) VALUES('6140','6033','2012-06-21 00:00:00+00',null,'6922',null,null,'6922','2012-06-21 00:00:00+00','1','FALSE',null);
INSERT INTO kern.his_persafgeleidadministrati (id,pers,tsreg,tsverval,actieinh,actieverval,nadereaandverval,admhnd,tslaatstewijz,sorteervolgorde,indonverwbijhvoorstelnieting,tslaatstewijzgbasystematiek) VALUES('6141','6033','2001-03-01 00:00:00+00','2012-06-21 00:00:00+00','6921','6922',null,'6921','2001-03-01 00:00:00+00','1','FALSE',null);
INSERT INTO kern.his_persafgeleidadministrati (id,pers,tsreg,tsverval,actieinh,actieverval,nadereaandverval,admhnd,tslaatstewijz,sorteervolgorde,indonverwbijhvoorstelnieting,tslaatstewijzgbasystematiek) VALUES('6142','6033','1976-07-01 00:00:00+00','2001-03-01 00:00:00+00','6632','6921',null,'6632','1976-07-01 00:00:00+00','1','FALSE',null);
INSERT INTO kern.his_persafgeleidadministrati (id,pers,tsreg,tsverval,actieinh,actieverval,nadereaandverval,admhnd,tslaatstewijz,sorteervolgorde,indonverwbijhvoorstelnieting,tslaatstewijzgbasystematiek) VALUES('6143','6033','1967-06-01 00:00:00+00','1976-07-01 00:00:00+00','6920','6632',null,'6920','1967-06-01 00:00:00+00','1','FALSE',null);
INSERT INTO kern.his_persafgeleidadministrati (id,pers,tsreg,tsverval,actieinh,actieverval,nadereaandverval,admhnd,tslaatstewijz,sorteervolgorde,indonverwbijhvoorstelnieting,tslaatstewijzgbasystematiek) VALUES('6144','6033','1953-11-16 04:00:00+00','1967-06-01 00:00:00+00','6919','6920',null,'6919','1953-11-16 00:00:00+00','1','FALSE',null);
INSERT INTO kern.his_persafgeleidadministrati (id,pers,tsreg,tsverval,actieinh,actieverval,nadereaandverval,admhnd,tslaatstewijz,sorteervolgorde,indonverwbijhvoorstelnieting,tslaatstewijzgbasystematiek) VALUES('6145','6033','1953-11-16 00:00:00+00','1953-11-16 04:00:00+00','6033','6919',null,'6033','1953-11-16 00:00:00+00','1','FALSE',null);
INSERT INTO kern.his_persafgeleidadministrati (id,pers,tsreg,tsverval,actieinh,actieverval,nadereaandverval,admhnd,tslaatstewijz,sorteervolgorde,indonverwbijhvoorstelnieting,tslaatstewijzgbasystematiek) VALUES('6146','6034','2009-07-01 00:00:00+00',null,'6918',null,null,'6918','2009-07-01 00:00:00+00','1','FALSE',null);
INSERT INTO kern.his_persafgeleidadministrati (id,pers,tsreg,tsverval,actieinh,actieverval,nadereaandverval,admhnd,tslaatstewijz,sorteervolgorde,indonverwbijhvoorstelnieting,tslaatstewijzgbasystematiek) VALUES('6147','6034','2008-02-18 00:00:00+00','2009-07-01 00:00:00+00','6917','6918',null,'6917','2008-02-18 00:00:00+00','1','FALSE',null);
INSERT INTO kern.his_persafgeleidadministrati (id,pers,tsreg,tsverval,actieinh,actieverval,nadereaandverval,admhnd,tslaatstewijz,sorteervolgorde,indonverwbijhvoorstelnieting,tslaatstewijzgbasystematiek) VALUES('6148','6034','2007-04-06 00:00:00+00','2008-02-18 00:00:00+00','6916','6917',null,'6916','2007-04-06 00:00:00+00','1','FALSE',null);
INSERT INTO kern.his_persafgeleidadministrati (id,pers,tsreg,tsverval,actieinh,actieverval,nadereaandverval,admhnd,tslaatstewijz,sorteervolgorde,indonverwbijhvoorstelnieting,tslaatstewijzgbasystematiek) VALUES('6149','6034','1939-04-02 04:00:00+00','2007-04-06 00:00:00+00','6915','6916',null,'6915','1939-04-02 00:00:00+00','1','FALSE',null);
INSERT INTO kern.his_persafgeleidadministrati (id,pers,tsreg,tsverval,actieinh,actieverval,nadereaandverval,admhnd,tslaatstewijz,sorteervolgorde,indonverwbijhvoorstelnieting,tslaatstewijzgbasystematiek) VALUES('6150','6034','1939-04-02 00:00:00+00','1939-04-02 04:00:00+00','6034','6915',null,'6034','1939-04-02 00:00:00+00','1','FALSE',null);
INSERT INTO kern.his_persafgeleidadministrati (id,pers,tsreg,tsverval,actieinh,actieverval,nadereaandverval,admhnd,tslaatstewijz,sorteervolgorde,indonverwbijhvoorstelnieting,tslaatstewijzgbasystematiek) VALUES('6151','6035','2009-03-01 00:00:00+00',null,'6914',null,null,'6914','2009-03-01 00:00:00+00','1','FALSE',null);
INSERT INTO kern.his_persafgeleidadministrati (id,pers,tsreg,tsverval,actieinh,actieverval,nadereaandverval,admhnd,tslaatstewijz,sorteervolgorde,indonverwbijhvoorstelnieting,tslaatstewijzgbasystematiek) VALUES('6152','6035','2008-11-01 00:00:00+00','2009-03-01 00:00:00+00','6913','6914',null,'6913','2008-11-01 00:00:00+00','1','FALSE',null);
INSERT INTO kern.his_persafgeleidadministrati (id,pers,tsreg,tsverval,actieinh,actieverval,nadereaandverval,admhnd,tslaatstewijz,sorteervolgorde,indonverwbijhvoorstelnieting,tslaatstewijzgbasystematiek) VALUES('6153','6035','2006-03-15 00:00:00+00','2008-11-01 00:00:00+00','6633','6913',null,'6633','2006-03-15 00:00:00+00','1','FALSE',null);
INSERT INTO kern.his_persafgeleidadministrati (id,pers,tsreg,tsverval,actieinh,actieverval,nadereaandverval,admhnd,tslaatstewijz,sorteervolgorde,indonverwbijhvoorstelnieting,tslaatstewijzgbasystematiek) VALUES('6154','6035','2005-12-01 00:00:00+00','2006-03-15 00:00:00+00','6635','6633',null,'6635','2005-12-01 00:00:00+00','1','FALSE',null);
INSERT INTO kern.his_persafgeleidadministrati (id,pers,tsreg,tsverval,actieinh,actieverval,nadereaandverval,admhnd,tslaatstewijz,sorteervolgorde,indonverwbijhvoorstelnieting,tslaatstewijzgbasystematiek) VALUES('6155','6035','2005-01-12 00:00:00+00','2005-12-01 00:00:00+00','6634','6635',null,'6634','2005-01-12 00:00:00+00','1','FALSE',null);
INSERT INTO kern.his_persafgeleidadministrati (id,pers,tsreg,tsverval,actieinh,actieverval,nadereaandverval,admhnd,tslaatstewijz,sorteervolgorde,indonverwbijhvoorstelnieting,tslaatstewijzgbasystematiek) VALUES('6156','6035','2005-01-01 00:00:00+00','2005-01-12 00:00:00+00','6912','6634',null,'6912','2005-01-01 00:00:00+00','1','FALSE',null);
INSERT INTO kern.his_persafgeleidadministrati (id,pers,tsreg,tsverval,actieinh,actieverval,nadereaandverval,admhnd,tslaatstewijz,sorteervolgorde,indonverwbijhvoorstelnieting,tslaatstewijzgbasystematiek) VALUES('6157','6035','1984-12-03 04:00:00+00','2005-01-01 00:00:00+00','6911','6912',null,'6911','1984-12-03 00:00:00+00','1','FALSE',null);
INSERT INTO kern.his_persafgeleidadministrati (id,pers,tsreg,tsverval,actieinh,actieverval,nadereaandverval,admhnd,tslaatstewijz,sorteervolgorde,indonverwbijhvoorstelnieting,tslaatstewijzgbasystematiek) VALUES('6158','6035','1984-12-03 00:00:00+00','1984-12-03 04:00:00+00','6035','6911',null,'6035','1984-12-03 00:00:00+00','1','FALSE',null);
INSERT INTO kern.his_persafgeleidadministrati (id,pers,tsreg,tsverval,actieinh,actieverval,nadereaandverval,admhnd,tslaatstewijz,sorteervolgorde,indonverwbijhvoorstelnieting,tslaatstewijzgbasystematiek) VALUES('6159','6036','2009-03-01 00:00:00+00',null,'6910',null,null,'6910','2009-03-01 00:00:00+00','1','FALSE',null);
INSERT INTO kern.his_persafgeleidadministrati (id,pers,tsreg,tsverval,actieinh,actieverval,nadereaandverval,admhnd,tslaatstewijz,sorteervolgorde,indonverwbijhvoorstelnieting,tslaatstewijzgbasystematiek) VALUES('6160','6036','2008-11-01 00:00:00+00','2009-03-01 00:00:00+00','6909','6910',null,'6909','2008-11-01 00:00:00+00','1','FALSE',null);
INSERT INTO kern.his_persafgeleidadministrati (id,pers,tsreg,tsverval,actieinh,actieverval,nadereaandverval,admhnd,tslaatstewijz,sorteervolgorde,indonverwbijhvoorstelnieting,tslaatstewijzgbasystematiek) VALUES('6161','6036','2006-03-15 00:00:00+00','2008-11-01 00:00:00+00','6633','6909',null,'6633','2006-03-15 00:00:00+00','1','FALSE',null);
INSERT INTO kern.his_persafgeleidadministrati (id,pers,tsreg,tsverval,actieinh,actieverval,nadereaandverval,admhnd,tslaatstewijz,sorteervolgorde,indonverwbijhvoorstelnieting,tslaatstewijzgbasystematiek) VALUES('6162','6036','2005-12-01 00:00:00+00','2006-03-15 00:00:00+00','6635','6633',null,'6635','2005-12-01 00:00:00+00','1','FALSE',null);
INSERT INTO kern.his_persafgeleidadministrati (id,pers,tsreg,tsverval,actieinh,actieverval,nadereaandverval,admhnd,tslaatstewijz,sorteervolgorde,indonverwbijhvoorstelnieting,tslaatstewijzgbasystematiek) VALUES('6163','6036','2005-01-12 00:00:00+00','2005-12-01 00:00:00+00','6634','6635',null,'6634','2005-01-12 00:00:00+00','1','FALSE',null);
INSERT INTO kern.his_persafgeleidadministrati (id,pers,tsreg,tsverval,actieinh,actieverval,nadereaandverval,admhnd,tslaatstewijz,sorteervolgorde,indonverwbijhvoorstelnieting,tslaatstewijzgbasystematiek) VALUES('6164','6036','2005-01-01 00:00:00+00','2005-01-12 00:00:00+00','6908','6634',null,'6908','2005-01-01 00:00:00+00','1','FALSE',null);
INSERT INTO kern.his_persafgeleidadministrati (id,pers,tsreg,tsverval,actieinh,actieverval,nadereaandverval,admhnd,tslaatstewijz,sorteervolgorde,indonverwbijhvoorstelnieting,tslaatstewijzgbasystematiek) VALUES('6165','6036','1985-10-11 04:00:00+00','2005-01-01 00:00:00+00','6907','6908',null,'6907','1985-10-11 00:00:00+00','1','FALSE',null);
INSERT INTO kern.his_persafgeleidadministrati (id,pers,tsreg,tsverval,actieinh,actieverval,nadereaandverval,admhnd,tslaatstewijz,sorteervolgorde,indonverwbijhvoorstelnieting,tslaatstewijzgbasystematiek) VALUES('6166','6036','1985-10-11 00:00:00+00','1985-10-11 04:00:00+00','6036','6907',null,'6036','1985-10-11 00:00:00+00','1','FALSE',null);
INSERT INTO kern.his_persafgeleidadministrati (id,pers,tsreg,tsverval,actieinh,actieverval,nadereaandverval,admhnd,tslaatstewijz,sorteervolgorde,indonverwbijhvoorstelnieting,tslaatstewijzgbasystematiek) VALUES('6167','6037','2009-03-01 00:00:00+00',null,'6906',null,null,'6906','2009-03-01 00:00:00+00','1','FALSE',null);
INSERT INTO kern.his_persafgeleidadministrati (id,pers,tsreg,tsverval,actieinh,actieverval,nadereaandverval,admhnd,tslaatstewijz,sorteervolgorde,indonverwbijhvoorstelnieting,tslaatstewijzgbasystematiek) VALUES('6168','6037','2008-11-01 00:00:00+00','2009-03-01 00:00:00+00','6905','6906',null,'6905','2008-11-01 00:00:00+00','1','FALSE',null);
INSERT INTO kern.his_persafgeleidadministrati (id,pers,tsreg,tsverval,actieinh,actieverval,nadereaandverval,admhnd,tslaatstewijz,sorteervolgorde,indonverwbijhvoorstelnieting,tslaatstewijzgbasystematiek) VALUES('6169','6037','2005-01-12 08:00:00+00','2008-11-01 00:00:00+00','6904','6905',null,'6904','2005-01-12 00:00:00+00','1','FALSE',null);
INSERT INTO kern.his_persafgeleidadministrati (id,pers,tsreg,tsverval,actieinh,actieverval,nadereaandverval,admhnd,tslaatstewijz,sorteervolgorde,indonverwbijhvoorstelnieting,tslaatstewijzgbasystematiek) VALUES('6170','6037','2005-01-12 04:00:00+00','2005-01-12 08:00:00+00','6634','6904',null,'6634','2005-01-12 00:00:00+00','1','FALSE',null);
INSERT INTO kern.his_persafgeleidadministrati (id,pers,tsreg,tsverval,actieinh,actieverval,nadereaandverval,admhnd,tslaatstewijz,sorteervolgorde,indonverwbijhvoorstelnieting,tslaatstewijzgbasystematiek) VALUES('6171','6037','2005-01-12 00:00:00+00','2005-01-12 04:00:00+00','6037','6634',null,'6037','2005-01-12 00:00:00+00','1','FALSE',null);
INSERT INTO kern.his_persafgeleidadministrati (id,pers,tsreg,tsverval,actieinh,actieverval,nadereaandverval,admhnd,tslaatstewijz,sorteervolgorde,indonverwbijhvoorstelnieting,tslaatstewijzgbasystematiek) VALUES('6172','6038','2009-03-01 00:00:00+00',null,'6903',null,null,'6903','2009-03-01 00:00:00+00','1','FALSE',null);
INSERT INTO kern.his_persafgeleidadministrati (id,pers,tsreg,tsverval,actieinh,actieverval,nadereaandverval,admhnd,tslaatstewijz,sorteervolgorde,indonverwbijhvoorstelnieting,tslaatstewijzgbasystematiek) VALUES('6173','6038','2008-11-01 00:00:00+00','2009-03-01 00:00:00+00','6902','6903',null,'6902','2008-11-01 00:00:00+00','1','FALSE',null);
INSERT INTO kern.his_persafgeleidadministrati (id,pers,tsreg,tsverval,actieinh,actieverval,nadereaandverval,admhnd,tslaatstewijz,sorteervolgorde,indonverwbijhvoorstelnieting,tslaatstewijzgbasystematiek) VALUES('6174','6038','2005-12-01 08:00:00+00','2008-11-01 00:00:00+00','6901','6902',null,'6901','2005-12-01 00:00:00+00','1','FALSE',null);
INSERT INTO kern.his_persafgeleidadministrati (id,pers,tsreg,tsverval,actieinh,actieverval,nadereaandverval,admhnd,tslaatstewijz,sorteervolgorde,indonverwbijhvoorstelnieting,tslaatstewijzgbasystematiek) VALUES('6175','6038','2005-12-01 04:00:00+00','2005-12-01 08:00:00+00','6635','6901',null,'6635','2005-12-01 00:00:00+00','1','FALSE',null);
INSERT INTO kern.his_persafgeleidadministrati (id,pers,tsreg,tsverval,actieinh,actieverval,nadereaandverval,admhnd,tslaatstewijz,sorteervolgorde,indonverwbijhvoorstelnieting,tslaatstewijzgbasystematiek) VALUES('6176','6038','2005-12-01 00:00:00+00','2005-12-01 04:00:00+00','6038','6635',null,'6038','2005-12-01 00:00:00+00','1','FALSE',null);
INSERT INTO kern.his_persafgeleidadministrati (id,pers,tsreg,tsverval,actieinh,actieverval,nadereaandverval,admhnd,tslaatstewijz,sorteervolgorde,indonverwbijhvoorstelnieting,tslaatstewijzgbasystematiek) VALUES('6177','6039','2012-05-22 00:00:00+00',null,'6900',null,null,'6900','2012-05-22 00:00:00+00','1','FALSE',null);
INSERT INTO kern.his_persafgeleidadministrati (id,pers,tsreg,tsverval,actieinh,actieverval,nadereaandverval,admhnd,tslaatstewijz,sorteervolgorde,indonverwbijhvoorstelnieting,tslaatstewijzgbasystematiek) VALUES('6178','6039','2011-12-01 00:00:00+00','2012-05-22 00:00:00+00','6899','6900',null,'6899','2011-12-01 00:00:00+00','1','FALSE',null);
INSERT INTO kern.his_persafgeleidadministrati (id,pers,tsreg,tsverval,actieinh,actieverval,nadereaandverval,admhnd,tslaatstewijz,sorteervolgorde,indonverwbijhvoorstelnieting,tslaatstewijzgbasystematiek) VALUES('6179','6039','2010-12-01 00:00:00+00','2011-12-01 00:00:00+00','6898','6899',null,'6898','2010-12-01 00:00:00+00','1','FALSE',null);
INSERT INTO kern.his_persafgeleidadministrati (id,pers,tsreg,tsverval,actieinh,actieverval,nadereaandverval,admhnd,tslaatstewijz,sorteervolgorde,indonverwbijhvoorstelnieting,tslaatstewijzgbasystematiek) VALUES('6180','6039','2005-11-13 00:00:00+00','2010-12-01 00:00:00+00','6644','6898',null,'6644','2005-11-13 00:00:00+00','1','FALSE',null);
INSERT INTO kern.his_persafgeleidadministrati (id,pers,tsreg,tsverval,actieinh,actieverval,nadereaandverval,admhnd,tslaatstewijz,sorteervolgorde,indonverwbijhvoorstelnieting,tslaatstewijzgbasystematiek) VALUES('6181','6039','2005-01-12 00:00:00+00','2005-11-13 00:00:00+00','6638','6644',null,'6638','2005-01-12 00:00:00+00','1','FALSE',null);
INSERT INTO kern.his_persafgeleidadministrati (id,pers,tsreg,tsverval,actieinh,actieverval,nadereaandverval,admhnd,tslaatstewijz,sorteervolgorde,indonverwbijhvoorstelnieting,tslaatstewijzgbasystematiek) VALUES('6182','6039','1991-03-15 04:00:00+00','2005-01-12 00:00:00+00','6897','6638',null,'6897','1991-03-15 00:00:00+00','1','FALSE',null);
INSERT INTO kern.his_persafgeleidadministrati (id,pers,tsreg,tsverval,actieinh,actieverval,nadereaandverval,admhnd,tslaatstewijz,sorteervolgorde,indonverwbijhvoorstelnieting,tslaatstewijzgbasystematiek) VALUES('6183','6039','1991-03-15 00:00:00+00','1991-03-15 04:00:00+00','6039','6897',null,'6039','1991-03-15 00:00:00+00','1','FALSE',null);
INSERT INTO kern.his_persafgeleidadministrati (id,pers,tsreg,tsverval,actieinh,actieverval,nadereaandverval,admhnd,tslaatstewijz,sorteervolgorde,indonverwbijhvoorstelnieting,tslaatstewijzgbasystematiek) VALUES('6184','6040','2001-05-17 04:00:00+00',null,'6896',null,null,'6896','2001-05-17 00:00:00+00','1','FALSE',null);
INSERT INTO kern.his_persafgeleidadministrati (id,pers,tsreg,tsverval,actieinh,actieverval,nadereaandverval,admhnd,tslaatstewijz,sorteervolgorde,indonverwbijhvoorstelnieting,tslaatstewijzgbasystematiek) VALUES('6185','6040','2001-05-17 00:00:00+00','2001-05-17 04:00:00+00','6040','6896',null,'6040','2001-05-17 00:00:00+00','1','FALSE',null);
INSERT INTO kern.his_persafgeleidadministrati (id,pers,tsreg,tsverval,actieinh,actieverval,nadereaandverval,admhnd,tslaatstewijz,sorteervolgorde,indonverwbijhvoorstelnieting,tslaatstewijzgbasystematiek) VALUES('6186','6041','2009-02-06 00:00:00+00',null,'6629',null,null,'6629','2009-02-06 00:00:00+00','1','FALSE',null);
INSERT INTO kern.his_persafgeleidadministrati (id,pers,tsreg,tsverval,actieinh,actieverval,nadereaandverval,admhnd,tslaatstewijz,sorteervolgorde,indonverwbijhvoorstelnieting,tslaatstewijzgbasystematiek) VALUES('6187','6041','2009-02-01 00:00:00+00','2009-02-06 00:00:00+00','6895','6629',null,'6895','2009-02-01 00:00:00+00','1','FALSE',null);
INSERT INTO kern.his_persafgeleidadministrati (id,pers,tsreg,tsverval,actieinh,actieverval,nadereaandverval,admhnd,tslaatstewijz,sorteervolgorde,indonverwbijhvoorstelnieting,tslaatstewijzgbasystematiek) VALUES('6188','6041','2006-05-23 00:00:00+00','2009-02-01 00:00:00+00','6894','6895',null,'6894','2006-05-23 00:00:00+00','1','FALSE',null);
INSERT INTO kern.his_persafgeleidadministrati (id,pers,tsreg,tsverval,actieinh,actieverval,nadereaandverval,admhnd,tslaatstewijz,sorteervolgorde,indonverwbijhvoorstelnieting,tslaatstewijzgbasystematiek) VALUES('6189','6041','2004-08-19 00:00:00+00','2006-05-23 00:00:00+00','6893','6894',null,'6893','2004-08-19 00:00:00+00','1','FALSE',null);
INSERT INTO kern.his_persafgeleidadministrati (id,pers,tsreg,tsverval,actieinh,actieverval,nadereaandverval,admhnd,tslaatstewijz,sorteervolgorde,indonverwbijhvoorstelnieting,tslaatstewijzgbasystematiek) VALUES('6190','6041','2001-05-17 00:00:00+00','2004-08-19 00:00:00+00','6892','6893',null,'6892','2001-05-17 00:00:00+00','1','FALSE',null);
INSERT INTO kern.his_persafgeleidadministrati (id,pers,tsreg,tsverval,actieinh,actieverval,nadereaandverval,admhnd,tslaatstewijz,sorteervolgorde,indonverwbijhvoorstelnieting,tslaatstewijzgbasystematiek) VALUES('6191','6041','1968-08-09 00:00:00+00','2001-05-17 00:00:00+00','6041','6892',null,'6041','1968-08-09 00:00:00+00','1','FALSE',null);
INSERT INTO kern.his_persafgeleidadministrati (id,pers,tsreg,tsverval,actieinh,actieverval,nadereaandverval,admhnd,tslaatstewijz,sorteervolgorde,indonverwbijhvoorstelnieting,tslaatstewijzgbasystematiek) VALUES('6192','6042','2001-03-28 00:00:00+00',null,'6891',null,null,'6891','2001-03-28 00:00:00+00','1','FALSE',null);
INSERT INTO kern.his_persafgeleidadministrati (id,pers,tsreg,tsverval,actieinh,actieverval,nadereaandverval,admhnd,tslaatstewijz,sorteervolgorde,indonverwbijhvoorstelnieting,tslaatstewijzgbasystematiek) VALUES('6193','6042','2000-10-22 00:00:00+00','2001-03-28 00:00:00+00','6628','6891',null,'6628','2000-10-22 00:00:00+00','1','FALSE',null);
INSERT INTO kern.his_persafgeleidadministrati (id,pers,tsreg,tsverval,actieinh,actieverval,nadereaandverval,admhnd,tslaatstewijz,sorteervolgorde,indonverwbijhvoorstelnieting,tslaatstewijzgbasystematiek) VALUES('6194','6042','1991-09-11 00:00:00+00','2000-10-22 00:00:00+00','6627','6628',null,'6627','1991-09-11 00:00:00+00','1','FALSE',null);
INSERT INTO kern.his_persafgeleidadministrati (id,pers,tsreg,tsverval,actieinh,actieverval,nadereaandverval,admhnd,tslaatstewijz,sorteervolgorde,indonverwbijhvoorstelnieting,tslaatstewijzgbasystematiek) VALUES('6195','6042','1980-06-10 00:00:00+00','1991-09-11 00:00:00+00','6630','6627',null,'6630','1980-06-10 00:00:00+00','1','FALSE',null);
INSERT INTO kern.his_persafgeleidadministrati (id,pers,tsreg,tsverval,actieinh,actieverval,nadereaandverval,admhnd,tslaatstewijz,sorteervolgorde,indonverwbijhvoorstelnieting,tslaatstewijzgbasystematiek) VALUES('6196','6042','1958-09-21 04:00:00+00','1980-06-10 00:00:00+00','6890','6630',null,'6890','1958-09-21 00:00:00+00','1','FALSE',null);
INSERT INTO kern.his_persafgeleidadministrati (id,pers,tsreg,tsverval,actieinh,actieverval,nadereaandverval,admhnd,tslaatstewijz,sorteervolgorde,indonverwbijhvoorstelnieting,tslaatstewijzgbasystematiek) VALUES('6197','6042','1958-09-21 00:00:00+00','1958-09-21 04:00:00+00','6042','6890',null,'6042','1958-09-21 00:00:00+00','1','FALSE',null);
INSERT INTO kern.his_persafgeleidadministrati (id,pers,tsreg,tsverval,actieinh,actieverval,nadereaandverval,admhnd,tslaatstewijz,sorteervolgorde,indonverwbijhvoorstelnieting,tslaatstewijzgbasystematiek) VALUES('6198','6043','2000-10-22 00:00:00+00',null,'6628',null,null,'6628','2000-10-22 00:00:00+00','1','FALSE',null);
INSERT INTO kern.his_persafgeleidadministrati (id,pers,tsreg,tsverval,actieinh,actieverval,nadereaandverval,admhnd,tslaatstewijz,sorteervolgorde,indonverwbijhvoorstelnieting,tslaatstewijzgbasystematiek) VALUES('6199','6043','1991-09-11 00:00:00+00','2000-10-22 00:00:00+00','6627','6628',null,'6627','1991-09-11 00:00:00+00','1','FALSE',null);
INSERT INTO kern.his_persafgeleidadministrati (id,pers,tsreg,tsverval,actieinh,actieverval,nadereaandverval,admhnd,tslaatstewijz,sorteervolgorde,indonverwbijhvoorstelnieting,tslaatstewijzgbasystematiek) VALUES('6200','6043','1982-05-28 00:00:00+00','1991-09-11 00:00:00+00','6889','6627',null,'6889','1982-05-28 00:00:00+00','1','FALSE',null);
INSERT INTO kern.his_persafgeleidadministrati (id,pers,tsreg,tsverval,actieinh,actieverval,nadereaandverval,admhnd,tslaatstewijz,sorteervolgorde,indonverwbijhvoorstelnieting,tslaatstewijzgbasystematiek) VALUES('6201','6043','1980-06-10 00:00:00+00','1982-05-28 00:00:00+00','6630','6889',null,'6630','1980-06-10 00:00:00+00','1','FALSE',null);
INSERT INTO kern.his_persafgeleidadministrati (id,pers,tsreg,tsverval,actieinh,actieverval,nadereaandverval,admhnd,tslaatstewijz,sorteervolgorde,indonverwbijhvoorstelnieting,tslaatstewijzgbasystematiek) VALUES('6202','6043','1959-09-22 04:00:00+00','1980-06-10 00:00:00+00','6888','6630',null,'6888','1959-09-22 00:00:00+00','1','FALSE',null);
INSERT INTO kern.his_persafgeleidadministrati (id,pers,tsreg,tsverval,actieinh,actieverval,nadereaandverval,admhnd,tslaatstewijz,sorteervolgorde,indonverwbijhvoorstelnieting,tslaatstewijzgbasystematiek) VALUES('6203','6043','1959-09-22 00:00:00+00','1959-09-22 04:00:00+00','6043','6888',null,'6043','1959-09-22 00:00:00+00','1','FALSE',null);
INSERT INTO kern.his_persafgeleidadministrati (id,pers,tsreg,tsverval,actieinh,actieverval,nadereaandverval,admhnd,tslaatstewijz,sorteervolgorde,indonverwbijhvoorstelnieting,tslaatstewijzgbasystematiek) VALUES('6204','6044','2001-03-28 00:00:00+00',null,'6887',null,null,'6887','2001-03-28 00:00:00+00','1','FALSE',null);
INSERT INTO kern.his_persafgeleidadministrati (id,pers,tsreg,tsverval,actieinh,actieverval,nadereaandverval,admhnd,tslaatstewijz,sorteervolgorde,indonverwbijhvoorstelnieting,tslaatstewijzgbasystematiek) VALUES('6205','6044','1990-07-22 00:00:00+00','2001-03-28 00:00:00+00','6626','6887',null,'6626','1990-07-22 00:00:00+00','1','FALSE',null);
INSERT INTO kern.his_persafgeleidadministrati (id,pers,tsreg,tsverval,actieinh,actieverval,nadereaandverval,admhnd,tslaatstewijz,sorteervolgorde,indonverwbijhvoorstelnieting,tslaatstewijzgbasystematiek) VALUES('6206','6044','1981-04-25 00:00:00+00','1990-07-22 00:00:00+00','6631','6626',null,'6631','1981-04-25 00:00:00+00','1','FALSE',null);
INSERT INTO kern.his_persafgeleidadministrati (id,pers,tsreg,tsverval,actieinh,actieverval,nadereaandverval,admhnd,tslaatstewijz,sorteervolgorde,indonverwbijhvoorstelnieting,tslaatstewijzgbasystematiek) VALUES('6207','6044','1960-12-21 04:00:00+00','1981-04-25 00:00:00+00','6886','6631',null,'6886','1960-12-21 00:00:00+00','1','FALSE',null);
INSERT INTO kern.his_persafgeleidadministrati (id,pers,tsreg,tsverval,actieinh,actieverval,nadereaandverval,admhnd,tslaatstewijz,sorteervolgorde,indonverwbijhvoorstelnieting,tslaatstewijzgbasystematiek) VALUES('6208','6044','1960-12-21 00:00:00+00','1960-12-21 04:00:00+00','6044','6886',null,'6044','1960-12-21 00:00:00+00','1','FALSE',null);
INSERT INTO kern.his_persafgeleidadministrati (id,pers,tsreg,tsverval,actieinh,actieverval,nadereaandverval,admhnd,tslaatstewijz,sorteervolgorde,indonverwbijhvoorstelnieting,tslaatstewijzgbasystematiek) VALUES('6209','6045','1991-10-02 00:00:00+00',null,'6885',null,null,'6885','1991-10-02 00:00:00+00','1','FALSE',null);
INSERT INTO kern.his_persafgeleidadministrati (id,pers,tsreg,tsverval,actieinh,actieverval,nadereaandverval,admhnd,tslaatstewijz,sorteervolgorde,indonverwbijhvoorstelnieting,tslaatstewijzgbasystematiek) VALUES('6210','6045','1990-07-22 00:00:00+00','1991-10-02 00:00:00+00','6626','6885',null,'6626','1990-07-22 00:00:00+00','1','FALSE',null);
INSERT INTO kern.his_persafgeleidadministrati (id,pers,tsreg,tsverval,actieinh,actieverval,nadereaandverval,admhnd,tslaatstewijz,sorteervolgorde,indonverwbijhvoorstelnieting,tslaatstewijzgbasystematiek) VALUES('6211','6045','1981-04-25 00:00:00+00','1990-07-22 00:00:00+00','6631','6626',null,'6631','1981-04-25 00:00:00+00','1','FALSE',null);
INSERT INTO kern.his_persafgeleidadministrati (id,pers,tsreg,tsverval,actieinh,actieverval,nadereaandverval,admhnd,tslaatstewijz,sorteervolgorde,indonverwbijhvoorstelnieting,tslaatstewijzgbasystematiek) VALUES('6212','6045','1961-12-22 04:00:00+00','1981-04-25 00:00:00+00','6884','6631',null,'6884','1961-12-22 00:00:00+00','1','FALSE',null);
INSERT INTO kern.his_persafgeleidadministrati (id,pers,tsreg,tsverval,actieinh,actieverval,nadereaandverval,admhnd,tslaatstewijz,sorteervolgorde,indonverwbijhvoorstelnieting,tslaatstewijzgbasystematiek) VALUES('6213','6045','1961-12-22 00:00:00+00','1961-12-22 04:00:00+00','6045','6884',null,'6045','1961-12-22 00:00:00+00','1','FALSE',null);
INSERT INTO kern.his_persafgeleidadministrati (id,pers,tsreg,tsverval,actieinh,actieverval,nadereaandverval,admhnd,tslaatstewijz,sorteervolgorde,indonverwbijhvoorstelnieting,tslaatstewijzgbasystematiek) VALUES('6214','6046','1990-01-01 04:00:00+00',null,'6046',null,null,'6046','1990-01-01 00:00:00+00','1','FALSE',null);
INSERT INTO kern.his_persafgeleidadministrati (id,pers,tsreg,tsverval,actieinh,actieverval,nadereaandverval,admhnd,tslaatstewijz,sorteervolgorde,indonverwbijhvoorstelnieting,tslaatstewijzgbasystematiek) VALUES('6215','6046','1990-01-01 00:00:00+00','1990-01-01 04:00:00+00','6020','6046',null,'6020','1990-01-01 00:00:00+00','1','FALSE',null);

commit;


--------------------------------------------------
--- EIND
--- Sheet: (his_persafgeleidadministrati)
--- Handler: SheetHandlerImplSimpleInsert
--- Aantal: (215)
--------------------------------------------------
--------------------------------------------------
--- START
--- Sheet: (his_persids)
--- Handler: SheetHandlerImplSimpleInsert
--------------------------------------------------

begin;

INSERT INTO kern.his_persids (id,pers,dataanvgel,tsreg,actieinh,anr,bsn,nadereaandverval) VALUES('6001','6001','19811002','19811002','6001','5143672754','150128733',null);
INSERT INTO kern.his_persids (id,pers,dataanvgel,tsreg,actieinh,anr,bsn,nadereaandverval) VALUES('6002','6002','19820528','19820528','6002','8146315790','273611033',null);
INSERT INTO kern.his_persids (id,pers,dataanvgel,tsreg,actieinh,anr,bsn,nadereaandverval) VALUES('6003','6003','19660302','19660302','6003','3925852957','231105368',null);
INSERT INTO kern.his_persids (id,pers,dataanvgel,tsreg,actieinh,anr,bsn,nadereaandverval) VALUES('6004','6004','19691227','19691227','6004','7362592532','256362312',null);
INSERT INTO kern.his_persids (id,pers,dataanvgel,tsreg,actieinh,anr,bsn,nadereaandverval) VALUES('6005','6005','19710717','19710717','6005','4035862817','224079499',null);
INSERT INTO kern.his_persids (id,pers,dataanvgel,tsreg,actieinh,anr,bsn,nadereaandverval) VALUES('6006','6006','19720928','19720928','6006','4942819684','199939469',null);
INSERT INTO kern.his_persids (id,pers,dataanvgel,tsreg,actieinh,anr,bsn,nadereaandverval) VALUES('6007','6007','19800616','19800616','6007','1202801305','174366589',null);
INSERT INTO kern.his_persids (id,pers,dataanvgel,tsreg,actieinh,anr,bsn,nadereaandverval) VALUES('6008','6008','19810418','19810418','6008','3426213698','037454857',null);
INSERT INTO kern.his_persids (id,pers,dataanvgel,tsreg,actieinh,anr,bsn,nadereaandverval) VALUES('6009','6009','20031226','20031226','6009','5051729816','245796988',null);
INSERT INTO kern.his_persids (id,pers,dataanvgel,tsreg,actieinh,anr,bsn,nadereaandverval) VALUES('6010','6010','19691231','19691231','6010','1010162452','208149934',null);
INSERT INTO kern.his_persids (id,pers,dataanvgel,tsreg,actieinh,anr,bsn,nadereaandverval) VALUES('6011','6011','19690516','19690516','6011','4071624360','278321057',null);
INSERT INTO kern.his_persids (id,pers,dataanvgel,tsreg,actieinh,anr,bsn,nadereaandverval) VALUES('6012','6012','19771210','19771210','6012','9173658014','173736658',null);
INSERT INTO kern.his_persids (id,pers,dataanvgel,tsreg,actieinh,anr,bsn,nadereaandverval) VALUES('6013','6013','19550602','19550602','6013','3040101490','186444588',null);
INSERT INTO kern.his_persids (id,pers,dataanvgel,tsreg,actieinh,anr,bsn,nadereaandverval) VALUES('6014','6014','19780611','19780611','6014','3203098071','292007048',null);
INSERT INTO kern.his_persids (id,pers,dataanvgel,tsreg,actieinh,anr,bsn,nadereaandverval) VALUES('6015','6015','19880425','19880425','6015','1659120893','095682399',null);
INSERT INTO kern.his_persids (id,pers,dataanvgel,tsreg,actieinh,anr,bsn,nadereaandverval) VALUES('6016','6016','19881210','19881210','6016','8493093694','202123856',null);
INSERT INTO kern.his_persids (id,pers,dataanvgel,tsreg,actieinh,anr,bsn,nadereaandverval) VALUES('6017','6017','19960523','19960523','6017','5805431585','237580524',null);
INSERT INTO kern.his_persids (id,pers,dataanvgel,tsreg,actieinh,anr,bsn,nadereaandverval) VALUES('6018','6018','19941005','19941005','6018','1872520289','096634777',null);
INSERT INTO kern.his_persids (id,pers,dataanvgel,tsreg,actieinh,anr,bsn,nadereaandverval) VALUES('6019','6019','19941005','19941005','6019','5041043745','168448944',null);
INSERT INTO kern.his_persids (id,pers,dataanvgel,tsreg,actieinh,anr,bsn,nadereaandverval) VALUES('6020','6020','19760103','19760103','6020','7696386849','028316459',null);
INSERT INTO kern.his_persids (id,pers,dataanvgel,tsreg,actieinh,anr,bsn,nadereaandverval) VALUES('6021','6021','19961003','19961003','6021','7965490465','196450688',null);
INSERT INTO kern.his_persids (id,pers,dataanvgel,tsreg,actieinh,anr,bsn,nadereaandverval) VALUES('6022','6022','19951003','19951003','6022','6078409505','053303945',null);
INSERT INTO kern.his_persids (id,pers,dataanvgel,tsreg,actieinh,anr,bsn,nadereaandverval) VALUES('6023','6023','19941003','19941003','6023','9075875617','028703236',null);
INSERT INTO kern.his_persids (id,pers,dataanvgel,tsreg,actieinh,anr,bsn,nadereaandverval) VALUES('6024','6024','19770401','19770401','6024','6142019361','008631256',null);
INSERT INTO kern.his_persids (id,pers,dataanvgel,tsreg,actieinh,anr,bsn,nadereaandverval) VALUES('6025','6025','19880611','19880611','6025','9639286561','133339099',null);
INSERT INTO kern.his_persids (id,pers,dataanvgel,tsreg,actieinh,anr,bsn,nadereaandverval) VALUES('6026','6026','19910721','19910721','6026','2120978465','139697822',null);
INSERT INTO kern.his_persids (id,pers,dataanvgel,tsreg,actieinh,anr,bsn,nadereaandverval) VALUES('6027','6027','19910911','19910911','6027','6176380193','242234434',null);
INSERT INTO kern.his_persids (id,pers,dataanvgel,tsreg,actieinh,anr,bsn,nadereaandverval) VALUES('6028','6028','19900722','19900722','6028','6282345761','262115499',null);
INSERT INTO kern.his_persids (id,pers,dataanvgel,tsreg,actieinh,anr,bsn,nadereaandverval) VALUES('6029','6029','19200430','19200430','6029','6282345762','040777856',null);
INSERT INTO kern.his_persids (id,pers,dataanvgel,tsreg,actieinh,anr,bsn,nadereaandverval) VALUES('6030','6030','19220419','19220419','6030','1375602497','203770778',null);
INSERT INTO kern.his_persids (id,pers,dataanvgel,tsreg,actieinh,anr,bsn,nadereaandverval) VALUES('6031','6031','19920219','19920219','6031','2808956321','283209355',null);
INSERT INTO kern.his_persids (id,pers,dataanvgel,tsreg,actieinh,anr,bsn,nadereaandverval) VALUES('6032','6032','19510923','19510923','6032','1530896705','065065888',null);
INSERT INTO kern.his_persids (id,pers,dataanvgel,tsreg,actieinh,anr,bsn,nadereaandverval) VALUES('6033','6033','19531116','19531116','6033','6245265185','136676212',null);
INSERT INTO kern.his_persids (id,pers,dataanvgel,tsreg,actieinh,anr,bsn,nadereaandverval) VALUES('6034','6034','19390402','19390402','6034','4175803169','184186389',null);
INSERT INTO kern.his_persids (id,pers,dataanvgel,tsreg,actieinh,anr,bsn,nadereaandverval) VALUES('6035','6035','19841203','19841203','6035','5151579425','239981066',null);
INSERT INTO kern.his_persids (id,pers,dataanvgel,tsreg,actieinh,anr,bsn,nadereaandverval) VALUES('6036','6036','19851011','19851011','6036','6780497185','249829289',null);
INSERT INTO kern.his_persids (id,pers,dataanvgel,tsreg,actieinh,anr,bsn,nadereaandverval) VALUES('6037','6037','20050112','20050112','6037','8379307297','280636799',null);
INSERT INTO kern.his_persids (id,pers,dataanvgel,tsreg,actieinh,anr,bsn,nadereaandverval) VALUES('6038','6038','20051201','20051201','6038','2169713825','129698659',null);
INSERT INTO kern.his_persids (id,pers,dataanvgel,tsreg,actieinh,anr,bsn,nadereaandverval) VALUES('6039','6039','20050112','20050112','6039','6861308705','086346556',null);
INSERT INTO kern.his_persids (id,pers,dataanvgel,tsreg,actieinh,anr,bsn,nadereaandverval) VALUES('6040','6040','20051201','20051201','6040','9342160161','126044855',null);
INSERT INTO kern.his_persids (id,pers,dataanvgel,tsreg,actieinh,anr,bsn,nadereaandverval) VALUES('6041','6041','19680809','19680809','6041','8250270497','049169178',null);
INSERT INTO kern.his_persids (id,pers,dataanvgel,tsreg,actieinh,anr,bsn,nadereaandverval) VALUES('6042','6042','19580921','19580921','6042','4782084641','194937355',null);
INSERT INTO kern.his_persids (id,pers,dataanvgel,tsreg,actieinh,anr,bsn,nadereaandverval) VALUES('6043','6043','19951004','19951004','6043','9823847201','052848899',null);
INSERT INTO kern.his_persids (id,pers,dataanvgel,tsreg,actieinh,anr,bsn,nadereaandverval) VALUES('6044','6044','20051201','20051201','6044','5278395169','185201799',null);
INSERT INTO kern.his_persids (id,pers,dataanvgel,tsreg,actieinh,anr,bsn,nadereaandverval) VALUES('6045','6045','20050112','20050112','6045','7951861025','227108267',null);

commit;


--------------------------------------------------
--- EIND
--- Sheet: (his_persids)
--- Handler: SheetHandlerImplSimpleInsert
--- Aantal: (46)
--------------------------------------------------
--------------------------------------------------
--- START
--- Sheet: (his_persgeslachtsaand)
--- Handler: SheetHandlerImplSimpleInsert
--------------------------------------------------

begin;

INSERT INTO kern.his_persgeslachtsaand (id,pers,dataanvgel,dateindegel,tsreg,tsverval,actieinh,actieverval,actieaanpgel,geslachtsaand,nadereaandverval) VALUES('6001','6001','19811002',null,'19811002',null,'6001',null,null,'1',null);
INSERT INTO kern.his_persgeslachtsaand (id,pers,dataanvgel,dateindegel,tsreg,tsverval,actieinh,actieverval,actieaanpgel,geslachtsaand,nadereaandverval) VALUES('6002','6002','19820528',null,'19820528',null,'6002',null,null,'2',null);
INSERT INTO kern.his_persgeslachtsaand (id,pers,dataanvgel,dateindegel,tsreg,tsverval,actieinh,actieverval,actieaanpgel,geslachtsaand,nadereaandverval) VALUES('6003','6003','19660302',null,'19660302',null,'6003',null,null,'3',null);
INSERT INTO kern.his_persgeslachtsaand (id,pers,dataanvgel,dateindegel,tsreg,tsverval,actieinh,actieverval,actieaanpgel,geslachtsaand,nadereaandverval) VALUES('6004','6004','19691227',null,'19691227',null,'6004',null,null,'2',null);
INSERT INTO kern.his_persgeslachtsaand (id,pers,dataanvgel,dateindegel,tsreg,tsverval,actieinh,actieverval,actieaanpgel,geslachtsaand,nadereaandverval) VALUES('6005','6005','19710717',null,'19710717',null,'6005',null,null,'1',null);
INSERT INTO kern.his_persgeslachtsaand (id,pers,dataanvgel,dateindegel,tsreg,tsverval,actieinh,actieverval,actieaanpgel,geslachtsaand,nadereaandverval) VALUES('6006','6006','19720928',null,'19720928',null,'6006',null,null,'2',null);
INSERT INTO kern.his_persgeslachtsaand (id,pers,dataanvgel,dateindegel,tsreg,tsverval,actieinh,actieverval,actieaanpgel,geslachtsaand,nadereaandverval) VALUES('6007','6007','19800616',null,'19800616',null,'6007',null,null,'1',null);
INSERT INTO kern.his_persgeslachtsaand (id,pers,dataanvgel,dateindegel,tsreg,tsverval,actieinh,actieverval,actieaanpgel,geslachtsaand,nadereaandverval) VALUES('6008','6008','19810418',null,'19810418',null,'6008',null,null,'2',null);
INSERT INTO kern.his_persgeslachtsaand (id,pers,dataanvgel,dateindegel,tsreg,tsverval,actieinh,actieverval,actieaanpgel,geslachtsaand,nadereaandverval) VALUES('6009','6009','20031226',null,'20031226',null,'6009',null,null,'2',null);
INSERT INTO kern.his_persgeslachtsaand (id,pers,dataanvgel,dateindegel,tsreg,tsverval,actieinh,actieverval,actieaanpgel,geslachtsaand,nadereaandverval) VALUES('6010','6010','19691231',null,'19691231',null,'6010',null,null,'1',null);
INSERT INTO kern.his_persgeslachtsaand (id,pers,dataanvgel,dateindegel,tsreg,tsverval,actieinh,actieverval,actieaanpgel,geslachtsaand,nadereaandverval) VALUES('6011','6011','19690516',null,'19690516',null,'6011',null,null,'2',null);
INSERT INTO kern.his_persgeslachtsaand (id,pers,dataanvgel,dateindegel,tsreg,tsverval,actieinh,actieverval,actieaanpgel,geslachtsaand,nadereaandverval) VALUES('6012','6012','19771210',null,'19771210',null,'6012',null,null,'1',null);
INSERT INTO kern.his_persgeslachtsaand (id,pers,dataanvgel,dateindegel,tsreg,tsverval,actieinh,actieverval,actieaanpgel,geslachtsaand,nadereaandverval) VALUES('6013','6013','19550602',null,'19550602',null,'6013',null,null,'2',null);
INSERT INTO kern.his_persgeslachtsaand (id,pers,dataanvgel,dateindegel,tsreg,tsverval,actieinh,actieverval,actieaanpgel,geslachtsaand,nadereaandverval) VALUES('6014','6014','19780611',null,'19780611',null,'6014',null,null,'1',null);
INSERT INTO kern.his_persgeslachtsaand (id,pers,dataanvgel,dateindegel,tsreg,tsverval,actieinh,actieverval,actieaanpgel,geslachtsaand,nadereaandverval) VALUES('6015','6015','19880425',null,'19880425',null,'6015',null,null,'2',null);
INSERT INTO kern.his_persgeslachtsaand (id,pers,dataanvgel,dateindegel,tsreg,tsverval,actieinh,actieverval,actieaanpgel,geslachtsaand,nadereaandverval) VALUES('6016','6016','19881210',null,'19881210',null,'6016',null,null,'2',null);
INSERT INTO kern.his_persgeslachtsaand (id,pers,dataanvgel,dateindegel,tsreg,tsverval,actieinh,actieverval,actieaanpgel,geslachtsaand,nadereaandverval) VALUES('6017','6017','19960523',null,'19960523',null,'6017',null,null,'1',null);
INSERT INTO kern.his_persgeslachtsaand (id,pers,dataanvgel,dateindegel,tsreg,tsverval,actieinh,actieverval,actieaanpgel,geslachtsaand,nadereaandverval) VALUES('6018','6018','19941005',null,'19941005',null,'6018',null,null,'2',null);
INSERT INTO kern.his_persgeslachtsaand (id,pers,dataanvgel,dateindegel,tsreg,tsverval,actieinh,actieverval,actieaanpgel,geslachtsaand,nadereaandverval) VALUES('6019','6019','19941005',null,'19941005',null,'6019',null,null,'2',null);
INSERT INTO kern.his_persgeslachtsaand (id,pers,dataanvgel,dateindegel,tsreg,tsverval,actieinh,actieverval,actieaanpgel,geslachtsaand,nadereaandverval) VALUES('6020','6020','19760103',null,'19760103',null,'6020',null,null,'2',null);
INSERT INTO kern.his_persgeslachtsaand (id,pers,dataanvgel,dateindegel,tsreg,tsverval,actieinh,actieverval,actieaanpgel,geslachtsaand,nadereaandverval) VALUES('6021','6021','19961003',null,'19961003',null,'6021',null,null,'1',null);
INSERT INTO kern.his_persgeslachtsaand (id,pers,dataanvgel,dateindegel,tsreg,tsverval,actieinh,actieverval,actieaanpgel,geslachtsaand,nadereaandverval) VALUES('6022','6022','19951003',null,'19951003',null,'6022',null,null,'2',null);
INSERT INTO kern.his_persgeslachtsaand (id,pers,dataanvgel,dateindegel,tsreg,tsverval,actieinh,actieverval,actieaanpgel,geslachtsaand,nadereaandverval) VALUES('6023','6023','19941003',null,'19941003',null,'6023',null,null,'1',null);
INSERT INTO kern.his_persgeslachtsaand (id,pers,dataanvgel,dateindegel,tsreg,tsverval,actieinh,actieverval,actieaanpgel,geslachtsaand,nadereaandverval) VALUES('6024','6024','19770401',null,'19770401',null,'6024',null,null,'2',null);
INSERT INTO kern.his_persgeslachtsaand (id,pers,dataanvgel,dateindegel,tsreg,tsverval,actieinh,actieverval,actieaanpgel,geslachtsaand,nadereaandverval) VALUES('6025','6025','19880611',null,'19880611',null,'6025',null,null,'1',null);
INSERT INTO kern.his_persgeslachtsaand (id,pers,dataanvgel,dateindegel,tsreg,tsverval,actieinh,actieverval,actieaanpgel,geslachtsaand,nadereaandverval) VALUES('6026','6026','19910721',null,'19910721',null,'6026',null,null,'2',null);
INSERT INTO kern.his_persgeslachtsaand (id,pers,dataanvgel,dateindegel,tsreg,tsverval,actieinh,actieverval,actieaanpgel,geslachtsaand,nadereaandverval) VALUES('6027','6027','19910911',null,'19910911',null,'6027',null,null,'1',null);
INSERT INTO kern.his_persgeslachtsaand (id,pers,dataanvgel,dateindegel,tsreg,tsverval,actieinh,actieverval,actieaanpgel,geslachtsaand,nadereaandverval) VALUES('6028','6028','19900722',null,'19900722',null,'6028',null,null,'2',null);
INSERT INTO kern.his_persgeslachtsaand (id,pers,dataanvgel,dateindegel,tsreg,tsverval,actieinh,actieverval,actieaanpgel,geslachtsaand,nadereaandverval) VALUES('6029','6029','19200430',null,'19200430',null,'6029',null,null,'2',null);
INSERT INTO kern.his_persgeslachtsaand (id,pers,dataanvgel,dateindegel,tsreg,tsverval,actieinh,actieverval,actieaanpgel,geslachtsaand,nadereaandverval) VALUES('6030','6030','19220419',null,'19220419',null,'6030',null,null,'2',null);
INSERT INTO kern.his_persgeslachtsaand (id,pers,dataanvgel,dateindegel,tsreg,tsverval,actieinh,actieverval,actieaanpgel,geslachtsaand,nadereaandverval) VALUES('6031','6031','19920219',null,'19920219',null,'6031',null,null,'1',null);
INSERT INTO kern.his_persgeslachtsaand (id,pers,dataanvgel,dateindegel,tsreg,tsverval,actieinh,actieverval,actieaanpgel,geslachtsaand,nadereaandverval) VALUES('6032','6032','19510923',null,'19510923',null,'6032',null,null,'1',null);
INSERT INTO kern.his_persgeslachtsaand (id,pers,dataanvgel,dateindegel,tsreg,tsverval,actieinh,actieverval,actieaanpgel,geslachtsaand,nadereaandverval) VALUES('6033','6033','19531116',null,'19531116',null,'6033',null,null,'2',null);
INSERT INTO kern.his_persgeslachtsaand (id,pers,dataanvgel,dateindegel,tsreg,tsverval,actieinh,actieverval,actieaanpgel,geslachtsaand,nadereaandverval) VALUES('6034','6034','19390402',null,'19390402',null,'6034',null,null,'2',null);
INSERT INTO kern.his_persgeslachtsaand (id,pers,dataanvgel,dateindegel,tsreg,tsverval,actieinh,actieverval,actieaanpgel,geslachtsaand,nadereaandverval) VALUES('6035','6035','19841203',null,'19841203',null,'6035',null,null,'2',null);
INSERT INTO kern.his_persgeslachtsaand (id,pers,dataanvgel,dateindegel,tsreg,tsverval,actieinh,actieverval,actieaanpgel,geslachtsaand,nadereaandverval) VALUES('6036','6036','19851011',null,'19851011',null,'6036',null,null,'1',null);
INSERT INTO kern.his_persgeslachtsaand (id,pers,dataanvgel,dateindegel,tsreg,tsverval,actieinh,actieverval,actieaanpgel,geslachtsaand,nadereaandverval) VALUES('6037','6037','20050112',null,'20050112',null,'6037',null,null,'1',null);
INSERT INTO kern.his_persgeslachtsaand (id,pers,dataanvgel,dateindegel,tsreg,tsverval,actieinh,actieverval,actieaanpgel,geslachtsaand,nadereaandverval) VALUES('6038','6038','20051201',null,'20051201',null,'6038',null,null,'2',null);
INSERT INTO kern.his_persgeslachtsaand (id,pers,dataanvgel,dateindegel,tsreg,tsverval,actieinh,actieverval,actieaanpgel,geslachtsaand,nadereaandverval) VALUES('6039','6039','20050112',null,'20050112',null,'6039',null,null,'2',null);
INSERT INTO kern.his_persgeslachtsaand (id,pers,dataanvgel,dateindegel,tsreg,tsverval,actieinh,actieverval,actieaanpgel,geslachtsaand,nadereaandverval) VALUES('6040','6040','20051201',null,'20051201',null,'6040',null,null,'1',null);
INSERT INTO kern.his_persgeslachtsaand (id,pers,dataanvgel,dateindegel,tsreg,tsverval,actieinh,actieverval,actieaanpgel,geslachtsaand,nadereaandverval) VALUES('6041','6041','19680809',null,'19680809',null,'6041',null,null,'1',null);
INSERT INTO kern.his_persgeslachtsaand (id,pers,dataanvgel,dateindegel,tsreg,tsverval,actieinh,actieverval,actieaanpgel,geslachtsaand,nadereaandverval) VALUES('6042','6042','19580921',null,'19580921',null,'6042',null,null,'1',null);
INSERT INTO kern.his_persgeslachtsaand (id,pers,dataanvgel,dateindegel,tsreg,tsverval,actieinh,actieverval,actieaanpgel,geslachtsaand,nadereaandverval) VALUES('6043','6043','19951004',null,'19951004',null,'6043',null,null,'2',null);
INSERT INTO kern.his_persgeslachtsaand (id,pers,dataanvgel,dateindegel,tsreg,tsverval,actieinh,actieverval,actieaanpgel,geslachtsaand,nadereaandverval) VALUES('6044','6044','20051201',null,'20051201',null,'6044',null,null,'1',null);
INSERT INTO kern.his_persgeslachtsaand (id,pers,dataanvgel,dateindegel,tsreg,tsverval,actieinh,actieverval,actieaanpgel,geslachtsaand,nadereaandverval) VALUES('6045','6045','20050112',null,'20050112',null,'6045',null,null,'2',null);
INSERT INTO kern.his_persgeslachtsaand (id,pers,dataanvgel,dateindegel,tsreg,tsverval,actieinh,actieverval,actieaanpgel,geslachtsaand,nadereaandverval) VALUES('6046','6046','19900101',null,'19900101',null,'6020',null,null,'1',null);

commit;


--------------------------------------------------
--- EIND
--- Sheet: (his_persgeslachtsaand)
--- Handler: SheetHandlerImplSimpleInsert
--- Aantal: (47)
--------------------------------------------------
--------------------------------------------------
--- START
--- Sheet: (persgeslnaamcomp)
--- Handler: SheetHandlerImplSimpleInsert
--------------------------------------------------

begin;

INSERT INTO kern.persgeslnaamcomp (id,pers,voorvoegsel,scheidingsteken,stam,predicaat,adellijketitel,volgnr) VALUES('6001','6001','voor','-','Vlag','1','2','1');
INSERT INTO kern.persgeslnaamcomp (id,pers,voorvoegsel,scheidingsteken,stam,predicaat,adellijketitel,volgnr) VALUES('6002','6002','de',null,'Prins',null,null,'1');
INSERT INTO kern.persgeslnaamcomp (id,pers,voorvoegsel,scheidingsteken,stam,predicaat,adellijketitel,volgnr) VALUES('6003','6003','van der','-','Vermeer',null,null,'1');
INSERT INTO kern.persgeslnaamcomp (id,pers,voorvoegsel,scheidingsteken,stam,predicaat,adellijketitel,volgnr) VALUES('6004','6004',null,'-','Crooy',null,null,'1');
INSERT INTO kern.persgeslnaamcomp (id,pers,voorvoegsel,scheidingsteken,stam,predicaat,adellijketitel,volgnr) VALUES('6005','6005',null,'-','Laar',null,null,'1');
INSERT INTO kern.persgeslnaamcomp (id,pers,voorvoegsel,scheidingsteken,stam,predicaat,adellijketitel,volgnr) VALUES('6006','6006',null,'-','Verheul',null,null,'1');
INSERT INTO kern.persgeslnaamcomp (id,pers,voorvoegsel,scheidingsteken,stam,predicaat,adellijketitel,volgnr) VALUES('6007','6007',null,'-','Vermeulen',null,null,'1');
INSERT INTO kern.persgeslnaamcomp (id,pers,voorvoegsel,scheidingsteken,stam,predicaat,adellijketitel,volgnr) VALUES('6008','6008',null,'-','Jansma',null,null,'1');
INSERT INTO kern.persgeslnaamcomp (id,pers,voorvoegsel,scheidingsteken,stam,predicaat,adellijketitel,volgnr) VALUES('6009','6009',null,'-','Jansma',null,null,'1');
INSERT INTO kern.persgeslnaamcomp (id,pers,voorvoegsel,scheidingsteken,stam,predicaat,adellijketitel,volgnr) VALUES('6010','6010','de','-','Bloëmsma',null,null,'1');
INSERT INTO kern.persgeslnaamcomp (id,pers,voorvoegsel,scheidingsteken,stam,predicaat,adellijketitel,volgnr) VALUES('6011','6011','de','-','Snijder',null,null,'1');
INSERT INTO kern.persgeslnaamcomp (id,pers,voorvoegsel,scheidingsteken,stam,predicaat,adellijketitel,volgnr) VALUES('6012','6012',null,'-','Cuykelaer',null,null,'1');
INSERT INTO kern.persgeslnaamcomp (id,pers,voorvoegsel,scheidingsteken,stam,predicaat,adellijketitel,volgnr) VALUES('6013','6013','van','-','Roos',null,null,'1');
INSERT INTO kern.persgeslnaamcomp (id,pers,voorvoegsel,scheidingsteken,stam,predicaat,adellijketitel,volgnr) VALUES('6014','6014',null,'-','Moes',null,null,'1');
INSERT INTO kern.persgeslnaamcomp (id,pers,voorvoegsel,scheidingsteken,stam,predicaat,adellijketitel,volgnr) VALUES('6015','6015',null,'-','Brest naar Kempen',null,null,'1');
INSERT INTO kern.persgeslnaamcomp (id,pers,voorvoegsel,scheidingsteken,stam,predicaat,adellijketitel,volgnr) VALUES('6016','6016',null,'-','Ophuijsen',null,null,'1');
INSERT INTO kern.persgeslnaamcomp (id,pers,voorvoegsel,scheidingsteken,stam,predicaat,adellijketitel,volgnr) VALUES('6017','6017',null,'-','Addams',null,null,'1');
INSERT INTO kern.persgeslnaamcomp (id,pers,voorvoegsel,scheidingsteken,stam,predicaat,adellijketitel,volgnr) VALUES('6018','6018',null,'-','Verhoeven',null,null,'1');
INSERT INTO kern.persgeslnaamcomp (id,pers,voorvoegsel,scheidingsteken,stam,predicaat,adellijketitel,volgnr) VALUES('6019','6019','de','-','Slot',null,null,'1');
INSERT INTO kern.persgeslnaamcomp (id,pers,voorvoegsel,scheidingsteken,stam,predicaat,adellijketitel,volgnr) VALUES('6020','6020','van','-','Guirten',null,null,'1');
INSERT INTO kern.persgeslnaamcomp (id,pers,voorvoegsel,scheidingsteken,stam,predicaat,adellijketitel,volgnr) VALUES('6021','6021','ter','-','Stassen',null,null,'1');
INSERT INTO kern.persgeslnaamcomp (id,pers,voorvoegsel,scheidingsteken,stam,predicaat,adellijketitel,volgnr) VALUES('6022','6022','van','-','Zon',null,null,'1');
INSERT INTO kern.persgeslnaamcomp (id,pers,voorvoegsel,scheidingsteken,stam,predicaat,adellijketitel,volgnr) VALUES('6023','6023','van','-','Verhaar',null,null,'1');
INSERT INTO kern.persgeslnaamcomp (id,pers,voorvoegsel,scheidingsteken,stam,predicaat,adellijketitel,volgnr) VALUES('6024','6024','de','-','Klaassen',null,null,'1');
INSERT INTO kern.persgeslnaamcomp (id,pers,voorvoegsel,scheidingsteken,stam,predicaat,adellijketitel,volgnr) VALUES('6025','6025',null,'-','Valstar',null,null,'1');
INSERT INTO kern.persgeslnaamcomp (id,pers,voorvoegsel,scheidingsteken,stam,predicaat,adellijketitel,volgnr) VALUES('6026','6026','ter','-','Botje',null,null,'1');
INSERT INTO kern.persgeslnaamcomp (id,pers,voorvoegsel,scheidingsteken,stam,predicaat,adellijketitel,volgnr) VALUES('6027','6027',null,'-','Karlson',null,null,'1');
INSERT INTO kern.persgeslnaamcomp (id,pers,voorvoegsel,scheidingsteken,stam,predicaat,adellijketitel,volgnr) VALUES('6028','6028','van','-','Hoog',null,null,'1');
INSERT INTO kern.persgeslnaamcomp (id,pers,voorvoegsel,scheidingsteken,stam,predicaat,adellijketitel,volgnr) VALUES('6029','6029',null,'-','Karlson',null,null,'1');
INSERT INTO kern.persgeslnaamcomp (id,pers,voorvoegsel,scheidingsteken,stam,predicaat,adellijketitel,volgnr) VALUES('6030','6030','de','-','Vlonder',null,null,'1');
INSERT INTO kern.persgeslnaamcomp (id,pers,voorvoegsel,scheidingsteken,stam,predicaat,adellijketitel,volgnr) VALUES('6031','6031','de','-','Zatte',null,null,'1');
INSERT INTO kern.persgeslnaamcomp (id,pers,voorvoegsel,scheidingsteken,stam,predicaat,adellijketitel,volgnr) VALUES('6032','6032',null,'-','Stuurman',null,null,'1');
INSERT INTO kern.persgeslnaamcomp (id,pers,voorvoegsel,scheidingsteken,stam,predicaat,adellijketitel,volgnr) VALUES('6033','6033','de','-','Vriend',null,null,'1');
INSERT INTO kern.persgeslnaamcomp (id,pers,voorvoegsel,scheidingsteken,stam,predicaat,adellijketitel,volgnr) VALUES('6034','6034','de','-','Renner',null,null,'1');
INSERT INTO kern.persgeslnaamcomp (id,pers,voorvoegsel,scheidingsteken,stam,predicaat,adellijketitel,volgnr) VALUES('6035','6035','de','-','Muurbloem',null,null,'1');
INSERT INTO kern.persgeslnaamcomp (id,pers,voorvoegsel,scheidingsteken,stam,predicaat,adellijketitel,volgnr) VALUES('6036','6036',null,'-','Appelo',null,null,'1');
INSERT INTO kern.persgeslnaamcomp (id,pers,voorvoegsel,scheidingsteken,stam,predicaat,adellijketitel,volgnr) VALUES('6037','6037',null,'-','Appel',null,null,'1');
INSERT INTO kern.persgeslnaamcomp (id,pers,voorvoegsel,scheidingsteken,stam,predicaat,adellijketitel,volgnr) VALUES('6038','6038','ter','-','Aar',null,null,'1');
INSERT INTO kern.persgeslnaamcomp (id,pers,voorvoegsel,scheidingsteken,stam,predicaat,adellijketitel,volgnr) VALUES('6039','6039','in het','-','Veld',null,null,'1');
INSERT INTO kern.persgeslnaamcomp (id,pers,voorvoegsel,scheidingsteken,stam,predicaat,adellijketitel,volgnr) VALUES('6040','6040','van','-','Penderloo',null,null,'1');
INSERT INTO kern.persgeslnaamcomp (id,pers,voorvoegsel,scheidingsteken,stam,predicaat,adellijketitel,volgnr) VALUES('6041','6041','de','-','Bakker',null,null,'1');
INSERT INTO kern.persgeslnaamcomp (id,pers,voorvoegsel,scheidingsteken,stam,predicaat,adellijketitel,volgnr) VALUES('6042','6042',null,'-','Karlson',null,null,'1');
INSERT INTO kern.persgeslnaamcomp (id,pers,voorvoegsel,scheidingsteken,stam,predicaat,adellijketitel,volgnr) VALUES('6043','6043','ter','-','Nater',null,null,'1');
INSERT INTO kern.persgeslnaamcomp (id,pers,voorvoegsel,scheidingsteken,stam,predicaat,adellijketitel,volgnr) VALUES('6044','6044','van','-','Hoog',null,null,'1');
INSERT INTO kern.persgeslnaamcomp (id,pers,voorvoegsel,scheidingsteken,stam,predicaat,adellijketitel,volgnr) VALUES('6045','6045','de','-','Hoop',null,null,'1');

commit;


--------------------------------------------------
--- EIND
--- Sheet: (persgeslnaamcomp)
--- Handler: SheetHandlerImplSimpleInsert
--- Aantal: (46)
--------------------------------------------------
--------------------------------------------------
--- START
--- Sheet: (his_persgeslnaamcomp)
--- Handler: SheetHandlerImplSimpleInsert
--------------------------------------------------

begin;

INSERT INTO kern.his_persgeslnaamcomp (id,persgeslnaamcomp,dataanvgel,dateindegel,tsreg,tsverval,actieinh,actieverval,actieaanpgel,voorvoegsel,scheidingsteken,stam,predicaat,adellijketitel,nadereaandverval) VALUES('6001','6001','19811002',null,'19811002',null,'6001',null,null,'voor','-','Vlag','1','2',null);
INSERT INTO kern.his_persgeslnaamcomp (id,persgeslnaamcomp,dataanvgel,dateindegel,tsreg,tsverval,actieinh,actieverval,actieaanpgel,voorvoegsel,scheidingsteken,stam,predicaat,adellijketitel,nadereaandverval) VALUES('6002','6002','19820528',null,'19820528',null,'6002',null,null,'de',null,'Prins',null,null,null);
INSERT INTO kern.his_persgeslnaamcomp (id,persgeslnaamcomp,dataanvgel,dateindegel,tsreg,tsverval,actieinh,actieverval,actieaanpgel,voorvoegsel,scheidingsteken,stam,predicaat,adellijketitel,nadereaandverval) VALUES('6003','6003','19660302',null,'19660302',null,'6003',null,null,'van der','-','Vermeer',null,null,null);
INSERT INTO kern.his_persgeslnaamcomp (id,persgeslnaamcomp,dataanvgel,dateindegel,tsreg,tsverval,actieinh,actieverval,actieaanpgel,voorvoegsel,scheidingsteken,stam,predicaat,adellijketitel,nadereaandverval) VALUES('6004','6004','19691227',null,'19691227',null,'6004',null,null,null,'-','Crooy',null,null,null);
INSERT INTO kern.his_persgeslnaamcomp (id,persgeslnaamcomp,dataanvgel,dateindegel,tsreg,tsverval,actieinh,actieverval,actieaanpgel,voorvoegsel,scheidingsteken,stam,predicaat,adellijketitel,nadereaandverval) VALUES('6005','6005','19710717',null,'19710717',null,'6005',null,null,null,'-','Laar',null,null,null);
INSERT INTO kern.his_persgeslnaamcomp (id,persgeslnaamcomp,dataanvgel,dateindegel,tsreg,tsverval,actieinh,actieverval,actieaanpgel,voorvoegsel,scheidingsteken,stam,predicaat,adellijketitel,nadereaandverval) VALUES('6006','6006','19720928',null,'19720928',null,'6006',null,null,null,'-','Verheul',null,null,null);
INSERT INTO kern.his_persgeslnaamcomp (id,persgeslnaamcomp,dataanvgel,dateindegel,tsreg,tsverval,actieinh,actieverval,actieaanpgel,voorvoegsel,scheidingsteken,stam,predicaat,adellijketitel,nadereaandverval) VALUES('6007','6007','19800616',null,'19800616',null,'6007',null,null,null,'-','Vermeulen',null,null,null);
INSERT INTO kern.his_persgeslnaamcomp (id,persgeslnaamcomp,dataanvgel,dateindegel,tsreg,tsverval,actieinh,actieverval,actieaanpgel,voorvoegsel,scheidingsteken,stam,predicaat,adellijketitel,nadereaandverval) VALUES('6008','6008','19810418',null,'19810418',null,'6008',null,null,null,'-','Jansma',null,null,null);
INSERT INTO kern.his_persgeslnaamcomp (id,persgeslnaamcomp,dataanvgel,dateindegel,tsreg,tsverval,actieinh,actieverval,actieaanpgel,voorvoegsel,scheidingsteken,stam,predicaat,adellijketitel,nadereaandverval) VALUES('6009','6009','20031226',null,'20031226',null,'6009',null,null,null,'-','Jansma',null,null,null);
INSERT INTO kern.his_persgeslnaamcomp (id,persgeslnaamcomp,dataanvgel,dateindegel,tsreg,tsverval,actieinh,actieverval,actieaanpgel,voorvoegsel,scheidingsteken,stam,predicaat,adellijketitel,nadereaandverval) VALUES('6010','6010','19691231',null,'19691231',null,'6010',null,null,'de','-','Bloëmsma',null,null,null);
INSERT INTO kern.his_persgeslnaamcomp (id,persgeslnaamcomp,dataanvgel,dateindegel,tsreg,tsverval,actieinh,actieverval,actieaanpgel,voorvoegsel,scheidingsteken,stam,predicaat,adellijketitel,nadereaandverval) VALUES('6011','6011','19690516',null,'19690516',null,'6011',null,null,'de','-','Snijder',null,null,null);
INSERT INTO kern.his_persgeslnaamcomp (id,persgeslnaamcomp,dataanvgel,dateindegel,tsreg,tsverval,actieinh,actieverval,actieaanpgel,voorvoegsel,scheidingsteken,stam,predicaat,adellijketitel,nadereaandverval) VALUES('6012','6012','19771210',null,'19771210',null,'6012',null,null,null,'-','Cuykelaer',null,null,null);
INSERT INTO kern.his_persgeslnaamcomp (id,persgeslnaamcomp,dataanvgel,dateindegel,tsreg,tsverval,actieinh,actieverval,actieaanpgel,voorvoegsel,scheidingsteken,stam,predicaat,adellijketitel,nadereaandverval) VALUES('6013','6013','19550602',null,'19550602',null,'6013',null,null,'van','-','Roos',null,null,null);
INSERT INTO kern.his_persgeslnaamcomp (id,persgeslnaamcomp,dataanvgel,dateindegel,tsreg,tsverval,actieinh,actieverval,actieaanpgel,voorvoegsel,scheidingsteken,stam,predicaat,adellijketitel,nadereaandverval) VALUES('6014','6014','19780611',null,'19780611',null,'6014',null,null,null,'-','Moes',null,null,null);
INSERT INTO kern.his_persgeslnaamcomp (id,persgeslnaamcomp,dataanvgel,dateindegel,tsreg,tsverval,actieinh,actieverval,actieaanpgel,voorvoegsel,scheidingsteken,stam,predicaat,adellijketitel,nadereaandverval) VALUES('6015','6015','19880425',null,'19880425',null,'6015',null,null,null,'-','Brest naar Kempen',null,null,null);
INSERT INTO kern.his_persgeslnaamcomp (id,persgeslnaamcomp,dataanvgel,dateindegel,tsreg,tsverval,actieinh,actieverval,actieaanpgel,voorvoegsel,scheidingsteken,stam,predicaat,adellijketitel,nadereaandverval) VALUES('6016','6016','19881210',null,'19881210',null,'6016',null,null,null,'-','Ophuijsen',null,null,null);
INSERT INTO kern.his_persgeslnaamcomp (id,persgeslnaamcomp,dataanvgel,dateindegel,tsreg,tsverval,actieinh,actieverval,actieaanpgel,voorvoegsel,scheidingsteken,stam,predicaat,adellijketitel,nadereaandverval) VALUES('6017','6017','19960523',null,'19960523',null,'6017',null,null,null,'-','Addams',null,null,null);
INSERT INTO kern.his_persgeslnaamcomp (id,persgeslnaamcomp,dataanvgel,dateindegel,tsreg,tsverval,actieinh,actieverval,actieaanpgel,voorvoegsel,scheidingsteken,stam,predicaat,adellijketitel,nadereaandverval) VALUES('6018','6018','19941005',null,'19941005',null,'6018',null,null,null,'-','Verhoeven',null,null,null);
INSERT INTO kern.his_persgeslnaamcomp (id,persgeslnaamcomp,dataanvgel,dateindegel,tsreg,tsverval,actieinh,actieverval,actieaanpgel,voorvoegsel,scheidingsteken,stam,predicaat,adellijketitel,nadereaandverval) VALUES('6019','6019','19941005',null,'19941005',null,'6019',null,null,'de','-','Slot',null,null,null);
INSERT INTO kern.his_persgeslnaamcomp (id,persgeslnaamcomp,dataanvgel,dateindegel,tsreg,tsverval,actieinh,actieverval,actieaanpgel,voorvoegsel,scheidingsteken,stam,predicaat,adellijketitel,nadereaandverval) VALUES('6020','6020','19760103',null,'19760103',null,'6020',null,null,'van','-','Guirten',null,null,null);
INSERT INTO kern.his_persgeslnaamcomp (id,persgeslnaamcomp,dataanvgel,dateindegel,tsreg,tsverval,actieinh,actieverval,actieaanpgel,voorvoegsel,scheidingsteken,stam,predicaat,adellijketitel,nadereaandverval) VALUES('6021','6021','19961003',null,'19961003',null,'6021',null,null,'ter','-','Stassen',null,null,null);
INSERT INTO kern.his_persgeslnaamcomp (id,persgeslnaamcomp,dataanvgel,dateindegel,tsreg,tsverval,actieinh,actieverval,actieaanpgel,voorvoegsel,scheidingsteken,stam,predicaat,adellijketitel,nadereaandverval) VALUES('6022','6022','19951003',null,'19951003',null,'6022',null,null,'van','-','Zon',null,null,null);
INSERT INTO kern.his_persgeslnaamcomp (id,persgeslnaamcomp,dataanvgel,dateindegel,tsreg,tsverval,actieinh,actieverval,actieaanpgel,voorvoegsel,scheidingsteken,stam,predicaat,adellijketitel,nadereaandverval) VALUES('6023','6023','19941003',null,'19941003',null,'6023',null,null,'van','-','Verhaar',null,null,null);
INSERT INTO kern.his_persgeslnaamcomp (id,persgeslnaamcomp,dataanvgel,dateindegel,tsreg,tsverval,actieinh,actieverval,actieaanpgel,voorvoegsel,scheidingsteken,stam,predicaat,adellijketitel,nadereaandverval) VALUES('6024','6024','19770401',null,'19770401',null,'6024',null,null,'de','-','Klaassen',null,null,null);
INSERT INTO kern.his_persgeslnaamcomp (id,persgeslnaamcomp,dataanvgel,dateindegel,tsreg,tsverval,actieinh,actieverval,actieaanpgel,voorvoegsel,scheidingsteken,stam,predicaat,adellijketitel,nadereaandverval) VALUES('6025','6025','19880611',null,'19880611',null,'6025',null,null,null,'-','Valstar',null,null,null);
INSERT INTO kern.his_persgeslnaamcomp (id,persgeslnaamcomp,dataanvgel,dateindegel,tsreg,tsverval,actieinh,actieverval,actieaanpgel,voorvoegsel,scheidingsteken,stam,predicaat,adellijketitel,nadereaandverval) VALUES('6026','6026','19910721',null,'19910721',null,'6026',null,null,'ter','-','Botje',null,null,null);
INSERT INTO kern.his_persgeslnaamcomp (id,persgeslnaamcomp,dataanvgel,dateindegel,tsreg,tsverval,actieinh,actieverval,actieaanpgel,voorvoegsel,scheidingsteken,stam,predicaat,adellijketitel,nadereaandverval) VALUES('6027','6027','19910911',null,'19910911',null,'6027',null,null,null,'-','Karlson',null,null,null);
INSERT INTO kern.his_persgeslnaamcomp (id,persgeslnaamcomp,dataanvgel,dateindegel,tsreg,tsverval,actieinh,actieverval,actieaanpgel,voorvoegsel,scheidingsteken,stam,predicaat,adellijketitel,nadereaandverval) VALUES('6028','6028','19900722',null,'19900722',null,'6028',null,null,'van','-','Hoog',null,null,null);
INSERT INTO kern.his_persgeslnaamcomp (id,persgeslnaamcomp,dataanvgel,dateindegel,tsreg,tsverval,actieinh,actieverval,actieaanpgel,voorvoegsel,scheidingsteken,stam,predicaat,adellijketitel,nadereaandverval) VALUES('6029','6029','19200430',null,'19200430',null,'6029',null,null,null,'-','Karlson',null,null,null);
INSERT INTO kern.his_persgeslnaamcomp (id,persgeslnaamcomp,dataanvgel,dateindegel,tsreg,tsverval,actieinh,actieverval,actieaanpgel,voorvoegsel,scheidingsteken,stam,predicaat,adellijketitel,nadereaandverval) VALUES('6030','6030','19220419',null,'19220419',null,'6030',null,null,'de','-','Vlonder',null,null,null);
INSERT INTO kern.his_persgeslnaamcomp (id,persgeslnaamcomp,dataanvgel,dateindegel,tsreg,tsverval,actieinh,actieverval,actieaanpgel,voorvoegsel,scheidingsteken,stam,predicaat,adellijketitel,nadereaandverval) VALUES('6031','6031','19920219',null,'19920219',null,'6031',null,null,'de','-','Zatte',null,null,null);
INSERT INTO kern.his_persgeslnaamcomp (id,persgeslnaamcomp,dataanvgel,dateindegel,tsreg,tsverval,actieinh,actieverval,actieaanpgel,voorvoegsel,scheidingsteken,stam,predicaat,adellijketitel,nadereaandverval) VALUES('6032','6032','19510923',null,'19510923',null,'6032',null,null,null,'-','Stuurman',null,null,null);
INSERT INTO kern.his_persgeslnaamcomp (id,persgeslnaamcomp,dataanvgel,dateindegel,tsreg,tsverval,actieinh,actieverval,actieaanpgel,voorvoegsel,scheidingsteken,stam,predicaat,adellijketitel,nadereaandverval) VALUES('6033','6033','19531116',null,'19531116',null,'6033',null,null,'de','-','Vriend',null,null,null);
INSERT INTO kern.his_persgeslnaamcomp (id,persgeslnaamcomp,dataanvgel,dateindegel,tsreg,tsverval,actieinh,actieverval,actieaanpgel,voorvoegsel,scheidingsteken,stam,predicaat,adellijketitel,nadereaandverval) VALUES('6034','6034','19390402',null,'19390402',null,'6034',null,null,'de','-','Renner',null,null,null);
INSERT INTO kern.his_persgeslnaamcomp (id,persgeslnaamcomp,dataanvgel,dateindegel,tsreg,tsverval,actieinh,actieverval,actieaanpgel,voorvoegsel,scheidingsteken,stam,predicaat,adellijketitel,nadereaandverval) VALUES('6035','6035','19841203',null,'19841203',null,'6035',null,null,'de','-','Muurbloem',null,null,null);
INSERT INTO kern.his_persgeslnaamcomp (id,persgeslnaamcomp,dataanvgel,dateindegel,tsreg,tsverval,actieinh,actieverval,actieaanpgel,voorvoegsel,scheidingsteken,stam,predicaat,adellijketitel,nadereaandverval) VALUES('6036','6036','19851011',null,'19851011',null,'6036',null,null,null,'-','Appelo',null,null,null);
INSERT INTO kern.his_persgeslnaamcomp (id,persgeslnaamcomp,dataanvgel,dateindegel,tsreg,tsverval,actieinh,actieverval,actieaanpgel,voorvoegsel,scheidingsteken,stam,predicaat,adellijketitel,nadereaandverval) VALUES('6037','6037','20050112',null,'20050112',null,'6037',null,null,null,'-','Appel',null,null,null);
INSERT INTO kern.his_persgeslnaamcomp (id,persgeslnaamcomp,dataanvgel,dateindegel,tsreg,tsverval,actieinh,actieverval,actieaanpgel,voorvoegsel,scheidingsteken,stam,predicaat,adellijketitel,nadereaandverval) VALUES('6038','6038','20051201',null,'20051201',null,'6038',null,null,'ter','-','Aar',null,null,null);
INSERT INTO kern.his_persgeslnaamcomp (id,persgeslnaamcomp,dataanvgel,dateindegel,tsreg,tsverval,actieinh,actieverval,actieaanpgel,voorvoegsel,scheidingsteken,stam,predicaat,adellijketitel,nadereaandverval) VALUES('6039','6039','20050112',null,'20050112',null,'6039',null,null,'in het','-','Veld',null,null,null);
INSERT INTO kern.his_persgeslnaamcomp (id,persgeslnaamcomp,dataanvgel,dateindegel,tsreg,tsverval,actieinh,actieverval,actieaanpgel,voorvoegsel,scheidingsteken,stam,predicaat,adellijketitel,nadereaandverval) VALUES('6040','6040','20051201',null,'20051201',null,'6040',null,null,'van','-','Penderloo',null,null,null);
INSERT INTO kern.his_persgeslnaamcomp (id,persgeslnaamcomp,dataanvgel,dateindegel,tsreg,tsverval,actieinh,actieverval,actieaanpgel,voorvoegsel,scheidingsteken,stam,predicaat,adellijketitel,nadereaandverval) VALUES('6041','6041','19680809',null,'19680809',null,'6041',null,null,'de','-','Bakker',null,null,null);
INSERT INTO kern.his_persgeslnaamcomp (id,persgeslnaamcomp,dataanvgel,dateindegel,tsreg,tsverval,actieinh,actieverval,actieaanpgel,voorvoegsel,scheidingsteken,stam,predicaat,adellijketitel,nadereaandverval) VALUES('6042','6042','19580921',null,'19580921',null,'6042',null,null,null,'-','Karlson',null,null,null);
INSERT INTO kern.his_persgeslnaamcomp (id,persgeslnaamcomp,dataanvgel,dateindegel,tsreg,tsverval,actieinh,actieverval,actieaanpgel,voorvoegsel,scheidingsteken,stam,predicaat,adellijketitel,nadereaandverval) VALUES('6043','6043','19951004',null,'19951004',null,'6043',null,null,'ter','-','Nater',null,null,null);
INSERT INTO kern.his_persgeslnaamcomp (id,persgeslnaamcomp,dataanvgel,dateindegel,tsreg,tsverval,actieinh,actieverval,actieaanpgel,voorvoegsel,scheidingsteken,stam,predicaat,adellijketitel,nadereaandverval) VALUES('6044','6044','20051201',null,'20051201',null,'6044',null,null,'van','-','Hoog',null,null,null);
INSERT INTO kern.his_persgeslnaamcomp (id,persgeslnaamcomp,dataanvgel,dateindegel,tsreg,tsverval,actieinh,actieverval,actieaanpgel,voorvoegsel,scheidingsteken,stam,predicaat,adellijketitel,nadereaandverval) VALUES('6045','6045','20050112',null,'20050112',null,'6045',null,null,'de','-','Hoop',null,null,null);

commit;


--------------------------------------------------
--- EIND
--- Sheet: (his_persgeslnaamcomp)
--- Handler: SheetHandlerImplSimpleInsert
--- Aantal: (46)
--------------------------------------------------
--------------------------------------------------
--- START
--- Sheet: (his_perssamengesteldenaam)
--- Handler: SheetHandlerImplSimpleInsert
--------------------------------------------------

begin;

INSERT INTO kern.his_perssamengesteldenaam (id,pers,dataanvgel,dateindegel,tsreg,tsverval,actieinh,actieverval,actieaanpgel,predicaat,voornamen,voorvoegsel,scheidingsteken,adellijketitel,geslnaamstam,indnreeks,indafgeleid,nadereaandverval) VALUES('6001','6001','19811002',null,'19811002',null,'6001',null,null,'1','Cees_p1','voor','-','2','Vlag','false','true',null);
INSERT INTO kern.his_perssamengesteldenaam (id,pers,dataanvgel,dateindegel,tsreg,tsverval,actieinh,actieverval,actieaanpgel,predicaat,voornamen,voorvoegsel,scheidingsteken,adellijketitel,geslnaamstam,indnreeks,indafgeleid,nadereaandverval) VALUES('6002','6002','19820528',null,'19820528',null,'6002',null,null,null,'Paula_p2','de',null,null,'Prins','false','true',null);
INSERT INTO kern.his_perssamengesteldenaam (id,pers,dataanvgel,dateindegel,tsreg,tsverval,actieinh,actieverval,actieaanpgel,predicaat,voornamen,voorvoegsel,scheidingsteken,adellijketitel,geslnaamstam,indnreeks,indafgeleid,nadereaandverval) VALUES('6003','6003','19660302',null,'19660302',null,'6003',null,null,null,'Christoffel_p3','van der','-',null,'Vermeer','false','true',null);
INSERT INTO kern.his_perssamengesteldenaam (id,pers,dataanvgel,dateindegel,tsreg,tsverval,actieinh,actieverval,actieaanpgel,predicaat,voornamen,voorvoegsel,scheidingsteken,adellijketitel,geslnaamstam,indnreeks,indafgeleid,nadereaandverval) VALUES('6004','6004','19691227',null,'19691227',null,'6004',null,null,null,'Eleonora Françoise_p4',null,'-',null,'Crooy','false','true',null);
INSERT INTO kern.his_perssamengesteldenaam (id,pers,dataanvgel,dateindegel,tsreg,tsverval,actieinh,actieverval,actieaanpgel,predicaat,voornamen,voorvoegsel,scheidingsteken,adellijketitel,geslnaamstam,indnreeks,indafgeleid,nadereaandverval) VALUES('6005','6005','19710717',null,'19710717',null,'6005',null,null,null,'Albert_p5',null,'-',null,'Laar','false','true',null);
INSERT INTO kern.his_perssamengesteldenaam (id,pers,dataanvgel,dateindegel,tsreg,tsverval,actieinh,actieverval,actieaanpgel,predicaat,voornamen,voorvoegsel,scheidingsteken,adellijketitel,geslnaamstam,indnreeks,indafgeleid,nadereaandverval) VALUES('6006','6006','19720928',null,'19720928',null,'6006',null,null,null,'Anne-Marie_p6',null,'-',null,'Verheul','false','true',null);
INSERT INTO kern.his_perssamengesteldenaam (id,pers,dataanvgel,dateindegel,tsreg,tsverval,actieinh,actieverval,actieaanpgel,predicaat,voornamen,voorvoegsel,scheidingsteken,adellijketitel,geslnaamstam,indnreeks,indafgeleid,nadereaandverval) VALUES('6007','6007','19800616',null,'19800616',null,'6007',null,null,null,'Henk_p7',null,'-',null,'Vermeulen','false','true',null);
INSERT INTO kern.his_perssamengesteldenaam (id,pers,dataanvgel,dateindegel,tsreg,tsverval,actieinh,actieverval,actieaanpgel,predicaat,voornamen,voorvoegsel,scheidingsteken,adellijketitel,geslnaamstam,indnreeks,indafgeleid,nadereaandverval) VALUES('6008','6008','19810418',null,'19810418',null,'6008',null,null,null,'Anna Maria Petra_p8',null,'-',null,'Jansma','false','true',null);
INSERT INTO kern.his_perssamengesteldenaam (id,pers,dataanvgel,dateindegel,tsreg,tsverval,actieinh,actieverval,actieaanpgel,predicaat,voornamen,voorvoegsel,scheidingsteken,adellijketitel,geslnaamstam,indnreeks,indafgeleid,nadereaandverval) VALUES('6009','6009','20031226',null,'20031226',null,'6009',null,null,'2','Miranda_p9',null,'-','6','Jansma','false','true',null);
INSERT INTO kern.his_perssamengesteldenaam (id,pers,dataanvgel,dateindegel,tsreg,tsverval,actieinh,actieverval,actieaanpgel,predicaat,voornamen,voorvoegsel,scheidingsteken,adellijketitel,geslnaamstam,indnreeks,indafgeleid,nadereaandverval) VALUES('6010','6010','19691231',null,'19691231',null,'6010',null,null,null,'John_p10','de','-',null,'Bloëmsma','false','true',null);
INSERT INTO kern.his_perssamengesteldenaam (id,pers,dataanvgel,dateindegel,tsreg,tsverval,actieinh,actieverval,actieaanpgel,predicaat,voornamen,voorvoegsel,scheidingsteken,adellijketitel,geslnaamstam,indnreeks,indafgeleid,nadereaandverval) VALUES('6011','6011','19690516',null,'19690516',null,'6011',null,null,null,'Dorothea_p11','de','-',null,'Snijder','false','true',null);
INSERT INTO kern.his_perssamengesteldenaam (id,pers,dataanvgel,dateindegel,tsreg,tsverval,actieinh,actieverval,actieaanpgel,predicaat,voornamen,voorvoegsel,scheidingsteken,adellijketitel,geslnaamstam,indnreeks,indafgeleid,nadereaandverval) VALUES('6012','6012','19771210',null,'19771210',null,'6012',null,null,null,'Bas_p12',null,'-',null,'Cuykelaer','false','true',null);
INSERT INTO kern.his_perssamengesteldenaam (id,pers,dataanvgel,dateindegel,tsreg,tsverval,actieinh,actieverval,actieaanpgel,predicaat,voornamen,voorvoegsel,scheidingsteken,adellijketitel,geslnaamstam,indnreeks,indafgeleid,nadereaandverval) VALUES('6013','6013','19550602',null,'19550602',null,'6013',null,null,null,'Hendrika Isabella Gerarda Johanna_p13','van','-',null,'Roos','false','true',null);
INSERT INTO kern.his_perssamengesteldenaam (id,pers,dataanvgel,dateindegel,tsreg,tsverval,actieinh,actieverval,actieaanpgel,predicaat,voornamen,voorvoegsel,scheidingsteken,adellijketitel,geslnaamstam,indnreeks,indafgeleid,nadereaandverval) VALUES('6014','6014','19780611',null,'19780611',null,'6014',null,null,null,'Jan_p14',null,'-',null,'Moes','false','true',null);
INSERT INTO kern.his_perssamengesteldenaam (id,pers,dataanvgel,dateindegel,tsreg,tsverval,actieinh,actieverval,actieaanpgel,predicaat,voornamen,voorvoegsel,scheidingsteken,adellijketitel,geslnaamstam,indnreeks,indafgeleid,nadereaandverval) VALUES('6015','6015','19880425',null,'19880425',null,'6015',null,null,null,'Petronella_p15',null,'-',null,'Brest naar Kempen','false','true',null);
INSERT INTO kern.his_perssamengesteldenaam (id,pers,dataanvgel,dateindegel,tsreg,tsverval,actieinh,actieverval,actieaanpgel,predicaat,voornamen,voorvoegsel,scheidingsteken,adellijketitel,geslnaamstam,indnreeks,indafgeleid,nadereaandverval) VALUES('6016','6016','19881210',null,'19881210',null,'6016',null,null,null,'Maria Christina_p16',null,'-',null,'Ophuijsen','false','true',null);
INSERT INTO kern.his_perssamengesteldenaam (id,pers,dataanvgel,dateindegel,tsreg,tsverval,actieinh,actieverval,actieaanpgel,predicaat,voornamen,voorvoegsel,scheidingsteken,adellijketitel,geslnaamstam,indnreeks,indafgeleid,nadereaandverval) VALUES('6017','6017','19960523',null,'19960523',null,'6017',null,null,null,'Pieter_p17',null,'-',null,'Addams','false','true',null);
INSERT INTO kern.his_perssamengesteldenaam (id,pers,dataanvgel,dateindegel,tsreg,tsverval,actieinh,actieverval,actieaanpgel,predicaat,voornamen,voorvoegsel,scheidingsteken,adellijketitel,geslnaamstam,indnreeks,indafgeleid,nadereaandverval) VALUES('6018','6018','19941005',null,'19941005',null,'6018',null,null,null,'Petronellaatje_p18',null,'-',null,'Verhoeven','false','true',null);
INSERT INTO kern.his_perssamengesteldenaam (id,pers,dataanvgel,dateindegel,tsreg,tsverval,actieinh,actieverval,actieaanpgel,predicaat,voornamen,voorvoegsel,scheidingsteken,adellijketitel,geslnaamstam,indnreeks,indafgeleid,nadereaandverval) VALUES('6019','6019','19941005',null,'19941005',null,'6019',null,null,null,'Sanne_p19','de','-',null,'Slot','false','true',null);
INSERT INTO kern.his_perssamengesteldenaam (id,pers,dataanvgel,dateindegel,tsreg,tsverval,actieinh,actieverval,actieaanpgel,predicaat,voornamen,voorvoegsel,scheidingsteken,adellijketitel,geslnaamstam,indnreeks,indafgeleid,nadereaandverval) VALUES('6020','6020','19760103',null,'19760103',null,'6020',null,null,null,'Hanna_p20','van','-',null,'Guirten','false','true',null);
INSERT INTO kern.his_perssamengesteldenaam (id,pers,dataanvgel,dateindegel,tsreg,tsverval,actieinh,actieverval,actieaanpgel,predicaat,voornamen,voorvoegsel,scheidingsteken,adellijketitel,geslnaamstam,indnreeks,indafgeleid,nadereaandverval) VALUES('6021','6021','19961003',null,'19961003',null,'6021',null,null,null,'Sander_p21','ter','-',null,'Stassen','false','true',null);
INSERT INTO kern.his_perssamengesteldenaam (id,pers,dataanvgel,dateindegel,tsreg,tsverval,actieinh,actieverval,actieaanpgel,predicaat,voornamen,voorvoegsel,scheidingsteken,adellijketitel,geslnaamstam,indnreeks,indafgeleid,nadereaandverval) VALUES('6022','6022','19951003',null,'19951003',null,'6022',null,null,null,'Ellen_p22','van','-',null,'Zon','false','true',null);
INSERT INTO kern.his_perssamengesteldenaam (id,pers,dataanvgel,dateindegel,tsreg,tsverval,actieinh,actieverval,actieaanpgel,predicaat,voornamen,voorvoegsel,scheidingsteken,adellijketitel,geslnaamstam,indnreeks,indafgeleid,nadereaandverval) VALUES('6023','6023','19941003',null,'19941003',null,'6023',null,null,null,'Christian_p23','van','-',null,'Verhaar','false','true',null);
INSERT INTO kern.his_perssamengesteldenaam (id,pers,dataanvgel,dateindegel,tsreg,tsverval,actieinh,actieverval,actieaanpgel,predicaat,voornamen,voorvoegsel,scheidingsteken,adellijketitel,geslnaamstam,indnreeks,indafgeleid,nadereaandverval) VALUES('6024','6024','19770401',null,'19770401',null,'6024',null,null,null,'Anja_p24','de','-',null,'Klaassen','false','true',null);
INSERT INTO kern.his_perssamengesteldenaam (id,pers,dataanvgel,dateindegel,tsreg,tsverval,actieinh,actieverval,actieaanpgel,predicaat,voornamen,voorvoegsel,scheidingsteken,adellijketitel,geslnaamstam,indnreeks,indafgeleid,nadereaandverval) VALUES('6025','6025','19880611',null,'19880611',null,'6025',null,null,null,'Karel_p25',null,'-',null,'Valstar','false','true',null);
INSERT INTO kern.his_perssamengesteldenaam (id,pers,dataanvgel,dateindegel,tsreg,tsverval,actieinh,actieverval,actieaanpgel,predicaat,voornamen,voorvoegsel,scheidingsteken,adellijketitel,geslnaamstam,indnreeks,indafgeleid,nadereaandverval) VALUES('6026','6026','19910721',null,'19910721',null,'6026',null,null,null,'Helen_p26','ter','-',null,'Botje','false','true',null);
INSERT INTO kern.his_perssamengesteldenaam (id,pers,dataanvgel,dateindegel,tsreg,tsverval,actieinh,actieverval,actieaanpgel,predicaat,voornamen,voorvoegsel,scheidingsteken,adellijketitel,geslnaamstam,indnreeks,indafgeleid,nadereaandverval) VALUES('6027','6027','19910911',null,'19910911',null,'6027',null,null,null,'Sander_p27',null,'-',null,'Karlson','false','true',null);
INSERT INTO kern.his_perssamengesteldenaam (id,pers,dataanvgel,dateindegel,tsreg,tsverval,actieinh,actieverval,actieaanpgel,predicaat,voornamen,voorvoegsel,scheidingsteken,adellijketitel,geslnaamstam,indnreeks,indafgeleid,nadereaandverval) VALUES('6028','6028','19900722',null,'19900722',null,'6028',null,null,null,'Violet_p28','van','-',null,'Hoog','false','true',null);
INSERT INTO kern.his_perssamengesteldenaam (id,pers,dataanvgel,dateindegel,tsreg,tsverval,actieinh,actieverval,actieaanpgel,predicaat,voornamen,voorvoegsel,scheidingsteken,adellijketitel,geslnaamstam,indnreeks,indafgeleid,nadereaandverval) VALUES('6029','6029','19200430',null,'19200430',null,'6029',null,null,null,'Violet_p29',null,'-',null,'Karlson','false','true',null);
INSERT INTO kern.his_perssamengesteldenaam (id,pers,dataanvgel,dateindegel,tsreg,tsverval,actieinh,actieverval,actieaanpgel,predicaat,voornamen,voorvoegsel,scheidingsteken,adellijketitel,geslnaamstam,indnreeks,indafgeleid,nadereaandverval) VALUES('6030','6030','19220419',null,'19220419',null,'6030',null,null,null,'Tanja_p30','de','-',null,'Vlonder','false','true',null);
INSERT INTO kern.his_perssamengesteldenaam (id,pers,dataanvgel,dateindegel,tsreg,tsverval,actieinh,actieverval,actieaanpgel,predicaat,voornamen,voorvoegsel,scheidingsteken,adellijketitel,geslnaamstam,indnreeks,indafgeleid,nadereaandverval) VALUES('6031','6031','19920219',null,'19920219',null,'6031',null,null,null,'Berend_p31','de','-',null,'Zatte','false','true',null);
INSERT INTO kern.his_perssamengesteldenaam (id,pers,dataanvgel,dateindegel,tsreg,tsverval,actieinh,actieverval,actieaanpgel,predicaat,voornamen,voorvoegsel,scheidingsteken,adellijketitel,geslnaamstam,indnreeks,indafgeleid,nadereaandverval) VALUES('6032','6032','19510923',null,'19510923',null,'6032',null,null,null,'Mike_p32',null,'-',null,'Stuurman','false','true',null);
INSERT INTO kern.his_perssamengesteldenaam (id,pers,dataanvgel,dateindegel,tsreg,tsverval,actieinh,actieverval,actieaanpgel,predicaat,voornamen,voorvoegsel,scheidingsteken,adellijketitel,geslnaamstam,indnreeks,indafgeleid,nadereaandverval) VALUES('6033','6033','19531116',null,'19531116',null,'6033',null,null,null,'Sanne_p33','de','-',null,'Vriend','false','true',null);
INSERT INTO kern.his_perssamengesteldenaam (id,pers,dataanvgel,dateindegel,tsreg,tsverval,actieinh,actieverval,actieaanpgel,predicaat,voornamen,voorvoegsel,scheidingsteken,adellijketitel,geslnaamstam,indnreeks,indafgeleid,nadereaandverval) VALUES('6034','6034','19390402',null,'19390402',null,'6034',null,null,null,'Josje_p34','de','-',null,'Renner','false','true',null);
INSERT INTO kern.his_perssamengesteldenaam (id,pers,dataanvgel,dateindegel,tsreg,tsverval,actieinh,actieverval,actieaanpgel,predicaat,voornamen,voorvoegsel,scheidingsteken,adellijketitel,geslnaamstam,indnreeks,indafgeleid,nadereaandverval) VALUES('6035','6035','19841203',null,'19841203',null,'6035',null,null,null,'Anna_p35','de','-',null,'Muurbloem','false','true',null);
INSERT INTO kern.his_perssamengesteldenaam (id,pers,dataanvgel,dateindegel,tsreg,tsverval,actieinh,actieverval,actieaanpgel,predicaat,voornamen,voorvoegsel,scheidingsteken,adellijketitel,geslnaamstam,indnreeks,indafgeleid,nadereaandverval) VALUES('6036','6036','19851011',null,'19851011',null,'6036',null,null,'1','Gerard_p36',null,'-','6','Appelo','false','true',null);
INSERT INTO kern.his_perssamengesteldenaam (id,pers,dataanvgel,dateindegel,tsreg,tsverval,actieinh,actieverval,actieaanpgel,predicaat,voornamen,voorvoegsel,scheidingsteken,adellijketitel,geslnaamstam,indnreeks,indafgeleid,nadereaandverval) VALUES('6037','6037','20050112',null,'20050112',null,'6037',null,null,null,'Albert_p37',null,'-',null,'Appel','false','true',null);
INSERT INTO kern.his_perssamengesteldenaam (id,pers,dataanvgel,dateindegel,tsreg,tsverval,actieinh,actieverval,actieaanpgel,predicaat,voornamen,voorvoegsel,scheidingsteken,adellijketitel,geslnaamstam,indnreeks,indafgeleid,nadereaandverval) VALUES('6038','6038','20051201',null,'20051201',null,'6038',null,null,null,'Marijke_p38','ter','-',null,'Aar','false','true',null);
INSERT INTO kern.his_perssamengesteldenaam (id,pers,dataanvgel,dateindegel,tsreg,tsverval,actieinh,actieverval,actieaanpgel,predicaat,voornamen,voorvoegsel,scheidingsteken,adellijketitel,geslnaamstam,indnreeks,indafgeleid,nadereaandverval) VALUES('6039','6039','20050112',null,'20050112',null,'6039',null,null,'1','Geerte_p39','in het','-','2','Veld','false','true',null);
INSERT INTO kern.his_perssamengesteldenaam (id,pers,dataanvgel,dateindegel,tsreg,tsverval,actieinh,actieverval,actieaanpgel,predicaat,voornamen,voorvoegsel,scheidingsteken,adellijketitel,geslnaamstam,indnreeks,indafgeleid,nadereaandverval) VALUES('6040','6040','20051201',null,'20051201',null,'6040',null,null,null,'Gert_p40','van','-',null,'Penderloo','false','true',null);
INSERT INTO kern.his_perssamengesteldenaam (id,pers,dataanvgel,dateindegel,tsreg,tsverval,actieinh,actieverval,actieaanpgel,predicaat,voornamen,voorvoegsel,scheidingsteken,adellijketitel,geslnaamstam,indnreeks,indafgeleid,nadereaandverval) VALUES('6041','6041','19680809',null,'19680809',null,'6041',null,null,null,'Gijs_p41','de','-',null,'Bakker','false','true',null);
INSERT INTO kern.his_perssamengesteldenaam (id,pers,dataanvgel,dateindegel,tsreg,tsverval,actieinh,actieverval,actieaanpgel,predicaat,voornamen,voorvoegsel,scheidingsteken,adellijketitel,geslnaamstam,indnreeks,indafgeleid,nadereaandverval) VALUES('6042','6042','19580921',null,'19580921',null,'6042',null,null,null,'Guido_p42',null,'-',null,'Karlson','false','true',null);
INSERT INTO kern.his_perssamengesteldenaam (id,pers,dataanvgel,dateindegel,tsreg,tsverval,actieinh,actieverval,actieaanpgel,predicaat,voornamen,voorvoegsel,scheidingsteken,adellijketitel,geslnaamstam,indnreeks,indafgeleid,nadereaandverval) VALUES('6043','6043','19951004',null,'19951004',null,'6043',null,null,null,'Annemieke_p43','ter','-',null,'Nater','false','true',null);
INSERT INTO kern.his_perssamengesteldenaam (id,pers,dataanvgel,dateindegel,tsreg,tsverval,actieinh,actieverval,actieaanpgel,predicaat,voornamen,voorvoegsel,scheidingsteken,adellijketitel,geslnaamstam,indnreeks,indafgeleid,nadereaandverval) VALUES('6044','6044','20051201',null,'20051201',null,'6044',null,null,null,'Maarten_p44','van','-',null,'Hoog','false','true',null);
INSERT INTO kern.his_perssamengesteldenaam (id,pers,dataanvgel,dateindegel,tsreg,tsverval,actieinh,actieverval,actieaanpgel,predicaat,voornamen,voorvoegsel,scheidingsteken,adellijketitel,geslnaamstam,indnreeks,indafgeleid,nadereaandverval) VALUES('6045','6045','20050112',null,'20050112',null,'6045',null,null,null,'Marion_p45','de','-',null,'Hoop','false','true',null);
INSERT INTO kern.his_perssamengesteldenaam (id,pers,dataanvgel,dateindegel,tsreg,tsverval,actieinh,actieverval,actieaanpgel,predicaat,voornamen,voorvoegsel,scheidingsteken,adellijketitel,geslnaamstam,indnreeks,indafgeleid,nadereaandverval) VALUES('6046','6046','19900101',null,'19900101',null,'6020',null,null,null,'Dave_46',null,null,null,'Keita','false','true',null);

commit;


--------------------------------------------------
--- EIND
--- Sheet: (his_perssamengesteldenaam)
--- Handler: SheetHandlerImplSimpleInsert
--- Aantal: (47)
--------------------------------------------------
--------------------------------------------------
--- START
--- Sheet: (his_persnaamgebruik)
--- Handler: SheetHandlerImplSimpleInsert
--------------------------------------------------

begin;

INSERT INTO kern.his_persnaamgebruik (id,pers,tsreg,tsverval,actieinh,actieverval,naamgebruik,indnaamgebruikafgeleid,predicaatnaamgebruik,voornamennaamgebruik,voorvoegselnaamgebruik,scheidingstekennaamgebruik,adellijketitelnaamgebruik,geslnaamstamnaamgebruik,nadereaandverval) VALUES('6001','6001','19811002',null,'6001',null,'1','true',null,'Cees',null,'-',null,'Vlag',null);
INSERT INTO kern.his_persnaamgebruik (id,pers,tsreg,tsverval,actieinh,actieverval,naamgebruik,indnaamgebruikafgeleid,predicaatnaamgebruik,voornamennaamgebruik,voorvoegselnaamgebruik,scheidingstekennaamgebruik,adellijketitelnaamgebruik,geslnaamstamnaamgebruik,nadereaandverval) VALUES('6002','6002','19820528',null,'6002',null,'1','true',null,'Paula','de',null,null,'Prins',null);
INSERT INTO kern.his_persnaamgebruik (id,pers,tsreg,tsverval,actieinh,actieverval,naamgebruik,indnaamgebruikafgeleid,predicaatnaamgebruik,voornamennaamgebruik,voorvoegselnaamgebruik,scheidingstekennaamgebruik,adellijketitelnaamgebruik,geslnaamstamnaamgebruik,nadereaandverval) VALUES('6003','6003','19660302',null,'6003',null,'1','true',null,'Christoffel','van der','-',null,'Vermeer',null);
INSERT INTO kern.his_persnaamgebruik (id,pers,tsreg,tsverval,actieinh,actieverval,naamgebruik,indnaamgebruikafgeleid,predicaatnaamgebruik,voornamennaamgebruik,voorvoegselnaamgebruik,scheidingstekennaamgebruik,adellijketitelnaamgebruik,geslnaamstamnaamgebruik,nadereaandverval) VALUES('6004','6004','19691227',null,'6004',null,'1','true',null,'Eleonora Françoise',null,'-',null,'Crooy',null);
INSERT INTO kern.his_persnaamgebruik (id,pers,tsreg,tsverval,actieinh,actieverval,naamgebruik,indnaamgebruikafgeleid,predicaatnaamgebruik,voornamennaamgebruik,voorvoegselnaamgebruik,scheidingstekennaamgebruik,adellijketitelnaamgebruik,geslnaamstamnaamgebruik,nadereaandverval) VALUES('6005','6005','19710717',null,'6005',null,'1','true',null,'Albert',null,'-',null,'Laar',null);
INSERT INTO kern.his_persnaamgebruik (id,pers,tsreg,tsverval,actieinh,actieverval,naamgebruik,indnaamgebruikafgeleid,predicaatnaamgebruik,voornamennaamgebruik,voorvoegselnaamgebruik,scheidingstekennaamgebruik,adellijketitelnaamgebruik,geslnaamstamnaamgebruik,nadereaandverval) VALUES('6006','6006','19720928',null,'6006',null,'1','true',null,'Anne-Marie',null,'-',null,'Verheul',null);
INSERT INTO kern.his_persnaamgebruik (id,pers,tsreg,tsverval,actieinh,actieverval,naamgebruik,indnaamgebruikafgeleid,predicaatnaamgebruik,voornamennaamgebruik,voorvoegselnaamgebruik,scheidingstekennaamgebruik,adellijketitelnaamgebruik,geslnaamstamnaamgebruik,nadereaandverval) VALUES('6007','6007','19800616',null,'6007',null,'1','true',null,'Henk',null,'-',null,'Vermeulen',null);
INSERT INTO kern.his_persnaamgebruik (id,pers,tsreg,tsverval,actieinh,actieverval,naamgebruik,indnaamgebruikafgeleid,predicaatnaamgebruik,voornamennaamgebruik,voorvoegselnaamgebruik,scheidingstekennaamgebruik,adellijketitelnaamgebruik,geslnaamstamnaamgebruik,nadereaandverval) VALUES('6008','6008','19810418',null,'6008',null,'1','true',null,'Anna Maria Petra',null,'-',null,'Jansma',null);
INSERT INTO kern.his_persnaamgebruik (id,pers,tsreg,tsverval,actieinh,actieverval,naamgebruik,indnaamgebruikafgeleid,predicaatnaamgebruik,voornamennaamgebruik,voorvoegselnaamgebruik,scheidingstekennaamgebruik,adellijketitelnaamgebruik,geslnaamstamnaamgebruik,nadereaandverval) VALUES('6009','6009','20031226',null,'6009',null,'1','true',null,'Miranda',null,'-',null,'Jansma',null);
INSERT INTO kern.his_persnaamgebruik (id,pers,tsreg,tsverval,actieinh,actieverval,naamgebruik,indnaamgebruikafgeleid,predicaatnaamgebruik,voornamennaamgebruik,voorvoegselnaamgebruik,scheidingstekennaamgebruik,adellijketitelnaamgebruik,geslnaamstamnaamgebruik,nadereaandverval) VALUES('6010','6010','19691231',null,'6010',null,'1','true',null,'John','de','-',null,'Bloëmsma',null);
INSERT INTO kern.his_persnaamgebruik (id,pers,tsreg,tsverval,actieinh,actieverval,naamgebruik,indnaamgebruikafgeleid,predicaatnaamgebruik,voornamennaamgebruik,voorvoegselnaamgebruik,scheidingstekennaamgebruik,adellijketitelnaamgebruik,geslnaamstamnaamgebruik,nadereaandverval) VALUES('6011','6011','19690516',null,'6011',null,'1','true',null,'Dorothea','de','-',null,'Snijder',null);
INSERT INTO kern.his_persnaamgebruik (id,pers,tsreg,tsverval,actieinh,actieverval,naamgebruik,indnaamgebruikafgeleid,predicaatnaamgebruik,voornamennaamgebruik,voorvoegselnaamgebruik,scheidingstekennaamgebruik,adellijketitelnaamgebruik,geslnaamstamnaamgebruik,nadereaandverval) VALUES('6012','6012','19771210',null,'6012',null,'1','true',null,'Bas',null,'-',null,'Cuykelaer',null);
INSERT INTO kern.his_persnaamgebruik (id,pers,tsreg,tsverval,actieinh,actieverval,naamgebruik,indnaamgebruikafgeleid,predicaatnaamgebruik,voornamennaamgebruik,voorvoegselnaamgebruik,scheidingstekennaamgebruik,adellijketitelnaamgebruik,geslnaamstamnaamgebruik,nadereaandverval) VALUES('6013','6013','19550602',null,'6013',null,'1','true',null,'Hendrika Isabella Gerarda Johanna','van','-',null,'Roos',null);
INSERT INTO kern.his_persnaamgebruik (id,pers,tsreg,tsverval,actieinh,actieverval,naamgebruik,indnaamgebruikafgeleid,predicaatnaamgebruik,voornamennaamgebruik,voorvoegselnaamgebruik,scheidingstekennaamgebruik,adellijketitelnaamgebruik,geslnaamstamnaamgebruik,nadereaandverval) VALUES('6014','6014','19780611',null,'6014',null,'1','true',null,'Jan',null,'-',null,'Moes',null);
INSERT INTO kern.his_persnaamgebruik (id,pers,tsreg,tsverval,actieinh,actieverval,naamgebruik,indnaamgebruikafgeleid,predicaatnaamgebruik,voornamennaamgebruik,voorvoegselnaamgebruik,scheidingstekennaamgebruik,adellijketitelnaamgebruik,geslnaamstamnaamgebruik,nadereaandverval) VALUES('6015','6015','19880425',null,'6015',null,'1','true',null,'Petronella',null,'-',null,'Brest naar Kempen',null);
INSERT INTO kern.his_persnaamgebruik (id,pers,tsreg,tsverval,actieinh,actieverval,naamgebruik,indnaamgebruikafgeleid,predicaatnaamgebruik,voornamennaamgebruik,voorvoegselnaamgebruik,scheidingstekennaamgebruik,adellijketitelnaamgebruik,geslnaamstamnaamgebruik,nadereaandverval) VALUES('6016','6016','19881210',null,'6016',null,'1','true',null,'Maria Christina',null,'-',null,'Ophuijsen',null);
INSERT INTO kern.his_persnaamgebruik (id,pers,tsreg,tsverval,actieinh,actieverval,naamgebruik,indnaamgebruikafgeleid,predicaatnaamgebruik,voornamennaamgebruik,voorvoegselnaamgebruik,scheidingstekennaamgebruik,adellijketitelnaamgebruik,geslnaamstamnaamgebruik,nadereaandverval) VALUES('6017','6017','19960523',null,'6017',null,'1','true',null,'Pieter',null,'-',null,'Addams',null);
INSERT INTO kern.his_persnaamgebruik (id,pers,tsreg,tsverval,actieinh,actieverval,naamgebruik,indnaamgebruikafgeleid,predicaatnaamgebruik,voornamennaamgebruik,voorvoegselnaamgebruik,scheidingstekennaamgebruik,adellijketitelnaamgebruik,geslnaamstamnaamgebruik,nadereaandverval) VALUES('6018','6018','19941005',null,'6018',null,'1','true',null,'Petronellaatje',null,'-',null,'Verhoeven',null);
INSERT INTO kern.his_persnaamgebruik (id,pers,tsreg,tsverval,actieinh,actieverval,naamgebruik,indnaamgebruikafgeleid,predicaatnaamgebruik,voornamennaamgebruik,voorvoegselnaamgebruik,scheidingstekennaamgebruik,adellijketitelnaamgebruik,geslnaamstamnaamgebruik,nadereaandverval) VALUES('6019','6019','19941005',null,'6019',null,'1','true',null,'Sanne','de','-',null,'Slot',null);
INSERT INTO kern.his_persnaamgebruik (id,pers,tsreg,tsverval,actieinh,actieverval,naamgebruik,indnaamgebruikafgeleid,predicaatnaamgebruik,voornamennaamgebruik,voorvoegselnaamgebruik,scheidingstekennaamgebruik,adellijketitelnaamgebruik,geslnaamstamnaamgebruik,nadereaandverval) VALUES('6020','6020','19760103',null,'6020',null,'1','true',null,'Hanna','van','-',null,'Guirten',null);
INSERT INTO kern.his_persnaamgebruik (id,pers,tsreg,tsverval,actieinh,actieverval,naamgebruik,indnaamgebruikafgeleid,predicaatnaamgebruik,voornamennaamgebruik,voorvoegselnaamgebruik,scheidingstekennaamgebruik,adellijketitelnaamgebruik,geslnaamstamnaamgebruik,nadereaandverval) VALUES('6021','6021','19961003',null,'6021',null,'1','true',null,'Sander','ter','-',null,'Stassen',null);
INSERT INTO kern.his_persnaamgebruik (id,pers,tsreg,tsverval,actieinh,actieverval,naamgebruik,indnaamgebruikafgeleid,predicaatnaamgebruik,voornamennaamgebruik,voorvoegselnaamgebruik,scheidingstekennaamgebruik,adellijketitelnaamgebruik,geslnaamstamnaamgebruik,nadereaandverval) VALUES('6022','6022','19951003',null,'6022',null,'1','true',null,'Ellen','van','-',null,'Zon',null);
INSERT INTO kern.his_persnaamgebruik (id,pers,tsreg,tsverval,actieinh,actieverval,naamgebruik,indnaamgebruikafgeleid,predicaatnaamgebruik,voornamennaamgebruik,voorvoegselnaamgebruik,scheidingstekennaamgebruik,adellijketitelnaamgebruik,geslnaamstamnaamgebruik,nadereaandverval) VALUES('6023','6023','19941003',null,'6023',null,'1','true',null,'Christian','van','-',null,'Verhaar',null);
INSERT INTO kern.his_persnaamgebruik (id,pers,tsreg,tsverval,actieinh,actieverval,naamgebruik,indnaamgebruikafgeleid,predicaatnaamgebruik,voornamennaamgebruik,voorvoegselnaamgebruik,scheidingstekennaamgebruik,adellijketitelnaamgebruik,geslnaamstamnaamgebruik,nadereaandverval) VALUES('6024','6024','19770401',null,'6024',null,'1','true',null,'Anja','de','-',null,'Klaassen',null);
INSERT INTO kern.his_persnaamgebruik (id,pers,tsreg,tsverval,actieinh,actieverval,naamgebruik,indnaamgebruikafgeleid,predicaatnaamgebruik,voornamennaamgebruik,voorvoegselnaamgebruik,scheidingstekennaamgebruik,adellijketitelnaamgebruik,geslnaamstamnaamgebruik,nadereaandverval) VALUES('6025','6025','19880611',null,'6025',null,'1','true',null,'Karel',null,'-',null,'Valstar',null);
INSERT INTO kern.his_persnaamgebruik (id,pers,tsreg,tsverval,actieinh,actieverval,naamgebruik,indnaamgebruikafgeleid,predicaatnaamgebruik,voornamennaamgebruik,voorvoegselnaamgebruik,scheidingstekennaamgebruik,adellijketitelnaamgebruik,geslnaamstamnaamgebruik,nadereaandverval) VALUES('6026','6026','19910721',null,'6026',null,'1','true',null,'Helen','ter','-',null,'Botje',null);
INSERT INTO kern.his_persnaamgebruik (id,pers,tsreg,tsverval,actieinh,actieverval,naamgebruik,indnaamgebruikafgeleid,predicaatnaamgebruik,voornamennaamgebruik,voorvoegselnaamgebruik,scheidingstekennaamgebruik,adellijketitelnaamgebruik,geslnaamstamnaamgebruik,nadereaandverval) VALUES('6027','6027','19910911',null,'6027',null,'1','true',null,'Sander',null,'-',null,'Karlson',null);
INSERT INTO kern.his_persnaamgebruik (id,pers,tsreg,tsverval,actieinh,actieverval,naamgebruik,indnaamgebruikafgeleid,predicaatnaamgebruik,voornamennaamgebruik,voorvoegselnaamgebruik,scheidingstekennaamgebruik,adellijketitelnaamgebruik,geslnaamstamnaamgebruik,nadereaandverval) VALUES('6028','6028','19900722',null,'6028',null,'1','true',null,'Violet','van','-',null,'Hoog',null);
INSERT INTO kern.his_persnaamgebruik (id,pers,tsreg,tsverval,actieinh,actieverval,naamgebruik,indnaamgebruikafgeleid,predicaatnaamgebruik,voornamennaamgebruik,voorvoegselnaamgebruik,scheidingstekennaamgebruik,adellijketitelnaamgebruik,geslnaamstamnaamgebruik,nadereaandverval) VALUES('6029','6029','19200430',null,'6029',null,'1','true',null,'Violet',null,'-',null,'Karlson',null);
INSERT INTO kern.his_persnaamgebruik (id,pers,tsreg,tsverval,actieinh,actieverval,naamgebruik,indnaamgebruikafgeleid,predicaatnaamgebruik,voornamennaamgebruik,voorvoegselnaamgebruik,scheidingstekennaamgebruik,adellijketitelnaamgebruik,geslnaamstamnaamgebruik,nadereaandverval) VALUES('6030','6030','19220419',null,'6030',null,'1','true',null,'Tanja','de','-',null,'Vlonder',null);
INSERT INTO kern.his_persnaamgebruik (id,pers,tsreg,tsverval,actieinh,actieverval,naamgebruik,indnaamgebruikafgeleid,predicaatnaamgebruik,voornamennaamgebruik,voorvoegselnaamgebruik,scheidingstekennaamgebruik,adellijketitelnaamgebruik,geslnaamstamnaamgebruik,nadereaandverval) VALUES('6031','6031','19920219',null,'6031',null,'1','true',null,'Berend','de','-',null,'Zatte',null);
INSERT INTO kern.his_persnaamgebruik (id,pers,tsreg,tsverval,actieinh,actieverval,naamgebruik,indnaamgebruikafgeleid,predicaatnaamgebruik,voornamennaamgebruik,voorvoegselnaamgebruik,scheidingstekennaamgebruik,adellijketitelnaamgebruik,geslnaamstamnaamgebruik,nadereaandverval) VALUES('6032','6032','19510923',null,'6032',null,'1','true',null,'Mike',null,'-',null,'Stuurman',null);
INSERT INTO kern.his_persnaamgebruik (id,pers,tsreg,tsverval,actieinh,actieverval,naamgebruik,indnaamgebruikafgeleid,predicaatnaamgebruik,voornamennaamgebruik,voorvoegselnaamgebruik,scheidingstekennaamgebruik,adellijketitelnaamgebruik,geslnaamstamnaamgebruik,nadereaandverval) VALUES('6033','6033','19531116',null,'6033',null,'1','true',null,'Sanne','de','-',null,'Vriend',null);
INSERT INTO kern.his_persnaamgebruik (id,pers,tsreg,tsverval,actieinh,actieverval,naamgebruik,indnaamgebruikafgeleid,predicaatnaamgebruik,voornamennaamgebruik,voorvoegselnaamgebruik,scheidingstekennaamgebruik,adellijketitelnaamgebruik,geslnaamstamnaamgebruik,nadereaandverval) VALUES('6034','6034','19390402',null,'6034',null,'1','true',null,'Josje','de','-',null,'Renner',null);
INSERT INTO kern.his_persnaamgebruik (id,pers,tsreg,tsverval,actieinh,actieverval,naamgebruik,indnaamgebruikafgeleid,predicaatnaamgebruik,voornamennaamgebruik,voorvoegselnaamgebruik,scheidingstekennaamgebruik,adellijketitelnaamgebruik,geslnaamstamnaamgebruik,nadereaandverval) VALUES('6035','6035','19841203',null,'6035',null,'1','true',null,'Anna','de','-',null,'Muurbloem',null);
INSERT INTO kern.his_persnaamgebruik (id,pers,tsreg,tsverval,actieinh,actieverval,naamgebruik,indnaamgebruikafgeleid,predicaatnaamgebruik,voornamennaamgebruik,voorvoegselnaamgebruik,scheidingstekennaamgebruik,adellijketitelnaamgebruik,geslnaamstamnaamgebruik,nadereaandverval) VALUES('6036','6036','19851011',null,'6036',null,'1','true',null,'Gerard',null,'-',null,'Appelo',null);
INSERT INTO kern.his_persnaamgebruik (id,pers,tsreg,tsverval,actieinh,actieverval,naamgebruik,indnaamgebruikafgeleid,predicaatnaamgebruik,voornamennaamgebruik,voorvoegselnaamgebruik,scheidingstekennaamgebruik,adellijketitelnaamgebruik,geslnaamstamnaamgebruik,nadereaandverval) VALUES('6037','6037','20050112',null,'6037',null,'1','true',null,'Albert',null,'-',null,'Appel',null);
INSERT INTO kern.his_persnaamgebruik (id,pers,tsreg,tsverval,actieinh,actieverval,naamgebruik,indnaamgebruikafgeleid,predicaatnaamgebruik,voornamennaamgebruik,voorvoegselnaamgebruik,scheidingstekennaamgebruik,adellijketitelnaamgebruik,geslnaamstamnaamgebruik,nadereaandverval) VALUES('6038','6038','20051201',null,'6038',null,'1','true',null,'Marijke','ter','-',null,'Aar',null);
INSERT INTO kern.his_persnaamgebruik (id,pers,tsreg,tsverval,actieinh,actieverval,naamgebruik,indnaamgebruikafgeleid,predicaatnaamgebruik,voornamennaamgebruik,voorvoegselnaamgebruik,scheidingstekennaamgebruik,adellijketitelnaamgebruik,geslnaamstamnaamgebruik,nadereaandverval) VALUES('6039','6039','20050112',null,'6039',null,'1','true',null,'Geerte','in het','-',null,'Veld',null);
INSERT INTO kern.his_persnaamgebruik (id,pers,tsreg,tsverval,actieinh,actieverval,naamgebruik,indnaamgebruikafgeleid,predicaatnaamgebruik,voornamennaamgebruik,voorvoegselnaamgebruik,scheidingstekennaamgebruik,adellijketitelnaamgebruik,geslnaamstamnaamgebruik,nadereaandverval) VALUES('6040','6040','20051201',null,'6040',null,'1','true',null,'Gert','van','-',null,'Penderloo',null);
INSERT INTO kern.his_persnaamgebruik (id,pers,tsreg,tsverval,actieinh,actieverval,naamgebruik,indnaamgebruikafgeleid,predicaatnaamgebruik,voornamennaamgebruik,voorvoegselnaamgebruik,scheidingstekennaamgebruik,adellijketitelnaamgebruik,geslnaamstamnaamgebruik,nadereaandverval) VALUES('6041','6041','19680809',null,'6041',null,'1','true',null,'Gijs','de','-',null,'Bakker',null);
INSERT INTO kern.his_persnaamgebruik (id,pers,tsreg,tsverval,actieinh,actieverval,naamgebruik,indnaamgebruikafgeleid,predicaatnaamgebruik,voornamennaamgebruik,voorvoegselnaamgebruik,scheidingstekennaamgebruik,adellijketitelnaamgebruik,geslnaamstamnaamgebruik,nadereaandverval) VALUES('6042','6042','19580921',null,'6042',null,'1','true',null,'Guido',null,'-',null,'Karlson',null);
INSERT INTO kern.his_persnaamgebruik (id,pers,tsreg,tsverval,actieinh,actieverval,naamgebruik,indnaamgebruikafgeleid,predicaatnaamgebruik,voornamennaamgebruik,voorvoegselnaamgebruik,scheidingstekennaamgebruik,adellijketitelnaamgebruik,geslnaamstamnaamgebruik,nadereaandverval) VALUES('6043','6043','19951004',null,'6043',null,'1','true',null,'Annemieke','ter','-',null,'Nater',null);
INSERT INTO kern.his_persnaamgebruik (id,pers,tsreg,tsverval,actieinh,actieverval,naamgebruik,indnaamgebruikafgeleid,predicaatnaamgebruik,voornamennaamgebruik,voorvoegselnaamgebruik,scheidingstekennaamgebruik,adellijketitelnaamgebruik,geslnaamstamnaamgebruik,nadereaandverval) VALUES('6044','6044','20051201',null,'6044',null,'1','true',null,'Maarten','van','-',null,'Hoog',null);
INSERT INTO kern.his_persnaamgebruik (id,pers,tsreg,tsverval,actieinh,actieverval,naamgebruik,indnaamgebruikafgeleid,predicaatnaamgebruik,voornamennaamgebruik,voorvoegselnaamgebruik,scheidingstekennaamgebruik,adellijketitelnaamgebruik,geslnaamstamnaamgebruik,nadereaandverval) VALUES('6045','6045','20050112',null,'6045',null,'1','true',null,'Marion','de','-',null,'Hoop',null);

commit;


--------------------------------------------------
--- EIND
--- Sheet: (his_persnaamgebruik)
--- Handler: SheetHandlerImplSimpleInsert
--- Aantal: (46)
--------------------------------------------------
--------------------------------------------------
--- START
--- Sheet: (his_persgeboorte)
--- Handler: SheetHandlerImplSimpleInsert
--------------------------------------------------

begin;

INSERT INTO kern.his_persgeboorte (id,pers,tsreg,tsverval,actieinh,actieverval,datgeboorte,gemgeboorte,wplnaamgeboorte,blplaatsgeboorte,blregiogeboorte,landgebiedgeboorte,omslocgeboorte,nadereaandverval) VALUES('6001','6001','19811002',null,'6001',null,'19811002','522','Honselersdijk','Gent','Zuid','229','omschrijving geboorte locatie Cees',null);
INSERT INTO kern.his_persgeboorte (id,pers,tsreg,tsverval,actieinh,actieverval,datgeboorte,gemgeboorte,wplnaamgeboorte,blplaatsgeboorte,blregiogeboorte,landgebiedgeboorte,omslocgeboorte,nadereaandverval) VALUES('6002','6002','19820528',null,'6002',null,'19820528','522','Honselersdijk',null,null,'229',null,null);
INSERT INTO kern.his_persgeboorte (id,pers,tsreg,tsverval,actieinh,actieverval,datgeboorte,gemgeboorte,wplnaamgeboorte,blplaatsgeboorte,blregiogeboorte,landgebiedgeboorte,omslocgeboorte,nadereaandverval) VALUES('6003','6003','19660302',null,'6003',null,'19660302','522','Honselersdijk',null,null,'229',null,null);
INSERT INTO kern.his_persgeboorte (id,pers,tsreg,tsverval,actieinh,actieverval,datgeboorte,gemgeboorte,wplnaamgeboorte,blplaatsgeboorte,blregiogeboorte,landgebiedgeboorte,omslocgeboorte,nadereaandverval) VALUES('6004','6004','19691227',null,'6004',null,'19691227','950','Reijmerstok',null,null,'229',null,null);
INSERT INTO kern.his_persgeboorte (id,pers,tsreg,tsverval,actieinh,actieverval,datgeboorte,gemgeboorte,wplnaamgeboorte,blplaatsgeboorte,blregiogeboorte,landgebiedgeboorte,omslocgeboorte,nadereaandverval) VALUES('6005','6005','19710717',null,'6005',null,'19710717','348','Reijmerstok',null,null,'229',null,null);
INSERT INTO kern.his_persgeboorte (id,pers,tsreg,tsverval,actieinh,actieverval,datgeboorte,gemgeboorte,wplnaamgeboorte,blplaatsgeboorte,blregiogeboorte,landgebiedgeboorte,omslocgeboorte,nadereaandverval) VALUES('6006','6006','19720928',null,'6006',null,'19720928','522','Honselersdijk',null,null,'229',null,null);
INSERT INTO kern.his_persgeboorte (id,pers,tsreg,tsverval,actieinh,actieverval,datgeboorte,gemgeboorte,wplnaamgeboorte,blplaatsgeboorte,blregiogeboorte,landgebiedgeboorte,omslocgeboorte,nadereaandverval) VALUES('6007','6007','19800616',null,'6007',null,'19800616','603','Reijmerstok',null,null,'229',null,null);
INSERT INTO kern.his_persgeboorte (id,pers,tsreg,tsverval,actieinh,actieverval,datgeboorte,gemgeboorte,wplnaamgeboorte,blplaatsgeboorte,blregiogeboorte,landgebiedgeboorte,omslocgeboorte,nadereaandverval) VALUES('6008','6008','19810418',null,'6008',null,'19810418','974','Reijmerstok',null,null,'229',null,null);
INSERT INTO kern.his_persgeboorte (id,pers,tsreg,tsverval,actieinh,actieverval,datgeboorte,gemgeboorte,wplnaamgeboorte,blplaatsgeboorte,blregiogeboorte,landgebiedgeboorte,omslocgeboorte,nadereaandverval) VALUES('6009','6009','20031226',null,'6009',null,'20031226','348','Reijmerstok','Antwerpen','West','229','omschrijving geboorte locatie Miranda',null);
INSERT INTO kern.his_persgeboorte (id,pers,tsreg,tsverval,actieinh,actieverval,datgeboorte,gemgeboorte,wplnaamgeboorte,blplaatsgeboorte,blregiogeboorte,landgebiedgeboorte,omslocgeboorte,nadereaandverval) VALUES('6010','6010','19691231',null,'6010',null,'19691231','776','Reijmerstok',null,null,'229',null,null);
INSERT INTO kern.his_persgeboorte (id,pers,tsreg,tsverval,actieinh,actieverval,datgeboorte,gemgeboorte,wplnaamgeboorte,blplaatsgeboorte,blregiogeboorte,landgebiedgeboorte,omslocgeboorte,nadereaandverval) VALUES('6011','6011','19690516',null,'6011',null,'19690516','397','Reijmerstok',null,null,'229',null,null);
INSERT INTO kern.his_persgeboorte (id,pers,tsreg,tsverval,actieinh,actieverval,datgeboorte,gemgeboorte,wplnaamgeboorte,blplaatsgeboorte,blregiogeboorte,landgebiedgeboorte,omslocgeboorte,nadereaandverval) VALUES('6012','6012','19771210',null,'6012',null,'19771210','397','Reijmerstok',null,null,'229',null,null);
INSERT INTO kern.his_persgeboorte (id,pers,tsreg,tsverval,actieinh,actieverval,datgeboorte,gemgeboorte,wplnaamgeboorte,blplaatsgeboorte,blregiogeboorte,landgebiedgeboorte,omslocgeboorte,nadereaandverval) VALUES('6013','6013','19550602',null,'6013',null,'19550602','396','Reijmerstok',null,null,'229',null,null);
INSERT INTO kern.his_persgeboorte (id,pers,tsreg,tsverval,actieinh,actieverval,datgeboorte,gemgeboorte,wplnaamgeboorte,blplaatsgeboorte,blregiogeboorte,landgebiedgeboorte,omslocgeboorte,nadereaandverval) VALUES('6014','6014','19780611',null,'6014',null,'19780611','251','Reijmerstok',null,null,'229',null,null);
INSERT INTO kern.his_persgeboorte (id,pers,tsreg,tsverval,actieinh,actieverval,datgeboorte,gemgeboorte,wplnaamgeboorte,blplaatsgeboorte,blregiogeboorte,landgebiedgeboorte,omslocgeboorte,nadereaandverval) VALUES('6015','6015','19880425',null,'6015',null,'19880425','522','Honselersdijk',null,null,'229',null,null);
INSERT INTO kern.his_persgeboorte (id,pers,tsreg,tsverval,actieinh,actieverval,datgeboorte,gemgeboorte,wplnaamgeboorte,blplaatsgeboorte,blregiogeboorte,landgebiedgeboorte,omslocgeboorte,nadereaandverval) VALUES('6016','6016','19881210',null,'6016',null,'19881210','1267','Reijmerstok',null,null,'229',null,null);
INSERT INTO kern.his_persgeboorte (id,pers,tsreg,tsverval,actieinh,actieverval,datgeboorte,gemgeboorte,wplnaamgeboorte,blplaatsgeboorte,blregiogeboorte,landgebiedgeboorte,omslocgeboorte,nadereaandverval) VALUES('6017','6017','19960523',null,'6017',null,'19960523','91','Wolsum','Brussel','Zuid-Oost','229','omschrijving geboorte locatie Pieter',null);
INSERT INTO kern.his_persgeboorte (id,pers,tsreg,tsverval,actieinh,actieverval,datgeboorte,gemgeboorte,wplnaamgeboorte,blplaatsgeboorte,blregiogeboorte,landgebiedgeboorte,omslocgeboorte,nadereaandverval) VALUES('6018','6018','19941005',null,'6018',null,'19941005','780','Etten-Leur',null,null,'229',null,null);
INSERT INTO kern.his_persgeboorte (id,pers,tsreg,tsverval,actieinh,actieverval,datgeboorte,gemgeboorte,wplnaamgeboorte,blplaatsgeboorte,blregiogeboorte,landgebiedgeboorte,omslocgeboorte,nadereaandverval) VALUES('6019','6019','19941005',null,'6019',null,'19941005','615','Witteveen',null,null,'229',null,null);
INSERT INTO kern.his_persgeboorte (id,pers,tsreg,tsverval,actieinh,actieverval,datgeboorte,gemgeboorte,wplnaamgeboorte,blplaatsgeboorte,blregiogeboorte,landgebiedgeboorte,omslocgeboorte,nadereaandverval) VALUES('6020','6020','19760103',null,'6020',null,'19760103','625','Vlaardingen',null,null,'229',null,null);
INSERT INTO kern.his_persgeboorte (id,pers,tsreg,tsverval,actieinh,actieverval,datgeboorte,gemgeboorte,wplnaamgeboorte,blplaatsgeboorte,blregiogeboorte,landgebiedgeboorte,omslocgeboorte,nadereaandverval) VALUES('6021','6021','19961003',null,'6021',null,'19961003','345','Soest',null,null,'229',null,null);
INSERT INTO kern.his_persgeboorte (id,pers,tsreg,tsverval,actieinh,actieverval,datgeboorte,gemgeboorte,wplnaamgeboorte,blplaatsgeboorte,blregiogeboorte,landgebiedgeboorte,omslocgeboorte,nadereaandverval) VALUES('6022','6022','19951003',null,'6022',null,'19951003','625','Vlaardingen',null,null,'229',null,null);
INSERT INTO kern.his_persgeboorte (id,pers,tsreg,tsverval,actieinh,actieverval,datgeboorte,gemgeboorte,wplnaamgeboorte,blplaatsgeboorte,blregiogeboorte,landgebiedgeboorte,omslocgeboorte,nadereaandverval) VALUES('6023','6023','19941003',null,'6023',null,'19941003','365','Hellendoorn',null,null,'229',null,null);
INSERT INTO kern.his_persgeboorte (id,pers,tsreg,tsverval,actieinh,actieverval,datgeboorte,gemgeboorte,wplnaamgeboorte,blplaatsgeboorte,blregiogeboorte,landgebiedgeboorte,omslocgeboorte,nadereaandverval) VALUES('6024','6024','19770401',null,'6024',null,'19770401','365','Hellendoorn',null,null,'229',null,null);
INSERT INTO kern.his_persgeboorte (id,pers,tsreg,tsverval,actieinh,actieverval,datgeboorte,gemgeboorte,wplnaamgeboorte,blplaatsgeboorte,blregiogeboorte,landgebiedgeboorte,omslocgeboorte,nadereaandverval) VALUES('6025','6025','19880611',null,'6025',null,'19880611','91','Wolsum',null,null,'229',null,null);
INSERT INTO kern.his_persgeboorte (id,pers,tsreg,tsverval,actieinh,actieverval,datgeboorte,gemgeboorte,wplnaamgeboorte,blplaatsgeboorte,blregiogeboorte,landgebiedgeboorte,omslocgeboorte,nadereaandverval) VALUES('6026','6026','19910721',null,'6026',null,'19910721','365','Hellendoorn',null,null,'229',null,null);
INSERT INTO kern.his_persgeboorte (id,pers,tsreg,tsverval,actieinh,actieverval,datgeboorte,gemgeboorte,wplnaamgeboorte,blplaatsgeboorte,blregiogeboorte,landgebiedgeboorte,omslocgeboorte,nadereaandverval) VALUES('6027','6027','19910911',null,'6027',null,'19910911','625','Vlaardingen',null,null,'229',null,null);
INSERT INTO kern.his_persgeboorte (id,pers,tsreg,tsverval,actieinh,actieverval,datgeboorte,gemgeboorte,wplnaamgeboorte,blplaatsgeboorte,blregiogeboorte,landgebiedgeboorte,omslocgeboorte,nadereaandverval) VALUES('6028','6028','19900722',null,'6028',null,'19900722','625','Vlaardingen',null,null,'229',null,null);
INSERT INTO kern.his_persgeboorte (id,pers,tsreg,tsverval,actieinh,actieverval,datgeboorte,gemgeboorte,wplnaamgeboorte,blplaatsgeboorte,blregiogeboorte,landgebiedgeboorte,omslocgeboorte,nadereaandverval) VALUES('6029','6029','19200430',null,'6029',null,'19200430','1239','Ouwerkerk',null,null,'229',null,null);
INSERT INTO kern.his_persgeboorte (id,pers,tsreg,tsverval,actieinh,actieverval,datgeboorte,gemgeboorte,wplnaamgeboorte,blplaatsgeboorte,blregiogeboorte,landgebiedgeboorte,omslocgeboorte,nadereaandverval) VALUES('6030','6030','19220419',null,'6030',null,'19220419','1239','Ouwerkerk',null,null,'229',null,null);
INSERT INTO kern.his_persgeboorte (id,pers,tsreg,tsverval,actieinh,actieverval,datgeboorte,gemgeboorte,wplnaamgeboorte,blplaatsgeboorte,blregiogeboorte,landgebiedgeboorte,omslocgeboorte,nadereaandverval) VALUES('6031','6031','19920219',null,'6031',null,'19920219','977','Koningsbosch',null,null,'229',null,null);
INSERT INTO kern.his_persgeboorte (id,pers,tsreg,tsverval,actieinh,actieverval,datgeboorte,gemgeboorte,wplnaamgeboorte,blplaatsgeboorte,blregiogeboorte,landgebiedgeboorte,omslocgeboorte,nadereaandverval) VALUES('6032','6032','19510923',null,'6032',null,'19510923','522','Honselersdijk',null,null,'229',null,null);
INSERT INTO kern.his_persgeboorte (id,pers,tsreg,tsverval,actieinh,actieverval,datgeboorte,gemgeboorte,wplnaamgeboorte,blplaatsgeboorte,blregiogeboorte,landgebiedgeboorte,omslocgeboorte,nadereaandverval) VALUES('6033','6033','19531116',null,'6033',null,'19531116','506','Scherpenzeel',null,null,'229',null,null);
INSERT INTO kern.his_persgeboorte (id,pers,tsreg,tsverval,actieinh,actieverval,datgeboorte,gemgeboorte,wplnaamgeboorte,blplaatsgeboorte,blregiogeboorte,landgebiedgeboorte,omslocgeboorte,nadereaandverval) VALUES('6034','6034','19390402',null,'6034',null,'19390402','403','Egmond-Binnen',null,null,'229',null,null);
INSERT INTO kern.his_persgeboorte (id,pers,tsreg,tsverval,actieinh,actieverval,datgeboorte,gemgeboorte,wplnaamgeboorte,blplaatsgeboorte,blregiogeboorte,landgebiedgeboorte,omslocgeboorte,nadereaandverval) VALUES('6035','6035','19841203',null,'6035',null,'19841203','342','Delft',null,null,'229',null,null);
INSERT INTO kern.his_persgeboorte (id,pers,tsreg,tsverval,actieinh,actieverval,datgeboorte,gemgeboorte,wplnaamgeboorte,blplaatsgeboorte,blregiogeboorte,landgebiedgeboorte,omslocgeboorte,nadereaandverval) VALUES('6036','6036','19851011',null,'6036',null,'19851011','342','Delft','Brugge','Oost','229','omschrijving geboorte locatie Gerard',null);
INSERT INTO kern.his_persgeboorte (id,pers,tsreg,tsverval,actieinh,actieverval,datgeboorte,gemgeboorte,wplnaamgeboorte,blplaatsgeboorte,blregiogeboorte,landgebiedgeboorte,omslocgeboorte,nadereaandverval) VALUES('6037','6037','20050112',null,'6037',null,'20050112','91','Wolsum',null,null,'229',null,null);
INSERT INTO kern.his_persgeboorte (id,pers,tsreg,tsverval,actieinh,actieverval,datgeboorte,gemgeboorte,wplnaamgeboorte,blplaatsgeboorte,blregiogeboorte,landgebiedgeboorte,omslocgeboorte,nadereaandverval) VALUES('6038','6038','20051201',null,'6038',null,'20051201','96','Twello',null,null,'229',null,null);
INSERT INTO kern.his_persgeboorte (id,pers,tsreg,tsverval,actieinh,actieverval,datgeboorte,gemgeboorte,wplnaamgeboorte,blplaatsgeboorte,blregiogeboorte,landgebiedgeboorte,omslocgeboorte,nadereaandverval) VALUES('6039','6039','20050112',null,'6039',null,'20050112','63','Zevenbergschen Hoek','Gent','Zuid','229','omschrijving geboorte locatie Geerte',null);
INSERT INTO kern.his_persgeboorte (id,pers,tsreg,tsverval,actieinh,actieverval,datgeboorte,gemgeboorte,wplnaamgeboorte,blplaatsgeboorte,blregiogeboorte,landgebiedgeboorte,omslocgeboorte,nadereaandverval) VALUES('6040','6040','20051201',null,'6040',null,'20051201','99','Tuitjenhorn',null,null,'229',null,null);
INSERT INTO kern.his_persgeboorte (id,pers,tsreg,tsverval,actieinh,actieverval,datgeboorte,gemgeboorte,wplnaamgeboorte,blplaatsgeboorte,blregiogeboorte,landgebiedgeboorte,omslocgeboorte,nadereaandverval) VALUES('6041','6041','19680809',null,'6041',null,'19680809','99','Tuitjenhorn',null,null,'229',null,null);
INSERT INTO kern.his_persgeboorte (id,pers,tsreg,tsverval,actieinh,actieverval,datgeboorte,gemgeboorte,wplnaamgeboorte,blplaatsgeboorte,blregiogeboorte,landgebiedgeboorte,omslocgeboorte,nadereaandverval) VALUES('6042','6042','19580921',null,'6042',null,'19580921','91','Wolsum',null,null,'229',null,null);
INSERT INTO kern.his_persgeboorte (id,pers,tsreg,tsverval,actieinh,actieverval,datgeboorte,gemgeboorte,wplnaamgeboorte,blplaatsgeboorte,blregiogeboorte,landgebiedgeboorte,omslocgeboorte,nadereaandverval) VALUES('6043','6043','19951004',null,'6043',null,'19951004','91','Wolsum',null,null,'229',null,null);
INSERT INTO kern.his_persgeboorte (id,pers,tsreg,tsverval,actieinh,actieverval,datgeboorte,gemgeboorte,wplnaamgeboorte,blplaatsgeboorte,blregiogeboorte,landgebiedgeboorte,omslocgeboorte,nadereaandverval) VALUES('6044','6044','20051201',null,'6044',null,'20051201','365','Hellendoorn',null,null,'229',null,null);
INSERT INTO kern.his_persgeboorte (id,pers,tsreg,tsverval,actieinh,actieverval,datgeboorte,gemgeboorte,wplnaamgeboorte,blplaatsgeboorte,blregiogeboorte,landgebiedgeboorte,omslocgeboorte,nadereaandverval) VALUES('6045','6045','20050112',null,'6045',null,'20050112','365','Hellendoorn',null,null,'229',null,null);
INSERT INTO kern.his_persgeboorte (id,pers,tsreg,tsverval,actieinh,actieverval,datgeboorte,gemgeboorte,wplnaamgeboorte,blplaatsgeboorte,blregiogeboorte,landgebiedgeboorte,omslocgeboorte,nadereaandverval) VALUES('6046','6046','19900101',null,'6020',null,'19900101',null,null,'Ouagadougou',null,'63',null,null);

commit;


--------------------------------------------------
--- EIND
--- Sheet: (his_persgeboorte)
--- Handler: SheetHandlerImplSimpleInsert
--- Aantal: (47)
--------------------------------------------------
--------------------------------------------------
--- START
--- Sheet: (his_persoverlijden)
--- Handler: SheetHandlerImplSimpleInsert
--------------------------------------------------

begin;

INSERT INTO kern.his_persoverlijden (id,pers,tsreg,tsverval,actieinh,actieverval,datoverlijden,gemoverlijden,wplnaamoverlijden,blplaatsoverlijden,blregiooverlijden,landgebiedoverlijden,omslocoverlijden,nadereaandverval) VALUES('6001','6014','20111111',null,'6506',null,'20111111','397','Vlodrop',null,null,'229',null,null);
INSERT INTO kern.his_persoverlijden (id,pers,tsreg,tsverval,actieinh,actieverval,datoverlijden,gemoverlijden,wplnaamoverlijden,blplaatsoverlijden,blregiooverlijden,landgebiedoverlijden,omslocoverlijden,nadereaandverval) VALUES('6002','6039','20051113',null,'6644',null,'20051113','397','Vlodrop',null,null,'229',null,null);

commit;


--------------------------------------------------
--- EIND
--- Sheet: (his_persoverlijden)
--- Handler: SheetHandlerImplSimpleInsert
--- Aantal: (3)
--------------------------------------------------
--------------------------------------------------
--- Sheet: (13) (update statement pers tabel) wordt overgeslagen
--------------------------------------------------
--------------------------------------------------
--- START
--- Sheet: (persadres)
--- Handler: SheetHandlerImplSimpleInsert
--------------------------------------------------

begin;

INSERT INTO kern.persadres (id,pers,srt,rdnwijz,aangadresh,dataanvadresh,identcodeadresseerbaarobject,identcodenraand,gem,nor,afgekortenor,gemdeel,huisnr,huisletter,huisnrtoevoeging,postcode,wplnaam,loctenopzichtevanadres,locoms,bladresregel1,bladresregel2,bladresregel3,bladresregel4,bladresregel5,bladresregel6,landgebied,indpersaangetroffenopadres) VALUES('6001','6001','1','1','7','20050328','0347012005032871','0347202005032871','347','Vredenburg','Vredenburg','Noord','3','F','II','3511BA','Utrecht','by','sky is blue','bladresregel1          ','bladresregel2          ','bladresregel3          ','bladresregel4          ','bladresregel5          ','bladresregel6          ','229',null);
INSERT INTO kern.persadres (id,pers,srt,rdnwijz,aangadresh,dataanvadresh,identcodeadresseerbaarobject,identcodenraand,gem,nor,afgekortenor,gemdeel,huisnr,huisletter,huisnrtoevoeging,postcode,wplnaam,loctenopzichtevanadres,locoms,bladresregel1,bladresregel2,bladresregel3,bladresregel4,bladresregel5,bladresregel6,landgebied,indpersaangetroffenopadres) VALUES('6002','6002','1','1','3','20050328',null,null,'347','Vredenburg','Vredenburg',null,'3',null,null,'3511BA','Utrecht',null,null,null,null,null,null,null,null,'229',null);
INSERT INTO kern.persadres (id,pers,srt,rdnwijz,aangadresh,dataanvadresh,identcodeadresseerbaarobject,identcodenraand,gem,nor,afgekortenor,gemdeel,huisnr,huisletter,huisnrtoevoeging,postcode,wplnaam,loctenopzichtevanadres,locoms,bladresregel1,bladresregel2,bladresregel3,bladresregel4,bladresregel5,bladresregel6,landgebied,indpersaangetroffenopadres) VALUES('6003','6003','1','1','3','19901201',null,null,'347','Neude','Neude',null,'11',null,null,'3512AE','Utrecht',null,null,null,null,null,null,null,null,'229',null);
INSERT INTO kern.persadres (id,pers,srt,rdnwijz,aangadresh,dataanvadresh,identcodeadresseerbaarobject,identcodenraand,gem,nor,afgekortenor,gemdeel,huisnr,huisletter,huisnrtoevoeging,postcode,wplnaam,loctenopzichtevanadres,locoms,bladresregel1,bladresregel2,bladresregel3,bladresregel4,bladresregel5,bladresregel6,landgebied,indpersaangetroffenopadres) VALUES('6004','6004','1','1','7','19901201',null,null,'347','Neude','Neude',null,'13',null,null,'3512AE','Utrecht',null,null,null,null,null,null,null,null,'229',null);
INSERT INTO kern.persadres (id,pers,srt,rdnwijz,aangadresh,dataanvadresh,identcodeadresseerbaarobject,identcodenraand,gem,nor,afgekortenor,gemdeel,huisnr,huisletter,huisnrtoevoeging,postcode,wplnaam,loctenopzichtevanadres,locoms,bladresregel1,bladresregel2,bladresregel3,bladresregel4,bladresregel5,bladresregel6,landgebied,indpersaangetroffenopadres) VALUES('6005','6005','1','1','3','19981201',null,null,'347','Biltstraat','Biltstraat',null,'5',null,null,'3572AA','Utrecht',null,null,null,null,null,null,null,null,'229',null);
INSERT INTO kern.persadres (id,pers,srt,rdnwijz,aangadresh,dataanvadresh,identcodeadresseerbaarobject,identcodenraand,gem,nor,afgekortenor,gemdeel,huisnr,huisletter,huisnrtoevoeging,postcode,wplnaam,loctenopzichtevanadres,locoms,bladresregel1,bladresregel2,bladresregel3,bladresregel4,bladresregel5,bladresregel6,landgebied,indpersaangetroffenopadres) VALUES('6006','6006','1','1','7','19981201',null,null,'347','Biltstraat','Biltstraat',null,'5',null,null,'3572AA','Utrecht',null,null,null,null,null,null,null,null,'229',null);
INSERT INTO kern.persadres (id,pers,srt,rdnwijz,aangadresh,dataanvadresh,identcodeadresseerbaarobject,identcodenraand,gem,nor,afgekortenor,gemdeel,huisnr,huisletter,huisnrtoevoeging,postcode,wplnaam,loctenopzichtevanadres,locoms,bladresregel1,bladresregel2,bladresregel3,bladresregel4,bladresregel5,bladresregel6,landgebied,indpersaangetroffenopadres) VALUES('6007','6007','1','1','7','20110205',null,null,'347','Vredenburg','Vredenburg',null,'22',null,null,'3511BB','Utrecht',null,null,null,null,null,null,null,null,'229',null);
INSERT INTO kern.persadres (id,pers,srt,rdnwijz,aangadresh,dataanvadresh,identcodeadresseerbaarobject,identcodenraand,gem,nor,afgekortenor,gemdeel,huisnr,huisletter,huisnrtoevoeging,postcode,wplnaam,loctenopzichtevanadres,locoms,bladresregel1,bladresregel2,bladresregel3,bladresregel4,bladresregel5,bladresregel6,landgebied,indpersaangetroffenopadres) VALUES('6008','6008','1','1','3','20110205',null,null,'347','Vredenburg','Vredenburg',null,'22',null,null,'3511BB','Utrecht',null,null,null,null,null,null,null,null,'229',null);
INSERT INTO kern.persadres (id,pers,srt,rdnwijz,aangadresh,dataanvadresh,identcodeadresseerbaarobject,identcodenraand,gem,nor,afgekortenor,gemdeel,huisnr,huisletter,huisnrtoevoeging,postcode,wplnaam,loctenopzichtevanadres,locoms,bladresregel1,bladresregel2,bladresregel3,bladresregel4,bladresregel5,bladresregel6,landgebied,indpersaangetroffenopadres) VALUES('6009','6009','1','1','6','20110205',null,null,'347','Vredenburg','Vredenburg',null,'22',null,null,'3511BB','Utrecht',null,null,null,null,null,null,null,null,'229',null);
INSERT INTO kern.persadres (id,pers,srt,rdnwijz,aangadresh,dataanvadresh,identcodeadresseerbaarobject,identcodenraand,gem,nor,afgekortenor,gemdeel,huisnr,huisletter,huisnrtoevoeging,postcode,wplnaam,loctenopzichtevanadres,locoms,bladresregel1,bladresregel2,bladresregel3,bladresregel4,bladresregel5,bladresregel6,landgebied,indpersaangetroffenopadres) VALUES('6010','6010','1','1','3','20090928',null,null,'347','Neude','Neude',null,'17',null,null,'3512AE','Utrecht',null,null,null,null,null,null,null,null,'229',null);
INSERT INTO kern.persadres (id,pers,srt,rdnwijz,aangadresh,dataanvadresh,identcodeadresseerbaarobject,identcodenraand,gem,nor,afgekortenor,gemdeel,huisnr,huisletter,huisnrtoevoeging,postcode,wplnaam,loctenopzichtevanadres,locoms,bladresregel1,bladresregel2,bladresregel3,bladresregel4,bladresregel5,bladresregel6,landgebied,indpersaangetroffenopadres) VALUES('6011','6011','1','1','7','20090928',null,null,'347','Neude','Neude',null,'17',null,null,'3512AE','Utrecht',null,null,null,null,null,null,null,null,'229',null);
INSERT INTO kern.persadres (id,pers,srt,rdnwijz,aangadresh,dataanvadresh,identcodeadresseerbaarobject,identcodenraand,gem,nor,afgekortenor,gemdeel,huisnr,huisletter,huisnrtoevoeging,postcode,wplnaam,loctenopzichtevanadres,locoms,bladresregel1,bladresregel2,bladresregel3,bladresregel4,bladresregel5,bladresregel6,landgebied,indpersaangetroffenopadres) VALUES('6012','6012','1','1','3','20000228',null,null,'347','Biltstraat','Biltstraat',null,'7',null,null,'3572AA','Utrecht',null,null,null,null,null,null,null,null,'229',null);
INSERT INTO kern.persadres (id,pers,srt,rdnwijz,aangadresh,dataanvadresh,identcodeadresseerbaarobject,identcodenraand,gem,nor,afgekortenor,gemdeel,huisnr,huisletter,huisnrtoevoeging,postcode,wplnaam,loctenopzichtevanadres,locoms,bladresregel1,bladresregel2,bladresregel3,bladresregel4,bladresregel5,bladresregel6,landgebied,indpersaangetroffenopadres) VALUES('6013','6013','1','1','3','19920508',null,null,'347','Vredenburg','Vredenburg',null,'27',null,null,'3511BC','Utrecht',null,null,null,null,null,null,null,null,'229',null);
INSERT INTO kern.persadres (id,pers,srt,rdnwijz,aangadresh,dataanvadresh,identcodeadresseerbaarobject,identcodenraand,gem,nor,afgekortenor,gemdeel,huisnr,huisletter,huisnrtoevoeging,postcode,wplnaam,loctenopzichtevanadres,locoms,bladresregel1,bladresregel2,bladresregel3,bladresregel4,bladresregel5,bladresregel6,landgebied,indpersaangetroffenopadres) VALUES('6014','6014','1','2',null,'19780611',null,null,'347','Neude','Neude',null,'19',null,null,'3512AD','Utrecht',null,null,null,null,null,null,null,null,'229',null);
INSERT INTO kern.persadres (id,pers,srt,rdnwijz,aangadresh,dataanvadresh,identcodeadresseerbaarobject,identcodenraand,gem,nor,afgekortenor,gemdeel,huisnr,huisletter,huisnrtoevoeging,postcode,wplnaam,loctenopzichtevanadres,locoms,bladresregel1,bladresregel2,bladresregel3,bladresregel4,bladresregel5,bladresregel6,landgebied,indpersaangetroffenopadres) VALUES('6015','6015','1','1','3','20110425',null,null,'347','Vredenburg','Vredenburg',null,'3',null,null,'3511BA','Utrecht',null,null,null,null,null,null,null,null,'229',null);
INSERT INTO kern.persadres (id,pers,srt,rdnwijz,aangadresh,dataanvadresh,identcodeadresseerbaarobject,identcodenraand,gem,nor,afgekortenor,gemdeel,huisnr,huisletter,huisnrtoevoeging,postcode,wplnaam,loctenopzichtevanadres,locoms,bladresregel1,bladresregel2,bladresregel3,bladresregel4,bladresregel5,bladresregel6,landgebied,indpersaangetroffenopadres) VALUES('6016','6016','1','1','3','20100626',null,null,'347','Biltstraat','Biltstraat',null,'5',null,null,'3572AA','Utrecht',null,null,null,null,null,null,null,null,'229',null);
INSERT INTO kern.persadres (id,pers,srt,rdnwijz,aangadresh,dataanvadresh,identcodeadresseerbaarobject,identcodenraand,gem,nor,afgekortenor,gemdeel,huisnr,huisletter,huisnrtoevoeging,postcode,wplnaam,loctenopzichtevanadres,locoms,bladresregel1,bladresregel2,bladresregel3,bladresregel4,bladresregel5,bladresregel6,landgebied,indpersaangetroffenopadres) VALUES('6017','6017','1','1','3','20030327',null,null,'347','Biltstraat','Biltstraat',null,'152',null,null,'3572BM','Utrecht',null,null,null,null,null,null,null,null,'229',null);
INSERT INTO kern.persadres (id,pers,srt,rdnwijz,aangadresh,dataanvadresh,identcodeadresseerbaarobject,identcodenraand,gem,nor,afgekortenor,gemdeel,huisnr,huisletter,huisnrtoevoeging,postcode,wplnaam,loctenopzichtevanadres,locoms,bladresregel1,bladresregel2,bladresregel3,bladresregel4,bladresregel5,bladresregel6,landgebied,indpersaangetroffenopadres) VALUES('6018','6018','1','1','3','19911002',null,null,'347','Biltstraat','Biltstraat',null,'152',null,null,'3572BM','Utrecht',null,null,null,null,null,null,null,null,'229',null);
INSERT INTO kern.persadres (id,pers,srt,rdnwijz,aangadresh,dataanvadresh,identcodeadresseerbaarobject,identcodenraand,gem,nor,afgekortenor,gemdeel,huisnr,huisletter,huisnrtoevoeging,postcode,wplnaam,loctenopzichtevanadres,locoms,bladresregel1,bladresregel2,bladresregel3,bladresregel4,bladresregel5,bladresregel6,landgebied,indpersaangetroffenopadres) VALUES('6019','6019','1','1','3','19901111',null,null,'347','Biltstraat','Biltstraat',null,'172',null,null,'3572BP','Utrecht',null,null,null,null,null,null,null,null,'229',null);
INSERT INTO kern.persadres (id,pers,srt,rdnwijz,aangadresh,dataanvadresh,identcodeadresseerbaarobject,identcodenraand,gem,nor,afgekortenor,gemdeel,huisnr,huisletter,huisnrtoevoeging,postcode,wplnaam,loctenopzichtevanadres,locoms,bladresregel1,bladresregel2,bladresregel3,bladresregel4,bladresregel5,bladresregel6,landgebied,indpersaangetroffenopadres) VALUES('6020','6020','1','1','3','19820528',null,null,'347','Biltstraat','Biltstraat',null,'172',null,null,'3572BP','Utrecht',null,null,null,null,null,null,null,null,'229',null);
INSERT INTO kern.persadres (id,pers,srt,rdnwijz,aangadresh,dataanvadresh,identcodeadresseerbaarobject,identcodenraand,gem,nor,afgekortenor,gemdeel,huisnr,huisletter,huisnrtoevoeging,postcode,wplnaam,loctenopzichtevanadres,locoms,bladresregel1,bladresregel2,bladresregel3,bladresregel4,bladresregel5,bladresregel6,landgebied,indpersaangetroffenopadres) VALUES('6021','6021','1','1','3','20010328',null,null,'347','Vredenburg ','Vredenburg ',null,'81',null,null,'3511BD','Utrecht',null,null,null,null,null,null,null,null,'229',null);
INSERT INTO kern.persadres (id,pers,srt,rdnwijz,aangadresh,dataanvadresh,identcodeadresseerbaarobject,identcodenraand,gem,nor,afgekortenor,gemdeel,huisnr,huisletter,huisnrtoevoeging,postcode,wplnaam,loctenopzichtevanadres,locoms,bladresregel1,bladresregel2,bladresregel3,bladresregel4,bladresregel5,bladresregel6,landgebied,indpersaangetroffenopadres) VALUES('6022','6022','1','1','3','20101002',null,null,'347','Biltstraat','Biltstraat',null,'119',null,null,'3572AP','Utrecht',null,null,null,null,null,null,null,null,'229',null);
INSERT INTO kern.persadres (id,pers,srt,rdnwijz,aangadresh,dataanvadresh,identcodeadresseerbaarobject,identcodenraand,gem,nor,afgekortenor,gemdeel,huisnr,huisletter,huisnrtoevoeging,postcode,wplnaam,loctenopzichtevanadres,locoms,bladresregel1,bladresregel2,bladresregel3,bladresregel4,bladresregel5,bladresregel6,landgebied,indpersaangetroffenopadres) VALUES('6023','6023','1','1','3','19970605',null,null,'347','Vredenburg ','Vredenburg ',null,'83',null,null,'3511BD','Utrecht',null,null,null,null,null,null,null,null,'229',null);
INSERT INTO kern.persadres (id,pers,srt,rdnwijz,aangadresh,dataanvadresh,identcodeadresseerbaarobject,identcodenraand,gem,nor,afgekortenor,gemdeel,huisnr,huisletter,huisnrtoevoeging,postcode,wplnaam,loctenopzichtevanadres,locoms,bladresregel1,bladresregel2,bladresregel3,bladresregel4,bladresregel5,bladresregel6,landgebied,indpersaangetroffenopadres) VALUES('6024','6024','1','1','3','19790928',null,null,'347','Biltstraat','Biltstraat',null,'121',null,null,'3572AP','Utrecht',null,null,null,null,null,null,null,null,'229',null);
INSERT INTO kern.persadres (id,pers,srt,rdnwijz,aangadresh,dataanvadresh,identcodeadresseerbaarobject,identcodenraand,gem,nor,afgekortenor,gemdeel,huisnr,huisletter,huisnrtoevoeging,postcode,wplnaam,loctenopzichtevanadres,locoms,bladresregel1,bladresregel2,bladresregel3,bladresregel4,bladresregel5,bladresregel6,landgebied,indpersaangetroffenopadres) VALUES('6025','6025','1','1','3','19950929',null,null,'347','Vredenburg ','Vredenburg ',null,'42',null,null,'3511BD','Utrecht',null,null,null,null,null,null,null,null,'229',null);
INSERT INTO kern.persadres (id,pers,srt,rdnwijz,aangadresh,dataanvadresh,identcodeadresseerbaarobject,identcodenraand,gem,nor,afgekortenor,gemdeel,huisnr,huisletter,huisnrtoevoeging,postcode,wplnaam,loctenopzichtevanadres,locoms,bladresregel1,bladresregel2,bladresregel3,bladresregel4,bladresregel5,bladresregel6,landgebied,indpersaangetroffenopadres) VALUES('6026','6026','1','1','3','20000101',null,null,'347','Biltstraat','Biltstraat',null,'115',null,null,'3572AP','Utrecht',null,null,null,null,null,null,null,null,'229',null);
INSERT INTO kern.persadres (id,pers,srt,rdnwijz,aangadresh,dataanvadresh,identcodeadresseerbaarobject,identcodenraand,gem,nor,afgekortenor,gemdeel,huisnr,huisletter,huisnrtoevoeging,postcode,wplnaam,loctenopzichtevanadres,locoms,bladresregel1,bladresregel2,bladresregel3,bladresregel4,bladresregel5,bladresregel6,landgebied,indpersaangetroffenopadres) VALUES('6027','6027','1','1','3','20031024',null,null,'347','Biltstraat','Biltstraat',null,'117',null,null,'3572AP','Utrecht',null,null,null,null,null,null,null,null,'229',null);
INSERT INTO kern.persadres (id,pers,srt,rdnwijz,aangadresh,dataanvadresh,identcodeadresseerbaarobject,identcodenraand,gem,nor,afgekortenor,gemdeel,huisnr,huisletter,huisnrtoevoeging,postcode,wplnaam,loctenopzichtevanadres,locoms,bladresregel1,bladresregel2,bladresregel3,bladresregel4,bladresregel5,bladresregel6,landgebied,indpersaangetroffenopadres) VALUES('6028','6028','1','1','3','19990616',null,null,'347','Biltstraat','Biltstraat',null,'117',null,null,'3572AP','Utrecht',null,null,null,null,null,null,null,null,'229',null);
INSERT INTO kern.persadres (id,pers,srt,rdnwijz,aangadresh,dataanvadresh,identcodeadresseerbaarobject,identcodenraand,gem,nor,afgekortenor,gemdeel,huisnr,huisletter,huisnrtoevoeging,postcode,wplnaam,loctenopzichtevanadres,locoms,bladresregel1,bladresregel2,bladresregel3,bladresregel4,bladresregel5,bladresregel6,landgebied,indpersaangetroffenopadres) VALUES('6030','6030','1','1','3','20120620',null,null,'347','Biltstraat','Biltstraat',null,'95',null,null,'3572AL','Utrecht',null,null,null,null,null,null,null,null,'229',null);
INSERT INTO kern.persadres (id,pers,srt,rdnwijz,aangadresh,dataanvadresh,identcodeadresseerbaarobject,identcodenraand,gem,nor,afgekortenor,gemdeel,huisnr,huisletter,huisnrtoevoeging,postcode,wplnaam,loctenopzichtevanadres,locoms,bladresregel1,bladresregel2,bladresregel3,bladresregel4,bladresregel5,bladresregel6,landgebied,indpersaangetroffenopadres) VALUES('6031','6031','1','1','3','20120306',null,null,'347','Vredenburg ','Vredenburg ',null,'114',null,null,'3511BE','Smalle Ee',null,null,null,null,null,null,null,null,'229',null);
INSERT INTO kern.persadres (id,pers,srt,rdnwijz,aangadresh,dataanvadresh,identcodeadresseerbaarobject,identcodenraand,gem,nor,afgekortenor,gemdeel,huisnr,huisletter,huisnrtoevoeging,postcode,wplnaam,loctenopzichtevanadres,locoms,bladresregel1,bladresregel2,bladresregel3,bladresregel4,bladresregel5,bladresregel6,landgebied,indpersaangetroffenopadres) VALUES('6032','6032','1','1','3','20120621',null,null,'347','Neude','Neude',null,'34',null,null,'3512AG','Utrecht',null,null,null,null,null,null,null,null,'229',null);
INSERT INTO kern.persadres (id,pers,srt,rdnwijz,aangadresh,dataanvadresh,identcodeadresseerbaarobject,identcodenraand,gem,nor,afgekortenor,gemdeel,huisnr,huisletter,huisnrtoevoeging,postcode,wplnaam,loctenopzichtevanadres,locoms,bladresregel1,bladresregel2,bladresregel3,bladresregel4,bladresregel5,bladresregel6,landgebied,indpersaangetroffenopadres) VALUES('6033','6033','1','1','3','20120621',null,null,'347','Neude','Neude',null,'34',null,null,'3512AG','Utrecht',null,null,null,null,null,null,null,null,'229',null);
INSERT INTO kern.persadres (id,pers,srt,rdnwijz,aangadresh,dataanvadresh,identcodeadresseerbaarobject,identcodenraand,gem,nor,afgekortenor,gemdeel,huisnr,huisletter,huisnrtoevoeging,postcode,wplnaam,loctenopzichtevanadres,locoms,bladresregel1,bladresregel2,bladresregel3,bladresregel4,bladresregel5,bladresregel6,landgebied,indpersaangetroffenopadres) VALUES('6034','6034','1','1','3','20090701',null,null,'347','Biltstraat','Biltstraat',null,'101',null,null,'3572AL','Utrecht',null,null,null,null,null,null,null,null,'229',null);
INSERT INTO kern.persadres (id,pers,srt,rdnwijz,aangadresh,dataanvadresh,identcodeadresseerbaarobject,identcodenraand,gem,nor,afgekortenor,gemdeel,huisnr,huisletter,huisnrtoevoeging,postcode,wplnaam,loctenopzichtevanadres,locoms,bladresregel1,bladresregel2,bladresregel3,bladresregel4,bladresregel5,bladresregel6,landgebied,indpersaangetroffenopadres) VALUES('6035','6035','1','1','3','20090301',null,null,'347','Vredenburg ','Vredenburg ',null,'120',null,null,'3511BE','Utrecht',null,null,null,null,null,null,null,null,'229',null);
INSERT INTO kern.persadres (id,pers,srt,rdnwijz,aangadresh,dataanvadresh,identcodeadresseerbaarobject,identcodenraand,gem,nor,afgekortenor,gemdeel,huisnr,huisletter,huisnrtoevoeging,postcode,wplnaam,loctenopzichtevanadres,locoms,bladresregel1,bladresregel2,bladresregel3,bladresregel4,bladresregel5,bladresregel6,landgebied,indpersaangetroffenopadres) VALUES('6036','6036','1','1','3','20090301',null,null,'347','Vredenburg ','Vredenburg ',null,'120',null,null,'3511BE','Utrecht',null,null,null,null,null,null,null,null,'229',null);
INSERT INTO kern.persadres (id,pers,srt,rdnwijz,aangadresh,dataanvadresh,identcodeadresseerbaarobject,identcodenraand,gem,nor,afgekortenor,gemdeel,huisnr,huisletter,huisnrtoevoeging,postcode,wplnaam,loctenopzichtevanadres,locoms,bladresregel1,bladresregel2,bladresregel3,bladresregel4,bladresregel5,bladresregel6,landgebied,indpersaangetroffenopadres) VALUES('6037','6037','1','1','3','20090301',null,null,'347','Vredenburg ','Vredenburg ',null,'120',null,null,'3511BE','Utrecht',null,null,null,null,null,null,null,null,'229',null);
INSERT INTO kern.persadres (id,pers,srt,rdnwijz,aangadresh,dataanvadresh,identcodeadresseerbaarobject,identcodenraand,gem,nor,afgekortenor,gemdeel,huisnr,huisletter,huisnrtoevoeging,postcode,wplnaam,loctenopzichtevanadres,locoms,bladresregel1,bladresregel2,bladresregel3,bladresregel4,bladresregel5,bladresregel6,landgebied,indpersaangetroffenopadres) VALUES('6038','6038','1','1','3','20090301',null,null,'347','Vredenburg ','Vredenburg ',null,'120',null,null,'3511BE','Utrecht',null,null,null,null,null,null,null,null,'229',null);
INSERT INTO kern.persadres (id,pers,srt,rdnwijz,aangadresh,dataanvadresh,identcodeadresseerbaarobject,identcodenraand,gem,nor,afgekortenor,gemdeel,huisnr,huisletter,huisnrtoevoeging,postcode,wplnaam,loctenopzichtevanadres,locoms,bladresregel1,bladresregel2,bladresregel3,bladresregel4,bladresregel5,bladresregel6,landgebied,indpersaangetroffenopadres) VALUES('6039','6039','1','1','3','20120522','0344012012052231','0344202012052231','344','Biltstraat','Biltstraat','Noord','152','F','II','3572BM','Utrecht','by','sky is blue','bladresregel1          ','bladresregel2          ','bladresregel3          ','bladresregel4          ','bladresregel5          ','bladresregel6          ','229',null);
INSERT INTO kern.persadres (id,pers,srt,rdnwijz,aangadresh,dataanvadresh,identcodeadresseerbaarobject,identcodenraand,gem,nor,afgekortenor,gemdeel,huisnr,huisletter,huisnrtoevoeging,postcode,wplnaam,loctenopzichtevanadres,locoms,bladresregel1,bladresregel2,bladresregel3,bladresregel4,bladresregel5,bladresregel6,landgebied,indpersaangetroffenopadres) VALUES('6040','6040','1','2',null,'20010517',null,null,'347','Biltstraat','Biltstraat',null,'107',null,null,'3572AM','Utrecht',null,null,null,null,null,null,null,null,'229',null);
INSERT INTO kern.persadres (id,pers,srt,rdnwijz,aangadresh,dataanvadresh,identcodeadresseerbaarobject,identcodenraand,gem,nor,afgekortenor,gemdeel,huisnr,huisletter,huisnrtoevoeging,postcode,wplnaam,loctenopzichtevanadres,locoms,bladresregel1,bladresregel2,bladresregel3,bladresregel4,bladresregel5,bladresregel6,landgebied,indpersaangetroffenopadres) VALUES('6041','6041','1','1','3','20090201',null,null,'347','Vredenburg ','Vredenburg ',null,'124',null,null,'3511BE','Utrecht',null,null,null,null,null,null,null,null,'229',null);
INSERT INTO kern.persadres (id,pers,srt,rdnwijz,aangadresh,dataanvadresh,identcodeadresseerbaarobject,identcodenraand,gem,nor,afgekortenor,gemdeel,huisnr,huisletter,huisnrtoevoeging,postcode,wplnaam,loctenopzichtevanadres,locoms,bladresregel1,bladresregel2,bladresregel3,bladresregel4,bladresregel5,bladresregel6,landgebied,indpersaangetroffenopadres) VALUES('6042','6042','1','1','7','20010328',null,null,'347','Biltstraat','Biltstraat',null,'142',null,null,'3572BM','Utrecht',null,null,null,null,null,null,null,null,'229',null);
INSERT INTO kern.persadres (id,pers,srt,rdnwijz,aangadresh,dataanvadresh,identcodeadresseerbaarobject,identcodenraand,gem,nor,afgekortenor,gemdeel,huisnr,huisletter,huisnrtoevoeging,postcode,wplnaam,loctenopzichtevanadres,locoms,bladresregel1,bladresregel2,bladresregel3,bladresregel4,bladresregel5,bladresregel6,landgebied,indpersaangetroffenopadres) VALUES('6043','6043','1','1','3','19820528',null,null,'347','Biltstraat','Biltstraat',null,'142',null,null,'3572BM','Utrecht',null,null,null,null,null,null,null,null,'229',null);
INSERT INTO kern.persadres (id,pers,srt,rdnwijz,aangadresh,dataanvadresh,identcodeadresseerbaarobject,identcodenraand,gem,nor,afgekortenor,gemdeel,huisnr,huisletter,huisnrtoevoeging,postcode,wplnaam,loctenopzichtevanadres,locoms,bladresregel1,bladresregel2,bladresregel3,bladresregel4,bladresregel5,bladresregel6,landgebied,indpersaangetroffenopadres) VALUES('6044','6044','1','1','3','20010328',null,null,'347','Vredenburg','Vredenburg',null,'114',null,null,'3511BE','Utrecht',null,null,null,null,null,null,null,null,'229',null);
INSERT INTO kern.persadres (id,pers,srt,rdnwijz,aangadresh,dataanvadresh,identcodeadresseerbaarobject,identcodenraand,gem,nor,afgekortenor,gemdeel,huisnr,huisletter,huisnrtoevoeging,postcode,wplnaam,loctenopzichtevanadres,locoms,bladresregel1,bladresregel2,bladresregel3,bladresregel4,bladresregel5,bladresregel6,landgebied,indpersaangetroffenopadres) VALUES('6045','6045','1','1','7','19911002',null,null,'347','Vredenburg','Vredenburg',null,'114',null,null,'3511BE','Utrecht',null,null,null,null,null,null,null,null,'229',null);

commit;


--------------------------------------------------
--- EIND
--- Sheet: (persadres)
--- Handler: SheetHandlerImplSimpleInsert
--- Aantal: (45)
--------------------------------------------------
--------------------------------------------------
--- START
--- Sheet: (his_persadres)
--- Handler: SheetHandlerImplSimpleInsert
--------------------------------------------------

begin;

INSERT INTO kern.his_persadres (id,persadres,dataanvgel,dateindegel,tsreg,tsverval,actieinh,actieverval,actieaanpgel,srt,rdnwijz,aangadresh,dataanvadresh,identcodeadresseerbaarobject,identcodenraand,gem,nor,afgekortenor,gemdeel,huisnr,huisletter,huisnrtoevoeging,postcode,wplnaam,loctenopzichtevanadres,locoms,bladresregel1,bladresregel2,bladresregel3,bladresregel4,bladresregel5,bladresregel6,landgebied,indpersaangetroffenopadres,nadereaandverval) VALUES('7000','6001','20050328',null,'20050328',null,'7000',null,null,'1','1','7','20050328','0347012005032871','0347202005032871','347','Vredenburg','Vredenburg','Noord','3','F','II','3511BA','Utrecht','by','sky is blue','bladresregel1          ','bladresregel2          ','bladresregel3          ','bladresregel4          ','bladresregel5          ','bladresregel6          ','229',null,null);
INSERT INTO kern.his_persadres (id,persadres,dataanvgel,dateindegel,tsreg,tsverval,actieinh,actieverval,actieaanpgel,srt,rdnwijz,aangadresh,dataanvadresh,identcodeadresseerbaarobject,identcodenraand,gem,nor,afgekortenor,gemdeel,huisnr,huisletter,huisnrtoevoeging,postcode,wplnaam,loctenopzichtevanadres,locoms,bladresregel1,bladresregel2,bladresregel3,bladresregel4,bladresregel5,bladresregel6,landgebied,indpersaangetroffenopadres,nadereaandverval) VALUES('6999','6001','20030327','20050328','20050328',null,'6999',null,'7000','1','1','3','20030327',null,null,'229','Zonegge','Zonegge',null,'1',null,null,'6901KT',null,null,null,null,null,null,null,null,null,'229',null,null);
INSERT INTO kern.his_persadres (id,persadres,dataanvgel,dateindegel,tsreg,tsverval,actieinh,actieverval,actieaanpgel,srt,rdnwijz,aangadresh,dataanvadresh,identcodeadresseerbaarobject,identcodenraand,gem,nor,afgekortenor,gemdeel,huisnr,huisletter,huisnrtoevoeging,postcode,wplnaam,loctenopzichtevanadres,locoms,bladresregel1,bladresregel2,bladresregel3,bladresregel4,bladresregel5,bladresregel6,landgebied,indpersaangetroffenopadres,nadereaandverval) VALUES('6998','6001','20030327',null,'20030327','20050328','6999','7000',null,'1','1','3','20030327',null,null,'229','Zonegge','Zonegge',null,'1',null,null,'6901KT',null,null,null,null,null,null,null,null,null,'229',null,null);
INSERT INTO kern.his_persadres (id,persadres,dataanvgel,dateindegel,tsreg,tsverval,actieinh,actieverval,actieaanpgel,srt,rdnwijz,aangadresh,dataanvadresh,identcodeadresseerbaarobject,identcodenraand,gem,nor,afgekortenor,gemdeel,huisnr,huisletter,huisnrtoevoeging,postcode,wplnaam,loctenopzichtevanadres,locoms,bladresregel1,bladresregel2,bladresregel3,bladresregel4,bladresregel5,bladresregel6,landgebied,indpersaangetroffenopadres,nadereaandverval) VALUES('6997','6001','19811002','20030327','20030327',null,'6998',null,'6999','1','2',null,'19811002',null,null,'521','Langnekstraat','Langnekstraat',null,'9',null,null,'2572JN',null,null,null,null,null,null,null,null,null,'229',null,null);
INSERT INTO kern.his_persadres (id,persadres,dataanvgel,dateindegel,tsreg,tsverval,actieinh,actieverval,actieaanpgel,srt,rdnwijz,aangadresh,dataanvadresh,identcodeadresseerbaarobject,identcodenraand,gem,nor,afgekortenor,gemdeel,huisnr,huisletter,huisnrtoevoeging,postcode,wplnaam,loctenopzichtevanadres,locoms,bladresregel1,bladresregel2,bladresregel3,bladresregel4,bladresregel5,bladresregel6,landgebied,indpersaangetroffenopadres,nadereaandverval) VALUES('6996','6001','19811002',null,'19811002','20030327','6998','6999',null,'1','2',null,'19811002',null,null,'521','Langnekstraat','Langnekstraat',null,'9',null,null,'2572JN',null,null,null,null,null,null,null,null,null,'229',null,null);
INSERT INTO kern.his_persadres (id,persadres,dataanvgel,dateindegel,tsreg,tsverval,actieinh,actieverval,actieaanpgel,srt,rdnwijz,aangadresh,dataanvadresh,identcodeadresseerbaarobject,identcodenraand,gem,nor,afgekortenor,gemdeel,huisnr,huisletter,huisnrtoevoeging,postcode,wplnaam,loctenopzichtevanadres,locoms,bladresregel1,bladresregel2,bladresregel3,bladresregel4,bladresregel5,bladresregel6,landgebied,indpersaangetroffenopadres,nadereaandverval) VALUES('6995','6002','20050328',null,'20050328',null,'6997',null,null,'1','1','3','20050328',null,null,'347','Vredenburg','Vredenburg',null,'3',null,null,'3511BA','Utrecht',null,null,null,null,null,null,null,null,'229',null,null);
INSERT INTO kern.his_persadres (id,persadres,dataanvgel,dateindegel,tsreg,tsverval,actieinh,actieverval,actieaanpgel,srt,rdnwijz,aangadresh,dataanvadresh,identcodeadresseerbaarobject,identcodenraand,gem,nor,afgekortenor,gemdeel,huisnr,huisletter,huisnrtoevoeging,postcode,wplnaam,loctenopzichtevanadres,locoms,bladresregel1,bladresregel2,bladresregel3,bladresregel4,bladresregel5,bladresregel6,landgebied,indpersaangetroffenopadres,nadereaandverval) VALUES('6994','6002','20030327','20050328','20050328',null,'6996',null,'6997','1','1','7','20030327',null,null,'229','Zonegge','Zonegge',null,'1',null,null,'6901KT',null,null,null,null,null,null,null,null,null,'229',null,null);
INSERT INTO kern.his_persadres (id,persadres,dataanvgel,dateindegel,tsreg,tsverval,actieinh,actieverval,actieaanpgel,srt,rdnwijz,aangadresh,dataanvadresh,identcodeadresseerbaarobject,identcodenraand,gem,nor,afgekortenor,gemdeel,huisnr,huisletter,huisnrtoevoeging,postcode,wplnaam,loctenopzichtevanadres,locoms,bladresregel1,bladresregel2,bladresregel3,bladresregel4,bladresregel5,bladresregel6,landgebied,indpersaangetroffenopadres,nadereaandverval) VALUES('6993','6002','20030327',null,'20030327','20050328','6996','6997',null,'1','1','7','20030327',null,null,'229','Zonegge','Zonegge',null,'1',null,null,'6901KT',null,null,null,null,null,null,null,null,null,'229',null,null);
INSERT INTO kern.his_persadres (id,persadres,dataanvgel,dateindegel,tsreg,tsverval,actieinh,actieverval,actieaanpgel,srt,rdnwijz,aangadresh,dataanvadresh,identcodeadresseerbaarobject,identcodenraand,gem,nor,afgekortenor,gemdeel,huisnr,huisletter,huisnrtoevoeging,postcode,wplnaam,loctenopzichtevanadres,locoms,bladresregel1,bladresregel2,bladresregel3,bladresregel4,bladresregel5,bladresregel6,landgebied,indpersaangetroffenopadres,nadereaandverval) VALUES('6992','6002','19820528','20030327','20030327',null,'6995',null,'6996','1','2',null,'19820528',null,null,'602','Stuart Millstraat','Stuart Millstraat',null,'24',null,null,'2554AJ',null,null,null,null,null,null,null,null,null,'229',null,null);
INSERT INTO kern.his_persadres (id,persadres,dataanvgel,dateindegel,tsreg,tsverval,actieinh,actieverval,actieaanpgel,srt,rdnwijz,aangadresh,dataanvadresh,identcodeadresseerbaarobject,identcodenraand,gem,nor,afgekortenor,gemdeel,huisnr,huisletter,huisnrtoevoeging,postcode,wplnaam,loctenopzichtevanadres,locoms,bladresregel1,bladresregel2,bladresregel3,bladresregel4,bladresregel5,bladresregel6,landgebied,indpersaangetroffenopadres,nadereaandverval) VALUES('6991','6002','19820528',null,'19820528','20030327','6995','6996',null,'1','2',null,'19820528',null,null,'602','Stuart Millstraat','Stuart Millstraat',null,'24',null,null,'2554AJ',null,null,null,null,null,null,null,null,null,'229',null,null);
INSERT INTO kern.his_persadres (id,persadres,dataanvgel,dateindegel,tsreg,tsverval,actieinh,actieverval,actieaanpgel,srt,rdnwijz,aangadresh,dataanvadresh,identcodeadresseerbaarobject,identcodenraand,gem,nor,afgekortenor,gemdeel,huisnr,huisletter,huisnrtoevoeging,postcode,wplnaam,loctenopzichtevanadres,locoms,bladresregel1,bladresregel2,bladresregel3,bladresregel4,bladresregel5,bladresregel6,landgebied,indpersaangetroffenopadres,nadereaandverval) VALUES('6990','6003','19901201',null,'19901201',null,'6994',null,null,'1','1','3','19901201',null,null,'347','Neude','Neude',null,'11',null,null,'3512AE','Utrecht',null,null,null,null,null,null,null,null,'229',null,null);
INSERT INTO kern.his_persadres (id,persadres,dataanvgel,dateindegel,tsreg,tsverval,actieinh,actieverval,actieaanpgel,srt,rdnwijz,aangadresh,dataanvadresh,identcodeadresseerbaarobject,identcodenraand,gem,nor,afgekortenor,gemdeel,huisnr,huisletter,huisnrtoevoeging,postcode,wplnaam,loctenopzichtevanadres,locoms,bladresregel1,bladresregel2,bladresregel3,bladresregel4,bladresregel5,bladresregel6,landgebied,indpersaangetroffenopadres,nadereaandverval) VALUES('6989','6003','19901111','19901201','19901201',null,'6993',null,'6994','1','1','3','19901111',null,null,'950','Achillesstraat','Achillesstraat',null,'34',null,null,'6165RA',null,null,null,null,null,null,null,null,null,'229',null,null);
INSERT INTO kern.his_persadres (id,persadres,dataanvgel,dateindegel,tsreg,tsverval,actieinh,actieverval,actieaanpgel,srt,rdnwijz,aangadresh,dataanvadresh,identcodeadresseerbaarobject,identcodenraand,gem,nor,afgekortenor,gemdeel,huisnr,huisletter,huisnrtoevoeging,postcode,wplnaam,loctenopzichtevanadres,locoms,bladresregel1,bladresregel2,bladresregel3,bladresregel4,bladresregel5,bladresregel6,landgebied,indpersaangetroffenopadres,nadereaandverval) VALUES('6988','6003','19901111',null,'19901111','19901201','6993','6994',null,'1','1','3','19901111',null,null,'950','Achillesstraat','Achillesstraat',null,'34',null,null,'6165RA',null,null,null,null,null,null,null,null,null,'229',null,null);
INSERT INTO kern.his_persadres (id,persadres,dataanvgel,dateindegel,tsreg,tsverval,actieinh,actieverval,actieaanpgel,srt,rdnwijz,aangadresh,dataanvadresh,identcodeadresseerbaarobject,identcodenraand,gem,nor,afgekortenor,gemdeel,huisnr,huisletter,huisnrtoevoeging,postcode,wplnaam,loctenopzichtevanadres,locoms,bladresregel1,bladresregel2,bladresregel3,bladresregel4,bladresregel5,bladresregel6,landgebied,indpersaangetroffenopadres,nadereaandverval) VALUES('6987','6003','19660302','19901111','19901111',null,'6992',null,'6993','1','2',null,'19660302',null,null,'521','Langnekstraat','Langnekstraat',null,'7',null,null,'2572JN',null,null,null,null,null,null,null,null,null,'229',null,null);
INSERT INTO kern.his_persadres (id,persadres,dataanvgel,dateindegel,tsreg,tsverval,actieinh,actieverval,actieaanpgel,srt,rdnwijz,aangadresh,dataanvadresh,identcodeadresseerbaarobject,identcodenraand,gem,nor,afgekortenor,gemdeel,huisnr,huisletter,huisnrtoevoeging,postcode,wplnaam,loctenopzichtevanadres,locoms,bladresregel1,bladresregel2,bladresregel3,bladresregel4,bladresregel5,bladresregel6,landgebied,indpersaangetroffenopadres,nadereaandverval) VALUES('6986','6003','19660302',null,'19660302','19901111','6992','6993',null,'1','2',null,'19660302',null,null,'521','Langnekstraat','Langnekstraat',null,'7',null,null,'2572JN',null,null,null,null,null,null,null,null,null,'229',null,null);
INSERT INTO kern.his_persadres (id,persadres,dataanvgel,dateindegel,tsreg,tsverval,actieinh,actieverval,actieaanpgel,srt,rdnwijz,aangadresh,dataanvadresh,identcodeadresseerbaarobject,identcodenraand,gem,nor,afgekortenor,gemdeel,huisnr,huisletter,huisnrtoevoeging,postcode,wplnaam,loctenopzichtevanadres,locoms,bladresregel1,bladresregel2,bladresregel3,bladresregel4,bladresregel5,bladresregel6,landgebied,indpersaangetroffenopadres,nadereaandverval) VALUES('6985','6004','19901201',null,'19901201',null,'6991',null,null,'1','1','7','19901201',null,null,'347','Neude','Neude',null,'13',null,null,'3512AE','Utrecht',null,null,null,null,null,null,null,null,'229',null,null);
INSERT INTO kern.his_persadres (id,persadres,dataanvgel,dateindegel,tsreg,tsverval,actieinh,actieverval,actieaanpgel,srt,rdnwijz,aangadresh,dataanvadresh,identcodeadresseerbaarobject,identcodenraand,gem,nor,afgekortenor,gemdeel,huisnr,huisletter,huisnrtoevoeging,postcode,wplnaam,loctenopzichtevanadres,locoms,bladresregel1,bladresregel2,bladresregel3,bladresregel4,bladresregel5,bladresregel6,landgebied,indpersaangetroffenopadres,nadereaandverval) VALUES('6984','6004','19901111','19901201','19901201',null,'6990',null,'6991','1','1','7','19901111',null,null,'950','Achillesstraat','Achillesstraat',null,'34',null,null,'6165RA',null,null,null,null,null,null,null,null,null,'229',null,null);
INSERT INTO kern.his_persadres (id,persadres,dataanvgel,dateindegel,tsreg,tsverval,actieinh,actieverval,actieaanpgel,srt,rdnwijz,aangadresh,dataanvadresh,identcodeadresseerbaarobject,identcodenraand,gem,nor,afgekortenor,gemdeel,huisnr,huisletter,huisnrtoevoeging,postcode,wplnaam,loctenopzichtevanadres,locoms,bladresregel1,bladresregel2,bladresregel3,bladresregel4,bladresregel5,bladresregel6,landgebied,indpersaangetroffenopadres,nadereaandverval) VALUES('6983','6004','19901111',null,'19901111','19901201','6990','6991',null,'1','1','7','19901111',null,null,'950','Achillesstraat','Achillesstraat',null,'34',null,null,'6165RA',null,null,null,null,null,null,null,null,null,'229',null,null);
INSERT INTO kern.his_persadres (id,persadres,dataanvgel,dateindegel,tsreg,tsverval,actieinh,actieverval,actieaanpgel,srt,rdnwijz,aangadresh,dataanvadresh,identcodeadresseerbaarobject,identcodenraand,gem,nor,afgekortenor,gemdeel,huisnr,huisletter,huisnrtoevoeging,postcode,wplnaam,loctenopzichtevanadres,locoms,bladresregel1,bladresregel2,bladresregel3,bladresregel4,bladresregel5,bladresregel6,landgebied,indpersaangetroffenopadres,nadereaandverval) VALUES('6982','6004','19691227','19901111','19901111',null,'6989',null,'6990','1','2',null,'19691227',null,null,'347','Rhônedreef','Rhônedreef',null,'45',null,null,'3561VA',null,null,null,null,null,null,null,null,null,'229',null,null);
INSERT INTO kern.his_persadres (id,persadres,dataanvgel,dateindegel,tsreg,tsverval,actieinh,actieverval,actieaanpgel,srt,rdnwijz,aangadresh,dataanvadresh,identcodeadresseerbaarobject,identcodenraand,gem,nor,afgekortenor,gemdeel,huisnr,huisletter,huisnrtoevoeging,postcode,wplnaam,loctenopzichtevanadres,locoms,bladresregel1,bladresregel2,bladresregel3,bladresregel4,bladresregel5,bladresregel6,landgebied,indpersaangetroffenopadres,nadereaandverval) VALUES('6981','6004','19691227',null,'19691227','19901111','6989','6990',null,'1','2',null,'19691227',null,null,'347','Rhônedreef','Rhônedreef',null,'45',null,null,'3561VA',null,null,null,null,null,null,null,null,null,'229',null,null);
INSERT INTO kern.his_persadres (id,persadres,dataanvgel,dateindegel,tsreg,tsverval,actieinh,actieverval,actieaanpgel,srt,rdnwijz,aangadresh,dataanvadresh,identcodeadresseerbaarobject,identcodenraand,gem,nor,afgekortenor,gemdeel,huisnr,huisletter,huisnrtoevoeging,postcode,wplnaam,loctenopzichtevanadres,locoms,bladresregel1,bladresregel2,bladresregel3,bladresregel4,bladresregel5,bladresregel6,landgebied,indpersaangetroffenopadres,nadereaandverval) VALUES('6980','6005','19981201',null,'19981201',null,'6988',null,null,'1','1','3','19981201',null,null,'347','Biltstraat','Biltstraat',null,'5',null,null,'3572AA','Utrecht',null,null,null,null,null,null,null,null,'229',null,null);
INSERT INTO kern.his_persadres (id,persadres,dataanvgel,dateindegel,tsreg,tsverval,actieinh,actieverval,actieaanpgel,srt,rdnwijz,aangadresh,dataanvadresh,identcodeadresseerbaarobject,identcodenraand,gem,nor,afgekortenor,gemdeel,huisnr,huisletter,huisnrtoevoeging,postcode,wplnaam,loctenopzichtevanadres,locoms,bladresregel1,bladresregel2,bladresregel3,bladresregel4,bladresregel5,bladresregel6,landgebied,indpersaangetroffenopadres,nadereaandverval) VALUES('6979','6005','19970605','19981201','19981201',null,'6987',null,'6988','1','1','7','19970605',null,null,'403','Anthonij Miechielsz van Voorthuijsenstraat','A M v Voorthuijsenstr',null,'67',null,null,'1785LG',null,null,null,null,null,null,null,null,null,'229',null,null);
INSERT INTO kern.his_persadres (id,persadres,dataanvgel,dateindegel,tsreg,tsverval,actieinh,actieverval,actieaanpgel,srt,rdnwijz,aangadresh,dataanvadresh,identcodeadresseerbaarobject,identcodenraand,gem,nor,afgekortenor,gemdeel,huisnr,huisletter,huisnrtoevoeging,postcode,wplnaam,loctenopzichtevanadres,locoms,bladresregel1,bladresregel2,bladresregel3,bladresregel4,bladresregel5,bladresregel6,landgebied,indpersaangetroffenopadres,nadereaandverval) VALUES('6978','6005','19970605',null,'19970605','19981201','6987','6988',null,'1','1','7','19970605',null,null,'403','Anthonij Miechielsz van Voorthuijsenstraat','A M v Voorthuijsenstr',null,'67',null,null,'1785LG',null,null,null,null,null,null,null,null,null,'229',null,null);
INSERT INTO kern.his_persadres (id,persadres,dataanvgel,dateindegel,tsreg,tsverval,actieinh,actieverval,actieaanpgel,srt,rdnwijz,aangadresh,dataanvadresh,identcodeadresseerbaarobject,identcodenraand,gem,nor,afgekortenor,gemdeel,huisnr,huisletter,huisnrtoevoeging,postcode,wplnaam,loctenopzichtevanadres,locoms,bladresregel1,bladresregel2,bladresregel3,bladresregel4,bladresregel5,bladresregel6,landgebied,indpersaangetroffenopadres,nadereaandverval) VALUES('6977','6005','19710717','19970605','19970605',null,'6986',null,'6987','1','2',null,'19710717',null,null,'347','Westduëlstraat','Westduëlstraat',null,'23',null,null,'3082RV',null,null,null,null,null,null,null,null,null,'229',null,null);
INSERT INTO kern.his_persadres (id,persadres,dataanvgel,dateindegel,tsreg,tsverval,actieinh,actieverval,actieaanpgel,srt,rdnwijz,aangadresh,dataanvadresh,identcodeadresseerbaarobject,identcodenraand,gem,nor,afgekortenor,gemdeel,huisnr,huisletter,huisnrtoevoeging,postcode,wplnaam,loctenopzichtevanadres,locoms,bladresregel1,bladresregel2,bladresregel3,bladresregel4,bladresregel5,bladresregel6,landgebied,indpersaangetroffenopadres,nadereaandverval) VALUES('6976','6005','19710717',null,'19710717','19970605','6986','6987',null,'1','2',null,'19710717',null,null,'347','Westduëlstraat','Westduëlstraat',null,'23',null,null,'3082RV',null,null,null,null,null,null,null,null,null,'229',null,null);
INSERT INTO kern.his_persadres (id,persadres,dataanvgel,dateindegel,tsreg,tsverval,actieinh,actieverval,actieaanpgel,srt,rdnwijz,aangadresh,dataanvadresh,identcodeadresseerbaarobject,identcodenraand,gem,nor,afgekortenor,gemdeel,huisnr,huisletter,huisnrtoevoeging,postcode,wplnaam,loctenopzichtevanadres,locoms,bladresregel1,bladresregel2,bladresregel3,bladresregel4,bladresregel5,bladresregel6,landgebied,indpersaangetroffenopadres,nadereaandverval) VALUES('6975','6006','19981201',null,'19981201',null,'6985',null,null,'1','1','7','19981201',null,null,'347','Biltstraat','Biltstraat',null,'5',null,null,'3572AA','Utrecht',null,null,null,null,null,null,null,null,'229',null,null);
INSERT INTO kern.his_persadres (id,persadres,dataanvgel,dateindegel,tsreg,tsverval,actieinh,actieverval,actieaanpgel,srt,rdnwijz,aangadresh,dataanvadresh,identcodeadresseerbaarobject,identcodenraand,gem,nor,afgekortenor,gemdeel,huisnr,huisletter,huisnrtoevoeging,postcode,wplnaam,loctenopzichtevanadres,locoms,bladresregel1,bladresregel2,bladresregel3,bladresregel4,bladresregel5,bladresregel6,landgebied,indpersaangetroffenopadres,nadereaandverval) VALUES('6974','6006','19970605','19981201','19981201',null,'6984',null,'6985','1','1','3','19970605',null,null,'403','Anthonij Miechielsz van Voorthuijsenstraat','A M v Voorthuijsenstr',null,'67',null,null,'1785LG',null,null,null,null,null,null,null,null,null,'229',null,null);
INSERT INTO kern.his_persadres (id,persadres,dataanvgel,dateindegel,tsreg,tsverval,actieinh,actieverval,actieaanpgel,srt,rdnwijz,aangadresh,dataanvadresh,identcodeadresseerbaarobject,identcodenraand,gem,nor,afgekortenor,gemdeel,huisnr,huisletter,huisnrtoevoeging,postcode,wplnaam,loctenopzichtevanadres,locoms,bladresregel1,bladresregel2,bladresregel3,bladresregel4,bladresregel5,bladresregel6,landgebied,indpersaangetroffenopadres,nadereaandverval) VALUES('6973','6006','19970605',null,'19970605','19981201','6984','6985',null,'1','1','3','19970605',null,null,'403','Anthonij Miechielsz van Voorthuijsenstraat','A M v Voorthuijsenstr',null,'67',null,null,'1785LG',null,null,null,null,null,null,null,null,null,'229',null,null);
INSERT INTO kern.his_persadres (id,persadres,dataanvgel,dateindegel,tsreg,tsverval,actieinh,actieverval,actieaanpgel,srt,rdnwijz,aangadresh,dataanvadresh,identcodeadresseerbaarobject,identcodenraand,gem,nor,afgekortenor,gemdeel,huisnr,huisletter,huisnrtoevoeging,postcode,wplnaam,loctenopzichtevanadres,locoms,bladresregel1,bladresregel2,bladresregel3,bladresregel4,bladresregel5,bladresregel6,landgebied,indpersaangetroffenopadres,nadereaandverval) VALUES('6972','6006','19720928','19970605','19970605',null,'6983',null,'6984','1','2',null,'19720928',null,null,'366','Bonairestraat','Bonairestraat',null,'23',null,null,'1058XC',null,null,null,null,null,null,null,null,null,'229',null,null);
INSERT INTO kern.his_persadres (id,persadres,dataanvgel,dateindegel,tsreg,tsverval,actieinh,actieverval,actieaanpgel,srt,rdnwijz,aangadresh,dataanvadresh,identcodeadresseerbaarobject,identcodenraand,gem,nor,afgekortenor,gemdeel,huisnr,huisletter,huisnrtoevoeging,postcode,wplnaam,loctenopzichtevanadres,locoms,bladresregel1,bladresregel2,bladresregel3,bladresregel4,bladresregel5,bladresregel6,landgebied,indpersaangetroffenopadres,nadereaandverval) VALUES('6971','6006','19720928',null,'19720928','19970605','6983','6984',null,'1','2',null,'19720928',null,null,'366','Bonairestraat','Bonairestraat',null,'23',null,null,'1058XC',null,null,null,null,null,null,null,null,null,'229',null,null);
INSERT INTO kern.his_persadres (id,persadres,dataanvgel,dateindegel,tsreg,tsverval,actieinh,actieverval,actieaanpgel,srt,rdnwijz,aangadresh,dataanvadresh,identcodeadresseerbaarobject,identcodenraand,gem,nor,afgekortenor,gemdeel,huisnr,huisletter,huisnrtoevoeging,postcode,wplnaam,loctenopzichtevanadres,locoms,bladresregel1,bladresregel2,bladresregel3,bladresregel4,bladresregel5,bladresregel6,landgebied,indpersaangetroffenopadres,nadereaandverval) VALUES('6970','6007','20110205',null,'20110205',null,'6982',null,null,'1','1','7','20110205',null,null,'347','Vredenburg','Vredenburg',null,'22',null,null,'3511BB','Utrecht',null,null,null,null,null,null,null,null,'229',null,null);
INSERT INTO kern.his_persadres (id,persadres,dataanvgel,dateindegel,tsreg,tsverval,actieinh,actieverval,actieaanpgel,srt,rdnwijz,aangadresh,dataanvadresh,identcodeadresseerbaarobject,identcodenraand,gem,nor,afgekortenor,gemdeel,huisnr,huisletter,huisnrtoevoeging,postcode,wplnaam,loctenopzichtevanadres,locoms,bladresregel1,bladresregel2,bladresregel3,bladresregel4,bladresregel5,bladresregel6,landgebied,indpersaangetroffenopadres,nadereaandverval) VALUES('6969','6007','20031024','20110205','20110205',null,'6981',null,'6982','1','1','7','20031024',null,null,'1415','Rafaëlweg','Rafaëlweg',null,'8',null,null,'6114BZ',null,null,null,null,null,null,null,null,null,'229',null,null);
INSERT INTO kern.his_persadres (id,persadres,dataanvgel,dateindegel,tsreg,tsverval,actieinh,actieverval,actieaanpgel,srt,rdnwijz,aangadresh,dataanvadresh,identcodeadresseerbaarobject,identcodenraand,gem,nor,afgekortenor,gemdeel,huisnr,huisletter,huisnrtoevoeging,postcode,wplnaam,loctenopzichtevanadres,locoms,bladresregel1,bladresregel2,bladresregel3,bladresregel4,bladresregel5,bladresregel6,landgebied,indpersaangetroffenopadres,nadereaandverval) VALUES('6968','6007','20031024',null,'20031024','20110205','6981','6982',null,'1','1','7','20031024',null,null,'1415','Rafaëlweg','Rafaëlweg',null,'8',null,null,'6114BZ',null,null,null,null,null,null,null,null,null,'229',null,null);
INSERT INTO kern.his_persadres (id,persadres,dataanvgel,dateindegel,tsreg,tsverval,actieinh,actieverval,actieaanpgel,srt,rdnwijz,aangadresh,dataanvadresh,identcodeadresseerbaarobject,identcodenraand,gem,nor,afgekortenor,gemdeel,huisnr,huisletter,huisnrtoevoeging,postcode,wplnaam,loctenopzichtevanadres,locoms,bladresregel1,bladresregel2,bladresregel3,bladresregel4,bladresregel5,bladresregel6,landgebied,indpersaangetroffenopadres,nadereaandverval) VALUES('6967','6007','19800616','20031024','20031024',null,'6980',null,'6981','1','2',null,'19800616',null,null,'602','Jan Steenstraat','Jan Steenstraat',null,'132',null,null,'3042AL',null,null,null,null,null,null,null,null,null,'229',null,null);
INSERT INTO kern.his_persadres (id,persadres,dataanvgel,dateindegel,tsreg,tsverval,actieinh,actieverval,actieaanpgel,srt,rdnwijz,aangadresh,dataanvadresh,identcodeadresseerbaarobject,identcodenraand,gem,nor,afgekortenor,gemdeel,huisnr,huisletter,huisnrtoevoeging,postcode,wplnaam,loctenopzichtevanadres,locoms,bladresregel1,bladresregel2,bladresregel3,bladresregel4,bladresregel5,bladresregel6,landgebied,indpersaangetroffenopadres,nadereaandverval) VALUES('6966','6007','19800616',null,'19800616','20031024','6980','6981',null,'1','2',null,'19800616',null,null,'602','Jan Steenstraat','Jan Steenstraat',null,'132',null,null,'3042AL',null,null,null,null,null,null,null,null,null,'229',null,null);
INSERT INTO kern.his_persadres (id,persadres,dataanvgel,dateindegel,tsreg,tsverval,actieinh,actieverval,actieaanpgel,srt,rdnwijz,aangadresh,dataanvadresh,identcodeadresseerbaarobject,identcodenraand,gem,nor,afgekortenor,gemdeel,huisnr,huisletter,huisnrtoevoeging,postcode,wplnaam,loctenopzichtevanadres,locoms,bladresregel1,bladresregel2,bladresregel3,bladresregel4,bladresregel5,bladresregel6,landgebied,indpersaangetroffenopadres,nadereaandverval) VALUES('6965','6008','20110205',null,'20110205',null,'6979',null,null,'1','1','3','20110205',null,null,'347','Vredenburg','Vredenburg',null,'22',null,null,'3511BB','Utrecht',null,null,null,null,null,null,null,null,'229',null,null);
INSERT INTO kern.his_persadres (id,persadres,dataanvgel,dateindegel,tsreg,tsverval,actieinh,actieverval,actieaanpgel,srt,rdnwijz,aangadresh,dataanvadresh,identcodeadresseerbaarobject,identcodenraand,gem,nor,afgekortenor,gemdeel,huisnr,huisletter,huisnrtoevoeging,postcode,wplnaam,loctenopzichtevanadres,locoms,bladresregel1,bladresregel2,bladresregel3,bladresregel4,bladresregel5,bladresregel6,landgebied,indpersaangetroffenopadres,nadereaandverval) VALUES('6964','6008','20031024','20110205','20110205',null,'6978',null,'6979','1','1','3','20031024',null,null,'1415','Rafaëlweg','Rafaëlweg',null,'8',null,null,'6114BZ',null,null,null,null,null,null,null,null,null,'229',null,null);
INSERT INTO kern.his_persadres (id,persadres,dataanvgel,dateindegel,tsreg,tsverval,actieinh,actieverval,actieaanpgel,srt,rdnwijz,aangadresh,dataanvadresh,identcodeadresseerbaarobject,identcodenraand,gem,nor,afgekortenor,gemdeel,huisnr,huisletter,huisnrtoevoeging,postcode,wplnaam,loctenopzichtevanadres,locoms,bladresregel1,bladresregel2,bladresregel3,bladresregel4,bladresregel5,bladresregel6,landgebied,indpersaangetroffenopadres,nadereaandverval) VALUES('6963','6008','20031024',null,'20031024','20110205','6978','6979',null,'1','1','3','20031024',null,null,'1415','Rafaëlweg','Rafaëlweg',null,'8',null,null,'6114BZ',null,null,null,null,null,null,null,null,null,'229',null,null);
INSERT INTO kern.his_persadres (id,persadres,dataanvgel,dateindegel,tsreg,tsverval,actieinh,actieverval,actieaanpgel,srt,rdnwijz,aangadresh,dataanvadresh,identcodeadresseerbaarobject,identcodenraand,gem,nor,afgekortenor,gemdeel,huisnr,huisletter,huisnrtoevoeging,postcode,wplnaam,loctenopzichtevanadres,locoms,bladresregel1,bladresregel2,bladresregel3,bladresregel4,bladresregel5,bladresregel6,landgebied,indpersaangetroffenopadres,nadereaandverval) VALUES('6962','6008','19810418','20031024','20031024',null,'6977',null,'6978','1','2',null,'19810418',null,null,'347','Westerkade','Westerkade',null,'412',null,null,'3511HB',null,null,null,null,null,null,null,null,null,'229',null,null);
INSERT INTO kern.his_persadres (id,persadres,dataanvgel,dateindegel,tsreg,tsverval,actieinh,actieverval,actieaanpgel,srt,rdnwijz,aangadresh,dataanvadresh,identcodeadresseerbaarobject,identcodenraand,gem,nor,afgekortenor,gemdeel,huisnr,huisletter,huisnrtoevoeging,postcode,wplnaam,loctenopzichtevanadres,locoms,bladresregel1,bladresregel2,bladresregel3,bladresregel4,bladresregel5,bladresregel6,landgebied,indpersaangetroffenopadres,nadereaandverval) VALUES('6961','6008','19810418',null,'19810418','20031024','6977','6978',null,'1','2',null,'19810418',null,null,'347','Westerkade','Westerkade',null,'412',null,null,'3511HB',null,null,null,null,null,null,null,null,null,'229',null,null);
INSERT INTO kern.his_persadres (id,persadres,dataanvgel,dateindegel,tsreg,tsverval,actieinh,actieverval,actieaanpgel,srt,rdnwijz,aangadresh,dataanvadresh,identcodeadresseerbaarobject,identcodenraand,gem,nor,afgekortenor,gemdeel,huisnr,huisletter,huisnrtoevoeging,postcode,wplnaam,loctenopzichtevanadres,locoms,bladresregel1,bladresregel2,bladresregel3,bladresregel4,bladresregel5,bladresregel6,landgebied,indpersaangetroffenopadres,nadereaandverval) VALUES('6960','6009','20110205',null,'20110205',null,'6976',null,null,'1','1','6','20110205',null,null,'347','Vredenburg','Vredenburg',null,'22',null,null,'3511BB','Utrecht',null,null,null,null,null,null,null,null,'229',null,null);
INSERT INTO kern.his_persadres (id,persadres,dataanvgel,dateindegel,tsreg,tsverval,actieinh,actieverval,actieaanpgel,srt,rdnwijz,aangadresh,dataanvadresh,identcodeadresseerbaarobject,identcodenraand,gem,nor,afgekortenor,gemdeel,huisnr,huisletter,huisnrtoevoeging,postcode,wplnaam,loctenopzichtevanadres,locoms,bladresregel1,bladresregel2,bladresregel3,bladresregel4,bladresregel5,bladresregel6,landgebied,indpersaangetroffenopadres,nadereaandverval) VALUES('6959','6009','20031226','20110205','20110205',null,'6975',null,'6976','1','2',null,'20031226',null,null,'1415','Rafaëlweg','Rafaëlweg',null,'7',null,null,'6114BZ',null,null,null,null,null,null,null,null,null,'229',null,null);
INSERT INTO kern.his_persadres (id,persadres,dataanvgel,dateindegel,tsreg,tsverval,actieinh,actieverval,actieaanpgel,srt,rdnwijz,aangadresh,dataanvadresh,identcodeadresseerbaarobject,identcodenraand,gem,nor,afgekortenor,gemdeel,huisnr,huisletter,huisnrtoevoeging,postcode,wplnaam,loctenopzichtevanadres,locoms,bladresregel1,bladresregel2,bladresregel3,bladresregel4,bladresregel5,bladresregel6,landgebied,indpersaangetroffenopadres,nadereaandverval) VALUES('6958','6009','20031226',null,'20031226','20110205','6975','6976',null,'1','2',null,'20031226',null,null,'1415','Rafaëlweg','Rafaëlweg',null,'7',null,null,'6114BZ',null,null,null,null,null,null,null,null,null,'229',null,null);
INSERT INTO kern.his_persadres (id,persadres,dataanvgel,dateindegel,tsreg,tsverval,actieinh,actieverval,actieaanpgel,srt,rdnwijz,aangadresh,dataanvadresh,identcodeadresseerbaarobject,identcodenraand,gem,nor,afgekortenor,gemdeel,huisnr,huisletter,huisnrtoevoeging,postcode,wplnaam,loctenopzichtevanadres,locoms,bladresregel1,bladresregel2,bladresregel3,bladresregel4,bladresregel5,bladresregel6,landgebied,indpersaangetroffenopadres,nadereaandverval) VALUES('6957','6010','20090928',null,'20090928',null,'6974',null,null,'1','1','3','20090928',null,null,'347','Neude','Neude',null,'17',null,null,'3512AE','Utrecht',null,null,null,null,null,null,null,null,'229',null,null);
INSERT INTO kern.his_persadres (id,persadres,dataanvgel,dateindegel,tsreg,tsverval,actieinh,actieverval,actieaanpgel,srt,rdnwijz,aangadresh,dataanvadresh,identcodeadresseerbaarobject,identcodenraand,gem,nor,afgekortenor,gemdeel,huisnr,huisletter,huisnrtoevoeging,postcode,wplnaam,loctenopzichtevanadres,locoms,bladresregel1,bladresregel2,bladresregel3,bladresregel4,bladresregel5,bladresregel6,landgebied,indpersaangetroffenopadres,nadereaandverval) VALUES('6956','6010','19960304','20090928','20090928',null,'6973',null,'6974','1','1','3','19960304',null,null,'775','Beatrix de Rijkweg','Beatrix de Rijkweg',null,'5',null,null,'5657EG',null,null,null,null,null,null,null,null,null,'229',null,null);
INSERT INTO kern.his_persadres (id,persadres,dataanvgel,dateindegel,tsreg,tsverval,actieinh,actieverval,actieaanpgel,srt,rdnwijz,aangadresh,dataanvadresh,identcodeadresseerbaarobject,identcodenraand,gem,nor,afgekortenor,gemdeel,huisnr,huisletter,huisnrtoevoeging,postcode,wplnaam,loctenopzichtevanadres,locoms,bladresregel1,bladresregel2,bladresregel3,bladresregel4,bladresregel5,bladresregel6,landgebied,indpersaangetroffenopadres,nadereaandverval) VALUES('6955','6010','19960304',null,'19960304','20090928','6973','6974',null,'1','1','3','19960304',null,null,'775','Beatrix de Rijkweg','Beatrix de Rijkweg',null,'5',null,null,'5657EG',null,null,null,null,null,null,null,null,null,'229',null,null);
INSERT INTO kern.his_persadres (id,persadres,dataanvgel,dateindegel,tsreg,tsverval,actieinh,actieverval,actieaanpgel,srt,rdnwijz,aangadresh,dataanvadresh,identcodeadresseerbaarobject,identcodenraand,gem,nor,afgekortenor,gemdeel,huisnr,huisletter,huisnrtoevoeging,postcode,wplnaam,loctenopzichtevanadres,locoms,bladresregel1,bladresregel2,bladresregel3,bladresregel4,bladresregel5,bladresregel6,landgebied,indpersaangetroffenopadres,nadereaandverval) VALUES('6954','6010','19691231','19960304','19960304',null,'6972',null,'6973','1','2',null,'19691231',null,null,'602','Goudsesingel','Goudsesingel',null,'7',null,null,'3011KD',null,null,null,null,null,null,null,null,null,'229',null,null);
INSERT INTO kern.his_persadres (id,persadres,dataanvgel,dateindegel,tsreg,tsverval,actieinh,actieverval,actieaanpgel,srt,rdnwijz,aangadresh,dataanvadresh,identcodeadresseerbaarobject,identcodenraand,gem,nor,afgekortenor,gemdeel,huisnr,huisletter,huisnrtoevoeging,postcode,wplnaam,loctenopzichtevanadres,locoms,bladresregel1,bladresregel2,bladresregel3,bladresregel4,bladresregel5,bladresregel6,landgebied,indpersaangetroffenopadres,nadereaandverval) VALUES('6953','6010','19691231',null,'19691231','19960304','6972','6973',null,'1','2',null,'19691231',null,null,'602','Goudsesingel','Goudsesingel',null,'7',null,null,'3011KD',null,null,null,null,null,null,null,null,null,'229',null,null);
INSERT INTO kern.his_persadres (id,persadres,dataanvgel,dateindegel,tsreg,tsverval,actieinh,actieverval,actieaanpgel,srt,rdnwijz,aangadresh,dataanvadresh,identcodeadresseerbaarobject,identcodenraand,gem,nor,afgekortenor,gemdeel,huisnr,huisletter,huisnrtoevoeging,postcode,wplnaam,loctenopzichtevanadres,locoms,bladresregel1,bladresregel2,bladresregel3,bladresregel4,bladresregel5,bladresregel6,landgebied,indpersaangetroffenopadres,nadereaandverval) VALUES('6948','6011','20090928',null,'20090928',null,'6971',null,null,'1','1','7','20090928',null,null,'347','Neude','Neude',null,'17',null,null,'3512AE','Utrecht',null,null,null,null,null,null,null,null,'229',null,null);
INSERT INTO kern.his_persadres (id,persadres,dataanvgel,dateindegel,tsreg,tsverval,actieinh,actieverval,actieaanpgel,srt,rdnwijz,aangadresh,dataanvadresh,identcodeadresseerbaarobject,identcodenraand,gem,nor,afgekortenor,gemdeel,huisnr,huisletter,huisnrtoevoeging,postcode,wplnaam,loctenopzichtevanadres,locoms,bladresregel1,bladresregel2,bladresregel3,bladresregel4,bladresregel5,bladresregel6,landgebied,indpersaangetroffenopadres,nadereaandverval) VALUES('6949','6011','19960304','20090928','20090928',null,'6970',null,'6971','1','1','7','19960304',null,null,'775','Beatrix de Rijkweg','Beatrix de Rijkweg',null,'5',null,null,'5657EG',null,null,null,null,null,null,null,null,null,'229',null,null);
INSERT INTO kern.his_persadres (id,persadres,dataanvgel,dateindegel,tsreg,tsverval,actieinh,actieverval,actieaanpgel,srt,rdnwijz,aangadresh,dataanvadresh,identcodeadresseerbaarobject,identcodenraand,gem,nor,afgekortenor,gemdeel,huisnr,huisletter,huisnrtoevoeging,postcode,wplnaam,loctenopzichtevanadres,locoms,bladresregel1,bladresregel2,bladresregel3,bladresregel4,bladresregel5,bladresregel6,landgebied,indpersaangetroffenopadres,nadereaandverval) VALUES('6950','6011','19960304',null,'19960304','20090928','6970','6971',null,'1','1','7','19960304',null,null,'775','Beatrix de Rijkweg','Beatrix de Rijkweg',null,'5',null,null,'5657EG',null,null,null,null,null,null,null,null,null,'229',null,null);
INSERT INTO kern.his_persadres (id,persadres,dataanvgel,dateindegel,tsreg,tsverval,actieinh,actieverval,actieaanpgel,srt,rdnwijz,aangadresh,dataanvadresh,identcodeadresseerbaarobject,identcodenraand,gem,nor,afgekortenor,gemdeel,huisnr,huisletter,huisnrtoevoeging,postcode,wplnaam,loctenopzichtevanadres,locoms,bladresregel1,bladresregel2,bladresregel3,bladresregel4,bladresregel5,bladresregel6,landgebied,indpersaangetroffenopadres,nadereaandverval) VALUES('6951','6011','19690516','19960304','19960304',null,'6969',null,'6970','1','2',null,'19690516',null,null,'602','Goudsesingel','Goudsesingel',null,'9',null,null,'3011KD',null,null,null,null,null,null,null,null,null,'229',null,null);
INSERT INTO kern.his_persadres (id,persadres,dataanvgel,dateindegel,tsreg,tsverval,actieinh,actieverval,actieaanpgel,srt,rdnwijz,aangadresh,dataanvadresh,identcodeadresseerbaarobject,identcodenraand,gem,nor,afgekortenor,gemdeel,huisnr,huisletter,huisnrtoevoeging,postcode,wplnaam,loctenopzichtevanadres,locoms,bladresregel1,bladresregel2,bladresregel3,bladresregel4,bladresregel5,bladresregel6,landgebied,indpersaangetroffenopadres,nadereaandverval) VALUES('6952','6011','19690516',null,'19690516','19960304','6969','6970',null,'1','2',null,'19690516',null,null,'602','Goudsesingel','Goudsesingel',null,'9',null,null,'3011KD',null,null,null,null,null,null,null,null,null,'229',null,null);
INSERT INTO kern.his_persadres (id,persadres,dataanvgel,dateindegel,tsreg,tsverval,actieinh,actieverval,actieaanpgel,srt,rdnwijz,aangadresh,dataanvadresh,identcodeadresseerbaarobject,identcodenraand,gem,nor,afgekortenor,gemdeel,huisnr,huisletter,huisnrtoevoeging,postcode,wplnaam,loctenopzichtevanadres,locoms,bladresregel1,bladresregel2,bladresregel3,bladresregel4,bladresregel5,bladresregel6,landgebied,indpersaangetroffenopadres,nadereaandverval) VALUES('6947','6012','20000228',null,'20000228',null,'6968',null,null,'1','1','3','20000228',null,null,'347','Biltstraat','Biltstraat',null,'7',null,null,'3572AA','Utrecht',null,null,null,null,null,null,null,null,'229',null,null);
INSERT INTO kern.his_persadres (id,persadres,dataanvgel,dateindegel,tsreg,tsverval,actieinh,actieverval,actieaanpgel,srt,rdnwijz,aangadresh,dataanvadresh,identcodeadresseerbaarobject,identcodenraand,gem,nor,afgekortenor,gemdeel,huisnr,huisletter,huisnrtoevoeging,postcode,wplnaam,loctenopzichtevanadres,locoms,bladresregel1,bladresregel2,bladresregel3,bladresregel4,bladresregel5,bladresregel6,landgebied,indpersaangetroffenopadres,nadereaandverval) VALUES('6946','6012','19771210','20000228','20000228',null,'6967',null,'6968','1','2',null,'19771210',null,null,'629','Baron Schimmelpenninck van der Oyelaan','S vd Oyeln',null,'1',null,null,'2252EB',null,null,null,null,null,null,null,null,null,'229',null,null);
INSERT INTO kern.his_persadres (id,persadres,dataanvgel,dateindegel,tsreg,tsverval,actieinh,actieverval,actieaanpgel,srt,rdnwijz,aangadresh,dataanvadresh,identcodeadresseerbaarobject,identcodenraand,gem,nor,afgekortenor,gemdeel,huisnr,huisletter,huisnrtoevoeging,postcode,wplnaam,loctenopzichtevanadres,locoms,bladresregel1,bladresregel2,bladresregel3,bladresregel4,bladresregel5,bladresregel6,landgebied,indpersaangetroffenopadres,nadereaandverval) VALUES('6945','6012','19771210',null,'19771210','20000228','6967','6968',null,'1','2',null,'19771210',null,null,'629','Baron Schimmelpenninck van der Oyelaan','S vd Oyeln',null,'1',null,null,'2252EB',null,null,null,null,null,null,null,null,null,'229',null,null);
INSERT INTO kern.his_persadres (id,persadres,dataanvgel,dateindegel,tsreg,tsverval,actieinh,actieverval,actieaanpgel,srt,rdnwijz,aangadresh,dataanvadresh,identcodeadresseerbaarobject,identcodenraand,gem,nor,afgekortenor,gemdeel,huisnr,huisletter,huisnrtoevoeging,postcode,wplnaam,loctenopzichtevanadres,locoms,bladresregel1,bladresregel2,bladresregel3,bladresregel4,bladresregel5,bladresregel6,landgebied,indpersaangetroffenopadres,nadereaandverval) VALUES('6944','6013','19920508',null,'19920508',null,'6966',null,null,'1','1','3','19920508',null,null,'347','Vredenburg','Vredenburg',null,'27',null,null,'3511BC','Utrecht',null,null,null,null,null,null,null,null,'229',null,null);
INSERT INTO kern.his_persadres (id,persadres,dataanvgel,dateindegel,tsreg,tsverval,actieinh,actieverval,actieaanpgel,srt,rdnwijz,aangadresh,dataanvadresh,identcodeadresseerbaarobject,identcodenraand,gem,nor,afgekortenor,gemdeel,huisnr,huisletter,huisnrtoevoeging,postcode,wplnaam,loctenopzichtevanadres,locoms,bladresregel1,bladresregel2,bladresregel3,bladresregel4,bladresregel5,bladresregel6,landgebied,indpersaangetroffenopadres,nadereaandverval) VALUES('6943','6013','19550602','19920508','19920508',null,'6965',null,'6966','1','2',null,'19550602',null,null,'991','Weerterbeekweg','Weerterbeekweg',null,'22',null,null,'6001VH',null,null,null,null,null,null,null,null,null,'229',null,null);
INSERT INTO kern.his_persadres (id,persadres,dataanvgel,dateindegel,tsreg,tsverval,actieinh,actieverval,actieaanpgel,srt,rdnwijz,aangadresh,dataanvadresh,identcodeadresseerbaarobject,identcodenraand,gem,nor,afgekortenor,gemdeel,huisnr,huisletter,huisnrtoevoeging,postcode,wplnaam,loctenopzichtevanadres,locoms,bladresregel1,bladresregel2,bladresregel3,bladresregel4,bladresregel5,bladresregel6,landgebied,indpersaangetroffenopadres,nadereaandverval) VALUES('6942','6013','19550602',null,'19550602','19920508','6965','6966',null,'1','2',null,'19550602',null,null,'991','Weerterbeekweg','Weerterbeekweg',null,'22',null,null,'6001VH',null,null,null,null,null,null,null,null,null,'229',null,null);
INSERT INTO kern.his_persadres (id,persadres,dataanvgel,dateindegel,tsreg,tsverval,actieinh,actieverval,actieaanpgel,srt,rdnwijz,aangadresh,dataanvadresh,identcodeadresseerbaarobject,identcodenraand,gem,nor,afgekortenor,gemdeel,huisnr,huisletter,huisnrtoevoeging,postcode,wplnaam,loctenopzichtevanadres,locoms,bladresregel1,bladresregel2,bladresregel3,bladresregel4,bladresregel5,bladresregel6,landgebied,indpersaangetroffenopadres,nadereaandverval) VALUES('6941','6014','19780611',null,'19780611',null,'6964',null,null,'1','2',null,'19780611',null,null,'347','Neude','Neude',null,'19',null,null,'3512AD','Utrecht',null,null,null,null,null,null,null,null,'229',null,null);
INSERT INTO kern.his_persadres (id,persadres,dataanvgel,dateindegel,tsreg,tsverval,actieinh,actieverval,actieaanpgel,srt,rdnwijz,aangadresh,dataanvadresh,identcodeadresseerbaarobject,identcodenraand,gem,nor,afgekortenor,gemdeel,huisnr,huisletter,huisnrtoevoeging,postcode,wplnaam,loctenopzichtevanadres,locoms,bladresregel1,bladresregel2,bladresregel3,bladresregel4,bladresregel5,bladresregel6,landgebied,indpersaangetroffenopadres,nadereaandverval) VALUES('6940','6015','20110425',null,'20110425',null,'6963',null,null,'1','1','3','20110425',null,null,'347','Vredenburg','Vredenburg',null,'3',null,null,'3511BA','Utrecht',null,null,null,null,null,null,null,null,'229',null,null);
INSERT INTO kern.his_persadres (id,persadres,dataanvgel,dateindegel,tsreg,tsverval,actieinh,actieverval,actieaanpgel,srt,rdnwijz,aangadresh,dataanvadresh,identcodeadresseerbaarobject,identcodenraand,gem,nor,afgekortenor,gemdeel,huisnr,huisletter,huisnrtoevoeging,postcode,wplnaam,loctenopzichtevanadres,locoms,bladresregel1,bladresregel2,bladresregel3,bladresregel4,bladresregel5,bladresregel6,landgebied,indpersaangetroffenopadres,nadereaandverval) VALUES('6939','6015','19880425','20110425','20110425',null,'6962',null,'6963','1','2',null,'19880425',null,null,'94','Franekervaart','Franekervaart',null,'22',null,null,'8602AA',null,null,null,null,null,null,null,null,null,'229',null,null);
INSERT INTO kern.his_persadres (id,persadres,dataanvgel,dateindegel,tsreg,tsverval,actieinh,actieverval,actieaanpgel,srt,rdnwijz,aangadresh,dataanvadresh,identcodeadresseerbaarobject,identcodenraand,gem,nor,afgekortenor,gemdeel,huisnr,huisletter,huisnrtoevoeging,postcode,wplnaam,loctenopzichtevanadres,locoms,bladresregel1,bladresregel2,bladresregel3,bladresregel4,bladresregel5,bladresregel6,landgebied,indpersaangetroffenopadres,nadereaandverval) VALUES('6938','6015','19880425',null,'19880425','20110425','6962','6963',null,'1','2',null,'19880425',null,null,'94','Franekervaart','Franekervaart',null,'22',null,null,'8602AA',null,null,null,null,null,null,null,null,null,'229',null,null);
INSERT INTO kern.his_persadres (id,persadres,dataanvgel,dateindegel,tsreg,tsverval,actieinh,actieverval,actieaanpgel,srt,rdnwijz,aangadresh,dataanvadresh,identcodeadresseerbaarobject,identcodenraand,gem,nor,afgekortenor,gemdeel,huisnr,huisletter,huisnrtoevoeging,postcode,wplnaam,loctenopzichtevanadres,locoms,bladresregel1,bladresregel2,bladresregel3,bladresregel4,bladresregel5,bladresregel6,landgebied,indpersaangetroffenopadres,nadereaandverval) VALUES('6937','6016','20100626',null,'20100626',null,'6961',null,null,'1','1','3','20100626',null,null,'347','Biltstraat','Biltstraat',null,'5',null,null,'3572AA','Utrecht',null,null,null,null,null,null,null,null,'229',null,null);
INSERT INTO kern.his_persadres (id,persadres,dataanvgel,dateindegel,tsreg,tsverval,actieinh,actieverval,actieaanpgel,srt,rdnwijz,aangadresh,dataanvadresh,identcodeadresseerbaarobject,identcodenraand,gem,nor,afgekortenor,gemdeel,huisnr,huisletter,huisnrtoevoeging,postcode,wplnaam,loctenopzichtevanadres,locoms,bladresregel1,bladresregel2,bladresregel3,bladresregel4,bladresregel5,bladresregel6,landgebied,indpersaangetroffenopadres,nadereaandverval) VALUES('6936','6016','19880425','20100626','20100626',null,'6960',null,'6961','1','1','3','19880425',null,null,'741','Raadhuisstraat','Raadhuisstraat',null,'1',null,null,'4266EB',null,null,null,null,null,null,null,null,null,'229',null,null);
INSERT INTO kern.his_persadres (id,persadres,dataanvgel,dateindegel,tsreg,tsverval,actieinh,actieverval,actieaanpgel,srt,rdnwijz,aangadresh,dataanvadresh,identcodeadresseerbaarobject,identcodenraand,gem,nor,afgekortenor,gemdeel,huisnr,huisletter,huisnrtoevoeging,postcode,wplnaam,loctenopzichtevanadres,locoms,bladresregel1,bladresregel2,bladresregel3,bladresregel4,bladresregel5,bladresregel6,landgebied,indpersaangetroffenopadres,nadereaandverval) VALUES('6935','6016','19880425',null,'19880425','20100626','6960','6961',null,'1','1','3','19880425',null,null,'741','Raadhuisstraat','Raadhuisstraat',null,'1',null,null,'4266EB',null,null,null,null,null,null,null,null,null,'229',null,null);
INSERT INTO kern.his_persadres (id,persadres,dataanvgel,dateindegel,tsreg,tsverval,actieinh,actieverval,actieaanpgel,srt,rdnwijz,aangadresh,dataanvadresh,identcodeadresseerbaarobject,identcodenraand,gem,nor,afgekortenor,gemdeel,huisnr,huisletter,huisnrtoevoeging,postcode,wplnaam,loctenopzichtevanadres,locoms,bladresregel1,bladresregel2,bladresregel3,bladresregel4,bladresregel5,bladresregel6,landgebied,indpersaangetroffenopadres,nadereaandverval) VALUES('6934','6016','18991210','19880425','19880425',null,'6959',null,'6960','1','2',null,'18991210',null,null,'521','Nieuwe Parklaan','Nieuwe Parklaan',null,'56',null,null,'2597LD',null,null,null,null,null,null,null,null,null,'229',null,null);
INSERT INTO kern.his_persadres (id,persadres,dataanvgel,dateindegel,tsreg,tsverval,actieinh,actieverval,actieaanpgel,srt,rdnwijz,aangadresh,dataanvadresh,identcodeadresseerbaarobject,identcodenraand,gem,nor,afgekortenor,gemdeel,huisnr,huisletter,huisnrtoevoeging,postcode,wplnaam,loctenopzichtevanadres,locoms,bladresregel1,bladresregel2,bladresregel3,bladresregel4,bladresregel5,bladresregel6,landgebied,indpersaangetroffenopadres,nadereaandverval) VALUES('6933','6016','18991210',null,'18991210','19880425','6959','6960',null,'1','2',null,'18991210',null,null,'521','Nieuwe Parklaan','Nieuwe Parklaan',null,'56',null,null,'2597LD',null,null,null,null,null,null,null,null,null,'229',null,null);
INSERT INTO kern.his_persadres (id,persadres,dataanvgel,dateindegel,tsreg,tsverval,actieinh,actieverval,actieaanpgel,srt,rdnwijz,aangadresh,dataanvadresh,identcodeadresseerbaarobject,identcodenraand,gem,nor,afgekortenor,gemdeel,huisnr,huisletter,huisnrtoevoeging,postcode,wplnaam,loctenopzichtevanadres,locoms,bladresregel1,bladresregel2,bladresregel3,bladresregel4,bladresregel5,bladresregel6,landgebied,indpersaangetroffenopadres,nadereaandverval) VALUES('6932','6017','20030327',null,'20030327',null,'6958',null,null,'1','1','3','20030327',null,null,'347','Biltstraat','Biltstraat',null,'152',null,null,'3572BM','Utrecht',null,null,null,null,null,null,null,null,'229',null,null);
INSERT INTO kern.his_persadres (id,persadres,dataanvgel,dateindegel,tsreg,tsverval,actieinh,actieverval,actieaanpgel,srt,rdnwijz,aangadresh,dataanvadresh,identcodeadresseerbaarobject,identcodenraand,gem,nor,afgekortenor,gemdeel,huisnr,huisletter,huisnrtoevoeging,postcode,wplnaam,loctenopzichtevanadres,locoms,bladresregel1,bladresregel2,bladresregel3,bladresregel4,bladresregel5,bladresregel6,landgebied,indpersaangetroffenopadres,nadereaandverval) VALUES('6931','6017','19820523','20030327','20030327',null,'6957',null,'6958','1','2',null,'19820523',null,null,'403','Anthonij Miechielsz van Voorthuijsenstraat','A M v Voorthuijsenstr',null,'66',null,null,'1785LG','Egmond-Binnen',null,null,null,null,null,null,null,null,'229',null,null);
INSERT INTO kern.his_persadres (id,persadres,dataanvgel,dateindegel,tsreg,tsverval,actieinh,actieverval,actieaanpgel,srt,rdnwijz,aangadresh,dataanvadresh,identcodeadresseerbaarobject,identcodenraand,gem,nor,afgekortenor,gemdeel,huisnr,huisletter,huisnrtoevoeging,postcode,wplnaam,loctenopzichtevanadres,locoms,bladresregel1,bladresregel2,bladresregel3,bladresregel4,bladresregel5,bladresregel6,landgebied,indpersaangetroffenopadres,nadereaandverval) VALUES('6930','6017','19820523',null,'19820523','20030327','6957','6958',null,'1','2',null,'19820523',null,null,'403','Anthonij Miechielsz van Voorthuijsenstraat','A M v Voorthuijsenstr',null,'66',null,null,'1785LG','Egmond-Binnen',null,null,null,null,null,null,null,null,'229',null,null);
INSERT INTO kern.his_persadres (id,persadres,dataanvgel,dateindegel,tsreg,tsverval,actieinh,actieverval,actieaanpgel,srt,rdnwijz,aangadresh,dataanvadresh,identcodeadresseerbaarobject,identcodenraand,gem,nor,afgekortenor,gemdeel,huisnr,huisletter,huisnrtoevoeging,postcode,wplnaam,loctenopzichtevanadres,locoms,bladresregel1,bladresregel2,bladresregel3,bladresregel4,bladresregel5,bladresregel6,landgebied,indpersaangetroffenopadres,nadereaandverval) VALUES('6929','6018','19911002',null,'19911002',null,'6956',null,null,'1','1','3','19911002',null,null,'347','Biltstraat','Biltstraat',null,'152',null,null,'3572BM','Utrecht',null,null,null,null,null,null,null,null,'229',null,null);
INSERT INTO kern.his_persadres (id,persadres,dataanvgel,dateindegel,tsreg,tsverval,actieinh,actieverval,actieaanpgel,srt,rdnwijz,aangadresh,dataanvadresh,identcodeadresseerbaarobject,identcodenraand,gem,nor,afgekortenor,gemdeel,huisnr,huisletter,huisnrtoevoeging,postcode,wplnaam,loctenopzichtevanadres,locoms,bladresregel1,bladresregel2,bladresregel3,bladresregel4,bladresregel5,bladresregel6,landgebied,indpersaangetroffenopadres,nadereaandverval) VALUES('6928','6018','19840411','19911002','19911002',null,'6955',null,'6956','1','2',null,'19840411',null,null,'508','Nieuwe Haven','Nieuwe Haven',null,'13',null,null,'3311AP','Alkmaar',null,null,null,null,null,null,null,null,'229',null,null);
INSERT INTO kern.his_persadres (id,persadres,dataanvgel,dateindegel,tsreg,tsverval,actieinh,actieverval,actieaanpgel,srt,rdnwijz,aangadresh,dataanvadresh,identcodeadresseerbaarobject,identcodenraand,gem,nor,afgekortenor,gemdeel,huisnr,huisletter,huisnrtoevoeging,postcode,wplnaam,loctenopzichtevanadres,locoms,bladresregel1,bladresregel2,bladresregel3,bladresregel4,bladresregel5,bladresregel6,landgebied,indpersaangetroffenopadres,nadereaandverval) VALUES('6927','6018','19840411',null,'19840411','19911002','6955','6956',null,'1','2',null,'19840411',null,null,'508','Nieuwe Haven','Nieuwe Haven',null,'13',null,null,'3311AP','Alkmaar',null,null,null,null,null,null,null,null,'229',null,null);
INSERT INTO kern.his_persadres (id,persadres,dataanvgel,dateindegel,tsreg,tsverval,actieinh,actieverval,actieaanpgel,srt,rdnwijz,aangadresh,dataanvadresh,identcodeadresseerbaarobject,identcodenraand,gem,nor,afgekortenor,gemdeel,huisnr,huisletter,huisnrtoevoeging,postcode,wplnaam,loctenopzichtevanadres,locoms,bladresregel1,bladresregel2,bladresregel3,bladresregel4,bladresregel5,bladresregel6,landgebied,indpersaangetroffenopadres,nadereaandverval) VALUES('6926','6019','19901111',null,'19901111',null,'6954',null,null,'1','1','3','19901111',null,null,'347','Biltstraat','Biltstraat',null,'172',null,null,'3572BP','Utrecht',null,null,null,null,null,null,null,null,'229',null,null);
INSERT INTO kern.his_persadres (id,persadres,dataanvgel,dateindegel,tsreg,tsverval,actieinh,actieverval,actieaanpgel,srt,rdnwijz,aangadresh,dataanvadresh,identcodeadresseerbaarobject,identcodenraand,gem,nor,afgekortenor,gemdeel,huisnr,huisletter,huisnrtoevoeging,postcode,wplnaam,loctenopzichtevanadres,locoms,bladresregel1,bladresregel2,bladresregel3,bladresregel4,bladresregel5,bladresregel6,landgebied,indpersaangetroffenopadres,nadereaandverval) VALUES('6925','6019','19741026','19901111','19901111',null,'6953',null,'6954','1','2',null,'19741026',null,null,'522','Marktplein','Marktplein',null,'18',null,null,'2691BV','Honselersdijk',null,null,null,null,null,null,null,null,'229',null,null);
INSERT INTO kern.his_persadres (id,persadres,dataanvgel,dateindegel,tsreg,tsverval,actieinh,actieverval,actieaanpgel,srt,rdnwijz,aangadresh,dataanvadresh,identcodeadresseerbaarobject,identcodenraand,gem,nor,afgekortenor,gemdeel,huisnr,huisletter,huisnrtoevoeging,postcode,wplnaam,loctenopzichtevanadres,locoms,bladresregel1,bladresregel2,bladresregel3,bladresregel4,bladresregel5,bladresregel6,landgebied,indpersaangetroffenopadres,nadereaandverval) VALUES('6924','6019','19741026',null,'19741026','19901111','6953','6954',null,'1','2',null,'19741026',null,null,'522','Marktplein','Marktplein',null,'18',null,null,'2691BV','Honselersdijk',null,null,null,null,null,null,null,null,'229',null,null);
INSERT INTO kern.his_persadres (id,persadres,dataanvgel,dateindegel,tsreg,tsverval,actieinh,actieverval,actieaanpgel,srt,rdnwijz,aangadresh,dataanvadresh,identcodeadresseerbaarobject,identcodenraand,gem,nor,afgekortenor,gemdeel,huisnr,huisletter,huisnrtoevoeging,postcode,wplnaam,loctenopzichtevanadres,locoms,bladresregel1,bladresregel2,bladresregel3,bladresregel4,bladresregel5,bladresregel6,landgebied,indpersaangetroffenopadres,nadereaandverval) VALUES('6923','6020','19820528',null,'19820528',null,'6948',null,null,'1','1','3','19820528',null,null,'347','Biltstraat','Biltstraat',null,'172',null,null,'3572BP','Utrecht',null,null,null,null,null,null,null,null,'229',null,null);
INSERT INTO kern.his_persadres (id,persadres,dataanvgel,dateindegel,tsreg,tsverval,actieinh,actieverval,actieaanpgel,srt,rdnwijz,aangadresh,dataanvadresh,identcodeadresseerbaarobject,identcodenraand,gem,nor,afgekortenor,gemdeel,huisnr,huisletter,huisnrtoevoeging,postcode,wplnaam,loctenopzichtevanadres,locoms,bladresregel1,bladresregel2,bladresregel3,bladresregel4,bladresregel5,bladresregel6,landgebied,indpersaangetroffenopadres,nadereaandverval) VALUES('6922','6020','19760103','19820528','19820528',null,'6949',null,'6948','1','2',null,'19760103',null,null,'403','Middenweg','Middenweg ',null,'159',null,null,'1782BE','Egmond-Binnen',null,null,null,null,null,null,null,null,'229',null,null);
INSERT INTO kern.his_persadres (id,persadres,dataanvgel,dateindegel,tsreg,tsverval,actieinh,actieverval,actieaanpgel,srt,rdnwijz,aangadresh,dataanvadresh,identcodeadresseerbaarobject,identcodenraand,gem,nor,afgekortenor,gemdeel,huisnr,huisletter,huisnrtoevoeging,postcode,wplnaam,loctenopzichtevanadres,locoms,bladresregel1,bladresregel2,bladresregel3,bladresregel4,bladresregel5,bladresregel6,landgebied,indpersaangetroffenopadres,nadereaandverval) VALUES('6921','6020','19760103',null,'19760103','19820528','6949','6948',null,'1','2',null,'19760103',null,null,'403','Middenweg','Middenweg ',null,'159',null,null,'1782BE','Egmond-Binnen',null,null,null,null,null,null,null,null,'229',null,null);
INSERT INTO kern.his_persadres (id,persadres,dataanvgel,dateindegel,tsreg,tsverval,actieinh,actieverval,actieaanpgel,srt,rdnwijz,aangadresh,dataanvadresh,identcodeadresseerbaarobject,identcodenraand,gem,nor,afgekortenor,gemdeel,huisnr,huisletter,huisnrtoevoeging,postcode,wplnaam,loctenopzichtevanadres,locoms,bladresregel1,bladresregel2,bladresregel3,bladresregel4,bladresregel5,bladresregel6,landgebied,indpersaangetroffenopadres,nadereaandverval) VALUES('6920','6021','20010328',null,'20010328',null,'6950',null,null,'1','1','3','20010328',null,null,'347','Vredenburg ','Vredenburg ',null,'81',null,null,'3511BD','Utrecht',null,null,null,null,null,null,null,null,'229',null,null);
INSERT INTO kern.his_persadres (id,persadres,dataanvgel,dateindegel,tsreg,tsverval,actieinh,actieverval,actieaanpgel,srt,rdnwijz,aangadresh,dataanvadresh,identcodeadresseerbaarobject,identcodenraand,gem,nor,afgekortenor,gemdeel,huisnr,huisletter,huisnrtoevoeging,postcode,wplnaam,loctenopzichtevanadres,locoms,bladresregel1,bladresregel2,bladresregel3,bladresregel4,bladresregel5,bladresregel6,landgebied,indpersaangetroffenopadres,nadereaandverval) VALUES('6919','6021','19920516','20010328','20010328',null,'6951',null,'6950','1','2',null,'19920516',null,null,'342','Molenstraat','Molenstraat',null,'27',null,null,'3927AB','Delft',null,null,null,null,null,null,null,null,'229',null,null);
INSERT INTO kern.his_persadres (id,persadres,dataanvgel,dateindegel,tsreg,tsverval,actieinh,actieverval,actieaanpgel,srt,rdnwijz,aangadresh,dataanvadresh,identcodeadresseerbaarobject,identcodenraand,gem,nor,afgekortenor,gemdeel,huisnr,huisletter,huisnrtoevoeging,postcode,wplnaam,loctenopzichtevanadres,locoms,bladresregel1,bladresregel2,bladresregel3,bladresregel4,bladresregel5,bladresregel6,landgebied,indpersaangetroffenopadres,nadereaandverval) VALUES('6918','6021','19920516',null,'19920516','20010328','6951','6950',null,'1','2',null,'19920516',null,null,'342','Molenstraat','Molenstraat',null,'27',null,null,'3927AB','Delft',null,null,null,null,null,null,null,null,'229',null,null);
INSERT INTO kern.his_persadres (id,persadres,dataanvgel,dateindegel,tsreg,tsverval,actieinh,actieverval,actieaanpgel,srt,rdnwijz,aangadresh,dataanvadresh,identcodeadresseerbaarobject,identcodenraand,gem,nor,afgekortenor,gemdeel,huisnr,huisletter,huisnrtoevoeging,postcode,wplnaam,loctenopzichtevanadres,locoms,bladresregel1,bladresregel2,bladresregel3,bladresregel4,bladresregel5,bladresregel6,landgebied,indpersaangetroffenopadres,nadereaandverval) VALUES('6917','6022','20101002',null,'20101002',null,'6952',null,null,'1','1','3','20101002',null,null,'347','Biltstraat','Biltstraat',null,'119',null,null,'3572AP','Utrecht',null,null,null,null,null,null,null,null,'229',null,null);
INSERT INTO kern.his_persadres (id,persadres,dataanvgel,dateindegel,tsreg,tsverval,actieinh,actieverval,actieaanpgel,srt,rdnwijz,aangadresh,dataanvadresh,identcodeadresseerbaarobject,identcodenraand,gem,nor,afgekortenor,gemdeel,huisnr,huisletter,huisnrtoevoeging,postcode,wplnaam,loctenopzichtevanadres,locoms,bladresregel1,bladresregel2,bladresregel3,bladresregel4,bladresregel5,bladresregel6,landgebied,indpersaangetroffenopadres,nadereaandverval) VALUES('6916','6022','19951110','20101002','20101002',null,'6947',null,'6952','1','2',null,'19951110',null,null,'508','Nieuwe Haven','Nieuwe Haven',null,'29',null,null,'3311AP','Alkmaar',null,null,null,null,null,null,null,null,'229',null,null);
INSERT INTO kern.his_persadres (id,persadres,dataanvgel,dateindegel,tsreg,tsverval,actieinh,actieverval,actieaanpgel,srt,rdnwijz,aangadresh,dataanvadresh,identcodeadresseerbaarobject,identcodenraand,gem,nor,afgekortenor,gemdeel,huisnr,huisletter,huisnrtoevoeging,postcode,wplnaam,loctenopzichtevanadres,locoms,bladresregel1,bladresregel2,bladresregel3,bladresregel4,bladresregel5,bladresregel6,landgebied,indpersaangetroffenopadres,nadereaandverval) VALUES('6915','6022','19951110',null,'19951110','20101002','6947','6952',null,'1','2',null,'19951110',null,null,'508','Nieuwe Haven','Nieuwe Haven',null,'29',null,null,'3311AP','Alkmaar',null,null,null,null,null,null,null,null,'229',null,null);
INSERT INTO kern.his_persadres (id,persadres,dataanvgel,dateindegel,tsreg,tsverval,actieinh,actieverval,actieaanpgel,srt,rdnwijz,aangadresh,dataanvadresh,identcodeadresseerbaarobject,identcodenraand,gem,nor,afgekortenor,gemdeel,huisnr,huisletter,huisnrtoevoeging,postcode,wplnaam,loctenopzichtevanadres,locoms,bladresregel1,bladresregel2,bladresregel3,bladresregel4,bladresregel5,bladresregel6,landgebied,indpersaangetroffenopadres,nadereaandverval) VALUES('6914','6023','19970605',null,'19970605',null,'6946',null,null,'1','1','3','19970605',null,null,'347','Vredenburg ','Vredenburg ',null,'83',null,null,'3511BD','Utrecht',null,null,null,null,null,null,null,null,'229',null,null);
INSERT INTO kern.his_persadres (id,persadres,dataanvgel,dateindegel,tsreg,tsverval,actieinh,actieverval,actieaanpgel,srt,rdnwijz,aangadresh,dataanvadresh,identcodeadresseerbaarobject,identcodenraand,gem,nor,afgekortenor,gemdeel,huisnr,huisletter,huisnrtoevoeging,postcode,wplnaam,loctenopzichtevanadres,locoms,bladresregel1,bladresregel2,bladresregel3,bladresregel4,bladresregel5,bladresregel6,landgebied,indpersaangetroffenopadres,nadereaandverval) VALUES('6913','6023','19680310','19970605','19970605',null,'6945',null,'6946','1','2',null,'19680310',null,null,'403','Anthonij Miechielsz van Voorthuijsenstraat','A M v Voorthuijsenstr',null,'66',null,null,'1785LG','Egmond-Binnen',null,null,null,null,null,null,null,null,'229',null,null);
INSERT INTO kern.his_persadres (id,persadres,dataanvgel,dateindegel,tsreg,tsverval,actieinh,actieverval,actieaanpgel,srt,rdnwijz,aangadresh,dataanvadresh,identcodeadresseerbaarobject,identcodenraand,gem,nor,afgekortenor,gemdeel,huisnr,huisletter,huisnrtoevoeging,postcode,wplnaam,loctenopzichtevanadres,locoms,bladresregel1,bladresregel2,bladresregel3,bladresregel4,bladresregel5,bladresregel6,landgebied,indpersaangetroffenopadres,nadereaandverval) VALUES('6912','6023','19680310',null,'19680310','19970605','6945','6946',null,'1','2',null,'19680310',null,null,'403','Anthonij Miechielsz van Voorthuijsenstraat','A M v Voorthuijsenstr',null,'66',null,null,'1785LG','Egmond-Binnen',null,null,null,null,null,null,null,null,'229',null,null);
INSERT INTO kern.his_persadres (id,persadres,dataanvgel,dateindegel,tsreg,tsverval,actieinh,actieverval,actieaanpgel,srt,rdnwijz,aangadresh,dataanvadresh,identcodeadresseerbaarobject,identcodenraand,gem,nor,afgekortenor,gemdeel,huisnr,huisletter,huisnrtoevoeging,postcode,wplnaam,loctenopzichtevanadres,locoms,bladresregel1,bladresregel2,bladresregel3,bladresregel4,bladresregel5,bladresregel6,landgebied,indpersaangetroffenopadres,nadereaandverval) VALUES('6911','6024','19790928',null,'19790928',null,'6944',null,null,'1','1','3','19790928',null,null,'347','Biltstraat','Biltstraat',null,'121',null,null,'3572AP','Utrecht',null,null,null,null,null,null,null,null,'229',null,null);
INSERT INTO kern.his_persadres (id,persadres,dataanvgel,dateindegel,tsreg,tsverval,actieinh,actieverval,actieaanpgel,srt,rdnwijz,aangadresh,dataanvadresh,identcodeadresseerbaarobject,identcodenraand,gem,nor,afgekortenor,gemdeel,huisnr,huisletter,huisnrtoevoeging,postcode,wplnaam,loctenopzichtevanadres,locoms,bladresregel1,bladresregel2,bladresregel3,bladresregel4,bladresregel5,bladresregel6,landgebied,indpersaangetroffenopadres,nadereaandverval) VALUES('6910','6024','19770401','19790928','19790928',null,'6943',null,'6944','1','2',null,'19770401',null,null,'366','Bonairestraat','Bonairestraat',null,'23',null,null,'1058XC','Amsterdam',null,null,null,null,null,null,null,null,'229',null,null);
INSERT INTO kern.his_persadres (id,persadres,dataanvgel,dateindegel,tsreg,tsverval,actieinh,actieverval,actieaanpgel,srt,rdnwijz,aangadresh,dataanvadresh,identcodeadresseerbaarobject,identcodenraand,gem,nor,afgekortenor,gemdeel,huisnr,huisletter,huisnrtoevoeging,postcode,wplnaam,loctenopzichtevanadres,locoms,bladresregel1,bladresregel2,bladresregel3,bladresregel4,bladresregel5,bladresregel6,landgebied,indpersaangetroffenopadres,nadereaandverval) VALUES('6909','6024','19770401',null,'19770401','19790928','6943','6944',null,'1','2',null,'19770401',null,null,'366','Bonairestraat','Bonairestraat',null,'23',null,null,'1058XC','Amsterdam',null,null,null,null,null,null,null,null,'229',null,null);
INSERT INTO kern.his_persadres (id,persadres,dataanvgel,dateindegel,tsreg,tsverval,actieinh,actieverval,actieaanpgel,srt,rdnwijz,aangadresh,dataanvadresh,identcodeadresseerbaarobject,identcodenraand,gem,nor,afgekortenor,gemdeel,huisnr,huisletter,huisnrtoevoeging,postcode,wplnaam,loctenopzichtevanadres,locoms,bladresregel1,bladresregel2,bladresregel3,bladresregel4,bladresregel5,bladresregel6,landgebied,indpersaangetroffenopadres,nadereaandverval) VALUES('6908','6025','19950929',null,'19950929',null,'6942',null,null,'1','1','3','19950929',null,null,'347','Vredenburg ','Vredenburg ',null,'42',null,null,'3511BD','Utrecht',null,null,null,null,null,null,null,null,'229',null,null);
INSERT INTO kern.his_persadres (id,persadres,dataanvgel,dateindegel,tsreg,tsverval,actieinh,actieverval,actieaanpgel,srt,rdnwijz,aangadresh,dataanvadresh,identcodeadresseerbaarobject,identcodenraand,gem,nor,afgekortenor,gemdeel,huisnr,huisletter,huisnrtoevoeging,postcode,wplnaam,loctenopzichtevanadres,locoms,bladresregel1,bladresregel2,bladresregel3,bladresregel4,bladresregel5,bladresregel6,landgebied,indpersaangetroffenopadres,nadereaandverval) VALUES('6907','6025','19880611','19950929','19950929',null,'6941',null,'6942','1','2',null,'19880611',null,null,'366','Bonairestraat','Bonairestraat',null,'37',null,null,'1058XC','Amsterdam',null,null,null,null,null,null,null,null,'229',null,null);
INSERT INTO kern.his_persadres (id,persadres,dataanvgel,dateindegel,tsreg,tsverval,actieinh,actieverval,actieaanpgel,srt,rdnwijz,aangadresh,dataanvadresh,identcodeadresseerbaarobject,identcodenraand,gem,nor,afgekortenor,gemdeel,huisnr,huisletter,huisnrtoevoeging,postcode,wplnaam,loctenopzichtevanadres,locoms,bladresregel1,bladresregel2,bladresregel3,bladresregel4,bladresregel5,bladresregel6,landgebied,indpersaangetroffenopadres,nadereaandverval) VALUES('6906','6025','19880611',null,'19880611','19950929','6941','6942',null,'1','2',null,'19880611',null,null,'366','Bonairestraat','Bonairestraat',null,'37',null,null,'1058XC','Amsterdam',null,null,null,null,null,null,null,null,'229',null,null);
INSERT INTO kern.his_persadres (id,persadres,dataanvgel,dateindegel,tsreg,tsverval,actieinh,actieverval,actieaanpgel,srt,rdnwijz,aangadresh,dataanvadresh,identcodeadresseerbaarobject,identcodenraand,gem,nor,afgekortenor,gemdeel,huisnr,huisletter,huisnrtoevoeging,postcode,wplnaam,loctenopzichtevanadres,locoms,bladresregel1,bladresregel2,bladresregel3,bladresregel4,bladresregel5,bladresregel6,landgebied,indpersaangetroffenopadres,nadereaandverval) VALUES('6905','6026','20000101',null,'20000101',null,'6940',null,null,'1','1','3','20000101',null,null,'347','Biltstraat','Biltstraat',null,'115',null,null,'3572AP','Utrecht',null,null,null,null,null,null,null,null,'229',null,null);
INSERT INTO kern.his_persadres (id,persadres,dataanvgel,dateindegel,tsreg,tsverval,actieinh,actieverval,actieaanpgel,srt,rdnwijz,aangadresh,dataanvadresh,identcodeadresseerbaarobject,identcodenraand,gem,nor,afgekortenor,gemdeel,huisnr,huisletter,huisnrtoevoeging,postcode,wplnaam,loctenopzichtevanadres,locoms,bladresregel1,bladresregel2,bladresregel3,bladresregel4,bladresregel5,bladresregel6,landgebied,indpersaangetroffenopadres,nadereaandverval) VALUES('6904','6026','19910721','20000101','20000101',null,'6939',null,'6940','1','2',null,'19910721',null,null,'506','Markt','Markt',null,'80',null,null,'2611GW','Scherpenzeel',null,null,null,null,null,null,null,null,'229',null,null);
INSERT INTO kern.his_persadres (id,persadres,dataanvgel,dateindegel,tsreg,tsverval,actieinh,actieverval,actieaanpgel,srt,rdnwijz,aangadresh,dataanvadresh,identcodeadresseerbaarobject,identcodenraand,gem,nor,afgekortenor,gemdeel,huisnr,huisletter,huisnrtoevoeging,postcode,wplnaam,loctenopzichtevanadres,locoms,bladresregel1,bladresregel2,bladresregel3,bladresregel4,bladresregel5,bladresregel6,landgebied,indpersaangetroffenopadres,nadereaandverval) VALUES('6903','6026','19910721',null,'19910721','20000101','6939','6940',null,'1','2',null,'19910721',null,null,'506','Markt','Markt',null,'80',null,null,'2611GW','Scherpenzeel',null,null,null,null,null,null,null,null,'229',null,null);
INSERT INTO kern.his_persadres (id,persadres,dataanvgel,dateindegel,tsreg,tsverval,actieinh,actieverval,actieaanpgel,srt,rdnwijz,aangadresh,dataanvadresh,identcodeadresseerbaarobject,identcodenraand,gem,nor,afgekortenor,gemdeel,huisnr,huisletter,huisnrtoevoeging,postcode,wplnaam,loctenopzichtevanadres,locoms,bladresregel1,bladresregel2,bladresregel3,bladresregel4,bladresregel5,bladresregel6,landgebied,indpersaangetroffenopadres,nadereaandverval) VALUES('6902','6027','20031024',null,'20031024',null,'6938',null,null,'1','1','3','20031024',null,null,'347','Biltstraat','Biltstraat',null,'117',null,null,'3572AP','Utrecht',null,null,null,null,null,null,null,null,'229',null,null);
INSERT INTO kern.his_persadres (id,persadres,dataanvgel,dateindegel,tsreg,tsverval,actieinh,actieverval,actieaanpgel,srt,rdnwijz,aangadresh,dataanvadresh,identcodeadresseerbaarobject,identcodenraand,gem,nor,afgekortenor,gemdeel,huisnr,huisletter,huisnrtoevoeging,postcode,wplnaam,loctenopzichtevanadres,locoms,bladresregel1,bladresregel2,bladresregel3,bladresregel4,bladresregel5,bladresregel6,landgebied,indpersaangetroffenopadres,nadereaandverval) VALUES('6901','6027','19910911','20031024','20031024',null,'6937',null,'6938','1','2',null,'19910911',null,null,'1415','Rafaëlweg','Rafaëlweg',null,'8',null,null,'6114BZ','Koningsbosch',null,null,null,null,null,null,null,null,'229',null,null);
INSERT INTO kern.his_persadres (id,persadres,dataanvgel,dateindegel,tsreg,tsverval,actieinh,actieverval,actieaanpgel,srt,rdnwijz,aangadresh,dataanvadresh,identcodeadresseerbaarobject,identcodenraand,gem,nor,afgekortenor,gemdeel,huisnr,huisletter,huisnrtoevoeging,postcode,wplnaam,loctenopzichtevanadres,locoms,bladresregel1,bladresregel2,bladresregel3,bladresregel4,bladresregel5,bladresregel6,landgebied,indpersaangetroffenopadres,nadereaandverval) VALUES('6900','6027','19910911',null,'19910911','20031024','6937','6938',null,'1','2',null,'19910911',null,null,'1415','Rafaëlweg','Rafaëlweg',null,'8',null,null,'6114BZ','Koningsbosch',null,null,null,null,null,null,null,null,'229',null,null);
INSERT INTO kern.his_persadres (id,persadres,dataanvgel,dateindegel,tsreg,tsverval,actieinh,actieverval,actieaanpgel,srt,rdnwijz,aangadresh,dataanvadresh,identcodeadresseerbaarobject,identcodenraand,gem,nor,afgekortenor,gemdeel,huisnr,huisletter,huisnrtoevoeging,postcode,wplnaam,loctenopzichtevanadres,locoms,bladresregel1,bladresregel2,bladresregel3,bladresregel4,bladresregel5,bladresregel6,landgebied,indpersaangetroffenopadres,nadereaandverval) VALUES('6899','6028','19990616',null,'19990616',null,'6936',null,null,'1','1','3','19990616',null,null,'347','Biltstraat','Biltstraat',null,'117',null,null,'3572AP','Utrecht',null,null,null,null,null,null,null,null,'229',null,null);
INSERT INTO kern.his_persadres (id,persadres,dataanvgel,dateindegel,tsreg,tsverval,actieinh,actieverval,actieaanpgel,srt,rdnwijz,aangadresh,dataanvadresh,identcodeadresseerbaarobject,identcodenraand,gem,nor,afgekortenor,gemdeel,huisnr,huisletter,huisnrtoevoeging,postcode,wplnaam,loctenopzichtevanadres,locoms,bladresregel1,bladresregel2,bladresregel3,bladresregel4,bladresregel5,bladresregel6,landgebied,indpersaangetroffenopadres,nadereaandverval) VALUES('6898','6028','19900722','19990616','19990616',null,'6935',null,'6936','1','2',null,'19900722',null,null,'977','Marktstraat ','Marktstraat',null,'16',null,null,'6114HS','Koningsbosch',null,null,null,null,null,null,null,null,'229',null,null);
INSERT INTO kern.his_persadres (id,persadres,dataanvgel,dateindegel,tsreg,tsverval,actieinh,actieverval,actieaanpgel,srt,rdnwijz,aangadresh,dataanvadresh,identcodeadresseerbaarobject,identcodenraand,gem,nor,afgekortenor,gemdeel,huisnr,huisletter,huisnrtoevoeging,postcode,wplnaam,loctenopzichtevanadres,locoms,bladresregel1,bladresregel2,bladresregel3,bladresregel4,bladresregel5,bladresregel6,landgebied,indpersaangetroffenopadres,nadereaandverval) VALUES('6897','6028','19900722',null,'19900722','19990616','6935','6936',null,'1','2',null,'19900722',null,null,'977','Marktstraat ','Marktstraat',null,'16',null,null,'6114HS','Koningsbosch',null,null,null,null,null,null,null,null,'229',null,null);
INSERT INTO kern.his_persadres (id,persadres,dataanvgel,dateindegel,tsreg,tsverval,actieinh,actieverval,actieaanpgel,srt,rdnwijz,aangadresh,dataanvadresh,identcodeadresseerbaarobject,identcodenraand,gem,nor,afgekortenor,gemdeel,huisnr,huisletter,huisnrtoevoeging,postcode,wplnaam,loctenopzichtevanadres,locoms,bladresregel1,bladresregel2,bladresregel3,bladresregel4,bladresregel5,bladresregel6,landgebied,indpersaangetroffenopadres,nadereaandverval) VALUES('6896','6030','20120620',null,'20120620',null,'6934',null,null,'1','1','3','20120620',null,null,'347','Biltstraat','Biltstraat',null,'95',null,null,'3572AL','Utrecht',null,null,null,null,null,null,null,null,'229',null,null);
INSERT INTO kern.his_persadres (id,persadres,dataanvgel,dateindegel,tsreg,tsverval,actieinh,actieverval,actieaanpgel,srt,rdnwijz,aangadresh,dataanvadresh,identcodeadresseerbaarobject,identcodenraand,gem,nor,afgekortenor,gemdeel,huisnr,huisletter,huisnrtoevoeging,postcode,wplnaam,loctenopzichtevanadres,locoms,bladresregel1,bladresregel2,bladresregel3,bladresregel4,bladresregel5,bladresregel6,landgebied,indpersaangetroffenopadres,nadereaandverval) VALUES('6895','6030','20091201','20120620','20120620',null,'6933',null,'6934','1','1','3','20091201',null,null,'347','Neude','Neude',null,'30',null,null,'3512AG','Utrecht',null,null,null,null,null,null,null,null,'229',null,null);
INSERT INTO kern.his_persadres (id,persadres,dataanvgel,dateindegel,tsreg,tsverval,actieinh,actieverval,actieaanpgel,srt,rdnwijz,aangadresh,dataanvadresh,identcodeadresseerbaarobject,identcodenraand,gem,nor,afgekortenor,gemdeel,huisnr,huisletter,huisnrtoevoeging,postcode,wplnaam,loctenopzichtevanadres,locoms,bladresregel1,bladresregel2,bladresregel3,bladresregel4,bladresregel5,bladresregel6,landgebied,indpersaangetroffenopadres,nadereaandverval) VALUES('6894','6030','20091201',null,'20091201','20120620','6933','6934',null,'1','1','3','20091201',null,null,'347','Neude','Neude',null,'30',null,null,'3512AG','Utrecht',null,null,null,null,null,null,null,null,'229',null,null);
INSERT INTO kern.his_persadres (id,persadres,dataanvgel,dateindegel,tsreg,tsverval,actieinh,actieverval,actieaanpgel,srt,rdnwijz,aangadresh,dataanvadresh,identcodeadresseerbaarobject,identcodenraand,gem,nor,afgekortenor,gemdeel,huisnr,huisletter,huisnrtoevoeging,postcode,wplnaam,loctenopzichtevanadres,locoms,bladresregel1,bladresregel2,bladresregel3,bladresregel4,bladresregel5,bladresregel6,landgebied,indpersaangetroffenopadres,nadereaandverval) VALUES('6893','6030','20060201','20091201','20091201',null,'6932',null,'6933','1','1','3','20060201',null,null,'347','Vredenburg ','Vredenburg ',null,'112',null,null,'3511BE','Utrecht',null,null,null,null,null,null,null,null,'229',null,null);
INSERT INTO kern.his_persadres (id,persadres,dataanvgel,dateindegel,tsreg,tsverval,actieinh,actieverval,actieaanpgel,srt,rdnwijz,aangadresh,dataanvadresh,identcodeadresseerbaarobject,identcodenraand,gem,nor,afgekortenor,gemdeel,huisnr,huisletter,huisnrtoevoeging,postcode,wplnaam,loctenopzichtevanadres,locoms,bladresregel1,bladresregel2,bladresregel3,bladresregel4,bladresregel5,bladresregel6,landgebied,indpersaangetroffenopadres,nadereaandverval) VALUES('6892','6030','20060201',null,'20060201','20091201','6932','6933',null,'1','1','3','20060201',null,null,'347','Vredenburg ','Vredenburg ',null,'112',null,null,'3511BE','Utrecht',null,null,null,null,null,null,null,null,'229',null,null);
INSERT INTO kern.his_persadres (id,persadres,dataanvgel,dateindegel,tsreg,tsverval,actieinh,actieverval,actieaanpgel,srt,rdnwijz,aangadresh,dataanvadresh,identcodeadresseerbaarobject,identcodenraand,gem,nor,afgekortenor,gemdeel,huisnr,huisletter,huisnrtoevoeging,postcode,wplnaam,loctenopzichtevanadres,locoms,bladresregel1,bladresregel2,bladresregel3,bladresregel4,bladresregel5,bladresregel6,landgebied,indpersaangetroffenopadres,nadereaandverval) VALUES('6891','6030','19220419','20060201','20060201',null,'6931',null,'6932','1','2',null,'19220419',null,null,'1239','Zuidweg','Zuidweg',null,'8',null,null,'4316AA','Ouwerkerk',null,null,null,null,null,null,null,null,'229',null,null);
INSERT INTO kern.his_persadres (id,persadres,dataanvgel,dateindegel,tsreg,tsverval,actieinh,actieverval,actieaanpgel,srt,rdnwijz,aangadresh,dataanvadresh,identcodeadresseerbaarobject,identcodenraand,gem,nor,afgekortenor,gemdeel,huisnr,huisletter,huisnrtoevoeging,postcode,wplnaam,loctenopzichtevanadres,locoms,bladresregel1,bladresregel2,bladresregel3,bladresregel4,bladresregel5,bladresregel6,landgebied,indpersaangetroffenopadres,nadereaandverval) VALUES('6890','6030','19220419',null,'19220419','20060201','6931','6932',null,'1','2',null,'19220419',null,null,'1239','Zuidweg','Zuidweg',null,'8',null,null,'4316AA','Ouwerkerk',null,null,null,null,null,null,null,null,'229',null,null);
INSERT INTO kern.his_persadres (id,persadres,dataanvgel,dateindegel,tsreg,tsverval,actieinh,actieverval,actieaanpgel,srt,rdnwijz,aangadresh,dataanvadresh,identcodeadresseerbaarobject,identcodenraand,gem,nor,afgekortenor,gemdeel,huisnr,huisletter,huisnrtoevoeging,postcode,wplnaam,loctenopzichtevanadres,locoms,bladresregel1,bladresregel2,bladresregel3,bladresregel4,bladresregel5,bladresregel6,landgebied,indpersaangetroffenopadres,nadereaandverval) VALUES('6889','6031','20120306',null,'20120306',null,'6930',null,null,'1','1','3','20120306',null,null,'347','Vredenburg ','Vredenburg ',null,'114',null,null,'3511BE','Smalle Ee',null,null,null,null,null,null,null,null,'229',null,null);
INSERT INTO kern.his_persadres (id,persadres,dataanvgel,dateindegel,tsreg,tsverval,actieinh,actieverval,actieaanpgel,srt,rdnwijz,aangadresh,dataanvadresh,identcodeadresseerbaarobject,identcodenraand,gem,nor,afgekortenor,gemdeel,huisnr,huisletter,huisnrtoevoeging,postcode,wplnaam,loctenopzichtevanadres,locoms,bladresregel1,bladresregel2,bladresregel3,bladresregel4,bladresregel5,bladresregel6,landgebied,indpersaangetroffenopadres,nadereaandverval) VALUES('6888','6031','20010926','20120306','20120306',null,'6929',null,'6930','1','1','3','20010926',null,null,'347','Biltstraat','Biltstraat',null,'97',null,null,'3572AM','Utrecht',null,null,null,null,null,null,null,null,'229',null,null);
INSERT INTO kern.his_persadres (id,persadres,dataanvgel,dateindegel,tsreg,tsverval,actieinh,actieverval,actieaanpgel,srt,rdnwijz,aangadresh,dataanvadresh,identcodeadresseerbaarobject,identcodenraand,gem,nor,afgekortenor,gemdeel,huisnr,huisletter,huisnrtoevoeging,postcode,wplnaam,loctenopzichtevanadres,locoms,bladresregel1,bladresregel2,bladresregel3,bladresregel4,bladresregel5,bladresregel6,landgebied,indpersaangetroffenopadres,nadereaandverval) VALUES('6887','6031','20010926',null,'20010926','20120306','6929','6930',null,'1','1','3','20010926',null,null,'347','Biltstraat','Biltstraat',null,'97',null,null,'3572AM','Utrecht',null,null,null,null,null,null,null,null,'229',null,null);
INSERT INTO kern.his_persadres (id,persadres,dataanvgel,dateindegel,tsreg,tsverval,actieinh,actieverval,actieaanpgel,srt,rdnwijz,aangadresh,dataanvadresh,identcodeadresseerbaarobject,identcodenraand,gem,nor,afgekortenor,gemdeel,huisnr,huisletter,huisnrtoevoeging,postcode,wplnaam,loctenopzichtevanadres,locoms,bladresregel1,bladresregel2,bladresregel3,bladresregel4,bladresregel5,bladresregel6,landgebied,indpersaangetroffenopadres,nadereaandverval) VALUES('6886','6031','20000827','20010926','20010926',null,'6928',null,'6929','1','1','3','20000827',null,null,'347','Neude','Neude',null,'32',null,null,'3512AG','Utrecht',null,null,null,null,null,null,null,null,'229',null,null);
INSERT INTO kern.his_persadres (id,persadres,dataanvgel,dateindegel,tsreg,tsverval,actieinh,actieverval,actieaanpgel,srt,rdnwijz,aangadresh,dataanvadresh,identcodeadresseerbaarobject,identcodenraand,gem,nor,afgekortenor,gemdeel,huisnr,huisletter,huisnrtoevoeging,postcode,wplnaam,loctenopzichtevanadres,locoms,bladresregel1,bladresregel2,bladresregel3,bladresregel4,bladresregel5,bladresregel6,landgebied,indpersaangetroffenopadres,nadereaandverval) VALUES('6885','6031','20000827',null,'20000827','20010926','6928','6929',null,'1','1','3','20000827',null,null,'347','Neude','Neude',null,'32',null,null,'3512AG','Utrecht',null,null,null,null,null,null,null,null,'229',null,null);
INSERT INTO kern.his_persadres (id,persadres,dataanvgel,dateindegel,tsreg,tsverval,actieinh,actieverval,actieaanpgel,srt,rdnwijz,aangadresh,dataanvadresh,identcodeadresseerbaarobject,identcodenraand,gem,nor,afgekortenor,gemdeel,huisnr,huisletter,huisnrtoevoeging,postcode,wplnaam,loctenopzichtevanadres,locoms,bladresregel1,bladresregel2,bladresregel3,bladresregel4,bladresregel5,bladresregel6,landgebied,indpersaangetroffenopadres,nadereaandverval) VALUES('6884','6031','19920219','20000827','20000827',null,'6927',null,'6928','1','2',null,'19920219',null,null,'977','Marktstraat ','Marktstraat',null,'16',null,null,'6114HS','Koningsbosch',null,null,null,null,null,null,null,null,'229',null,null);
INSERT INTO kern.his_persadres (id,persadres,dataanvgel,dateindegel,tsreg,tsverval,actieinh,actieverval,actieaanpgel,srt,rdnwijz,aangadresh,dataanvadresh,identcodeadresseerbaarobject,identcodenraand,gem,nor,afgekortenor,gemdeel,huisnr,huisletter,huisnrtoevoeging,postcode,wplnaam,loctenopzichtevanadres,locoms,bladresregel1,bladresregel2,bladresregel3,bladresregel4,bladresregel5,bladresregel6,landgebied,indpersaangetroffenopadres,nadereaandverval) VALUES('6883','6031','19920219',null,'19920219','20000827','6927','6928',null,'1','2',null,'19920219',null,null,'977','Marktstraat ','Marktstraat',null,'16',null,null,'6114HS','Koningsbosch',null,null,null,null,null,null,null,null,'229',null,null);
INSERT INTO kern.his_persadres (id,persadres,dataanvgel,dateindegel,tsreg,tsverval,actieinh,actieverval,actieaanpgel,srt,rdnwijz,aangadresh,dataanvadresh,identcodeadresseerbaarobject,identcodenraand,gem,nor,afgekortenor,gemdeel,huisnr,huisletter,huisnrtoevoeging,postcode,wplnaam,loctenopzichtevanadres,locoms,bladresregel1,bladresregel2,bladresregel3,bladresregel4,bladresregel5,bladresregel6,landgebied,indpersaangetroffenopadres,nadereaandverval) VALUES('6882','6032','20120621',null,'20120621',null,'6926',null,null,'1','1','3','20120621',null,null,'347','Neude','Neude',null,'34',null,null,'3512AG','Utrecht',null,null,null,null,null,null,null,null,'229',null,null);
INSERT INTO kern.his_persadres (id,persadres,dataanvgel,dateindegel,tsreg,tsverval,actieinh,actieverval,actieaanpgel,srt,rdnwijz,aangadresh,dataanvadresh,identcodeadresseerbaarobject,identcodenraand,gem,nor,afgekortenor,gemdeel,huisnr,huisletter,huisnrtoevoeging,postcode,wplnaam,loctenopzichtevanadres,locoms,bladresregel1,bladresregel2,bladresregel3,bladresregel4,bladresregel5,bladresregel6,landgebied,indpersaangetroffenopadres,nadereaandverval) VALUES('6881','6032','20010301','20120621','20120621',null,'6925',null,'6926','1','1','3','20010301',null,null,'347','Vredenburg ','Vredenburg ',null,'116',null,null,'3511BE','Utrecht',null,null,null,null,null,null,null,null,'229',null,null);
INSERT INTO kern.his_persadres (id,persadres,dataanvgel,dateindegel,tsreg,tsverval,actieinh,actieverval,actieaanpgel,srt,rdnwijz,aangadresh,dataanvadresh,identcodeadresseerbaarobject,identcodenraand,gem,nor,afgekortenor,gemdeel,huisnr,huisletter,huisnrtoevoeging,postcode,wplnaam,loctenopzichtevanadres,locoms,bladresregel1,bladresregel2,bladresregel3,bladresregel4,bladresregel5,bladresregel6,landgebied,indpersaangetroffenopadres,nadereaandverval) VALUES('6880','6032','20010301',null,'20010301','20120621','6925','6926',null,'1','1','3','20010301',null,null,'347','Vredenburg ','Vredenburg ',null,'116',null,null,'3511BE','Utrecht',null,null,null,null,null,null,null,null,'229',null,null);
INSERT INTO kern.his_persadres (id,persadres,dataanvgel,dateindegel,tsreg,tsverval,actieinh,actieverval,actieaanpgel,srt,rdnwijz,aangadresh,dataanvadresh,identcodeadresseerbaarobject,identcodenraand,gem,nor,afgekortenor,gemdeel,huisnr,huisletter,huisnrtoevoeging,postcode,wplnaam,loctenopzichtevanadres,locoms,bladresregel1,bladresregel2,bladresregel3,bladresregel4,bladresregel5,bladresregel6,landgebied,indpersaangetroffenopadres,nadereaandverval) VALUES('6879','6032','19670601','20010301','20010301',null,'6924',null,'6925','1','1','3','19670601',null,null,'347','Biltstraat','Biltstraat',null,'99',null,null,'3572AM','Utrecht',null,null,null,null,null,null,null,null,'229',null,null);
INSERT INTO kern.his_persadres (id,persadres,dataanvgel,dateindegel,tsreg,tsverval,actieinh,actieverval,actieaanpgel,srt,rdnwijz,aangadresh,dataanvadresh,identcodeadresseerbaarobject,identcodenraand,gem,nor,afgekortenor,gemdeel,huisnr,huisletter,huisnrtoevoeging,postcode,wplnaam,loctenopzichtevanadres,locoms,bladresregel1,bladresregel2,bladresregel3,bladresregel4,bladresregel5,bladresregel6,landgebied,indpersaangetroffenopadres,nadereaandverval) VALUES('6878','6032','19670601',null,'19670601','20010301','6924','6925',null,'1','1','3','19670601',null,null,'347','Biltstraat','Biltstraat',null,'99',null,null,'3572AM','Utrecht',null,null,null,null,null,null,null,null,'229',null,null);
INSERT INTO kern.his_persadres (id,persadres,dataanvgel,dateindegel,tsreg,tsverval,actieinh,actieverval,actieaanpgel,srt,rdnwijz,aangadresh,dataanvadresh,identcodeadresseerbaarobject,identcodenraand,gem,nor,afgekortenor,gemdeel,huisnr,huisletter,huisnrtoevoeging,postcode,wplnaam,loctenopzichtevanadres,locoms,bladresregel1,bladresregel2,bladresregel3,bladresregel4,bladresregel5,bladresregel6,landgebied,indpersaangetroffenopadres,nadereaandverval) VALUES('6877','6032','19510923','19670601','19670601',null,'6923',null,'6924','1','2',null,'19510923',null,null,'522','Marktplein','Marktplein',null,'18',null,null,'2691BV','Honselersdijk',null,null,null,null,null,null,null,null,'229',null,null);
INSERT INTO kern.his_persadres (id,persadres,dataanvgel,dateindegel,tsreg,tsverval,actieinh,actieverval,actieaanpgel,srt,rdnwijz,aangadresh,dataanvadresh,identcodeadresseerbaarobject,identcodenraand,gem,nor,afgekortenor,gemdeel,huisnr,huisletter,huisnrtoevoeging,postcode,wplnaam,loctenopzichtevanadres,locoms,bladresregel1,bladresregel2,bladresregel3,bladresregel4,bladresregel5,bladresregel6,landgebied,indpersaangetroffenopadres,nadereaandverval) VALUES('6876','6032','19510923',null,'19510923','19670601','6923','6924',null,'1','2',null,'19510923',null,null,'522','Marktplein','Marktplein',null,'18',null,null,'2691BV','Honselersdijk',null,null,null,null,null,null,null,null,'229',null,null);
INSERT INTO kern.his_persadres (id,persadres,dataanvgel,dateindegel,tsreg,tsverval,actieinh,actieverval,actieaanpgel,srt,rdnwijz,aangadresh,dataanvadresh,identcodeadresseerbaarobject,identcodenraand,gem,nor,afgekortenor,gemdeel,huisnr,huisletter,huisnrtoevoeging,postcode,wplnaam,loctenopzichtevanadres,locoms,bladresregel1,bladresregel2,bladresregel3,bladresregel4,bladresregel5,bladresregel6,landgebied,indpersaangetroffenopadres,nadereaandverval) VALUES('6875','6033','20120621',null,'20120621',null,'6922',null,null,'1','1','3','20120621',null,null,'347','Neude','Neude',null,'34',null,null,'3512AG','Utrecht',null,null,null,null,null,null,null,null,'229',null,null);
INSERT INTO kern.his_persadres (id,persadres,dataanvgel,dateindegel,tsreg,tsverval,actieinh,actieverval,actieaanpgel,srt,rdnwijz,aangadresh,dataanvadresh,identcodeadresseerbaarobject,identcodenraand,gem,nor,afgekortenor,gemdeel,huisnr,huisletter,huisnrtoevoeging,postcode,wplnaam,loctenopzichtevanadres,locoms,bladresregel1,bladresregel2,bladresregel3,bladresregel4,bladresregel5,bladresregel6,landgebied,indpersaangetroffenopadres,nadereaandverval) VALUES('6874','6033','20010301','20120621','20120621',null,'6921',null,'6922','1','1','3','20010301',null,null,'347','Vredenburg ','Vredenburg ',null,'116',null,null,'3511BE','Utrecht',null,null,null,null,null,null,null,null,'229',null,null);
INSERT INTO kern.his_persadres (id,persadres,dataanvgel,dateindegel,tsreg,tsverval,actieinh,actieverval,actieaanpgel,srt,rdnwijz,aangadresh,dataanvadresh,identcodeadresseerbaarobject,identcodenraand,gem,nor,afgekortenor,gemdeel,huisnr,huisletter,huisnrtoevoeging,postcode,wplnaam,loctenopzichtevanadres,locoms,bladresregel1,bladresregel2,bladresregel3,bladresregel4,bladresregel5,bladresregel6,landgebied,indpersaangetroffenopadres,nadereaandverval) VALUES('6873','6033','20010301',null,'20010301','20120621','6921','6922',null,'1','1','3','20010301',null,null,'347','Vredenburg ','Vredenburg ',null,'116',null,null,'3511BE','Utrecht',null,null,null,null,null,null,null,null,'229',null,null);
INSERT INTO kern.his_persadres (id,persadres,dataanvgel,dateindegel,tsreg,tsverval,actieinh,actieverval,actieaanpgel,srt,rdnwijz,aangadresh,dataanvadresh,identcodeadresseerbaarobject,identcodenraand,gem,nor,afgekortenor,gemdeel,huisnr,huisletter,huisnrtoevoeging,postcode,wplnaam,loctenopzichtevanadres,locoms,bladresregel1,bladresregel2,bladresregel3,bladresregel4,bladresregel5,bladresregel6,landgebied,indpersaangetroffenopadres,nadereaandverval) VALUES('6872','6033','19670601','20010301','20010301',null,'6920',null,'6921','1','1','3','19670601',null,null,'347','Biltstraat','Biltstraat',null,'99',null,null,'3572AM','Utrecht',null,null,null,null,null,null,null,null,'229',null,null);
INSERT INTO kern.his_persadres (id,persadres,dataanvgel,dateindegel,tsreg,tsverval,actieinh,actieverval,actieaanpgel,srt,rdnwijz,aangadresh,dataanvadresh,identcodeadresseerbaarobject,identcodenraand,gem,nor,afgekortenor,gemdeel,huisnr,huisletter,huisnrtoevoeging,postcode,wplnaam,loctenopzichtevanadres,locoms,bladresregel1,bladresregel2,bladresregel3,bladresregel4,bladresregel5,bladresregel6,landgebied,indpersaangetroffenopadres,nadereaandverval) VALUES('6871','6033','19670601',null,'19670601','20010301','6920','6921',null,'1','1','3','19670601',null,null,'347','Biltstraat','Biltstraat',null,'99',null,null,'3572AM','Utrecht',null,null,null,null,null,null,null,null,'229',null,null);
INSERT INTO kern.his_persadres (id,persadres,dataanvgel,dateindegel,tsreg,tsverval,actieinh,actieverval,actieaanpgel,srt,rdnwijz,aangadresh,dataanvadresh,identcodeadresseerbaarobject,identcodenraand,gem,nor,afgekortenor,gemdeel,huisnr,huisletter,huisnrtoevoeging,postcode,wplnaam,loctenopzichtevanadres,locoms,bladresregel1,bladresregel2,bladresregel3,bladresregel4,bladresregel5,bladresregel6,landgebied,indpersaangetroffenopadres,nadereaandverval) VALUES('6870','6033','19531116','19670601','19670601',null,'6919',null,'6920','1','2',null,'19531116',null,null,'506','Markt','Markt',null,'80',null,null,'2611GW','Scherpenzeel',null,null,null,null,null,null,null,null,'229',null,null);
INSERT INTO kern.his_persadres (id,persadres,dataanvgel,dateindegel,tsreg,tsverval,actieinh,actieverval,actieaanpgel,srt,rdnwijz,aangadresh,dataanvadresh,identcodeadresseerbaarobject,identcodenraand,gem,nor,afgekortenor,gemdeel,huisnr,huisletter,huisnrtoevoeging,postcode,wplnaam,loctenopzichtevanadres,locoms,bladresregel1,bladresregel2,bladresregel3,bladresregel4,bladresregel5,bladresregel6,landgebied,indpersaangetroffenopadres,nadereaandverval) VALUES('6869','6033','19531116',null,'19531116','19670601','6919','6920',null,'1','2',null,'19531116',null,null,'506','Markt','Markt',null,'80',null,null,'2611GW','Scherpenzeel',null,null,null,null,null,null,null,null,'229',null,null);
INSERT INTO kern.his_persadres (id,persadres,dataanvgel,dateindegel,tsreg,tsverval,actieinh,actieverval,actieaanpgel,srt,rdnwijz,aangadresh,dataanvadresh,identcodeadresseerbaarobject,identcodenraand,gem,nor,afgekortenor,gemdeel,huisnr,huisletter,huisnrtoevoeging,postcode,wplnaam,loctenopzichtevanadres,locoms,bladresregel1,bladresregel2,bladresregel3,bladresregel4,bladresregel5,bladresregel6,landgebied,indpersaangetroffenopadres,nadereaandverval) VALUES('6868','6034','20090701',null,'20090701',null,'6918',null,null,'1','1','3','20090701',null,null,'347','Biltstraat','Biltstraat',null,'101',null,null,'3572AL','Utrecht',null,null,null,null,null,null,null,null,'229',null,null);
INSERT INTO kern.his_persadres (id,persadres,dataanvgel,dateindegel,tsreg,tsverval,actieinh,actieverval,actieaanpgel,srt,rdnwijz,aangadresh,dataanvadresh,identcodeadresseerbaarobject,identcodenraand,gem,nor,afgekortenor,gemdeel,huisnr,huisletter,huisnrtoevoeging,postcode,wplnaam,loctenopzichtevanadres,locoms,bladresregel1,bladresregel2,bladresregel3,bladresregel4,bladresregel5,bladresregel6,landgebied,indpersaangetroffenopadres,nadereaandverval) VALUES('6867','6034','20080218','20090701','20090701',null,'6917',null,'6918','1','1','3','20080218',null,null,'347','Vredenburg ','Vredenburg ',null,'118',null,null,'3511BE','Utrecht',null,null,null,null,null,null,null,null,'229',null,null);
INSERT INTO kern.his_persadres (id,persadres,dataanvgel,dateindegel,tsreg,tsverval,actieinh,actieverval,actieaanpgel,srt,rdnwijz,aangadresh,dataanvadresh,identcodeadresseerbaarobject,identcodenraand,gem,nor,afgekortenor,gemdeel,huisnr,huisletter,huisnrtoevoeging,postcode,wplnaam,loctenopzichtevanadres,locoms,bladresregel1,bladresregel2,bladresregel3,bladresregel4,bladresregel5,bladresregel6,landgebied,indpersaangetroffenopadres,nadereaandverval) VALUES('6866','6034','20080218',null,'20080218','20090701','6917','6918',null,'1','1','3','20080218',null,null,'347','Vredenburg ','Vredenburg ',null,'118',null,null,'3511BE','Utrecht',null,null,null,null,null,null,null,null,'229',null,null);
INSERT INTO kern.his_persadres (id,persadres,dataanvgel,dateindegel,tsreg,tsverval,actieinh,actieverval,actieaanpgel,srt,rdnwijz,aangadresh,dataanvadresh,identcodeadresseerbaarobject,identcodenraand,gem,nor,afgekortenor,gemdeel,huisnr,huisletter,huisnrtoevoeging,postcode,wplnaam,loctenopzichtevanadres,locoms,bladresregel1,bladresregel2,bladresregel3,bladresregel4,bladresregel5,bladresregel6,landgebied,indpersaangetroffenopadres,nadereaandverval) VALUES('6865','6034','20070406','20080218','20080218',null,'6916',null,'6917','1','1','3','20070406',null,null,'347','Neude','Neude',null,'36',null,null,'3512AG','Utrecht',null,null,null,null,null,null,null,null,'229',null,null);
INSERT INTO kern.his_persadres (id,persadres,dataanvgel,dateindegel,tsreg,tsverval,actieinh,actieverval,actieaanpgel,srt,rdnwijz,aangadresh,dataanvadresh,identcodeadresseerbaarobject,identcodenraand,gem,nor,afgekortenor,gemdeel,huisnr,huisletter,huisnrtoevoeging,postcode,wplnaam,loctenopzichtevanadres,locoms,bladresregel1,bladresregel2,bladresregel3,bladresregel4,bladresregel5,bladresregel6,landgebied,indpersaangetroffenopadres,nadereaandverval) VALUES('6864','6034','20070406',null,'20070406','20080218','6916','6917',null,'1','1','3','20070406',null,null,'347','Neude','Neude',null,'36',null,null,'3512AG','Utrecht',null,null,null,null,null,null,null,null,'229',null,null);
INSERT INTO kern.his_persadres (id,persadres,dataanvgel,dateindegel,tsreg,tsverval,actieinh,actieverval,actieaanpgel,srt,rdnwijz,aangadresh,dataanvadresh,identcodeadresseerbaarobject,identcodenraand,gem,nor,afgekortenor,gemdeel,huisnr,huisletter,huisnrtoevoeging,postcode,wplnaam,loctenopzichtevanadres,locoms,bladresregel1,bladresregel2,bladresregel3,bladresregel4,bladresregel5,bladresregel6,landgebied,indpersaangetroffenopadres,nadereaandverval) VALUES('6863','6034','19390402','20070406','20070406',null,'6915',null,'6916','1','2',null,'19390402',null,null,'403','Middenweg','Middenweg ',null,'159',null,null,'1782BE','Egmond-Binnen',null,null,null,null,null,null,null,null,'229',null,null);
INSERT INTO kern.his_persadres (id,persadres,dataanvgel,dateindegel,tsreg,tsverval,actieinh,actieverval,actieaanpgel,srt,rdnwijz,aangadresh,dataanvadresh,identcodeadresseerbaarobject,identcodenraand,gem,nor,afgekortenor,gemdeel,huisnr,huisletter,huisnrtoevoeging,postcode,wplnaam,loctenopzichtevanadres,locoms,bladresregel1,bladresregel2,bladresregel3,bladresregel4,bladresregel5,bladresregel6,landgebied,indpersaangetroffenopadres,nadereaandverval) VALUES('6862','6034','19390402',null,'19390402','20070406','6915','6916',null,'1','2',null,'19390402',null,null,'403','Middenweg','Middenweg ',null,'159',null,null,'1782BE','Egmond-Binnen',null,null,null,null,null,null,null,null,'229',null,null);
INSERT INTO kern.his_persadres (id,persadres,dataanvgel,dateindegel,tsreg,tsverval,actieinh,actieverval,actieaanpgel,srt,rdnwijz,aangadresh,dataanvadresh,identcodeadresseerbaarobject,identcodenraand,gem,nor,afgekortenor,gemdeel,huisnr,huisletter,huisnrtoevoeging,postcode,wplnaam,loctenopzichtevanadres,locoms,bladresregel1,bladresregel2,bladresregel3,bladresregel4,bladresregel5,bladresregel6,landgebied,indpersaangetroffenopadres,nadereaandverval) VALUES('6861','6035','20090301',null,'20090301',null,'6914',null,null,'1','1','3','20090301',null,null,'347','Vredenburg ','Vredenburg ',null,'120',null,null,'3511BE','Utrecht',null,null,null,null,null,null,null,null,'229',null,null);
INSERT INTO kern.his_persadres (id,persadres,dataanvgel,dateindegel,tsreg,tsverval,actieinh,actieverval,actieaanpgel,srt,rdnwijz,aangadresh,dataanvadresh,identcodeadresseerbaarobject,identcodenraand,gem,nor,afgekortenor,gemdeel,huisnr,huisletter,huisnrtoevoeging,postcode,wplnaam,loctenopzichtevanadres,locoms,bladresregel1,bladresregel2,bladresregel3,bladresregel4,bladresregel5,bladresregel6,landgebied,indpersaangetroffenopadres,nadereaandverval) VALUES('6860','6035','20081101','20090301','20090301',null,'6913',null,'6914','1','1','3','20081101',null,null,'347','Neude','Neude',null,'31',null,null,'3512AG','Utrecht',null,null,null,null,null,null,null,null,'229',null,null);
INSERT INTO kern.his_persadres (id,persadres,dataanvgel,dateindegel,tsreg,tsverval,actieinh,actieverval,actieaanpgel,srt,rdnwijz,aangadresh,dataanvadresh,identcodeadresseerbaarobject,identcodenraand,gem,nor,afgekortenor,gemdeel,huisnr,huisletter,huisnrtoevoeging,postcode,wplnaam,loctenopzichtevanadres,locoms,bladresregel1,bladresregel2,bladresregel3,bladresregel4,bladresregel5,bladresregel6,landgebied,indpersaangetroffenopadres,nadereaandverval) VALUES('6859','6035','20081101',null,'20081101','20090301','6913','6914',null,'1','1','3','20081101',null,null,'347','Neude','Neude',null,'31',null,null,'3512AG','Utrecht',null,null,null,null,null,null,null,null,'229',null,null);
INSERT INTO kern.his_persadres (id,persadres,dataanvgel,dateindegel,tsreg,tsverval,actieinh,actieverval,actieaanpgel,srt,rdnwijz,aangadresh,dataanvadresh,identcodeadresseerbaarobject,identcodenraand,gem,nor,afgekortenor,gemdeel,huisnr,huisletter,huisnrtoevoeging,postcode,wplnaam,loctenopzichtevanadres,locoms,bladresregel1,bladresregel2,bladresregel3,bladresregel4,bladresregel5,bladresregel6,landgebied,indpersaangetroffenopadres,nadereaandverval) VALUES('6858','6035','20050101','20081101','20081101',null,'6912',null,'6913','1','1','3','20050101',null,null,'347','Biltstraat','Biltstraat',null,'103',null,null,'3572AM','Utrecht',null,null,null,null,null,null,null,null,'229',null,null);
INSERT INTO kern.his_persadres (id,persadres,dataanvgel,dateindegel,tsreg,tsverval,actieinh,actieverval,actieaanpgel,srt,rdnwijz,aangadresh,dataanvadresh,identcodeadresseerbaarobject,identcodenraand,gem,nor,afgekortenor,gemdeel,huisnr,huisletter,huisnrtoevoeging,postcode,wplnaam,loctenopzichtevanadres,locoms,bladresregel1,bladresregel2,bladresregel3,bladresregel4,bladresregel5,bladresregel6,landgebied,indpersaangetroffenopadres,nadereaandverval) VALUES('6857','6035','20050101',null,'20050101','20081101','6912','6913',null,'1','1','3','20050101',null,null,'347','Biltstraat','Biltstraat',null,'103',null,null,'3572AM','Utrecht',null,null,null,null,null,null,null,null,'229',null,null);
INSERT INTO kern.his_persadres (id,persadres,dataanvgel,dateindegel,tsreg,tsverval,actieinh,actieverval,actieaanpgel,srt,rdnwijz,aangadresh,dataanvadresh,identcodeadresseerbaarobject,identcodenraand,gem,nor,afgekortenor,gemdeel,huisnr,huisletter,huisnrtoevoeging,postcode,wplnaam,loctenopzichtevanadres,locoms,bladresregel1,bladresregel2,bladresregel3,bladresregel4,bladresregel5,bladresregel6,landgebied,indpersaangetroffenopadres,nadereaandverval) VALUES('6856','6035','19841203','20050101','20050101',null,'6911',null,'6912','1','2',null,'19841203',null,null,'342','Molenstraat','Molenstraat',null,'25',null,null,'3927AB','Delft',null,null,null,null,null,null,null,null,'229',null,null);
INSERT INTO kern.his_persadres (id,persadres,dataanvgel,dateindegel,tsreg,tsverval,actieinh,actieverval,actieaanpgel,srt,rdnwijz,aangadresh,dataanvadresh,identcodeadresseerbaarobject,identcodenraand,gem,nor,afgekortenor,gemdeel,huisnr,huisletter,huisnrtoevoeging,postcode,wplnaam,loctenopzichtevanadres,locoms,bladresregel1,bladresregel2,bladresregel3,bladresregel4,bladresregel5,bladresregel6,landgebied,indpersaangetroffenopadres,nadereaandverval) VALUES('6855','6035','19841203',null,'19841203','20050101','6911','6912',null,'1','2',null,'19841203',null,null,'342','Molenstraat','Molenstraat',null,'25',null,null,'3927AB','Delft',null,null,null,null,null,null,null,null,'229',null,null);
INSERT INTO kern.his_persadres (id,persadres,dataanvgel,dateindegel,tsreg,tsverval,actieinh,actieverval,actieaanpgel,srt,rdnwijz,aangadresh,dataanvadresh,identcodeadresseerbaarobject,identcodenraand,gem,nor,afgekortenor,gemdeel,huisnr,huisletter,huisnrtoevoeging,postcode,wplnaam,loctenopzichtevanadres,locoms,bladresregel1,bladresregel2,bladresregel3,bladresregel4,bladresregel5,bladresregel6,landgebied,indpersaangetroffenopadres,nadereaandverval) VALUES('6854','6036','20090301',null,'20090301',null,'6910',null,null,'1','1','3','20090301',null,null,'347','Vredenburg ','Vredenburg ',null,'120',null,null,'3511BE','Utrecht',null,null,null,null,null,null,null,null,'229',null,null);
INSERT INTO kern.his_persadres (id,persadres,dataanvgel,dateindegel,tsreg,tsverval,actieinh,actieverval,actieaanpgel,srt,rdnwijz,aangadresh,dataanvadresh,identcodeadresseerbaarobject,identcodenraand,gem,nor,afgekortenor,gemdeel,huisnr,huisletter,huisnrtoevoeging,postcode,wplnaam,loctenopzichtevanadres,locoms,bladresregel1,bladresregel2,bladresregel3,bladresregel4,bladresregel5,bladresregel6,landgebied,indpersaangetroffenopadres,nadereaandverval) VALUES('6853','6036','20081101','20090301','20090301',null,'6909',null,'6910','1','1','3','20081101',null,null,'347','Neude','Neude',null,'31',null,null,'3512AG','Utrecht',null,null,null,null,null,null,null,null,'229',null,null);
INSERT INTO kern.his_persadres (id,persadres,dataanvgel,dateindegel,tsreg,tsverval,actieinh,actieverval,actieaanpgel,srt,rdnwijz,aangadresh,dataanvadresh,identcodeadresseerbaarobject,identcodenraand,gem,nor,afgekortenor,gemdeel,huisnr,huisletter,huisnrtoevoeging,postcode,wplnaam,loctenopzichtevanadres,locoms,bladresregel1,bladresregel2,bladresregel3,bladresregel4,bladresregel5,bladresregel6,landgebied,indpersaangetroffenopadres,nadereaandverval) VALUES('6852','6036','20081101',null,'20081101','20090301','6909','6910',null,'1','1','3','20081101',null,null,'347','Neude','Neude',null,'31',null,null,'3512AG','Utrecht',null,null,null,null,null,null,null,null,'229',null,null);
INSERT INTO kern.his_persadres (id,persadres,dataanvgel,dateindegel,tsreg,tsverval,actieinh,actieverval,actieaanpgel,srt,rdnwijz,aangadresh,dataanvadresh,identcodeadresseerbaarobject,identcodenraand,gem,nor,afgekortenor,gemdeel,huisnr,huisletter,huisnrtoevoeging,postcode,wplnaam,loctenopzichtevanadres,locoms,bladresregel1,bladresregel2,bladresregel3,bladresregel4,bladresregel5,bladresregel6,landgebied,indpersaangetroffenopadres,nadereaandverval) VALUES('6851','6036','20050101','20081101','20081101',null,'6908',null,'6909','1','1','3','20050101',null,null,'347','Biltstraat','Biltstraat',null,'103',null,null,'3572AM','Utrecht',null,null,null,null,null,null,null,null,'229',null,null);
INSERT INTO kern.his_persadres (id,persadres,dataanvgel,dateindegel,tsreg,tsverval,actieinh,actieverval,actieaanpgel,srt,rdnwijz,aangadresh,dataanvadresh,identcodeadresseerbaarobject,identcodenraand,gem,nor,afgekortenor,gemdeel,huisnr,huisletter,huisnrtoevoeging,postcode,wplnaam,loctenopzichtevanadres,locoms,bladresregel1,bladresregel2,bladresregel3,bladresregel4,bladresregel5,bladresregel6,landgebied,indpersaangetroffenopadres,nadereaandverval) VALUES('6850','6036','20050101',null,'20050101','20081101','6908','6909',null,'1','1','3','20050101',null,null,'347','Biltstraat','Biltstraat',null,'103',null,null,'3572AM','Utrecht',null,null,null,null,null,null,null,null,'229',null,null);
INSERT INTO kern.his_persadres (id,persadres,dataanvgel,dateindegel,tsreg,tsverval,actieinh,actieverval,actieaanpgel,srt,rdnwijz,aangadresh,dataanvadresh,identcodeadresseerbaarobject,identcodenraand,gem,nor,afgekortenor,gemdeel,huisnr,huisletter,huisnrtoevoeging,postcode,wplnaam,loctenopzichtevanadres,locoms,bladresregel1,bladresregel2,bladresregel3,bladresregel4,bladresregel5,bladresregel6,landgebied,indpersaangetroffenopadres,nadereaandverval) VALUES('6849','6036','19851011','20050101','20050101',null,'6907',null,'6908','1','2',null,'19851011',null,null,'342','Molenstraat','Molenstraat',null,'27',null,null,'3927AB','Delft',null,null,null,null,null,null,null,null,'229',null,null);
INSERT INTO kern.his_persadres (id,persadres,dataanvgel,dateindegel,tsreg,tsverval,actieinh,actieverval,actieaanpgel,srt,rdnwijz,aangadresh,dataanvadresh,identcodeadresseerbaarobject,identcodenraand,gem,nor,afgekortenor,gemdeel,huisnr,huisletter,huisnrtoevoeging,postcode,wplnaam,loctenopzichtevanadres,locoms,bladresregel1,bladresregel2,bladresregel3,bladresregel4,bladresregel5,bladresregel6,landgebied,indpersaangetroffenopadres,nadereaandverval) VALUES('6848','6036','19851011',null,'19851011','20050101','6907','6908',null,'1','2',null,'19851011',null,null,'342','Molenstraat','Molenstraat',null,'27',null,null,'3927AB','Delft',null,null,null,null,null,null,null,null,'229',null,null);
INSERT INTO kern.his_persadres (id,persadres,dataanvgel,dateindegel,tsreg,tsverval,actieinh,actieverval,actieaanpgel,srt,rdnwijz,aangadresh,dataanvadresh,identcodeadresseerbaarobject,identcodenraand,gem,nor,afgekortenor,gemdeel,huisnr,huisletter,huisnrtoevoeging,postcode,wplnaam,loctenopzichtevanadres,locoms,bladresregel1,bladresregel2,bladresregel3,bladresregel4,bladresregel5,bladresregel6,landgebied,indpersaangetroffenopadres,nadereaandverval) VALUES('6847','6037','20090301',null,'20090301',null,'6906',null,null,'1','1','3','20090301',null,null,'347','Vredenburg ','Vredenburg ',null,'120',null,null,'3511BE','Utrecht',null,null,null,null,null,null,null,null,'229',null,null);
INSERT INTO kern.his_persadres (id,persadres,dataanvgel,dateindegel,tsreg,tsverval,actieinh,actieverval,actieaanpgel,srt,rdnwijz,aangadresh,dataanvadresh,identcodeadresseerbaarobject,identcodenraand,gem,nor,afgekortenor,gemdeel,huisnr,huisletter,huisnrtoevoeging,postcode,wplnaam,loctenopzichtevanadres,locoms,bladresregel1,bladresregel2,bladresregel3,bladresregel4,bladresregel5,bladresregel6,landgebied,indpersaangetroffenopadres,nadereaandverval) VALUES('6846','6037','20081101','20090301','20090301',null,'6905',null,'6906','1','1','3','20081101',null,null,'347','Neude','Neude',null,'31',null,null,'3512AG','Utrecht',null,null,null,null,null,null,null,null,'229',null,null);
INSERT INTO kern.his_persadres (id,persadres,dataanvgel,dateindegel,tsreg,tsverval,actieinh,actieverval,actieaanpgel,srt,rdnwijz,aangadresh,dataanvadresh,identcodeadresseerbaarobject,identcodenraand,gem,nor,afgekortenor,gemdeel,huisnr,huisletter,huisnrtoevoeging,postcode,wplnaam,loctenopzichtevanadres,locoms,bladresregel1,bladresregel2,bladresregel3,bladresregel4,bladresregel5,bladresregel6,landgebied,indpersaangetroffenopadres,nadereaandverval) VALUES('6845','6037','20081101',null,'20081101','20090301','6905','6906',null,'1','1','3','20081101',null,null,'347','Neude','Neude',null,'31',null,null,'3512AG','Utrecht',null,null,null,null,null,null,null,null,'229',null,null);
INSERT INTO kern.his_persadres (id,persadres,dataanvgel,dateindegel,tsreg,tsverval,actieinh,actieverval,actieaanpgel,srt,rdnwijz,aangadresh,dataanvadresh,identcodeadresseerbaarobject,identcodenraand,gem,nor,afgekortenor,gemdeel,huisnr,huisletter,huisnrtoevoeging,postcode,wplnaam,loctenopzichtevanadres,locoms,bladresregel1,bladresregel2,bladresregel3,bladresregel4,bladresregel5,bladresregel6,landgebied,indpersaangetroffenopadres,nadereaandverval) VALUES('6844','6037','20050112','20081101','20081101',null,'6904',null,'6905','1','2',null,'20050112',null,null,'347','Biltstraat','Biltstraat',null,'103',null,null,'3572AM','Utrecht',null,null,null,null,null,null,null,null,'229',null,null);
INSERT INTO kern.his_persadres (id,persadres,dataanvgel,dateindegel,tsreg,tsverval,actieinh,actieverval,actieaanpgel,srt,rdnwijz,aangadresh,dataanvadresh,identcodeadresseerbaarobject,identcodenraand,gem,nor,afgekortenor,gemdeel,huisnr,huisletter,huisnrtoevoeging,postcode,wplnaam,loctenopzichtevanadres,locoms,bladresregel1,bladresregel2,bladresregel3,bladresregel4,bladresregel5,bladresregel6,landgebied,indpersaangetroffenopadres,nadereaandverval) VALUES('6843','6037','20050112',null,'20050112','20081101','6904','6905',null,'1','2',null,'20050112',null,null,'347','Biltstraat','Biltstraat',null,'103',null,null,'3572AM','Utrecht',null,null,null,null,null,null,null,null,'229',null,null);
INSERT INTO kern.his_persadres (id,persadres,dataanvgel,dateindegel,tsreg,tsverval,actieinh,actieverval,actieaanpgel,srt,rdnwijz,aangadresh,dataanvadresh,identcodeadresseerbaarobject,identcodenraand,gem,nor,afgekortenor,gemdeel,huisnr,huisletter,huisnrtoevoeging,postcode,wplnaam,loctenopzichtevanadres,locoms,bladresregel1,bladresregel2,bladresregel3,bladresregel4,bladresregel5,bladresregel6,landgebied,indpersaangetroffenopadres,nadereaandverval) VALUES('6842','6038','20090301',null,'20090301',null,'6903',null,null,'1','1','3','20090301',null,null,'347','Vredenburg ','Vredenburg ',null,'120',null,null,'3511BE','Utrecht',null,null,null,null,null,null,null,null,'229',null,null);
INSERT INTO kern.his_persadres (id,persadres,dataanvgel,dateindegel,tsreg,tsverval,actieinh,actieverval,actieaanpgel,srt,rdnwijz,aangadresh,dataanvadresh,identcodeadresseerbaarobject,identcodenraand,gem,nor,afgekortenor,gemdeel,huisnr,huisletter,huisnrtoevoeging,postcode,wplnaam,loctenopzichtevanadres,locoms,bladresregel1,bladresregel2,bladresregel3,bladresregel4,bladresregel5,bladresregel6,landgebied,indpersaangetroffenopadres,nadereaandverval) VALUES('6841','6038','20081101','20090301','20090301',null,'6902',null,'6903','1','1','3','20081101',null,null,'347','Neude','Neude',null,'31',null,null,'3512AG','Utrecht',null,null,null,null,null,null,null,null,'229',null,null);
INSERT INTO kern.his_persadres (id,persadres,dataanvgel,dateindegel,tsreg,tsverval,actieinh,actieverval,actieaanpgel,srt,rdnwijz,aangadresh,dataanvadresh,identcodeadresseerbaarobject,identcodenraand,gem,nor,afgekortenor,gemdeel,huisnr,huisletter,huisnrtoevoeging,postcode,wplnaam,loctenopzichtevanadres,locoms,bladresregel1,bladresregel2,bladresregel3,bladresregel4,bladresregel5,bladresregel6,landgebied,indpersaangetroffenopadres,nadereaandverval) VALUES('6840','6038','20081101',null,'20081101','20090301','6902','6903',null,'1','1','3','20081101',null,null,'347','Neude','Neude',null,'31',null,null,'3512AG','Utrecht',null,null,null,null,null,null,null,null,'229',null,null);
INSERT INTO kern.his_persadres (id,persadres,dataanvgel,dateindegel,tsreg,tsverval,actieinh,actieverval,actieaanpgel,srt,rdnwijz,aangadresh,dataanvadresh,identcodeadresseerbaarobject,identcodenraand,gem,nor,afgekortenor,gemdeel,huisnr,huisletter,huisnrtoevoeging,postcode,wplnaam,loctenopzichtevanadres,locoms,bladresregel1,bladresregel2,bladresregel3,bladresregel4,bladresregel5,bladresregel6,landgebied,indpersaangetroffenopadres,nadereaandverval) VALUES('6839','6038','20051201','20081101','20081101',null,'6901',null,'6902','1','2',null,'20051201',null,null,'347','Biltstraat','Biltstraat',null,'103',null,null,'3572AM','Utrecht',null,null,null,null,null,null,null,null,'229',null,null);
INSERT INTO kern.his_persadres (id,persadres,dataanvgel,dateindegel,tsreg,tsverval,actieinh,actieverval,actieaanpgel,srt,rdnwijz,aangadresh,dataanvadresh,identcodeadresseerbaarobject,identcodenraand,gem,nor,afgekortenor,gemdeel,huisnr,huisletter,huisnrtoevoeging,postcode,wplnaam,loctenopzichtevanadres,locoms,bladresregel1,bladresregel2,bladresregel3,bladresregel4,bladresregel5,bladresregel6,landgebied,indpersaangetroffenopadres,nadereaandverval) VALUES('6838','6038','20051201',null,'20051201','20081101','6901','6902',null,'1','2',null,'20051201',null,null,'347','Biltstraat','Biltstraat',null,'103',null,null,'3572AM','Utrecht',null,null,null,null,null,null,null,null,'229',null,null);
INSERT INTO kern.his_persadres (id,persadres,dataanvgel,dateindegel,tsreg,tsverval,actieinh,actieverval,actieaanpgel,srt,rdnwijz,aangadresh,dataanvadresh,identcodeadresseerbaarobject,identcodenraand,gem,nor,afgekortenor,gemdeel,huisnr,huisletter,huisnrtoevoeging,postcode,wplnaam,loctenopzichtevanadres,locoms,bladresregel1,bladresregel2,bladresregel3,bladresregel4,bladresregel5,bladresregel6,landgebied,indpersaangetroffenopadres,nadereaandverval) VALUES('6837','6039','20120522',null,'20120522',null,'6900',null,null,'1','1','3','20120522','0344012012052231','0344202012052231','344','Biltstraat','Biltstraat','Noord','152','F','II','3572BM','Utrecht','by','sky is blue','bladresregel1          ','bladresregel2          ','bladresregel3          ','bladresregel4          ','bladresregel5          ','bladresregel6          ','229',null,null);
INSERT INTO kern.his_persadres (id,persadres,dataanvgel,dateindegel,tsreg,tsverval,actieinh,actieverval,actieaanpgel,srt,rdnwijz,aangadresh,dataanvadresh,identcodeadresseerbaarobject,identcodenraand,gem,nor,afgekortenor,gemdeel,huisnr,huisletter,huisnrtoevoeging,postcode,wplnaam,loctenopzichtevanadres,locoms,bladresregel1,bladresregel2,bladresregel3,bladresregel4,bladresregel5,bladresregel6,landgebied,indpersaangetroffenopadres,nadereaandverval) VALUES('6836','6039','20111201','20120522','20120522',null,'6899',null,'6900','1','1','3','20111201',null,null,'347','Vredenburg ','Vredenburg ',null,'122',null,null,'3511BE','Utrecht',null,null,null,null,null,null,null,null,'229',null,null);
INSERT INTO kern.his_persadres (id,persadres,dataanvgel,dateindegel,tsreg,tsverval,actieinh,actieverval,actieaanpgel,srt,rdnwijz,aangadresh,dataanvadresh,identcodeadresseerbaarobject,identcodenraand,gem,nor,afgekortenor,gemdeel,huisnr,huisletter,huisnrtoevoeging,postcode,wplnaam,loctenopzichtevanadres,locoms,bladresregel1,bladresregel2,bladresregel3,bladresregel4,bladresregel5,bladresregel6,landgebied,indpersaangetroffenopadres,nadereaandverval) VALUES('6835','6039','20111201',null,'20111201','20120522','6899','6900',null,'1','1','3','20111201',null,null,'347','Vredenburg ','Vredenburg ',null,'122',null,null,'3511BE','Utrecht',null,null,null,null,null,null,null,null,'229',null,null);
INSERT INTO kern.his_persadres (id,persadres,dataanvgel,dateindegel,tsreg,tsverval,actieinh,actieverval,actieaanpgel,srt,rdnwijz,aangadresh,dataanvadresh,identcodeadresseerbaarobject,identcodenraand,gem,nor,afgekortenor,gemdeel,huisnr,huisletter,huisnrtoevoeging,postcode,wplnaam,loctenopzichtevanadres,locoms,bladresregel1,bladresregel2,bladresregel3,bladresregel4,bladresregel5,bladresregel6,landgebied,indpersaangetroffenopadres,nadereaandverval) VALUES('6834','6039','20101201','20111201','20111201',null,'6898',null,'6899','1','1','3','20101201',null,null,'347','Biltstraat','Biltstraat',null,'105',null,null,'3572AM','Utrecht',null,null,null,null,null,null,null,null,'229',null,null);
INSERT INTO kern.his_persadres (id,persadres,dataanvgel,dateindegel,tsreg,tsverval,actieinh,actieverval,actieaanpgel,srt,rdnwijz,aangadresh,dataanvadresh,identcodeadresseerbaarobject,identcodenraand,gem,nor,afgekortenor,gemdeel,huisnr,huisletter,huisnrtoevoeging,postcode,wplnaam,loctenopzichtevanadres,locoms,bladresregel1,bladresregel2,bladresregel3,bladresregel4,bladresregel5,bladresregel6,landgebied,indpersaangetroffenopadres,nadereaandverval) VALUES('6833','6039','20101201',null,'20101201','20111201','6898','6899',null,'1','1','3','20101201',null,null,'347','Biltstraat','Biltstraat',null,'105',null,null,'3572AM','Utrecht',null,null,null,null,null,null,null,null,'229',null,null);
INSERT INTO kern.his_persadres (id,persadres,dataanvgel,dateindegel,tsreg,tsverval,actieinh,actieverval,actieaanpgel,srt,rdnwijz,aangadresh,dataanvadresh,identcodeadresseerbaarobject,identcodenraand,gem,nor,afgekortenor,gemdeel,huisnr,huisletter,huisnrtoevoeging,postcode,wplnaam,loctenopzichtevanadres,locoms,bladresregel1,bladresregel2,bladresregel3,bladresregel4,bladresregel5,bladresregel6,landgebied,indpersaangetroffenopadres,nadereaandverval) VALUES('6832','6039','19910315','20101201','20101201',null,'6897',null,'6898','1','2',null,'19910315',null,null,'347','Neude','Neude',null,'33',null,null,'3512AG','Utrecht',null,null,null,null,null,null,null,null,'229',null,null);
INSERT INTO kern.his_persadres (id,persadres,dataanvgel,dateindegel,tsreg,tsverval,actieinh,actieverval,actieaanpgel,srt,rdnwijz,aangadresh,dataanvadresh,identcodeadresseerbaarobject,identcodenraand,gem,nor,afgekortenor,gemdeel,huisnr,huisletter,huisnrtoevoeging,postcode,wplnaam,loctenopzichtevanadres,locoms,bladresregel1,bladresregel2,bladresregel3,bladresregel4,bladresregel5,bladresregel6,landgebied,indpersaangetroffenopadres,nadereaandverval) VALUES('6831','6039','19910315',null,'19910315','20101201','6897','6898',null,'1','2',null,'19910315',null,null,'347','Neude','Neude',null,'33',null,null,'3512AG','Utrecht',null,null,null,null,null,null,null,null,'229',null,null);
INSERT INTO kern.his_persadres (id,persadres,dataanvgel,dateindegel,tsreg,tsverval,actieinh,actieverval,actieaanpgel,srt,rdnwijz,aangadresh,dataanvadresh,identcodeadresseerbaarobject,identcodenraand,gem,nor,afgekortenor,gemdeel,huisnr,huisletter,huisnrtoevoeging,postcode,wplnaam,loctenopzichtevanadres,locoms,bladresregel1,bladresregel2,bladresregel3,bladresregel4,bladresregel5,bladresregel6,landgebied,indpersaangetroffenopadres,nadereaandverval) VALUES('6830','6040','20010517',null,'20010517',null,'6896',null,null,'1','2',null,'20010517',null,null,'347','Biltstraat','Biltstraat',null,'107',null,null,'3572AM','Utrecht',null,null,null,null,null,null,null,null,'229',null,null);
INSERT INTO kern.his_persadres (id,persadres,dataanvgel,dateindegel,tsreg,tsverval,actieinh,actieverval,actieaanpgel,srt,rdnwijz,aangadresh,dataanvadresh,identcodeadresseerbaarobject,identcodenraand,gem,nor,afgekortenor,gemdeel,huisnr,huisletter,huisnrtoevoeging,postcode,wplnaam,loctenopzichtevanadres,locoms,bladresregel1,bladresregel2,bladresregel3,bladresregel4,bladresregel5,bladresregel6,landgebied,indpersaangetroffenopadres,nadereaandverval) VALUES('6829','6041','20090201',null,'20090201',null,'6895',null,null,'1','1','3','20090201',null,null,'347','Vredenburg ','Vredenburg ',null,'124',null,null,'3511BE','Utrecht',null,null,null,null,null,null,null,null,'229',null,null);
INSERT INTO kern.his_persadres (id,persadres,dataanvgel,dateindegel,tsreg,tsverval,actieinh,actieverval,actieaanpgel,srt,rdnwijz,aangadresh,dataanvadresh,identcodeadresseerbaarobject,identcodenraand,gem,nor,afgekortenor,gemdeel,huisnr,huisletter,huisnrtoevoeging,postcode,wplnaam,loctenopzichtevanadres,locoms,bladresregel1,bladresregel2,bladresregel3,bladresregel4,bladresregel5,bladresregel6,landgebied,indpersaangetroffenopadres,nadereaandverval) VALUES('6828','6041','20060523','20090201','20090201',null,'6894',null,'6895','1','1','3','20060523',null,null,'347','Neude','Neude',null,'35',null,null,'3512AG','Utrecht',null,null,null,null,null,null,null,null,'229',null,null);
INSERT INTO kern.his_persadres (id,persadres,dataanvgel,dateindegel,tsreg,tsverval,actieinh,actieverval,actieaanpgel,srt,rdnwijz,aangadresh,dataanvadresh,identcodeadresseerbaarobject,identcodenraand,gem,nor,afgekortenor,gemdeel,huisnr,huisletter,huisnrtoevoeging,postcode,wplnaam,loctenopzichtevanadres,locoms,bladresregel1,bladresregel2,bladresregel3,bladresregel4,bladresregel5,bladresregel6,landgebied,indpersaangetroffenopadres,nadereaandverval) VALUES('6827','6041','20060523',null,'20060523','20090201','6894','6895',null,'1','1','3','20060523',null,null,'347','Neude','Neude',null,'35',null,null,'3512AG','Utrecht',null,null,null,null,null,null,null,null,'229',null,null);
INSERT INTO kern.his_persadres (id,persadres,dataanvgel,dateindegel,tsreg,tsverval,actieinh,actieverval,actieaanpgel,srt,rdnwijz,aangadresh,dataanvadresh,identcodeadresseerbaarobject,identcodenraand,gem,nor,afgekortenor,gemdeel,huisnr,huisletter,huisnrtoevoeging,postcode,wplnaam,loctenopzichtevanadres,locoms,bladresregel1,bladresregel2,bladresregel3,bladresregel4,bladresregel5,bladresregel6,landgebied,indpersaangetroffenopadres,nadereaandverval) VALUES('6826','6041','20040819','20060523','20060523',null,'6893',null,'6894','1','1','3','20040819',null,null,'347','Vredenburg ','Vredenburg ',null,'126',null,null,'3511BE','Utrecht',null,null,null,null,null,null,null,null,'229',null,null);
INSERT INTO kern.his_persadres (id,persadres,dataanvgel,dateindegel,tsreg,tsverval,actieinh,actieverval,actieaanpgel,srt,rdnwijz,aangadresh,dataanvadresh,identcodeadresseerbaarobject,identcodenraand,gem,nor,afgekortenor,gemdeel,huisnr,huisletter,huisnrtoevoeging,postcode,wplnaam,loctenopzichtevanadres,locoms,bladresregel1,bladresregel2,bladresregel3,bladresregel4,bladresregel5,bladresregel6,landgebied,indpersaangetroffenopadres,nadereaandverval) VALUES('6825','6041','20040819',null,'20040819','20060523','6893','6894',null,'1','1','3','20040819',null,null,'347','Vredenburg ','Vredenburg ',null,'126',null,null,'3511BE','Utrecht',null,null,null,null,null,null,null,null,'229',null,null);
INSERT INTO kern.his_persadres (id,persadres,dataanvgel,dateindegel,tsreg,tsverval,actieinh,actieverval,actieaanpgel,srt,rdnwijz,aangadresh,dataanvadresh,identcodeadresseerbaarobject,identcodenraand,gem,nor,afgekortenor,gemdeel,huisnr,huisletter,huisnrtoevoeging,postcode,wplnaam,loctenopzichtevanadres,locoms,bladresregel1,bladresregel2,bladresregel3,bladresregel4,bladresregel5,bladresregel6,landgebied,indpersaangetroffenopadres,nadereaandverval) VALUES('6824','6041','20010517','20040819','20040819',null,'6892',null,'6893','1','2',null,'20010517',null,null,'347','Biltstraat','Biltstraat',null,'107',null,null,'3572AM','Utrecht',null,null,null,null,null,null,null,null,'229',null,null);
INSERT INTO kern.his_persadres (id,persadres,dataanvgel,dateindegel,tsreg,tsverval,actieinh,actieverval,actieaanpgel,srt,rdnwijz,aangadresh,dataanvadresh,identcodeadresseerbaarobject,identcodenraand,gem,nor,afgekortenor,gemdeel,huisnr,huisletter,huisnrtoevoeging,postcode,wplnaam,loctenopzichtevanadres,locoms,bladresregel1,bladresregel2,bladresregel3,bladresregel4,bladresregel5,bladresregel6,landgebied,indpersaangetroffenopadres,nadereaandverval) VALUES('6823','6041','20010517',null,'20010517','20040819','6892','6893',null,'1','2',null,'20010517',null,null,'347','Biltstraat','Biltstraat',null,'107',null,null,'3572AM','Utrecht',null,null,null,null,null,null,null,null,'229',null,null);
INSERT INTO kern.his_persadres (id,persadres,dataanvgel,dateindegel,tsreg,tsverval,actieinh,actieverval,actieaanpgel,srt,rdnwijz,aangadresh,dataanvadresh,identcodeadresseerbaarobject,identcodenraand,gem,nor,afgekortenor,gemdeel,huisnr,huisletter,huisnrtoevoeging,postcode,wplnaam,loctenopzichtevanadres,locoms,bladresregel1,bladresregel2,bladresregel3,bladresregel4,bladresregel5,bladresregel6,landgebied,indpersaangetroffenopadres,nadereaandverval) VALUES('6822','6042','20010328',null,'20010328',null,'6891',null,null,'1','1','7','20010328',null,null,'347','Biltstraat','Biltstraat',null,'142',null,null,'3572BM','Utrecht',null,null,null,null,null,null,null,null,'229',null,null);
INSERT INTO kern.his_persadres (id,persadres,dataanvgel,dateindegel,tsreg,tsverval,actieinh,actieverval,actieaanpgel,srt,rdnwijz,aangadresh,dataanvadresh,identcodeadresseerbaarobject,identcodenraand,gem,nor,afgekortenor,gemdeel,huisnr,huisletter,huisnrtoevoeging,postcode,wplnaam,loctenopzichtevanadres,locoms,bladresregel1,bladresregel2,bladresregel3,bladresregel4,bladresregel5,bladresregel6,landgebied,indpersaangetroffenopadres,nadereaandverval) VALUES('6821','6042','19580921','20010328','20010328',null,'6890',null,'6891','1','2',null,'19580921',null,null,'342','Molenstraat','Molenstraat',null,'27',null,null,'3927AB','Delft',null,null,null,null,null,null,null,null,'229',null,null);
INSERT INTO kern.his_persadres (id,persadres,dataanvgel,dateindegel,tsreg,tsverval,actieinh,actieverval,actieaanpgel,srt,rdnwijz,aangadresh,dataanvadresh,identcodeadresseerbaarobject,identcodenraand,gem,nor,afgekortenor,gemdeel,huisnr,huisletter,huisnrtoevoeging,postcode,wplnaam,loctenopzichtevanadres,locoms,bladresregel1,bladresregel2,bladresregel3,bladresregel4,bladresregel5,bladresregel6,landgebied,indpersaangetroffenopadres,nadereaandverval) VALUES('6820','6042','19580921',null,'19580921','20010328','6890','6891',null,'1','2',null,'19580921',null,null,'342','Molenstraat','Molenstraat',null,'27',null,null,'3927AB','Delft',null,null,null,null,null,null,null,null,'229',null,null);
INSERT INTO kern.his_persadres (id,persadres,dataanvgel,dateindegel,tsreg,tsverval,actieinh,actieverval,actieaanpgel,srt,rdnwijz,aangadresh,dataanvadresh,identcodeadresseerbaarobject,identcodenraand,gem,nor,afgekortenor,gemdeel,huisnr,huisletter,huisnrtoevoeging,postcode,wplnaam,loctenopzichtevanadres,locoms,bladresregel1,bladresregel2,bladresregel3,bladresregel4,bladresregel5,bladresregel6,landgebied,indpersaangetroffenopadres,nadereaandverval) VALUES('6819','6043','19820528',null,'19820528',null,'6889',null,null,'1','1','3','19820528',null,null,'347','Biltstraat','Biltstraat',null,'142',null,null,'3572BM','Utrecht',null,null,null,null,null,null,null,null,'229',null,null);
INSERT INTO kern.his_persadres (id,persadres,dataanvgel,dateindegel,tsreg,tsverval,actieinh,actieverval,actieaanpgel,srt,rdnwijz,aangadresh,dataanvadresh,identcodeadresseerbaarobject,identcodenraand,gem,nor,afgekortenor,gemdeel,huisnr,huisletter,huisnrtoevoeging,postcode,wplnaam,loctenopzichtevanadres,locoms,bladresregel1,bladresregel2,bladresregel3,bladresregel4,bladresregel5,bladresregel6,landgebied,indpersaangetroffenopadres,nadereaandverval) VALUES('6818','6043','19590922','19820528','19820528',null,'6888',null,'6889','1','2',null,'19590922',null,null,'403','Middenweg','Middenweg ',null,'159',null,null,'1782BE','Egmond-Binnen',null,null,null,null,null,null,null,null,'229',null,null);
INSERT INTO kern.his_persadres (id,persadres,dataanvgel,dateindegel,tsreg,tsverval,actieinh,actieverval,actieaanpgel,srt,rdnwijz,aangadresh,dataanvadresh,identcodeadresseerbaarobject,identcodenraand,gem,nor,afgekortenor,gemdeel,huisnr,huisletter,huisnrtoevoeging,postcode,wplnaam,loctenopzichtevanadres,locoms,bladresregel1,bladresregel2,bladresregel3,bladresregel4,bladresregel5,bladresregel6,landgebied,indpersaangetroffenopadres,nadereaandverval) VALUES('6817','6043','19590922',null,'19590922','19820528','6888','6889',null,'1','2',null,'19590922',null,null,'403','Middenweg','Middenweg ',null,'159',null,null,'1782BE','Egmond-Binnen',null,null,null,null,null,null,null,null,'229',null,null);
INSERT INTO kern.his_persadres (id,persadres,dataanvgel,dateindegel,tsreg,tsverval,actieinh,actieverval,actieaanpgel,srt,rdnwijz,aangadresh,dataanvadresh,identcodeadresseerbaarobject,identcodenraand,gem,nor,afgekortenor,gemdeel,huisnr,huisletter,huisnrtoevoeging,postcode,wplnaam,loctenopzichtevanadres,locoms,bladresregel1,bladresregel2,bladresregel3,bladresregel4,bladresregel5,bladresregel6,landgebied,indpersaangetroffenopadres,nadereaandverval) VALUES('6816','6044','20010328',null,'20010328',null,'6887',null,null,'1','1','3','20010328',null,null,'347','Vredenburg','Vredenburg',null,'114',null,null,'3511BE','Utrecht',null,null,null,null,null,null,null,null,'229',null,null);
INSERT INTO kern.his_persadres (id,persadres,dataanvgel,dateindegel,tsreg,tsverval,actieinh,actieverval,actieaanpgel,srt,rdnwijz,aangadresh,dataanvadresh,identcodeadresseerbaarobject,identcodenraand,gem,nor,afgekortenor,gemdeel,huisnr,huisletter,huisnrtoevoeging,postcode,wplnaam,loctenopzichtevanadres,locoms,bladresregel1,bladresregel2,bladresregel3,bladresregel4,bladresregel5,bladresregel6,landgebied,indpersaangetroffenopadres,nadereaandverval) VALUES('6815','6044','19601221','20010328','20010328',null,'6886',null,'6887','1','2',null,'19601221',null,null,'342','Molenstraat','Molenstraat',null,'27',null,null,'3927AB','Delft',null,null,null,null,null,null,null,null,'229',null,null);
INSERT INTO kern.his_persadres (id,persadres,dataanvgel,dateindegel,tsreg,tsverval,actieinh,actieverval,actieaanpgel,srt,rdnwijz,aangadresh,dataanvadresh,identcodeadresseerbaarobject,identcodenraand,gem,nor,afgekortenor,gemdeel,huisnr,huisletter,huisnrtoevoeging,postcode,wplnaam,loctenopzichtevanadres,locoms,bladresregel1,bladresregel2,bladresregel3,bladresregel4,bladresregel5,bladresregel6,landgebied,indpersaangetroffenopadres,nadereaandverval) VALUES('6814','6044','19601221',null,'19601221','20010328','6886','6887',null,'1','2',null,'19601221',null,null,'342','Molenstraat','Molenstraat',null,'27',null,null,'3927AB','Delft',null,null,null,null,null,null,null,null,'229',null,null);
INSERT INTO kern.his_persadres (id,persadres,dataanvgel,dateindegel,tsreg,tsverval,actieinh,actieverval,actieaanpgel,srt,rdnwijz,aangadresh,dataanvadresh,identcodeadresseerbaarobject,identcodenraand,gem,nor,afgekortenor,gemdeel,huisnr,huisletter,huisnrtoevoeging,postcode,wplnaam,loctenopzichtevanadres,locoms,bladresregel1,bladresregel2,bladresregel3,bladresregel4,bladresregel5,bladresregel6,landgebied,indpersaangetroffenopadres,nadereaandverval) VALUES('6813','6045','19911002',null,'19911002',null,'6885',null,null,'1','1','7','19911002',null,null,'347','Vredenburg','Vredenburg',null,'114',null,null,'3511BE','Utrecht',null,null,null,null,null,null,null,null,'229',null,null);
INSERT INTO kern.his_persadres (id,persadres,dataanvgel,dateindegel,tsreg,tsverval,actieinh,actieverval,actieaanpgel,srt,rdnwijz,aangadresh,dataanvadresh,identcodeadresseerbaarobject,identcodenraand,gem,nor,afgekortenor,gemdeel,huisnr,huisletter,huisnrtoevoeging,postcode,wplnaam,loctenopzichtevanadres,locoms,bladresregel1,bladresregel2,bladresregel3,bladresregel4,bladresregel5,bladresregel6,landgebied,indpersaangetroffenopadres,nadereaandverval) VALUES('6812','6045','19611222','19911002','19911002',null,'6884',null,'6885','1','2',null,'19611222',null,null,'508','Nieuwe Haven','Nieuwe Haven',null,'13',null,null,'3311AP','Alkmaar',null,null,null,null,null,null,null,null,'229',null,null);
INSERT INTO kern.his_persadres (id,persadres,dataanvgel,dateindegel,tsreg,tsverval,actieinh,actieverval,actieaanpgel,srt,rdnwijz,aangadresh,dataanvadresh,identcodeadresseerbaarobject,identcodenraand,gem,nor,afgekortenor,gemdeel,huisnr,huisletter,huisnrtoevoeging,postcode,wplnaam,loctenopzichtevanadres,locoms,bladresregel1,bladresregel2,bladresregel3,bladresregel4,bladresregel5,bladresregel6,landgebied,indpersaangetroffenopadres,nadereaandverval) VALUES('6811','6045','19611222',null,'19611222','19911002','6884','6885',null,'1','2',null,'19611222',null,null,'508','Nieuwe Haven','Nieuwe Haven',null,'13',null,null,'3311AP','Alkmaar',null,null,null,null,null,null,null,null,'229',null,null);

commit;


--------------------------------------------------
--- EIND
--- Sheet: (his_persadres)
--- Handler: SheetHandlerImplSimpleInsert
--- Aantal: (190)
--------------------------------------------------
--------------------------------------------------
--- Sheet: (16) (vervangtabel adressen) wordt overgeslagen
--------------------------------------------------
--------------------------------------------------
--- Sheet: (17) (roulatie over 40) wordt overgeslagen
--------------------------------------------------
--------------------------------------------------
--- Sheet: (18) (update statement voor adres) wordt overgeslagen
--------------------------------------------------
--------------------------------------------------
--- START
--- Sheet: (relatie)
--- Handler: SheetHandlerImplSimpleInsert
--------------------------------------------------

begin;

INSERT INTO kern.relatie (id,srt,dataanv,gemaanv,wplnaamaanv,blplaatsaanv,blregioaanv,landgebiedaanv,omslocaanv,rdneinde,dateinde,gemeinde,wplnaameinde,blplaatseinde,blregioeinde,landgebiedeinde,omsloceinde) VALUES('6001','1','20030327','1431',null,null,null,'255','Modernodam',null,null,null,null,null,null,null,null);
INSERT INTO kern.relatie (id,srt,dataanv,gemaanv,wplnaamaanv,blplaatsaanv,blregioaanv,landgebiedaanv,omslocaanv,rdneinde,dateinde,gemeinde,wplnaameinde,blplaatseinde,blregioeinde,landgebiedeinde,omsloceinde) VALUES('6002','1','19901111','1431',null,null,null,'255','Modernodam',null,null,null,null,null,null,null,null);
INSERT INTO kern.relatie (id,srt,dataanv,gemaanv,wplnaamaanv,blplaatsaanv,blregioaanv,landgebiedaanv,omslocaanv,rdneinde,dateinde,gemeinde,wplnaameinde,blplaatseinde,blregioeinde,landgebiedeinde,omsloceinde) VALUES('6003','1','19970605','1431',null,null,null,'255','Modernodam',null,null,null,null,null,null,null,null);
INSERT INTO kern.relatie (id,srt,dataanv,gemaanv,wplnaamaanv,blplaatsaanv,blregioaanv,landgebiedaanv,omslocaanv,rdneinde,dateinde,gemeinde,wplnaameinde,blplaatseinde,blregioeinde,landgebiedeinde,omsloceinde) VALUES('6004','1','20031024','1431',null,null,null,'255','Modernodam',null,null,null,null,null,null,null,null);
INSERT INTO kern.relatie (id,srt,dataanv,gemaanv,wplnaamaanv,blplaatsaanv,blregioaanv,landgebiedaanv,omslocaanv,rdneinde,dateinde,gemeinde,wplnaameinde,blplaatseinde,blregioeinde,landgebiedeinde,omsloceinde) VALUES('6005','1','19960304','1431','Olst','An der Rheine','Uiterwaarde','255','Modernodam','6','20121212','1431','Wijhe','Unter der Rheine','Neben','229','40 karakters om te omschrijven,lukt dat');
INSERT INTO kern.relatie (id,srt,dataanv,gemaanv,wplnaamaanv,blplaatsaanv,blregioaanv,landgebiedaanv,omslocaanv,rdneinde,dateinde,gemeinde,wplnaameinde,blplaatseinde,blregioeinde,landgebiedeinde,omsloceinde) VALUES('6006','3',null,null,null,null,null,null,null,null,null,null,null,null,null,null,null);
INSERT INTO kern.relatie (id,srt,dataanv,gemaanv,wplnaamaanv,blplaatsaanv,blregioaanv,landgebiedaanv,omslocaanv,rdneinde,dateinde,gemeinde,wplnaameinde,blplaatseinde,blregioeinde,landgebiedeinde,omsloceinde) VALUES('6007','3',null,null,null,null,null,null,null,null,null,null,null,null,null,null,null);
INSERT INTO kern.relatie (id,srt,dataanv,gemaanv,wplnaamaanv,blplaatsaanv,blregioaanv,landgebiedaanv,omslocaanv,rdneinde,dateinde,gemeinde,wplnaameinde,blplaatseinde,blregioeinde,landgebiedeinde,omsloceinde) VALUES('6008','3',null,null,null,null,null,null,null,null,null,null,null,null,null,null,null);
INSERT INTO kern.relatie (id,srt,dataanv,gemaanv,wplnaamaanv,blplaatsaanv,blregioaanv,landgebiedaanv,omslocaanv,rdneinde,dateinde,gemeinde,wplnaameinde,blplaatseinde,blregioeinde,landgebiedeinde,omsloceinde) VALUES('6009','1','19800610','1431',null,null,null,'255','Modernodam',null,null,null,null,null,null,null,null);
INSERT INTO kern.relatie (id,srt,dataanv,gemaanv,wplnaamaanv,blplaatsaanv,blregioaanv,landgebiedaanv,omslocaanv,rdneinde,dateinde,gemeinde,wplnaameinde,blplaatseinde,blregioeinde,landgebiedeinde,omsloceinde) VALUES('6010','1','19810425','1431',null,null,null,'255','Modernodam',null,null,null,null,null,null,null,null);
INSERT INTO kern.relatie (id,srt,dataanv,gemaanv,wplnaamaanv,blplaatsaanv,blregioaanv,landgebiedaanv,omslocaanv,rdneinde,dateinde,gemeinde,wplnaameinde,blplaatseinde,blregioeinde,landgebiedeinde,omsloceinde) VALUES('6011','1','19760701','1431',null,null,null,'255','Modernodam',null,null,null,null,null,null,null,null);
INSERT INTO kern.relatie (id,srt,dataanv,gemaanv,wplnaamaanv,blplaatsaanv,blregioaanv,landgebiedaanv,omslocaanv,rdneinde,dateinde,gemeinde,wplnaameinde,blplaatseinde,blregioeinde,landgebiedeinde,omsloceinde) VALUES('6012','3',null,null,null,null,null,null,null,null,null,null,null,null,null,null,null);
INSERT INTO kern.relatie (id,srt,dataanv,gemaanv,wplnaamaanv,blplaatsaanv,blregioaanv,landgebiedaanv,omslocaanv,rdneinde,dateinde,gemeinde,wplnaameinde,blplaatseinde,blregioeinde,landgebiedeinde,omsloceinde) VALUES('6013','3',null,null,null,null,null,null,null,null,null,null,null,null,null,null,null);
INSERT INTO kern.relatie (id,srt,dataanv,gemaanv,wplnaamaanv,blplaatsaanv,blregioaanv,landgebiedaanv,omslocaanv,rdneinde,dateinde,gemeinde,wplnaameinde,blplaatseinde,blregioeinde,landgebiedeinde,omsloceinde) VALUES('6014','1','20060315','1431',null,null,null,'255','Modernodam',null,null,null,null,null,null,null,null);
INSERT INTO kern.relatie (id,srt,dataanv,gemaanv,wplnaamaanv,blplaatsaanv,blregioaanv,landgebiedaanv,omslocaanv,rdneinde,dateinde,gemeinde,wplnaameinde,blplaatseinde,blregioeinde,landgebiedeinde,omsloceinde) VALUES('6015','3',null,null,null,null,null,null,null,null,null,null,null,null,null,null,null);
INSERT INTO kern.relatie (id,srt,dataanv,gemaanv,wplnaamaanv,blplaatsaanv,blregioaanv,landgebiedaanv,omslocaanv,rdneinde,dateinde,gemeinde,wplnaameinde,blplaatseinde,blregioeinde,landgebiedeinde,omsloceinde) VALUES('6016','2','20031010','1431',null,null,null,'255','Modernodam',null,null,null,null,null,null,null,null);
INSERT INTO kern.relatie (id,srt,dataanv,gemaanv,wplnaamaanv,blplaatsaanv,blregioaanv,landgebiedaanv,omslocaanv,rdneinde,dateinde,gemeinde,wplnaameinde,blplaatseinde,blregioeinde,landgebiedeinde,omsloceinde) VALUES('6017','3',null,null,null,null,null,null,null,null,null,null,null,null,null,null,null);
INSERT INTO kern.relatie (id,srt,dataanv,gemaanv,wplnaamaanv,blplaatsaanv,blregioaanv,landgebiedaanv,omslocaanv,rdneinde,dateinde,gemeinde,wplnaameinde,blplaatseinde,blregioeinde,landgebiedeinde,omsloceinde) VALUES('6018','3',null,null,null,null,null,null,null,null,null,null,null,null,null,null,null);

commit;


--------------------------------------------------
--- EIND
--- Sheet: (relatie)
--- Handler: SheetHandlerImplSimpleInsert
--- Aantal: (28)
--------------------------------------------------
--------------------------------------------------
--- START
--- Sheet: (his_relatie)
--- Handler: SheetHandlerImplSimpleInsert
--------------------------------------------------

begin;

INSERT INTO kern.his_relatie (id,relatie,tsreg,tsverval,actieinh,actieverval,dataanv,gemaanv,wplnaamaanv,blplaatsaanv,blregioaanv,landgebiedaanv,omslocaanv,rdneinde,dateinde,gemeinde,wplnaameinde,blplaatseinde,blregioeinde,landgebiedeinde,omsloceinde,nadereaandverval) VALUES('6001','6001','20030327',null,'6501',null,'20030327','1431',null,null,null,'255','Modernodam',null,null,null,null,null,null,null,null,null);
INSERT INTO kern.his_relatie (id,relatie,tsreg,tsverval,actieinh,actieverval,dataanv,gemaanv,wplnaamaanv,blplaatsaanv,blregioaanv,landgebiedaanv,omslocaanv,rdneinde,dateinde,gemeinde,wplnaameinde,blplaatseinde,blregioeinde,landgebiedeinde,omsloceinde,nadereaandverval) VALUES('6002','6002','19901111',null,'6502',null,'19901111','1431',null,null,null,'255','Modernodam',null,null,null,null,null,null,null,null,null);
INSERT INTO kern.his_relatie (id,relatie,tsreg,tsverval,actieinh,actieverval,dataanv,gemaanv,wplnaamaanv,blplaatsaanv,blregioaanv,landgebiedaanv,omslocaanv,rdneinde,dateinde,gemeinde,wplnaameinde,blplaatseinde,blregioeinde,landgebiedeinde,omsloceinde,nadereaandverval) VALUES('6003','6003','19970605',null,'6503',null,'19970605','1431',null,null,null,'255','Modernodam',null,null,null,null,null,null,null,null,null);
INSERT INTO kern.his_relatie (id,relatie,tsreg,tsverval,actieinh,actieverval,dataanv,gemaanv,wplnaamaanv,blplaatsaanv,blregioaanv,landgebiedaanv,omslocaanv,rdneinde,dateinde,gemeinde,wplnaameinde,blplaatseinde,blregioeinde,landgebiedeinde,omsloceinde,nadereaandverval) VALUES('6004','6004','20031024',null,'6504',null,'20031024','1431',null,null,null,'255','Modernodam',null,null,null,null,null,null,null,null,null);
INSERT INTO kern.his_relatie (id,relatie,tsreg,tsverval,actieinh,actieverval,dataanv,gemaanv,wplnaamaanv,blplaatsaanv,blregioaanv,landgebiedaanv,omslocaanv,rdneinde,dateinde,gemeinde,wplnaameinde,blplaatseinde,blregioeinde,landgebiedeinde,omsloceinde,nadereaandverval) VALUES('6005','6005','19960304',null,'6505',null,'19960304','1431','Olst','An der Rheine','Uiterwaarde','255','Modernodam','6','20121212','1431','Wijhe','Unter der Rheine','Neben','229','40 karakters om te omschrijven,lukt dat',null);
INSERT INTO kern.his_relatie (id,relatie,tsreg,tsverval,actieinh,actieverval,dataanv,gemaanv,wplnaamaanv,blplaatsaanv,blregioaanv,landgebiedaanv,omslocaanv,rdneinde,dateinde,gemeinde,wplnaameinde,blplaatseinde,blregioeinde,landgebiedeinde,omsloceinde,nadereaandverval) VALUES('6009','6009','19800610',null,'6630',null,'19800610','1431',null,null,null,'255','Modernodam',null,null,null,null,null,null,null,null,null);
INSERT INTO kern.his_relatie (id,relatie,tsreg,tsverval,actieinh,actieverval,dataanv,gemaanv,wplnaamaanv,blplaatsaanv,blregioaanv,landgebiedaanv,omslocaanv,rdneinde,dateinde,gemeinde,wplnaameinde,blplaatseinde,blregioeinde,landgebiedeinde,omsloceinde,nadereaandverval) VALUES('6010','6010','19810425',null,'6631',null,'19810425','1431',null,null,null,'255','Modernodam',null,null,null,null,null,null,null,null,null);
INSERT INTO kern.his_relatie (id,relatie,tsreg,tsverval,actieinh,actieverval,dataanv,gemaanv,wplnaamaanv,blplaatsaanv,blregioaanv,landgebiedaanv,omslocaanv,rdneinde,dateinde,gemeinde,wplnaameinde,blplaatseinde,blregioeinde,landgebiedeinde,omsloceinde,nadereaandverval) VALUES('6011','6011','19760701',null,'6632',null,'19760701','1431',null,null,null,'255','Modernodam',null,null,null,null,null,null,null,null,null);
INSERT INTO kern.his_relatie (id,relatie,tsreg,tsverval,actieinh,actieverval,dataanv,gemaanv,wplnaamaanv,blplaatsaanv,blregioaanv,landgebiedaanv,omslocaanv,rdneinde,dateinde,gemeinde,wplnaameinde,blplaatseinde,blregioeinde,landgebiedeinde,omsloceinde,nadereaandverval) VALUES('6014','6014','20060315',null,'6633',null,'20060315','1431',null,null,null,'255','Modernodam',null,null,null,null,null,null,null,null,null);
INSERT INTO kern.his_relatie (id,relatie,tsreg,tsverval,actieinh,actieverval,dataanv,gemaanv,wplnaamaanv,blplaatsaanv,blregioaanv,landgebiedaanv,omslocaanv,rdneinde,dateinde,gemeinde,wplnaameinde,blplaatseinde,blregioeinde,landgebiedeinde,omsloceinde,nadereaandverval) VALUES('6016','6016','20031010',null,'6637',null,'20031010','1431',null,null,null,'255','Modernodam',null,null,null,null,null,null,null,null,null);

commit;


--------------------------------------------------
--- EIND
--- Sheet: (his_relatie)
--- Handler: SheetHandlerImplSimpleInsert
--- Aantal: (20)
--------------------------------------------------
--------------------------------------------------
--- START
--- Sheet: (betr)
--- Handler: SheetHandlerImplSimpleInsert
--------------------------------------------------

begin;

INSERT INTO kern.betr (id,relatie,rol,pers,indouder,indouderheeftgezag,indouderuitwiekindisgeboren) VALUES('6001','6001','3','6001',null,null,null);
INSERT INTO kern.betr (id,relatie,rol,pers,indouder,indouderheeftgezag,indouderuitwiekindisgeboren) VALUES('6002','6001','3','6002',null,null,null);
INSERT INTO kern.betr (id,relatie,rol,pers,indouder,indouderheeftgezag,indouderuitwiekindisgeboren) VALUES('6003','6002','3','6003',null,null,null);
INSERT INTO kern.betr (id,relatie,rol,pers,indouder,indouderheeftgezag,indouderuitwiekindisgeboren) VALUES('6004','6002','3','6004',null,null,null);
INSERT INTO kern.betr (id,relatie,rol,pers,indouder,indouderheeftgezag,indouderuitwiekindisgeboren) VALUES('6005','6003','3','6005',null,null,null);
INSERT INTO kern.betr (id,relatie,rol,pers,indouder,indouderheeftgezag,indouderuitwiekindisgeboren) VALUES('6006','6003','3','6006',null,null,null);
INSERT INTO kern.betr (id,relatie,rol,pers,indouder,indouderheeftgezag,indouderuitwiekindisgeboren) VALUES('6007','6004','3','6007',null,null,null);
INSERT INTO kern.betr (id,relatie,rol,pers,indouder,indouderheeftgezag,indouderuitwiekindisgeboren) VALUES('6008','6004','3','6008',null,null,null);
INSERT INTO kern.betr (id,relatie,rol,pers,indouder,indouderheeftgezag,indouderuitwiekindisgeboren) VALUES('6009','6005','3','6010',null,null,null);
INSERT INTO kern.betr (id,relatie,rol,pers,indouder,indouderheeftgezag,indouderuitwiekindisgeboren) VALUES('6010','6005','3','6011',null,null,null);
INSERT INTO kern.betr (id,relatie,rol,pers,indouder,indouderheeftgezag,indouderuitwiekindisgeboren) VALUES('6011','6006','2','6007','true','true',null);
INSERT INTO kern.betr (id,relatie,rol,pers,indouder,indouderheeftgezag,indouderuitwiekindisgeboren) VALUES('6012','6006','2','6008','true','true',null);
INSERT INTO kern.betr (id,relatie,rol,pers,indouder,indouderheeftgezag,indouderuitwiekindisgeboren) VALUES('6013','6006','1','6009',null,null,null);
INSERT INTO kern.betr (id,relatie,rol,pers,indouder,indouderheeftgezag,indouderuitwiekindisgeboren) VALUES('6014','6007','2','6042','true','true',null);
INSERT INTO kern.betr (id,relatie,rol,pers,indouder,indouderheeftgezag,indouderuitwiekindisgeboren) VALUES('6015','6007','2','6043','true','true',null);
INSERT INTO kern.betr (id,relatie,rol,pers,indouder,indouderheeftgezag,indouderuitwiekindisgeboren) VALUES('6016','6007','1','6027',null,null,null);
INSERT INTO kern.betr (id,relatie,rol,pers,indouder,indouderheeftgezag,indouderuitwiekindisgeboren) VALUES('6017','6008','2','6042','true','true',null);
INSERT INTO kern.betr (id,relatie,rol,pers,indouder,indouderheeftgezag,indouderuitwiekindisgeboren) VALUES('6018','6008','2','6043','true','true',null);
INSERT INTO kern.betr (id,relatie,rol,pers,indouder,indouderheeftgezag,indouderuitwiekindisgeboren) VALUES('6019','6008','1','6028',null,null,null);
INSERT INTO kern.betr (id,relatie,rol,pers,indouder,indouderheeftgezag,indouderuitwiekindisgeboren) VALUES('6020','6008','2','6044',null,null,null);
INSERT INTO kern.betr (id,relatie,rol,pers,indouder,indouderheeftgezag,indouderuitwiekindisgeboren) VALUES('6021','6008','2','6045',null,null,null);
INSERT INTO kern.betr (id,relatie,rol,pers,indouder,indouderheeftgezag,indouderuitwiekindisgeboren) VALUES('6022','6009','3','6042',null,null,null);
INSERT INTO kern.betr (id,relatie,rol,pers,indouder,indouderheeftgezag,indouderuitwiekindisgeboren) VALUES('6023','6009','3','6043',null,null,null);
INSERT INTO kern.betr (id,relatie,rol,pers,indouder,indouderheeftgezag,indouderuitwiekindisgeboren) VALUES('6024','6010','3','6044',null,null,null);
INSERT INTO kern.betr (id,relatie,rol,pers,indouder,indouderheeftgezag,indouderuitwiekindisgeboren) VALUES('6025','6010','3','6045',null,null,null);
INSERT INTO kern.betr (id,relatie,rol,pers,indouder,indouderheeftgezag,indouderuitwiekindisgeboren) VALUES('6026','6011','3','6032',null,null,null);
INSERT INTO kern.betr (id,relatie,rol,pers,indouder,indouderheeftgezag,indouderuitwiekindisgeboren) VALUES('6027','6011','3','6033',null,null,null);
INSERT INTO kern.betr (id,relatie,rol,pers,indouder,indouderheeftgezag,indouderuitwiekindisgeboren) VALUES('6028','6012','2','6035','true','true',null);
INSERT INTO kern.betr (id,relatie,rol,pers,indouder,indouderheeftgezag,indouderuitwiekindisgeboren) VALUES('6029','6012','2','6036','true','true',null);
INSERT INTO kern.betr (id,relatie,rol,pers,indouder,indouderheeftgezag,indouderuitwiekindisgeboren) VALUES('6030','6012','1','6037',null,null,null);
INSERT INTO kern.betr (id,relatie,rol,pers,indouder,indouderheeftgezag,indouderuitwiekindisgeboren) VALUES('6031','6013','2','6035','true','true',null);
INSERT INTO kern.betr (id,relatie,rol,pers,indouder,indouderheeftgezag,indouderuitwiekindisgeboren) VALUES('6032','6013','2','6036','true','true',null);
INSERT INTO kern.betr (id,relatie,rol,pers,indouder,indouderheeftgezag,indouderuitwiekindisgeboren) VALUES('6033','6013','1','6038',null,null,null);
INSERT INTO kern.betr (id,relatie,rol,pers,indouder,indouderheeftgezag,indouderuitwiekindisgeboren) VALUES('6034','6014','3','6035',null,null,null);
INSERT INTO kern.betr (id,relatie,rol,pers,indouder,indouderheeftgezag,indouderuitwiekindisgeboren) VALUES('6035','6014','3','6036',null,null,null);
INSERT INTO kern.betr (id,relatie,rol,pers,indouder,indouderheeftgezag,indouderuitwiekindisgeboren) VALUES('6036','6015','1','6022',null,null,null);
INSERT INTO kern.betr (id,relatie,rol,pers,indouder,indouderheeftgezag,indouderuitwiekindisgeboren) VALUES('6037','6015','2','6020','true','true',null);
INSERT INTO kern.betr (id,relatie,rol,pers,indouder,indouderheeftgezag,indouderuitwiekindisgeboren) VALUES('6038','6016','3','6016',null,null,null);
INSERT INTO kern.betr (id,relatie,rol,pers,indouder,indouderheeftgezag,indouderuitwiekindisgeboren) VALUES('6039','6016','3','6017',null,null,null);
INSERT INTO kern.betr (id,relatie,rol,pers,indouder,indouderheeftgezag,indouderuitwiekindisgeboren) VALUES('6040','6017','2','6016','true','true',null);
INSERT INTO kern.betr (id,relatie,rol,pers,indouder,indouderheeftgezag,indouderuitwiekindisgeboren) VALUES('6041','6017','2','6017','true','true',null);
INSERT INTO kern.betr (id,relatie,rol,pers,indouder,indouderheeftgezag,indouderuitwiekindisgeboren) VALUES('6042','6017','1','6039',null,null,null);
INSERT INTO kern.betr (id,relatie,rol,pers,indouder,indouderheeftgezag,indouderuitwiekindisgeboren) VALUES('6043','6018','2','6020','true','true',null);
INSERT INTO kern.betr (id,relatie,rol,pers,indouder,indouderheeftgezag,indouderuitwiekindisgeboren) VALUES('6044','6018','1','6046',null,null,null);

commit;


--------------------------------------------------
--- EIND
--- Sheet: (betr)
--- Handler: SheetHandlerImplSimpleInsert
--- Aantal: (54)
--------------------------------------------------
--------------------------------------------------
--- START
--- Sheet: (His_OuderOuderlijkGezag)
--- Handler: SheetHandlerImplSimpleInsert
--------------------------------------------------

begin;

INSERT INTO kern.his_ouderouderlijkgezag (id,betr,dataanvgel,dateindegel,tsreg,tsverval,actieinh,actieverval,actieaanpgel,indouderheeftgezag,nadereaandverval) VALUES('6011','6011','20031226',null,'20031226',null,'6500',null,null,'true',null);
INSERT INTO kern.his_ouderouderlijkgezag (id,betr,dataanvgel,dateindegel,tsreg,tsverval,actieinh,actieverval,actieaanpgel,indouderheeftgezag,nadereaandverval) VALUES('6012','6012','20031226',null,'20031226',null,'6500',null,null,'true',null);
INSERT INTO kern.his_ouderouderlijkgezag (id,betr,dataanvgel,dateindegel,tsreg,tsverval,actieinh,actieverval,actieaanpgel,indouderheeftgezag,nadereaandverval) VALUES('6014','6014','19910911',null,'19910911',null,'6627',null,null,'true',null);
INSERT INTO kern.his_ouderouderlijkgezag (id,betr,dataanvgel,dateindegel,tsreg,tsverval,actieinh,actieverval,actieaanpgel,indouderheeftgezag,nadereaandverval) VALUES('6015','6015','19910911',null,'19910911',null,'6627',null,null,'true',null);
INSERT INTO kern.his_ouderouderlijkgezag (id,betr,dataanvgel,dateindegel,tsreg,tsverval,actieinh,actieverval,actieaanpgel,indouderheeftgezag,nadereaandverval) VALUES('6017','6017','20001022',null,'20001022',null,'6628',null,null,'true',null);
INSERT INTO kern.his_ouderouderlijkgezag (id,betr,dataanvgel,dateindegel,tsreg,tsverval,actieinh,actieverval,actieaanpgel,indouderheeftgezag,nadereaandverval) VALUES('6018','6018','20001022',null,'20001022',null,'6628',null,null,'true',null);
INSERT INTO kern.his_ouderouderlijkgezag (id,betr,dataanvgel,dateindegel,tsreg,tsverval,actieinh,actieverval,actieaanpgel,indouderheeftgezag,nadereaandverval) VALUES('6020','6020','19900722',null,'19900722','20001022','6626','6628',null,'true',null);
INSERT INTO kern.his_ouderouderlijkgezag (id,betr,dataanvgel,dateindegel,tsreg,tsverval,actieinh,actieverval,actieaanpgel,indouderheeftgezag,nadereaandverval) VALUES('6120','6020','19900722','20001022','20001022',null,'6626',null,'6628','true',null);
INSERT INTO kern.his_ouderouderlijkgezag (id,betr,dataanvgel,dateindegel,tsreg,tsverval,actieinh,actieverval,actieaanpgel,indouderheeftgezag,nadereaandverval) VALUES('6021','6021','19900722',null,'19900722','20001022','6626','6628',null,'true',null);
INSERT INTO kern.his_ouderouderlijkgezag (id,betr,dataanvgel,dateindegel,tsreg,tsverval,actieinh,actieverval,actieaanpgel,indouderheeftgezag,nadereaandverval) VALUES('6121','6021','19900722','20001022','20001022',null,'6626',null,'6628','true',null);
INSERT INTO kern.his_ouderouderlijkgezag (id,betr,dataanvgel,dateindegel,tsreg,tsverval,actieinh,actieverval,actieaanpgel,indouderheeftgezag,nadereaandverval) VALUES('6028','6028','20050112',null,'20050112',null,'6634',null,null,'true',null);
INSERT INTO kern.his_ouderouderlijkgezag (id,betr,dataanvgel,dateindegel,tsreg,tsverval,actieinh,actieverval,actieaanpgel,indouderheeftgezag,nadereaandverval) VALUES('6029','6029','20050112',null,'20050112',null,'6634',null,null,'true',null);
INSERT INTO kern.his_ouderouderlijkgezag (id,betr,dataanvgel,dateindegel,tsreg,tsverval,actieinh,actieverval,actieaanpgel,indouderheeftgezag,nadereaandverval) VALUES('6031','6031','20051201',null,'20051201',null,'6635',null,null,'true',null);
INSERT INTO kern.his_ouderouderlijkgezag (id,betr,dataanvgel,dateindegel,tsreg,tsverval,actieinh,actieverval,actieaanpgel,indouderheeftgezag,nadereaandverval) VALUES('6032','6032','20051201',null,'20051201',null,'6635',null,null,'true',null);
INSERT INTO kern.his_ouderouderlijkgezag (id,betr,dataanvgel,dateindegel,tsreg,tsverval,actieinh,actieverval,actieaanpgel,indouderheeftgezag,nadereaandverval) VALUES('6033','6037','19951003',null,'19951003',null,'6636',null,null,'true',null);
INSERT INTO kern.his_ouderouderlijkgezag (id,betr,dataanvgel,dateindegel,tsreg,tsverval,actieinh,actieverval,actieaanpgel,indouderheeftgezag,nadereaandverval) VALUES('6034','6040','20050112',null,'20050112',null,'6638',null,null,'true',null);
INSERT INTO kern.his_ouderouderlijkgezag (id,betr,dataanvgel,dateindegel,tsreg,tsverval,actieinh,actieverval,actieaanpgel,indouderheeftgezag,nadereaandverval) VALUES('6035','6041','20050112',null,'20050112',null,'6638',null,null,'true',null);
INSERT INTO kern.his_ouderouderlijkgezag (id,betr,dataanvgel,dateindegel,tsreg,tsverval,actieinh,actieverval,actieaanpgel,indouderheeftgezag,nadereaandverval) VALUES('6036','6043','19900101',null,'19900101',null,'6046',null,null,'true',null);

commit;


--------------------------------------------------
--- EIND
--- Sheet: (His_OuderOuderlijkGezag)
--- Handler: SheetHandlerImplSimpleInsert
--- Aantal: (26)
--------------------------------------------------
--------------------------------------------------
--- START
--- Sheet: (His_OuderOuderschap)
--- Handler: SheetHandlerImplSimpleInsert
--------------------------------------------------

begin;

INSERT INTO kern.his_ouderouderschap (id,betr,dataanvgel,dateindegel,tsreg,tsverval,actieinh,actieverval,actieaanpgel,indouder,indouderuitwiekindisgeboren,nadereaandverval) VALUES('6011','6011','20031226',null,'20031226',null,'6500',null,null,'true',null,null);
INSERT INTO kern.his_ouderouderschap (id,betr,dataanvgel,dateindegel,tsreg,tsverval,actieinh,actieverval,actieaanpgel,indouder,indouderuitwiekindisgeboren,nadereaandverval) VALUES('6012','6012','20031226',null,'20031226',null,'6500',null,null,'true',null,null);
INSERT INTO kern.his_ouderouderschap (id,betr,dataanvgel,dateindegel,tsreg,tsverval,actieinh,actieverval,actieaanpgel,indouder,indouderuitwiekindisgeboren,nadereaandverval) VALUES('6014','6014','19910911',null,'19910911',null,'6627',null,null,'true',null,null);
INSERT INTO kern.his_ouderouderschap (id,betr,dataanvgel,dateindegel,tsreg,tsverval,actieinh,actieverval,actieaanpgel,indouder,indouderuitwiekindisgeboren,nadereaandverval) VALUES('6015','6015','19910911',null,'19910911',null,'6627',null,null,'true',null,null);
INSERT INTO kern.his_ouderouderschap (id,betr,dataanvgel,dateindegel,tsreg,tsverval,actieinh,actieverval,actieaanpgel,indouder,indouderuitwiekindisgeboren,nadereaandverval) VALUES('6017','6017','20001022',null,'20001022',null,'6628',null,null,'true',null,null);
INSERT INTO kern.his_ouderouderschap (id,betr,dataanvgel,dateindegel,tsreg,tsverval,actieinh,actieverval,actieaanpgel,indouder,indouderuitwiekindisgeboren,nadereaandverval) VALUES('6018','6018','20001022',null,'20001022',null,'6628',null,null,'true',null,null);
INSERT INTO kern.his_ouderouderschap (id,betr,dataanvgel,dateindegel,tsreg,tsverval,actieinh,actieverval,actieaanpgel,indouder,indouderuitwiekindisgeboren,nadereaandverval) VALUES('6020','6020','19900722',null,'19900722','20001022','6626','6628',null,'true',null,null);
INSERT INTO kern.his_ouderouderschap (id,betr,dataanvgel,dateindegel,tsreg,tsverval,actieinh,actieverval,actieaanpgel,indouder,indouderuitwiekindisgeboren,nadereaandverval) VALUES('6120','6020','19900722','20001022','20001022',null,'6626',null,'6628','true',null,null);
INSERT INTO kern.his_ouderouderschap (id,betr,dataanvgel,dateindegel,tsreg,tsverval,actieinh,actieverval,actieaanpgel,indouder,indouderuitwiekindisgeboren,nadereaandverval) VALUES('6021','6021','19900722',null,'19900722','20001022','6626','6628',null,'true',null,null);
INSERT INTO kern.his_ouderouderschap (id,betr,dataanvgel,dateindegel,tsreg,tsverval,actieinh,actieverval,actieaanpgel,indouder,indouderuitwiekindisgeboren,nadereaandverval) VALUES('6121','6021','19900722','20001022','20001022',null,'6626',null,'6628','true',null,null);
INSERT INTO kern.his_ouderouderschap (id,betr,dataanvgel,dateindegel,tsreg,tsverval,actieinh,actieverval,actieaanpgel,indouder,indouderuitwiekindisgeboren,nadereaandverval) VALUES('6028','6028','20050112',null,'20050112',null,'6634',null,null,'true',null,null);
INSERT INTO kern.his_ouderouderschap (id,betr,dataanvgel,dateindegel,tsreg,tsverval,actieinh,actieverval,actieaanpgel,indouder,indouderuitwiekindisgeboren,nadereaandverval) VALUES('6029','6029','20050112',null,'20050112',null,'6634',null,null,'true',null,null);
INSERT INTO kern.his_ouderouderschap (id,betr,dataanvgel,dateindegel,tsreg,tsverval,actieinh,actieverval,actieaanpgel,indouder,indouderuitwiekindisgeboren,nadereaandverval) VALUES('6031','6031','20051201',null,'20051201',null,'6635',null,null,'true',null,null);
INSERT INTO kern.his_ouderouderschap (id,betr,dataanvgel,dateindegel,tsreg,tsverval,actieinh,actieverval,actieaanpgel,indouder,indouderuitwiekindisgeboren,nadereaandverval) VALUES('6032','6032','20051201',null,'20051201',null,'6635',null,null,'true',null,null);
INSERT INTO kern.his_ouderouderschap (id,betr,dataanvgel,dateindegel,tsreg,tsverval,actieinh,actieverval,actieaanpgel,indouder,indouderuitwiekindisgeboren,nadereaandverval) VALUES('6033','6037','19951003',null,'19951003',null,'6636',null,null,'true',null,null);
INSERT INTO kern.his_ouderouderschap (id,betr,dataanvgel,dateindegel,tsreg,tsverval,actieinh,actieverval,actieaanpgel,indouder,indouderuitwiekindisgeboren,nadereaandverval) VALUES('6034','6040','20050112',null,'20050112',null,'6638',null,null,'true',null,null);
INSERT INTO kern.his_ouderouderschap (id,betr,dataanvgel,dateindegel,tsreg,tsverval,actieinh,actieverval,actieaanpgel,indouder,indouderuitwiekindisgeboren,nadereaandverval) VALUES('6035','6041','20050112',null,'20050112',null,'6638',null,null,'true',null,null);
INSERT INTO kern.his_ouderouderschap (id,betr,dataanvgel,dateindegel,tsreg,tsverval,actieinh,actieverval,actieaanpgel,indouder,indouderuitwiekindisgeboren,nadereaandverval) VALUES('6036','6043','19900101',null,'19900101',null,'6046',null,null,'true',null,null);

commit;


--------------------------------------------------
--- EIND
--- Sheet: (His_OuderOuderschap)
--- Handler: SheetHandlerImplSimpleInsert
--- Aantal: (26)
--------------------------------------------------
--------------------------------------------------
--- Sheet: (24) (update statements) wordt overgeslagen
--------------------------------------------------
--------------------------------------------------
--- START
--- Sheet: (persindicatie)
--- Handler: SheetHandlerImplSimpleInsert
--------------------------------------------------

begin;

INSERT INTO kern.persindicatie (id,pers,srt,waarde) VALUES('6013','6013','5','true');
INSERT INTO kern.persindicatie (id,pers,srt,waarde) VALUES('6023','6023','2','true');
INSERT INTO kern.persindicatie (id,pers,srt,waarde) VALUES('6003','6003','3','true');
INSERT INTO kern.persindicatie (id,pers,srt,waarde) VALUES('6004','6004','2','true');
INSERT INTO kern.persindicatie (id,pers,srt,waarde) VALUES('6009','6009','3','true');
INSERT INTO kern.persindicatie (id,pers,srt,waarde) VALUES('6017','6017','3','true');
INSERT INTO kern.persindicatie (id,pers,srt,waarde) VALUES('6113','6013','8','true');

commit;


--------------------------------------------------
--- EIND
--- Sheet: (persindicatie)
--- Handler: SheetHandlerImplSimpleInsert
--- Aantal: (8)
--------------------------------------------------
--------------------------------------------------
--- START
--- Sheet: (his_persindicatie)
--- Handler: SheetHandlerImplSimpleInsert
--------------------------------------------------

begin;

INSERT INTO kern.his_persindicatie (id,persindicatie,dataanvgel,dateindegel,tsreg,tsverval,actieinh,actieverval,actieaanpgel,waarde,nadereaandverval) VALUES('6013','6013','19550602',null,'19550602',null,'6624',null,null,'true',null);
INSERT INTO kern.his_persindicatie (id,persindicatie,dataanvgel,dateindegel,tsreg,tsverval,actieinh,actieverval,actieaanpgel,waarde,nadereaandverval) VALUES('6023','6023','19941003',null,'19941003',null,'6625',null,null,'true',null);
INSERT INTO kern.his_persindicatie (id,persindicatie,dataanvgel,dateindegel,tsreg,tsverval,actieinh,actieverval,actieaanpgel,waarde,nadereaandverval) VALUES('6003','6003','19660302','20100505','20100505',null,'6639',null,'6640','true',null);
INSERT INTO kern.his_persindicatie (id,persindicatie,dataanvgel,dateindegel,tsreg,tsverval,actieinh,actieverval,actieaanpgel,waarde,nadereaandverval) VALUES('6004','6004','19691227','20100505','20100505',null,'6641',null,'6642','true',null);
INSERT INTO kern.his_persindicatie (id,persindicatie,dataanvgel,dateindegel,tsreg,tsverval,actieinh,actieverval,actieaanpgel,waarde,nadereaandverval) VALUES('6009','6009','19710717',null,'19710717',null,'6643',null,null,'true',null);
INSERT INTO kern.his_persindicatie (id,persindicatie,dataanvgel,dateindegel,tsreg,tsverval,actieinh,actieverval,actieaanpgel,waarde,nadereaandverval) VALUES('6017','6017','20130512',null,'20130512',null,'6017',null,null,'true',null);
INSERT INTO kern.his_persindicatie (id,persindicatie,dataanvgel,dateindegel,tsreg,tsverval,actieinh,actieverval,actieaanpgel,waarde,nadereaandverval) VALUES('6113','6113','20040805',null,'20040805',null,'6624',null,null,'true',null);

commit;


--------------------------------------------------
--- EIND
--- Sheet: (his_persindicatie)
--- Handler: SheetHandlerImplSimpleInsert
--- Aantal: (8)
--------------------------------------------------
--------------------------------------------------
--- START
--- Sheet: (persvoornaam)
--- Handler: SheetHandlerImplSimpleInsert
--------------------------------------------------

begin;

INSERT INTO kern.persvoornaam (naam,id,pers,volgnr) VALUES('Cees','6001','6001','1');
INSERT INTO kern.persvoornaam (naam,id,pers,volgnr) VALUES('Paula','6002','6002','1');
INSERT INTO kern.persvoornaam (naam,id,pers,volgnr) VALUES('Christoffel','6003','6003','1');
INSERT INTO kern.persvoornaam (naam,id,pers,volgnr) VALUES('Eleonora','6004','6004','1');
INSERT INTO kern.persvoornaam (naam,id,pers,volgnr) VALUES('Albert','6005','6005','1');
INSERT INTO kern.persvoornaam (naam,id,pers,volgnr) VALUES('Anne-Marie','6006','6006','1');
INSERT INTO kern.persvoornaam (naam,id,pers,volgnr) VALUES('Henk','6007','6007','1');
INSERT INTO kern.persvoornaam (naam,id,pers,volgnr) VALUES('Anna','6008','6008','1');
INSERT INTO kern.persvoornaam (naam,id,pers,volgnr) VALUES('Miranda','6009','6009','1');
INSERT INTO kern.persvoornaam (naam,id,pers,volgnr) VALUES('John','6010','6010','1');
INSERT INTO kern.persvoornaam (naam,id,pers,volgnr) VALUES('Dorothea','6011','6011','1');
INSERT INTO kern.persvoornaam (naam,id,pers,volgnr) VALUES('Bas','6012','6012','1');
INSERT INTO kern.persvoornaam (naam,id,pers,volgnr) VALUES('Hendrika','6013','6013','1');
INSERT INTO kern.persvoornaam (naam,id,pers,volgnr) VALUES('Jan','6014','6014','1');
INSERT INTO kern.persvoornaam (naam,id,pers,volgnr) VALUES('Petronella','6015','6015','1');
INSERT INTO kern.persvoornaam (naam,id,pers,volgnr) VALUES('Maria','6016','6016','1');
INSERT INTO kern.persvoornaam (naam,id,pers,volgnr) VALUES('Pieter','6017','6017','1');
INSERT INTO kern.persvoornaam (naam,id,pers,volgnr) VALUES('Petronellaatje','6018','6018','1');
INSERT INTO kern.persvoornaam (naam,id,pers,volgnr) VALUES('Sanne','6019','6019','1');
INSERT INTO kern.persvoornaam (naam,id,pers,volgnr) VALUES('Hanna','6020','6020','1');
INSERT INTO kern.persvoornaam (naam,id,pers,volgnr) VALUES('Sander','6021','6021','1');
INSERT INTO kern.persvoornaam (naam,id,pers,volgnr) VALUES('Ellen','6022','6022','1');
INSERT INTO kern.persvoornaam (naam,id,pers,volgnr) VALUES('Christian','6023','6023','1');
INSERT INTO kern.persvoornaam (naam,id,pers,volgnr) VALUES('Anja','6024','6024','1');
INSERT INTO kern.persvoornaam (naam,id,pers,volgnr) VALUES('Karel','6025','6025','1');
INSERT INTO kern.persvoornaam (naam,id,pers,volgnr) VALUES('Helen','6026','6026','1');
INSERT INTO kern.persvoornaam (naam,id,pers,volgnr) VALUES('Sander','6027','6027','1');
INSERT INTO kern.persvoornaam (naam,id,pers,volgnr) VALUES('Violet','6028','6028','1');
INSERT INTO kern.persvoornaam (naam,id,pers,volgnr) VALUES('Violetta','6029','6029','1');
INSERT INTO kern.persvoornaam (naam,id,pers,volgnr) VALUES('Tanja','6030','6030','1');
INSERT INTO kern.persvoornaam (naam,id,pers,volgnr) VALUES('Berend','6031','6031','1');
INSERT INTO kern.persvoornaam (naam,id,pers,volgnr) VALUES('Mike','6032','6032','1');
INSERT INTO kern.persvoornaam (naam,id,pers,volgnr) VALUES('Sanne','6033','6033','1');
INSERT INTO kern.persvoornaam (naam,id,pers,volgnr) VALUES('Josje','6034','6034','1');
INSERT INTO kern.persvoornaam (naam,id,pers,volgnr) VALUES('Anna','6035','6035','1');
INSERT INTO kern.persvoornaam (naam,id,pers,volgnr) VALUES('Gerard','6036','6036','1');
INSERT INTO kern.persvoornaam (naam,id,pers,volgnr) VALUES('Albert','6037','6037','1');
INSERT INTO kern.persvoornaam (naam,id,pers,volgnr) VALUES('Marijke','6038','6038','1');
INSERT INTO kern.persvoornaam (naam,id,pers,volgnr) VALUES('Geerte','6039','6039','1');
INSERT INTO kern.persvoornaam (naam,id,pers,volgnr) VALUES('Gert','6040','6040','1');
INSERT INTO kern.persvoornaam (naam,id,pers,volgnr) VALUES('Gijs','6041','6041','1');
INSERT INTO kern.persvoornaam (naam,id,pers,volgnr) VALUES('Guido','6042','6042','1');
INSERT INTO kern.persvoornaam (naam,id,pers,volgnr) VALUES('Annemieke','6043','6043','1');
INSERT INTO kern.persvoornaam (naam,id,pers,volgnr) VALUES('Maarten','6044','6044','1');
INSERT INTO kern.persvoornaam (naam,id,pers,volgnr) VALUES('Marion','6045','6045','1');
INSERT INTO kern.persvoornaam (naam,id,pers,volgnr) VALUES('Françoise','6046','6004','2');
INSERT INTO kern.persvoornaam (naam,id,pers,volgnr) VALUES('Maria','6047','6008','2');
INSERT INTO kern.persvoornaam (naam,id,pers,volgnr) VALUES('Petra','6048','6008','3');
INSERT INTO kern.persvoornaam (naam,id,pers,volgnr) VALUES('Isabella','6049','6013','2');
INSERT INTO kern.persvoornaam (naam,id,pers,volgnr) VALUES('Gerarda','6050','6013','3');
INSERT INTO kern.persvoornaam (naam,id,pers,volgnr) VALUES('Johanna','6051','6013','4');
INSERT INTO kern.persvoornaam (naam,id,pers,volgnr) VALUES('Christina','6052','6016','2');
INSERT INTO kern.persvoornaam (naam,id,pers,volgnr) VALUES('Dave','6053','6046','1');

commit;


--------------------------------------------------
--- EIND
--- Sheet: (persvoornaam)
--- Handler: SheetHandlerImplSimpleInsert
--- Aantal: (53)
--------------------------------------------------
--------------------------------------------------
--- START
--- Sheet: (his_persvoornaam)
--- Handler: SheetHandlerImplSimpleInsert
--------------------------------------------------

begin;

INSERT INTO kern.his_persvoornaam (id,persvoornaam,dataanvgel,dateindegel,tsreg,tsverval,actieinh,actieverval,nadereaandverval,actieaanpgel,naam) VALUES('6001','6001','19811002',null,'19811002',null,'6001',null,null,null,'Cees');
INSERT INTO kern.his_persvoornaam (id,persvoornaam,dataanvgel,dateindegel,tsreg,tsverval,actieinh,actieverval,nadereaandverval,actieaanpgel,naam) VALUES('6002','6002','19820528',null,'19820528',null,'6002',null,null,null,'Paula');
INSERT INTO kern.his_persvoornaam (id,persvoornaam,dataanvgel,dateindegel,tsreg,tsverval,actieinh,actieverval,nadereaandverval,actieaanpgel,naam) VALUES('6003','6003','19660302',null,'19660302',null,'6003',null,null,null,'Christoffel');
INSERT INTO kern.his_persvoornaam (id,persvoornaam,dataanvgel,dateindegel,tsreg,tsverval,actieinh,actieverval,nadereaandverval,actieaanpgel,naam) VALUES('6004','6004','19691227',null,'19691227',null,'6004',null,null,null,'Eleonora');
INSERT INTO kern.his_persvoornaam (id,persvoornaam,dataanvgel,dateindegel,tsreg,tsverval,actieinh,actieverval,nadereaandverval,actieaanpgel,naam) VALUES('6005','6005','19710717',null,'19710717',null,'6005',null,null,null,'Albert');
INSERT INTO kern.his_persvoornaam (id,persvoornaam,dataanvgel,dateindegel,tsreg,tsverval,actieinh,actieverval,nadereaandverval,actieaanpgel,naam) VALUES('6006','6006','19720928',null,'19720928',null,'6006',null,null,null,'Anne-Marie');
INSERT INTO kern.his_persvoornaam (id,persvoornaam,dataanvgel,dateindegel,tsreg,tsverval,actieinh,actieverval,nadereaandverval,actieaanpgel,naam) VALUES('6007','6007','19800616',null,'19800616',null,'6007',null,null,null,'Henk');
INSERT INTO kern.his_persvoornaam (id,persvoornaam,dataanvgel,dateindegel,tsreg,tsverval,actieinh,actieverval,nadereaandverval,actieaanpgel,naam) VALUES('6008','6008','19810418',null,'19810418',null,'6008',null,null,null,'Anna');
INSERT INTO kern.his_persvoornaam (id,persvoornaam,dataanvgel,dateindegel,tsreg,tsverval,actieinh,actieverval,nadereaandverval,actieaanpgel,naam) VALUES('6009','6009','20031226',null,'20031226',null,'6009',null,null,null,'Miranda');
INSERT INTO kern.his_persvoornaam (id,persvoornaam,dataanvgel,dateindegel,tsreg,tsverval,actieinh,actieverval,nadereaandverval,actieaanpgel,naam) VALUES('6010','6010','19691231',null,'19691231',null,'6010',null,null,null,'John');
INSERT INTO kern.his_persvoornaam (id,persvoornaam,dataanvgel,dateindegel,tsreg,tsverval,actieinh,actieverval,nadereaandverval,actieaanpgel,naam) VALUES('6011','6011','19690516',null,'19690516',null,'6011',null,null,null,'Dorothea');
INSERT INTO kern.his_persvoornaam (id,persvoornaam,dataanvgel,dateindegel,tsreg,tsverval,actieinh,actieverval,nadereaandverval,actieaanpgel,naam) VALUES('6012','6012','19771210',null,'19771210',null,'6012',null,null,null,'Bas');
INSERT INTO kern.his_persvoornaam (id,persvoornaam,dataanvgel,dateindegel,tsreg,tsverval,actieinh,actieverval,nadereaandverval,actieaanpgel,naam) VALUES('6013','6013','19550602',null,'19550602',null,'6013',null,null,null,'Hendrika');
INSERT INTO kern.his_persvoornaam (id,persvoornaam,dataanvgel,dateindegel,tsreg,tsverval,actieinh,actieverval,nadereaandverval,actieaanpgel,naam) VALUES('6014','6014','19780611',null,'19780611',null,'6014',null,null,null,'Jan');
INSERT INTO kern.his_persvoornaam (id,persvoornaam,dataanvgel,dateindegel,tsreg,tsverval,actieinh,actieverval,nadereaandverval,actieaanpgel,naam) VALUES('6015','6015','19880425',null,'19880425',null,'6015',null,null,null,'Petronella');
INSERT INTO kern.his_persvoornaam (id,persvoornaam,dataanvgel,dateindegel,tsreg,tsverval,actieinh,actieverval,nadereaandverval,actieaanpgel,naam) VALUES('6016','6016','19881210',null,'19881210',null,'6016',null,null,null,'Maria');
INSERT INTO kern.his_persvoornaam (id,persvoornaam,dataanvgel,dateindegel,tsreg,tsverval,actieinh,actieverval,nadereaandverval,actieaanpgel,naam) VALUES('6017','6017','19960523',null,'19960523',null,'6017',null,null,null,'Pieter');
INSERT INTO kern.his_persvoornaam (id,persvoornaam,dataanvgel,dateindegel,tsreg,tsverval,actieinh,actieverval,nadereaandverval,actieaanpgel,naam) VALUES('6018','6018','19941005',null,'19941005',null,'6018',null,null,null,'Petronellaatje');
INSERT INTO kern.his_persvoornaam (id,persvoornaam,dataanvgel,dateindegel,tsreg,tsverval,actieinh,actieverval,nadereaandverval,actieaanpgel,naam) VALUES('6019','6019','19941005',null,'19941005',null,'6019',null,null,null,'Sanne');
INSERT INTO kern.his_persvoornaam (id,persvoornaam,dataanvgel,dateindegel,tsreg,tsverval,actieinh,actieverval,nadereaandverval,actieaanpgel,naam) VALUES('6020','6020','19760103',null,'19760103',null,'6020',null,null,null,'Hanna');
INSERT INTO kern.his_persvoornaam (id,persvoornaam,dataanvgel,dateindegel,tsreg,tsverval,actieinh,actieverval,nadereaandverval,actieaanpgel,naam) VALUES('6021','6021','19961003',null,'19961003',null,'6021',null,null,null,'Sander');
INSERT INTO kern.his_persvoornaam (id,persvoornaam,dataanvgel,dateindegel,tsreg,tsverval,actieinh,actieverval,nadereaandverval,actieaanpgel,naam) VALUES('6022','6022','19951003',null,'19951003',null,'6022',null,null,null,'Ellen');
INSERT INTO kern.his_persvoornaam (id,persvoornaam,dataanvgel,dateindegel,tsreg,tsverval,actieinh,actieverval,nadereaandverval,actieaanpgel,naam) VALUES('6023','6023','19941003',null,'19941003',null,'6023',null,null,null,'Christian');
INSERT INTO kern.his_persvoornaam (id,persvoornaam,dataanvgel,dateindegel,tsreg,tsverval,actieinh,actieverval,nadereaandverval,actieaanpgel,naam) VALUES('6024','6024','19770401',null,'19770401',null,'6024',null,null,null,'Anja');
INSERT INTO kern.his_persvoornaam (id,persvoornaam,dataanvgel,dateindegel,tsreg,tsverval,actieinh,actieverval,nadereaandverval,actieaanpgel,naam) VALUES('6025','6025','19880611',null,'19880611',null,'6025',null,null,null,'Karel');
INSERT INTO kern.his_persvoornaam (id,persvoornaam,dataanvgel,dateindegel,tsreg,tsverval,actieinh,actieverval,nadereaandverval,actieaanpgel,naam) VALUES('6026','6026','19910721',null,'19910721',null,'6026',null,null,null,'Helen');
INSERT INTO kern.his_persvoornaam (id,persvoornaam,dataanvgel,dateindegel,tsreg,tsverval,actieinh,actieverval,nadereaandverval,actieaanpgel,naam) VALUES('6027','6027','19910911',null,'19910911',null,'6027',null,null,null,'Sander');
INSERT INTO kern.his_persvoornaam (id,persvoornaam,dataanvgel,dateindegel,tsreg,tsverval,actieinh,actieverval,nadereaandverval,actieaanpgel,naam) VALUES('6028','6028','19900722',null,'19900722',null,'6028',null,null,null,'Violet');
INSERT INTO kern.his_persvoornaam (id,persvoornaam,dataanvgel,dateindegel,tsreg,tsverval,actieinh,actieverval,nadereaandverval,actieaanpgel,naam) VALUES('6029','6029','19200430',null,'19200430',null,'6029',null,null,null,'Violetta');
INSERT INTO kern.his_persvoornaam (id,persvoornaam,dataanvgel,dateindegel,tsreg,tsverval,actieinh,actieverval,nadereaandverval,actieaanpgel,naam) VALUES('6030','6030','19220419',null,'19220419',null,'6030',null,null,null,'Tanja');
INSERT INTO kern.his_persvoornaam (id,persvoornaam,dataanvgel,dateindegel,tsreg,tsverval,actieinh,actieverval,nadereaandverval,actieaanpgel,naam) VALUES('6031','6031','19920219',null,'19920219',null,'6031',null,null,null,'Berend');
INSERT INTO kern.his_persvoornaam (id,persvoornaam,dataanvgel,dateindegel,tsreg,tsverval,actieinh,actieverval,nadereaandverval,actieaanpgel,naam) VALUES('6032','6032','19510923',null,'19510923',null,'6032',null,null,null,'Mike');
INSERT INTO kern.his_persvoornaam (id,persvoornaam,dataanvgel,dateindegel,tsreg,tsverval,actieinh,actieverval,nadereaandverval,actieaanpgel,naam) VALUES('6033','6033','19531116',null,'19531116',null,'6033',null,null,null,'Sanne');
INSERT INTO kern.his_persvoornaam (id,persvoornaam,dataanvgel,dateindegel,tsreg,tsverval,actieinh,actieverval,nadereaandverval,actieaanpgel,naam) VALUES('6034','6034','19390402',null,'19390402',null,'6034',null,null,null,'Josje');
INSERT INTO kern.his_persvoornaam (id,persvoornaam,dataanvgel,dateindegel,tsreg,tsverval,actieinh,actieverval,nadereaandverval,actieaanpgel,naam) VALUES('6035','6035','19841203',null,'19841203',null,'6035',null,null,null,'Anna');
INSERT INTO kern.his_persvoornaam (id,persvoornaam,dataanvgel,dateindegel,tsreg,tsverval,actieinh,actieverval,nadereaandverval,actieaanpgel,naam) VALUES('6036','6036','19851011',null,'19851011',null,'6036',null,null,null,'Gerard');
INSERT INTO kern.his_persvoornaam (id,persvoornaam,dataanvgel,dateindegel,tsreg,tsverval,actieinh,actieverval,nadereaandverval,actieaanpgel,naam) VALUES('6037','6037','20050112',null,'20050112',null,'6037',null,null,null,'Albert');
INSERT INTO kern.his_persvoornaam (id,persvoornaam,dataanvgel,dateindegel,tsreg,tsverval,actieinh,actieverval,nadereaandverval,actieaanpgel,naam) VALUES('6038','6038','20051201',null,'20051201',null,'6038',null,null,null,'Marijke');
INSERT INTO kern.his_persvoornaam (id,persvoornaam,dataanvgel,dateindegel,tsreg,tsverval,actieinh,actieverval,nadereaandverval,actieaanpgel,naam) VALUES('6039','6039','20050112',null,'20050112',null,'6039',null,null,null,'Geerte');
INSERT INTO kern.his_persvoornaam (id,persvoornaam,dataanvgel,dateindegel,tsreg,tsverval,actieinh,actieverval,nadereaandverval,actieaanpgel,naam) VALUES('6040','6040','20051201',null,'20051201',null,'6040',null,null,null,'Gert');
INSERT INTO kern.his_persvoornaam (id,persvoornaam,dataanvgel,dateindegel,tsreg,tsverval,actieinh,actieverval,nadereaandverval,actieaanpgel,naam) VALUES('6041','6041','19680809',null,'19680809',null,'6041',null,null,null,'Gijs');
INSERT INTO kern.his_persvoornaam (id,persvoornaam,dataanvgel,dateindegel,tsreg,tsverval,actieinh,actieverval,nadereaandverval,actieaanpgel,naam) VALUES('6042','6042','19580921',null,'19580921',null,'6042',null,null,null,'Guido');
INSERT INTO kern.his_persvoornaam (id,persvoornaam,dataanvgel,dateindegel,tsreg,tsverval,actieinh,actieverval,nadereaandverval,actieaanpgel,naam) VALUES('6043','6043','19951004',null,'19951004',null,'6043',null,null,null,'Annemieke');
INSERT INTO kern.his_persvoornaam (id,persvoornaam,dataanvgel,dateindegel,tsreg,tsverval,actieinh,actieverval,nadereaandverval,actieaanpgel,naam) VALUES('6044','6044','20051201',null,'20051201',null,'6044',null,null,null,'Maarten');
INSERT INTO kern.his_persvoornaam (id,persvoornaam,dataanvgel,dateindegel,tsreg,tsverval,actieinh,actieverval,nadereaandverval,actieaanpgel,naam) VALUES('6045','6045','20050112',null,'20050112',null,'6045',null,null,null,'Marion');
INSERT INTO kern.his_persvoornaam (id,persvoornaam,dataanvgel,dateindegel,tsreg,tsverval,actieinh,actieverval,nadereaandverval,actieaanpgel,naam) VALUES('6046','6046','19691227',null,'19691227',null,'6004',null,null,null,'Françoise');
INSERT INTO kern.his_persvoornaam (id,persvoornaam,dataanvgel,dateindegel,tsreg,tsverval,actieinh,actieverval,nadereaandverval,actieaanpgel,naam) VALUES('6047','6047','19810418',null,'19810418',null,'6008',null,null,null,'Maria');
INSERT INTO kern.his_persvoornaam (id,persvoornaam,dataanvgel,dateindegel,tsreg,tsverval,actieinh,actieverval,nadereaandverval,actieaanpgel,naam) VALUES('6048','6048','19810418',null,'19810418',null,'6008',null,null,null,'Petra');
INSERT INTO kern.his_persvoornaam (id,persvoornaam,dataanvgel,dateindegel,tsreg,tsverval,actieinh,actieverval,nadereaandverval,actieaanpgel,naam) VALUES('6049','6049','19550602',null,'19550602',null,'6013',null,null,null,'Isabella');
INSERT INTO kern.his_persvoornaam (id,persvoornaam,dataanvgel,dateindegel,tsreg,tsverval,actieinh,actieverval,nadereaandverval,actieaanpgel,naam) VALUES('6050','6050','19550602',null,'19550602',null,'6013',null,null,null,'Gerarda');
INSERT INTO kern.his_persvoornaam (id,persvoornaam,dataanvgel,dateindegel,tsreg,tsverval,actieinh,actieverval,nadereaandverval,actieaanpgel,naam) VALUES('6051','6051','19550602',null,'19550602',null,'6013',null,null,null,'Johanna');
INSERT INTO kern.his_persvoornaam (id,persvoornaam,dataanvgel,dateindegel,tsreg,tsverval,actieinh,actieverval,nadereaandverval,actieaanpgel,naam) VALUES('6052','6052','19881210',null,'19881210',null,'6016',null,null,null,'Christina');
INSERT INTO kern.his_persvoornaam (id,persvoornaam,dataanvgel,dateindegel,tsreg,tsverval,actieinh,actieverval,nadereaandverval,actieaanpgel,naam) VALUES('6053','6053','19960523',null,'19900101',null,'6020',null,null,null,'Dave');

commit;


--------------------------------------------------
--- EIND
--- Sheet: (his_persvoornaam)
--- Handler: SheetHandlerImplSimpleInsert
--- Aantal: (53)
--------------------------------------------------
--------------------------------------------------
--- START
--- Sheet: (persnation)
--- Handler: SheetHandlerImplSimpleInsert
--------------------------------------------------

begin;

INSERT INTO kern.persnation (rdnverlies,rdnverk,id,pers,nation) VALUES('93','18','6001','6001','2');
INSERT INTO kern.persnation (rdnverlies,rdnverk,id,pers,nation) VALUES(null,'18','6002','6002','2');
INSERT INTO kern.persnation (rdnverlies,rdnverk,id,pers,nation) VALUES(null,'18','6003','6003','2');
INSERT INTO kern.persnation (rdnverlies,rdnverk,id,pers,nation) VALUES(null,'18','6004','6004','2');
INSERT INTO kern.persnation (rdnverlies,rdnverk,id,pers,nation) VALUES(null,'18','6005','6005','2');
INSERT INTO kern.persnation (rdnverlies,rdnverk,id,pers,nation) VALUES(null,'18','6006','6006','2');
INSERT INTO kern.persnation (rdnverlies,rdnverk,id,pers,nation) VALUES(null,'18','6007','6007','2');
INSERT INTO kern.persnation (rdnverlies,rdnverk,id,pers,nation) VALUES(null,'18','6008','6008','2');
INSERT INTO kern.persnation (rdnverlies,rdnverk,id,pers,nation) VALUES(null,'18','6009','6009','2');
INSERT INTO kern.persnation (rdnverlies,rdnverk,id,pers,nation) VALUES(null,'18','6010','6010','2');
INSERT INTO kern.persnation (rdnverlies,rdnverk,id,pers,nation) VALUES(null,'18','6011','6011','2');
INSERT INTO kern.persnation (rdnverlies,rdnverk,id,pers,nation) VALUES(null,'18','6012','6012','2');
INSERT INTO kern.persnation (rdnverlies,rdnverk,id,pers,nation) VALUES(null,'18','6013','6013','2');
INSERT INTO kern.persnation (rdnverlies,rdnverk,id,pers,nation) VALUES(null,'18','6014','6014','2');
INSERT INTO kern.persnation (rdnverlies,rdnverk,id,pers,nation) VALUES(null,'18','6015','6015','2');
INSERT INTO kern.persnation (rdnverlies,rdnverk,id,pers,nation) VALUES(null,'18','6016','6016','2');
INSERT INTO kern.persnation (rdnverlies,rdnverk,id,pers,nation) VALUES(null,'18','6017','6017','2');
INSERT INTO kern.persnation (rdnverlies,rdnverk,id,pers,nation) VALUES(null,'18','6018','6018','2');
INSERT INTO kern.persnation (rdnverlies,rdnverk,id,pers,nation) VALUES(null,'18','6019','6019','2');
INSERT INTO kern.persnation (rdnverlies,rdnverk,id,pers,nation) VALUES(null,'18','6020','6020','2');
INSERT INTO kern.persnation (rdnverlies,rdnverk,id,pers,nation) VALUES(null,'18','6021','6021','2');
INSERT INTO kern.persnation (rdnverlies,rdnverk,id,pers,nation) VALUES(null,'18','6022','6022','2');
INSERT INTO kern.persnation (rdnverlies,rdnverk,id,pers,nation) VALUES(null,'18','6023','6023','2');
INSERT INTO kern.persnation (rdnverlies,rdnverk,id,pers,nation) VALUES(null,'18','6024','6024','2');
INSERT INTO kern.persnation (rdnverlies,rdnverk,id,pers,nation) VALUES(null,'18','6025','6025','2');
INSERT INTO kern.persnation (rdnverlies,rdnverk,id,pers,nation) VALUES(null,'18','6026','6026','2');
INSERT INTO kern.persnation (rdnverlies,rdnverk,id,pers,nation) VALUES(null,'18','6027','6027','2');
INSERT INTO kern.persnation (rdnverlies,rdnverk,id,pers,nation) VALUES(null,'18','6028','6028','2');
INSERT INTO kern.persnation (rdnverlies,rdnverk,id,pers,nation) VALUES(null,'18','6029','6029','2');
INSERT INTO kern.persnation (rdnverlies,rdnverk,id,pers,nation) VALUES(null,'18','6030','6030','2');
INSERT INTO kern.persnation (rdnverlies,rdnverk,id,pers,nation) VALUES(null,'18','6031','6031','2');
INSERT INTO kern.persnation (rdnverlies,rdnverk,id,pers,nation) VALUES(null,'18','6032','6032','2');
INSERT INTO kern.persnation (rdnverlies,rdnverk,id,pers,nation) VALUES(null,'18','6033','6033','2');
INSERT INTO kern.persnation (rdnverlies,rdnverk,id,pers,nation) VALUES(null,'18','6034','6034','2');
INSERT INTO kern.persnation (rdnverlies,rdnverk,id,pers,nation) VALUES(null,'18','6035','6035','2');
INSERT INTO kern.persnation (rdnverlies,rdnverk,id,pers,nation) VALUES(null,'18','6036','6036','2');
INSERT INTO kern.persnation (rdnverlies,rdnverk,id,pers,nation) VALUES(null,'18','6037','6037','2');
INSERT INTO kern.persnation (rdnverlies,rdnverk,id,pers,nation) VALUES(null,'18','6038','6038','2');
INSERT INTO kern.persnation (rdnverlies,rdnverk,id,pers,nation) VALUES(null,'18','6039','6039','2');
INSERT INTO kern.persnation (rdnverlies,rdnverk,id,pers,nation) VALUES(null,'18','6040','6040','2');
INSERT INTO kern.persnation (rdnverlies,rdnverk,id,pers,nation) VALUES(null,'18','6041','6041','2');
INSERT INTO kern.persnation (rdnverlies,rdnverk,id,pers,nation) VALUES(null,'18','6042','6042','2');
INSERT INTO kern.persnation (rdnverlies,rdnverk,id,pers,nation) VALUES(null,'18','6043','6043','2');
INSERT INTO kern.persnation (rdnverlies,rdnverk,id,pers,nation) VALUES(null,'18','6044','6044','2');
INSERT INTO kern.persnation (rdnverlies,rdnverk,id,pers,nation) VALUES(null,'18','6045','6045','2');
INSERT INTO kern.persnation (rdnverlies,rdnverk,id,pers,nation) VALUES(null,'18','6046','6017','14');

commit;


--------------------------------------------------
--- EIND
--- Sheet: (persnation)
--- Handler: SheetHandlerImplSimpleInsert
--- Aantal: (46)
--------------------------------------------------
--------------------------------------------------
--- START
--- Sheet: (his_persnation)
--- Handler: SheetHandlerImplSimpleInsert
--------------------------------------------------

begin;

INSERT INTO kern.his_persnation (id,persnation,dataanvgel,dateindegel,tsreg,tsverval,actieinh,actieverval,actieaanpgel,rdnverlies,rdnverk,nadereaandverval) VALUES('6001','6001','19811002',null,'19811002',null,'6001',null,null,'93','18',null);
INSERT INTO kern.his_persnation (id,persnation,dataanvgel,dateindegel,tsreg,tsverval,actieinh,actieverval,actieaanpgel,rdnverlies,rdnverk,nadereaandverval) VALUES('6002','6002','19820528',null,'19820528',null,'6002',null,null,null,'18',null);
INSERT INTO kern.his_persnation (id,persnation,dataanvgel,dateindegel,tsreg,tsverval,actieinh,actieverval,actieaanpgel,rdnverlies,rdnverk,nadereaandverval) VALUES('6003','6003','19660302',null,'19660302',null,'6003',null,null,null,'18',null);
INSERT INTO kern.his_persnation (id,persnation,dataanvgel,dateindegel,tsreg,tsverval,actieinh,actieverval,actieaanpgel,rdnverlies,rdnverk,nadereaandverval) VALUES('6004','6004','19691227',null,'19691227',null,'6004',null,null,null,'18',null);
INSERT INTO kern.his_persnation (id,persnation,dataanvgel,dateindegel,tsreg,tsverval,actieinh,actieverval,actieaanpgel,rdnverlies,rdnverk,nadereaandverval) VALUES('6005','6005','19710717',null,'19710717',null,'6005',null,null,null,'18',null);
INSERT INTO kern.his_persnation (id,persnation,dataanvgel,dateindegel,tsreg,tsverval,actieinh,actieverval,actieaanpgel,rdnverlies,rdnverk,nadereaandverval) VALUES('6006','6006','19720928',null,'19720928',null,'6006',null,null,null,'18',null);
INSERT INTO kern.his_persnation (id,persnation,dataanvgel,dateindegel,tsreg,tsverval,actieinh,actieverval,actieaanpgel,rdnverlies,rdnverk,nadereaandverval) VALUES('6007','6007','19800616',null,'19800616',null,'6007',null,null,null,'18',null);
INSERT INTO kern.his_persnation (id,persnation,dataanvgel,dateindegel,tsreg,tsverval,actieinh,actieverval,actieaanpgel,rdnverlies,rdnverk,nadereaandverval) VALUES('6008','6008','19810418',null,'19810418',null,'6008',null,null,null,'18',null);
INSERT INTO kern.his_persnation (id,persnation,dataanvgel,dateindegel,tsreg,tsverval,actieinh,actieverval,actieaanpgel,rdnverlies,rdnverk,nadereaandverval) VALUES('6009','6009','20031226',null,'20031226',null,'6009',null,null,null,'18',null);
INSERT INTO kern.his_persnation (id,persnation,dataanvgel,dateindegel,tsreg,tsverval,actieinh,actieverval,actieaanpgel,rdnverlies,rdnverk,nadereaandverval) VALUES('6010','6010','19691231',null,'19691231',null,'6010',null,null,null,'18',null);
INSERT INTO kern.his_persnation (id,persnation,dataanvgel,dateindegel,tsreg,tsverval,actieinh,actieverval,actieaanpgel,rdnverlies,rdnverk,nadereaandverval) VALUES('6011','6011','19690516',null,'19690516',null,'6011',null,null,null,'18',null);
INSERT INTO kern.his_persnation (id,persnation,dataanvgel,dateindegel,tsreg,tsverval,actieinh,actieverval,actieaanpgel,rdnverlies,rdnverk,nadereaandverval) VALUES('6012','6012','19771210',null,'19771210',null,'6012',null,null,null,'18',null);
INSERT INTO kern.his_persnation (id,persnation,dataanvgel,dateindegel,tsreg,tsverval,actieinh,actieverval,actieaanpgel,rdnverlies,rdnverk,nadereaandverval) VALUES('6013','6013','19550602',null,'19550602',null,'6013',null,null,null,'18',null);
INSERT INTO kern.his_persnation (id,persnation,dataanvgel,dateindegel,tsreg,tsverval,actieinh,actieverval,actieaanpgel,rdnverlies,rdnverk,nadereaandverval) VALUES('6014','6014','19780611',null,'19780611',null,'6014',null,null,null,'18',null);
INSERT INTO kern.his_persnation (id,persnation,dataanvgel,dateindegel,tsreg,tsverval,actieinh,actieverval,actieaanpgel,rdnverlies,rdnverk,nadereaandverval) VALUES('6015','6015','19880425',null,'19880425',null,'6015',null,null,null,'18',null);
INSERT INTO kern.his_persnation (id,persnation,dataanvgel,dateindegel,tsreg,tsverval,actieinh,actieverval,actieaanpgel,rdnverlies,rdnverk,nadereaandverval) VALUES('6016','6016','19881210',null,'19881210',null,'6016',null,null,null,'18',null);
INSERT INTO kern.his_persnation (id,persnation,dataanvgel,dateindegel,tsreg,tsverval,actieinh,actieverval,actieaanpgel,rdnverlies,rdnverk,nadereaandverval) VALUES('6017','6017','19960523',null,'19960523',null,'6017',null,null,null,'18',null);
INSERT INTO kern.his_persnation (id,persnation,dataanvgel,dateindegel,tsreg,tsverval,actieinh,actieverval,actieaanpgel,rdnverlies,rdnverk,nadereaandverval) VALUES('6018','6018','19941005',null,'19941005',null,'6018',null,null,null,'18',null);
INSERT INTO kern.his_persnation (id,persnation,dataanvgel,dateindegel,tsreg,tsverval,actieinh,actieverval,actieaanpgel,rdnverlies,rdnverk,nadereaandverval) VALUES('6019','6019','19941005',null,'19941005',null,'6019',null,null,null,'18',null);
INSERT INTO kern.his_persnation (id,persnation,dataanvgel,dateindegel,tsreg,tsverval,actieinh,actieverval,actieaanpgel,rdnverlies,rdnverk,nadereaandverval) VALUES('6020','6020','19760103',null,'19760103',null,'6020',null,null,null,'18',null);
INSERT INTO kern.his_persnation (id,persnation,dataanvgel,dateindegel,tsreg,tsverval,actieinh,actieverval,actieaanpgel,rdnverlies,rdnverk,nadereaandverval) VALUES('6021','6021','19961003',null,'19961003',null,'6021',null,null,null,'18',null);
INSERT INTO kern.his_persnation (id,persnation,dataanvgel,dateindegel,tsreg,tsverval,actieinh,actieverval,actieaanpgel,rdnverlies,rdnverk,nadereaandverval) VALUES('6022','6022','19951003',null,'19951003',null,'6022',null,null,null,'18',null);
INSERT INTO kern.his_persnation (id,persnation,dataanvgel,dateindegel,tsreg,tsverval,actieinh,actieverval,actieaanpgel,rdnverlies,rdnverk,nadereaandverval) VALUES('6023','6023','19941003',null,'19941003',null,'6023',null,null,null,'18',null);
INSERT INTO kern.his_persnation (id,persnation,dataanvgel,dateindegel,tsreg,tsverval,actieinh,actieverval,actieaanpgel,rdnverlies,rdnverk,nadereaandverval) VALUES('6024','6024','19770401',null,'19770401',null,'6024',null,null,null,'18',null);
INSERT INTO kern.his_persnation (id,persnation,dataanvgel,dateindegel,tsreg,tsverval,actieinh,actieverval,actieaanpgel,rdnverlies,rdnverk,nadereaandverval) VALUES('6025','6025','19880611',null,'19880611',null,'6025',null,null,null,'18',null);
INSERT INTO kern.his_persnation (id,persnation,dataanvgel,dateindegel,tsreg,tsverval,actieinh,actieverval,actieaanpgel,rdnverlies,rdnverk,nadereaandverval) VALUES('6026','6026','19910721',null,'19910721',null,'6026',null,null,null,'18',null);
INSERT INTO kern.his_persnation (id,persnation,dataanvgel,dateindegel,tsreg,tsverval,actieinh,actieverval,actieaanpgel,rdnverlies,rdnverk,nadereaandverval) VALUES('6027','6027','19910911',null,'19910911',null,'6027',null,null,null,'18',null);
INSERT INTO kern.his_persnation (id,persnation,dataanvgel,dateindegel,tsreg,tsverval,actieinh,actieverval,actieaanpgel,rdnverlies,rdnverk,nadereaandverval) VALUES('6028','6028','19900722',null,'19900722',null,'6028',null,null,null,'18',null);
INSERT INTO kern.his_persnation (id,persnation,dataanvgel,dateindegel,tsreg,tsverval,actieinh,actieverval,actieaanpgel,rdnverlies,rdnverk,nadereaandverval) VALUES('6029','6029','19200430',null,'19200430',null,'6029',null,null,null,'18',null);
INSERT INTO kern.his_persnation (id,persnation,dataanvgel,dateindegel,tsreg,tsverval,actieinh,actieverval,actieaanpgel,rdnverlies,rdnverk,nadereaandverval) VALUES('6030','6030','19220419',null,'19220419',null,'6030',null,null,null,'18',null);
INSERT INTO kern.his_persnation (id,persnation,dataanvgel,dateindegel,tsreg,tsverval,actieinh,actieverval,actieaanpgel,rdnverlies,rdnverk,nadereaandverval) VALUES('6031','6031','19920219',null,'19920219',null,'6031',null,null,null,'18',null);
INSERT INTO kern.his_persnation (id,persnation,dataanvgel,dateindegel,tsreg,tsverval,actieinh,actieverval,actieaanpgel,rdnverlies,rdnverk,nadereaandverval) VALUES('6032','6032','19510923',null,'19510923',null,'6032',null,null,null,'18',null);
INSERT INTO kern.his_persnation (id,persnation,dataanvgel,dateindegel,tsreg,tsverval,actieinh,actieverval,actieaanpgel,rdnverlies,rdnverk,nadereaandverval) VALUES('6033','6033','19531116',null,'19531116',null,'6033',null,null,null,'18',null);
INSERT INTO kern.his_persnation (id,persnation,dataanvgel,dateindegel,tsreg,tsverval,actieinh,actieverval,actieaanpgel,rdnverlies,rdnverk,nadereaandverval) VALUES('6034','6034','19390402',null,'19390402',null,'6034',null,null,null,'18',null);
INSERT INTO kern.his_persnation (id,persnation,dataanvgel,dateindegel,tsreg,tsverval,actieinh,actieverval,actieaanpgel,rdnverlies,rdnverk,nadereaandverval) VALUES('6035','6035','19841203',null,'19841203',null,'6035',null,null,null,'18',null);
INSERT INTO kern.his_persnation (id,persnation,dataanvgel,dateindegel,tsreg,tsverval,actieinh,actieverval,actieaanpgel,rdnverlies,rdnverk,nadereaandverval) VALUES('6036','6036','19851011',null,'19851011',null,'6036',null,null,null,'18',null);
INSERT INTO kern.his_persnation (id,persnation,dataanvgel,dateindegel,tsreg,tsverval,actieinh,actieverval,actieaanpgel,rdnverlies,rdnverk,nadereaandverval) VALUES('6037','6037','20050112',null,'20050112',null,'6037',null,null,null,'18',null);
INSERT INTO kern.his_persnation (id,persnation,dataanvgel,dateindegel,tsreg,tsverval,actieinh,actieverval,actieaanpgel,rdnverlies,rdnverk,nadereaandverval) VALUES('6038','6038','20051201',null,'20051201',null,'6038',null,null,null,'18',null);
INSERT INTO kern.his_persnation (id,persnation,dataanvgel,dateindegel,tsreg,tsverval,actieinh,actieverval,actieaanpgel,rdnverlies,rdnverk,nadereaandverval) VALUES('6039','6039','20050112',null,'20050112',null,'6039',null,null,null,'18',null);
INSERT INTO kern.his_persnation (id,persnation,dataanvgel,dateindegel,tsreg,tsverval,actieinh,actieverval,actieaanpgel,rdnverlies,rdnverk,nadereaandverval) VALUES('6040','6040','20051201',null,'20051201',null,'6040',null,null,null,'18',null);
INSERT INTO kern.his_persnation (id,persnation,dataanvgel,dateindegel,tsreg,tsverval,actieinh,actieverval,actieaanpgel,rdnverlies,rdnverk,nadereaandverval) VALUES('6041','6041','19680809',null,'19680809',null,'6041',null,null,null,'18',null);
INSERT INTO kern.his_persnation (id,persnation,dataanvgel,dateindegel,tsreg,tsverval,actieinh,actieverval,actieaanpgel,rdnverlies,rdnverk,nadereaandverval) VALUES('6042','6042','19580921',null,'19580921',null,'6042',null,null,null,'18',null);
INSERT INTO kern.his_persnation (id,persnation,dataanvgel,dateindegel,tsreg,tsverval,actieinh,actieverval,actieaanpgel,rdnverlies,rdnverk,nadereaandverval) VALUES('6043','6043','19951004',null,'19951004',null,'6043',null,null,null,'18',null);
INSERT INTO kern.his_persnation (id,persnation,dataanvgel,dateindegel,tsreg,tsverval,actieinh,actieverval,actieaanpgel,rdnverlies,rdnverk,nadereaandverval) VALUES('6044','6044','20051201',null,'20051201',null,'6044',null,null,null,'18',null);
INSERT INTO kern.his_persnation (id,persnation,dataanvgel,dateindegel,tsreg,tsverval,actieinh,actieverval,actieaanpgel,rdnverlies,rdnverk,nadereaandverval) VALUES('6045','6045','20050112',null,'20050112',null,'6045',null,null,null,'18',null);
INSERT INTO kern.his_persnation (id,persnation,dataanvgel,dateindegel,tsreg,tsverval,actieinh,actieverval,actieaanpgel,rdnverlies,rdnverk,nadereaandverval) VALUES('6046','6046','19960523',null,'19960523',null,'6017',null,null,null,'18',null);

commit;


--------------------------------------------------
--- EIND
--- Sheet: (his_persnation)
--- Handler: SheetHandlerImplSimpleInsert
--- Aantal: (46)
--------------------------------------------------
--------------------------------------------------
--- START
--- Sheet: (his_persinschr)
--- Handler: SheetHandlerImplSimpleInsert
--------------------------------------------------

begin;

INSERT INTO kern.his_persinschr (id,pers,tsreg,tsverval,actieinh,actieverval,datinschr,versienr,nadereaandverval,dattijdstempel) VALUES('6001','6001','19811002',null,'6001',null,'19811002','1',null,'19811002');
INSERT INTO kern.his_persinschr (id,pers,tsreg,tsverval,actieinh,actieverval,datinschr,versienr,nadereaandverval,dattijdstempel) VALUES('6002','6002','19820528',null,'6002',null,'19820528','1',null,'19820528');
INSERT INTO kern.his_persinschr (id,pers,tsreg,tsverval,actieinh,actieverval,datinschr,versienr,nadereaandverval,dattijdstempel) VALUES('6003','6003','19660302',null,'6003',null,'19660302','1',null,'19660302');
INSERT INTO kern.his_persinschr (id,pers,tsreg,tsverval,actieinh,actieverval,datinschr,versienr,nadereaandverval,dattijdstempel) VALUES('6004','6004','19691227',null,'6004',null,'19691227','1',null,'19691227');
INSERT INTO kern.his_persinschr (id,pers,tsreg,tsverval,actieinh,actieverval,datinschr,versienr,nadereaandverval,dattijdstempel) VALUES('6005','6005','19710717',null,'6005',null,'19710717','1',null,'19710717');
INSERT INTO kern.his_persinschr (id,pers,tsreg,tsverval,actieinh,actieverval,datinschr,versienr,nadereaandverval,dattijdstempel) VALUES('6006','6006','19720928',null,'6006',null,'19720928','1',null,'19720928');
INSERT INTO kern.his_persinschr (id,pers,tsreg,tsverval,actieinh,actieverval,datinschr,versienr,nadereaandverval,dattijdstempel) VALUES('6007','6007','19800616',null,'6007',null,'19800616','1',null,'19800616');
INSERT INTO kern.his_persinschr (id,pers,tsreg,tsverval,actieinh,actieverval,datinschr,versienr,nadereaandverval,dattijdstempel) VALUES('6008','6008','19810418',null,'6008',null,'19810418','1',null,'19810418');
INSERT INTO kern.his_persinschr (id,pers,tsreg,tsverval,actieinh,actieverval,datinschr,versienr,nadereaandverval,dattijdstempel) VALUES('6009','6009','20031226',null,'6009',null,'20031226','1',null,'20031226');
INSERT INTO kern.his_persinschr (id,pers,tsreg,tsverval,actieinh,actieverval,datinschr,versienr,nadereaandverval,dattijdstempel) VALUES('6010','6010','19691231',null,'6010',null,'19691231','1',null,'19691231');
INSERT INTO kern.his_persinschr (id,pers,tsreg,tsverval,actieinh,actieverval,datinschr,versienr,nadereaandverval,dattijdstempel) VALUES('6011','6011','19690516',null,'6011',null,'19690516','1',null,'19690516');
INSERT INTO kern.his_persinschr (id,pers,tsreg,tsverval,actieinh,actieverval,datinschr,versienr,nadereaandverval,dattijdstempel) VALUES('6012','6012','19771210',null,'6012',null,'19771210','1',null,'19771210');
INSERT INTO kern.his_persinschr (id,pers,tsreg,tsverval,actieinh,actieverval,datinschr,versienr,nadereaandverval,dattijdstempel) VALUES('6013','6013','19550602',null,'6013',null,'19550602','1',null,'19550602');
INSERT INTO kern.his_persinschr (id,pers,tsreg,tsverval,actieinh,actieverval,datinschr,versienr,nadereaandverval,dattijdstempel) VALUES('6014','6014','19780611',null,'6014',null,'19780611','1',null,'19780611');
INSERT INTO kern.his_persinschr (id,pers,tsreg,tsverval,actieinh,actieverval,datinschr,versienr,nadereaandverval,dattijdstempel) VALUES('6015','6015','19880425',null,'6015',null,'19880425','1',null,'19880425');
INSERT INTO kern.his_persinschr (id,pers,tsreg,tsverval,actieinh,actieverval,datinschr,versienr,nadereaandverval,dattijdstempel) VALUES('6016','6016','19881210',null,'6016',null,'19881210','1',null,'19881210');
INSERT INTO kern.his_persinschr (id,pers,tsreg,tsverval,actieinh,actieverval,datinschr,versienr,nadereaandverval,dattijdstempel) VALUES('6017','6017','19960523',null,'6017',null,'19960523','1',null,'19960523');
INSERT INTO kern.his_persinschr (id,pers,tsreg,tsverval,actieinh,actieverval,datinschr,versienr,nadereaandverval,dattijdstempel) VALUES('6018','6018','19941005',null,'6018',null,'19941005','1',null,'19941005');
INSERT INTO kern.his_persinschr (id,pers,tsreg,tsverval,actieinh,actieverval,datinschr,versienr,nadereaandverval,dattijdstempel) VALUES('6019','6019','19941005',null,'6019',null,'19941005','1',null,'19941005');
INSERT INTO kern.his_persinschr (id,pers,tsreg,tsverval,actieinh,actieverval,datinschr,versienr,nadereaandverval,dattijdstempel) VALUES('6020','6020','19760103',null,'6020',null,'19760103','1',null,'19760103');
INSERT INTO kern.his_persinschr (id,pers,tsreg,tsverval,actieinh,actieverval,datinschr,versienr,nadereaandverval,dattijdstempel) VALUES('6021','6021','19961003',null,'6021',null,'19961003','1',null,'19961003');
INSERT INTO kern.his_persinschr (id,pers,tsreg,tsverval,actieinh,actieverval,datinschr,versienr,nadereaandverval,dattijdstempel) VALUES('6022','6022','19951003',null,'6022',null,'19951003','1',null,'19951003');
INSERT INTO kern.his_persinschr (id,pers,tsreg,tsverval,actieinh,actieverval,datinschr,versienr,nadereaandverval,dattijdstempel) VALUES('6023','6023','19941003',null,'6023',null,'19941003','1',null,'19941003');
INSERT INTO kern.his_persinschr (id,pers,tsreg,tsverval,actieinh,actieverval,datinschr,versienr,nadereaandverval,dattijdstempel) VALUES('6024','6024','19770401',null,'6024',null,'19770401','1',null,'19770401');
INSERT INTO kern.his_persinschr (id,pers,tsreg,tsverval,actieinh,actieverval,datinschr,versienr,nadereaandverval,dattijdstempel) VALUES('6025','6025','19880611',null,'6025',null,'19880611','1',null,'19880611');
INSERT INTO kern.his_persinschr (id,pers,tsreg,tsverval,actieinh,actieverval,datinschr,versienr,nadereaandverval,dattijdstempel) VALUES('6026','6026','19910721',null,'6026',null,'19910721','1',null,'19910721');
INSERT INTO kern.his_persinschr (id,pers,tsreg,tsverval,actieinh,actieverval,datinschr,versienr,nadereaandverval,dattijdstempel) VALUES('6027','6027','19910911',null,'6027',null,'19910911','1',null,'19910911');
INSERT INTO kern.his_persinschr (id,pers,tsreg,tsverval,actieinh,actieverval,datinschr,versienr,nadereaandverval,dattijdstempel) VALUES('6028','6028','19900722',null,'6028',null,'19900722','1',null,'19900722');
INSERT INTO kern.his_persinschr (id,pers,tsreg,tsverval,actieinh,actieverval,datinschr,versienr,nadereaandverval,dattijdstempel) VALUES('6029','6029','19200430',null,'6029',null,'19200430','1',null,'19200430');
INSERT INTO kern.his_persinschr (id,pers,tsreg,tsverval,actieinh,actieverval,datinschr,versienr,nadereaandverval,dattijdstempel) VALUES('6030','6030','19220419',null,'6030',null,'19220419','1',null,'19220419');
INSERT INTO kern.his_persinschr (id,pers,tsreg,tsverval,actieinh,actieverval,datinschr,versienr,nadereaandverval,dattijdstempel) VALUES('6031','6031','19920219',null,'6031',null,'19920219','1',null,'19920219');
INSERT INTO kern.his_persinschr (id,pers,tsreg,tsverval,actieinh,actieverval,datinschr,versienr,nadereaandverval,dattijdstempel) VALUES('6032','6032','19510923',null,'6032',null,'19510923','1',null,'19510923');
INSERT INTO kern.his_persinschr (id,pers,tsreg,tsverval,actieinh,actieverval,datinschr,versienr,nadereaandverval,dattijdstempel) VALUES('6033','6033','19531116',null,'6033',null,'19531116','1',null,'19531116');
INSERT INTO kern.his_persinschr (id,pers,tsreg,tsverval,actieinh,actieverval,datinschr,versienr,nadereaandverval,dattijdstempel) VALUES('6034','6034','19390402',null,'6034',null,'19390402','1',null,'19390402');
INSERT INTO kern.his_persinschr (id,pers,tsreg,tsverval,actieinh,actieverval,datinschr,versienr,nadereaandverval,dattijdstempel) VALUES('6035','6035','19841203',null,'6035',null,'19841203','1',null,'19841203');
INSERT INTO kern.his_persinschr (id,pers,tsreg,tsverval,actieinh,actieverval,datinschr,versienr,nadereaandverval,dattijdstempel) VALUES('6036','6036','19851011',null,'6036',null,'19851011','1',null,'19851011');
INSERT INTO kern.his_persinschr (id,pers,tsreg,tsverval,actieinh,actieverval,datinschr,versienr,nadereaandverval,dattijdstempel) VALUES('6037','6037','20050112',null,'6037',null,'20050112','1',null,'20050112');
INSERT INTO kern.his_persinschr (id,pers,tsreg,tsverval,actieinh,actieverval,datinschr,versienr,nadereaandverval,dattijdstempel) VALUES('6038','6038','20051201',null,'6038',null,'20051201','1',null,'20051201');
INSERT INTO kern.his_persinschr (id,pers,tsreg,tsverval,actieinh,actieverval,datinschr,versienr,nadereaandverval,dattijdstempel) VALUES('6039','6039','20050112',null,'6039',null,'20050112','1',null,'20050112');
INSERT INTO kern.his_persinschr (id,pers,tsreg,tsverval,actieinh,actieverval,datinschr,versienr,nadereaandverval,dattijdstempel) VALUES('6040','6040','20051201',null,'6040',null,'20051201','1',null,'20051201');
INSERT INTO kern.his_persinschr (id,pers,tsreg,tsverval,actieinh,actieverval,datinschr,versienr,nadereaandverval,dattijdstempel) VALUES('6041','6041','19680809',null,'6041',null,'19680809','1',null,'19680809');
INSERT INTO kern.his_persinschr (id,pers,tsreg,tsverval,actieinh,actieverval,datinschr,versienr,nadereaandverval,dattijdstempel) VALUES('6042','6042','19580921',null,'6042',null,'19580921','1',null,'19580921');
INSERT INTO kern.his_persinschr (id,pers,tsreg,tsverval,actieinh,actieverval,datinschr,versienr,nadereaandverval,dattijdstempel) VALUES('6043','6043','19951004',null,'6043',null,'19951004','1',null,'19951004');
INSERT INTO kern.his_persinschr (id,pers,tsreg,tsverval,actieinh,actieverval,datinschr,versienr,nadereaandverval,dattijdstempel) VALUES('6044','6044','20051201',null,'6044',null,'20051201','1',null,'20051201');
INSERT INTO kern.his_persinschr (id,pers,tsreg,tsverval,actieinh,actieverval,datinschr,versienr,nadereaandverval,dattijdstempel) VALUES('6045','6045','20050112',null,'6045',null,'20050112','1',null,'20050112');

commit;


--------------------------------------------------
--- EIND
--- Sheet: (his_persinschr)
--- Handler: SheetHandlerImplSimpleInsert
--- Aantal: (45)
--------------------------------------------------
--------------------------------------------------
--- START
--- Sheet: (his_persbijhouding)
--- Handler: SheetHandlerImplSimpleInsert
--------------------------------------------------

begin;

INSERT INTO kern.his_persbijhouding (id,pers,dataanvgel,dateindegel,tsreg,tsverval,actieinh,actieverval,nadereaandverval,actieaanpgel,bijhpartij,bijhaard,naderebijhaard,indonverwdocaanw) VALUES('6003','6001','20050328',null,'20050328',null,'7000',null,null,null,'347','1','1','false');
INSERT INTO kern.his_persbijhouding (id,pers,dataanvgel,dateindegel,tsreg,tsverval,actieinh,actieverval,nadereaandverval,actieaanpgel,bijhpartij,bijhaard,naderebijhaard,indonverwdocaanw) VALUES('6002','6001','20030327','20050328','20050328',null,'6999',null,null,'7000','229','1','1','false');
INSERT INTO kern.his_persbijhouding (id,pers,dataanvgel,dateindegel,tsreg,tsverval,actieinh,actieverval,nadereaandverval,actieaanpgel,bijhpartij,bijhaard,naderebijhaard,indonverwdocaanw) VALUES('6122','6001','20030327',null,'20030327','20050328','6999','7000',null,null,'229','1','1','false');
INSERT INTO kern.his_persbijhouding (id,pers,dataanvgel,dateindegel,tsreg,tsverval,actieinh,actieverval,nadereaandverval,actieaanpgel,bijhpartij,bijhaard,naderebijhaard,indonverwdocaanw) VALUES('6001','6001','19811002','20030327','20030327',null,'6001',null,null,'6999','521','1','1','false');
INSERT INTO kern.his_persbijhouding (id,pers,dataanvgel,dateindegel,tsreg,tsverval,actieinh,actieverval,nadereaandverval,actieaanpgel,bijhpartij,bijhaard,naderebijhaard,indonverwdocaanw) VALUES('6123','6001','19811002',null,'19811002','20030327','6001','6999',null,null,'521','1','1','false');
INSERT INTO kern.his_persbijhouding (id,pers,dataanvgel,dateindegel,tsreg,tsverval,actieinh,actieverval,nadereaandverval,actieaanpgel,bijhpartij,bijhaard,naderebijhaard,indonverwdocaanw) VALUES('6006','6002','20050328',null,'20050328',null,'6997',null,null,null,'347','1','1','false');
INSERT INTO kern.his_persbijhouding (id,pers,dataanvgel,dateindegel,tsreg,tsverval,actieinh,actieverval,nadereaandverval,actieaanpgel,bijhpartij,bijhaard,naderebijhaard,indonverwdocaanw) VALUES('6005','6002','20030327','20050328','20050328',null,'6996',null,null,'6997','229','1','1','false');
INSERT INTO kern.his_persbijhouding (id,pers,dataanvgel,dateindegel,tsreg,tsverval,actieinh,actieverval,nadereaandverval,actieaanpgel,bijhpartij,bijhaard,naderebijhaard,indonverwdocaanw) VALUES('6124','6002','20030327',null,'20030327','20050328','6996','6997',null,null,'229','1','1','false');
INSERT INTO kern.his_persbijhouding (id,pers,dataanvgel,dateindegel,tsreg,tsverval,actieinh,actieverval,nadereaandverval,actieaanpgel,bijhpartij,bijhaard,naderebijhaard,indonverwdocaanw) VALUES('6004','6002','19820528','20030327','20030327',null,'6002',null,null,'6996','602','1','1','false');
INSERT INTO kern.his_persbijhouding (id,pers,dataanvgel,dateindegel,tsreg,tsverval,actieinh,actieverval,nadereaandverval,actieaanpgel,bijhpartij,bijhaard,naderebijhaard,indonverwdocaanw) VALUES('6125','6002','19820528',null,'19820528','20030327','6002','6996',null,null,'602','1','1','false');
INSERT INTO kern.his_persbijhouding (id,pers,dataanvgel,dateindegel,tsreg,tsverval,actieinh,actieverval,nadereaandverval,actieaanpgel,bijhpartij,bijhaard,naderebijhaard,indonverwdocaanw) VALUES('6009','6003','19901201',null,'19901201',null,'6994',null,null,null,'347','1','1','false');
INSERT INTO kern.his_persbijhouding (id,pers,dataanvgel,dateindegel,tsreg,tsverval,actieinh,actieverval,nadereaandverval,actieaanpgel,bijhpartij,bijhaard,naderebijhaard,indonverwdocaanw) VALUES('6008','6003','19901111','19901201','19901201',null,'6993',null,null,'6994','950','1','1','false');
INSERT INTO kern.his_persbijhouding (id,pers,dataanvgel,dateindegel,tsreg,tsverval,actieinh,actieverval,nadereaandverval,actieaanpgel,bijhpartij,bijhaard,naderebijhaard,indonverwdocaanw) VALUES('6126','6003','19901111',null,'19901111','19901201','6993','6994',null,null,'950','1','1','false');
INSERT INTO kern.his_persbijhouding (id,pers,dataanvgel,dateindegel,tsreg,tsverval,actieinh,actieverval,nadereaandverval,actieaanpgel,bijhpartij,bijhaard,naderebijhaard,indonverwdocaanw) VALUES('6007','6003','19660302','19901111','19901111',null,'6003',null,null,'6993','521','1','1','false');
INSERT INTO kern.his_persbijhouding (id,pers,dataanvgel,dateindegel,tsreg,tsverval,actieinh,actieverval,nadereaandverval,actieaanpgel,bijhpartij,bijhaard,naderebijhaard,indonverwdocaanw) VALUES('6127','6003','19660302',null,'19660302','19901111','6003','6993',null,null,'521','1','1','false');
INSERT INTO kern.his_persbijhouding (id,pers,dataanvgel,dateindegel,tsreg,tsverval,actieinh,actieverval,nadereaandverval,actieaanpgel,bijhpartij,bijhaard,naderebijhaard,indonverwdocaanw) VALUES('6012','6004','19901201',null,'19901201',null,'6991',null,null,null,'347','1','1','false');
INSERT INTO kern.his_persbijhouding (id,pers,dataanvgel,dateindegel,tsreg,tsverval,actieinh,actieverval,nadereaandverval,actieaanpgel,bijhpartij,bijhaard,naderebijhaard,indonverwdocaanw) VALUES('6011','6004','19901111','19901201','19901201',null,'6990',null,null,'6991','950','1','1','false');
INSERT INTO kern.his_persbijhouding (id,pers,dataanvgel,dateindegel,tsreg,tsverval,actieinh,actieverval,nadereaandverval,actieaanpgel,bijhpartij,bijhaard,naderebijhaard,indonverwdocaanw) VALUES('6128','6004','19901111',null,'19901111','19901201','6990','6991',null,null,'950','1','1','false');
INSERT INTO kern.his_persbijhouding (id,pers,dataanvgel,dateindegel,tsreg,tsverval,actieinh,actieverval,nadereaandverval,actieaanpgel,bijhpartij,bijhaard,naderebijhaard,indonverwdocaanw) VALUES('6010','6004','19691227','19901111','19901111',null,'6004',null,null,'6990','347','1','1','false');
INSERT INTO kern.his_persbijhouding (id,pers,dataanvgel,dateindegel,tsreg,tsverval,actieinh,actieverval,nadereaandverval,actieaanpgel,bijhpartij,bijhaard,naderebijhaard,indonverwdocaanw) VALUES('6129','6004','19691227',null,'19691227','19901111','6004','6990',null,null,'347','1','1','false');
INSERT INTO kern.his_persbijhouding (id,pers,dataanvgel,dateindegel,tsreg,tsverval,actieinh,actieverval,nadereaandverval,actieaanpgel,bijhpartij,bijhaard,naderebijhaard,indonverwdocaanw) VALUES('6015','6005','19981201',null,'19981201',null,'6988',null,null,null,'347','1','1','false');
INSERT INTO kern.his_persbijhouding (id,pers,dataanvgel,dateindegel,tsreg,tsverval,actieinh,actieverval,nadereaandverval,actieaanpgel,bijhpartij,bijhaard,naderebijhaard,indonverwdocaanw) VALUES('6014','6005','19970605','19981201','19981201',null,'6987',null,null,'6988','403','1','1','false');
INSERT INTO kern.his_persbijhouding (id,pers,dataanvgel,dateindegel,tsreg,tsverval,actieinh,actieverval,nadereaandverval,actieaanpgel,bijhpartij,bijhaard,naderebijhaard,indonverwdocaanw) VALUES('6130','6005','19970605',null,'19970605','19981201','6987','6988',null,null,'403','1','1','false');
INSERT INTO kern.his_persbijhouding (id,pers,dataanvgel,dateindegel,tsreg,tsverval,actieinh,actieverval,nadereaandverval,actieaanpgel,bijhpartij,bijhaard,naderebijhaard,indonverwdocaanw) VALUES('6013','6005','19710717','19970605','19970605',null,'6005',null,null,'6987','347','1','1','false');
INSERT INTO kern.his_persbijhouding (id,pers,dataanvgel,dateindegel,tsreg,tsverval,actieinh,actieverval,nadereaandverval,actieaanpgel,bijhpartij,bijhaard,naderebijhaard,indonverwdocaanw) VALUES('6131','6005','19710717',null,'19710717','19970605','6005','6987',null,null,'347','1','1','false');
INSERT INTO kern.his_persbijhouding (id,pers,dataanvgel,dateindegel,tsreg,tsverval,actieinh,actieverval,nadereaandverval,actieaanpgel,bijhpartij,bijhaard,naderebijhaard,indonverwdocaanw) VALUES('6018','6006','19981201',null,'19981201',null,'6985',null,null,null,'347','1','1','false');
INSERT INTO kern.his_persbijhouding (id,pers,dataanvgel,dateindegel,tsreg,tsverval,actieinh,actieverval,nadereaandverval,actieaanpgel,bijhpartij,bijhaard,naderebijhaard,indonverwdocaanw) VALUES('6017','6006','19970605','19981201','19981201',null,'6984',null,null,'6985','403','1','1','false');
INSERT INTO kern.his_persbijhouding (id,pers,dataanvgel,dateindegel,tsreg,tsverval,actieinh,actieverval,nadereaandverval,actieaanpgel,bijhpartij,bijhaard,naderebijhaard,indonverwdocaanw) VALUES('6132','6006','19970605',null,'19970605','19981201','6984','6985',null,null,'403','1','1','false');
INSERT INTO kern.his_persbijhouding (id,pers,dataanvgel,dateindegel,tsreg,tsverval,actieinh,actieverval,nadereaandverval,actieaanpgel,bijhpartij,bijhaard,naderebijhaard,indonverwdocaanw) VALUES('6016','6006','19720928','19970605','19970605',null,'6006',null,null,'6984','366','1','1','false');
INSERT INTO kern.his_persbijhouding (id,pers,dataanvgel,dateindegel,tsreg,tsverval,actieinh,actieverval,nadereaandverval,actieaanpgel,bijhpartij,bijhaard,naderebijhaard,indonverwdocaanw) VALUES('6133','6006','19720928',null,'19720928','19970605','6006','6984',null,null,'366','1','1','false');
INSERT INTO kern.his_persbijhouding (id,pers,dataanvgel,dateindegel,tsreg,tsverval,actieinh,actieverval,nadereaandverval,actieaanpgel,bijhpartij,bijhaard,naderebijhaard,indonverwdocaanw) VALUES('6021','6007','20110205',null,'20110205',null,'6982',null,null,null,'347','1','1','false');
INSERT INTO kern.his_persbijhouding (id,pers,dataanvgel,dateindegel,tsreg,tsverval,actieinh,actieverval,nadereaandverval,actieaanpgel,bijhpartij,bijhaard,naderebijhaard,indonverwdocaanw) VALUES('6020','6007','20031024','20110205','20110205',null,'6981',null,null,'6982','1415','1','1','false');
INSERT INTO kern.his_persbijhouding (id,pers,dataanvgel,dateindegel,tsreg,tsverval,actieinh,actieverval,nadereaandverval,actieaanpgel,bijhpartij,bijhaard,naderebijhaard,indonverwdocaanw) VALUES('6134','6007','20031024',null,'20031024','20110205','6981','6982',null,null,'1415','1','1','false');
INSERT INTO kern.his_persbijhouding (id,pers,dataanvgel,dateindegel,tsreg,tsverval,actieinh,actieverval,nadereaandverval,actieaanpgel,bijhpartij,bijhaard,naderebijhaard,indonverwdocaanw) VALUES('6019','6007','19800616','20031024','20031024',null,'6007',null,null,'6981','602','1','1','false');
INSERT INTO kern.his_persbijhouding (id,pers,dataanvgel,dateindegel,tsreg,tsverval,actieinh,actieverval,nadereaandverval,actieaanpgel,bijhpartij,bijhaard,naderebijhaard,indonverwdocaanw) VALUES('6135','6007','19800616',null,'19800616','20031024','6007','6981',null,null,'602','1','1','false');
INSERT INTO kern.his_persbijhouding (id,pers,dataanvgel,dateindegel,tsreg,tsverval,actieinh,actieverval,nadereaandverval,actieaanpgel,bijhpartij,bijhaard,naderebijhaard,indonverwdocaanw) VALUES('6024','6008','20110205',null,'20110205',null,'6979',null,null,null,'347','1','1','false');
INSERT INTO kern.his_persbijhouding (id,pers,dataanvgel,dateindegel,tsreg,tsverval,actieinh,actieverval,nadereaandverval,actieaanpgel,bijhpartij,bijhaard,naderebijhaard,indonverwdocaanw) VALUES('6023','6008','20031024','20110205','20110205',null,'6978',null,null,'6979','1415','1','1','false');
INSERT INTO kern.his_persbijhouding (id,pers,dataanvgel,dateindegel,tsreg,tsverval,actieinh,actieverval,nadereaandverval,actieaanpgel,bijhpartij,bijhaard,naderebijhaard,indonverwdocaanw) VALUES('6136','6008','20031024',null,'20031024','20110205','6978','6979',null,null,'1415','1','1','false');
INSERT INTO kern.his_persbijhouding (id,pers,dataanvgel,dateindegel,tsreg,tsverval,actieinh,actieverval,nadereaandverval,actieaanpgel,bijhpartij,bijhaard,naderebijhaard,indonverwdocaanw) VALUES('6022','6008','19810418','20031024','20031024',null,'6008',null,null,'6978','347','1','1','false');
INSERT INTO kern.his_persbijhouding (id,pers,dataanvgel,dateindegel,tsreg,tsverval,actieinh,actieverval,nadereaandverval,actieaanpgel,bijhpartij,bijhaard,naderebijhaard,indonverwdocaanw) VALUES('6137','6008','19810418',null,'19810418','20031024','6008','6978',null,null,'347','1','1','false');
INSERT INTO kern.his_persbijhouding (id,pers,dataanvgel,dateindegel,tsreg,tsverval,actieinh,actieverval,nadereaandverval,actieaanpgel,bijhpartij,bijhaard,naderebijhaard,indonverwdocaanw) VALUES('6026','6009','20110205',null,'20110205',null,'6976',null,null,null,'347','1','1','false');
INSERT INTO kern.his_persbijhouding (id,pers,dataanvgel,dateindegel,tsreg,tsverval,actieinh,actieverval,nadereaandverval,actieaanpgel,bijhpartij,bijhaard,naderebijhaard,indonverwdocaanw) VALUES('6025','6009','20031226','20110205','20110205',null,'6009',null,null,'6976','1415','1','1','false');
INSERT INTO kern.his_persbijhouding (id,pers,dataanvgel,dateindegel,tsreg,tsverval,actieinh,actieverval,nadereaandverval,actieaanpgel,bijhpartij,bijhaard,naderebijhaard,indonverwdocaanw) VALUES('6138','6009','20031226',null,'20031226','20110205','6009','6976',null,null,'1415','1','1','false');
INSERT INTO kern.his_persbijhouding (id,pers,dataanvgel,dateindegel,tsreg,tsverval,actieinh,actieverval,nadereaandverval,actieaanpgel,bijhpartij,bijhaard,naderebijhaard,indonverwdocaanw) VALUES('6029','6010','20090928',null,'20090928',null,'6974',null,null,null,'347','1','1','false');
INSERT INTO kern.his_persbijhouding (id,pers,dataanvgel,dateindegel,tsreg,tsverval,actieinh,actieverval,nadereaandverval,actieaanpgel,bijhpartij,bijhaard,naderebijhaard,indonverwdocaanw) VALUES('6028','6010','19960304','20090928','20090928',null,'6973',null,null,'6974','775','1','1','false');
INSERT INTO kern.his_persbijhouding (id,pers,dataanvgel,dateindegel,tsreg,tsverval,actieinh,actieverval,nadereaandverval,actieaanpgel,bijhpartij,bijhaard,naderebijhaard,indonverwdocaanw) VALUES('6139','6010','19960304',null,'19960304','20090928','6973','6974',null,null,'775','1','1','false');
INSERT INTO kern.his_persbijhouding (id,pers,dataanvgel,dateindegel,tsreg,tsverval,actieinh,actieverval,nadereaandverval,actieaanpgel,bijhpartij,bijhaard,naderebijhaard,indonverwdocaanw) VALUES('6027','6010','19691231','19960304','19960304',null,'6010',null,null,'6973','602','1','1','false');
INSERT INTO kern.his_persbijhouding (id,pers,dataanvgel,dateindegel,tsreg,tsverval,actieinh,actieverval,nadereaandverval,actieaanpgel,bijhpartij,bijhaard,naderebijhaard,indonverwdocaanw) VALUES('6140','6010','19691231',null,'19691231','19960304','6010','6973',null,null,'602','1','1','false');
INSERT INTO kern.his_persbijhouding (id,pers,dataanvgel,dateindegel,tsreg,tsverval,actieinh,actieverval,nadereaandverval,actieaanpgel,bijhpartij,bijhaard,naderebijhaard,indonverwdocaanw) VALUES('6032','6011','20090928',null,'20090928',null,'6971',null,null,null,'347','1','1','false');
INSERT INTO kern.his_persbijhouding (id,pers,dataanvgel,dateindegel,tsreg,tsverval,actieinh,actieverval,nadereaandverval,actieaanpgel,bijhpartij,bijhaard,naderebijhaard,indonverwdocaanw) VALUES('6031','6011','19960304','20090928','20090928',null,'6970',null,null,'6971','775','1','1','false');
INSERT INTO kern.his_persbijhouding (id,pers,dataanvgel,dateindegel,tsreg,tsverval,actieinh,actieverval,nadereaandverval,actieaanpgel,bijhpartij,bijhaard,naderebijhaard,indonverwdocaanw) VALUES('6141','6011','19960304',null,'19960304','20090928','6970','6971',null,null,'775','1','1','false');
INSERT INTO kern.his_persbijhouding (id,pers,dataanvgel,dateindegel,tsreg,tsverval,actieinh,actieverval,nadereaandverval,actieaanpgel,bijhpartij,bijhaard,naderebijhaard,indonverwdocaanw) VALUES('6030','6011','19690516','19960304','19960304',null,'6011',null,null,'6970','602','1','1','false');
INSERT INTO kern.his_persbijhouding (id,pers,dataanvgel,dateindegel,tsreg,tsverval,actieinh,actieverval,nadereaandverval,actieaanpgel,bijhpartij,bijhaard,naderebijhaard,indonverwdocaanw) VALUES('6142','6011','19690516',null,'19690516','19960304','6011','6970',null,null,'602','1','1','false');
INSERT INTO kern.his_persbijhouding (id,pers,dataanvgel,dateindegel,tsreg,tsverval,actieinh,actieverval,nadereaandverval,actieaanpgel,bijhpartij,bijhaard,naderebijhaard,indonverwdocaanw) VALUES('6034','6012','20000228',null,'20000228',null,'6968',null,null,null,'347','1','1','false');
INSERT INTO kern.his_persbijhouding (id,pers,dataanvgel,dateindegel,tsreg,tsverval,actieinh,actieverval,nadereaandverval,actieaanpgel,bijhpartij,bijhaard,naderebijhaard,indonverwdocaanw) VALUES('6033','6012','19771210','20000228','20000228',null,'6012',null,null,'6968','629','1','1','false');
INSERT INTO kern.his_persbijhouding (id,pers,dataanvgel,dateindegel,tsreg,tsverval,actieinh,actieverval,nadereaandverval,actieaanpgel,bijhpartij,bijhaard,naderebijhaard,indonverwdocaanw) VALUES('6143','6012','19771210',null,'19771210','20000228','6012','6968',null,null,'629','1','1','false');
INSERT INTO kern.his_persbijhouding (id,pers,dataanvgel,dateindegel,tsreg,tsverval,actieinh,actieverval,nadereaandverval,actieaanpgel,bijhpartij,bijhaard,naderebijhaard,indonverwdocaanw) VALUES('6036','6013','19920508',null,'19920508',null,'6966',null,null,null,'347','1','1','false');
INSERT INTO kern.his_persbijhouding (id,pers,dataanvgel,dateindegel,tsreg,tsverval,actieinh,actieverval,nadereaandverval,actieaanpgel,bijhpartij,bijhaard,naderebijhaard,indonverwdocaanw) VALUES('6035','6013','19550602','19920508','19920508',null,'6013',null,null,'6966','991','1','1','false');
INSERT INTO kern.his_persbijhouding (id,pers,dataanvgel,dateindegel,tsreg,tsverval,actieinh,actieverval,nadereaandverval,actieaanpgel,bijhpartij,bijhaard,naderebijhaard,indonverwdocaanw) VALUES('6144','6013','19550602',null,'19550602','19920508','6013','6966',null,null,'991','1','1','false');
INSERT INTO kern.his_persbijhouding (id,pers,dataanvgel,dateindegel,tsreg,tsverval,actieinh,actieverval,nadereaandverval,actieaanpgel,bijhpartij,bijhaard,naderebijhaard,indonverwdocaanw) VALUES('6038','6014','20111111',null,'20111111',null,'6506',null,null,null,'347','1','4','false');
INSERT INTO kern.his_persbijhouding (id,pers,dataanvgel,dateindegel,tsreg,tsverval,actieinh,actieverval,nadereaandverval,actieaanpgel,bijhpartij,bijhaard,naderebijhaard,indonverwdocaanw) VALUES('6037','6014','19780611','20111111','20111111',null,'6014',null,null,null,'347','1','1','false');
INSERT INTO kern.his_persbijhouding (id,pers,dataanvgel,dateindegel,tsreg,tsverval,actieinh,actieverval,nadereaandverval,actieaanpgel,bijhpartij,bijhaard,naderebijhaard,indonverwdocaanw) VALUES('6145','6014','19780611',null,'19780611','20111111','6014',null,null,null,'347','1','1','false');
INSERT INTO kern.his_persbijhouding (id,pers,dataanvgel,dateindegel,tsreg,tsverval,actieinh,actieverval,nadereaandverval,actieaanpgel,bijhpartij,bijhaard,naderebijhaard,indonverwdocaanw) VALUES('6040','6015','20110425',null,'20110425',null,'6963',null,null,null,'347','1','1','false');
INSERT INTO kern.his_persbijhouding (id,pers,dataanvgel,dateindegel,tsreg,tsverval,actieinh,actieverval,nadereaandverval,actieaanpgel,bijhpartij,bijhaard,naderebijhaard,indonverwdocaanw) VALUES('6039','6015','19880425','20110425','20110425',null,'6015',null,null,'6963','94','1','1','false');
INSERT INTO kern.his_persbijhouding (id,pers,dataanvgel,dateindegel,tsreg,tsverval,actieinh,actieverval,nadereaandverval,actieaanpgel,bijhpartij,bijhaard,naderebijhaard,indonverwdocaanw) VALUES('6146','6015','19880425',null,'19880425','20110425','6015','6963',null,null,'94','1','1','false');
INSERT INTO kern.his_persbijhouding (id,pers,dataanvgel,dateindegel,tsreg,tsverval,actieinh,actieverval,nadereaandverval,actieaanpgel,bijhpartij,bijhaard,naderebijhaard,indonverwdocaanw) VALUES('6043','6016','20100626',null,'20100626',null,'6961',null,null,null,'347','1','1','false');
INSERT INTO kern.his_persbijhouding (id,pers,dataanvgel,dateindegel,tsreg,tsverval,actieinh,actieverval,nadereaandverval,actieaanpgel,bijhpartij,bijhaard,naderebijhaard,indonverwdocaanw) VALUES('6042','6016','19880425','20100626','20100626',null,'6960',null,null,'6961','741','1','1','false');
INSERT INTO kern.his_persbijhouding (id,pers,dataanvgel,dateindegel,tsreg,tsverval,actieinh,actieverval,nadereaandverval,actieaanpgel,bijhpartij,bijhaard,naderebijhaard,indonverwdocaanw) VALUES('6147','6016','19880425',null,'19880425','20100626','6960','6961',null,null,'741','1','1','false');
INSERT INTO kern.his_persbijhouding (id,pers,dataanvgel,dateindegel,tsreg,tsverval,actieinh,actieverval,nadereaandverval,actieaanpgel,bijhpartij,bijhaard,naderebijhaard,indonverwdocaanw) VALUES('6041','6016','18991210','19880425','19880425',null,'6016',null,null,'6960','521','1','1','false');
INSERT INTO kern.his_persbijhouding (id,pers,dataanvgel,dateindegel,tsreg,tsverval,actieinh,actieverval,nadereaandverval,actieaanpgel,bijhpartij,bijhaard,naderebijhaard,indonverwdocaanw) VALUES('6148','6016','18991210',null,'18991210','19880425','6016','6960',null,null,'521','1','1','false');
INSERT INTO kern.his_persbijhouding (id,pers,dataanvgel,dateindegel,tsreg,tsverval,actieinh,actieverval,nadereaandverval,actieaanpgel,bijhpartij,bijhaard,naderebijhaard,indonverwdocaanw) VALUES('6045','6017','20030327',null,'20030327',null,'6958',null,null,null,'347','1','1','false');
INSERT INTO kern.his_persbijhouding (id,pers,dataanvgel,dateindegel,tsreg,tsverval,actieinh,actieverval,nadereaandverval,actieaanpgel,bijhpartij,bijhaard,naderebijhaard,indonverwdocaanw) VALUES('6044','6017','19820523','20030327','20030327',null,'6017',null,null,'6958','403','1','1','false');
INSERT INTO kern.his_persbijhouding (id,pers,dataanvgel,dateindegel,tsreg,tsverval,actieinh,actieverval,nadereaandverval,actieaanpgel,bijhpartij,bijhaard,naderebijhaard,indonverwdocaanw) VALUES('6149','6017','19820523',null,'19820523','20030327','6017','6958',null,null,'403','1','1','false');
INSERT INTO kern.his_persbijhouding (id,pers,dataanvgel,dateindegel,tsreg,tsverval,actieinh,actieverval,nadereaandverval,actieaanpgel,bijhpartij,bijhaard,naderebijhaard,indonverwdocaanw) VALUES('6047','6018','19911002',null,'19911002',null,'6956',null,null,null,'347','1','1','false');
INSERT INTO kern.his_persbijhouding (id,pers,dataanvgel,dateindegel,tsreg,tsverval,actieinh,actieverval,nadereaandverval,actieaanpgel,bijhpartij,bijhaard,naderebijhaard,indonverwdocaanw) VALUES('6046','6018','19840411','19911002','19911002',null,'6018',null,null,'6956','508','1','1','false');
INSERT INTO kern.his_persbijhouding (id,pers,dataanvgel,dateindegel,tsreg,tsverval,actieinh,actieverval,nadereaandverval,actieaanpgel,bijhpartij,bijhaard,naderebijhaard,indonverwdocaanw) VALUES('6150','6018','19840411',null,'19840411','19911002','6018','6956',null,null,'508','1','1','false');
INSERT INTO kern.his_persbijhouding (id,pers,dataanvgel,dateindegel,tsreg,tsverval,actieinh,actieverval,nadereaandverval,actieaanpgel,bijhpartij,bijhaard,naderebijhaard,indonverwdocaanw) VALUES('6049','6019','19901111',null,'19901111',null,'6954',null,null,null,'347','1','1','false');
INSERT INTO kern.his_persbijhouding (id,pers,dataanvgel,dateindegel,tsreg,tsverval,actieinh,actieverval,nadereaandverval,actieaanpgel,bijhpartij,bijhaard,naderebijhaard,indonverwdocaanw) VALUES('6048','6019','19741026','19901111','19901111',null,'6019',null,null,'6954','522','1','1','false');
INSERT INTO kern.his_persbijhouding (id,pers,dataanvgel,dateindegel,tsreg,tsverval,actieinh,actieverval,nadereaandverval,actieaanpgel,bijhpartij,bijhaard,naderebijhaard,indonverwdocaanw) VALUES('6151','6019','19741026',null,'19741026','19901111','6019','6954',null,null,'522','1','1','false');
INSERT INTO kern.his_persbijhouding (id,pers,dataanvgel,dateindegel,tsreg,tsverval,actieinh,actieverval,nadereaandverval,actieaanpgel,bijhpartij,bijhaard,naderebijhaard,indonverwdocaanw) VALUES('6051','6020','19820528',null,'19820528',null,'6952',null,null,null,'347','1','1','false');
INSERT INTO kern.his_persbijhouding (id,pers,dataanvgel,dateindegel,tsreg,tsverval,actieinh,actieverval,nadereaandverval,actieaanpgel,bijhpartij,bijhaard,naderebijhaard,indonverwdocaanw) VALUES('6050','6020','19760103','19820528','19820528',null,'6020',null,null,'6952','403','1','1','false');
INSERT INTO kern.his_persbijhouding (id,pers,dataanvgel,dateindegel,tsreg,tsverval,actieinh,actieverval,nadereaandverval,actieaanpgel,bijhpartij,bijhaard,naderebijhaard,indonverwdocaanw) VALUES('6152','6020','19760103',null,'19760103','19820528','6020','6952',null,null,'403','1','1','false');
INSERT INTO kern.his_persbijhouding (id,pers,dataanvgel,dateindegel,tsreg,tsverval,actieinh,actieverval,nadereaandverval,actieaanpgel,bijhpartij,bijhaard,naderebijhaard,indonverwdocaanw) VALUES('6053','6021','20010328',null,'20010328',null,'6950',null,null,null,'347','1','1','false');
INSERT INTO kern.his_persbijhouding (id,pers,dataanvgel,dateindegel,tsreg,tsverval,actieinh,actieverval,nadereaandverval,actieaanpgel,bijhpartij,bijhaard,naderebijhaard,indonverwdocaanw) VALUES('6052','6021','19920516','20010328','20010328',null,'6021',null,null,'6950','342','1','1','false');
INSERT INTO kern.his_persbijhouding (id,pers,dataanvgel,dateindegel,tsreg,tsverval,actieinh,actieverval,nadereaandverval,actieaanpgel,bijhpartij,bijhaard,naderebijhaard,indonverwdocaanw) VALUES('6153','6021','19920516',null,'19920516','20010328','6021','6950',null,null,'342','1','1','false');
INSERT INTO kern.his_persbijhouding (id,pers,dataanvgel,dateindegel,tsreg,tsverval,actieinh,actieverval,nadereaandverval,actieaanpgel,bijhpartij,bijhaard,naderebijhaard,indonverwdocaanw) VALUES('6055','6022','20101002',null,'20101002',null,'6948',null,null,null,'347','1','1','false');
INSERT INTO kern.his_persbijhouding (id,pers,dataanvgel,dateindegel,tsreg,tsverval,actieinh,actieverval,nadereaandverval,actieaanpgel,bijhpartij,bijhaard,naderebijhaard,indonverwdocaanw) VALUES('6054','6022','19951003','20101002','20101002',null,'6022',null,null,'6948','508','1','1','false');
INSERT INTO kern.his_persbijhouding (id,pers,dataanvgel,dateindegel,tsreg,tsverval,actieinh,actieverval,nadereaandverval,actieaanpgel,bijhpartij,bijhaard,naderebijhaard,indonverwdocaanw) VALUES('6154','6022','19951003',null,'19951003','20101002','6022','6948',null,null,'508','1','1','false');
INSERT INTO kern.his_persbijhouding (id,pers,dataanvgel,dateindegel,tsreg,tsverval,actieinh,actieverval,nadereaandverval,actieaanpgel,bijhpartij,bijhaard,naderebijhaard,indonverwdocaanw) VALUES('6057','6023','19970605',null,'19970605',null,'6946',null,null,null,'347','1','1','false');
INSERT INTO kern.his_persbijhouding (id,pers,dataanvgel,dateindegel,tsreg,tsverval,actieinh,actieverval,nadereaandverval,actieaanpgel,bijhpartij,bijhaard,naderebijhaard,indonverwdocaanw) VALUES('6056','6023','19680310','19970605','19970605',null,'6023',null,null,'6946','403','1','1','false');
INSERT INTO kern.his_persbijhouding (id,pers,dataanvgel,dateindegel,tsreg,tsverval,actieinh,actieverval,nadereaandverval,actieaanpgel,bijhpartij,bijhaard,naderebijhaard,indonverwdocaanw) VALUES('6155','6023','19680310',null,'19680310','19970605','6023','6946',null,null,'403','1','1','false');
INSERT INTO kern.his_persbijhouding (id,pers,dataanvgel,dateindegel,tsreg,tsverval,actieinh,actieverval,nadereaandverval,actieaanpgel,bijhpartij,bijhaard,naderebijhaard,indonverwdocaanw) VALUES('6059','6024','19790928',null,'19790928',null,'6944',null,null,null,'347','1','1','false');
INSERT INTO kern.his_persbijhouding (id,pers,dataanvgel,dateindegel,tsreg,tsverval,actieinh,actieverval,nadereaandverval,actieaanpgel,bijhpartij,bijhaard,naderebijhaard,indonverwdocaanw) VALUES('6058','6024','19770401','19790928','19790928',null,'6024',null,null,'6944','366','1','1','false');
INSERT INTO kern.his_persbijhouding (id,pers,dataanvgel,dateindegel,tsreg,tsverval,actieinh,actieverval,nadereaandverval,actieaanpgel,bijhpartij,bijhaard,naderebijhaard,indonverwdocaanw) VALUES('6156','6024','19770401',null,'19770401','19790928','6024','6944',null,null,'366','1','1','false');
INSERT INTO kern.his_persbijhouding (id,pers,dataanvgel,dateindegel,tsreg,tsverval,actieinh,actieverval,nadereaandverval,actieaanpgel,bijhpartij,bijhaard,naderebijhaard,indonverwdocaanw) VALUES('6061','6025','19950929',null,'19950929',null,'6942',null,null,null,'347','1','1','false');
INSERT INTO kern.his_persbijhouding (id,pers,dataanvgel,dateindegel,tsreg,tsverval,actieinh,actieverval,nadereaandverval,actieaanpgel,bijhpartij,bijhaard,naderebijhaard,indonverwdocaanw) VALUES('6060','6025','19880611','19950929','19950929',null,'6025',null,null,'6942','366','1','1','false');
INSERT INTO kern.his_persbijhouding (id,pers,dataanvgel,dateindegel,tsreg,tsverval,actieinh,actieverval,nadereaandverval,actieaanpgel,bijhpartij,bijhaard,naderebijhaard,indonverwdocaanw) VALUES('6157','6025','19880611',null,'19880611','19950929','6025','6942',null,null,'366','1','1','false');
INSERT INTO kern.his_persbijhouding (id,pers,dataanvgel,dateindegel,tsreg,tsverval,actieinh,actieverval,nadereaandverval,actieaanpgel,bijhpartij,bijhaard,naderebijhaard,indonverwdocaanw) VALUES('6063','6026','20000101',null,'20000101',null,'6940',null,null,null,'347','1','1','false');
INSERT INTO kern.his_persbijhouding (id,pers,dataanvgel,dateindegel,tsreg,tsverval,actieinh,actieverval,nadereaandverval,actieaanpgel,bijhpartij,bijhaard,naderebijhaard,indonverwdocaanw) VALUES('6062','6026','19910721','20000101','20000101',null,'6026',null,null,'6940','506','1','1','false');
INSERT INTO kern.his_persbijhouding (id,pers,dataanvgel,dateindegel,tsreg,tsverval,actieinh,actieverval,nadereaandverval,actieaanpgel,bijhpartij,bijhaard,naderebijhaard,indonverwdocaanw) VALUES('6158','6026','19910721',null,'19910721','20000101','6026','6940',null,null,'506','1','1','false');
INSERT INTO kern.his_persbijhouding (id,pers,dataanvgel,dateindegel,tsreg,tsverval,actieinh,actieverval,nadereaandverval,actieaanpgel,bijhpartij,bijhaard,naderebijhaard,indonverwdocaanw) VALUES('6065','6027','20031024',null,'20031024',null,'6938',null,null,null,'347','1','1','false');
INSERT INTO kern.his_persbijhouding (id,pers,dataanvgel,dateindegel,tsreg,tsverval,actieinh,actieverval,nadereaandverval,actieaanpgel,bijhpartij,bijhaard,naderebijhaard,indonverwdocaanw) VALUES('6064','6027','19910911','20031024','20031024',null,'6027',null,null,'6938','1415','1','1','false');
INSERT INTO kern.his_persbijhouding (id,pers,dataanvgel,dateindegel,tsreg,tsverval,actieinh,actieverval,nadereaandverval,actieaanpgel,bijhpartij,bijhaard,naderebijhaard,indonverwdocaanw) VALUES('6159','6027','19910911',null,'19910911','20031024','6027','6938',null,null,'1415','1','1','false');
INSERT INTO kern.his_persbijhouding (id,pers,dataanvgel,dateindegel,tsreg,tsverval,actieinh,actieverval,nadereaandverval,actieaanpgel,bijhpartij,bijhaard,naderebijhaard,indonverwdocaanw) VALUES('6067','6028','19990616',null,'19990616',null,'6936',null,null,null,'347','1','1','false');
INSERT INTO kern.his_persbijhouding (id,pers,dataanvgel,dateindegel,tsreg,tsverval,actieinh,actieverval,nadereaandverval,actieaanpgel,bijhpartij,bijhaard,naderebijhaard,indonverwdocaanw) VALUES('6066','6028','19900722','19990616','19990616',null,'6028',null,null,'6936','977','1','1','false');
INSERT INTO kern.his_persbijhouding (id,pers,dataanvgel,dateindegel,tsreg,tsverval,actieinh,actieverval,nadereaandverval,actieaanpgel,bijhpartij,bijhaard,naderebijhaard,indonverwdocaanw) VALUES('6160','6028','19900722',null,'19900722','19990616','6028','6936',null,null,'977','1','1','false');
INSERT INTO kern.his_persbijhouding (id,pers,dataanvgel,dateindegel,tsreg,tsverval,actieinh,actieverval,nadereaandverval,actieaanpgel,bijhpartij,bijhaard,naderebijhaard,indonverwdocaanw) VALUES('6068','6029','19200430',null,'19200430',null,'6029',null,null,null,'2','1','1','false');
INSERT INTO kern.his_persbijhouding (id,pers,dataanvgel,dateindegel,tsreg,tsverval,actieinh,actieverval,nadereaandverval,actieaanpgel,bijhpartij,bijhaard,naderebijhaard,indonverwdocaanw) VALUES('6072','6030','20120620',null,'20120620',null,'6934',null,null,null,'347','1','1','false');
INSERT INTO kern.his_persbijhouding (id,pers,dataanvgel,dateindegel,tsreg,tsverval,actieinh,actieverval,nadereaandverval,actieaanpgel,bijhpartij,bijhaard,naderebijhaard,indonverwdocaanw) VALUES('6071','6030','20091201','20120620','20120620',null,'6933',null,null,'6934','347','1','1','false');
INSERT INTO kern.his_persbijhouding (id,pers,dataanvgel,dateindegel,tsreg,tsverval,actieinh,actieverval,nadereaandverval,actieaanpgel,bijhpartij,bijhaard,naderebijhaard,indonverwdocaanw) VALUES('6161','6030','20091201',null,'20091201','20120620','6933','6934',null,null,'347','1','1','false');
INSERT INTO kern.his_persbijhouding (id,pers,dataanvgel,dateindegel,tsreg,tsverval,actieinh,actieverval,nadereaandverval,actieaanpgel,bijhpartij,bijhaard,naderebijhaard,indonverwdocaanw) VALUES('6070','6030','20060201','20091201','20091201',null,'6932',null,null,'6933','347','1','1','false');
INSERT INTO kern.his_persbijhouding (id,pers,dataanvgel,dateindegel,tsreg,tsverval,actieinh,actieverval,nadereaandverval,actieaanpgel,bijhpartij,bijhaard,naderebijhaard,indonverwdocaanw) VALUES('6162','6030','20060201',null,'20060201','20091201','6932','6933',null,null,'347','1','1','false');
INSERT INTO kern.his_persbijhouding (id,pers,dataanvgel,dateindegel,tsreg,tsverval,actieinh,actieverval,nadereaandverval,actieaanpgel,bijhpartij,bijhaard,naderebijhaard,indonverwdocaanw) VALUES('6069','6030','19220419','20060201','20060201',null,'6030',null,null,'6932','1239','1','1','false');
INSERT INTO kern.his_persbijhouding (id,pers,dataanvgel,dateindegel,tsreg,tsverval,actieinh,actieverval,nadereaandverval,actieaanpgel,bijhpartij,bijhaard,naderebijhaard,indonverwdocaanw) VALUES('6163','6030','19220419',null,'19220419','20060201','6030','6932',null,null,'1239','1','1','false');
INSERT INTO kern.his_persbijhouding (id,pers,dataanvgel,dateindegel,tsreg,tsverval,actieinh,actieverval,nadereaandverval,actieaanpgel,bijhpartij,bijhaard,naderebijhaard,indonverwdocaanw) VALUES('6076','6031','20120306',null,'20120306',null,'6930',null,null,null,'347','1','1','false');
INSERT INTO kern.his_persbijhouding (id,pers,dataanvgel,dateindegel,tsreg,tsverval,actieinh,actieverval,nadereaandverval,actieaanpgel,bijhpartij,bijhaard,naderebijhaard,indonverwdocaanw) VALUES('6075','6031','20010926','20120306','20120306',null,'6929',null,null,'6930','347','1','1','false');
INSERT INTO kern.his_persbijhouding (id,pers,dataanvgel,dateindegel,tsreg,tsverval,actieinh,actieverval,nadereaandverval,actieaanpgel,bijhpartij,bijhaard,naderebijhaard,indonverwdocaanw) VALUES('6164','6031','20010926',null,'20010926','20120306','6929','6930',null,null,'347','1','1','false');
INSERT INTO kern.his_persbijhouding (id,pers,dataanvgel,dateindegel,tsreg,tsverval,actieinh,actieverval,nadereaandverval,actieaanpgel,bijhpartij,bijhaard,naderebijhaard,indonverwdocaanw) VALUES('6074','6031','20000827','20010926','20010926',null,'6928',null,null,'6929','347','1','1','false');
INSERT INTO kern.his_persbijhouding (id,pers,dataanvgel,dateindegel,tsreg,tsverval,actieinh,actieverval,nadereaandverval,actieaanpgel,bijhpartij,bijhaard,naderebijhaard,indonverwdocaanw) VALUES('6165','6031','20000827',null,'20000827','20010926','6928','6929',null,null,'347','1','1','false');
INSERT INTO kern.his_persbijhouding (id,pers,dataanvgel,dateindegel,tsreg,tsverval,actieinh,actieverval,nadereaandverval,actieaanpgel,bijhpartij,bijhaard,naderebijhaard,indonverwdocaanw) VALUES('6073','6031','19920219','20000827','20000827',null,'6031',null,null,'6928','977','1','1','false');
INSERT INTO kern.his_persbijhouding (id,pers,dataanvgel,dateindegel,tsreg,tsverval,actieinh,actieverval,nadereaandverval,actieaanpgel,bijhpartij,bijhaard,naderebijhaard,indonverwdocaanw) VALUES('6166','6031','19920219',null,'19920219','20000827','6031','6928',null,null,'977','1','1','false');
INSERT INTO kern.his_persbijhouding (id,pers,dataanvgel,dateindegel,tsreg,tsverval,actieinh,actieverval,nadereaandverval,actieaanpgel,bijhpartij,bijhaard,naderebijhaard,indonverwdocaanw) VALUES('6080','6032','20120621',null,'20120621',null,'6926',null,null,null,'347','1','1','false');
INSERT INTO kern.his_persbijhouding (id,pers,dataanvgel,dateindegel,tsreg,tsverval,actieinh,actieverval,nadereaandverval,actieaanpgel,bijhpartij,bijhaard,naderebijhaard,indonverwdocaanw) VALUES('6079','6032','20010301','20120621','20120621',null,'6925',null,null,'6926','347','1','1','false');
INSERT INTO kern.his_persbijhouding (id,pers,dataanvgel,dateindegel,tsreg,tsverval,actieinh,actieverval,nadereaandverval,actieaanpgel,bijhpartij,bijhaard,naderebijhaard,indonverwdocaanw) VALUES('6167','6032','20010301',null,'20010301','20120621','6925','6926',null,null,'347','1','1','false');
INSERT INTO kern.his_persbijhouding (id,pers,dataanvgel,dateindegel,tsreg,tsverval,actieinh,actieverval,nadereaandverval,actieaanpgel,bijhpartij,bijhaard,naderebijhaard,indonverwdocaanw) VALUES('6078','6032','19670601','20010301','20010301',null,'6924',null,null,'6925','347','1','1','false');
INSERT INTO kern.his_persbijhouding (id,pers,dataanvgel,dateindegel,tsreg,tsverval,actieinh,actieverval,nadereaandverval,actieaanpgel,bijhpartij,bijhaard,naderebijhaard,indonverwdocaanw) VALUES('6168','6032','19670601',null,'19670601','20010301','6924','6925',null,null,'347','1','1','false');
INSERT INTO kern.his_persbijhouding (id,pers,dataanvgel,dateindegel,tsreg,tsverval,actieinh,actieverval,nadereaandverval,actieaanpgel,bijhpartij,bijhaard,naderebijhaard,indonverwdocaanw) VALUES('6077','6032','19510923','19670601','19670601',null,'6032',null,null,'6924','522','1','1','false');
INSERT INTO kern.his_persbijhouding (id,pers,dataanvgel,dateindegel,tsreg,tsverval,actieinh,actieverval,nadereaandverval,actieaanpgel,bijhpartij,bijhaard,naderebijhaard,indonverwdocaanw) VALUES('6169','6032','19510923',null,'19510923','19670601','6032','6924',null,null,'522','1','1','false');
INSERT INTO kern.his_persbijhouding (id,pers,dataanvgel,dateindegel,tsreg,tsverval,actieinh,actieverval,nadereaandverval,actieaanpgel,bijhpartij,bijhaard,naderebijhaard,indonverwdocaanw) VALUES('6084','6033','20120621',null,'20120621',null,'6922',null,null,null,'347','1','1','false');
INSERT INTO kern.his_persbijhouding (id,pers,dataanvgel,dateindegel,tsreg,tsverval,actieinh,actieverval,nadereaandverval,actieaanpgel,bijhpartij,bijhaard,naderebijhaard,indonverwdocaanw) VALUES('6083','6033','20010301','20120621','20120621',null,'6921',null,null,'6922','347','1','1','false');
INSERT INTO kern.his_persbijhouding (id,pers,dataanvgel,dateindegel,tsreg,tsverval,actieinh,actieverval,nadereaandverval,actieaanpgel,bijhpartij,bijhaard,naderebijhaard,indonverwdocaanw) VALUES('6170','6033','20010301',null,'20010301','20120621','6921','6922',null,null,'347','1','1','false');
INSERT INTO kern.his_persbijhouding (id,pers,dataanvgel,dateindegel,tsreg,tsverval,actieinh,actieverval,nadereaandverval,actieaanpgel,bijhpartij,bijhaard,naderebijhaard,indonverwdocaanw) VALUES('6082','6033','19670601','20010301','20010301',null,'6920',null,null,'6921','347','1','1','false');
INSERT INTO kern.his_persbijhouding (id,pers,dataanvgel,dateindegel,tsreg,tsverval,actieinh,actieverval,nadereaandverval,actieaanpgel,bijhpartij,bijhaard,naderebijhaard,indonverwdocaanw) VALUES('6171','6033','19670601',null,'19670601','20010301','6920','6921',null,null,'347','1','1','false');
INSERT INTO kern.his_persbijhouding (id,pers,dataanvgel,dateindegel,tsreg,tsverval,actieinh,actieverval,nadereaandverval,actieaanpgel,bijhpartij,bijhaard,naderebijhaard,indonverwdocaanw) VALUES('6081','6033','19531116','19670601','19670601',null,'6033',null,null,'6920','506','1','1','false');
INSERT INTO kern.his_persbijhouding (id,pers,dataanvgel,dateindegel,tsreg,tsverval,actieinh,actieverval,nadereaandverval,actieaanpgel,bijhpartij,bijhaard,naderebijhaard,indonverwdocaanw) VALUES('6172','6033','19531116',null,'19531116','19670601','6033','6920',null,null,'506','1','1','false');
INSERT INTO kern.his_persbijhouding (id,pers,dataanvgel,dateindegel,tsreg,tsverval,actieinh,actieverval,nadereaandverval,actieaanpgel,bijhpartij,bijhaard,naderebijhaard,indonverwdocaanw) VALUES('6088','6034','20090701',null,'20090701',null,'6918',null,null,null,'347','1','1','false');
INSERT INTO kern.his_persbijhouding (id,pers,dataanvgel,dateindegel,tsreg,tsverval,actieinh,actieverval,nadereaandverval,actieaanpgel,bijhpartij,bijhaard,naderebijhaard,indonverwdocaanw) VALUES('6087','6034','20080218','20090701','20090701',null,'6917',null,null,'6918','347','1','1','false');
INSERT INTO kern.his_persbijhouding (id,pers,dataanvgel,dateindegel,tsreg,tsverval,actieinh,actieverval,nadereaandverval,actieaanpgel,bijhpartij,bijhaard,naderebijhaard,indonverwdocaanw) VALUES('6173','6034','20080218',null,'20080218','20090701','6917','6918',null,null,'347','1','1','false');
INSERT INTO kern.his_persbijhouding (id,pers,dataanvgel,dateindegel,tsreg,tsverval,actieinh,actieverval,nadereaandverval,actieaanpgel,bijhpartij,bijhaard,naderebijhaard,indonverwdocaanw) VALUES('6086','6034','20070406','20080218','20080218',null,'6916',null,null,'6917','347','1','1','false');
INSERT INTO kern.his_persbijhouding (id,pers,dataanvgel,dateindegel,tsreg,tsverval,actieinh,actieverval,nadereaandverval,actieaanpgel,bijhpartij,bijhaard,naderebijhaard,indonverwdocaanw) VALUES('6174','6034','20070406',null,'20070406','20080218','6916','6917',null,null,'347','1','1','false');
INSERT INTO kern.his_persbijhouding (id,pers,dataanvgel,dateindegel,tsreg,tsverval,actieinh,actieverval,nadereaandverval,actieaanpgel,bijhpartij,bijhaard,naderebijhaard,indonverwdocaanw) VALUES('6085','6034','19390402','20070406','20070406',null,'6034',null,null,'6916','403','1','1','false');
INSERT INTO kern.his_persbijhouding (id,pers,dataanvgel,dateindegel,tsreg,tsverval,actieinh,actieverval,nadereaandverval,actieaanpgel,bijhpartij,bijhaard,naderebijhaard,indonverwdocaanw) VALUES('6175','6034','19390402',null,'19390402','20070406','6034','6916',null,null,'403','1','1','false');
INSERT INTO kern.his_persbijhouding (id,pers,dataanvgel,dateindegel,tsreg,tsverval,actieinh,actieverval,nadereaandverval,actieaanpgel,bijhpartij,bijhaard,naderebijhaard,indonverwdocaanw) VALUES('6092','6035','20090301',null,'20090301',null,'6914',null,null,null,'347','1','1','false');
INSERT INTO kern.his_persbijhouding (id,pers,dataanvgel,dateindegel,tsreg,tsverval,actieinh,actieverval,nadereaandverval,actieaanpgel,bijhpartij,bijhaard,naderebijhaard,indonverwdocaanw) VALUES('6091','6035','20081101','20090301','20090301',null,'6913',null,null,'6914','347','1','1','false');
INSERT INTO kern.his_persbijhouding (id,pers,dataanvgel,dateindegel,tsreg,tsverval,actieinh,actieverval,nadereaandverval,actieaanpgel,bijhpartij,bijhaard,naderebijhaard,indonverwdocaanw) VALUES('6176','6035','20081101',null,'20081101','20090301','6913','6914',null,null,'347','1','1','false');
INSERT INTO kern.his_persbijhouding (id,pers,dataanvgel,dateindegel,tsreg,tsverval,actieinh,actieverval,nadereaandverval,actieaanpgel,bijhpartij,bijhaard,naderebijhaard,indonverwdocaanw) VALUES('6090','6035','20050101','20081101','20081101',null,'6912',null,null,'6913','347','1','1','false');
INSERT INTO kern.his_persbijhouding (id,pers,dataanvgel,dateindegel,tsreg,tsverval,actieinh,actieverval,nadereaandverval,actieaanpgel,bijhpartij,bijhaard,naderebijhaard,indonverwdocaanw) VALUES('6177','6035','20050101',null,'20050101','20081101','6912','6913',null,null,'347','1','1','false');
INSERT INTO kern.his_persbijhouding (id,pers,dataanvgel,dateindegel,tsreg,tsverval,actieinh,actieverval,nadereaandverval,actieaanpgel,bijhpartij,bijhaard,naderebijhaard,indonverwdocaanw) VALUES('6089','6035','19841203','20050101','20050101',null,'6035',null,null,'6912','342','1','1','false');
INSERT INTO kern.his_persbijhouding (id,pers,dataanvgel,dateindegel,tsreg,tsverval,actieinh,actieverval,nadereaandverval,actieaanpgel,bijhpartij,bijhaard,naderebijhaard,indonverwdocaanw) VALUES('6178','6035','19841203',null,'19841203','20050101','6035','6912',null,null,'342','1','1','false');
INSERT INTO kern.his_persbijhouding (id,pers,dataanvgel,dateindegel,tsreg,tsverval,actieinh,actieverval,nadereaandverval,actieaanpgel,bijhpartij,bijhaard,naderebijhaard,indonverwdocaanw) VALUES('6096','6036','20090301',null,'20090301',null,'6910',null,null,null,'347','1','1','false');
INSERT INTO kern.his_persbijhouding (id,pers,dataanvgel,dateindegel,tsreg,tsverval,actieinh,actieverval,nadereaandverval,actieaanpgel,bijhpartij,bijhaard,naderebijhaard,indonverwdocaanw) VALUES('6095','6036','20081101','20090301','20090301',null,'6909',null,null,'6910','347','1','1','false');
INSERT INTO kern.his_persbijhouding (id,pers,dataanvgel,dateindegel,tsreg,tsverval,actieinh,actieverval,nadereaandverval,actieaanpgel,bijhpartij,bijhaard,naderebijhaard,indonverwdocaanw) VALUES('6179','6036','20081101',null,'20081101','20090301','6909','6910',null,null,'347','1','1','false');
INSERT INTO kern.his_persbijhouding (id,pers,dataanvgel,dateindegel,tsreg,tsverval,actieinh,actieverval,nadereaandverval,actieaanpgel,bijhpartij,bijhaard,naderebijhaard,indonverwdocaanw) VALUES('6094','6036','20050101','20081101','20081101',null,'6908',null,null,'6909','347','1','1','false');
INSERT INTO kern.his_persbijhouding (id,pers,dataanvgel,dateindegel,tsreg,tsverval,actieinh,actieverval,nadereaandverval,actieaanpgel,bijhpartij,bijhaard,naderebijhaard,indonverwdocaanw) VALUES('6180','6036','20050101',null,'20050101','20081101','6908','6909',null,null,'347','1','1','false');
INSERT INTO kern.his_persbijhouding (id,pers,dataanvgel,dateindegel,tsreg,tsverval,actieinh,actieverval,nadereaandverval,actieaanpgel,bijhpartij,bijhaard,naderebijhaard,indonverwdocaanw) VALUES('6093','6036','19851011','20050101','20050101',null,'6036',null,null,'6908','342','1','1','false');
INSERT INTO kern.his_persbijhouding (id,pers,dataanvgel,dateindegel,tsreg,tsverval,actieinh,actieverval,nadereaandverval,actieaanpgel,bijhpartij,bijhaard,naderebijhaard,indonverwdocaanw) VALUES('6181','6036','19851011',null,'19851011','20050101','6036','6908',null,null,'342','1','1','false');
INSERT INTO kern.his_persbijhouding (id,pers,dataanvgel,dateindegel,tsreg,tsverval,actieinh,actieverval,nadereaandverval,actieaanpgel,bijhpartij,bijhaard,naderebijhaard,indonverwdocaanw) VALUES('6099','6037','20090301',null,'20090301',null,'6906',null,null,null,'347','1','1','false');
INSERT INTO kern.his_persbijhouding (id,pers,dataanvgel,dateindegel,tsreg,tsverval,actieinh,actieverval,nadereaandverval,actieaanpgel,bijhpartij,bijhaard,naderebijhaard,indonverwdocaanw) VALUES('6098','6037','20081101','20090301','20090301',null,'6905',null,null,'6906','347','1','1','false');
INSERT INTO kern.his_persbijhouding (id,pers,dataanvgel,dateindegel,tsreg,tsverval,actieinh,actieverval,nadereaandverval,actieaanpgel,bijhpartij,bijhaard,naderebijhaard,indonverwdocaanw) VALUES('6182','6037','20081101',null,'20081101','20090301','6905','6906',null,null,'347','1','1','false');
INSERT INTO kern.his_persbijhouding (id,pers,dataanvgel,dateindegel,tsreg,tsverval,actieinh,actieverval,nadereaandverval,actieaanpgel,bijhpartij,bijhaard,naderebijhaard,indonverwdocaanw) VALUES('6097','6037','20050112','20081101','20081101',null,'6037',null,null,'6905','347','1','1','false');
INSERT INTO kern.his_persbijhouding (id,pers,dataanvgel,dateindegel,tsreg,tsverval,actieinh,actieverval,nadereaandverval,actieaanpgel,bijhpartij,bijhaard,naderebijhaard,indonverwdocaanw) VALUES('6183','6037','20050112',null,'20050112','20081101','6037','6905',null,null,'347','1','1','false');
INSERT INTO kern.his_persbijhouding (id,pers,dataanvgel,dateindegel,tsreg,tsverval,actieinh,actieverval,nadereaandverval,actieaanpgel,bijhpartij,bijhaard,naderebijhaard,indonverwdocaanw) VALUES('6102','6038','20090301',null,'20090301',null,'6903',null,null,null,'347','1','1','false');
INSERT INTO kern.his_persbijhouding (id,pers,dataanvgel,dateindegel,tsreg,tsverval,actieinh,actieverval,nadereaandverval,actieaanpgel,bijhpartij,bijhaard,naderebijhaard,indonverwdocaanw) VALUES('6101','6038','20081101','20090301','20090301',null,'6902',null,null,'6903','347','1','1','false');
INSERT INTO kern.his_persbijhouding (id,pers,dataanvgel,dateindegel,tsreg,tsverval,actieinh,actieverval,nadereaandverval,actieaanpgel,bijhpartij,bijhaard,naderebijhaard,indonverwdocaanw) VALUES('6184','6038','20081101',null,'20081101','20090301','6902','6903',null,null,'347','1','1','false');
INSERT INTO kern.his_persbijhouding (id,pers,dataanvgel,dateindegel,tsreg,tsverval,actieinh,actieverval,nadereaandverval,actieaanpgel,bijhpartij,bijhaard,naderebijhaard,indonverwdocaanw) VALUES('6100','6038','20051201','20081101','20081101',null,'6038',null,null,'6902','347','1','1','false');
INSERT INTO kern.his_persbijhouding (id,pers,dataanvgel,dateindegel,tsreg,tsverval,actieinh,actieverval,nadereaandverval,actieaanpgel,bijhpartij,bijhaard,naderebijhaard,indonverwdocaanw) VALUES('6185','6038','20051201',null,'20051201','20081101','6038','6902',null,null,'347','1','1','false');
INSERT INTO kern.his_persbijhouding (id,pers,dataanvgel,dateindegel,tsreg,tsverval,actieinh,actieverval,nadereaandverval,actieaanpgel,bijhpartij,bijhaard,naderebijhaard,indonverwdocaanw) VALUES('6107','6039','20120527',null,'20120527',null,'6644',null,null,null,'347','1','7','false');
INSERT INTO kern.his_persbijhouding (id,pers,dataanvgel,dateindegel,tsreg,tsverval,actieinh,actieverval,nadereaandverval,actieaanpgel,bijhpartij,bijhaard,naderebijhaard,indonverwdocaanw) VALUES('6106','6039','20120522','20120527','20120527',null,'6900',null,null,null,'347','1','1','false');
INSERT INTO kern.his_persbijhouding (id,pers,dataanvgel,dateindegel,tsreg,tsverval,actieinh,actieverval,nadereaandverval,actieaanpgel,bijhpartij,bijhaard,naderebijhaard,indonverwdocaanw) VALUES('6186','6039','20120522',null,'20120522','20120527','6900',null,null,null,'347','1','1','false');
INSERT INTO kern.his_persbijhouding (id,pers,dataanvgel,dateindegel,tsreg,tsverval,actieinh,actieverval,nadereaandverval,actieaanpgel,bijhpartij,bijhaard,naderebijhaard,indonverwdocaanw) VALUES('6105','6039','20111201','20120522','20120522',null,'6899',null,null,'6900','347','1','1','false');
INSERT INTO kern.his_persbijhouding (id,pers,dataanvgel,dateindegel,tsreg,tsverval,actieinh,actieverval,nadereaandverval,actieaanpgel,bijhpartij,bijhaard,naderebijhaard,indonverwdocaanw) VALUES('6187','6039','20111201',null,'20111201','20120522','6899','6900',null,null,'347','1','1','false');
INSERT INTO kern.his_persbijhouding (id,pers,dataanvgel,dateindegel,tsreg,tsverval,actieinh,actieverval,nadereaandverval,actieaanpgel,bijhpartij,bijhaard,naderebijhaard,indonverwdocaanw) VALUES('6104','6039','20101201','20111201','20111201',null,'6898',null,null,'6899','347','1','1','false');
INSERT INTO kern.his_persbijhouding (id,pers,dataanvgel,dateindegel,tsreg,tsverval,actieinh,actieverval,nadereaandverval,actieaanpgel,bijhpartij,bijhaard,naderebijhaard,indonverwdocaanw) VALUES('6188','6039','20101201',null,'20101201','20111201','6898','6899',null,null,'347','1','1','false');
INSERT INTO kern.his_persbijhouding (id,pers,dataanvgel,dateindegel,tsreg,tsverval,actieinh,actieverval,nadereaandverval,actieaanpgel,bijhpartij,bijhaard,naderebijhaard,indonverwdocaanw) VALUES('6103','6039','19910315','20101201','20101201',null,'6039',null,null,'6898','347','1','1','false');
INSERT INTO kern.his_persbijhouding (id,pers,dataanvgel,dateindegel,tsreg,tsverval,actieinh,actieverval,nadereaandverval,actieaanpgel,bijhpartij,bijhaard,naderebijhaard,indonverwdocaanw) VALUES('6189','6039','19910315',null,'19910315','20101201','6039','6898',null,null,'347','1','1','false');
INSERT INTO kern.his_persbijhouding (id,pers,dataanvgel,dateindegel,tsreg,tsverval,actieinh,actieverval,nadereaandverval,actieaanpgel,bijhpartij,bijhaard,naderebijhaard,indonverwdocaanw) VALUES('6108','6040','20010517',null,'20010517',null,'6040',null,null,null,'347','1','1','false');
INSERT INTO kern.his_persbijhouding (id,pers,dataanvgel,dateindegel,tsreg,tsverval,actieinh,actieverval,nadereaandverval,actieaanpgel,bijhpartij,bijhaard,naderebijhaard,indonverwdocaanw) VALUES('6113','6041','20090206',null,'20090206',null,'6629',null,null,null,'347','1','7','false');
INSERT INTO kern.his_persbijhouding (id,pers,dataanvgel,dateindegel,tsreg,tsverval,actieinh,actieverval,nadereaandverval,actieaanpgel,bijhpartij,bijhaard,naderebijhaard,indonverwdocaanw) VALUES('6112','6041','20090201','20090206','20090206',null,'6895',null,null,null,'347','1','1','false');
INSERT INTO kern.his_persbijhouding (id,pers,dataanvgel,dateindegel,tsreg,tsverval,actieinh,actieverval,nadereaandverval,actieaanpgel,bijhpartij,bijhaard,naderebijhaard,indonverwdocaanw) VALUES('6190','6041','20090201',null,'20090201','20090206','6895',null,null,null,'347','1','1','false');
INSERT INTO kern.his_persbijhouding (id,pers,dataanvgel,dateindegel,tsreg,tsverval,actieinh,actieverval,nadereaandverval,actieaanpgel,bijhpartij,bijhaard,naderebijhaard,indonverwdocaanw) VALUES('6111','6041','20060523','20090201','20090201',null,'6894',null,null,'6895','347','1','1','false');
INSERT INTO kern.his_persbijhouding (id,pers,dataanvgel,dateindegel,tsreg,tsverval,actieinh,actieverval,nadereaandverval,actieaanpgel,bijhpartij,bijhaard,naderebijhaard,indonverwdocaanw) VALUES('6191','6041','20060523',null,'20060523','20090201','6894','6895',null,null,'347','1','1','false');
INSERT INTO kern.his_persbijhouding (id,pers,dataanvgel,dateindegel,tsreg,tsverval,actieinh,actieverval,nadereaandverval,actieaanpgel,bijhpartij,bijhaard,naderebijhaard,indonverwdocaanw) VALUES('6110','6041','20040819','20060523','20060523',null,'6893',null,null,'6894','347','1','1','false');
INSERT INTO kern.his_persbijhouding (id,pers,dataanvgel,dateindegel,tsreg,tsverval,actieinh,actieverval,nadereaandverval,actieaanpgel,bijhpartij,bijhaard,naderebijhaard,indonverwdocaanw) VALUES('6192','6041','20040819',null,'20040819','20060523','6893','6894',null,null,'347','1','1','false');
INSERT INTO kern.his_persbijhouding (id,pers,dataanvgel,dateindegel,tsreg,tsverval,actieinh,actieverval,nadereaandverval,actieaanpgel,bijhpartij,bijhaard,naderebijhaard,indonverwdocaanw) VALUES('6109','6041','19680809','20040819','20040819',null,'6041',null,null,'6893','347','1','1','false');
INSERT INTO kern.his_persbijhouding (id,pers,dataanvgel,dateindegel,tsreg,tsverval,actieinh,actieverval,nadereaandverval,actieaanpgel,bijhpartij,bijhaard,naderebijhaard,indonverwdocaanw) VALUES('6193','6041','19680809',null,'19680809','20040819','6041','6893',null,null,'347','1','1','false');
INSERT INTO kern.his_persbijhouding (id,pers,dataanvgel,dateindegel,tsreg,tsverval,actieinh,actieverval,nadereaandverval,actieaanpgel,bijhpartij,bijhaard,naderebijhaard,indonverwdocaanw) VALUES('6115','6042','20010328',null,'20010328',null,'6891',null,null,null,'347','1','1','false');
INSERT INTO kern.his_persbijhouding (id,pers,dataanvgel,dateindegel,tsreg,tsverval,actieinh,actieverval,nadereaandverval,actieaanpgel,bijhpartij,bijhaard,naderebijhaard,indonverwdocaanw) VALUES('6114','6042','19580921','20010328','20010328',null,'6042',null,null,'6891','342','1','1','false');
INSERT INTO kern.his_persbijhouding (id,pers,dataanvgel,dateindegel,tsreg,tsverval,actieinh,actieverval,nadereaandverval,actieaanpgel,bijhpartij,bijhaard,naderebijhaard,indonverwdocaanw) VALUES('6194','6042','19580921',null,'19580921','20010328','6042','6891',null,null,'342','1','1','false');
INSERT INTO kern.his_persbijhouding (id,pers,dataanvgel,dateindegel,tsreg,tsverval,actieinh,actieverval,nadereaandverval,actieaanpgel,bijhpartij,bijhaard,naderebijhaard,indonverwdocaanw) VALUES('6117','6043','19820528',null,'19820528',null,'6889',null,null,null,'347','1','1','false');
INSERT INTO kern.his_persbijhouding (id,pers,dataanvgel,dateindegel,tsreg,tsverval,actieinh,actieverval,nadereaandverval,actieaanpgel,bijhpartij,bijhaard,naderebijhaard,indonverwdocaanw) VALUES('6116','6043','19590922','19820528','19820528',null,'6043',null,null,'6889','403','1','1','false');
INSERT INTO kern.his_persbijhouding (id,pers,dataanvgel,dateindegel,tsreg,tsverval,actieinh,actieverval,nadereaandverval,actieaanpgel,bijhpartij,bijhaard,naderebijhaard,indonverwdocaanw) VALUES('6195','6043','19590922',null,'19590922','19820528','6043','6889',null,null,'403','1','1','false');
INSERT INTO kern.his_persbijhouding (id,pers,dataanvgel,dateindegel,tsreg,tsverval,actieinh,actieverval,nadereaandverval,actieaanpgel,bijhpartij,bijhaard,naderebijhaard,indonverwdocaanw) VALUES('6119','6044','20010328',null,'20010328',null,'6887',null,null,null,'347','1','1','false');
INSERT INTO kern.his_persbijhouding (id,pers,dataanvgel,dateindegel,tsreg,tsverval,actieinh,actieverval,nadereaandverval,actieaanpgel,bijhpartij,bijhaard,naderebijhaard,indonverwdocaanw) VALUES('6118','6044','19601221','20010328','20010328',null,'6044',null,null,'6887','342','1','1','false');
INSERT INTO kern.his_persbijhouding (id,pers,dataanvgel,dateindegel,tsreg,tsverval,actieinh,actieverval,nadereaandverval,actieaanpgel,bijhpartij,bijhaard,naderebijhaard,indonverwdocaanw) VALUES('6196','6044','19601221',null,'19601221','20010328','6044','6887',null,null,'342','1','1','false');
INSERT INTO kern.his_persbijhouding (id,pers,dataanvgel,dateindegel,tsreg,tsverval,actieinh,actieverval,nadereaandverval,actieaanpgel,bijhpartij,bijhaard,naderebijhaard,indonverwdocaanw) VALUES('6121','6045','19911002',null,'19911002',null,'6885',null,null,null,'347','1','1','false');
INSERT INTO kern.his_persbijhouding (id,pers,dataanvgel,dateindegel,tsreg,tsverval,actieinh,actieverval,nadereaandverval,actieaanpgel,bijhpartij,bijhaard,naderebijhaard,indonverwdocaanw) VALUES('6120','6045','19611222','19911002','19911002',null,'6045',null,null,'6885','508','1','1','false');
INSERT INTO kern.his_persbijhouding (id,pers,dataanvgel,dateindegel,tsreg,tsverval,actieinh,actieverval,nadereaandverval,actieaanpgel,bijhpartij,bijhaard,naderebijhaard,indonverwdocaanw) VALUES('6197','6045','19611222',null,'19611222','19911002','6045','6885',null,null,'508','1','1','false');

commit;


--------------------------------------------------
--- EIND
--- Sheet: (his_persbijhouding)
--- Handler: SheetHandlerImplSimpleInsert
--- Aantal: (197)
--------------------------------------------------
--------------------------------------------------
--- START
--- Sheet: (his_persmigratie)
--- Handler: SheetHandlerImplSimpleInsert
--------------------------------------------------

begin;

INSERT INTO kern.his_persmigratie (id,pers,dataanvgel,dateindegel,tsreg,tsverval,actieinh,actieverval,nadereaandverval,actieaanpgel,srtmigratie,rdnwijzmigratie,aangmigratie,landgebiedmigratie,bladresregel1migratie,bladresregel2migratie,bladresregel3migratie,bladresregel4migratie,bladresregel5migratie,bladresregel6migratie) VALUES('6001','6001','20050328',null,'20050328',null,'6001',null,null,null,'1','1','3','32','bladresregel1','bladresregel2','bladresregel3','bladresregel4','bladresregel5','bladresregel6');

commit;


--------------------------------------------------
--- EIND
--- Sheet: (his_persmigratie)
--- Handler: SheetHandlerImplSimpleInsert
--- Aantal: (45)
--------------------------------------------------
--------------------------------------------------
--- START
--- Sheet: (-end-)
--- Handler: SheetHandlerImplTimestamp
--------------------------------------------------

begin;

DELETE FROM test.ARTversion;
INSERT INTO test.ARTversion (ID, FullVersion, ReleaseVersion, BuildTimestamp, ExcelTimestamp) VALUES (1, 'TestdataGenerator ${project.version}-r${svnrevision}-b${buildnumber} (${timestamp})','${project.version}','${timestamp}','07-10-2015 15:30:56');

commit;


--------------------------------------------------
--- EIND
--- Sheet: (-end-)
--- Handler: SheetHandlerImplTimestamp
--- Aantal: (1)
--------------------------------------------------
--------------------------------------------------
--- END Generated from: /media/truecrypt1/source/bmr_44/art/art-data/testdata/src/main/resources/brp-testdata/SierraTestdata-PUC501-ODPER.xls
--------------------------------------------------bash