
--------------------------------------------------
--- START Generated from: /media/truecrypt1/source/bmr_44/art/art-data/testdata/src/main/resources/brp-testdata/SierraTestdata-KUC003-Registratie-adoptie.xls
--------------------------------------------------

--------------------------------------------------
--- START
--- Sheet: (pers)
--- Handler: SheetHandlerImplSimpleInsert
--------------------------------------------------

begin;

INSERT INTO kern.pers (id,srt,tslaatstewijz,datgeboorte,gemgeboorte,wplnaamgeboorte,blplaatsgeboorte,blregiogeboorte,landgebiedgeboorte,omslocgeboorte,datoverlijden,gemoverlijden,wplnaamoverlijden,blplaatsoverlijden,blregiooverlijden,landgebiedoverlijden,omslocoverlijden,naderebijhaard,datinschr,versienr,vorigebsn,volgendebsn,naamgebruik,indnaamgebruikafgeleid,predicaatnaamgebruik,voornamennaamgebruik,voorvoegselnaamgebruik,scheidingstekennaamgebruik,adellijketitelnaamgebruik,geslnaamstamnaamgebruik,gempk,indpkvollediggeconv,srtmigratie,rdnwijzmigratie,aangmigratie,landgebiedmigratie,bladresregel1migratie,bladresregel2migratie,bladresregel3migratie,bladresregel4migratie,bladresregel5migratie,bladresregel6migratie,aandverblijfsr,datmededelingverblijfsr,datvoorzeindeverblijfsr,inddeelneuverkiezingen,dataanlaanpdeelneuverkiezing,datvoorzeindeuitsleuverkiezi,predicaat,voornamen,voorvoegsel,scheidingsteken,adellijketitel,geslnaamstam,indnreeks,indafgeleid,bijhpartij,indonverwdocaanw,geslachtsaand,bsn,anr,induitslkiesr,datvoorzeindeuitslkiesr,bijhaard,indonverwbijhvoorstelnieting,dattijdstempel) VALUES('10001','1','19811002','19811002','522','Honselersdijk',null,null,'229','omschrijving geboorte locatie Cees',null,null,null,null,null,null,null,'1','19811002','1',null,null,'1','true',null,'Cees',null,null,null,'Vlag',null,null,null,null,null,null,null,null,null,null,null,null,null,null,null,null,null,null,null,'Cees',null,null,null,'Vlag','false','true','347','false','1','100010258','1302394376',null,null,'1','false','19811002');
INSERT INTO kern.pers (id,srt,tslaatstewijz,datgeboorte,gemgeboorte,wplnaamgeboorte,blplaatsgeboorte,blregiogeboorte,landgebiedgeboorte,omslocgeboorte,datoverlijden,gemoverlijden,wplnaamoverlijden,blplaatsoverlijden,blregiooverlijden,landgebiedoverlijden,omslocoverlijden,naderebijhaard,datinschr,versienr,vorigebsn,volgendebsn,naamgebruik,indnaamgebruikafgeleid,predicaatnaamgebruik,voornamennaamgebruik,voorvoegselnaamgebruik,scheidingstekennaamgebruik,adellijketitelnaamgebruik,geslnaamstamnaamgebruik,gempk,indpkvollediggeconv,srtmigratie,rdnwijzmigratie,aangmigratie,landgebiedmigratie,bladresregel1migratie,bladresregel2migratie,bladresregel3migratie,bladresregel4migratie,bladresregel5migratie,bladresregel6migratie,aandverblijfsr,datmededelingverblijfsr,datvoorzeindeverblijfsr,inddeelneuverkiezingen,dataanlaanpdeelneuverkiezing,datvoorzeindeuitsleuverkiezi,predicaat,voornamen,voorvoegsel,scheidingsteken,adellijketitel,geslnaamstam,indnreeks,indafgeleid,bijhpartij,indonverwdocaanw,geslachtsaand,bsn,anr,induitslkiesr,datvoorzeindeuitslkiesr,bijhaard,indonverwbijhvoorstelnieting,dattijdstempel) VALUES('10002','1','19820528','19820528','522','Honselersdijk',null,null,'229',null,null,null,null,null,null,null,null,'1','19820528','1',null,null,'1','true',null,'Paula','de',' ',null,'Prins',null,null,null,null,null,null,null,null,null,null,null,null,null,null,null,null,null,null,null,'Paula','de',' ',null,'Prins','false','true','347','false','2','100010398','1302573138',null,null,'1','false','19820528');
INSERT INTO kern.pers (id,srt,tslaatstewijz,datgeboorte,gemgeboorte,wplnaamgeboorte,blplaatsgeboorte,blregiogeboorte,landgebiedgeboorte,omslocgeboorte,datoverlijden,gemoverlijden,wplnaamoverlijden,blplaatsoverlijden,blregiooverlijden,landgebiedoverlijden,omslocoverlijden,naderebijhaard,datinschr,versienr,vorigebsn,volgendebsn,naamgebruik,indnaamgebruikafgeleid,predicaatnaamgebruik,voornamennaamgebruik,voorvoegselnaamgebruik,scheidingstekennaamgebruik,adellijketitelnaamgebruik,geslnaamstamnaamgebruik,gempk,indpkvollediggeconv,srtmigratie,rdnwijzmigratie,aangmigratie,landgebiedmigratie,bladresregel1migratie,bladresregel2migratie,bladresregel3migratie,bladresregel4migratie,bladresregel5migratie,bladresregel6migratie,aandverblijfsr,datmededelingverblijfsr,datvoorzeindeverblijfsr,inddeelneuverkiezingen,dataanlaanpdeelneuverkiezing,datvoorzeindeuitsleuverkiezi,predicaat,voornamen,voorvoegsel,scheidingsteken,adellijketitel,geslnaamstam,indnreeks,indafgeleid,bijhpartij,indonverwdocaanw,geslachtsaand,bsn,anr,induitslkiesr,datvoorzeindeuitslkiesr,bijhaard,indonverwbijhvoorstelnieting,dattijdstempel) VALUES('10003','1','19660302','19660302','522','Honselersdijk',null,null,'229',null,'20120605','397','Vlodrop',null,null,'229',null,'4','19660302','1',null,null,'1','true',null,'Christoffel','van der',' ',null,'Vermeer',null,null,null,null,null,null,null,null,null,null,null,null,null,null,null,null,null,null,null,'Christoffel','van der',' ',null,'Vermeer','false','true','347','false','3','100010684','1309234524',null,null,'1','false','19660302');
INSERT INTO kern.pers (id,srt,tslaatstewijz,datgeboorte,gemgeboorte,wplnaamgeboorte,blplaatsgeboorte,blregiogeboorte,landgebiedgeboorte,omslocgeboorte,datoverlijden,gemoverlijden,wplnaamoverlijden,blplaatsoverlijden,blregiooverlijden,landgebiedoverlijden,omslocoverlijden,naderebijhaard,datinschr,versienr,vorigebsn,volgendebsn,naamgebruik,indnaamgebruikafgeleid,predicaatnaamgebruik,voornamennaamgebruik,voorvoegselnaamgebruik,scheidingstekennaamgebruik,adellijketitelnaamgebruik,geslnaamstamnaamgebruik,gempk,indpkvollediggeconv,srtmigratie,rdnwijzmigratie,aangmigratie,landgebiedmigratie,bladresregel1migratie,bladresregel2migratie,bladresregel3migratie,bladresregel4migratie,bladresregel5migratie,bladresregel6migratie,aandverblijfsr,datmededelingverblijfsr,datvoorzeindeverblijfsr,inddeelneuverkiezingen,dataanlaanpdeelneuverkiezing,datvoorzeindeuitsleuverkiezi,predicaat,voornamen,voorvoegsel,scheidingsteken,adellijketitel,geslnaamstam,indnreeks,indafgeleid,bijhpartij,indonverwdocaanw,geslachtsaand,bsn,anr,induitslkiesr,datvoorzeindeuitslkiesr,bijhaard,indonverwbijhvoorstelnieting,dattijdstempel) VALUES('10004','1','19691227','19691227','950','Reijmerstok',null,null,'229',null,null,null,null,null,null,null,null,'1','19691227','1',null,null,'1','true',null,'Eleonora Françoise',null,null,null,'Crooy',null,null,null,null,null,null,null,null,null,null,null,null,null,null,null,null,null,null,null,'Eleonora Françoise',null,null,null,'Crooy','false','true','347','false','2','100011093','1312016058',null,null,'1','false','19691227');
INSERT INTO kern.pers (id,srt,tslaatstewijz,datgeboorte,gemgeboorte,wplnaamgeboorte,blplaatsgeboorte,blregiogeboorte,landgebiedgeboorte,omslocgeboorte,datoverlijden,gemoverlijden,wplnaamoverlijden,blplaatsoverlijden,blregiooverlijden,landgebiedoverlijden,omslocoverlijden,naderebijhaard,datinschr,versienr,vorigebsn,volgendebsn,naamgebruik,indnaamgebruikafgeleid,predicaatnaamgebruik,voornamennaamgebruik,voorvoegselnaamgebruik,scheidingstekennaamgebruik,adellijketitelnaamgebruik,geslnaamstamnaamgebruik,gempk,indpkvollediggeconv,srtmigratie,rdnwijzmigratie,aangmigratie,landgebiedmigratie,bladresregel1migratie,bladresregel2migratie,bladresregel3migratie,bladresregel4migratie,bladresregel5migratie,bladresregel6migratie,aandverblijfsr,datmededelingverblijfsr,datvoorzeindeverblijfsr,inddeelneuverkiezingen,dataanlaanpdeelneuverkiezing,datvoorzeindeuitsleuverkiezi,predicaat,voornamen,voorvoegsel,scheidingsteken,adellijketitel,geslnaamstam,indnreeks,indafgeleid,bijhpartij,indonverwdocaanw,geslachtsaand,bsn,anr,induitslkiesr,datvoorzeindeuitslkiesr,bijhaard,indonverwbijhvoorstelnieting,dattijdstempel) VALUES('10005','1','19710717','19710717','348','Reijmerstok',null,null,'229',null,null,null,null,null,null,null,null,'1','19710717','1',null,null,'1','true',null,'Albert',null,null,null,'Laar',null,null,null,null,null,null,null,null,null,null,null,null,null,null,null,null,null,null,null,'Albert',null,null,null,'Laar','false','true','347','false','1','100011354','1313597324',null,null,'1','false','19710717');
INSERT INTO kern.pers (id,srt,tslaatstewijz,datgeboorte,gemgeboorte,wplnaamgeboorte,blplaatsgeboorte,blregiogeboorte,landgebiedgeboorte,omslocgeboorte,datoverlijden,gemoverlijden,wplnaamoverlijden,blplaatsoverlijden,blregiooverlijden,landgebiedoverlijden,omslocoverlijden,naderebijhaard,datinschr,versienr,vorigebsn,volgendebsn,naamgebruik,indnaamgebruikafgeleid,predicaatnaamgebruik,voornamennaamgebruik,voorvoegselnaamgebruik,scheidingstekennaamgebruik,adellijketitelnaamgebruik,geslnaamstamnaamgebruik,gempk,indpkvollediggeconv,srtmigratie,rdnwijzmigratie,aangmigratie,landgebiedmigratie,bladresregel1migratie,bladresregel2migratie,bladresregel3migratie,bladresregel4migratie,bladresregel5migratie,bladresregel6migratie,aandverblijfsr,datmededelingverblijfsr,datvoorzeindeverblijfsr,inddeelneuverkiezingen,dataanlaanpdeelneuverkiezing,datvoorzeindeuitsleuverkiezi,predicaat,voornamen,voorvoegsel,scheidingsteken,adellijketitel,geslnaamstam,indnreeks,indafgeleid,bijhpartij,indonverwdocaanw,geslachtsaand,bsn,anr,induitslkiesr,datvoorzeindeuitslkiesr,bijhaard,indonverwbijhvoorstelnieting,dattijdstempel) VALUES('10006','1','19720928','19720928','522','Honselersdijk',null,null,'229',null,null,null,null,null,null,null,null,'1','19720928','1',null,null,'1','true',null,'Anne-Marie','de',' ',null,'Snijder',null,null,null,null,null,null,null,null,null,null,null,null,null,null,null,null,null,null,null,'Anne-Marie','de',' ',null,'Snijder','false','true','347','false','2','100011408','1315013053',null,null,'1','false','19720928');
INSERT INTO kern.pers (id,srt,tslaatstewijz,datgeboorte,gemgeboorte,wplnaamgeboorte,blplaatsgeboorte,blregiogeboorte,landgebiedgeboorte,omslocgeboorte,datoverlijden,gemoverlijden,wplnaamoverlijden,blplaatsoverlijden,blregiooverlijden,landgebiedoverlijden,omslocoverlijden,naderebijhaard,datinschr,versienr,vorigebsn,volgendebsn,naamgebruik,indnaamgebruikafgeleid,predicaatnaamgebruik,voornamennaamgebruik,voorvoegselnaamgebruik,scheidingstekennaamgebruik,adellijketitelnaamgebruik,geslnaamstamnaamgebruik,gempk,indpkvollediggeconv,srtmigratie,rdnwijzmigratie,aangmigratie,landgebiedmigratie,bladresregel1migratie,bladresregel2migratie,bladresregel3migratie,bladresregel4migratie,bladresregel5migratie,bladresregel6migratie,aandverblijfsr,datmededelingverblijfsr,datvoorzeindeverblijfsr,inddeelneuverkiezingen,dataanlaanpdeelneuverkiezing,datvoorzeindeuitsleuverkiezi,predicaat,voornamen,voorvoegsel,scheidingsteken,adellijketitel,geslnaamstam,indnreeks,indafgeleid,bijhpartij,indonverwdocaanw,geslachtsaand,bsn,anr,induitslkiesr,datvoorzeindeuitslkiesr,bijhaard,indonverwbijhvoorstelnieting,dattijdstempel) VALUES('10007','1','19800614','19800616','603','Reijmerstok',null,null,'229',null,null,null,null,null,null,null,null,'1','19800616','1',null,null,'1','true',null,'Henk',null,null,null,'Vermeulen',null,null,null,null,null,null,null,null,null,null,null,null,null,null,null,null,null,null,null,'Henk',null,null,null,'Vermeulen','false','true','347','false','1','100011627','1315960478',null,null,'1','false','19800616');
INSERT INTO kern.pers (id,srt,tslaatstewijz,datgeboorte,gemgeboorte,wplnaamgeboorte,blplaatsgeboorte,blregiogeboorte,landgebiedgeboorte,omslocgeboorte,datoverlijden,gemoverlijden,wplnaamoverlijden,blplaatsoverlijden,blregiooverlijden,landgebiedoverlijden,omslocoverlijden,naderebijhaard,datinschr,versienr,vorigebsn,volgendebsn,naamgebruik,indnaamgebruikafgeleid,predicaatnaamgebruik,voornamennaamgebruik,voorvoegselnaamgebruik,scheidingstekennaamgebruik,adellijketitelnaamgebruik,geslnaamstamnaamgebruik,gempk,indpkvollediggeconv,srtmigratie,rdnwijzmigratie,aangmigratie,landgebiedmigratie,bladresregel1migratie,bladresregel2migratie,bladresregel3migratie,bladresregel4migratie,bladresregel5migratie,bladresregel6migratie,aandverblijfsr,datmededelingverblijfsr,datvoorzeindeverblijfsr,inddeelneuverkiezingen,dataanlaanpdeelneuverkiezing,datvoorzeindeuitsleuverkiezi,predicaat,voornamen,voorvoegsel,scheidingsteken,adellijketitel,geslnaamstam,indnreeks,indafgeleid,bijhpartij,indonverwdocaanw,geslachtsaand,bsn,anr,induitslkiesr,datvoorzeindeuitslkiesr,bijhaard,indonverwbijhvoorstelnieting,dattijdstempel) VALUES('10008','1','19810418','19810418','974','Reijmerstok',null,null,'229',null,null,null,null,null,null,null,null,'1','19810418','1',null,null,'1','true',null,'Anna Maria Petra',null,null,null,'Jansma',null,null,null,null,null,null,null,null,null,null,null,null,null,null,null,null,null,null,null,'Anna Maria Petra',null,null,null,'Jansma','false','true','347','false','2','100012115','1319197283',null,null,'1','false','19810418');
INSERT INTO kern.pers (id,srt,tslaatstewijz,datgeboorte,gemgeboorte,wplnaamgeboorte,blplaatsgeboorte,blregiogeboorte,landgebiedgeboorte,omslocgeboorte,datoverlijden,gemoverlijden,wplnaamoverlijden,blplaatsoverlijden,blregiooverlijden,landgebiedoverlijden,omslocoverlijden,naderebijhaard,datinschr,versienr,vorigebsn,volgendebsn,naamgebruik,indnaamgebruikafgeleid,predicaatnaamgebruik,voornamennaamgebruik,voorvoegselnaamgebruik,scheidingstekennaamgebruik,adellijketitelnaamgebruik,geslnaamstamnaamgebruik,gempk,indpkvollediggeconv,srtmigratie,rdnwijzmigratie,aangmigratie,landgebiedmigratie,bladresregel1migratie,bladresregel2migratie,bladresregel3migratie,bladresregel4migratie,bladresregel5migratie,bladresregel6migratie,aandverblijfsr,datmededelingverblijfsr,datvoorzeindeverblijfsr,inddeelneuverkiezingen,dataanlaanpdeelneuverkiezing,datvoorzeindeuitsleuverkiezi,predicaat,voornamen,voorvoegsel,scheidingsteken,adellijketitel,geslnaamstam,indnreeks,indafgeleid,bijhpartij,indonverwdocaanw,geslachtsaand,bsn,anr,induitslkiesr,datvoorzeindeuitslkiesr,bijhaard,indonverwbijhvoorstelnieting,dattijdstempel) VALUES('10009','1','20110516','20110516','348','Reijmerstok',null,null,'229',null,null,null,null,null,null,null,null,'1','20110516','1',null,null,'1','true',null,'Miranda',null,null,null,'Jansma',null,null,null,null,null,null,null,null,null,null,null,null,null,null,null,null,null,null,null,'Miranda','de',' ',null,'Snijder','false','true','347','false','2','100012139','1320656276',null,null,'1','false','20110516');
INSERT INTO kern.pers (id,srt,tslaatstewijz,datgeboorte,gemgeboorte,wplnaamgeboorte,blplaatsgeboorte,blregiogeboorte,landgebiedgeboorte,omslocgeboorte,datoverlijden,gemoverlijden,wplnaamoverlijden,blplaatsoverlijden,blregiooverlijden,landgebiedoverlijden,omslocoverlijden,naderebijhaard,datinschr,versienr,vorigebsn,volgendebsn,naamgebruik,indnaamgebruikafgeleid,predicaatnaamgebruik,voornamennaamgebruik,voorvoegselnaamgebruik,scheidingstekennaamgebruik,adellijketitelnaamgebruik,geslnaamstamnaamgebruik,gempk,indpkvollediggeconv,srtmigratie,rdnwijzmigratie,aangmigratie,landgebiedmigratie,bladresregel1migratie,bladresregel2migratie,bladresregel3migratie,bladresregel4migratie,bladresregel5migratie,bladresregel6migratie,aandverblijfsr,datmededelingverblijfsr,datvoorzeindeverblijfsr,inddeelneuverkiezingen,dataanlaanpdeelneuverkiezing,datvoorzeindeuitsleuverkiezi,predicaat,voornamen,voorvoegsel,scheidingsteken,adellijketitel,geslnaamstam,indnreeks,indafgeleid,bijhpartij,indonverwdocaanw,geslachtsaand,bsn,anr,induitslkiesr,datvoorzeindeuitslkiesr,bijhaard,indonverwbijhvoorstelnieting,dattijdstempel) VALUES('10010','1','19691231','19691231','776','Reijmerstok',null,null,'229',null,'20120208','397','Vlodrop',null,null,'229',null,'1','19691231','1',null,null,'1','true',null,'John','de',' ',null,'Bloëmsma',null,null,null,null,null,null,null,null,null,null,null,null,null,null,null,null,null,null,null,'John','de',' ',null,'Bloëmsma','false','true','347','false','1','100012140','1320684027',null,null,'1','false','19691231');
INSERT INTO kern.pers (id,srt,tslaatstewijz,datgeboorte,gemgeboorte,wplnaamgeboorte,blplaatsgeboorte,blregiogeboorte,landgebiedgeboorte,omslocgeboorte,datoverlijden,gemoverlijden,wplnaamoverlijden,blplaatsoverlijden,blregiooverlijden,landgebiedoverlijden,omslocoverlijden,naderebijhaard,datinschr,versienr,vorigebsn,volgendebsn,naamgebruik,indnaamgebruikafgeleid,predicaatnaamgebruik,voornamennaamgebruik,voorvoegselnaamgebruik,scheidingstekennaamgebruik,adellijketitelnaamgebruik,geslnaamstamnaamgebruik,gempk,indpkvollediggeconv,srtmigratie,rdnwijzmigratie,aangmigratie,landgebiedmigratie,bladresregel1migratie,bladresregel2migratie,bladresregel3migratie,bladresregel4migratie,bladresregel5migratie,bladresregel6migratie,aandverblijfsr,datmededelingverblijfsr,datvoorzeindeverblijfsr,inddeelneuverkiezingen,dataanlaanpdeelneuverkiezing,datvoorzeindeuitsleuverkiezi,predicaat,voornamen,voorvoegsel,scheidingsteken,adellijketitel,geslnaamstam,indnreeks,indafgeleid,bijhpartij,indonverwdocaanw,geslachtsaand,bsn,anr,induitslkiesr,datvoorzeindeuitslkiesr,bijhaard,indonverwbijhvoorstelnieting,dattijdstempel) VALUES('10011','1','19690516','19690516','397','Reijmerstok',null,null,'229',null,null,null,null,null,null,null,null,'1','19690516','1',null,null,'1','true',null,'Dorothea','de',' ',null,'Snijder',null,null,null,null,null,null,null,null,null,null,null,null,null,null,null,null,null,null,null,'Dorothea','de',' ',null,'Snijder','false','true','347','false','2','100012280','1321406948',null,null,'1','false','19690516');
INSERT INTO kern.pers (id,srt,tslaatstewijz,datgeboorte,gemgeboorte,wplnaamgeboorte,blplaatsgeboorte,blregiogeboorte,landgebiedgeboorte,omslocgeboorte,datoverlijden,gemoverlijden,wplnaamoverlijden,blplaatsoverlijden,blregiooverlijden,landgebiedoverlijden,omslocoverlijden,naderebijhaard,datinschr,versienr,vorigebsn,volgendebsn,naamgebruik,indnaamgebruikafgeleid,predicaatnaamgebruik,voornamennaamgebruik,voorvoegselnaamgebruik,scheidingstekennaamgebruik,adellijketitelnaamgebruik,geslnaamstamnaamgebruik,gempk,indpkvollediggeconv,srtmigratie,rdnwijzmigratie,aangmigratie,landgebiedmigratie,bladresregel1migratie,bladresregel2migratie,bladresregel3migratie,bladresregel4migratie,bladresregel5migratie,bladresregel6migratie,aandverblijfsr,datmededelingverblijfsr,datvoorzeindeverblijfsr,inddeelneuverkiezingen,dataanlaanpdeelneuverkiezing,datvoorzeindeuitsleuverkiezi,predicaat,voornamen,voorvoegsel,scheidingsteken,adellijketitel,geslnaamstam,indnreeks,indafgeleid,bijhpartij,indonverwdocaanw,geslachtsaand,bsn,anr,induitslkiesr,datvoorzeindeuitslkiesr,bijhaard,indonverwbijhvoorstelnieting,dattijdstempel) VALUES('10012','1','19771210','19771210','397','Reijmerstok',null,null,'229',null,null,null,null,null,null,null,null,'1','19771210','1',null,null,'1','true',null,'Bas',null,null,null,'Cuykelaer',null,null,null,null,null,null,null,null,null,null,null,null,null,null,null,null,null,null,null,'Bas',null,null,null,'Cuykelaer','false','true','347','false','1','100012413','1323471485',null,null,'1','false','19771210');
INSERT INTO kern.pers (id,srt,tslaatstewijz,datgeboorte,gemgeboorte,wplnaamgeboorte,blplaatsgeboorte,blregiogeboorte,landgebiedgeboorte,omslocgeboorte,datoverlijden,gemoverlijden,wplnaamoverlijden,blplaatsoverlijden,blregiooverlijden,landgebiedoverlijden,omslocoverlijden,naderebijhaard,datinschr,versienr,vorigebsn,volgendebsn,naamgebruik,indnaamgebruikafgeleid,predicaatnaamgebruik,voornamennaamgebruik,voorvoegselnaamgebruik,scheidingstekennaamgebruik,adellijketitelnaamgebruik,geslnaamstamnaamgebruik,gempk,indpkvollediggeconv,srtmigratie,rdnwijzmigratie,aangmigratie,landgebiedmigratie,bladresregel1migratie,bladresregel2migratie,bladresregel3migratie,bladresregel4migratie,bladresregel5migratie,bladresregel6migratie,aandverblijfsr,datmededelingverblijfsr,datvoorzeindeverblijfsr,inddeelneuverkiezingen,dataanlaanpdeelneuverkiezing,datvoorzeindeuitsleuverkiezi,predicaat,voornamen,voorvoegsel,scheidingsteken,adellijketitel,geslnaamstam,indnreeks,indafgeleid,bijhpartij,indonverwdocaanw,geslachtsaand,bsn,anr,induitslkiesr,datvoorzeindeuitslkiesr,bijhaard,indonverwbijhvoorstelnieting,dattijdstempel) VALUES('10013','1','19550602','19550602','396','Reijmerstok',null,null,'229',null,null,null,null,null,null,null,null,'1','19550602','1',null,null,'1','true',null,'Hendrika Isabella Gerarda Johanna','van',' ',null,'Roos',null,null,null,null,null,null,null,null,null,null,null,null,null,null,null,null,null,null,null,'Hendrika Isabella Gerarda Johanna','van',' ',null,'Roos','false','true','347','false','2','100012577','1323641652',null,null,'1','false','19550602');
INSERT INTO kern.pers (id,srt,tslaatstewijz,datgeboorte,gemgeboorte,wplnaamgeboorte,blplaatsgeboorte,blregiogeboorte,landgebiedgeboorte,omslocgeboorte,datoverlijden,gemoverlijden,wplnaamoverlijden,blplaatsoverlijden,blregiooverlijden,landgebiedoverlijden,omslocoverlijden,naderebijhaard,datinschr,versienr,vorigebsn,volgendebsn,naamgebruik,indnaamgebruikafgeleid,predicaatnaamgebruik,voornamennaamgebruik,voorvoegselnaamgebruik,scheidingstekennaamgebruik,adellijketitelnaamgebruik,geslnaamstamnaamgebruik,gempk,indpkvollediggeconv,srtmigratie,rdnwijzmigratie,aangmigratie,landgebiedmigratie,bladresregel1migratie,bladresregel2migratie,bladresregel3migratie,bladresregel4migratie,bladresregel5migratie,bladresregel6migratie,aandverblijfsr,datmededelingverblijfsr,datvoorzeindeverblijfsr,inddeelneuverkiezingen,dataanlaanpdeelneuverkiezing,datvoorzeindeuitsleuverkiezi,predicaat,voornamen,voorvoegsel,scheidingsteken,adellijketitel,geslnaamstam,indnreeks,indafgeleid,bijhpartij,indonverwdocaanw,geslachtsaand,bsn,anr,induitslkiesr,datvoorzeindeuitslkiesr,bijhaard,indonverwbijhvoorstelnieting,dattijdstempel) VALUES('10014','1','19780611','19780611','251','Reijmerstok',null,null,'229',null,'20111111','397','Vlodrop',null,null,'229',null,'4','19780611','1',null,null,'1','true',null,'Jan','de',' ',null,'Snijder',null,null,null,null,null,null,null,null,null,null,null,null,null,null,null,null,null,null,null,'Jan','de',' ',null,'Snijder','false','true','347','false','1','100012711','1329081068',null,null,'1','false','19780611');
INSERT INTO kern.pers (id,srt,tslaatstewijz,datgeboorte,gemgeboorte,wplnaamgeboorte,blplaatsgeboorte,blregiogeboorte,landgebiedgeboorte,omslocgeboorte,datoverlijden,gemoverlijden,wplnaamoverlijden,blplaatsoverlijden,blregiooverlijden,landgebiedoverlijden,omslocoverlijden,naderebijhaard,datinschr,versienr,vorigebsn,volgendebsn,naamgebruik,indnaamgebruikafgeleid,predicaatnaamgebruik,voornamennaamgebruik,voorvoegselnaamgebruik,scheidingstekennaamgebruik,adellijketitelnaamgebruik,geslnaamstamnaamgebruik,gempk,indpkvollediggeconv,srtmigratie,rdnwijzmigratie,aangmigratie,landgebiedmigratie,bladresregel1migratie,bladresregel2migratie,bladresregel3migratie,bladresregel4migratie,bladresregel5migratie,bladresregel6migratie,aandverblijfsr,datmededelingverblijfsr,datvoorzeindeverblijfsr,inddeelneuverkiezingen,dataanlaanpdeelneuverkiezing,datvoorzeindeuitsleuverkiezi,predicaat,voornamen,voorvoegsel,scheidingsteken,adellijketitel,geslnaamstam,indnreeks,indafgeleid,bijhpartij,indonverwdocaanw,geslachtsaand,bsn,anr,induitslkiesr,datvoorzeindeuitslkiesr,bijhaard,indonverwbijhvoorstelnieting,dattijdstempel) VALUES('10015','1','19880425','19880425','522','Honselersdijk',null,null,'229',null,null,null,null,null,null,null,null,'1','19880425','1',null,null,'1','true',null,'Petronella',null,null,null,'Brest naar Kempen',null,null,null,null,null,null,null,null,null,null,null,null,null,null,null,null,null,null,null,'Petronella',null,null,null,'Brest naar Kempen','false','true','347','false','2','100012784','1329578617',null,null,'1','false','19880425');
INSERT INTO kern.pers (id,srt,tslaatstewijz,datgeboorte,gemgeboorte,wplnaamgeboorte,blplaatsgeboorte,blregiogeboorte,landgebiedgeboorte,omslocgeboorte,datoverlijden,gemoverlijden,wplnaamoverlijden,blplaatsoverlijden,blregiooverlijden,landgebiedoverlijden,omslocoverlijden,naderebijhaard,datinschr,versienr,vorigebsn,volgendebsn,naamgebruik,indnaamgebruikafgeleid,predicaatnaamgebruik,voornamennaamgebruik,voorvoegselnaamgebruik,scheidingstekennaamgebruik,adellijketitelnaamgebruik,geslnaamstamnaamgebruik,gempk,indpkvollediggeconv,srtmigratie,rdnwijzmigratie,aangmigratie,landgebiedmigratie,bladresregel1migratie,bladresregel2migratie,bladresregel3migratie,bladresregel4migratie,bladresregel5migratie,bladresregel6migratie,aandverblijfsr,datmededelingverblijfsr,datvoorzeindeverblijfsr,inddeelneuverkiezingen,dataanlaanpdeelneuverkiezing,datvoorzeindeuitsleuverkiezi,predicaat,voornamen,voorvoegsel,scheidingsteken,adellijketitel,geslnaamstam,indnreeks,indafgeleid,bijhpartij,indonverwdocaanw,geslachtsaand,bsn,anr,induitslkiesr,datvoorzeindeuitslkiesr,bijhaard,indonverwbijhvoorstelnieting,dattijdstempel) VALUES('10016','1','19881210','19881210','1267','Reijmerstok',null,null,'229',null,null,null,null,null,null,null,null,'1','19881210','1',null,null,'1','true',null,'Maria Christina',null,null,null,'Ophuijsen',null,null,null,null,null,null,null,null,null,null,null,null,null,null,null,null,null,null,null,'Maria Christina',null,null,null,'Ophuijsen','false','true','347','false','2','100013132','1341508236',null,null,'1','false','19881210');
INSERT INTO kern.pers (id,srt,tslaatstewijz,datgeboorte,gemgeboorte,wplnaamgeboorte,blplaatsgeboorte,blregiogeboorte,landgebiedgeboorte,omslocgeboorte,datoverlijden,gemoverlijden,wplnaamoverlijden,blplaatsoverlijden,blregiooverlijden,landgebiedoverlijden,omslocoverlijden,naderebijhaard,datinschr,versienr,vorigebsn,volgendebsn,naamgebruik,indnaamgebruikafgeleid,predicaatnaamgebruik,voornamennaamgebruik,voorvoegselnaamgebruik,scheidingstekennaamgebruik,adellijketitelnaamgebruik,geslnaamstamnaamgebruik,gempk,indpkvollediggeconv,srtmigratie,rdnwijzmigratie,aangmigratie,landgebiedmigratie,bladresregel1migratie,bladresregel2migratie,bladresregel3migratie,bladresregel4migratie,bladresregel5migratie,bladresregel6migratie,aandverblijfsr,datmededelingverblijfsr,datvoorzeindeverblijfsr,inddeelneuverkiezingen,dataanlaanpdeelneuverkiezing,datvoorzeindeuitsleuverkiezi,predicaat,voornamen,voorvoegsel,scheidingsteken,adellijketitel,geslnaamstam,indnreeks,indafgeleid,bijhpartij,indonverwdocaanw,geslachtsaand,bsn,anr,induitslkiesr,datvoorzeindeuitslkiesr,bijhaard,indonverwbijhvoorstelnieting,dattijdstempel) VALUES('10017','1','19960523','19960523','91','Wolsum',null,null,'229',null,null,null,null,null,null,null,null,'1','19960523','1',null,null,'1','true',null,'Pieter',null,null,null,'Addams',null,null,null,null,null,null,null,null,null,null,null,null,null,null,null,null,null,null,null,'Pieter',null,null,null,'Addams','false','true','347','false','1','100013326','1346560328',null,null,'1','false','19960523');
INSERT INTO kern.pers (id,srt,tslaatstewijz,datgeboorte,gemgeboorte,wplnaamgeboorte,blplaatsgeboorte,blregiogeboorte,landgebiedgeboorte,omslocgeboorte,datoverlijden,gemoverlijden,wplnaamoverlijden,blplaatsoverlijden,blregiooverlijden,landgebiedoverlijden,omslocoverlijden,naderebijhaard,datinschr,versienr,vorigebsn,volgendebsn,naamgebruik,indnaamgebruikafgeleid,predicaatnaamgebruik,voornamennaamgebruik,voorvoegselnaamgebruik,scheidingstekennaamgebruik,adellijketitelnaamgebruik,geslnaamstamnaamgebruik,gempk,indpkvollediggeconv,srtmigratie,rdnwijzmigratie,aangmigratie,landgebiedmigratie,bladresregel1migratie,bladresregel2migratie,bladresregel3migratie,bladresregel4migratie,bladresregel5migratie,bladresregel6migratie,aandverblijfsr,datmededelingverblijfsr,datvoorzeindeverblijfsr,inddeelneuverkiezingen,dataanlaanpdeelneuverkiezing,datvoorzeindeuitsleuverkiezi,predicaat,voornamen,voorvoegsel,scheidingsteken,adellijketitel,geslnaamstam,indnreeks,indafgeleid,bijhpartij,indonverwdocaanw,geslachtsaand,bsn,anr,induitslkiesr,datvoorzeindeuitslkiesr,bijhaard,indonverwbijhvoorstelnieting,dattijdstempel) VALUES('10018','1','19941005','19941005','780','Etten-Leur',null,null,'229',null,null,null,null,null,null,null,null,'1','19941005','1',null,null,'1','true',null,'Petronellaatje',null,null,null,'Verhoeven',null,null,null,null,null,null,null,null,null,null,null,null,null,null,null,null,null,null,null,'Petronellaatje',null,null,null,'Verhoeven','false','true','347','false','2','100013491','1347341087',null,null,'1','false','19941005');
INSERT INTO kern.pers (id,srt,tslaatstewijz,datgeboorte,gemgeboorte,wplnaamgeboorte,blplaatsgeboorte,blregiogeboorte,landgebiedgeboorte,omslocgeboorte,datoverlijden,gemoverlijden,wplnaamoverlijden,blplaatsoverlijden,blregiooverlijden,landgebiedoverlijden,omslocoverlijden,naderebijhaard,datinschr,versienr,vorigebsn,volgendebsn,naamgebruik,indnaamgebruikafgeleid,predicaatnaamgebruik,voornamennaamgebruik,voorvoegselnaamgebruik,scheidingstekennaamgebruik,adellijketitelnaamgebruik,geslnaamstamnaamgebruik,gempk,indpkvollediggeconv,srtmigratie,rdnwijzmigratie,aangmigratie,landgebiedmigratie,bladresregel1migratie,bladresregel2migratie,bladresregel3migratie,bladresregel4migratie,bladresregel5migratie,bladresregel6migratie,aandverblijfsr,datmededelingverblijfsr,datvoorzeindeverblijfsr,inddeelneuverkiezingen,dataanlaanpdeelneuverkiezing,datvoorzeindeuitsleuverkiezi,predicaat,voornamen,voorvoegsel,scheidingsteken,adellijketitel,geslnaamstam,indnreeks,indafgeleid,bijhpartij,indonverwdocaanw,geslachtsaand,bsn,anr,induitslkiesr,datvoorzeindeuitslkiesr,bijhaard,indonverwbijhvoorstelnieting,dattijdstempel) VALUES('10019','1','19941005','19941005','615','Witteveen',null,null,'229',null,null,null,null,null,null,null,null,'1','19941005','1',null,null,'1','true',null,'Sanne','de',' ',null,'Slot',null,null,null,null,null,null,null,null,null,null,null,null,null,null,null,null,null,null,null,'Sanne','de',' ',null,'Slot','false','true','347','false','2','100013624','1350672180',null,null,'1','false','19941005');
INSERT INTO kern.pers (id,srt,tslaatstewijz,datgeboorte,gemgeboorte,wplnaamgeboorte,blplaatsgeboorte,blregiogeboorte,landgebiedgeboorte,omslocgeboorte,datoverlijden,gemoverlijden,wplnaamoverlijden,blplaatsoverlijden,blregiooverlijden,landgebiedoverlijden,omslocoverlijden,naderebijhaard,datinschr,versienr,vorigebsn,volgendebsn,naamgebruik,indnaamgebruikafgeleid,predicaatnaamgebruik,voornamennaamgebruik,voorvoegselnaamgebruik,scheidingstekennaamgebruik,adellijketitelnaamgebruik,geslnaamstamnaamgebruik,gempk,indpkvollediggeconv,srtmigratie,rdnwijzmigratie,aangmigratie,landgebiedmigratie,bladresregel1migratie,bladresregel2migratie,bladresregel3migratie,bladresregel4migratie,bladresregel5migratie,bladresregel6migratie,aandverblijfsr,datmededelingverblijfsr,datvoorzeindeverblijfsr,inddeelneuverkiezingen,dataanlaanpdeelneuverkiezing,datvoorzeindeuitsleuverkiezi,predicaat,voornamen,voorvoegsel,scheidingsteken,adellijketitel,geslnaamstam,indnreeks,indafgeleid,bijhpartij,indonverwdocaanw,geslachtsaand,bsn,anr,induitslkiesr,datvoorzeindeuitslkiesr,bijhaard,indonverwbijhvoorstelnieting,dattijdstempel) VALUES('10020','1','19760103','19760103','625','Vlaardingen',null,null,'229',null,null,null,null,null,null,null,null,'1','19760103','1',null,null,'1','true',null,'Hanna','van',' ',null,'Guirten',null,null,null,null,null,null,null,null,null,null,null,null,null,null,null,null,null,null,null,'Hanna','van',' ',null,'Guirten','false','true','347','false','2','100013879','1351456508',null,null,'1','false','19760103');
INSERT INTO kern.pers (id,srt,tslaatstewijz,datgeboorte,gemgeboorte,wplnaamgeboorte,blplaatsgeboorte,blregiogeboorte,landgebiedgeboorte,omslocgeboorte,datoverlijden,gemoverlijden,wplnaamoverlijden,blplaatsoverlijden,blregiooverlijden,landgebiedoverlijden,omslocoverlijden,naderebijhaard,datinschr,versienr,vorigebsn,volgendebsn,naamgebruik,indnaamgebruikafgeleid,predicaatnaamgebruik,voornamennaamgebruik,voorvoegselnaamgebruik,scheidingstekennaamgebruik,adellijketitelnaamgebruik,geslnaamstamnaamgebruik,gempk,indpkvollediggeconv,srtmigratie,rdnwijzmigratie,aangmigratie,landgebiedmigratie,bladresregel1migratie,bladresregel2migratie,bladresregel3migratie,bladresregel4migratie,bladresregel5migratie,bladresregel6migratie,aandverblijfsr,datmededelingverblijfsr,datvoorzeindeverblijfsr,inddeelneuverkiezingen,dataanlaanpdeelneuverkiezing,datvoorzeindeuitsleuverkiezi,predicaat,voornamen,voorvoegsel,scheidingsteken,adellijketitel,geslnaamstam,indnreeks,indafgeleid,bijhpartij,indonverwdocaanw,geslachtsaand,bsn,anr,induitslkiesr,datvoorzeindeuitslkiesr,bijhaard,indonverwbijhvoorstelnieting,dattijdstempel) VALUES('10021','1','19961003','19961003','345','Soest',null,null,'229',null,null,null,null,null,null,null,null,'1','19961003','1',null,null,'1','true',null,'Sander','ter',' ',null,'Stassen',null,null,null,null,null,null,null,null,null,null,null,null,null,null,null,null,null,null,null,'Sander','ter',' ',null,'Stassen','false','true','347','false','1','100014161','1352104065',null,null,'1','false','19961003');
INSERT INTO kern.pers (id,srt,tslaatstewijz,datgeboorte,gemgeboorte,wplnaamgeboorte,blplaatsgeboorte,blregiogeboorte,landgebiedgeboorte,omslocgeboorte,datoverlijden,gemoverlijden,wplnaamoverlijden,blplaatsoverlijden,blregiooverlijden,landgebiedoverlijden,omslocoverlijden,naderebijhaard,datinschr,versienr,vorigebsn,volgendebsn,naamgebruik,indnaamgebruikafgeleid,predicaatnaamgebruik,voornamennaamgebruik,voorvoegselnaamgebruik,scheidingstekennaamgebruik,adellijketitelnaamgebruik,geslnaamstamnaamgebruik,gempk,indpkvollediggeconv,srtmigratie,rdnwijzmigratie,aangmigratie,landgebiedmigratie,bladresregel1migratie,bladresregel2migratie,bladresregel3migratie,bladresregel4migratie,bladresregel5migratie,bladresregel6migratie,aandverblijfsr,datmededelingverblijfsr,datvoorzeindeverblijfsr,inddeelneuverkiezingen,dataanlaanpdeelneuverkiezing,datvoorzeindeuitsleuverkiezi,predicaat,voornamen,voorvoegsel,scheidingsteken,adellijketitel,geslnaamstam,indnreeks,indafgeleid,bijhpartij,indonverwdocaanw,geslachtsaand,bsn,anr,induitslkiesr,datvoorzeindeuitslkiesr,bijhaard,indonverwbijhvoorstelnieting,dattijdstempel) VALUES('10022','1','19951003','19951003','625','Vlaardingen',null,null,'229',null,null,null,null,null,null,null,null,'1','19951003','1',null,null,'1','true',null,'Ellen','van',' ',null,'Zon',null,null,null,null,null,null,null,null,null,null,null,null,null,null,null,null,null,null,null,'Ellen','van',' ',null,'Zon','false','true','347','false','2','100014471','1353928427',null,null,'1','false','19951003');
INSERT INTO kern.pers (id,srt,tslaatstewijz,datgeboorte,gemgeboorte,wplnaamgeboorte,blplaatsgeboorte,blregiogeboorte,landgebiedgeboorte,omslocgeboorte,datoverlijden,gemoverlijden,wplnaamoverlijden,blplaatsoverlijden,blregiooverlijden,landgebiedoverlijden,omslocoverlijden,naderebijhaard,datinschr,versienr,vorigebsn,volgendebsn,naamgebruik,indnaamgebruikafgeleid,predicaatnaamgebruik,voornamennaamgebruik,voorvoegselnaamgebruik,scheidingstekennaamgebruik,adellijketitelnaamgebruik,geslnaamstamnaamgebruik,gempk,indpkvollediggeconv,srtmigratie,rdnwijzmigratie,aangmigratie,landgebiedmigratie,bladresregel1migratie,bladresregel2migratie,bladresregel3migratie,bladresregel4migratie,bladresregel5migratie,bladresregel6migratie,aandverblijfsr,datmededelingverblijfsr,datvoorzeindeverblijfsr,inddeelneuverkiezingen,dataanlaanpdeelneuverkiezing,datvoorzeindeuitsleuverkiezi,predicaat,voornamen,voorvoegsel,scheidingsteken,adellijketitel,geslnaamstam,indnreeks,indafgeleid,bijhpartij,indonverwdocaanw,geslachtsaand,bsn,anr,induitslkiesr,datvoorzeindeuitslkiesr,bijhaard,indonverwbijhvoorstelnieting,dattijdstempel) VALUES('10023','1','19941003','19941003','365','Hellendoorn',null,null,'229',null,null,null,null,null,null,null,null,'1','19941003','1',null,null,'1','true',null,'Christian','van',' ',null,'Verhaar',null,null,null,null,null,null,null,null,null,null,null,null,null,null,null,null,null,null,null,'Christian','van',' ',null,'Verhaar','false','true','347','false','1','100014616','1356586759',null,null,'1','false','19941003');
INSERT INTO kern.pers (id,srt,tslaatstewijz,datgeboorte,gemgeboorte,wplnaamgeboorte,blplaatsgeboorte,blregiogeboorte,landgebiedgeboorte,omslocgeboorte,datoverlijden,gemoverlijden,wplnaamoverlijden,blplaatsoverlijden,blregiooverlijden,landgebiedoverlijden,omslocoverlijden,naderebijhaard,datinschr,versienr,vorigebsn,volgendebsn,naamgebruik,indnaamgebruikafgeleid,predicaatnaamgebruik,voornamennaamgebruik,voorvoegselnaamgebruik,scheidingstekennaamgebruik,adellijketitelnaamgebruik,geslnaamstamnaamgebruik,gempk,indpkvollediggeconv,srtmigratie,rdnwijzmigratie,aangmigratie,landgebiedmigratie,bladresregel1migratie,bladresregel2migratie,bladresregel3migratie,bladresregel4migratie,bladresregel5migratie,bladresregel6migratie,aandverblijfsr,datmededelingverblijfsr,datvoorzeindeverblijfsr,inddeelneuverkiezingen,dataanlaanpdeelneuverkiezing,datvoorzeindeuitsleuverkiezi,predicaat,voornamen,voorvoegsel,scheidingsteken,adellijketitel,geslnaamstam,indnreeks,indafgeleid,bijhpartij,indonverwdocaanw,geslachtsaand,bsn,anr,induitslkiesr,datvoorzeindeuitslkiesr,bijhaard,indonverwbijhvoorstelnieting,dattijdstempel) VALUES('10024','1','19770401','19770401','365','Hellendoorn',null,null,'229',null,null,null,null,null,null,null,null,'1','19770401','1',null,null,'1','true',null,'Anja','de',' ',null,'Klaassen',null,null,null,null,null,null,null,null,null,null,null,null,null,null,null,null,null,null,null,'Anja','de',' ',null,'Klaassen','false','true','347','false','2','100014719','1360518428',null,null,'1','false','19770401');
INSERT INTO kern.pers (id,srt,tslaatstewijz,datgeboorte,gemgeboorte,wplnaamgeboorte,blplaatsgeboorte,blregiogeboorte,landgebiedgeboorte,omslocgeboorte,datoverlijden,gemoverlijden,wplnaamoverlijden,blplaatsoverlijden,blregiooverlijden,landgebiedoverlijden,omslocoverlijden,naderebijhaard,datinschr,versienr,vorigebsn,volgendebsn,naamgebruik,indnaamgebruikafgeleid,predicaatnaamgebruik,voornamennaamgebruik,voorvoegselnaamgebruik,scheidingstekennaamgebruik,adellijketitelnaamgebruik,geslnaamstamnaamgebruik,gempk,indpkvollediggeconv,srtmigratie,rdnwijzmigratie,aangmigratie,landgebiedmigratie,bladresregel1migratie,bladresregel2migratie,bladresregel3migratie,bladresregel4migratie,bladresregel5migratie,bladresregel6migratie,aandverblijfsr,datmededelingverblijfsr,datvoorzeindeverblijfsr,inddeelneuverkiezingen,dataanlaanpdeelneuverkiezing,datvoorzeindeuitsleuverkiezi,predicaat,voornamen,voorvoegsel,scheidingsteken,adellijketitel,geslnaamstam,indnreeks,indafgeleid,bijhpartij,indonverwdocaanw,geslachtsaand,bsn,anr,induitslkiesr,datvoorzeindeuitslkiesr,bijhaard,indonverwbijhvoorstelnieting,dattijdstempel) VALUES('10025','1','19880611','19880611','91','Wolsum',null,null,'229',null,null,null,null,null,null,null,null,'1','19880611','1',null,null,'1','true',null,'Karel',null,null,null,'Valstar',null,null,null,null,null,null,null,null,null,null,null,null,null,null,null,null,null,null,null,'Karel',null,null,null,'Valstar','false','true','347','false','1','100014781','1369142693',null,null,'1','false','19880611');
INSERT INTO kern.pers (id,srt,tslaatstewijz,datgeboorte,gemgeboorte,wplnaamgeboorte,blplaatsgeboorte,blregiogeboorte,landgebiedgeboorte,omslocgeboorte,datoverlijden,gemoverlijden,wplnaamoverlijden,blplaatsoverlijden,blregiooverlijden,landgebiedoverlijden,omslocoverlijden,naderebijhaard,datinschr,versienr,vorigebsn,volgendebsn,naamgebruik,indnaamgebruikafgeleid,predicaatnaamgebruik,voornamennaamgebruik,voorvoegselnaamgebruik,scheidingstekennaamgebruik,adellijketitelnaamgebruik,geslnaamstamnaamgebruik,gempk,indpkvollediggeconv,srtmigratie,rdnwijzmigratie,aangmigratie,landgebiedmigratie,bladresregel1migratie,bladresregel2migratie,bladresregel3migratie,bladresregel4migratie,bladresregel5migratie,bladresregel6migratie,aandverblijfsr,datmededelingverblijfsr,datvoorzeindeverblijfsr,inddeelneuverkiezingen,dataanlaanpdeelneuverkiezing,datvoorzeindeuitsleuverkiezi,predicaat,voornamen,voorvoegsel,scheidingsteken,adellijketitel,geslnaamstam,indnreeks,indafgeleid,bijhpartij,indonverwdocaanw,geslachtsaand,bsn,anr,induitslkiesr,datvoorzeindeuitslkiesr,bijhaard,indonverwbijhvoorstelnieting,dattijdstempel) VALUES('10026','1','19910721','19910721','365','Hellendoorn',null,null,'229',null,null,null,null,null,null,null,null,'1','19910721','1',null,null,'1','true',null,'Helen','ter',' ',null,'Botje',null,null,null,null,null,null,null,null,null,null,null,null,null,null,null,null,null,null,null,'Helen','ter',' ',null,'Botje','false','true','347','false','2','100015499','1370850801',null,null,'1','false','19910721');
INSERT INTO kern.pers (id,srt,tslaatstewijz,datgeboorte,gemgeboorte,wplnaamgeboorte,blplaatsgeboorte,blregiogeboorte,landgebiedgeboorte,omslocgeboorte,datoverlijden,gemoverlijden,wplnaamoverlijden,blplaatsoverlijden,blregiooverlijden,landgebiedoverlijden,omslocoverlijden,naderebijhaard,datinschr,versienr,vorigebsn,volgendebsn,naamgebruik,indnaamgebruikafgeleid,predicaatnaamgebruik,voornamennaamgebruik,voorvoegselnaamgebruik,scheidingstekennaamgebruik,adellijketitelnaamgebruik,geslnaamstamnaamgebruik,gempk,indpkvollediggeconv,srtmigratie,rdnwijzmigratie,aangmigratie,landgebiedmigratie,bladresregel1migratie,bladresregel2migratie,bladresregel3migratie,bladresregel4migratie,bladresregel5migratie,bladresregel6migratie,aandverblijfsr,datmededelingverblijfsr,datvoorzeindeverblijfsr,inddeelneuverkiezingen,dataanlaanpdeelneuverkiezing,datvoorzeindeuitsleuverkiezi,predicaat,voornamen,voorvoegsel,scheidingsteken,adellijketitel,geslnaamstam,indnreeks,indafgeleid,bijhpartij,indonverwdocaanw,geslachtsaand,bsn,anr,induitslkiesr,datvoorzeindeuitslkiesr,bijhaard,indonverwbijhvoorstelnieting,dattijdstempel) VALUES('10027','1','19910911','19910911','625','Vlaardingen',null,null,'229',null,null,null,null,null,null,null,null,'1','19910911','1',null,null,'1','true',null,'Sander',null,null,null,'Karlson',null,null,null,null,null,null,null,null,null,null,null,null,null,null,null,null,null,null,null,'Sander',null,null,null,'Karlson','false','true','347','false','1','100015542','1372682573',null,null,'1','false','19910911');
INSERT INTO kern.pers (id,srt,tslaatstewijz,datgeboorte,gemgeboorte,wplnaamgeboorte,blplaatsgeboorte,blregiogeboorte,landgebiedgeboorte,omslocgeboorte,datoverlijden,gemoverlijden,wplnaamoverlijden,blplaatsoverlijden,blregiooverlijden,landgebiedoverlijden,omslocoverlijden,naderebijhaard,datinschr,versienr,vorigebsn,volgendebsn,naamgebruik,indnaamgebruikafgeleid,predicaatnaamgebruik,voornamennaamgebruik,voorvoegselnaamgebruik,scheidingstekennaamgebruik,adellijketitelnaamgebruik,geslnaamstamnaamgebruik,gempk,indpkvollediggeconv,srtmigratie,rdnwijzmigratie,aangmigratie,landgebiedmigratie,bladresregel1migratie,bladresregel2migratie,bladresregel3migratie,bladresregel4migratie,bladresregel5migratie,bladresregel6migratie,aandverblijfsr,datmededelingverblijfsr,datvoorzeindeverblijfsr,inddeelneuverkiezingen,dataanlaanpdeelneuverkiezing,datvoorzeindeuitsleuverkiezi,predicaat,voornamen,voorvoegsel,scheidingsteken,adellijketitel,geslnaamstam,indnreeks,indafgeleid,bijhpartij,indonverwdocaanw,geslachtsaand,bsn,anr,induitslkiesr,datvoorzeindeuitslkiesr,bijhaard,indonverwbijhvoorstelnieting,dattijdstempel) VALUES('10028','1','19900722','19900722','625','Vlaardingen',null,null,'229',null,null,null,null,null,null,null,null,'1','19900722','1',null,null,'1','true',null,'Violet','van',' ',null,'Hoog',null,null,null,null,null,null,null,null,null,null,null,null,null,null,null,null,null,null,null,'Violet','van',' ',null,'Hoog','false','true','347','false','2','100016054','1373895379',null,null,'1','false','19900722');
INSERT INTO kern.pers (id,srt,tslaatstewijz,datgeboorte,gemgeboorte,wplnaamgeboorte,blplaatsgeboorte,blregiogeboorte,landgebiedgeboorte,omslocgeboorte,datoverlijden,gemoverlijden,wplnaamoverlijden,blplaatsoverlijden,blregiooverlijden,landgebiedoverlijden,omslocoverlijden,naderebijhaard,datinschr,versienr,vorigebsn,volgendebsn,naamgebruik,indnaamgebruikafgeleid,predicaatnaamgebruik,voornamennaamgebruik,voorvoegselnaamgebruik,scheidingstekennaamgebruik,adellijketitelnaamgebruik,geslnaamstamnaamgebruik,gempk,indpkvollediggeconv,srtmigratie,rdnwijzmigratie,aangmigratie,landgebiedmigratie,bladresregel1migratie,bladresregel2migratie,bladresregel3migratie,bladresregel4migratie,bladresregel5migratie,bladresregel6migratie,aandverblijfsr,datmededelingverblijfsr,datvoorzeindeverblijfsr,inddeelneuverkiezingen,dataanlaanpdeelneuverkiezing,datvoorzeindeuitsleuverkiezi,predicaat,voornamen,voorvoegsel,scheidingsteken,adellijketitel,geslnaamstam,indnreeks,indafgeleid,bijhpartij,indonverwdocaanw,geslachtsaand,bsn,anr,induitslkiesr,datvoorzeindeuitslkiesr,bijhaard,indonverwbijhvoorstelnieting,dattijdstempel) VALUES('10029','1','19200430','19200430','1239','Ouwerkerk',null,null,'229',null,null,null,null,null,null,null,null,'1','19200430','1',null,null,'1','true',null,'Violet',null,null,null,'Karlson',null,null,null,null,null,null,null,null,null,null,null,null,null,null,null,null,null,null,null,'Violetta',null,null,null,'Karlson','false','true','2','false','2','100016339','1374028789',null,null,'1','false','19200430');
INSERT INTO kern.pers (id,srt,tslaatstewijz,datgeboorte,gemgeboorte,wplnaamgeboorte,blplaatsgeboorte,blregiogeboorte,landgebiedgeboorte,omslocgeboorte,datoverlijden,gemoverlijden,wplnaamoverlijden,blplaatsoverlijden,blregiooverlijden,landgebiedoverlijden,omslocoverlijden,naderebijhaard,datinschr,versienr,vorigebsn,volgendebsn,naamgebruik,indnaamgebruikafgeleid,predicaatnaamgebruik,voornamennaamgebruik,voorvoegselnaamgebruik,scheidingstekennaamgebruik,adellijketitelnaamgebruik,geslnaamstamnaamgebruik,gempk,indpkvollediggeconv,srtmigratie,rdnwijzmigratie,aangmigratie,landgebiedmigratie,bladresregel1migratie,bladresregel2migratie,bladresregel3migratie,bladresregel4migratie,bladresregel5migratie,bladresregel6migratie,aandverblijfsr,datmededelingverblijfsr,datvoorzeindeverblijfsr,inddeelneuverkiezingen,dataanlaanpdeelneuverkiezing,datvoorzeindeuitsleuverkiezi,predicaat,voornamen,voorvoegsel,scheidingsteken,adellijketitel,geslnaamstam,indnreeks,indafgeleid,bijhpartij,indonverwdocaanw,geslachtsaand,bsn,anr,induitslkiesr,datvoorzeindeuitslkiesr,bijhaard,indonverwbijhvoorstelnieting,dattijdstempel) VALUES('10030','1','19220419','19220419','1239','Ouwerkerk',null,null,'229',null,null,null,null,null,null,null,null,'1','19220419','1',null,null,'1','true',null,'Tanja','de',' ',null,'Vlonder',null,null,null,null,null,null,null,null,null,null,null,null,null,null,null,null,null,null,null,'Tanja','de',' ',null,'Vlonder','false','true','347','false','2','100016959','1374291317',null,null,'1','false','19220419');
INSERT INTO kern.pers (id,srt,tslaatstewijz,datgeboorte,gemgeboorte,wplnaamgeboorte,blplaatsgeboorte,blregiogeboorte,landgebiedgeboorte,omslocgeboorte,datoverlijden,gemoverlijden,wplnaamoverlijden,blplaatsoverlijden,blregiooverlijden,landgebiedoverlijden,omslocoverlijden,naderebijhaard,datinschr,versienr,vorigebsn,volgendebsn,naamgebruik,indnaamgebruikafgeleid,predicaatnaamgebruik,voornamennaamgebruik,voorvoegselnaamgebruik,scheidingstekennaamgebruik,adellijketitelnaamgebruik,geslnaamstamnaamgebruik,gempk,indpkvollediggeconv,srtmigratie,rdnwijzmigratie,aangmigratie,landgebiedmigratie,bladresregel1migratie,bladresregel2migratie,bladresregel3migratie,bladresregel4migratie,bladresregel5migratie,bladresregel6migratie,aandverblijfsr,datmededelingverblijfsr,datvoorzeindeverblijfsr,inddeelneuverkiezingen,dataanlaanpdeelneuverkiezing,datvoorzeindeuitsleuverkiezi,predicaat,voornamen,voorvoegsel,scheidingsteken,adellijketitel,geslnaamstam,indnreeks,indafgeleid,bijhpartij,indonverwdocaanw,geslachtsaand,bsn,anr,induitslkiesr,datvoorzeindeuitslkiesr,bijhaard,indonverwbijhvoorstelnieting,dattijdstempel) VALUES('10031','1','19920219','19920219','977','Koningsbosch',null,null,'229',null,null,null,null,null,null,null,null,'1','19920219','1',null,null,'1','true',null,'Berend','de',' ',null,'Zatte',null,null,null,null,null,null,null,null,null,null,null,null,null,null,null,null,null,null,null,'Berend','de',' ',null,'Zatte','false','true','347','false','1','100016984','1374917057',null,null,'1','false','19920219');
INSERT INTO kern.pers (id,srt,tslaatstewijz,datgeboorte,gemgeboorte,wplnaamgeboorte,blplaatsgeboorte,blregiogeboorte,landgebiedgeboorte,omslocgeboorte,datoverlijden,gemoverlijden,wplnaamoverlijden,blplaatsoverlijden,blregiooverlijden,landgebiedoverlijden,omslocoverlijden,naderebijhaard,datinschr,versienr,vorigebsn,volgendebsn,naamgebruik,indnaamgebruikafgeleid,predicaatnaamgebruik,voornamennaamgebruik,voorvoegselnaamgebruik,scheidingstekennaamgebruik,adellijketitelnaamgebruik,geslnaamstamnaamgebruik,gempk,indpkvollediggeconv,srtmigratie,rdnwijzmigratie,aangmigratie,landgebiedmigratie,bladresregel1migratie,bladresregel2migratie,bladresregel3migratie,bladresregel4migratie,bladresregel5migratie,bladresregel6migratie,aandverblijfsr,datmededelingverblijfsr,datvoorzeindeverblijfsr,inddeelneuverkiezingen,dataanlaanpdeelneuverkiezing,datvoorzeindeuitsleuverkiezi,predicaat,voornamen,voorvoegsel,scheidingsteken,adellijketitel,geslnaamstam,indnreeks,indafgeleid,bijhpartij,indonverwdocaanw,geslachtsaand,bsn,anr,induitslkiesr,datvoorzeindeuitslkiesr,bijhaard,indonverwbijhvoorstelnieting,dattijdstempel) VALUES('10032','1','19510923','19510923','522','Honselersdijk',null,null,'229',null,null,null,null,null,null,null,null,'1','19510923','1',null,null,'1','true',null,'Mike',null,null,null,'Stuurman',null,null,null,null,null,null,null,null,null,null,null,null,null,null,null,null,null,null,null,'Mike',null,null,null,'Stuurman','false','true','347','false','1','100017332','1376034603',null,null,'1','false','19510923');
INSERT INTO kern.pers (id,srt,tslaatstewijz,datgeboorte,gemgeboorte,wplnaamgeboorte,blplaatsgeboorte,blregiogeboorte,landgebiedgeboorte,omslocgeboorte,datoverlijden,gemoverlijden,wplnaamoverlijden,blplaatsoverlijden,blregiooverlijden,landgebiedoverlijden,omslocoverlijden,naderebijhaard,datinschr,versienr,vorigebsn,volgendebsn,naamgebruik,indnaamgebruikafgeleid,predicaatnaamgebruik,voornamennaamgebruik,voorvoegselnaamgebruik,scheidingstekennaamgebruik,adellijketitelnaamgebruik,geslnaamstamnaamgebruik,gempk,indpkvollediggeconv,srtmigratie,rdnwijzmigratie,aangmigratie,landgebiedmigratie,bladresregel1migratie,bladresregel2migratie,bladresregel3migratie,bladresregel4migratie,bladresregel5migratie,bladresregel6migratie,aandverblijfsr,datmededelingverblijfsr,datvoorzeindeverblijfsr,inddeelneuverkiezingen,dataanlaanpdeelneuverkiezing,datvoorzeindeuitsleuverkiezi,predicaat,voornamen,voorvoegsel,scheidingsteken,adellijketitel,geslnaamstam,indnreeks,indafgeleid,bijhpartij,indonverwdocaanw,geslachtsaand,bsn,anr,induitslkiesr,datvoorzeindeuitslkiesr,bijhaard,indonverwbijhvoorstelnieting,dattijdstempel) VALUES('10033','1','19531116','19531116','506','Scherpenzeel',null,null,'229',null,null,null,null,null,null,null,null,'1','19531116','1',null,null,'1','true',null,'Sanne','de',' ',null,'Vriend',null,null,null,null,null,null,null,null,null,null,null,null,null,null,null,null,null,null,null,'Sanne','de',' ',null,'Vriend','false','true','347','false','2','100017782','1379542841',null,null,'1','false','19531116');
INSERT INTO kern.pers (id,srt,tslaatstewijz,datgeboorte,gemgeboorte,wplnaamgeboorte,blplaatsgeboorte,blregiogeboorte,landgebiedgeboorte,omslocgeboorte,datoverlijden,gemoverlijden,wplnaamoverlijden,blplaatsoverlijden,blregiooverlijden,landgebiedoverlijden,omslocoverlijden,naderebijhaard,datinschr,versienr,vorigebsn,volgendebsn,naamgebruik,indnaamgebruikafgeleid,predicaatnaamgebruik,voornamennaamgebruik,voorvoegselnaamgebruik,scheidingstekennaamgebruik,adellijketitelnaamgebruik,geslnaamstamnaamgebruik,gempk,indpkvollediggeconv,srtmigratie,rdnwijzmigratie,aangmigratie,landgebiedmigratie,bladresregel1migratie,bladresregel2migratie,bladresregel3migratie,bladresregel4migratie,bladresregel5migratie,bladresregel6migratie,aandverblijfsr,datmededelingverblijfsr,datvoorzeindeverblijfsr,inddeelneuverkiezingen,dataanlaanpdeelneuverkiezing,datvoorzeindeuitsleuverkiezi,predicaat,voornamen,voorvoegsel,scheidingsteken,adellijketitel,geslnaamstam,indnreeks,indafgeleid,bijhpartij,indonverwdocaanw,geslachtsaand,bsn,anr,induitslkiesr,datvoorzeindeuitslkiesr,bijhaard,indonverwbijhvoorstelnieting,dattijdstempel) VALUES('10034','1','19390402','19390402','403','Egmond-Binnen',null,null,'229',null,null,null,null,null,null,null,null,'1','19390402','1',null,null,'1','true',null,'Josje','de',' ',null,'Renner',null,null,null,null,null,null,null,null,null,null,null,null,null,null,null,null,null,null,null,'Josje','de',' ',null,'Renner','false','true','347','false','2','100018269','1380729473',null,null,'1','false','19390402');
INSERT INTO kern.pers (id,srt,tslaatstewijz,datgeboorte,gemgeboorte,wplnaamgeboorte,blplaatsgeboorte,blregiogeboorte,landgebiedgeboorte,omslocgeboorte,datoverlijden,gemoverlijden,wplnaamoverlijden,blplaatsoverlijden,blregiooverlijden,landgebiedoverlijden,omslocoverlijden,naderebijhaard,datinschr,versienr,vorigebsn,volgendebsn,naamgebruik,indnaamgebruikafgeleid,predicaatnaamgebruik,voornamennaamgebruik,voorvoegselnaamgebruik,scheidingstekennaamgebruik,adellijketitelnaamgebruik,geslnaamstamnaamgebruik,gempk,indpkvollediggeconv,srtmigratie,rdnwijzmigratie,aangmigratie,landgebiedmigratie,bladresregel1migratie,bladresregel2migratie,bladresregel3migratie,bladresregel4migratie,bladresregel5migratie,bladresregel6migratie,aandverblijfsr,datmededelingverblijfsr,datvoorzeindeverblijfsr,inddeelneuverkiezingen,dataanlaanpdeelneuverkiezing,datvoorzeindeuitsleuverkiezi,predicaat,voornamen,voorvoegsel,scheidingsteken,adellijketitel,geslnaamstam,indnreeks,indafgeleid,bijhpartij,indonverwdocaanw,geslachtsaand,bsn,anr,induitslkiesr,datvoorzeindeuitslkiesr,bijhaard,indonverwbijhvoorstelnieting,dattijdstempel) VALUES('10035','1','19841203','19841203','342','Delft',null,null,'229',null,null,null,null,null,null,null,null,'1','19841203','1',null,null,'1','true',null,'Anna','de',' ',null,'Muurbloem',null,null,null,null,null,null,null,null,null,null,null,null,null,null,null,null,null,null,null,'Anna','de',' ',null,'Muurbloem','false','true','347','false','2','100018385','1382969416',null,null,'1','false','19841203');
INSERT INTO kern.pers (id,srt,tslaatstewijz,datgeboorte,gemgeboorte,wplnaamgeboorte,blplaatsgeboorte,blregiogeboorte,landgebiedgeboorte,omslocgeboorte,datoverlijden,gemoverlijden,wplnaamoverlijden,blplaatsoverlijden,blregiooverlijden,landgebiedoverlijden,omslocoverlijden,naderebijhaard,datinschr,versienr,vorigebsn,volgendebsn,naamgebruik,indnaamgebruikafgeleid,predicaatnaamgebruik,voornamennaamgebruik,voorvoegselnaamgebruik,scheidingstekennaamgebruik,adellijketitelnaamgebruik,geslnaamstamnaamgebruik,gempk,indpkvollediggeconv,srtmigratie,rdnwijzmigratie,aangmigratie,landgebiedmigratie,bladresregel1migratie,bladresregel2migratie,bladresregel3migratie,bladresregel4migratie,bladresregel5migratie,bladresregel6migratie,aandverblijfsr,datmededelingverblijfsr,datvoorzeindeverblijfsr,inddeelneuverkiezingen,dataanlaanpdeelneuverkiezing,datvoorzeindeuitsleuverkiezi,predicaat,voornamen,voorvoegsel,scheidingsteken,adellijketitel,geslnaamstam,indnreeks,indafgeleid,bijhpartij,indonverwdocaanw,geslachtsaand,bsn,anr,induitslkiesr,datvoorzeindeuitslkiesr,bijhaard,indonverwbijhvoorstelnieting,dattijdstempel) VALUES('10036','1','19851011','19851011','342','Delft',null,null,'229',null,null,null,null,null,null,null,null,'1','19851011','1',null,null,'1','true',null,'Gerard',null,null,null,'Appelo',null,null,null,null,null,null,null,null,null,null,null,null,null,null,null,null,null,null,null,'Gerard',null,null,null,'Appelo','false','true','347','false','1','100018452','1383532305',null,null,'1','false','19851011');
INSERT INTO kern.pers (id,srt,tslaatstewijz,datgeboorte,gemgeboorte,wplnaamgeboorte,blplaatsgeboorte,blregiogeboorte,landgebiedgeboorte,omslocgeboorte,datoverlijden,gemoverlijden,wplnaamoverlijden,blplaatsoverlijden,blregiooverlijden,landgebiedoverlijden,omslocoverlijden,naderebijhaard,datinschr,versienr,vorigebsn,volgendebsn,naamgebruik,indnaamgebruikafgeleid,predicaatnaamgebruik,voornamennaamgebruik,voorvoegselnaamgebruik,scheidingstekennaamgebruik,adellijketitelnaamgebruik,geslnaamstamnaamgebruik,gempk,indpkvollediggeconv,srtmigratie,rdnwijzmigratie,aangmigratie,landgebiedmigratie,bladresregel1migratie,bladresregel2migratie,bladresregel3migratie,bladresregel4migratie,bladresregel5migratie,bladresregel6migratie,aandverblijfsr,datmededelingverblijfsr,datvoorzeindeverblijfsr,inddeelneuverkiezingen,dataanlaanpdeelneuverkiezing,datvoorzeindeuitsleuverkiezi,predicaat,voornamen,voorvoegsel,scheidingsteken,adellijketitel,geslnaamstam,indnreeks,indafgeleid,bijhpartij,indonverwdocaanw,geslachtsaand,bsn,anr,induitslkiesr,datvoorzeindeuitslkiesr,bijhaard,indonverwbijhvoorstelnieting,dattijdstempel) VALUES('10037','1','20050112','20050112','91','Wolsum',null,null,'229',null,null,null,null,null,null,null,null,'1','20050112','1',null,null,'1','true',null,'Albert Piet Hendricus',null,null,null,'Appel',null,null,null,null,null,null,null,null,null,null,null,null,null,null,null,null,null,null,null,'Albert Piet Hendricus',null,null,null,'Appelo','false','true','347','false','1','100018786','1384060401',null,null,'1','false','20050112');
INSERT INTO kern.pers (id,srt,tslaatstewijz,datgeboorte,gemgeboorte,wplnaamgeboorte,blplaatsgeboorte,blregiogeboorte,landgebiedgeboorte,omslocgeboorte,datoverlijden,gemoverlijden,wplnaamoverlijden,blplaatsoverlijden,blregiooverlijden,landgebiedoverlijden,omslocoverlijden,naderebijhaard,datinschr,versienr,vorigebsn,volgendebsn,naamgebruik,indnaamgebruikafgeleid,predicaatnaamgebruik,voornamennaamgebruik,voorvoegselnaamgebruik,scheidingstekennaamgebruik,adellijketitelnaamgebruik,geslnaamstamnaamgebruik,gempk,indpkvollediggeconv,srtmigratie,rdnwijzmigratie,aangmigratie,landgebiedmigratie,bladresregel1migratie,bladresregel2migratie,bladresregel3migratie,bladresregel4migratie,bladresregel5migratie,bladresregel6migratie,aandverblijfsr,datmededelingverblijfsr,datvoorzeindeverblijfsr,inddeelneuverkiezingen,dataanlaanpdeelneuverkiezing,datvoorzeindeuitsleuverkiezi,predicaat,voornamen,voorvoegsel,scheidingsteken,adellijketitel,geslnaamstam,indnreeks,indafgeleid,bijhpartij,indonverwdocaanw,geslachtsaand,bsn,anr,induitslkiesr,datvoorzeindeuitslkiesr,bijhaard,indonverwbijhvoorstelnieting,dattijdstempel) VALUES('10038','1','20051201','20051201','96','Twello',null,null,'229',null,null,null,null,null,null,null,null,'1','20051201','1',null,null,'1','true',null,'Marijke','ter',' ',null,'Aar',null,null,null,null,null,null,null,null,null,null,null,null,null,null,null,null,null,null,null,'Marijke',null,null,null,'Appelo','false','true','347','false','2','100019031','1385824304',null,null,'1','false','20051201');
INSERT INTO kern.pers (id,srt,tslaatstewijz,datgeboorte,gemgeboorte,wplnaamgeboorte,blplaatsgeboorte,blregiogeboorte,landgebiedgeboorte,omslocgeboorte,datoverlijden,gemoverlijden,wplnaamoverlijden,blplaatsoverlijden,blregiooverlijden,landgebiedoverlijden,omslocoverlijden,naderebijhaard,datinschr,versienr,vorigebsn,volgendebsn,naamgebruik,indnaamgebruikafgeleid,predicaatnaamgebruik,voornamennaamgebruik,voorvoegselnaamgebruik,scheidingstekennaamgebruik,adellijketitelnaamgebruik,geslnaamstamnaamgebruik,gempk,indpkvollediggeconv,srtmigratie,rdnwijzmigratie,aangmigratie,landgebiedmigratie,bladresregel1migratie,bladresregel2migratie,bladresregel3migratie,bladresregel4migratie,bladresregel5migratie,bladresregel6migratie,aandverblijfsr,datmededelingverblijfsr,datvoorzeindeverblijfsr,inddeelneuverkiezingen,dataanlaanpdeelneuverkiezing,datvoorzeindeuitsleuverkiezi,predicaat,voornamen,voorvoegsel,scheidingsteken,adellijketitel,geslnaamstam,indnreeks,indafgeleid,bijhpartij,indonverwdocaanw,geslachtsaand,bsn,anr,induitslkiesr,datvoorzeindeuitslkiesr,bijhaard,indonverwbijhvoorstelnieting,dattijdstempel) VALUES('10039','1','20060112','20050112','63','Zevenbergschen Hoek',null,null,'229',null,null,null,null,null,null,null,null,'1','20050112','1',null,null,'1','true',null,'Geerte','in het',' ',null,'Veld',null,null,null,null,null,null,null,null,null,null,null,null,null,null,null,null,null,null,null,'Geerte','in het',' ',null,'Veld','false','true','347','false','2','100019201','1391676065',null,null,'1','false','20050112');
INSERT INTO kern.pers (id,srt,tslaatstewijz,datgeboorte,gemgeboorte,wplnaamgeboorte,blplaatsgeboorte,blregiogeboorte,landgebiedgeboorte,omslocgeboorte,datoverlijden,gemoverlijden,wplnaamoverlijden,blplaatsoverlijden,blregiooverlijden,landgebiedoverlijden,omslocoverlijden,naderebijhaard,datinschr,versienr,vorigebsn,volgendebsn,naamgebruik,indnaamgebruikafgeleid,predicaatnaamgebruik,voornamennaamgebruik,voorvoegselnaamgebruik,scheidingstekennaamgebruik,adellijketitelnaamgebruik,geslnaamstamnaamgebruik,gempk,indpkvollediggeconv,srtmigratie,rdnwijzmigratie,aangmigratie,landgebiedmigratie,bladresregel1migratie,bladresregel2migratie,bladresregel3migratie,bladresregel4migratie,bladresregel5migratie,bladresregel6migratie,aandverblijfsr,datmededelingverblijfsr,datvoorzeindeverblijfsr,inddeelneuverkiezingen,dataanlaanpdeelneuverkiezing,datvoorzeindeuitsleuverkiezi,predicaat,voornamen,voorvoegsel,scheidingsteken,adellijketitel,geslnaamstam,indnreeks,indafgeleid,bijhpartij,indonverwdocaanw,geslachtsaand,bsn,anr,induitslkiesr,datvoorzeindeuitslkiesr,bijhaard,indonverwbijhvoorstelnieting,dattijdstempel) VALUES('10040','2','20051201','20051201','99','Tuitjenhorn',null,null,'229',null,null,null,null,null,null,null,null,'1','20051201','1',null,null,'1','true',null,'Gert','van',' ',null,'Penderloo',null,null,null,null,null,null,null,null,null,null,null,null,null,null,null,null,null,null,null,'Gert','van',' ',null,'Penderloo','false','true','347','false','1','100019304','1392132917',null,null,'1','false','20051201');
INSERT INTO kern.pers (id,srt,tslaatstewijz,datgeboorte,gemgeboorte,wplnaamgeboorte,blplaatsgeboorte,blregiogeboorte,landgebiedgeboorte,omslocgeboorte,datoverlijden,gemoverlijden,wplnaamoverlijden,blplaatsoverlijden,blregiooverlijden,landgebiedoverlijden,omslocoverlijden,naderebijhaard,datinschr,versienr,vorigebsn,volgendebsn,naamgebruik,indnaamgebruikafgeleid,predicaatnaamgebruik,voornamennaamgebruik,voorvoegselnaamgebruik,scheidingstekennaamgebruik,adellijketitelnaamgebruik,geslnaamstamnaamgebruik,gempk,indpkvollediggeconv,srtmigratie,rdnwijzmigratie,aangmigratie,landgebiedmigratie,bladresregel1migratie,bladresregel2migratie,bladresregel3migratie,bladresregel4migratie,bladresregel5migratie,bladresregel6migratie,aandverblijfsr,datmededelingverblijfsr,datvoorzeindeverblijfsr,inddeelneuverkiezingen,dataanlaanpdeelneuverkiezing,datvoorzeindeuitsleuverkiezi,predicaat,voornamen,voorvoegsel,scheidingsteken,adellijketitel,geslnaamstam,indnreeks,indafgeleid,bijhpartij,indonverwdocaanw,geslachtsaand,bsn,anr,induitslkiesr,datvoorzeindeuitslkiesr,bijhaard,indonverwbijhvoorstelnieting,dattijdstempel) VALUES('10041','1','19680809','19680809','99','Tuitjenhorn',null,null,'229',null,null,null,null,null,null,null,null,'7','19680809','1',null,null,'1','true',null,'Gijs','de',' ',null,'Bakker',null,null,null,null,null,null,null,null,null,null,null,null,null,null,null,null,null,null,null,'Gijs','de',' ',null,'Bakker','false','true','347','false','1','100019407','1393628575',null,null,'1','false','19680809');
INSERT INTO kern.pers (id,srt,tslaatstewijz,datgeboorte,gemgeboorte,wplnaamgeboorte,blplaatsgeboorte,blregiogeboorte,landgebiedgeboorte,omslocgeboorte,datoverlijden,gemoverlijden,wplnaamoverlijden,blplaatsoverlijden,blregiooverlijden,landgebiedoverlijden,omslocoverlijden,naderebijhaard,datinschr,versienr,vorigebsn,volgendebsn,naamgebruik,indnaamgebruikafgeleid,predicaatnaamgebruik,voornamennaamgebruik,voorvoegselnaamgebruik,scheidingstekennaamgebruik,adellijketitelnaamgebruik,geslnaamstamnaamgebruik,gempk,indpkvollediggeconv,srtmigratie,rdnwijzmigratie,aangmigratie,landgebiedmigratie,bladresregel1migratie,bladresregel2migratie,bladresregel3migratie,bladresregel4migratie,bladresregel5migratie,bladresregel6migratie,aandverblijfsr,datmededelingverblijfsr,datvoorzeindeverblijfsr,inddeelneuverkiezingen,dataanlaanpdeelneuverkiezing,datvoorzeindeuitsleuverkiezi,predicaat,voornamen,voorvoegsel,scheidingsteken,adellijketitel,geslnaamstam,indnreeks,indafgeleid,bijhpartij,indonverwdocaanw,geslachtsaand,bsn,anr,induitslkiesr,datvoorzeindeuitslkiesr,bijhaard,indonverwbijhvoorstelnieting,dattijdstempel) VALUES('10042','1','19580921','19580921','91','Wolsum',null,null,'229',null,null,null,null,null,null,null,null,'1','19580921','1',null,null,'1','true',null,'Guido',null,null,null,'Karlson',null,null,null,null,null,null,null,null,null,null,null,null,null,null,null,null,null,null,null,'Guido',null,null,null,'Karlson','false','true','347','false','1','100019468','1394825075',null,null,'1','false','19580921');
INSERT INTO kern.pers (id,srt,tslaatstewijz,datgeboorte,gemgeboorte,wplnaamgeboorte,blplaatsgeboorte,blregiogeboorte,landgebiedgeboorte,omslocgeboorte,datoverlijden,gemoverlijden,wplnaamoverlijden,blplaatsoverlijden,blregiooverlijden,landgebiedoverlijden,omslocoverlijden,naderebijhaard,datinschr,versienr,vorigebsn,volgendebsn,naamgebruik,indnaamgebruikafgeleid,predicaatnaamgebruik,voornamennaamgebruik,voorvoegselnaamgebruik,scheidingstekennaamgebruik,adellijketitelnaamgebruik,geslnaamstamnaamgebruik,gempk,indpkvollediggeconv,srtmigratie,rdnwijzmigratie,aangmigratie,landgebiedmigratie,bladresregel1migratie,bladresregel2migratie,bladresregel3migratie,bladresregel4migratie,bladresregel5migratie,bladresregel6migratie,aandverblijfsr,datmededelingverblijfsr,datvoorzeindeverblijfsr,inddeelneuverkiezingen,dataanlaanpdeelneuverkiezing,datvoorzeindeuitsleuverkiezi,predicaat,voornamen,voorvoegsel,scheidingsteken,adellijketitel,geslnaamstam,indnreeks,indafgeleid,bijhpartij,indonverwdocaanw,geslachtsaand,bsn,anr,induitslkiesr,datvoorzeindeuitslkiesr,bijhaard,indonverwbijhvoorstelnieting,dattijdstempel) VALUES('10043','1','19951004','19951004','91','Wolsum',null,null,'229',null,null,null,null,null,null,null,null,'1','19951004','1',null,null,'1','true',null,'Annemieke','ter',' ',null,'Nater',null,null,null,null,null,null,null,null,null,null,null,null,null,null,null,null,null,null,null,'Annemieke','ter',' ',null,'Nater','false','true','347','false','2','100019845','1395695787',null,null,'1','false','19951004');
INSERT INTO kern.pers (id,srt,tslaatstewijz,datgeboorte,gemgeboorte,wplnaamgeboorte,blplaatsgeboorte,blregiogeboorte,landgebiedgeboorte,omslocgeboorte,datoverlijden,gemoverlijden,wplnaamoverlijden,blplaatsoverlijden,blregiooverlijden,landgebiedoverlijden,omslocoverlijden,naderebijhaard,datinschr,versienr,vorigebsn,volgendebsn,naamgebruik,indnaamgebruikafgeleid,predicaatnaamgebruik,voornamennaamgebruik,voorvoegselnaamgebruik,scheidingstekennaamgebruik,adellijketitelnaamgebruik,geslnaamstamnaamgebruik,gempk,indpkvollediggeconv,srtmigratie,rdnwijzmigratie,aangmigratie,landgebiedmigratie,bladresregel1migratie,bladresregel2migratie,bladresregel3migratie,bladresregel4migratie,bladresregel5migratie,bladresregel6migratie,aandverblijfsr,datmededelingverblijfsr,datvoorzeindeverblijfsr,inddeelneuverkiezingen,dataanlaanpdeelneuverkiezing,datvoorzeindeuitsleuverkiezi,predicaat,voornamen,voorvoegsel,scheidingsteken,adellijketitel,geslnaamstam,indnreeks,indafgeleid,bijhpartij,indonverwdocaanw,geslachtsaand,bsn,anr,induitslkiesr,datvoorzeindeuitslkiesr,bijhaard,indonverwbijhvoorstelnieting,dattijdstempel) VALUES('10044','2','20051201','20051201','365','Hellendoorn',null,null,'229',null,null,null,null,null,null,null,null,'1','20051201','1',null,null,'1','true',null,'Maarten','van',' ',null,'Hoog',null,null,null,null,null,null,null,null,null,null,null,null,null,null,null,null,null,null,null,'Maarten','van',' ',null,'Hoog','false','true','347','false','1','100019857','1396762316',null,null,'1','false','20051201');
INSERT INTO kern.pers (id,srt,tslaatstewijz,datgeboorte,gemgeboorte,wplnaamgeboorte,blplaatsgeboorte,blregiogeboorte,landgebiedgeboorte,omslocgeboorte,datoverlijden,gemoverlijden,wplnaamoverlijden,blplaatsoverlijden,blregiooverlijden,landgebiedoverlijden,omslocoverlijden,naderebijhaard,datinschr,versienr,vorigebsn,volgendebsn,naamgebruik,indnaamgebruikafgeleid,predicaatnaamgebruik,voornamennaamgebruik,voorvoegselnaamgebruik,scheidingstekennaamgebruik,adellijketitelnaamgebruik,geslnaamstamnaamgebruik,gempk,indpkvollediggeconv,srtmigratie,rdnwijzmigratie,aangmigratie,landgebiedmigratie,bladresregel1migratie,bladresregel2migratie,bladresregel3migratie,bladresregel4migratie,bladresregel5migratie,bladresregel6migratie,aandverblijfsr,datmededelingverblijfsr,datvoorzeindeverblijfsr,inddeelneuverkiezingen,dataanlaanpdeelneuverkiezing,datvoorzeindeuitsleuverkiezi,predicaat,voornamen,voorvoegsel,scheidingsteken,adellijketitel,geslnaamstam,indnreeks,indafgeleid,bijhpartij,indonverwdocaanw,geslachtsaand,bsn,anr,induitslkiesr,datvoorzeindeuitslkiesr,bijhaard,indonverwbijhvoorstelnieting,dattijdstempel) VALUES('10045','3','20050112','20050112','365','Hellendoorn',null,null,'229',null,null,null,null,null,null,null,null,'1','20050112','1',null,null,'1','true',null,'Marion','de',' ',null,'Hoop',null,null,null,null,null,null,null,null,null,null,null,null,null,null,null,null,null,null,null,'Marion','de',' ',null,'Hoop','false','true','347','false','2','100019997','1398487090',null,null,'1','false','20050112');

commit;


--------------------------------------------------
--- EIND
--- Sheet: (pers)
--- Handler: SheetHandlerImplSimpleInsert
--- Aantal: (45)
--------------------------------------------------
--------------------------------------------------
--- Sheet: (1) (ouders...) wordt overgeslagen
--------------------------------------------------
--------------------------------------------------
--- START
--- Sheet: (admhnd)
--- Handler: SheetHandlerImplSimpleInsert
--------------------------------------------------

begin;

INSERT INTO kern.admhnd (id,srt,partij,toelichtingontlening,tsreg) VALUES('10001','1','2000',null,'20100318');
INSERT INTO kern.admhnd (id,srt,partij,toelichtingontlening,tsreg) VALUES('10002','1','2000',null,'20100318');
INSERT INTO kern.admhnd (id,srt,partij,toelichtingontlening,tsreg) VALUES('10003','1','2000',null,'20100318');
INSERT INTO kern.admhnd (id,srt,partij,toelichtingontlening,tsreg) VALUES('10004','1','2000',null,'20100318');
INSERT INTO kern.admhnd (id,srt,partij,toelichtingontlening,tsreg) VALUES('10005','1','2000',null,'20100318');
INSERT INTO kern.admhnd (id,srt,partij,toelichtingontlening,tsreg) VALUES('10006','1','2000',null,'20100318');
INSERT INTO kern.admhnd (id,srt,partij,toelichtingontlening,tsreg) VALUES('10007','1','2000',null,'20100318');
INSERT INTO kern.admhnd (id,srt,partij,toelichtingontlening,tsreg) VALUES('10008','1','2000',null,'20100318');
INSERT INTO kern.admhnd (id,srt,partij,toelichtingontlening,tsreg) VALUES('10009','1','2000',null,'20100318');
INSERT INTO kern.admhnd (id,srt,partij,toelichtingontlening,tsreg) VALUES('10010','1','2000',null,'20100318');
INSERT INTO kern.admhnd (id,srt,partij,toelichtingontlening,tsreg) VALUES('10011','1','2000',null,'20100318');
INSERT INTO kern.admhnd (id,srt,partij,toelichtingontlening,tsreg) VALUES('10012','1','2000',null,'20100318');
INSERT INTO kern.admhnd (id,srt,partij,toelichtingontlening,tsreg) VALUES('10013','1','2000',null,'20100318');
INSERT INTO kern.admhnd (id,srt,partij,toelichtingontlening,tsreg) VALUES('10014','1','2000',null,'20100318');
INSERT INTO kern.admhnd (id,srt,partij,toelichtingontlening,tsreg) VALUES('10015','1','2000',null,'20100318');
INSERT INTO kern.admhnd (id,srt,partij,toelichtingontlening,tsreg) VALUES('10016','1','2000',null,'20100318');
INSERT INTO kern.admhnd (id,srt,partij,toelichtingontlening,tsreg) VALUES('10017','1','2000',null,'20100318');
INSERT INTO kern.admhnd (id,srt,partij,toelichtingontlening,tsreg) VALUES('10018','1','2000',null,'20100318');
INSERT INTO kern.admhnd (id,srt,partij,toelichtingontlening,tsreg) VALUES('10019','1','2000',null,'20100318');
INSERT INTO kern.admhnd (id,srt,partij,toelichtingontlening,tsreg) VALUES('10020','1','2000',null,'20100318');
INSERT INTO kern.admhnd (id,srt,partij,toelichtingontlening,tsreg) VALUES('10021','1','2000',null,'20100318');
INSERT INTO kern.admhnd (id,srt,partij,toelichtingontlening,tsreg) VALUES('10022','1','2000',null,'20100318');
INSERT INTO kern.admhnd (id,srt,partij,toelichtingontlening,tsreg) VALUES('10023','1','2000',null,'20100318');
INSERT INTO kern.admhnd (id,srt,partij,toelichtingontlening,tsreg) VALUES('10024','1','2000',null,'20100318');
INSERT INTO kern.admhnd (id,srt,partij,toelichtingontlening,tsreg) VALUES('10025','1','2000',null,'20100318');
INSERT INTO kern.admhnd (id,srt,partij,toelichtingontlening,tsreg) VALUES('10026','1','2000',null,'20100318');
INSERT INTO kern.admhnd (id,srt,partij,toelichtingontlening,tsreg) VALUES('10027','1','2000',null,'20100318');
INSERT INTO kern.admhnd (id,srt,partij,toelichtingontlening,tsreg) VALUES('10028','1','2000',null,'20100318');
INSERT INTO kern.admhnd (id,srt,partij,toelichtingontlening,tsreg) VALUES('10029','1','2000',null,'20100318');
INSERT INTO kern.admhnd (id,srt,partij,toelichtingontlening,tsreg) VALUES('10030','1','2000',null,'20100318');
INSERT INTO kern.admhnd (id,srt,partij,toelichtingontlening,tsreg) VALUES('10031','1','2000',null,'20100318');
INSERT INTO kern.admhnd (id,srt,partij,toelichtingontlening,tsreg) VALUES('10032','1','2000',null,'20100318');
INSERT INTO kern.admhnd (id,srt,partij,toelichtingontlening,tsreg) VALUES('10033','1','2000',null,'20100318');
INSERT INTO kern.admhnd (id,srt,partij,toelichtingontlening,tsreg) VALUES('10034','1','2000',null,'20100318');
INSERT INTO kern.admhnd (id,srt,partij,toelichtingontlening,tsreg) VALUES('10035','1','2000',null,'20100318');
INSERT INTO kern.admhnd (id,srt,partij,toelichtingontlening,tsreg) VALUES('10036','1','2000',null,'20100318');
INSERT INTO kern.admhnd (id,srt,partij,toelichtingontlening,tsreg) VALUES('10037','1','2000',null,'20100318');
INSERT INTO kern.admhnd (id,srt,partij,toelichtingontlening,tsreg) VALUES('10038','1','2000',null,'20100318');
INSERT INTO kern.admhnd (id,srt,partij,toelichtingontlening,tsreg) VALUES('10039','1','2000',null,'20100318');
INSERT INTO kern.admhnd (id,srt,partij,toelichtingontlening,tsreg) VALUES('10040','1','2000',null,'20100318');
INSERT INTO kern.admhnd (id,srt,partij,toelichtingontlening,tsreg) VALUES('10041','1','2000',null,'20100318');
INSERT INTO kern.admhnd (id,srt,partij,toelichtingontlening,tsreg) VALUES('10042','1','2000',null,'20100318');
INSERT INTO kern.admhnd (id,srt,partij,toelichtingontlening,tsreg) VALUES('10043','1','2000',null,'20100318');
INSERT INTO kern.admhnd (id,srt,partij,toelichtingontlening,tsreg) VALUES('10044','1','2000',null,'20100318');
INSERT INTO kern.admhnd (id,srt,partij,toelichtingontlening,tsreg) VALUES('10045','1','2000',null,'20100318');
INSERT INTO kern.admhnd (id,srt,partij,toelichtingontlening,tsreg) VALUES('10500','1','2000',null,'20100318');
INSERT INTO kern.admhnd (id,srt,partij,toelichtingontlening,tsreg) VALUES('10501','18','2000',null,'20100318');
INSERT INTO kern.admhnd (id,srt,partij,toelichtingontlening,tsreg) VALUES('10502','18','2000',null,'20100318');
INSERT INTO kern.admhnd (id,srt,partij,toelichtingontlening,tsreg) VALUES('10503','18','2000',null,'20100318');
INSERT INTO kern.admhnd (id,srt,partij,toelichtingontlening,tsreg) VALUES('10504','18','2000',null,'20100318');
INSERT INTO kern.admhnd (id,srt,partij,toelichtingontlening,tsreg) VALUES('10505','18','2000',null,'20100318');
INSERT INTO kern.admhnd (id,srt,partij,toelichtingontlening,tsreg) VALUES('10506','35','2000',null,'20100318');
INSERT INTO kern.admhnd (id,srt,partij,toelichtingontlening,tsreg) VALUES('10624','66','2000',null,'20100318');
INSERT INTO kern.admhnd (id,srt,partij,toelichtingontlening,tsreg) VALUES('10625','66','2000',null,'20100318');
INSERT INTO kern.admhnd (id,srt,partij,toelichtingontlening,tsreg) VALUES('10626','1','2000',null,'20100318');
INSERT INTO kern.admhnd (id,srt,partij,toelichtingontlening,tsreg) VALUES('10627','1','2000',null,'20100318');
INSERT INTO kern.admhnd (id,srt,partij,toelichtingontlening,tsreg) VALUES('10628','6','2000',null,'20100318');
INSERT INTO kern.admhnd (id,srt,partij,toelichtingontlening,tsreg) VALUES('10629','37','2000',null,'20100318');
INSERT INTO kern.admhnd (id,srt,partij,toelichtingontlening,tsreg) VALUES('10630','18','2000',null,'20100318');
INSERT INTO kern.admhnd (id,srt,partij,toelichtingontlening,tsreg) VALUES('10631','18','2000',null,'20100318');
INSERT INTO kern.admhnd (id,srt,partij,toelichtingontlening,tsreg) VALUES('10632','18','2000',null,'20100318');
INSERT INTO kern.admhnd (id,srt,partij,toelichtingontlening,tsreg) VALUES('10633','18','2000',null,'20100318');
INSERT INTO kern.admhnd (id,srt,partij,toelichtingontlening,tsreg) VALUES('10634','1','2000',null,'20100318');
INSERT INTO kern.admhnd (id,srt,partij,toelichtingontlening,tsreg) VALUES('10635','1','2000',null,'20100318');
INSERT INTO kern.admhnd (id,srt,partij,toelichtingontlening,tsreg) VALUES('10636','1','2000',null,'20100318');
INSERT INTO kern.admhnd (id,srt,partij,toelichtingontlening,tsreg) VALUES('10637','18','2000',null,'20100318');
INSERT INTO kern.admhnd (id,srt,partij,toelichtingontlening,tsreg) VALUES('10638','1','2000',null,'20100318');
INSERT INTO kern.admhnd (id,srt,partij,toelichtingontlening,tsreg) VALUES('10639','18','2000',null,'20100318');
INSERT INTO kern.admhnd (id,srt,partij,toelichtingontlening,tsreg) VALUES('10640','18','2000',null,'20100318');
INSERT INTO kern.admhnd (id,srt,partij,toelichtingontlening,tsreg) VALUES('10641','35','2000',null,'20100318');
INSERT INTO kern.admhnd (id,srt,partij,toelichtingontlening,tsreg) VALUES('10642','37','2000',null,'20100318');
INSERT INTO kern.admhnd (id,srt,partij,toelichtingontlening,tsreg) VALUES('10643','35','2000',null,'20100318');
INSERT INTO kern.admhnd (id,srt,partij,toelichtingontlening,tsreg) VALUES('10644','37','2000',null,'20100318');
INSERT INTO kern.admhnd (id,srt,partij,toelichtingontlening,tsreg) VALUES('10645','35','2000',null,'20100318');
INSERT INTO kern.admhnd (id,srt,partij,toelichtingontlening,tsreg) VALUES('10646','18','2000',null,'20100318');
INSERT INTO kern.admhnd (id,srt,partij,toelichtingontlening,tsreg) VALUES('10647','18','2000',null,'20100318');
INSERT INTO kern.admhnd (id,srt,partij,toelichtingontlening,tsreg) VALUES('10648','35','2000',null,'20100318');
INSERT INTO kern.admhnd (id,srt,partij,toelichtingontlening,tsreg) VALUES('10649','37','2000',null,'20100318');
INSERT INTO kern.admhnd (id,srt,partij,toelichtingontlening,tsreg) VALUES('10650','6','2000',null,'20100318');
INSERT INTO kern.admhnd (id,srt,partij,toelichtingontlening,tsreg) VALUES('10651','6','2000',null,'20100318');
INSERT INTO kern.admhnd (id,srt,partij,toelichtingontlening,tsreg) VALUES('11000','30','2000',null,'20100318');
INSERT INTO kern.admhnd (id,srt,partij,toelichtingontlening,tsreg) VALUES('10999','30','2000',null,'20100318');
INSERT INTO kern.admhnd (id,srt,partij,toelichtingontlening,tsreg) VALUES('10998','30','2000',null,'20100318');
INSERT INTO kern.admhnd (id,srt,partij,toelichtingontlening,tsreg) VALUES('10997','30','2000',null,'20100318');
INSERT INTO kern.admhnd (id,srt,partij,toelichtingontlening,tsreg) VALUES('10996','30','2000',null,'20100318');
INSERT INTO kern.admhnd (id,srt,partij,toelichtingontlening,tsreg) VALUES('10995','30','2000',null,'20100318');
INSERT INTO kern.admhnd (id,srt,partij,toelichtingontlening,tsreg) VALUES('10994','30','2000',null,'20100318');
INSERT INTO kern.admhnd (id,srt,partij,toelichtingontlening,tsreg) VALUES('10993','30','2000',null,'20100318');
INSERT INTO kern.admhnd (id,srt,partij,toelichtingontlening,tsreg) VALUES('10992','30','2000',null,'20100318');
INSERT INTO kern.admhnd (id,srt,partij,toelichtingontlening,tsreg) VALUES('10991','30','2000',null,'20100318');
INSERT INTO kern.admhnd (id,srt,partij,toelichtingontlening,tsreg) VALUES('10990','30','2000',null,'20100318');
INSERT INTO kern.admhnd (id,srt,partij,toelichtingontlening,tsreg) VALUES('10989','30','2000',null,'20100318');
INSERT INTO kern.admhnd (id,srt,partij,toelichtingontlening,tsreg) VALUES('10988','30','2000',null,'20100318');
INSERT INTO kern.admhnd (id,srt,partij,toelichtingontlening,tsreg) VALUES('10987','30','2000',null,'20100318');
INSERT INTO kern.admhnd (id,srt,partij,toelichtingontlening,tsreg) VALUES('10986','30','2000',null,'20100318');
INSERT INTO kern.admhnd (id,srt,partij,toelichtingontlening,tsreg) VALUES('10985','30','2000',null,'20100318');
INSERT INTO kern.admhnd (id,srt,partij,toelichtingontlening,tsreg) VALUES('10984','30','2000',null,'20100318');
INSERT INTO kern.admhnd (id,srt,partij,toelichtingontlening,tsreg) VALUES('10983','30','2000',null,'20100318');
INSERT INTO kern.admhnd (id,srt,partij,toelichtingontlening,tsreg) VALUES('10982','30','2000',null,'20100318');
INSERT INTO kern.admhnd (id,srt,partij,toelichtingontlening,tsreg) VALUES('10981','30','2000',null,'20100318');
INSERT INTO kern.admhnd (id,srt,partij,toelichtingontlening,tsreg) VALUES('10980','30','2000',null,'20100318');
INSERT INTO kern.admhnd (id,srt,partij,toelichtingontlening,tsreg) VALUES('10979','30','2000',null,'20100318');
INSERT INTO kern.admhnd (id,srt,partij,toelichtingontlening,tsreg) VALUES('10978','30','2000',null,'20100318');
INSERT INTO kern.admhnd (id,srt,partij,toelichtingontlening,tsreg) VALUES('10977','30','2000',null,'20100318');
INSERT INTO kern.admhnd (id,srt,partij,toelichtingontlening,tsreg) VALUES('10976','30','2000',null,'20100318');
INSERT INTO kern.admhnd (id,srt,partij,toelichtingontlening,tsreg) VALUES('10975','30','2000',null,'20100318');
INSERT INTO kern.admhnd (id,srt,partij,toelichtingontlening,tsreg) VALUES('10974','30','2000',null,'20100318');
INSERT INTO kern.admhnd (id,srt,partij,toelichtingontlening,tsreg) VALUES('10973','30','2000',null,'20100318');
INSERT INTO kern.admhnd (id,srt,partij,toelichtingontlening,tsreg) VALUES('10972','30','2000',null,'20100318');
INSERT INTO kern.admhnd (id,srt,partij,toelichtingontlening,tsreg) VALUES('10971','30','2000',null,'20100318');
INSERT INTO kern.admhnd (id,srt,partij,toelichtingontlening,tsreg) VALUES('10970','30','2000',null,'20100318');
INSERT INTO kern.admhnd (id,srt,partij,toelichtingontlening,tsreg) VALUES('10969','30','2000',null,'20100318');
INSERT INTO kern.admhnd (id,srt,partij,toelichtingontlening,tsreg) VALUES('10968','30','2000',null,'20100318');
INSERT INTO kern.admhnd (id,srt,partij,toelichtingontlening,tsreg) VALUES('10967','30','2000',null,'20100318');
INSERT INTO kern.admhnd (id,srt,partij,toelichtingontlening,tsreg) VALUES('10966','30','2000',null,'20100318');
INSERT INTO kern.admhnd (id,srt,partij,toelichtingontlening,tsreg) VALUES('10965','30','2000',null,'20100318');
INSERT INTO kern.admhnd (id,srt,partij,toelichtingontlening,tsreg) VALUES('10964','30','2000',null,'20100318');
INSERT INTO kern.admhnd (id,srt,partij,toelichtingontlening,tsreg) VALUES('10963','30','2000',null,'20100318');
INSERT INTO kern.admhnd (id,srt,partij,toelichtingontlening,tsreg) VALUES('10962','30','2000',null,'20100318');
INSERT INTO kern.admhnd (id,srt,partij,toelichtingontlening,tsreg) VALUES('10961','30','2000',null,'20100318');
INSERT INTO kern.admhnd (id,srt,partij,toelichtingontlening,tsreg) VALUES('10960','30','2000',null,'20100318');
INSERT INTO kern.admhnd (id,srt,partij,toelichtingontlening,tsreg) VALUES('10959','30','2000',null,'20100318');
INSERT INTO kern.admhnd (id,srt,partij,toelichtingontlening,tsreg) VALUES('10958','30','2000',null,'20100318');
INSERT INTO kern.admhnd (id,srt,partij,toelichtingontlening,tsreg) VALUES('10957','30','2000',null,'20100318');
INSERT INTO kern.admhnd (id,srt,partij,toelichtingontlening,tsreg) VALUES('10956','30','2000',null,'20100318');
INSERT INTO kern.admhnd (id,srt,partij,toelichtingontlening,tsreg) VALUES('10955','30','2000',null,'20100318');
INSERT INTO kern.admhnd (id,srt,partij,toelichtingontlening,tsreg) VALUES('10954','30','2000',null,'20100318');
INSERT INTO kern.admhnd (id,srt,partij,toelichtingontlening,tsreg) VALUES('10953','30','2000',null,'20100318');
INSERT INTO kern.admhnd (id,srt,partij,toelichtingontlening,tsreg) VALUES('10952','30','2000',null,'20100318');
INSERT INTO kern.admhnd (id,srt,partij,toelichtingontlening,tsreg) VALUES('10951','30','2000',null,'20100318');
INSERT INTO kern.admhnd (id,srt,partij,toelichtingontlening,tsreg) VALUES('10950','30','2000',null,'20100318');
INSERT INTO kern.admhnd (id,srt,partij,toelichtingontlening,tsreg) VALUES('10949','30','2000',null,'20100318');
INSERT INTO kern.admhnd (id,srt,partij,toelichtingontlening,tsreg) VALUES('10948','30','2000',null,'20100318');
INSERT INTO kern.admhnd (id,srt,partij,toelichtingontlening,tsreg) VALUES('10947','30','2000',null,'20100318');
INSERT INTO kern.admhnd (id,srt,partij,toelichtingontlening,tsreg) VALUES('10946','30','2000',null,'20100318');
INSERT INTO kern.admhnd (id,srt,partij,toelichtingontlening,tsreg) VALUES('10945','30','2000',null,'20100318');
INSERT INTO kern.admhnd (id,srt,partij,toelichtingontlening,tsreg) VALUES('10944','30','2000',null,'20100318');
INSERT INTO kern.admhnd (id,srt,partij,toelichtingontlening,tsreg) VALUES('10943','30','2000',null,'20100318');
INSERT INTO kern.admhnd (id,srt,partij,toelichtingontlening,tsreg) VALUES('10942','30','2000',null,'20100318');
INSERT INTO kern.admhnd (id,srt,partij,toelichtingontlening,tsreg) VALUES('10941','30','2000',null,'20100318');
INSERT INTO kern.admhnd (id,srt,partij,toelichtingontlening,tsreg) VALUES('10940','30','2000',null,'20100318');
INSERT INTO kern.admhnd (id,srt,partij,toelichtingontlening,tsreg) VALUES('10939','30','2000',null,'20100318');
INSERT INTO kern.admhnd (id,srt,partij,toelichtingontlening,tsreg) VALUES('10938','30','2000',null,'20100318');
INSERT INTO kern.admhnd (id,srt,partij,toelichtingontlening,tsreg) VALUES('10937','30','2000',null,'20100318');
INSERT INTO kern.admhnd (id,srt,partij,toelichtingontlening,tsreg) VALUES('10936','30','2000',null,'20100318');
INSERT INTO kern.admhnd (id,srt,partij,toelichtingontlening,tsreg) VALUES('10935','30','2000',null,'20100318');
INSERT INTO kern.admhnd (id,srt,partij,toelichtingontlening,tsreg) VALUES('10934','30','2000',null,'20100318');
INSERT INTO kern.admhnd (id,srt,partij,toelichtingontlening,tsreg) VALUES('10933','30','2000',null,'20100318');
INSERT INTO kern.admhnd (id,srt,partij,toelichtingontlening,tsreg) VALUES('10932','30','2000',null,'20100318');
INSERT INTO kern.admhnd (id,srt,partij,toelichtingontlening,tsreg) VALUES('10931','30','2000',null,'20100318');
INSERT INTO kern.admhnd (id,srt,partij,toelichtingontlening,tsreg) VALUES('10930','30','2000',null,'20100318');
INSERT INTO kern.admhnd (id,srt,partij,toelichtingontlening,tsreg) VALUES('10929','30','2000',null,'20100318');
INSERT INTO kern.admhnd (id,srt,partij,toelichtingontlening,tsreg) VALUES('10928','30','2000',null,'20100318');
INSERT INTO kern.admhnd (id,srt,partij,toelichtingontlening,tsreg) VALUES('10927','30','2000',null,'20100318');
INSERT INTO kern.admhnd (id,srt,partij,toelichtingontlening,tsreg) VALUES('10926','30','2000',null,'20100318');
INSERT INTO kern.admhnd (id,srt,partij,toelichtingontlening,tsreg) VALUES('10925','30','2000',null,'20100318');
INSERT INTO kern.admhnd (id,srt,partij,toelichtingontlening,tsreg) VALUES('10924','30','2000',null,'20100318');
INSERT INTO kern.admhnd (id,srt,partij,toelichtingontlening,tsreg) VALUES('10923','30','2000',null,'20100318');
INSERT INTO kern.admhnd (id,srt,partij,toelichtingontlening,tsreg) VALUES('10922','30','2000',null,'20100318');
INSERT INTO kern.admhnd (id,srt,partij,toelichtingontlening,tsreg) VALUES('10921','30','2000',null,'20100318');
INSERT INTO kern.admhnd (id,srt,partij,toelichtingontlening,tsreg) VALUES('10920','30','2000',null,'20100318');
INSERT INTO kern.admhnd (id,srt,partij,toelichtingontlening,tsreg) VALUES('10919','30','2000',null,'20100318');
INSERT INTO kern.admhnd (id,srt,partij,toelichtingontlening,tsreg) VALUES('10918','30','2000',null,'20100318');
INSERT INTO kern.admhnd (id,srt,partij,toelichtingontlening,tsreg) VALUES('10917','30','2000',null,'20100318');
INSERT INTO kern.admhnd (id,srt,partij,toelichtingontlening,tsreg) VALUES('10916','30','2000',null,'20100318');
INSERT INTO kern.admhnd (id,srt,partij,toelichtingontlening,tsreg) VALUES('10915','30','2000',null,'20100318');
INSERT INTO kern.admhnd (id,srt,partij,toelichtingontlening,tsreg) VALUES('10914','30','2000',null,'20100318');
INSERT INTO kern.admhnd (id,srt,partij,toelichtingontlening,tsreg) VALUES('10913','30','2000',null,'20100318');
INSERT INTO kern.admhnd (id,srt,partij,toelichtingontlening,tsreg) VALUES('10912','30','2000',null,'20100318');
INSERT INTO kern.admhnd (id,srt,partij,toelichtingontlening,tsreg) VALUES('10911','30','2000',null,'20100318');
INSERT INTO kern.admhnd (id,srt,partij,toelichtingontlening,tsreg) VALUES('10910','30','2000',null,'20100318');
INSERT INTO kern.admhnd (id,srt,partij,toelichtingontlening,tsreg) VALUES('10909','30','2000',null,'20100318');
INSERT INTO kern.admhnd (id,srt,partij,toelichtingontlening,tsreg) VALUES('10908','30','2000',null,'20100318');
INSERT INTO kern.admhnd (id,srt,partij,toelichtingontlening,tsreg) VALUES('10907','30','2000',null,'20100318');
INSERT INTO kern.admhnd (id,srt,partij,toelichtingontlening,tsreg) VALUES('10906','30','2000',null,'20100318');
INSERT INTO kern.admhnd (id,srt,partij,toelichtingontlening,tsreg) VALUES('10905','30','2000',null,'20100318');
INSERT INTO kern.admhnd (id,srt,partij,toelichtingontlening,tsreg) VALUES('10904','30','2000',null,'20100318');
INSERT INTO kern.admhnd (id,srt,partij,toelichtingontlening,tsreg) VALUES('10903','30','2000',null,'20100318');
INSERT INTO kern.admhnd (id,srt,partij,toelichtingontlening,tsreg) VALUES('10902','30','2000',null,'20100318');
INSERT INTO kern.admhnd (id,srt,partij,toelichtingontlening,tsreg) VALUES('10901','30','2000',null,'20100318');
INSERT INTO kern.admhnd (id,srt,partij,toelichtingontlening,tsreg) VALUES('10900','30','2000',null,'20100318');
INSERT INTO kern.admhnd (id,srt,partij,toelichtingontlening,tsreg) VALUES('10899','30','2000',null,'20100318');
INSERT INTO kern.admhnd (id,srt,partij,toelichtingontlening,tsreg) VALUES('10898','30','2000',null,'20100318');
INSERT INTO kern.admhnd (id,srt,partij,toelichtingontlening,tsreg) VALUES('10897','30','2000',null,'20100318');
INSERT INTO kern.admhnd (id,srt,partij,toelichtingontlening,tsreg) VALUES('10896','30','2000',null,'20100318');
INSERT INTO kern.admhnd (id,srt,partij,toelichtingontlening,tsreg) VALUES('10895','30','2000',null,'20100318');
INSERT INTO kern.admhnd (id,srt,partij,toelichtingontlening,tsreg) VALUES('10894','30','2000',null,'20100318');
INSERT INTO kern.admhnd (id,srt,partij,toelichtingontlening,tsreg) VALUES('10893','30','2000',null,'20100318');
INSERT INTO kern.admhnd (id,srt,partij,toelichtingontlening,tsreg) VALUES('10892','30','2000',null,'20100318');
INSERT INTO kern.admhnd (id,srt,partij,toelichtingontlening,tsreg) VALUES('10891','30','2000',null,'20100318');
INSERT INTO kern.admhnd (id,srt,partij,toelichtingontlening,tsreg) VALUES('10890','30','2000',null,'20100318');
INSERT INTO kern.admhnd (id,srt,partij,toelichtingontlening,tsreg) VALUES('10889','30','2000',null,'20100318');
INSERT INTO kern.admhnd (id,srt,partij,toelichtingontlening,tsreg) VALUES('10888','30','2000',null,'20100318');
INSERT INTO kern.admhnd (id,srt,partij,toelichtingontlening,tsreg) VALUES('10887','30','2000',null,'20100318');
INSERT INTO kern.admhnd (id,srt,partij,toelichtingontlening,tsreg) VALUES('10886','30','2000',null,'20100318');
INSERT INTO kern.admhnd (id,srt,partij,toelichtingontlening,tsreg) VALUES('10885','30','2000',null,'20100318');
INSERT INTO kern.admhnd (id,srt,partij,toelichtingontlening,tsreg) VALUES('10884','30','2000',null,'20100318');
INSERT INTO kern.admhnd (id,srt,partij,toelichtingontlening,tsreg) VALUES('10883','30','2000',null,'20100318');
INSERT INTO kern.admhnd (id,srt,partij,toelichtingontlening,tsreg) VALUES('10882','30','2000',null,'20100318');
INSERT INTO kern.admhnd (id,srt,partij,toelichtingontlening,tsreg) VALUES('10881','30','2000',null,'20100318');
INSERT INTO kern.admhnd (id,srt,partij,toelichtingontlening,tsreg) VALUES('10880','30','2000',null,'20100318');
INSERT INTO kern.admhnd (id,srt,partij,toelichtingontlening,tsreg) VALUES('10879','30','2000',null,'20100318');
INSERT INTO kern.admhnd (id,srt,partij,toelichtingontlening,tsreg) VALUES('10878','30','2000',null,'20100318');
INSERT INTO kern.admhnd (id,srt,partij,toelichtingontlening,tsreg) VALUES('10877','30','2000',null,'20100318');
INSERT INTO kern.admhnd (id,srt,partij,toelichtingontlening,tsreg) VALUES('10876','30','2000',null,'20100318');
INSERT INTO kern.admhnd (id,srt,partij,toelichtingontlening,tsreg) VALUES('10875','30','2000',null,'20100318');
INSERT INTO kern.admhnd (id,srt,partij,toelichtingontlening,tsreg) VALUES('10874','30','2000',null,'20100318');
INSERT INTO kern.admhnd (id,srt,partij,toelichtingontlening,tsreg) VALUES('10873','30','2000',null,'20100318');
INSERT INTO kern.admhnd (id,srt,partij,toelichtingontlening,tsreg) VALUES('10872','30','2000',null,'20100318');
INSERT INTO kern.admhnd (id,srt,partij,toelichtingontlening,tsreg) VALUES('10871','30','2000',null,'20100318');
INSERT INTO kern.admhnd (id,srt,partij,toelichtingontlening,tsreg) VALUES('10870','30','2000',null,'20100318');
INSERT INTO kern.admhnd (id,srt,partij,toelichtingontlening,tsreg) VALUES('10869','30','2000',null,'20100318');
INSERT INTO kern.admhnd (id,srt,partij,toelichtingontlening,tsreg) VALUES('10868','30','2000',null,'20100318');
INSERT INTO kern.admhnd (id,srt,partij,toelichtingontlening,tsreg) VALUES('10867','30','2000',null,'20100318');
INSERT INTO kern.admhnd (id,srt,partij,toelichtingontlening,tsreg) VALUES('10866','30','2000',null,'20100318');
INSERT INTO kern.admhnd (id,srt,partij,toelichtingontlening,tsreg) VALUES('10865','30','2000',null,'20100318');
INSERT INTO kern.admhnd (id,srt,partij,toelichtingontlening,tsreg) VALUES('10864','30','2000',null,'20100318');
INSERT INTO kern.admhnd (id,srt,partij,toelichtingontlening,tsreg) VALUES('10863','30','2000',null,'20100318');
INSERT INTO kern.admhnd (id,srt,partij,toelichtingontlening,tsreg) VALUES('10862','30','2000',null,'20100318');
INSERT INTO kern.admhnd (id,srt,partij,toelichtingontlening,tsreg) VALUES('10861','30','2000',null,'20100318');
INSERT INTO kern.admhnd (id,srt,partij,toelichtingontlening,tsreg) VALUES('10860','30','2000',null,'20100318');
INSERT INTO kern.admhnd (id,srt,partij,toelichtingontlening,tsreg) VALUES('10859','30','2000',null,'20100318');
INSERT INTO kern.admhnd (id,srt,partij,toelichtingontlening,tsreg) VALUES('10858','30','2000',null,'20100318');
INSERT INTO kern.admhnd (id,srt,partij,toelichtingontlening,tsreg) VALUES('10857','30','2000',null,'20100318');
INSERT INTO kern.admhnd (id,srt,partij,toelichtingontlening,tsreg) VALUES('10856','30','2000',null,'20100318');
INSERT INTO kern.admhnd (id,srt,partij,toelichtingontlening,tsreg) VALUES('10855','30','2000',null,'20100318');
INSERT INTO kern.admhnd (id,srt,partij,toelichtingontlening,tsreg) VALUES('10854','30','2000',null,'20100318');
INSERT INTO kern.admhnd (id,srt,partij,toelichtingontlening,tsreg) VALUES('10853','30','2000',null,'20100318');
INSERT INTO kern.admhnd (id,srt,partij,toelichtingontlening,tsreg) VALUES('10852','30','2000',null,'20100318');
INSERT INTO kern.admhnd (id,srt,partij,toelichtingontlening,tsreg) VALUES('10851','30','2000',null,'20100318');
INSERT INTO kern.admhnd (id,srt,partij,toelichtingontlening,tsreg) VALUES('10850','30','2000',null,'20100318');
INSERT INTO kern.admhnd (id,srt,partij,toelichtingontlening,tsreg) VALUES('10849','30','2000',null,'20100318');
INSERT INTO kern.admhnd (id,srt,partij,toelichtingontlening,tsreg) VALUES('10848','30','2000',null,'20100318');
INSERT INTO kern.admhnd (id,srt,partij,toelichtingontlening,tsreg) VALUES('10847','30','2000',null,'20100318');
INSERT INTO kern.admhnd (id,srt,partij,toelichtingontlening,tsreg) VALUES('10846','30','2000',null,'20100318');
INSERT INTO kern.admhnd (id,srt,partij,toelichtingontlening,tsreg) VALUES('10845','30','2000',null,'20100318');
INSERT INTO kern.admhnd (id,srt,partij,toelichtingontlening,tsreg) VALUES('10844','30','2000',null,'20100318');
INSERT INTO kern.admhnd (id,srt,partij,toelichtingontlening,tsreg) VALUES('10843','30','2000',null,'20100318');
INSERT INTO kern.admhnd (id,srt,partij,toelichtingontlening,tsreg) VALUES('10842','30','2000',null,'20100318');
INSERT INTO kern.admhnd (id,srt,partij,toelichtingontlening,tsreg) VALUES('10841','30','2000',null,'20100318');
INSERT INTO kern.admhnd (id,srt,partij,toelichtingontlening,tsreg) VALUES('10840','30','2000',null,'20100318');
INSERT INTO kern.admhnd (id,srt,partij,toelichtingontlening,tsreg) VALUES('10839','30','2000',null,'20100318');
INSERT INTO kern.admhnd (id,srt,partij,toelichtingontlening,tsreg) VALUES('10838','30','2000',null,'20100318');
INSERT INTO kern.admhnd (id,srt,partij,toelichtingontlening,tsreg) VALUES('10837','30','2000',null,'20100318');
INSERT INTO kern.admhnd (id,srt,partij,toelichtingontlening,tsreg) VALUES('10836','30','2000',null,'20100318');
INSERT INTO kern.admhnd (id,srt,partij,toelichtingontlening,tsreg) VALUES('10835','30','2000',null,'20100318');
INSERT INTO kern.admhnd (id,srt,partij,toelichtingontlening,tsreg) VALUES('10834','30','2000',null,'20100318');
INSERT INTO kern.admhnd (id,srt,partij,toelichtingontlening,tsreg) VALUES('10833','30','2000',null,'20100318');
INSERT INTO kern.admhnd (id,srt,partij,toelichtingontlening,tsreg) VALUES('10832','30','2000',null,'20100318');
INSERT INTO kern.admhnd (id,srt,partij,toelichtingontlening,tsreg) VALUES('10831','30','2000',null,'20100318');
INSERT INTO kern.admhnd (id,srt,partij,toelichtingontlening,tsreg) VALUES('10830','30','2000',null,'20100318');
INSERT INTO kern.admhnd (id,srt,partij,toelichtingontlening,tsreg) VALUES('10829','30','2000',null,'20100318');
INSERT INTO kern.admhnd (id,srt,partij,toelichtingontlening,tsreg) VALUES('10828','30','2000',null,'20100318');
INSERT INTO kern.admhnd (id,srt,partij,toelichtingontlening,tsreg) VALUES('10827','30','2000',null,'20100318');
INSERT INTO kern.admhnd (id,srt,partij,toelichtingontlening,tsreg) VALUES('10826','30','2000',null,'20100318');
INSERT INTO kern.admhnd (id,srt,partij,toelichtingontlening,tsreg) VALUES('10825','30','2000',null,'20100318');
INSERT INTO kern.admhnd (id,srt,partij,toelichtingontlening,tsreg) VALUES('10824','30','2000',null,'20100318');
INSERT INTO kern.admhnd (id,srt,partij,toelichtingontlening,tsreg) VALUES('10823','30','2000',null,'20100318');
INSERT INTO kern.admhnd (id,srt,partij,toelichtingontlening,tsreg) VALUES('10822','30','2000',null,'20100318');
INSERT INTO kern.admhnd (id,srt,partij,toelichtingontlening,tsreg) VALUES('10821','30','2000',null,'20100318');
INSERT INTO kern.admhnd (id,srt,partij,toelichtingontlening,tsreg) VALUES('10820','30','2000',null,'20100318');
INSERT INTO kern.admhnd (id,srt,partij,toelichtingontlening,tsreg) VALUES('10819','30','2000',null,'20100318');
INSERT INTO kern.admhnd (id,srt,partij,toelichtingontlening,tsreg) VALUES('10818','30','2000',null,'20100318');
INSERT INTO kern.admhnd (id,srt,partij,toelichtingontlening,tsreg) VALUES('10817','30','2000',null,'20100318');
INSERT INTO kern.admhnd (id,srt,partij,toelichtingontlening,tsreg) VALUES('10816','30','2000',null,'20100318');
INSERT INTO kern.admhnd (id,srt,partij,toelichtingontlening,tsreg) VALUES('10815','30','2000',null,'20100318');
INSERT INTO kern.admhnd (id,srt,partij,toelichtingontlening,tsreg) VALUES('10814','30','2000',null,'20100318');
INSERT INTO kern.admhnd (id,srt,partij,toelichtingontlening,tsreg) VALUES('10813','30','2000',null,'20100318');
INSERT INTO kern.admhnd (id,srt,partij,toelichtingontlening,tsreg) VALUES('10812','30','2000',null,'20100318');
INSERT INTO kern.admhnd (id,srt,partij,toelichtingontlening,tsreg) VALUES('10811','30','2000',null,'20100318');

commit;


--------------------------------------------------
--- EIND
--- Sheet: (admhnd)
--- Handler: SheetHandlerImplSimpleInsert
--- Aantal: (270)
--------------------------------------------------
--------------------------------------------------
--- START
--- Sheet: (brp_actie)
--- Handler: SheetHandlerImplSimpleInsert
--------------------------------------------------

begin;

INSERT INTO kern.actie (id,srt,admhnd,partij,tsreg) VALUES('10001','1','10001','2000','19811002');
INSERT INTO kern.actie (id,srt,admhnd,partij,tsreg) VALUES('10002','1','10002','2000','19820528');
INSERT INTO kern.actie (id,srt,admhnd,partij,tsreg) VALUES('10003','1','10003','2000','19660302');
INSERT INTO kern.actie (id,srt,admhnd,partij,tsreg) VALUES('10004','1','10004','2000','19691227');
INSERT INTO kern.actie (id,srt,admhnd,partij,tsreg) VALUES('10005','1','10005','2000','19710717');
INSERT INTO kern.actie (id,srt,admhnd,partij,tsreg) VALUES('10006','1','10006','2000','19720928');
INSERT INTO kern.actie (id,srt,admhnd,partij,tsreg) VALUES('10007','1','10007','2000','19800616');
INSERT INTO kern.actie (id,srt,admhnd,partij,tsreg) VALUES('10008','1','10008','2000','19810418');
INSERT INTO kern.actie (id,srt,admhnd,partij,tsreg) VALUES('10009','1','10009','2000','20110516');
INSERT INTO kern.actie (id,srt,admhnd,partij,tsreg) VALUES('10010','1','10010','2000','19691231');
INSERT INTO kern.actie (id,srt,admhnd,partij,tsreg) VALUES('10011','1','10011','2000','19690516');
INSERT INTO kern.actie (id,srt,admhnd,partij,tsreg) VALUES('10012','1','10012','2000','19771210');
INSERT INTO kern.actie (id,srt,admhnd,partij,tsreg) VALUES('10013','1','10013','2000','19550602');
INSERT INTO kern.actie (id,srt,admhnd,partij,tsreg) VALUES('10014','1','10014','2000','19780611');
INSERT INTO kern.actie (id,srt,admhnd,partij,tsreg) VALUES('10015','1','10015','2000','19880425');
INSERT INTO kern.actie (id,srt,admhnd,partij,tsreg) VALUES('10016','1','10016','2000','19881210');
INSERT INTO kern.actie (id,srt,admhnd,partij,tsreg) VALUES('10017','1','10017','2000','19960523');
INSERT INTO kern.actie (id,srt,admhnd,partij,tsreg) VALUES('10018','1','10018','2000','19941005');
INSERT INTO kern.actie (id,srt,admhnd,partij,tsreg) VALUES('10019','1','10019','2000','19941005');
INSERT INTO kern.actie (id,srt,admhnd,partij,tsreg) VALUES('10020','1','10020','2000','19760103');
INSERT INTO kern.actie (id,srt,admhnd,partij,tsreg) VALUES('10021','1','10021','2000','19961003');
INSERT INTO kern.actie (id,srt,admhnd,partij,tsreg) VALUES('10022','1','10022','2000','19951003');
INSERT INTO kern.actie (id,srt,admhnd,partij,tsreg) VALUES('10023','1','10023','2000','19941003');
INSERT INTO kern.actie (id,srt,admhnd,partij,tsreg) VALUES('10024','1','10024','2000','19770401');
INSERT INTO kern.actie (id,srt,admhnd,partij,tsreg) VALUES('10025','1','10025','2000','19880611');
INSERT INTO kern.actie (id,srt,admhnd,partij,tsreg) VALUES('10026','1','10026','2000','19910721');
INSERT INTO kern.actie (id,srt,admhnd,partij,tsreg) VALUES('10027','1','10027','2000','19910911');
INSERT INTO kern.actie (id,srt,admhnd,partij,tsreg) VALUES('10028','1','10028','2000','19900722');
INSERT INTO kern.actie (id,srt,admhnd,partij,tsreg) VALUES('10029','1','10029','2000','19200430');
INSERT INTO kern.actie (id,srt,admhnd,partij,tsreg) VALUES('10030','1','10030','2000','19220419');
INSERT INTO kern.actie (id,srt,admhnd,partij,tsreg) VALUES('10031','1','10031','2000','19920219');
INSERT INTO kern.actie (id,srt,admhnd,partij,tsreg) VALUES('10032','1','10032','2000','19510923');
INSERT INTO kern.actie (id,srt,admhnd,partij,tsreg) VALUES('10033','1','10033','2000','19531116');
INSERT INTO kern.actie (id,srt,admhnd,partij,tsreg) VALUES('10034','1','10034','2000','19390402');
INSERT INTO kern.actie (id,srt,admhnd,partij,tsreg) VALUES('10035','1','10035','2000','19841203');
INSERT INTO kern.actie (id,srt,admhnd,partij,tsreg) VALUES('10036','1','10036','2000','19851011');
INSERT INTO kern.actie (id,srt,admhnd,partij,tsreg) VALUES('10037','1','10037','2000','20050112');
INSERT INTO kern.actie (id,srt,admhnd,partij,tsreg) VALUES('10038','1','10038','2000','20051201');
INSERT INTO kern.actie (id,srt,admhnd,partij,tsreg) VALUES('10039','1','10039','2000','20050112');
INSERT INTO kern.actie (id,srt,admhnd,partij,tsreg) VALUES('10040','1','10040','2000','20051201');
INSERT INTO kern.actie (id,srt,admhnd,partij,tsreg) VALUES('10041','1','10041','2000','19680809');
INSERT INTO kern.actie (id,srt,admhnd,partij,tsreg) VALUES('10042','1','10042','2000','19580921');
INSERT INTO kern.actie (id,srt,admhnd,partij,tsreg) VALUES('10043','1','10043','2000','19951004');
INSERT INTO kern.actie (id,srt,admhnd,partij,tsreg) VALUES('10044','1','10044','2000','20051201');
INSERT INTO kern.actie (id,srt,admhnd,partij,tsreg) VALUES('10045','1','10045','2000','20050112');
INSERT INTO kern.actie (id,srt,admhnd,partij,tsreg) VALUES('10500','1','10500','2000','20031226');
INSERT INTO kern.actie (id,srt,admhnd,partij,tsreg) VALUES('10501','32','10501','2000','20030327');
INSERT INTO kern.actie (id,srt,admhnd,partij,tsreg) VALUES('10502','32','10502','2000','19901111');
INSERT INTO kern.actie (id,srt,admhnd,partij,tsreg) VALUES('10503','32','10503','2000','19970605');
INSERT INTO kern.actie (id,srt,admhnd,partij,tsreg) VALUES('10504','32','10504','2000','20031024');
INSERT INTO kern.actie (id,srt,admhnd,partij,tsreg) VALUES('10505','32','10505','2000','19960304');
INSERT INTO kern.actie (id,srt,admhnd,partij,tsreg) VALUES('10506','16','10506','2000','20111111');
INSERT INTO kern.actie (id,srt,admhnd,partij,tsreg) VALUES('10624','10','10624','2000','19800101');
INSERT INTO kern.actie (id,srt,admhnd,partij,tsreg) VALUES('10625','10','10625','2000','19900501');
INSERT INTO kern.actie (id,srt,admhnd,partij,tsreg) VALUES('10626','1','10626','2000','19900722');
INSERT INTO kern.actie (id,srt,admhnd,partij,tsreg) VALUES('10627','1','10627','2000','19910911');
INSERT INTO kern.actie (id,srt,admhnd,partij,tsreg) VALUES('10628','23','10628','2000','20001022');
INSERT INTO kern.actie (id,srt,admhnd,partij,tsreg) VALUES('10629','7','10629','2000','20050103');
INSERT INTO kern.actie (id,srt,admhnd,partij,tsreg) VALUES('10630','32','10630','2000','19800610');
INSERT INTO kern.actie (id,srt,admhnd,partij,tsreg) VALUES('10631','32','10631','2000','19810425');
INSERT INTO kern.actie (id,srt,admhnd,partij,tsreg) VALUES('10632','32','10632','2000','19760701');
INSERT INTO kern.actie (id,srt,admhnd,partij,tsreg) VALUES('10633','32','10633','2000','20060315');
INSERT INTO kern.actie (id,srt,admhnd,partij,tsreg) VALUES('10634','1','10634','2000','20050112');
INSERT INTO kern.actie (id,srt,admhnd,partij,tsreg) VALUES('10635','1','10635','2000','20051201');
INSERT INTO kern.actie (id,srt,admhnd,partij,tsreg) VALUES('10636','1','10636','2000','19951003');
INSERT INTO kern.actie (id,srt,admhnd,partij,tsreg) VALUES('10637','32','10637','2000','20031010');
INSERT INTO kern.actie (id,srt,admhnd,partij,tsreg) VALUES('10638','1','10638','2000','20050112');
INSERT INTO kern.actie (id,srt,admhnd,partij,tsreg) VALUES('10639','32','10639','2000','20120101');
INSERT INTO kern.actie (id,srt,admhnd,partij,tsreg) VALUES('10640','32','10640','2000','20120209');
INSERT INTO kern.actie (id,srt,admhnd,partij,tsreg) VALUES('10641','16','10641','2000','20120103');
INSERT INTO kern.actie (id,srt,admhnd,partij,tsreg) VALUES('10642','7','10642','2000','20120105');
INSERT INTO kern.actie (id,srt,admhnd,partij,tsreg) VALUES('10643','16','10643','2000','20120103');
INSERT INTO kern.actie (id,srt,admhnd,partij,tsreg) VALUES('10644','7','10644','2000','20120605');
INSERT INTO kern.actie (id,srt,admhnd,partij,tsreg) VALUES('10645','16','10645','2000','20120605');
INSERT INTO kern.actie (id,srt,admhnd,partij,tsreg) VALUES('10646','32','10646','2000','20030328');
INSERT INTO kern.actie (id,srt,admhnd,partij,tsreg) VALUES('10647','32','10647','2000','20030328');
INSERT INTO kern.actie (id,srt,admhnd,partij,tsreg) VALUES('10648','16','10648','2000','20120208');
INSERT INTO kern.actie (id,srt,admhnd,partij,tsreg) VALUES('10649','7','10649','2000','20120210');
INSERT INTO kern.actie (id,srt,admhnd,partij,tsreg) VALUES('10650','12','10650','2000','20120101');
INSERT INTO kern.actie (id,srt,admhnd,partij,tsreg) VALUES('10651','12','10651','2000','20120101');
INSERT INTO kern.actie (id,srt,admhnd,partij,tsreg) VALUES('11000','18','11000','2000','20050328');
INSERT INTO kern.actie (id,srt,admhnd,partij,tsreg) VALUES('10999','18','10999','2000','20050328');
INSERT INTO kern.actie (id,srt,admhnd,partij,tsreg) VALUES('10998','18','10998','2000','20030327');
INSERT INTO kern.actie (id,srt,admhnd,partij,tsreg) VALUES('10997','18','10997','2000','20030327');
INSERT INTO kern.actie (id,srt,admhnd,partij,tsreg) VALUES('10996','18','10996','2000','19811002');
INSERT INTO kern.actie (id,srt,admhnd,partij,tsreg) VALUES('10995','18','10995','2000','20050328');
INSERT INTO kern.actie (id,srt,admhnd,partij,tsreg) VALUES('10994','18','10994','2000','20050328');
INSERT INTO kern.actie (id,srt,admhnd,partij,tsreg) VALUES('10993','18','10993','2000','20030327');
INSERT INTO kern.actie (id,srt,admhnd,partij,tsreg) VALUES('10992','18','10992','2000','20030327');
INSERT INTO kern.actie (id,srt,admhnd,partij,tsreg) VALUES('10991','18','10991','2000','19820528');
INSERT INTO kern.actie (id,srt,admhnd,partij,tsreg) VALUES('10990','18','10990','2000','19901201');
INSERT INTO kern.actie (id,srt,admhnd,partij,tsreg) VALUES('10989','18','10989','2000','19901201');
INSERT INTO kern.actie (id,srt,admhnd,partij,tsreg) VALUES('10988','18','10988','2000','19901111');
INSERT INTO kern.actie (id,srt,admhnd,partij,tsreg) VALUES('10987','18','10987','2000','19901111');
INSERT INTO kern.actie (id,srt,admhnd,partij,tsreg) VALUES('10986','18','10986','2000','19660302');
INSERT INTO kern.actie (id,srt,admhnd,partij,tsreg) VALUES('10985','18','10985','2000','19901201');
INSERT INTO kern.actie (id,srt,admhnd,partij,tsreg) VALUES('10984','18','10984','2000','19901201');
INSERT INTO kern.actie (id,srt,admhnd,partij,tsreg) VALUES('10983','18','10983','2000','19901111');
INSERT INTO kern.actie (id,srt,admhnd,partij,tsreg) VALUES('10982','18','10982','2000','19901111');
INSERT INTO kern.actie (id,srt,admhnd,partij,tsreg) VALUES('10981','18','10981','2000','19691227');
INSERT INTO kern.actie (id,srt,admhnd,partij,tsreg) VALUES('10980','18','10980','2000','19981201');
INSERT INTO kern.actie (id,srt,admhnd,partij,tsreg) VALUES('10979','18','10979','2000','19981201');
INSERT INTO kern.actie (id,srt,admhnd,partij,tsreg) VALUES('10978','18','10978','2000','19970605');
INSERT INTO kern.actie (id,srt,admhnd,partij,tsreg) VALUES('10977','18','10977','2000','19970605');
INSERT INTO kern.actie (id,srt,admhnd,partij,tsreg) VALUES('10976','18','10976','2000','19710717');
INSERT INTO kern.actie (id,srt,admhnd,partij,tsreg) VALUES('10975','18','10975','2000','19981201');
INSERT INTO kern.actie (id,srt,admhnd,partij,tsreg) VALUES('10974','18','10974','2000','19981201');
INSERT INTO kern.actie (id,srt,admhnd,partij,tsreg) VALUES('10973','18','10973','2000','19970605');
INSERT INTO kern.actie (id,srt,admhnd,partij,tsreg) VALUES('10972','18','10972','2000','19970605');
INSERT INTO kern.actie (id,srt,admhnd,partij,tsreg) VALUES('10971','18','10971','2000','19720928');
INSERT INTO kern.actie (id,srt,admhnd,partij,tsreg) VALUES('10970','18','10970','2000','20110205');
INSERT INTO kern.actie (id,srt,admhnd,partij,tsreg) VALUES('10969','18','10969','2000','20110205');
INSERT INTO kern.actie (id,srt,admhnd,partij,tsreg) VALUES('10968','18','10968','2000','20031024');
INSERT INTO kern.actie (id,srt,admhnd,partij,tsreg) VALUES('10967','18','10967','2000','20031024');
INSERT INTO kern.actie (id,srt,admhnd,partij,tsreg) VALUES('10966','18','10966','2000','19800616');
INSERT INTO kern.actie (id,srt,admhnd,partij,tsreg) VALUES('10965','18','10965','2000','20110205');
INSERT INTO kern.actie (id,srt,admhnd,partij,tsreg) VALUES('10964','18','10964','2000','20110205');
INSERT INTO kern.actie (id,srt,admhnd,partij,tsreg) VALUES('10963','18','10963','2000','20031024');
INSERT INTO kern.actie (id,srt,admhnd,partij,tsreg) VALUES('10962','18','10962','2000','20031024');
INSERT INTO kern.actie (id,srt,admhnd,partij,tsreg) VALUES('10961','18','10961','2000','19810418');
INSERT INTO kern.actie (id,srt,admhnd,partij,tsreg) VALUES('10960','18','10960','2000','20110205');
INSERT INTO kern.actie (id,srt,admhnd,partij,tsreg) VALUES('10959','18','10959','2000','20110205');
INSERT INTO kern.actie (id,srt,admhnd,partij,tsreg) VALUES('10958','18','10958','2000','20031226');
INSERT INTO kern.actie (id,srt,admhnd,partij,tsreg) VALUES('10957','18','10957','2000','20090928');
INSERT INTO kern.actie (id,srt,admhnd,partij,tsreg) VALUES('10956','18','10956','2000','20090928');
INSERT INTO kern.actie (id,srt,admhnd,partij,tsreg) VALUES('10955','18','10955','2000','19960304');
INSERT INTO kern.actie (id,srt,admhnd,partij,tsreg) VALUES('10954','18','10954','2000','19960304');
INSERT INTO kern.actie (id,srt,admhnd,partij,tsreg) VALUES('10953','18','10953','2000','19691231');
INSERT INTO kern.actie (id,srt,admhnd,partij,tsreg) VALUES('10952','18','10952','2000','20090928');
INSERT INTO kern.actie (id,srt,admhnd,partij,tsreg) VALUES('10951','18','10951','2000','20090928');
INSERT INTO kern.actie (id,srt,admhnd,partij,tsreg) VALUES('10950','18','10950','2000','19960304');
INSERT INTO kern.actie (id,srt,admhnd,partij,tsreg) VALUES('10949','18','10949','2000','19960304');
INSERT INTO kern.actie (id,srt,admhnd,partij,tsreg) VALUES('10948','18','10948','2000','19690516');
INSERT INTO kern.actie (id,srt,admhnd,partij,tsreg) VALUES('10947','18','10947','2000','20000228');
INSERT INTO kern.actie (id,srt,admhnd,partij,tsreg) VALUES('10946','18','10946','2000','20000228');
INSERT INTO kern.actie (id,srt,admhnd,partij,tsreg) VALUES('10945','18','10945','2000','19771210');
INSERT INTO kern.actie (id,srt,admhnd,partij,tsreg) VALUES('10944','18','10944','2000','19920508');
INSERT INTO kern.actie (id,srt,admhnd,partij,tsreg) VALUES('10943','18','10943','2000','19920508');
INSERT INTO kern.actie (id,srt,admhnd,partij,tsreg) VALUES('10942','18','10942','2000','19550602');
INSERT INTO kern.actie (id,srt,admhnd,partij,tsreg) VALUES('10941','18','10941','2000','19780611');
INSERT INTO kern.actie (id,srt,admhnd,partij,tsreg) VALUES('10940','18','10940','2000','20110425');
INSERT INTO kern.actie (id,srt,admhnd,partij,tsreg) VALUES('10939','18','10939','2000','20110425');
INSERT INTO kern.actie (id,srt,admhnd,partij,tsreg) VALUES('10938','18','10938','2000','19880425');
INSERT INTO kern.actie (id,srt,admhnd,partij,tsreg) VALUES('10937','18','10937','2000','20100626');
INSERT INTO kern.actie (id,srt,admhnd,partij,tsreg) VALUES('10936','18','10936','2000','20100626');
INSERT INTO kern.actie (id,srt,admhnd,partij,tsreg) VALUES('10935','18','10935','2000','19880425');
INSERT INTO kern.actie (id,srt,admhnd,partij,tsreg) VALUES('10934','18','10934','2000','19880425');
INSERT INTO kern.actie (id,srt,admhnd,partij,tsreg) VALUES('10933','18','10933','2000','18991210');
INSERT INTO kern.actie (id,srt,admhnd,partij,tsreg) VALUES('10932','18','10932','2000','20030327');
INSERT INTO kern.actie (id,srt,admhnd,partij,tsreg) VALUES('10931','18','10931','2000','20030327');
INSERT INTO kern.actie (id,srt,admhnd,partij,tsreg) VALUES('10930','18','10930','2000','19820523');
INSERT INTO kern.actie (id,srt,admhnd,partij,tsreg) VALUES('10929','18','10929','2000','19911002');
INSERT INTO kern.actie (id,srt,admhnd,partij,tsreg) VALUES('10928','18','10928','2000','19911002');
INSERT INTO kern.actie (id,srt,admhnd,partij,tsreg) VALUES('10927','18','10927','2000','19840411');
INSERT INTO kern.actie (id,srt,admhnd,partij,tsreg) VALUES('10926','18','10926','2000','19901111');
INSERT INTO kern.actie (id,srt,admhnd,partij,tsreg) VALUES('10925','18','10925','2000','19901111');
INSERT INTO kern.actie (id,srt,admhnd,partij,tsreg) VALUES('10924','18','10924','2000','19741026');
INSERT INTO kern.actie (id,srt,admhnd,partij,tsreg) VALUES('10923','18','10923','2000','19820528');
INSERT INTO kern.actie (id,srt,admhnd,partij,tsreg) VALUES('10922','18','10922','2000','19820528');
INSERT INTO kern.actie (id,srt,admhnd,partij,tsreg) VALUES('10921','18','10921','2000','19760103');
INSERT INTO kern.actie (id,srt,admhnd,partij,tsreg) VALUES('10920','18','10920','2000','20010328');
INSERT INTO kern.actie (id,srt,admhnd,partij,tsreg) VALUES('10919','18','10919','2000','20010328');
INSERT INTO kern.actie (id,srt,admhnd,partij,tsreg) VALUES('10918','18','10918','2000','19920516');
INSERT INTO kern.actie (id,srt,admhnd,partij,tsreg) VALUES('10917','18','10917','2000','20101002');
INSERT INTO kern.actie (id,srt,admhnd,partij,tsreg) VALUES('10916','18','10916','2000','20101002');
INSERT INTO kern.actie (id,srt,admhnd,partij,tsreg) VALUES('10915','18','10915','2000','19951110');
INSERT INTO kern.actie (id,srt,admhnd,partij,tsreg) VALUES('10914','18','10914','2000','19970605');
INSERT INTO kern.actie (id,srt,admhnd,partij,tsreg) VALUES('10913','18','10913','2000','19970605');
INSERT INTO kern.actie (id,srt,admhnd,partij,tsreg) VALUES('10912','18','10912','2000','19680310');
INSERT INTO kern.actie (id,srt,admhnd,partij,tsreg) VALUES('10911','18','10911','2000','19790928');
INSERT INTO kern.actie (id,srt,admhnd,partij,tsreg) VALUES('10910','18','10910','2000','19790928');
INSERT INTO kern.actie (id,srt,admhnd,partij,tsreg) VALUES('10909','18','10909','2000','19770401');
INSERT INTO kern.actie (id,srt,admhnd,partij,tsreg) VALUES('10908','18','10908','2000','19950929');
INSERT INTO kern.actie (id,srt,admhnd,partij,tsreg) VALUES('10907','18','10907','2000','19950929');
INSERT INTO kern.actie (id,srt,admhnd,partij,tsreg) VALUES('10906','18','10906','2000','19880611');
INSERT INTO kern.actie (id,srt,admhnd,partij,tsreg) VALUES('10905','18','10905','2000','20000101');
INSERT INTO kern.actie (id,srt,admhnd,partij,tsreg) VALUES('10904','18','10904','2000','20000101');
INSERT INTO kern.actie (id,srt,admhnd,partij,tsreg) VALUES('10903','18','10903','2000','19910721');
INSERT INTO kern.actie (id,srt,admhnd,partij,tsreg) VALUES('10902','18','10902','2000','20031024');
INSERT INTO kern.actie (id,srt,admhnd,partij,tsreg) VALUES('10901','18','10901','2000','20031024');
INSERT INTO kern.actie (id,srt,admhnd,partij,tsreg) VALUES('10900','18','10900','2000','19910911');
INSERT INTO kern.actie (id,srt,admhnd,partij,tsreg) VALUES('10899','18','10899','2000','19990616');
INSERT INTO kern.actie (id,srt,admhnd,partij,tsreg) VALUES('10898','18','10898','2000','19990616');
INSERT INTO kern.actie (id,srt,admhnd,partij,tsreg) VALUES('10897','18','10897','2000','19900722');
INSERT INTO kern.actie (id,srt,admhnd,partij,tsreg) VALUES('10896','18','10896','2000','20120620');
INSERT INTO kern.actie (id,srt,admhnd,partij,tsreg) VALUES('10895','18','10895','2000','20120620');
INSERT INTO kern.actie (id,srt,admhnd,partij,tsreg) VALUES('10894','18','10894','2000','20091201');
INSERT INTO kern.actie (id,srt,admhnd,partij,tsreg) VALUES('10893','18','10893','2000','20091201');
INSERT INTO kern.actie (id,srt,admhnd,partij,tsreg) VALUES('10892','18','10892','2000','20060201');
INSERT INTO kern.actie (id,srt,admhnd,partij,tsreg) VALUES('10891','18','10891','2000','20060201');
INSERT INTO kern.actie (id,srt,admhnd,partij,tsreg) VALUES('10890','18','10890','2000','19220419');
INSERT INTO kern.actie (id,srt,admhnd,partij,tsreg) VALUES('10889','18','10889','2000','20120306');
INSERT INTO kern.actie (id,srt,admhnd,partij,tsreg) VALUES('10888','18','10888','2000','20120306');
INSERT INTO kern.actie (id,srt,admhnd,partij,tsreg) VALUES('10887','18','10887','2000','20010926');
INSERT INTO kern.actie (id,srt,admhnd,partij,tsreg) VALUES('10886','18','10886','2000','20010926');
INSERT INTO kern.actie (id,srt,admhnd,partij,tsreg) VALUES('10885','18','10885','2000','20000827');
INSERT INTO kern.actie (id,srt,admhnd,partij,tsreg) VALUES('10884','18','10884','2000','20000827');
INSERT INTO kern.actie (id,srt,admhnd,partij,tsreg) VALUES('10883','18','10883','2000','19920219');
INSERT INTO kern.actie (id,srt,admhnd,partij,tsreg) VALUES('10882','18','10882','2000','20120621');
INSERT INTO kern.actie (id,srt,admhnd,partij,tsreg) VALUES('10881','18','10881','2000','20120621');
INSERT INTO kern.actie (id,srt,admhnd,partij,tsreg) VALUES('10880','18','10880','2000','20010301');
INSERT INTO kern.actie (id,srt,admhnd,partij,tsreg) VALUES('10879','18','10879','2000','20010301');
INSERT INTO kern.actie (id,srt,admhnd,partij,tsreg) VALUES('10878','18','10878','2000','19670601');
INSERT INTO kern.actie (id,srt,admhnd,partij,tsreg) VALUES('10877','18','10877','2000','19670601');
INSERT INTO kern.actie (id,srt,admhnd,partij,tsreg) VALUES('10876','18','10876','2000','19510923');
INSERT INTO kern.actie (id,srt,admhnd,partij,tsreg) VALUES('10875','18','10875','2000','20120621');
INSERT INTO kern.actie (id,srt,admhnd,partij,tsreg) VALUES('10874','18','10874','2000','20120621');
INSERT INTO kern.actie (id,srt,admhnd,partij,tsreg) VALUES('10873','18','10873','2000','20010301');
INSERT INTO kern.actie (id,srt,admhnd,partij,tsreg) VALUES('10872','18','10872','2000','20010301');
INSERT INTO kern.actie (id,srt,admhnd,partij,tsreg) VALUES('10871','18','10871','2000','19670601');
INSERT INTO kern.actie (id,srt,admhnd,partij,tsreg) VALUES('10870','18','10870','2000','19670601');
INSERT INTO kern.actie (id,srt,admhnd,partij,tsreg) VALUES('10869','18','10869','2000','19531116');
INSERT INTO kern.actie (id,srt,admhnd,partij,tsreg) VALUES('10868','18','10868','2000','20090701');
INSERT INTO kern.actie (id,srt,admhnd,partij,tsreg) VALUES('10867','18','10867','2000','20090701');
INSERT INTO kern.actie (id,srt,admhnd,partij,tsreg) VALUES('10866','18','10866','2000','20080218');
INSERT INTO kern.actie (id,srt,admhnd,partij,tsreg) VALUES('10865','18','10865','2000','20080218');
INSERT INTO kern.actie (id,srt,admhnd,partij,tsreg) VALUES('10864','18','10864','2000','20070406');
INSERT INTO kern.actie (id,srt,admhnd,partij,tsreg) VALUES('10863','18','10863','2000','20070406');
INSERT INTO kern.actie (id,srt,admhnd,partij,tsreg) VALUES('10862','18','10862','2000','19390402');
INSERT INTO kern.actie (id,srt,admhnd,partij,tsreg) VALUES('10861','18','10861','2000','20090301');
INSERT INTO kern.actie (id,srt,admhnd,partij,tsreg) VALUES('10860','18','10860','2000','20090301');
INSERT INTO kern.actie (id,srt,admhnd,partij,tsreg) VALUES('10859','18','10859','2000','20081101');
INSERT INTO kern.actie (id,srt,admhnd,partij,tsreg) VALUES('10858','18','10858','2000','20081101');
INSERT INTO kern.actie (id,srt,admhnd,partij,tsreg) VALUES('10857','18','10857','2000','20050101');
INSERT INTO kern.actie (id,srt,admhnd,partij,tsreg) VALUES('10856','18','10856','2000','20050101');
INSERT INTO kern.actie (id,srt,admhnd,partij,tsreg) VALUES('10855','18','10855','2000','19841203');
INSERT INTO kern.actie (id,srt,admhnd,partij,tsreg) VALUES('10854','18','10854','2000','20090301');
INSERT INTO kern.actie (id,srt,admhnd,partij,tsreg) VALUES('10853','18','10853','2000','20090301');
INSERT INTO kern.actie (id,srt,admhnd,partij,tsreg) VALUES('10852','18','10852','2000','20081101');
INSERT INTO kern.actie (id,srt,admhnd,partij,tsreg) VALUES('10851','18','10851','2000','20081101');
INSERT INTO kern.actie (id,srt,admhnd,partij,tsreg) VALUES('10850','18','10850','2000','20050101');
INSERT INTO kern.actie (id,srt,admhnd,partij,tsreg) VALUES('10849','18','10849','2000','20050101');
INSERT INTO kern.actie (id,srt,admhnd,partij,tsreg) VALUES('10848','18','10848','2000','19851011');
INSERT INTO kern.actie (id,srt,admhnd,partij,tsreg) VALUES('10847','18','10847','2000','20090301');
INSERT INTO kern.actie (id,srt,admhnd,partij,tsreg) VALUES('10846','18','10846','2000','20090301');
INSERT INTO kern.actie (id,srt,admhnd,partij,tsreg) VALUES('10845','18','10845','2000','20081101');
INSERT INTO kern.actie (id,srt,admhnd,partij,tsreg) VALUES('10844','18','10844','2000','20081101');
INSERT INTO kern.actie (id,srt,admhnd,partij,tsreg) VALUES('10843','18','10843','2000','20050112');
INSERT INTO kern.actie (id,srt,admhnd,partij,tsreg) VALUES('10842','18','10842','2000','20090301');
INSERT INTO kern.actie (id,srt,admhnd,partij,tsreg) VALUES('10841','18','10841','2000','20090301');
INSERT INTO kern.actie (id,srt,admhnd,partij,tsreg) VALUES('10840','18','10840','2000','20081101');
INSERT INTO kern.actie (id,srt,admhnd,partij,tsreg) VALUES('10839','18','10839','2000','20081101');
INSERT INTO kern.actie (id,srt,admhnd,partij,tsreg) VALUES('10838','18','10838','2000','20051201');
INSERT INTO kern.actie (id,srt,admhnd,partij,tsreg) VALUES('10837','18','10837','2000','20120522');
INSERT INTO kern.actie (id,srt,admhnd,partij,tsreg) VALUES('10836','18','10836','2000','20120522');
INSERT INTO kern.actie (id,srt,admhnd,partij,tsreg) VALUES('10835','18','10835','2000','20111201');
INSERT INTO kern.actie (id,srt,admhnd,partij,tsreg) VALUES('10834','18','10834','2000','20111201');
INSERT INTO kern.actie (id,srt,admhnd,partij,tsreg) VALUES('10833','18','10833','2000','20101201');
INSERT INTO kern.actie (id,srt,admhnd,partij,tsreg) VALUES('10832','18','10832','2000','20101201');
INSERT INTO kern.actie (id,srt,admhnd,partij,tsreg) VALUES('10831','18','10831','2000','19910315');
INSERT INTO kern.actie (id,srt,admhnd,partij,tsreg) VALUES('10830','18','10830','2000','20010517');
INSERT INTO kern.actie (id,srt,admhnd,partij,tsreg) VALUES('10829','18','10829','2000','20090201');
INSERT INTO kern.actie (id,srt,admhnd,partij,tsreg) VALUES('10828','18','10828','2000','20090201');
INSERT INTO kern.actie (id,srt,admhnd,partij,tsreg) VALUES('10827','18','10827','2000','20060523');
INSERT INTO kern.actie (id,srt,admhnd,partij,tsreg) VALUES('10826','18','10826','2000','20060523');
INSERT INTO kern.actie (id,srt,admhnd,partij,tsreg) VALUES('10825','18','10825','2000','20040819');
INSERT INTO kern.actie (id,srt,admhnd,partij,tsreg) VALUES('10824','18','10824','2000','20040819');
INSERT INTO kern.actie (id,srt,admhnd,partij,tsreg) VALUES('10823','18','10823','2000','20010517');
INSERT INTO kern.actie (id,srt,admhnd,partij,tsreg) VALUES('10822','18','10822','2000','20010328');
INSERT INTO kern.actie (id,srt,admhnd,partij,tsreg) VALUES('10821','18','10821','2000','20010328');
INSERT INTO kern.actie (id,srt,admhnd,partij,tsreg) VALUES('10820','18','10820','2000','19580921');
INSERT INTO kern.actie (id,srt,admhnd,partij,tsreg) VALUES('10819','18','10819','2000','19820528');
INSERT INTO kern.actie (id,srt,admhnd,partij,tsreg) VALUES('10818','18','10818','2000','19820528');
INSERT INTO kern.actie (id,srt,admhnd,partij,tsreg) VALUES('10817','18','10817','2000','19590922');
INSERT INTO kern.actie (id,srt,admhnd,partij,tsreg) VALUES('10816','18','10816','2000','20010328');
INSERT INTO kern.actie (id,srt,admhnd,partij,tsreg) VALUES('10815','18','10815','2000','20010328');
INSERT INTO kern.actie (id,srt,admhnd,partij,tsreg) VALUES('10814','18','10814','2000','19601221');
INSERT INTO kern.actie (id,srt,admhnd,partij,tsreg) VALUES('10813','18','10813','2000','19911002');
INSERT INTO kern.actie (id,srt,admhnd,partij,tsreg) VALUES('10812','18','10812','2000','19911002');
INSERT INTO kern.actie (id,srt,admhnd,partij,tsreg) VALUES('10811','18','10811','2000','19611222');

commit;


--------------------------------------------------
--- EIND
--- Sheet: (brp_actie)
--- Handler: SheetHandlerImplSimpleInsert
--- Aantal: (270)
--------------------------------------------------
--------------------------------------------------
--- START
--- Sheet: (his_persafgeleidadministrati)
--- Handler: SheetHandlerImplSimpleInsert
--------------------------------------------------

begin;

INSERT INTO kern.his_persafgeleidadministrati (id,pers,tsreg,tsverval,actieinh,actieverval,nadereaandverval,admhnd,tslaatstewijz,sorteervolgorde,indonverwbijhvoorstelnieting,tslaatstewijzgbasystematiek) VALUES('10001','10001','2005-03-28 00:00:00+00',null,'11000',null,null,'11000','2005-03-28 00:00:00+00','1','FALSE',null);
INSERT INTO kern.his_persafgeleidadministrati (id,pers,tsreg,tsverval,actieinh,actieverval,nadereaandverval,admhnd,tslaatstewijz,sorteervolgorde,indonverwbijhvoorstelnieting,tslaatstewijzgbasystematiek) VALUES('10002','10001','2003-03-28 00:00:00+00','2005-03-28 00:00:00+00','10646','11000',null,'10646','2003-03-28 00:00:00+00','1','FALSE',null);
INSERT INTO kern.his_persafgeleidadministrati (id,pers,tsreg,tsverval,actieinh,actieverval,nadereaandverval,admhnd,tslaatstewijz,sorteervolgorde,indonverwbijhvoorstelnieting,tslaatstewijzgbasystematiek) VALUES('10003','10001','2003-03-27 04:00:00+00','2003-03-28 00:00:00+00','10999','10646',null,'10999','2003-03-27 00:00:00+00','1','FALSE',null);
INSERT INTO kern.his_persafgeleidadministrati (id,pers,tsreg,tsverval,actieinh,actieverval,nadereaandverval,admhnd,tslaatstewijz,sorteervolgorde,indonverwbijhvoorstelnieting,tslaatstewijzgbasystematiek) VALUES('10004','10001','2003-03-27 00:00:00+00','2003-03-27 04:00:00+00','10501','10999',null,'10501','2003-03-27 00:00:00+00','1','FALSE',null);
INSERT INTO kern.his_persafgeleidadministrati (id,pers,tsreg,tsverval,actieinh,actieverval,nadereaandverval,admhnd,tslaatstewijz,sorteervolgorde,indonverwbijhvoorstelnieting,tslaatstewijzgbasystematiek) VALUES('10005','10001','1981-10-02 04:00:00+00','2003-03-27 00:00:00+00','10998','10501',null,'10998','1981-10-02 00:00:00+00','1','FALSE',null);
INSERT INTO kern.his_persafgeleidadministrati (id,pers,tsreg,tsverval,actieinh,actieverval,nadereaandverval,admhnd,tslaatstewijz,sorteervolgorde,indonverwbijhvoorstelnieting,tslaatstewijzgbasystematiek) VALUES('10006','10001','1981-10-02 00:00:00+00','1981-10-02 04:00:00+00','10001','10998',null,'10001','1981-10-02 00:00:00+00','1','FALSE',null);
INSERT INTO kern.his_persafgeleidadministrati (id,pers,tsreg,tsverval,actieinh,actieverval,nadereaandverval,admhnd,tslaatstewijz,sorteervolgorde,indonverwbijhvoorstelnieting,tslaatstewijzgbasystematiek) VALUES('10007','10002','2012-01-05 00:00:00+00',null,'10642',null,null,'10642','2012-01-05 00:00:00+00','1','FALSE',null);
INSERT INTO kern.his_persafgeleidadministrati (id,pers,tsreg,tsverval,actieinh,actieverval,nadereaandverval,admhnd,tslaatstewijz,sorteervolgorde,indonverwbijhvoorstelnieting,tslaatstewijzgbasystematiek) VALUES('10008','10002','2012-01-03 00:00:00+00','2012-01-05 00:00:00+00','10641','10642',null,'10641','2012-01-03 00:00:00+00','1','FALSE',null);
INSERT INTO kern.his_persafgeleidadministrati (id,pers,tsreg,tsverval,actieinh,actieverval,nadereaandverval,admhnd,tslaatstewijz,sorteervolgorde,indonverwbijhvoorstelnieting,tslaatstewijzgbasystematiek) VALUES('10009','10002','2005-03-28 00:00:00+00','2012-01-03 00:00:00+00','10997','10641',null,'10997','2005-03-28 00:00:00+00','1','FALSE',null);
INSERT INTO kern.his_persafgeleidadministrati (id,pers,tsreg,tsverval,actieinh,actieverval,nadereaandverval,admhnd,tslaatstewijz,sorteervolgorde,indonverwbijhvoorstelnieting,tslaatstewijzgbasystematiek) VALUES('10010','10002','2003-03-27 04:00:00+00','2005-03-28 00:00:00+00','10996','10997',null,'10996','2003-03-27 00:00:00+00','1','FALSE',null);
INSERT INTO kern.his_persafgeleidadministrati (id,pers,tsreg,tsverval,actieinh,actieverval,nadereaandverval,admhnd,tslaatstewijz,sorteervolgorde,indonverwbijhvoorstelnieting,tslaatstewijzgbasystematiek) VALUES('10011','10002','2003-03-27 00:00:00+00','2003-03-27 04:00:00+00','10501','10996',null,'10501','2003-03-27 00:00:00+00','1','FALSE',null);
INSERT INTO kern.his_persafgeleidadministrati (id,pers,tsreg,tsverval,actieinh,actieverval,nadereaandverval,admhnd,tslaatstewijz,sorteervolgorde,indonverwbijhvoorstelnieting,tslaatstewijzgbasystematiek) VALUES('10012','10002','1982-05-28 04:00:00+00','2003-03-27 00:00:00+00','10995','10501',null,'10995','1982-05-28 00:00:00+00','1','FALSE',null);
INSERT INTO kern.his_persafgeleidadministrati (id,pers,tsreg,tsverval,actieinh,actieverval,nadereaandverval,admhnd,tslaatstewijz,sorteervolgorde,indonverwbijhvoorstelnieting,tslaatstewijzgbasystematiek) VALUES('10013','10002','1982-05-28 00:00:00+00','1982-05-28 04:00:00+00','10002','10995',null,'10002','1982-05-28 00:00:00+00','1','FALSE',null);
INSERT INTO kern.his_persafgeleidadministrati (id,pers,tsreg,tsverval,actieinh,actieverval,nadereaandverval,admhnd,tslaatstewijz,sorteervolgorde,indonverwbijhvoorstelnieting,tslaatstewijzgbasystematiek) VALUES('10014','10002','1955-06-02 00:00:00+00','1982-05-28 00:00:00+00','10624','10002',null,'10624','1955-06-02 00:00:00+00','1','FALSE',null);
INSERT INTO kern.his_persafgeleidadministrati (id,pers,tsreg,tsverval,actieinh,actieverval,nadereaandverval,admhnd,tslaatstewijz,sorteervolgorde,indonverwbijhvoorstelnieting,tslaatstewijzgbasystematiek) VALUES('10015','10003','2012-06-05 00:00:00+00',null,'10645',null,null,'10645','2012-06-05 00:00:00+00','1','FALSE',null);
INSERT INTO kern.his_persafgeleidadministrati (id,pers,tsreg,tsverval,actieinh,actieverval,nadereaandverval,admhnd,tslaatstewijz,sorteervolgorde,indonverwbijhvoorstelnieting,tslaatstewijzgbasystematiek) VALUES('10016','10003','2012-01-05 00:00:00+00','2012-06-05 00:00:00+00','10644','10645',null,'10644','2012-01-05 00:00:00+00','1','FALSE',null);
INSERT INTO kern.his_persafgeleidadministrati (id,pers,tsreg,tsverval,actieinh,actieverval,nadereaandverval,admhnd,tslaatstewijz,sorteervolgorde,indonverwbijhvoorstelnieting,tslaatstewijzgbasystematiek) VALUES('10017','10003','2012-01-03 00:00:00+00','2012-01-05 00:00:00+00','10643','10644',null,'10643','2012-01-03 00:00:00+00','1','FALSE',null);
INSERT INTO kern.his_persafgeleidadministrati (id,pers,tsreg,tsverval,actieinh,actieverval,nadereaandverval,admhnd,tslaatstewijz,sorteervolgorde,indonverwbijhvoorstelnieting,tslaatstewijzgbasystematiek) VALUES('10018','10003','1990-12-01 00:00:00+00','2012-01-03 00:00:00+00','10994','10643',null,'10994','1990-12-01 00:00:00+00','1','FALSE',null);
INSERT INTO kern.his_persafgeleidadministrati (id,pers,tsreg,tsverval,actieinh,actieverval,nadereaandverval,admhnd,tslaatstewijz,sorteervolgorde,indonverwbijhvoorstelnieting,tslaatstewijzgbasystematiek) VALUES('10019','10003','1990-11-11 04:00:00+00','1990-12-01 00:00:00+00','10993','10994',null,'10993','1990-11-11 00:00:00+00','1','FALSE',null);
INSERT INTO kern.his_persafgeleidadministrati (id,pers,tsreg,tsverval,actieinh,actieverval,nadereaandverval,admhnd,tslaatstewijz,sorteervolgorde,indonverwbijhvoorstelnieting,tslaatstewijzgbasystematiek) VALUES('10020','10003','1990-11-11 00:00:00+00','1990-11-11 04:00:00+00','10502','10993',null,'10502','1990-11-11 00:00:00+00','1','FALSE',null);
INSERT INTO kern.his_persafgeleidadministrati (id,pers,tsreg,tsverval,actieinh,actieverval,nadereaandverval,admhnd,tslaatstewijz,sorteervolgorde,indonverwbijhvoorstelnieting,tslaatstewijzgbasystematiek) VALUES('10021','10003','1966-03-02 04:00:00+00','1990-11-11 00:00:00+00','10992','10502',null,'10992','1966-03-02 00:00:00+00','1','FALSE',null);
INSERT INTO kern.his_persafgeleidadministrati (id,pers,tsreg,tsverval,actieinh,actieverval,nadereaandverval,admhnd,tslaatstewijz,sorteervolgorde,indonverwbijhvoorstelnieting,tslaatstewijzgbasystematiek) VALUES('10022','10003','1966-03-02 00:00:00+00','1966-03-02 04:00:00+00','10003','10992',null,'10003','1966-03-02 00:00:00+00','1','FALSE',null);
INSERT INTO kern.his_persafgeleidadministrati (id,pers,tsreg,tsverval,actieinh,actieverval,nadereaandverval,admhnd,tslaatstewijz,sorteervolgorde,indonverwbijhvoorstelnieting,tslaatstewijzgbasystematiek) VALUES('10023','10004','1990-12-01 00:00:00+00',null,'10991',null,null,'10991','1990-12-01 00:00:00+00','1','FALSE',null);
INSERT INTO kern.his_persafgeleidadministrati (id,pers,tsreg,tsverval,actieinh,actieverval,nadereaandverval,admhnd,tslaatstewijz,sorteervolgorde,indonverwbijhvoorstelnieting,tslaatstewijzgbasystematiek) VALUES('10024','10004','1990-11-11 04:00:00+00','1990-12-01 00:00:00+00','10990','10991',null,'10990','1990-11-11 00:00:00+00','1','FALSE',null);
INSERT INTO kern.his_persafgeleidadministrati (id,pers,tsreg,tsverval,actieinh,actieverval,nadereaandverval,admhnd,tslaatstewijz,sorteervolgorde,indonverwbijhvoorstelnieting,tslaatstewijzgbasystematiek) VALUES('10025','10004','1990-11-11 00:00:00+00','1990-11-11 04:00:00+00','10502','10990',null,'10502','1990-11-11 00:00:00+00','1','FALSE',null);
INSERT INTO kern.his_persafgeleidadministrati (id,pers,tsreg,tsverval,actieinh,actieverval,nadereaandverval,admhnd,tslaatstewijz,sorteervolgorde,indonverwbijhvoorstelnieting,tslaatstewijzgbasystematiek) VALUES('10026','10004','1969-12-27 04:00:00+00','1990-11-11 00:00:00+00','10989','10502',null,'10989','1969-12-27 00:00:00+00','1','FALSE',null);
INSERT INTO kern.his_persafgeleidadministrati (id,pers,tsreg,tsverval,actieinh,actieverval,nadereaandverval,admhnd,tslaatstewijz,sorteervolgorde,indonverwbijhvoorstelnieting,tslaatstewijzgbasystematiek) VALUES('10027','10004','1969-12-27 00:00:00+00','1969-12-27 04:00:00+00','10004','10989',null,'10004','1969-12-27 00:00:00+00','1','FALSE',null);
INSERT INTO kern.his_persafgeleidadministrati (id,pers,tsreg,tsverval,actieinh,actieverval,nadereaandverval,admhnd,tslaatstewijz,sorteervolgorde,indonverwbijhvoorstelnieting,tslaatstewijzgbasystematiek) VALUES('10028','10005','2012-01-01 00:00:00+00',null,'10639',null,null,'10639','2012-01-01 00:00:00+00','1','FALSE',null);
INSERT INTO kern.his_persafgeleidadministrati (id,pers,tsreg,tsverval,actieinh,actieverval,nadereaandverval,admhnd,tslaatstewijz,sorteervolgorde,indonverwbijhvoorstelnieting,tslaatstewijzgbasystematiek) VALUES('10029','10005','2003-12-26 00:00:00+00','2012-01-01 00:00:00+00','10500','10639',null,'10500','2003-12-26 00:00:00+00','1','FALSE',null);
INSERT INTO kern.his_persafgeleidadministrati (id,pers,tsreg,tsverval,actieinh,actieverval,nadereaandverval,admhnd,tslaatstewijz,sorteervolgorde,indonverwbijhvoorstelnieting,tslaatstewijzgbasystematiek) VALUES('10030','10005','1998-12-01 00:00:00+00','2003-12-26 00:00:00+00','10988','10500',null,'10988','1998-12-01 00:00:00+00','1','FALSE',null);
INSERT INTO kern.his_persafgeleidadministrati (id,pers,tsreg,tsverval,actieinh,actieverval,nadereaandverval,admhnd,tslaatstewijz,sorteervolgorde,indonverwbijhvoorstelnieting,tslaatstewijzgbasystematiek) VALUES('10031','10005','1997-06-05 04:00:00+00','1998-12-01 00:00:00+00','10987','10988',null,'10987','1997-06-05 00:00:00+00','1','FALSE',null);
INSERT INTO kern.his_persafgeleidadministrati (id,pers,tsreg,tsverval,actieinh,actieverval,nadereaandverval,admhnd,tslaatstewijz,sorteervolgorde,indonverwbijhvoorstelnieting,tslaatstewijzgbasystematiek) VALUES('10032','10005','1997-06-05 00:00:00+00','1997-06-05 04:00:00+00','10503','10987',null,'10503','1997-06-05 00:00:00+00','1','FALSE',null);
INSERT INTO kern.his_persafgeleidadministrati (id,pers,tsreg,tsverval,actieinh,actieverval,nadereaandverval,admhnd,tslaatstewijz,sorteervolgorde,indonverwbijhvoorstelnieting,tslaatstewijzgbasystematiek) VALUES('10033','10005','1971-07-17 04:00:00+00','1997-06-05 00:00:00+00','10986','10503',null,'10986','1971-07-17 00:00:00+00','1','FALSE',null);
INSERT INTO kern.his_persafgeleidadministrati (id,pers,tsreg,tsverval,actieinh,actieverval,nadereaandverval,admhnd,tslaatstewijz,sorteervolgorde,indonverwbijhvoorstelnieting,tslaatstewijzgbasystematiek) VALUES('10034','10005','1971-07-17 00:00:00+00','1971-07-17 04:00:00+00','10005','10986',null,'10005','1971-07-17 00:00:00+00','1','FALSE',null);
INSERT INTO kern.his_persafgeleidadministrati (id,pers,tsreg,tsverval,actieinh,actieverval,nadereaandverval,admhnd,tslaatstewijz,sorteervolgorde,indonverwbijhvoorstelnieting,tslaatstewijzgbasystematiek) VALUES('10035','10006','2012-01-01 00:00:00+00',null,'10639',null,null,'10639','2012-01-01 00:00:00+00','1','FALSE',null);
INSERT INTO kern.his_persafgeleidadministrati (id,pers,tsreg,tsverval,actieinh,actieverval,nadereaandverval,admhnd,tslaatstewijz,sorteervolgorde,indonverwbijhvoorstelnieting,tslaatstewijzgbasystematiek) VALUES('10036','10006','2003-12-26 00:00:00+00','2012-01-01 00:00:00+00','10500','10639',null,'10500','2003-12-26 00:00:00+00','1','FALSE',null);
INSERT INTO kern.his_persafgeleidadministrati (id,pers,tsreg,tsverval,actieinh,actieverval,nadereaandverval,admhnd,tslaatstewijz,sorteervolgorde,indonverwbijhvoorstelnieting,tslaatstewijzgbasystematiek) VALUES('10037','10006','1998-12-01 00:00:00+00','2003-12-26 00:00:00+00','10985','10500',null,'10985','1998-12-01 00:00:00+00','1','FALSE',null);
INSERT INTO kern.his_persafgeleidadministrati (id,pers,tsreg,tsverval,actieinh,actieverval,nadereaandverval,admhnd,tslaatstewijz,sorteervolgorde,indonverwbijhvoorstelnieting,tslaatstewijzgbasystematiek) VALUES('10038','10006','1997-06-05 04:00:00+00','1998-12-01 00:00:00+00','10984','10985',null,'10984','1997-06-05 00:00:00+00','1','FALSE',null);
INSERT INTO kern.his_persafgeleidadministrati (id,pers,tsreg,tsverval,actieinh,actieverval,nadereaandverval,admhnd,tslaatstewijz,sorteervolgorde,indonverwbijhvoorstelnieting,tslaatstewijzgbasystematiek) VALUES('10039','10006','1997-06-05 00:00:00+00','1997-06-05 04:00:00+00','10503','10984',null,'10503','1997-06-05 00:00:00+00','1','FALSE',null);
INSERT INTO kern.his_persafgeleidadministrati (id,pers,tsreg,tsverval,actieinh,actieverval,nadereaandverval,admhnd,tslaatstewijz,sorteervolgorde,indonverwbijhvoorstelnieting,tslaatstewijzgbasystematiek) VALUES('10040','10006','1995-10-03 00:00:00+00','1997-06-05 00:00:00+00','10636','10503',null,'10636','1995-10-03 00:00:00+00','1','FALSE',null);
INSERT INTO kern.his_persafgeleidadministrati (id,pers,tsreg,tsverval,actieinh,actieverval,nadereaandverval,admhnd,tslaatstewijz,sorteervolgorde,indonverwbijhvoorstelnieting,tslaatstewijzgbasystematiek) VALUES('10041','10006','1972-09-28 04:00:00+00','1995-10-03 00:00:00+00','10983','10636',null,'10983','1972-09-28 00:00:00+00','1','FALSE',null);
INSERT INTO kern.his_persafgeleidadministrati (id,pers,tsreg,tsverval,actieinh,actieverval,nadereaandverval,admhnd,tslaatstewijz,sorteervolgorde,indonverwbijhvoorstelnieting,tslaatstewijzgbasystematiek) VALUES('10042','10006','1972-09-28 00:00:00+00','1972-09-28 04:00:00+00','10006','10983',null,'10006','1972-09-28 00:00:00+00','1','FALSE',null);
INSERT INTO kern.his_persafgeleidadministrati (id,pers,tsreg,tsverval,actieinh,actieverval,nadereaandverval,admhnd,tslaatstewijz,sorteervolgorde,indonverwbijhvoorstelnieting,tslaatstewijzgbasystematiek) VALUES('10043','10007','2011-02-05 00:00:00+00',null,'10982',null,null,'10982','2011-02-05 00:00:00+00','1','FALSE',null);
INSERT INTO kern.his_persafgeleidadministrati (id,pers,tsreg,tsverval,actieinh,actieverval,nadereaandverval,admhnd,tslaatstewijz,sorteervolgorde,indonverwbijhvoorstelnieting,tslaatstewijzgbasystematiek) VALUES('10044','10007','2003-10-24 04:00:00+00','2011-02-05 00:00:00+00','10981','10982',null,'10981','2003-10-24 00:00:00+00','1','FALSE',null);
INSERT INTO kern.his_persafgeleidadministrati (id,pers,tsreg,tsverval,actieinh,actieverval,nadereaandverval,admhnd,tslaatstewijz,sorteervolgorde,indonverwbijhvoorstelnieting,tslaatstewijzgbasystematiek) VALUES('10045','10007','2003-10-24 00:00:00+00','2003-10-24 04:00:00+00','10504','10981',null,'10504','2003-10-24 00:00:00+00','1','FALSE',null);
INSERT INTO kern.his_persafgeleidadministrati (id,pers,tsreg,tsverval,actieinh,actieverval,nadereaandverval,admhnd,tslaatstewijz,sorteervolgorde,indonverwbijhvoorstelnieting,tslaatstewijzgbasystematiek) VALUES('10046','10007','1980-06-16 04:00:00+00','2003-10-24 00:00:00+00','10980','10504',null,'10980','1980-06-16 00:00:00+00','1','FALSE',null);
INSERT INTO kern.his_persafgeleidadministrati (id,pers,tsreg,tsverval,actieinh,actieverval,nadereaandverval,admhnd,tslaatstewijz,sorteervolgorde,indonverwbijhvoorstelnieting,tslaatstewijzgbasystematiek) VALUES('10047','10007','1980-06-16 00:00:00+00','1980-06-16 04:00:00+00','10007','10980',null,'10007','1980-06-16 00:00:00+00','1','FALSE',null);
INSERT INTO kern.his_persafgeleidadministrati (id,pers,tsreg,tsverval,actieinh,actieverval,nadereaandverval,admhnd,tslaatstewijz,sorteervolgorde,indonverwbijhvoorstelnieting,tslaatstewijzgbasystematiek) VALUES('10048','10008','2011-02-05 00:00:00+00',null,'10979',null,null,'10979','2011-02-05 00:00:00+00','1','FALSE',null);
INSERT INTO kern.his_persafgeleidadministrati (id,pers,tsreg,tsverval,actieinh,actieverval,nadereaandverval,admhnd,tslaatstewijz,sorteervolgorde,indonverwbijhvoorstelnieting,tslaatstewijzgbasystematiek) VALUES('10049','10008','2003-10-24 04:00:00+00','2011-02-05 00:00:00+00','10978','10979',null,'10978','2003-10-24 00:00:00+00','1','FALSE',null);
INSERT INTO kern.his_persafgeleidadministrati (id,pers,tsreg,tsverval,actieinh,actieverval,nadereaandverval,admhnd,tslaatstewijz,sorteervolgorde,indonverwbijhvoorstelnieting,tslaatstewijzgbasystematiek) VALUES('10050','10008','2003-10-24 00:00:00+00','2003-10-24 04:00:00+00','10504','10978',null,'10504','2003-10-24 00:00:00+00','1','FALSE',null);
INSERT INTO kern.his_persafgeleidadministrati (id,pers,tsreg,tsverval,actieinh,actieverval,nadereaandverval,admhnd,tslaatstewijz,sorteervolgorde,indonverwbijhvoorstelnieting,tslaatstewijzgbasystematiek) VALUES('10051','10008','1981-04-18 04:00:00+00','2003-10-24 00:00:00+00','10977','10504',null,'10977','1981-04-18 00:00:00+00','1','FALSE',null);
INSERT INTO kern.his_persafgeleidadministrati (id,pers,tsreg,tsverval,actieinh,actieverval,nadereaandverval,admhnd,tslaatstewijz,sorteervolgorde,indonverwbijhvoorstelnieting,tslaatstewijzgbasystematiek) VALUES('10052','10008','1981-04-18 00:00:00+00','1981-04-18 04:00:00+00','10008','10977',null,'10008','1981-04-18 00:00:00+00','1','FALSE',null);
INSERT INTO kern.his_persafgeleidadministrati (id,pers,tsreg,tsverval,actieinh,actieverval,nadereaandverval,admhnd,tslaatstewijz,sorteervolgorde,indonverwbijhvoorstelnieting,tslaatstewijzgbasystematiek) VALUES('10053','10009','2012-01-01 00:00:00+00',null,'10650',null,null,'10650','2012-01-01 00:00:00+00','1','FALSE',null);
INSERT INTO kern.his_persafgeleidadministrati (id,pers,tsreg,tsverval,actieinh,actieverval,nadereaandverval,admhnd,tslaatstewijz,sorteervolgorde,indonverwbijhvoorstelnieting,tslaatstewijzgbasystematiek) VALUES('10054','10009','2011-02-05 00:00:00+00','2012-01-01 00:00:00+00','10976','10650',null,'10976','2011-02-05 00:00:00+00','1','FALSE',null);
INSERT INTO kern.his_persafgeleidadministrati (id,pers,tsreg,tsverval,actieinh,actieverval,nadereaandverval,admhnd,tslaatstewijz,sorteervolgorde,indonverwbijhvoorstelnieting,tslaatstewijzgbasystematiek) VALUES('10055','10009','2003-12-26 08:00:00+00','2011-02-05 00:00:00+00','10975','10976',null,'10975','2003-12-26 00:00:00+00','1','FALSE',null);
INSERT INTO kern.his_persafgeleidadministrati (id,pers,tsreg,tsverval,actieinh,actieverval,nadereaandverval,admhnd,tslaatstewijz,sorteervolgorde,indonverwbijhvoorstelnieting,tslaatstewijzgbasystematiek) VALUES('10056','10009','2003-12-26 04:00:00+00','2003-12-26 08:00:00+00','10500','10975',null,'10500','2003-12-26 00:00:00+00','1','FALSE',null);
INSERT INTO kern.his_persafgeleidadministrati (id,pers,tsreg,tsverval,actieinh,actieverval,nadereaandverval,admhnd,tslaatstewijz,sorteervolgorde,indonverwbijhvoorstelnieting,tslaatstewijzgbasystematiek) VALUES('10057','10009','2003-12-26 00:00:00+00','2003-12-26 04:00:00+00','10009','10500',null,'10009','2003-12-26 00:00:00+00','1','FALSE',null);
INSERT INTO kern.his_persafgeleidadministrati (id,pers,tsreg,tsverval,actieinh,actieverval,nadereaandverval,admhnd,tslaatstewijz,sorteervolgorde,indonverwbijhvoorstelnieting,tslaatstewijzgbasystematiek) VALUES('10058','10010','2012-02-10 00:00:00+00',null,'10649',null,null,'10649','2012-02-10 00:00:00+00','1','FALSE',null);
INSERT INTO kern.his_persafgeleidadministrati (id,pers,tsreg,tsverval,actieinh,actieverval,nadereaandverval,admhnd,tslaatstewijz,sorteervolgorde,indonverwbijhvoorstelnieting,tslaatstewijzgbasystematiek) VALUES('10059','10010','2012-02-09 00:00:00+00','2012-02-10 00:00:00+00','10640','10649',null,'10640','2012-02-09 00:00:00+00','1','FALSE',null);
INSERT INTO kern.his_persafgeleidadministrati (id,pers,tsreg,tsverval,actieinh,actieverval,nadereaandverval,admhnd,tslaatstewijz,sorteervolgorde,indonverwbijhvoorstelnieting,tslaatstewijzgbasystematiek) VALUES('10060','10010','2012-02-08 00:00:00+00','2012-02-09 00:00:00+00','10648','10640',null,'10648','2012-02-08 00:00:00+00','1','FALSE',null);
INSERT INTO kern.his_persafgeleidadministrati (id,pers,tsreg,tsverval,actieinh,actieverval,nadereaandverval,admhnd,tslaatstewijz,sorteervolgorde,indonverwbijhvoorstelnieting,tslaatstewijzgbasystematiek) VALUES('10061','10010','2009-09-28 00:00:00+00','2012-02-08 00:00:00+00','10974','10648',null,'10974','2009-09-28 00:00:00+00','1','FALSE',null);
INSERT INTO kern.his_persafgeleidadministrati (id,pers,tsreg,tsverval,actieinh,actieverval,nadereaandverval,admhnd,tslaatstewijz,sorteervolgorde,indonverwbijhvoorstelnieting,tslaatstewijzgbasystematiek) VALUES('10062','10010','1996-03-04 04:00:00+00','2009-09-28 00:00:00+00','10973','10974',null,'10973','1996-03-04 00:00:00+00','1','FALSE',null);
INSERT INTO kern.his_persafgeleidadministrati (id,pers,tsreg,tsverval,actieinh,actieverval,nadereaandverval,admhnd,tslaatstewijz,sorteervolgorde,indonverwbijhvoorstelnieting,tslaatstewijzgbasystematiek) VALUES('10063','10010','1996-03-04 00:00:00+00','1996-03-04 04:00:00+00','10505','10973',null,'10505','1996-03-04 00:00:00+00','1','FALSE',null);
INSERT INTO kern.his_persafgeleidadministrati (id,pers,tsreg,tsverval,actieinh,actieverval,nadereaandverval,admhnd,tslaatstewijz,sorteervolgorde,indonverwbijhvoorstelnieting,tslaatstewijzgbasystematiek) VALUES('10064','10010','1991-09-11 00:00:00+00','1996-03-04 00:00:00+00','10627','10505',null,'10627','1991-09-11 00:00:00+00','1','FALSE',null);
INSERT INTO kern.his_persafgeleidadministrati (id,pers,tsreg,tsverval,actieinh,actieverval,nadereaandverval,admhnd,tslaatstewijz,sorteervolgorde,indonverwbijhvoorstelnieting,tslaatstewijzgbasystematiek) VALUES('10065','10010','1969-12-31 04:00:00+00','1991-09-11 00:00:00+00','10972','10627',null,'10972','1969-12-31 00:00:00+00','1','FALSE',null);
INSERT INTO kern.his_persafgeleidadministrati (id,pers,tsreg,tsverval,actieinh,actieverval,nadereaandverval,admhnd,tslaatstewijz,sorteervolgorde,indonverwbijhvoorstelnieting,tslaatstewijzgbasystematiek) VALUES('10066','10010','1969-12-31 00:00:00+00','1969-12-31 04:00:00+00','10010','10972',null,'10010','1969-12-31 00:00:00+00','1','FALSE',null);
INSERT INTO kern.his_persafgeleidadministrati (id,pers,tsreg,tsverval,actieinh,actieverval,nadereaandverval,admhnd,tslaatstewijz,sorteervolgorde,indonverwbijhvoorstelnieting,tslaatstewijzgbasystematiek) VALUES('10067','10011','2012-02-09 00:00:00+00',null,'10640',null,null,'10640','2012-02-09 00:00:00+00','1','FALSE',null);
INSERT INTO kern.his_persafgeleidadministrati (id,pers,tsreg,tsverval,actieinh,actieverval,nadereaandverval,admhnd,tslaatstewijz,sorteervolgorde,indonverwbijhvoorstelnieting,tslaatstewijzgbasystematiek) VALUES('10068','10011','2009-09-28 00:00:00+00','2012-02-09 00:00:00+00','10971','10640',null,'10971','2009-09-28 00:00:00+00','1','FALSE',null);
INSERT INTO kern.his_persafgeleidadministrati (id,pers,tsreg,tsverval,actieinh,actieverval,nadereaandverval,admhnd,tslaatstewijz,sorteervolgorde,indonverwbijhvoorstelnieting,tslaatstewijzgbasystematiek) VALUES('10069','10011','1996-03-04 04:00:00+00','2009-09-28 00:00:00+00','10970','10971',null,'10970','1996-03-04 00:00:00+00','1','FALSE',null);
INSERT INTO kern.his_persafgeleidadministrati (id,pers,tsreg,tsverval,actieinh,actieverval,nadereaandverval,admhnd,tslaatstewijz,sorteervolgorde,indonverwbijhvoorstelnieting,tslaatstewijzgbasystematiek) VALUES('10070','10011','1996-03-04 00:00:00+00','1996-03-04 04:00:00+00','10505','10970',null,'10505','1996-03-04 00:00:00+00','1','FALSE',null);
INSERT INTO kern.his_persafgeleidadministrati (id,pers,tsreg,tsverval,actieinh,actieverval,nadereaandverval,admhnd,tslaatstewijz,sorteervolgorde,indonverwbijhvoorstelnieting,tslaatstewijzgbasystematiek) VALUES('10071','10011','1995-10-03 00:00:00+00','1996-03-04 00:00:00+00','10636','10505',null,'10636','1995-10-03 00:00:00+00','1','FALSE',null);
INSERT INTO kern.his_persafgeleidadministrati (id,pers,tsreg,tsverval,actieinh,actieverval,nadereaandverval,admhnd,tslaatstewijz,sorteervolgorde,indonverwbijhvoorstelnieting,tslaatstewijzgbasystematiek) VALUES('10072','10011','1991-09-11 00:00:00+00','1995-10-03 00:00:00+00','10627','10636',null,'10627','1991-09-11 00:00:00+00','1','FALSE',null);
INSERT INTO kern.his_persafgeleidadministrati (id,pers,tsreg,tsverval,actieinh,actieverval,nadereaandverval,admhnd,tslaatstewijz,sorteervolgorde,indonverwbijhvoorstelnieting,tslaatstewijzgbasystematiek) VALUES('10073','10011','1969-05-16 04:00:00+00','1991-09-11 00:00:00+00','10969','10627',null,'10969','1969-05-16 00:00:00+00','1','FALSE',null);
INSERT INTO kern.his_persafgeleidadministrati (id,pers,tsreg,tsverval,actieinh,actieverval,nadereaandverval,admhnd,tslaatstewijz,sorteervolgorde,indonverwbijhvoorstelnieting,tslaatstewijzgbasystematiek) VALUES('10074','10011','1969-05-16 00:00:00+00','1969-05-16 04:00:00+00','10011','10969',null,'10011','1969-05-16 00:00:00+00','1','FALSE',null);
INSERT INTO kern.his_persafgeleidadministrati (id,pers,tsreg,tsverval,actieinh,actieverval,nadereaandverval,admhnd,tslaatstewijz,sorteervolgorde,indonverwbijhvoorstelnieting,tslaatstewijzgbasystematiek) VALUES('10075','10012','2000-02-28 00:00:00+00',null,'10968',null,null,'10968','2000-02-28 00:00:00+00','1','FALSE',null);
INSERT INTO kern.his_persafgeleidadministrati (id,pers,tsreg,tsverval,actieinh,actieverval,nadereaandverval,admhnd,tslaatstewijz,sorteervolgorde,indonverwbijhvoorstelnieting,tslaatstewijzgbasystematiek) VALUES('10076','10012','1977-12-10 04:00:00+00','2000-02-28 00:00:00+00','10967','10968',null,'10967','1977-12-10 00:00:00+00','1','FALSE',null);
INSERT INTO kern.his_persafgeleidadministrati (id,pers,tsreg,tsverval,actieinh,actieverval,nadereaandverval,admhnd,tslaatstewijz,sorteervolgorde,indonverwbijhvoorstelnieting,tslaatstewijzgbasystematiek) VALUES('10077','10012','1977-12-10 00:00:00+00','1977-12-10 04:00:00+00','10012','10967',null,'10012','1977-12-10 00:00:00+00','1','FALSE',null);
INSERT INTO kern.his_persafgeleidadministrati (id,pers,tsreg,tsverval,actieinh,actieverval,nadereaandverval,admhnd,tslaatstewijz,sorteervolgorde,indonverwbijhvoorstelnieting,tslaatstewijzgbasystematiek) VALUES('10078','10013','1994-10-03 00:00:00+00',null,'10625',null,null,'10625','1994-10-03 00:00:00+00','1','FALSE',null);
INSERT INTO kern.his_persafgeleidadministrati (id,pers,tsreg,tsverval,actieinh,actieverval,nadereaandverval,admhnd,tslaatstewijz,sorteervolgorde,indonverwbijhvoorstelnieting,tslaatstewijzgbasystematiek) VALUES('10079','10013','1992-05-08 00:00:00+00','1994-10-03 00:00:00+00','10966','10625',null,'10966','1992-05-08 00:00:00+00','1','FALSE',null);
INSERT INTO kern.his_persafgeleidadministrati (id,pers,tsreg,tsverval,actieinh,actieverval,nadereaandverval,admhnd,tslaatstewijz,sorteervolgorde,indonverwbijhvoorstelnieting,tslaatstewijzgbasystematiek) VALUES('10080','10013','1955-06-02 04:00:00+00','1992-05-08 00:00:00+00','10965','10966',null,'10965','1955-06-02 00:00:00+00','1','FALSE',null);
INSERT INTO kern.his_persafgeleidadministrati (id,pers,tsreg,tsverval,actieinh,actieverval,nadereaandverval,admhnd,tslaatstewijz,sorteervolgorde,indonverwbijhvoorstelnieting,tslaatstewijzgbasystematiek) VALUES('10081','10013','1955-06-02 00:00:00+00','1955-06-02 04:00:00+00','10013','10965',null,'10013','1955-06-02 00:00:00+00','1','FALSE',null);
INSERT INTO kern.his_persafgeleidadministrati (id,pers,tsreg,tsverval,actieinh,actieverval,nadereaandverval,admhnd,tslaatstewijz,sorteervolgorde,indonverwbijhvoorstelnieting,tslaatstewijzgbasystematiek) VALUES('10082','10014','2011-11-11 00:00:00+00',null,'10506',null,null,'10506','2011-11-11 00:00:00+00','1','FALSE',null);
INSERT INTO kern.his_persafgeleidadministrati (id,pers,tsreg,tsverval,actieinh,actieverval,nadereaandverval,admhnd,tslaatstewijz,sorteervolgorde,indonverwbijhvoorstelnieting,tslaatstewijzgbasystematiek) VALUES('10083','10014','2005-01-12 00:00:00+00','2011-11-11 00:00:00+00','10638','10506',null,'10638','2005-01-12 00:00:00+00','1','FALSE',null);
INSERT INTO kern.his_persafgeleidadministrati (id,pers,tsreg,tsverval,actieinh,actieverval,nadereaandverval,admhnd,tslaatstewijz,sorteervolgorde,indonverwbijhvoorstelnieting,tslaatstewijzgbasystematiek) VALUES('10084','10014','1991-09-11 00:00:00+00','2005-01-12 00:00:00+00','10627','10638',null,'10627','1991-09-11 00:00:00+00','1','FALSE',null);
INSERT INTO kern.his_persafgeleidadministrati (id,pers,tsreg,tsverval,actieinh,actieverval,nadereaandverval,admhnd,tslaatstewijz,sorteervolgorde,indonverwbijhvoorstelnieting,tslaatstewijzgbasystematiek) VALUES('10085','10014','1978-06-11 04:00:00+00','1991-09-11 00:00:00+00','10964','10627',null,'10964','1978-06-11 00:00:00+00','1','FALSE',null);
INSERT INTO kern.his_persafgeleidadministrati (id,pers,tsreg,tsverval,actieinh,actieverval,nadereaandverval,admhnd,tslaatstewijz,sorteervolgorde,indonverwbijhvoorstelnieting,tslaatstewijzgbasystematiek) VALUES('10086','10014','1978-06-11 00:00:00+00','1978-06-11 04:00:00+00','10014','10964',null,'10014','1978-06-11 00:00:00+00','1','FALSE',null);
INSERT INTO kern.his_persafgeleidadministrati (id,pers,tsreg,tsverval,actieinh,actieverval,nadereaandverval,admhnd,tslaatstewijz,sorteervolgorde,indonverwbijhvoorstelnieting,tslaatstewijzgbasystematiek) VALUES('10087','10015','2011-04-25 00:00:00+00',null,'10963',null,null,'10963','2011-04-25 00:00:00+00','1','FALSE',null);
INSERT INTO kern.his_persafgeleidadministrati (id,pers,tsreg,tsverval,actieinh,actieverval,nadereaandverval,admhnd,tslaatstewijz,sorteervolgorde,indonverwbijhvoorstelnieting,tslaatstewijzgbasystematiek) VALUES('10088','10015','2005-01-12 00:00:00+00','2011-04-25 00:00:00+00','10638','10963',null,'10638','2005-01-12 00:00:00+00','1','FALSE',null);
INSERT INTO kern.his_persafgeleidadministrati (id,pers,tsreg,tsverval,actieinh,actieverval,nadereaandverval,admhnd,tslaatstewijz,sorteervolgorde,indonverwbijhvoorstelnieting,tslaatstewijzgbasystematiek) VALUES('10089','10015','1988-04-25 04:00:00+00','2005-01-12 00:00:00+00','10962','10638',null,'10962','1988-04-25 00:00:00+00','1','FALSE',null);
INSERT INTO kern.his_persafgeleidadministrati (id,pers,tsreg,tsverval,actieinh,actieverval,nadereaandverval,admhnd,tslaatstewijz,sorteervolgorde,indonverwbijhvoorstelnieting,tslaatstewijzgbasystematiek) VALUES('10090','10015','1988-04-25 00:00:00+00','1988-04-25 04:00:00+00','10015','10962',null,'10015','1988-04-25 00:00:00+00','1','FALSE',null);
INSERT INTO kern.his_persafgeleidadministrati (id,pers,tsreg,tsverval,actieinh,actieverval,nadereaandverval,admhnd,tslaatstewijz,sorteervolgorde,indonverwbijhvoorstelnieting,tslaatstewijzgbasystematiek) VALUES('10091','10016','2010-06-26 00:00:00+00',null,'10961',null,null,'10961','2010-06-26 00:00:00+00','1','FALSE',null);
INSERT INTO kern.his_persafgeleidadministrati (id,pers,tsreg,tsverval,actieinh,actieverval,nadereaandverval,admhnd,tslaatstewijz,sorteervolgorde,indonverwbijhvoorstelnieting,tslaatstewijzgbasystematiek) VALUES('10092','10016','1988-04-25 00:00:00+00','2010-06-26 00:00:00+00','10960','10961',null,'10960','1988-04-25 00:00:00+00','1','FALSE',null);
INSERT INTO kern.his_persafgeleidadministrati (id,pers,tsreg,tsverval,actieinh,actieverval,nadereaandverval,admhnd,tslaatstewijz,sorteervolgorde,indonverwbijhvoorstelnieting,tslaatstewijzgbasystematiek) VALUES('10093','10016','1899-12-10 04:00:00+00','1988-04-25 00:00:00+00','10959','10960',null,'10959','1899-12-10 00:00:00+00','1','FALSE',null);
INSERT INTO kern.his_persafgeleidadministrati (id,pers,tsreg,tsverval,actieinh,actieverval,nadereaandverval,admhnd,tslaatstewijz,sorteervolgorde,indonverwbijhvoorstelnieting,tslaatstewijzgbasystematiek) VALUES('10094','10016','1899-12-10 00:00:00+00','1899-12-10 04:00:00+00','10016','10959',null,'10016','1899-12-10 00:00:00+00','1','FALSE',null);
INSERT INTO kern.his_persafgeleidadministrati (id,pers,tsreg,tsverval,actieinh,actieverval,nadereaandverval,admhnd,tslaatstewijz,sorteervolgorde,indonverwbijhvoorstelnieting,tslaatstewijzgbasystematiek) VALUES('10095','10017','2003-03-27 00:00:00+00',null,'10958',null,null,'10958','2003-03-27 00:00:00+00','1','FALSE',null);
INSERT INTO kern.his_persafgeleidadministrati (id,pers,tsreg,tsverval,actieinh,actieverval,nadereaandverval,admhnd,tslaatstewijz,sorteervolgorde,indonverwbijhvoorstelnieting,tslaatstewijzgbasystematiek) VALUES('10096','10017','1982-05-23 04:00:00+00','2003-03-27 00:00:00+00','10957','10958',null,'10957','1982-05-23 00:00:00+00','1','FALSE',null);
INSERT INTO kern.his_persafgeleidadministrati (id,pers,tsreg,tsverval,actieinh,actieverval,nadereaandverval,admhnd,tslaatstewijz,sorteervolgorde,indonverwbijhvoorstelnieting,tslaatstewijzgbasystematiek) VALUES('10097','10017','1982-05-23 00:00:00+00','1982-05-23 04:00:00+00','10017','10957',null,'10017','1982-05-23 00:00:00+00','1','FALSE',null);
INSERT INTO kern.his_persafgeleidadministrati (id,pers,tsreg,tsverval,actieinh,actieverval,nadereaandverval,admhnd,tslaatstewijz,sorteervolgorde,indonverwbijhvoorstelnieting,tslaatstewijzgbasystematiek) VALUES('10098','10018','1991-10-02 00:00:00+00',null,'10956',null,null,'10956','1991-10-02 00:00:00+00','1','FALSE',null);
INSERT INTO kern.his_persafgeleidadministrati (id,pers,tsreg,tsverval,actieinh,actieverval,nadereaandverval,admhnd,tslaatstewijz,sorteervolgorde,indonverwbijhvoorstelnieting,tslaatstewijzgbasystematiek) VALUES('10099','10018','1984-04-11 04:00:00+00','1991-10-02 00:00:00+00','10955','10956',null,'10955','1984-04-11 00:00:00+00','1','FALSE',null);
INSERT INTO kern.his_persafgeleidadministrati (id,pers,tsreg,tsverval,actieinh,actieverval,nadereaandverval,admhnd,tslaatstewijz,sorteervolgorde,indonverwbijhvoorstelnieting,tslaatstewijzgbasystematiek) VALUES('10100','10018','1984-04-11 00:00:00+00','1984-04-11 04:00:00+00','10018','10955',null,'10018','1984-04-11 00:00:00+00','1','FALSE',null);
INSERT INTO kern.his_persafgeleidadministrati (id,pers,tsreg,tsverval,actieinh,actieverval,nadereaandverval,admhnd,tslaatstewijz,sorteervolgorde,indonverwbijhvoorstelnieting,tslaatstewijzgbasystematiek) VALUES('10101','10019','1990-11-11 00:00:00+00',null,'10954',null,null,'10954','1990-11-11 00:00:00+00','1','FALSE',null);
INSERT INTO kern.his_persafgeleidadministrati (id,pers,tsreg,tsverval,actieinh,actieverval,nadereaandverval,admhnd,tslaatstewijz,sorteervolgorde,indonverwbijhvoorstelnieting,tslaatstewijzgbasystematiek) VALUES('10102','10019','1974-10-26 04:00:00+00','1990-11-11 00:00:00+00','10953','10954',null,'10953','1974-10-26 00:00:00+00','1','FALSE',null);
INSERT INTO kern.his_persafgeleidadministrati (id,pers,tsreg,tsverval,actieinh,actieverval,nadereaandverval,admhnd,tslaatstewijz,sorteervolgorde,indonverwbijhvoorstelnieting,tslaatstewijzgbasystematiek) VALUES('10103','10019','1974-10-26 00:00:00+00','1974-10-26 04:00:00+00','10019','10953',null,'10019','1974-10-26 00:00:00+00','1','FALSE',null);
INSERT INTO kern.his_persafgeleidadministrati (id,pers,tsreg,tsverval,actieinh,actieverval,nadereaandverval,admhnd,tslaatstewijz,sorteervolgorde,indonverwbijhvoorstelnieting,tslaatstewijzgbasystematiek) VALUES('10104','10020','1982-05-28 00:00:00+00',null,'10952',null,null,'10952','1982-05-28 00:00:00+00','1','FALSE',null);
INSERT INTO kern.his_persafgeleidadministrati (id,pers,tsreg,tsverval,actieinh,actieverval,nadereaandverval,admhnd,tslaatstewijz,sorteervolgorde,indonverwbijhvoorstelnieting,tslaatstewijzgbasystematiek) VALUES('10105','10020','1976-01-03 04:00:00+00','1982-05-28 00:00:00+00','10951','10952',null,'10951','1976-01-03 00:00:00+00','1','FALSE',null);
INSERT INTO kern.his_persafgeleidadministrati (id,pers,tsreg,tsverval,actieinh,actieverval,nadereaandverval,admhnd,tslaatstewijz,sorteervolgorde,indonverwbijhvoorstelnieting,tslaatstewijzgbasystematiek) VALUES('10106','10020','1976-01-03 00:00:00+00','1976-01-03 04:00:00+00','10020','10951',null,'10020','1976-01-03 00:00:00+00','1','FALSE',null);
INSERT INTO kern.his_persafgeleidadministrati (id,pers,tsreg,tsverval,actieinh,actieverval,nadereaandverval,admhnd,tslaatstewijz,sorteervolgorde,indonverwbijhvoorstelnieting,tslaatstewijzgbasystematiek) VALUES('10107','10021','2001-03-28 00:00:00+00',null,'10950',null,null,'10950','2001-03-28 00:00:00+00','1','FALSE',null);
INSERT INTO kern.his_persafgeleidadministrati (id,pers,tsreg,tsverval,actieinh,actieverval,nadereaandverval,admhnd,tslaatstewijz,sorteervolgorde,indonverwbijhvoorstelnieting,tslaatstewijzgbasystematiek) VALUES('10108','10021','1992-05-16 04:00:00+00','2001-03-28 00:00:00+00','10949','10950',null,'10949','1992-05-16 00:00:00+00','1','FALSE',null);
INSERT INTO kern.his_persafgeleidadministrati (id,pers,tsreg,tsverval,actieinh,actieverval,nadereaandverval,admhnd,tslaatstewijz,sorteervolgorde,indonverwbijhvoorstelnieting,tslaatstewijzgbasystematiek) VALUES('10109','10021','1992-05-16 00:00:00+00','1992-05-16 04:00:00+00','10021','10949',null,'10021','1992-05-16 00:00:00+00','1','FALSE',null);
INSERT INTO kern.his_persafgeleidadministrati (id,pers,tsreg,tsverval,actieinh,actieverval,nadereaandverval,admhnd,tslaatstewijz,sorteervolgorde,indonverwbijhvoorstelnieting,tslaatstewijzgbasystematiek) VALUES('10110','10022','2010-10-02 00:00:00+00',null,'10948',null,null,'10948','2010-10-02 00:00:00+00','1','FALSE',null);
INSERT INTO kern.his_persafgeleidadministrati (id,pers,tsreg,tsverval,actieinh,actieverval,nadereaandverval,admhnd,tslaatstewijz,sorteervolgorde,indonverwbijhvoorstelnieting,tslaatstewijzgbasystematiek) VALUES('10111','10022','1995-11-10 00:00:00+00','2010-10-02 00:00:00+00','10947','10948',null,'10947','1995-11-10 00:00:00+00','1','FALSE',null);
INSERT INTO kern.his_persafgeleidadministrati (id,pers,tsreg,tsverval,actieinh,actieverval,nadereaandverval,admhnd,tslaatstewijz,sorteervolgorde,indonverwbijhvoorstelnieting,tslaatstewijzgbasystematiek) VALUES('10112','10022','1995-10-03 00:00:00+00','1995-11-10 00:00:00+00','10022','10947',null,'10022','1995-10-03 00:00:00+00','1','FALSE',null);
INSERT INTO kern.his_persafgeleidadministrati (id,pers,tsreg,tsverval,actieinh,actieverval,nadereaandverval,admhnd,tslaatstewijz,sorteervolgorde,indonverwbijhvoorstelnieting,tslaatstewijzgbasystematiek) VALUES('10113','10023','1997-06-05 00:00:00+00',null,'10946',null,null,'10946','1997-06-05 00:00:00+00','1','FALSE',null);
INSERT INTO kern.his_persafgeleidadministrati (id,pers,tsreg,tsverval,actieinh,actieverval,nadereaandverval,admhnd,tslaatstewijz,sorteervolgorde,indonverwbijhvoorstelnieting,tslaatstewijzgbasystematiek) VALUES('10114','10023','1968-03-10 04:00:00+00','1997-06-05 00:00:00+00','10945','10946',null,'10945','1968-03-10 00:00:00+00','1','FALSE',null);
INSERT INTO kern.his_persafgeleidadministrati (id,pers,tsreg,tsverval,actieinh,actieverval,nadereaandverval,admhnd,tslaatstewijz,sorteervolgorde,indonverwbijhvoorstelnieting,tslaatstewijzgbasystematiek) VALUES('10115','10023','1968-03-10 00:00:00+00','1968-03-10 04:00:00+00','10023','10945',null,'10023','1968-03-10 00:00:00+00','1','FALSE',null);
INSERT INTO kern.his_persafgeleidadministrati (id,pers,tsreg,tsverval,actieinh,actieverval,nadereaandverval,admhnd,tslaatstewijz,sorteervolgorde,indonverwbijhvoorstelnieting,tslaatstewijzgbasystematiek) VALUES('10116','10024','1979-09-28 00:00:00+00',null,'10944',null,null,'10944','1979-09-28 00:00:00+00','1','FALSE',null);
INSERT INTO kern.his_persafgeleidadministrati (id,pers,tsreg,tsverval,actieinh,actieverval,nadereaandverval,admhnd,tslaatstewijz,sorteervolgorde,indonverwbijhvoorstelnieting,tslaatstewijzgbasystematiek) VALUES('10117','10024','1977-04-01 04:00:00+00','1979-09-28 00:00:00+00','10943','10944',null,'10943','1977-04-01 00:00:00+00','1','FALSE',null);
INSERT INTO kern.his_persafgeleidadministrati (id,pers,tsreg,tsverval,actieinh,actieverval,nadereaandverval,admhnd,tslaatstewijz,sorteervolgorde,indonverwbijhvoorstelnieting,tslaatstewijzgbasystematiek) VALUES('10118','10024','1977-04-01 00:00:00+00','1977-04-01 04:00:00+00','10024','10943',null,'10024','1977-04-01 00:00:00+00','1','FALSE',null);
INSERT INTO kern.his_persafgeleidadministrati (id,pers,tsreg,tsverval,actieinh,actieverval,nadereaandverval,admhnd,tslaatstewijz,sorteervolgorde,indonverwbijhvoorstelnieting,tslaatstewijzgbasystematiek) VALUES('10119','10025','1995-09-29 00:00:00+00',null,'10942',null,null,'10942','1995-09-29 00:00:00+00','1','FALSE',null);
INSERT INTO kern.his_persafgeleidadministrati (id,pers,tsreg,tsverval,actieinh,actieverval,nadereaandverval,admhnd,tslaatstewijz,sorteervolgorde,indonverwbijhvoorstelnieting,tslaatstewijzgbasystematiek) VALUES('10120','10025','1988-06-11 04:00:00+00','1995-09-29 00:00:00+00','10941','10942',null,'10941','1988-06-11 00:00:00+00','1','FALSE',null);
INSERT INTO kern.his_persafgeleidadministrati (id,pers,tsreg,tsverval,actieinh,actieverval,nadereaandverval,admhnd,tslaatstewijz,sorteervolgorde,indonverwbijhvoorstelnieting,tslaatstewijzgbasystematiek) VALUES('10121','10025','1988-06-11 00:00:00+00','1988-06-11 04:00:00+00','10025','10941',null,'10025','1988-06-11 00:00:00+00','1','FALSE',null);
INSERT INTO kern.his_persafgeleidadministrati (id,pers,tsreg,tsverval,actieinh,actieverval,nadereaandverval,admhnd,tslaatstewijz,sorteervolgorde,indonverwbijhvoorstelnieting,tslaatstewijzgbasystematiek) VALUES('10122','10026','2005-01-12 00:00:00+00',null,'10638',null,null,'10638','2005-01-12 00:00:00+00','1','FALSE',null);
INSERT INTO kern.his_persafgeleidadministrati (id,pers,tsreg,tsverval,actieinh,actieverval,nadereaandverval,admhnd,tslaatstewijz,sorteervolgorde,indonverwbijhvoorstelnieting,tslaatstewijzgbasystematiek) VALUES('10123','10026','2000-01-01 00:00:00+00','2005-01-12 00:00:00+00','10940','10638',null,'10940','2000-01-01 00:00:00+00','1','FALSE',null);
INSERT INTO kern.his_persafgeleidadministrati (id,pers,tsreg,tsverval,actieinh,actieverval,nadereaandverval,admhnd,tslaatstewijz,sorteervolgorde,indonverwbijhvoorstelnieting,tslaatstewijzgbasystematiek) VALUES('10124','10026','1991-07-21 04:00:00+00','2000-01-01 00:00:00+00','10939','10940',null,'10939','1991-07-21 00:00:00+00','1','FALSE',null);
INSERT INTO kern.his_persafgeleidadministrati (id,pers,tsreg,tsverval,actieinh,actieverval,nadereaandverval,admhnd,tslaatstewijz,sorteervolgorde,indonverwbijhvoorstelnieting,tslaatstewijzgbasystematiek) VALUES('10125','10026','1991-07-21 00:00:00+00','1991-07-21 04:00:00+00','10026','10939',null,'10026','1991-07-21 00:00:00+00','1','FALSE',null);
INSERT INTO kern.his_persafgeleidadministrati (id,pers,tsreg,tsverval,actieinh,actieverval,nadereaandverval,admhnd,tslaatstewijz,sorteervolgorde,indonverwbijhvoorstelnieting,tslaatstewijzgbasystematiek) VALUES('10126','10027','2003-10-24 00:00:00+00',null,'10938',null,null,'10938','2003-10-24 00:00:00+00','1','FALSE',null);
INSERT INTO kern.his_persafgeleidadministrati (id,pers,tsreg,tsverval,actieinh,actieverval,nadereaandverval,admhnd,tslaatstewijz,sorteervolgorde,indonverwbijhvoorstelnieting,tslaatstewijzgbasystematiek) VALUES('10127','10027','2003-03-28 00:00:00+00','2003-10-24 00:00:00+00','10646','10938',null,'10646','2003-03-28 00:00:00+00','1','FALSE',null);
INSERT INTO kern.his_persafgeleidadministrati (id,pers,tsreg,tsverval,actieinh,actieverval,nadereaandverval,admhnd,tslaatstewijz,sorteervolgorde,indonverwbijhvoorstelnieting,tslaatstewijzgbasystematiek) VALUES('10128','10027','1991-09-11 04:00:00+00','2003-03-28 00:00:00+00','10937','10646',null,'10937','1991-09-11 00:00:00+00','1','FALSE',null);
INSERT INTO kern.his_persafgeleidadministrati (id,pers,tsreg,tsverval,actieinh,actieverval,nadereaandverval,admhnd,tslaatstewijz,sorteervolgorde,indonverwbijhvoorstelnieting,tslaatstewijzgbasystematiek) VALUES('10129','10027','1991-09-11 00:00:00+00','1991-09-11 04:00:00+00','10027','10937',null,'10027','1991-09-11 00:00:00+00','1','FALSE',null);
INSERT INTO kern.his_persafgeleidadministrati (id,pers,tsreg,tsverval,actieinh,actieverval,nadereaandverval,admhnd,tslaatstewijz,sorteervolgorde,indonverwbijhvoorstelnieting,tslaatstewijzgbasystematiek) VALUES('10130','10028','2013-03-10 00:00:00+00',null,'10651',null,null,'10651','2013-03-10 00:00:00+00','1','FALSE',null);
INSERT INTO kern.his_persafgeleidadministrati (id,pers,tsreg,tsverval,actieinh,actieverval,nadereaandverval,admhnd,tslaatstewijz,sorteervolgorde,indonverwbijhvoorstelnieting,tslaatstewijzgbasystematiek) VALUES('10131','10028','2000-10-22 00:00:00+00','2013-03-10 00:00:00+00','10628','10651',null,'10628','2000-10-22 00:00:00+00','1','FALSE',null);
INSERT INTO kern.his_persafgeleidadministrati (id,pers,tsreg,tsverval,actieinh,actieverval,nadereaandverval,admhnd,tslaatstewijz,sorteervolgorde,indonverwbijhvoorstelnieting,tslaatstewijzgbasystematiek) VALUES('10132','10028','1999-06-16 00:00:00+00','2000-10-22 00:00:00+00','10936','10628',null,'10936','1999-06-16 00:00:00+00','1','FALSE',null);
INSERT INTO kern.his_persafgeleidadministrati (id,pers,tsreg,tsverval,actieinh,actieverval,nadereaandverval,admhnd,tslaatstewijz,sorteervolgorde,indonverwbijhvoorstelnieting,tslaatstewijzgbasystematiek) VALUES('10133','10028','1990-07-22 04:00:00+00','1999-06-16 00:00:00+00','10935','10936',null,'10935','1990-07-22 00:00:00+00','1','FALSE',null);
INSERT INTO kern.his_persafgeleidadministrati (id,pers,tsreg,tsverval,actieinh,actieverval,nadereaandverval,admhnd,tslaatstewijz,sorteervolgorde,indonverwbijhvoorstelnieting,tslaatstewijzgbasystematiek) VALUES('10134','10028','1990-07-22 00:00:00+00','1990-07-22 04:00:00+00','10028','10935',null,'10028','1990-07-22 00:00:00+00','1','FALSE',null);
INSERT INTO kern.his_persafgeleidadministrati (id,pers,tsreg,tsverval,actieinh,actieverval,nadereaandverval,admhnd,tslaatstewijz,sorteervolgorde,indonverwbijhvoorstelnieting,tslaatstewijzgbasystematiek) VALUES('10135','10029','1920-04-30 00:00:00+00',null,'10029',null,null,'10029','1920-04-30 00:00:00+00','1','FALSE',null);
INSERT INTO kern.his_persafgeleidadministrati (id,pers,tsreg,tsverval,actieinh,actieverval,nadereaandverval,admhnd,tslaatstewijz,sorteervolgorde,indonverwbijhvoorstelnieting,tslaatstewijzgbasystematiek) VALUES('10136','10030','2012-06-20 00:00:00+00',null,'10934',null,null,'10934','2012-06-20 00:00:00+00','1','FALSE',null);
INSERT INTO kern.his_persafgeleidadministrati (id,pers,tsreg,tsverval,actieinh,actieverval,nadereaandverval,admhnd,tslaatstewijz,sorteervolgorde,indonverwbijhvoorstelnieting,tslaatstewijzgbasystematiek) VALUES('10137','10030','2009-12-01 00:00:00+00','2012-06-20 00:00:00+00','10933','10934',null,'10933','2009-12-01 00:00:00+00','1','FALSE',null);
INSERT INTO kern.his_persafgeleidadministrati (id,pers,tsreg,tsverval,actieinh,actieverval,nadereaandverval,admhnd,tslaatstewijz,sorteervolgorde,indonverwbijhvoorstelnieting,tslaatstewijzgbasystematiek) VALUES('10138','10030','2006-02-01 00:00:00+00','2009-12-01 00:00:00+00','10932','10933',null,'10932','2006-02-01 00:00:00+00','1','FALSE',null);
INSERT INTO kern.his_persafgeleidadministrati (id,pers,tsreg,tsverval,actieinh,actieverval,nadereaandverval,admhnd,tslaatstewijz,sorteervolgorde,indonverwbijhvoorstelnieting,tslaatstewijzgbasystematiek) VALUES('10139','10030','1922-04-19 04:00:00+00','2006-02-01 00:00:00+00','10931','10932',null,'10931','1922-04-19 00:00:00+00','1','FALSE',null);
INSERT INTO kern.his_persafgeleidadministrati (id,pers,tsreg,tsverval,actieinh,actieverval,nadereaandverval,admhnd,tslaatstewijz,sorteervolgorde,indonverwbijhvoorstelnieting,tslaatstewijzgbasystematiek) VALUES('10140','10030','1922-04-19 00:00:00+00','1922-04-19 04:00:00+00','10030','10931',null,'10030','1922-04-19 00:00:00+00','1','FALSE',null);
INSERT INTO kern.his_persafgeleidadministrati (id,pers,tsreg,tsverval,actieinh,actieverval,nadereaandverval,admhnd,tslaatstewijz,sorteervolgorde,indonverwbijhvoorstelnieting,tslaatstewijzgbasystematiek) VALUES('10141','10031','2012-03-06 00:00:00+00',null,'10930',null,null,'10930','2012-03-06 00:00:00+00','1','FALSE',null);
INSERT INTO kern.his_persafgeleidadministrati (id,pers,tsreg,tsverval,actieinh,actieverval,nadereaandverval,admhnd,tslaatstewijz,sorteervolgorde,indonverwbijhvoorstelnieting,tslaatstewijzgbasystematiek) VALUES('10142','10031','2001-09-26 00:00:00+00','2012-03-06 00:00:00+00','10929','10930',null,'10929','2001-09-26 00:00:00+00','1','FALSE',null);
INSERT INTO kern.his_persafgeleidadministrati (id,pers,tsreg,tsverval,actieinh,actieverval,nadereaandverval,admhnd,tslaatstewijz,sorteervolgorde,indonverwbijhvoorstelnieting,tslaatstewijzgbasystematiek) VALUES('10143','10031','2000-08-27 00:00:00+00','2001-09-26 00:00:00+00','10928','10929',null,'10928','2000-08-27 00:00:00+00','1','FALSE',null);
INSERT INTO kern.his_persafgeleidadministrati (id,pers,tsreg,tsverval,actieinh,actieverval,nadereaandverval,admhnd,tslaatstewijz,sorteervolgorde,indonverwbijhvoorstelnieting,tslaatstewijzgbasystematiek) VALUES('10144','10031','1992-02-19 04:00:00+00','2000-08-27 00:00:00+00','10927','10928',null,'10927','1992-02-19 00:00:00+00','1','FALSE',null);
INSERT INTO kern.his_persafgeleidadministrati (id,pers,tsreg,tsverval,actieinh,actieverval,nadereaandverval,admhnd,tslaatstewijz,sorteervolgorde,indonverwbijhvoorstelnieting,tslaatstewijzgbasystematiek) VALUES('10145','10031','1992-02-19 00:00:00+00','1992-02-19 04:00:00+00','10031','10927',null,'10031','1992-02-19 00:00:00+00','1','FALSE',null);
INSERT INTO kern.his_persafgeleidadministrati (id,pers,tsreg,tsverval,actieinh,actieverval,nadereaandverval,admhnd,tslaatstewijz,sorteervolgorde,indonverwbijhvoorstelnieting,tslaatstewijzgbasystematiek) VALUES('10146','10032','2012-06-21 00:00:00+00',null,'10926',null,null,'10926','2012-06-21 00:00:00+00','1','FALSE',null);
INSERT INTO kern.his_persafgeleidadministrati (id,pers,tsreg,tsverval,actieinh,actieverval,nadereaandverval,admhnd,tslaatstewijz,sorteervolgorde,indonverwbijhvoorstelnieting,tslaatstewijzgbasystematiek) VALUES('10147','10032','2001-03-01 00:00:00+00','2012-06-21 00:00:00+00','10925','10926',null,'10925','2001-03-01 00:00:00+00','1','FALSE',null);
INSERT INTO kern.his_persafgeleidadministrati (id,pers,tsreg,tsverval,actieinh,actieverval,nadereaandverval,admhnd,tslaatstewijz,sorteervolgorde,indonverwbijhvoorstelnieting,tslaatstewijzgbasystematiek) VALUES('10148','10032','1976-07-01 00:00:00+00','2001-03-01 00:00:00+00','10632','10925',null,'10632','1976-07-01 00:00:00+00','1','FALSE',null);
INSERT INTO kern.his_persafgeleidadministrati (id,pers,tsreg,tsverval,actieinh,actieverval,nadereaandverval,admhnd,tslaatstewijz,sorteervolgorde,indonverwbijhvoorstelnieting,tslaatstewijzgbasystematiek) VALUES('10149','10032','1967-06-01 00:00:00+00','1976-07-01 00:00:00+00','10924','10632',null,'10924','1967-06-01 00:00:00+00','1','FALSE',null);
INSERT INTO kern.his_persafgeleidadministrati (id,pers,tsreg,tsverval,actieinh,actieverval,nadereaandverval,admhnd,tslaatstewijz,sorteervolgorde,indonverwbijhvoorstelnieting,tslaatstewijzgbasystematiek) VALUES('10150','10032','1951-09-23 04:00:00+00','1967-06-01 00:00:00+00','10923','10924',null,'10923','1951-09-23 00:00:00+00','1','FALSE',null);
INSERT INTO kern.his_persafgeleidadministrati (id,pers,tsreg,tsverval,actieinh,actieverval,nadereaandverval,admhnd,tslaatstewijz,sorteervolgorde,indonverwbijhvoorstelnieting,tslaatstewijzgbasystematiek) VALUES('10151','10032','1951-09-23 00:00:00+00','1951-09-23 04:00:00+00','10032','10923',null,'10032','1951-09-23 00:00:00+00','1','FALSE',null);
INSERT INTO kern.his_persafgeleidadministrati (id,pers,tsreg,tsverval,actieinh,actieverval,nadereaandverval,admhnd,tslaatstewijz,sorteervolgorde,indonverwbijhvoorstelnieting,tslaatstewijzgbasystematiek) VALUES('10152','10033','2012-06-21 00:00:00+00',null,'10922',null,null,'10922','2012-06-21 00:00:00+00','1','FALSE',null);
INSERT INTO kern.his_persafgeleidadministrati (id,pers,tsreg,tsverval,actieinh,actieverval,nadereaandverval,admhnd,tslaatstewijz,sorteervolgorde,indonverwbijhvoorstelnieting,tslaatstewijzgbasystematiek) VALUES('10153','10033','2001-03-01 00:00:00+00','2012-06-21 00:00:00+00','10921','10922',null,'10921','2001-03-01 00:00:00+00','1','FALSE',null);
INSERT INTO kern.his_persafgeleidadministrati (id,pers,tsreg,tsverval,actieinh,actieverval,nadereaandverval,admhnd,tslaatstewijz,sorteervolgorde,indonverwbijhvoorstelnieting,tslaatstewijzgbasystematiek) VALUES('10154','10033','1976-07-01 00:00:00+00','2001-03-01 00:00:00+00','10632','10921',null,'10632','1976-07-01 00:00:00+00','1','FALSE',null);
INSERT INTO kern.his_persafgeleidadministrati (id,pers,tsreg,tsverval,actieinh,actieverval,nadereaandverval,admhnd,tslaatstewijz,sorteervolgorde,indonverwbijhvoorstelnieting,tslaatstewijzgbasystematiek) VALUES('10155','10033','1967-06-01 00:00:00+00','1976-07-01 00:00:00+00','10920','10632',null,'10920','1967-06-01 00:00:00+00','1','FALSE',null);
INSERT INTO kern.his_persafgeleidadministrati (id,pers,tsreg,tsverval,actieinh,actieverval,nadereaandverval,admhnd,tslaatstewijz,sorteervolgorde,indonverwbijhvoorstelnieting,tslaatstewijzgbasystematiek) VALUES('10156','10033','1953-11-16 04:00:00+00','1967-06-01 00:00:00+00','10919','10920',null,'10919','1953-11-16 00:00:00+00','1','FALSE',null);
INSERT INTO kern.his_persafgeleidadministrati (id,pers,tsreg,tsverval,actieinh,actieverval,nadereaandverval,admhnd,tslaatstewijz,sorteervolgorde,indonverwbijhvoorstelnieting,tslaatstewijzgbasystematiek) VALUES('10157','10033','1953-11-16 00:00:00+00','1953-11-16 04:00:00+00','10033','10919',null,'10033','1953-11-16 00:00:00+00','1','FALSE',null);
INSERT INTO kern.his_persafgeleidadministrati (id,pers,tsreg,tsverval,actieinh,actieverval,nadereaandverval,admhnd,tslaatstewijz,sorteervolgorde,indonverwbijhvoorstelnieting,tslaatstewijzgbasystematiek) VALUES('10158','10034','2009-07-01 00:00:00+00',null,'10918',null,null,'10918','2009-07-01 00:00:00+00','1','FALSE',null);
INSERT INTO kern.his_persafgeleidadministrati (id,pers,tsreg,tsverval,actieinh,actieverval,nadereaandverval,admhnd,tslaatstewijz,sorteervolgorde,indonverwbijhvoorstelnieting,tslaatstewijzgbasystematiek) VALUES('10159','10034','2008-02-18 00:00:00+00','2009-07-01 00:00:00+00','10917','10918',null,'10917','2008-02-18 00:00:00+00','1','FALSE',null);
INSERT INTO kern.his_persafgeleidadministrati (id,pers,tsreg,tsverval,actieinh,actieverval,nadereaandverval,admhnd,tslaatstewijz,sorteervolgorde,indonverwbijhvoorstelnieting,tslaatstewijzgbasystematiek) VALUES('10160','10034','2007-04-06 00:00:00+00','2008-02-18 00:00:00+00','10916','10917',null,'10916','2007-04-06 00:00:00+00','1','FALSE',null);
INSERT INTO kern.his_persafgeleidadministrati (id,pers,tsreg,tsverval,actieinh,actieverval,nadereaandverval,admhnd,tslaatstewijz,sorteervolgorde,indonverwbijhvoorstelnieting,tslaatstewijzgbasystematiek) VALUES('10161','10034','1939-04-02 04:00:00+00','2007-04-06 00:00:00+00','10915','10916',null,'10915','1939-04-02 00:00:00+00','1','FALSE',null);
INSERT INTO kern.his_persafgeleidadministrati (id,pers,tsreg,tsverval,actieinh,actieverval,nadereaandverval,admhnd,tslaatstewijz,sorteervolgorde,indonverwbijhvoorstelnieting,tslaatstewijzgbasystematiek) VALUES('10162','10034','1939-04-02 00:00:00+00','1939-04-02 04:00:00+00','10034','10915',null,'10034','1939-04-02 00:00:00+00','1','FALSE',null);
INSERT INTO kern.his_persafgeleidadministrati (id,pers,tsreg,tsverval,actieinh,actieverval,nadereaandverval,admhnd,tslaatstewijz,sorteervolgorde,indonverwbijhvoorstelnieting,tslaatstewijzgbasystematiek) VALUES('10163','10035','2009-03-01 00:00:00+00',null,'10914',null,null,'10914','2009-03-01 00:00:00+00','1','FALSE',null);
INSERT INTO kern.his_persafgeleidadministrati (id,pers,tsreg,tsverval,actieinh,actieverval,nadereaandverval,admhnd,tslaatstewijz,sorteervolgorde,indonverwbijhvoorstelnieting,tslaatstewijzgbasystematiek) VALUES('10164','10035','2008-11-01 00:00:00+00','2009-03-01 00:00:00+00','10913','10914',null,'10913','2008-11-01 00:00:00+00','1','FALSE',null);
INSERT INTO kern.his_persafgeleidadministrati (id,pers,tsreg,tsverval,actieinh,actieverval,nadereaandverval,admhnd,tslaatstewijz,sorteervolgorde,indonverwbijhvoorstelnieting,tslaatstewijzgbasystematiek) VALUES('10165','10035','2005-12-01 00:00:00+00','2008-11-01 00:00:00+00','10635','10913',null,'10635','2005-12-01 00:00:00+00','1','FALSE',null);
INSERT INTO kern.his_persafgeleidadministrati (id,pers,tsreg,tsverval,actieinh,actieverval,nadereaandverval,admhnd,tslaatstewijz,sorteervolgorde,indonverwbijhvoorstelnieting,tslaatstewijzgbasystematiek) VALUES('10166','10035','2005-01-12 00:00:00+00','2005-12-01 00:00:00+00','10634','10635',null,'10634','2005-01-12 00:00:00+00','1','FALSE',null);
INSERT INTO kern.his_persafgeleidadministrati (id,pers,tsreg,tsverval,actieinh,actieverval,nadereaandverval,admhnd,tslaatstewijz,sorteervolgorde,indonverwbijhvoorstelnieting,tslaatstewijzgbasystematiek) VALUES('10167','10035','2005-01-01 04:00:00+00','2005-01-12 00:00:00+00','10912','10634',null,'10912','2005-01-01 00:00:00+00','1','FALSE',null);
INSERT INTO kern.his_persafgeleidadministrati (id,pers,tsreg,tsverval,actieinh,actieverval,nadereaandverval,admhnd,tslaatstewijz,sorteervolgorde,indonverwbijhvoorstelnieting,tslaatstewijzgbasystematiek) VALUES('10168','10035','2005-01-01 00:00:00+00','2005-01-01 04:00:00+00','10633','10912',null,'10633','2005-01-01 00:00:00+00','1','FALSE',null);
INSERT INTO kern.his_persafgeleidadministrati (id,pers,tsreg,tsverval,actieinh,actieverval,nadereaandverval,admhnd,tslaatstewijz,sorteervolgorde,indonverwbijhvoorstelnieting,tslaatstewijzgbasystematiek) VALUES('10169','10035','1984-12-03 04:00:00+00','2005-01-01 00:00:00+00','10911','10633',null,'10911','1984-12-03 00:00:00+00','1','FALSE',null);
INSERT INTO kern.his_persafgeleidadministrati (id,pers,tsreg,tsverval,actieinh,actieverval,nadereaandverval,admhnd,tslaatstewijz,sorteervolgorde,indonverwbijhvoorstelnieting,tslaatstewijzgbasystematiek) VALUES('10170','10035','1984-12-03 00:00:00+00','1984-12-03 04:00:00+00','10035','10911',null,'10035','1984-12-03 00:00:00+00','1','FALSE',null);
INSERT INTO kern.his_persafgeleidadministrati (id,pers,tsreg,tsverval,actieinh,actieverval,nadereaandverval,admhnd,tslaatstewijz,sorteervolgorde,indonverwbijhvoorstelnieting,tslaatstewijzgbasystematiek) VALUES('10171','10036','2009-03-01 00:00:00+00',null,'10910',null,null,'10910','2009-03-01 00:00:00+00','1','FALSE',null);
INSERT INTO kern.his_persafgeleidadministrati (id,pers,tsreg,tsverval,actieinh,actieverval,nadereaandverval,admhnd,tslaatstewijz,sorteervolgorde,indonverwbijhvoorstelnieting,tslaatstewijzgbasystematiek) VALUES('10172','10036','2008-11-01 00:00:00+00','2009-03-01 00:00:00+00','10909','10910',null,'10909','2008-11-01 00:00:00+00','1','FALSE',null);
INSERT INTO kern.his_persafgeleidadministrati (id,pers,tsreg,tsverval,actieinh,actieverval,nadereaandverval,admhnd,tslaatstewijz,sorteervolgorde,indonverwbijhvoorstelnieting,tslaatstewijzgbasystematiek) VALUES('10173','10036','2005-12-01 00:00:00+00','2008-11-01 00:00:00+00','10635','10909',null,'10635','2005-12-01 00:00:00+00','1','FALSE',null);
INSERT INTO kern.his_persafgeleidadministrati (id,pers,tsreg,tsverval,actieinh,actieverval,nadereaandverval,admhnd,tslaatstewijz,sorteervolgorde,indonverwbijhvoorstelnieting,tslaatstewijzgbasystematiek) VALUES('10174','10036','2005-01-12 00:00:00+00','2005-12-01 00:00:00+00','10634','10635',null,'10634','2005-01-12 00:00:00+00','1','FALSE',null);
INSERT INTO kern.his_persafgeleidadministrati (id,pers,tsreg,tsverval,actieinh,actieverval,nadereaandverval,admhnd,tslaatstewijz,sorteervolgorde,indonverwbijhvoorstelnieting,tslaatstewijzgbasystematiek) VALUES('10175','10036','2005-01-01 04:00:00+00','2005-01-12 00:00:00+00','10908','10634',null,'10908','2005-01-01 00:00:00+00','1','FALSE',null);
INSERT INTO kern.his_persafgeleidadministrati (id,pers,tsreg,tsverval,actieinh,actieverval,nadereaandverval,admhnd,tslaatstewijz,sorteervolgorde,indonverwbijhvoorstelnieting,tslaatstewijzgbasystematiek) VALUES('10176','10036','2005-01-01 00:00:00+00','2005-01-01 04:00:00+00','10633','10908',null,'10633','2005-01-01 00:00:00+00','1','FALSE',null);
INSERT INTO kern.his_persafgeleidadministrati (id,pers,tsreg,tsverval,actieinh,actieverval,nadereaandverval,admhnd,tslaatstewijz,sorteervolgorde,indonverwbijhvoorstelnieting,tslaatstewijzgbasystematiek) VALUES('10177','10036','1985-10-11 04:00:00+00','2005-01-01 00:00:00+00','10907','10633',null,'10907','1985-10-11 00:00:00+00','1','FALSE',null);
INSERT INTO kern.his_persafgeleidadministrati (id,pers,tsreg,tsverval,actieinh,actieverval,nadereaandverval,admhnd,tslaatstewijz,sorteervolgorde,indonverwbijhvoorstelnieting,tslaatstewijzgbasystematiek) VALUES('10178','10036','1985-10-11 00:00:00+00','1985-10-11 04:00:00+00','10036','10907',null,'10036','1985-10-11 00:00:00+00','1','FALSE',null);
INSERT INTO kern.his_persafgeleidadministrati (id,pers,tsreg,tsverval,actieinh,actieverval,nadereaandverval,admhnd,tslaatstewijz,sorteervolgorde,indonverwbijhvoorstelnieting,tslaatstewijzgbasystematiek) VALUES('10179','10037','2009-03-01 00:00:00+00',null,'10906',null,null,'10906','2009-03-01 00:00:00+00','1','FALSE',null);
INSERT INTO kern.his_persafgeleidadministrati (id,pers,tsreg,tsverval,actieinh,actieverval,nadereaandverval,admhnd,tslaatstewijz,sorteervolgorde,indonverwbijhvoorstelnieting,tslaatstewijzgbasystematiek) VALUES('10180','10037','2008-11-01 00:00:00+00','2009-03-01 00:00:00+00','10905','10906',null,'10905','2008-11-01 00:00:00+00','1','FALSE',null);
INSERT INTO kern.his_persafgeleidadministrati (id,pers,tsreg,tsverval,actieinh,actieverval,nadereaandverval,admhnd,tslaatstewijz,sorteervolgorde,indonverwbijhvoorstelnieting,tslaatstewijzgbasystematiek) VALUES('10181','10037','2005-01-12 08:00:00+00','2008-11-01 00:00:00+00','10904','10905',null,'10904','2005-01-12 00:00:00+00','1','FALSE',null);
INSERT INTO kern.his_persafgeleidadministrati (id,pers,tsreg,tsverval,actieinh,actieverval,nadereaandverval,admhnd,tslaatstewijz,sorteervolgorde,indonverwbijhvoorstelnieting,tslaatstewijzgbasystematiek) VALUES('10182','10037','2005-01-12 04:00:00+00','2005-01-12 08:00:00+00','10634','10904',null,'10634','2005-01-12 00:00:00+00','1','FALSE',null);
INSERT INTO kern.his_persafgeleidadministrati (id,pers,tsreg,tsverval,actieinh,actieverval,nadereaandverval,admhnd,tslaatstewijz,sorteervolgorde,indonverwbijhvoorstelnieting,tslaatstewijzgbasystematiek) VALUES('10183','10037','2005-01-12 00:00:00+00','2005-01-12 04:00:00+00','10037','10634',null,'10037','2005-01-12 00:00:00+00','1','FALSE',null);
INSERT INTO kern.his_persafgeleidadministrati (id,pers,tsreg,tsverval,actieinh,actieverval,nadereaandverval,admhnd,tslaatstewijz,sorteervolgorde,indonverwbijhvoorstelnieting,tslaatstewijzgbasystematiek) VALUES('10184','10037','2003-03-28 00:00:00+00','2005-01-12 00:00:00+00','10647','10037',null,'10647','2003-03-28 00:00:00+00','1','FALSE',null);
INSERT INTO kern.his_persafgeleidadministrati (id,pers,tsreg,tsverval,actieinh,actieverval,nadereaandverval,admhnd,tslaatstewijz,sorteervolgorde,indonverwbijhvoorstelnieting,tslaatstewijzgbasystematiek) VALUES('10185','10038','2009-03-01 00:00:00+00',null,'10903',null,null,'10903','2009-03-01 00:00:00+00','1','FALSE',null);
INSERT INTO kern.his_persafgeleidadministrati (id,pers,tsreg,tsverval,actieinh,actieverval,nadereaandverval,admhnd,tslaatstewijz,sorteervolgorde,indonverwbijhvoorstelnieting,tslaatstewijzgbasystematiek) VALUES('10186','10038','2008-11-01 00:00:00+00','2009-03-01 00:00:00+00','10902','10903',null,'10902','2008-11-01 00:00:00+00','1','FALSE',null);
INSERT INTO kern.his_persafgeleidadministrati (id,pers,tsreg,tsverval,actieinh,actieverval,nadereaandverval,admhnd,tslaatstewijz,sorteervolgorde,indonverwbijhvoorstelnieting,tslaatstewijzgbasystematiek) VALUES('10187','10038','2005-12-01 08:00:00+00','2008-11-01 00:00:00+00','10901','10902',null,'10901','2005-12-01 00:00:00+00','1','FALSE',null);
INSERT INTO kern.his_persafgeleidadministrati (id,pers,tsreg,tsverval,actieinh,actieverval,nadereaandverval,admhnd,tslaatstewijz,sorteervolgorde,indonverwbijhvoorstelnieting,tslaatstewijzgbasystematiek) VALUES('10188','10038','2005-12-01 04:00:00+00','2005-12-01 08:00:00+00','10635','10901',null,'10635','2005-12-01 00:00:00+00','1','FALSE',null);
INSERT INTO kern.his_persafgeleidadministrati (id,pers,tsreg,tsverval,actieinh,actieverval,nadereaandverval,admhnd,tslaatstewijz,sorteervolgorde,indonverwbijhvoorstelnieting,tslaatstewijzgbasystematiek) VALUES('10189','10038','2005-12-01 00:00:00+00','2005-12-01 04:00:00+00','10038','10635',null,'10038','2005-12-01 00:00:00+00','1','FALSE',null);
INSERT INTO kern.his_persafgeleidadministrati (id,pers,tsreg,tsverval,actieinh,actieverval,nadereaandverval,admhnd,tslaatstewijz,sorteervolgorde,indonverwbijhvoorstelnieting,tslaatstewijzgbasystematiek) VALUES('10190','10038','2003-03-28 00:00:00+00','2005-12-01 00:00:00+00','10647','10038',null,'10647','2003-03-28 00:00:00+00','1','FALSE',null);
INSERT INTO kern.his_persafgeleidadministrati (id,pers,tsreg,tsverval,actieinh,actieverval,nadereaandverval,admhnd,tslaatstewijz,sorteervolgorde,indonverwbijhvoorstelnieting,tslaatstewijzgbasystematiek) VALUES('10191','10039','2012-05-22 00:00:00+00',null,'10900',null,null,'10900','2012-05-22 00:00:00+00','1','FALSE',null);
INSERT INTO kern.his_persafgeleidadministrati (id,pers,tsreg,tsverval,actieinh,actieverval,nadereaandverval,admhnd,tslaatstewijz,sorteervolgorde,indonverwbijhvoorstelnieting,tslaatstewijzgbasystematiek) VALUES('10192','10039','2011-12-01 00:00:00+00','2012-05-22 00:00:00+00','10899','10900',null,'10899','2011-12-01 00:00:00+00','1','FALSE',null);
INSERT INTO kern.his_persafgeleidadministrati (id,pers,tsreg,tsverval,actieinh,actieverval,nadereaandverval,admhnd,tslaatstewijz,sorteervolgorde,indonverwbijhvoorstelnieting,tslaatstewijzgbasystematiek) VALUES('10193','10039','2010-12-01 00:00:00+00','2011-12-01 00:00:00+00','10898','10899',null,'10898','2010-12-01 00:00:00+00','1','FALSE',null);
INSERT INTO kern.his_persafgeleidadministrati (id,pers,tsreg,tsverval,actieinh,actieverval,nadereaandverval,admhnd,tslaatstewijz,sorteervolgorde,indonverwbijhvoorstelnieting,tslaatstewijzgbasystematiek) VALUES('10194','10039','1991-03-15 04:00:00+00','2010-12-01 00:00:00+00','10897','10898',null,'10897','1991-03-15 00:00:00+00','1','FALSE',null);
INSERT INTO kern.his_persafgeleidadministrati (id,pers,tsreg,tsverval,actieinh,actieverval,nadereaandverval,admhnd,tslaatstewijz,sorteervolgorde,indonverwbijhvoorstelnieting,tslaatstewijzgbasystematiek) VALUES('10195','10039','1991-03-15 00:00:00+00','1991-03-15 04:00:00+00','10039','10897',null,'10039','1991-03-15 00:00:00+00','1','FALSE',null);
INSERT INTO kern.his_persafgeleidadministrati (id,pers,tsreg,tsverval,actieinh,actieverval,nadereaandverval,admhnd,tslaatstewijz,sorteervolgorde,indonverwbijhvoorstelnieting,tslaatstewijzgbasystematiek) VALUES('10196','10040','2001-05-17 04:00:00+00',null,'10896',null,null,'10896','2001-05-17 00:00:00+00','1','FALSE',null);
INSERT INTO kern.his_persafgeleidadministrati (id,pers,tsreg,tsverval,actieinh,actieverval,nadereaandverval,admhnd,tslaatstewijz,sorteervolgorde,indonverwbijhvoorstelnieting,tslaatstewijzgbasystematiek) VALUES('10197','10040','2001-05-17 00:00:00+00','2001-05-17 04:00:00+00','10040','10896',null,'10040','2001-05-17 00:00:00+00','1','FALSE',null);
INSERT INTO kern.his_persafgeleidadministrati (id,pers,tsreg,tsverval,actieinh,actieverval,nadereaandverval,admhnd,tslaatstewijz,sorteervolgorde,indonverwbijhvoorstelnieting,tslaatstewijzgbasystematiek) VALUES('10198','10041','2009-02-06 00:00:00+00',null,'10629',null,null,'10629','2009-02-06 00:00:00+00','1','FALSE',null);
INSERT INTO kern.his_persafgeleidadministrati (id,pers,tsreg,tsverval,actieinh,actieverval,nadereaandverval,admhnd,tslaatstewijz,sorteervolgorde,indonverwbijhvoorstelnieting,tslaatstewijzgbasystematiek) VALUES('10199','10041','2009-02-01 00:00:00+00','2009-02-06 00:00:00+00','10895','10629',null,'10895','2009-02-01 00:00:00+00','1','FALSE',null);
INSERT INTO kern.his_persafgeleidadministrati (id,pers,tsreg,tsverval,actieinh,actieverval,nadereaandverval,admhnd,tslaatstewijz,sorteervolgorde,indonverwbijhvoorstelnieting,tslaatstewijzgbasystematiek) VALUES('10200','10041','2006-05-23 00:00:00+00','2009-02-01 00:00:00+00','10894','10895',null,'10894','2006-05-23 00:00:00+00','1','FALSE',null);
INSERT INTO kern.his_persafgeleidadministrati (id,pers,tsreg,tsverval,actieinh,actieverval,nadereaandverval,admhnd,tslaatstewijz,sorteervolgorde,indonverwbijhvoorstelnieting,tslaatstewijzgbasystematiek) VALUES('10201','10041','2004-08-19 00:00:00+00','2006-05-23 00:00:00+00','10893','10894',null,'10893','2004-08-19 00:00:00+00','1','FALSE',null);
INSERT INTO kern.his_persafgeleidadministrati (id,pers,tsreg,tsverval,actieinh,actieverval,nadereaandverval,admhnd,tslaatstewijz,sorteervolgorde,indonverwbijhvoorstelnieting,tslaatstewijzgbasystematiek) VALUES('10202','10041','2001-05-17 00:00:00+00','2004-08-19 00:00:00+00','10892','10893',null,'10892','2001-05-17 00:00:00+00','1','FALSE',null);
INSERT INTO kern.his_persafgeleidadministrati (id,pers,tsreg,tsverval,actieinh,actieverval,nadereaandverval,admhnd,tslaatstewijz,sorteervolgorde,indonverwbijhvoorstelnieting,tslaatstewijzgbasystematiek) VALUES('10203','10041','1968-08-09 00:00:00+00','2001-05-17 00:00:00+00','10041','10892',null,'10041','1968-08-09 00:00:00+00','1','FALSE',null);
INSERT INTO kern.his_persafgeleidadministrati (id,pers,tsreg,tsverval,actieinh,actieverval,nadereaandverval,admhnd,tslaatstewijz,sorteervolgorde,indonverwbijhvoorstelnieting,tslaatstewijzgbasystematiek) VALUES('10204','10042','2001-03-28 00:00:00+00',null,'10891',null,null,'10891','2001-03-28 00:00:00+00','1','FALSE',null);
INSERT INTO kern.his_persafgeleidadministrati (id,pers,tsreg,tsverval,actieinh,actieverval,nadereaandverval,admhnd,tslaatstewijz,sorteervolgorde,indonverwbijhvoorstelnieting,tslaatstewijzgbasystematiek) VALUES('10205','10042','2000-10-22 00:00:00+00','2001-03-28 00:00:00+00','10628','10891',null,'10628','2000-10-22 00:00:00+00','1','FALSE',null);
INSERT INTO kern.his_persafgeleidadministrati (id,pers,tsreg,tsverval,actieinh,actieverval,nadereaandverval,admhnd,tslaatstewijz,sorteervolgorde,indonverwbijhvoorstelnieting,tslaatstewijzgbasystematiek) VALUES('10206','10042','1980-06-10 00:00:00+00','2000-10-22 00:00:00+00','10630','10628',null,'10630','1980-06-10 00:00:00+00','1','FALSE',null);
INSERT INTO kern.his_persafgeleidadministrati (id,pers,tsreg,tsverval,actieinh,actieverval,nadereaandverval,admhnd,tslaatstewijz,sorteervolgorde,indonverwbijhvoorstelnieting,tslaatstewijzgbasystematiek) VALUES('10207','10042','1958-09-21 04:00:00+00','1980-06-10 00:00:00+00','10890','10630',null,'10890','1958-09-21 00:00:00+00','1','FALSE',null);
INSERT INTO kern.his_persafgeleidadministrati (id,pers,tsreg,tsverval,actieinh,actieverval,nadereaandverval,admhnd,tslaatstewijz,sorteervolgorde,indonverwbijhvoorstelnieting,tslaatstewijzgbasystematiek) VALUES('10208','10042','1958-09-21 00:00:00+00','1958-09-21 04:00:00+00','10042','10890',null,'10042','1958-09-21 00:00:00+00','1','FALSE',null);
INSERT INTO kern.his_persafgeleidadministrati (id,pers,tsreg,tsverval,actieinh,actieverval,nadereaandverval,admhnd,tslaatstewijz,sorteervolgorde,indonverwbijhvoorstelnieting,tslaatstewijzgbasystematiek) VALUES('10209','10043','2000-10-22 00:00:00+00',null,'10628',null,null,'10628','2000-10-22 00:00:00+00','1','FALSE',null);
INSERT INTO kern.his_persafgeleidadministrati (id,pers,tsreg,tsverval,actieinh,actieverval,nadereaandverval,admhnd,tslaatstewijz,sorteervolgorde,indonverwbijhvoorstelnieting,tslaatstewijzgbasystematiek) VALUES('10210','10043','1982-05-28 00:00:00+00','2000-10-22 00:00:00+00','10889','10628',null,'10889','1982-05-28 00:00:00+00','1','FALSE',null);
INSERT INTO kern.his_persafgeleidadministrati (id,pers,tsreg,tsverval,actieinh,actieverval,nadereaandverval,admhnd,tslaatstewijz,sorteervolgorde,indonverwbijhvoorstelnieting,tslaatstewijzgbasystematiek) VALUES('10211','10043','1980-06-10 00:00:00+00','1982-05-28 00:00:00+00','10630','10889',null,'10630','1980-06-10 00:00:00+00','1','FALSE',null);
INSERT INTO kern.his_persafgeleidadministrati (id,pers,tsreg,tsverval,actieinh,actieverval,nadereaandverval,admhnd,tslaatstewijz,sorteervolgorde,indonverwbijhvoorstelnieting,tslaatstewijzgbasystematiek) VALUES('10212','10043','1959-09-22 04:00:00+00','1980-06-10 00:00:00+00','10888','10630',null,'10888','1959-09-22 00:00:00+00','1','FALSE',null);
INSERT INTO kern.his_persafgeleidadministrati (id,pers,tsreg,tsverval,actieinh,actieverval,nadereaandverval,admhnd,tslaatstewijz,sorteervolgorde,indonverwbijhvoorstelnieting,tslaatstewijzgbasystematiek) VALUES('10213','10043','1959-09-22 00:00:00+00','1959-09-22 04:00:00+00','10043','10888',null,'10043','1959-09-22 00:00:00+00','1','FALSE',null);
INSERT INTO kern.his_persafgeleidadministrati (id,pers,tsreg,tsverval,actieinh,actieverval,nadereaandverval,admhnd,tslaatstewijz,sorteervolgorde,indonverwbijhvoorstelnieting,tslaatstewijzgbasystematiek) VALUES('10214','10044','2001-03-28 00:00:00+00',null,'10887',null,null,'10887','2001-03-28 00:00:00+00','1','FALSE',null);
INSERT INTO kern.his_persafgeleidadministrati (id,pers,tsreg,tsverval,actieinh,actieverval,nadereaandverval,admhnd,tslaatstewijz,sorteervolgorde,indonverwbijhvoorstelnieting,tslaatstewijzgbasystematiek) VALUES('10215','10044','1990-07-22 00:00:00+00','2001-03-28 00:00:00+00','10626','10887',null,'10626','1990-07-22 00:00:00+00','1','FALSE',null);
INSERT INTO kern.his_persafgeleidadministrati (id,pers,tsreg,tsverval,actieinh,actieverval,nadereaandverval,admhnd,tslaatstewijz,sorteervolgorde,indonverwbijhvoorstelnieting,tslaatstewijzgbasystematiek) VALUES('10216','10044','1981-04-25 00:00:00+00','1990-07-22 00:00:00+00','10631','10626',null,'10631','1981-04-25 00:00:00+00','1','FALSE',null);
INSERT INTO kern.his_persafgeleidadministrati (id,pers,tsreg,tsverval,actieinh,actieverval,nadereaandverval,admhnd,tslaatstewijz,sorteervolgorde,indonverwbijhvoorstelnieting,tslaatstewijzgbasystematiek) VALUES('10217','10044','1960-12-21 04:00:00+00','1981-04-25 00:00:00+00','10886','10631',null,'10886','1960-12-21 00:00:00+00','1','FALSE',null);
INSERT INTO kern.his_persafgeleidadministrati (id,pers,tsreg,tsverval,actieinh,actieverval,nadereaandverval,admhnd,tslaatstewijz,sorteervolgorde,indonverwbijhvoorstelnieting,tslaatstewijzgbasystematiek) VALUES('10218','10044','1960-12-21 00:00:00+00','1960-12-21 04:00:00+00','10044','10886',null,'10044','1960-12-21 00:00:00+00','1','FALSE',null);
INSERT INTO kern.his_persafgeleidadministrati (id,pers,tsreg,tsverval,actieinh,actieverval,nadereaandverval,admhnd,tslaatstewijz,sorteervolgorde,indonverwbijhvoorstelnieting,tslaatstewijzgbasystematiek) VALUES('10219','10045','1991-10-02 00:00:00+00',null,'10885',null,null,'10885','1991-10-02 00:00:00+00','1','FALSE',null);
INSERT INTO kern.his_persafgeleidadministrati (id,pers,tsreg,tsverval,actieinh,actieverval,nadereaandverval,admhnd,tslaatstewijz,sorteervolgorde,indonverwbijhvoorstelnieting,tslaatstewijzgbasystematiek) VALUES('10220','10045','1990-07-22 00:00:00+00','1991-10-02 00:00:00+00','10626','10885',null,'10626','1990-07-22 00:00:00+00','1','FALSE',null);
INSERT INTO kern.his_persafgeleidadministrati (id,pers,tsreg,tsverval,actieinh,actieverval,nadereaandverval,admhnd,tslaatstewijz,sorteervolgorde,indonverwbijhvoorstelnieting,tslaatstewijzgbasystematiek) VALUES('10221','10045','1981-04-25 00:00:00+00','1990-07-22 00:00:00+00','10631','10626',null,'10631','1981-04-25 00:00:00+00','1','FALSE',null);
INSERT INTO kern.his_persafgeleidadministrati (id,pers,tsreg,tsverval,actieinh,actieverval,nadereaandverval,admhnd,tslaatstewijz,sorteervolgorde,indonverwbijhvoorstelnieting,tslaatstewijzgbasystematiek) VALUES('10222','10045','1961-12-22 04:00:00+00','1981-04-25 00:00:00+00','10884','10631',null,'10884','1961-12-22 00:00:00+00','1','FALSE',null);
INSERT INTO kern.his_persafgeleidadministrati (id,pers,tsreg,tsverval,actieinh,actieverval,nadereaandverval,admhnd,tslaatstewijz,sorteervolgorde,indonverwbijhvoorstelnieting,tslaatstewijzgbasystematiek) VALUES('10223','10045','1961-12-22 00:00:00+00','1961-12-22 04:00:00+00','10045','10884',null,'10045','1961-12-22 00:00:00+00','1','FALSE',null);

commit;


--------------------------------------------------
--- EIND
--- Sheet: (his_persafgeleidadministrati)
--- Handler: SheetHandlerImplSimpleInsert
--- Aantal: (223)
--------------------------------------------------
--------------------------------------------------
--- START
--- Sheet: (his_persids)
--- Handler: SheetHandlerImplSimpleInsert
--------------------------------------------------

begin;

INSERT INTO kern.his_persids (id,pers,dataanvgel,tsreg,actieinh,anr,bsn,nadereaandverval) VALUES('10001','10001','19811002','19811002','10001','1302394376','100010258',null);
INSERT INTO kern.his_persids (id,pers,dataanvgel,tsreg,actieinh,anr,bsn,nadereaandverval) VALUES('10002','10002','19820528','19820528','10002','1302573138','100010398',null);
INSERT INTO kern.his_persids (id,pers,dataanvgel,tsreg,actieinh,anr,bsn,nadereaandverval) VALUES('10003','10003','19660302','19660302','10003','1309234524','100010684',null);
INSERT INTO kern.his_persids (id,pers,dataanvgel,tsreg,actieinh,anr,bsn,nadereaandverval) VALUES('10004','10004','19691227','19691227','10004','1312016058','100011093',null);
INSERT INTO kern.his_persids (id,pers,dataanvgel,tsreg,actieinh,anr,bsn,nadereaandverval) VALUES('10005','10005','19710717','19710717','10005','1313597324','100011354',null);
INSERT INTO kern.his_persids (id,pers,dataanvgel,tsreg,actieinh,anr,bsn,nadereaandverval) VALUES('10006','10006','19720928','19720928','10006','1315013053','100011408',null);
INSERT INTO kern.his_persids (id,pers,dataanvgel,tsreg,actieinh,anr,bsn,nadereaandverval) VALUES('10007','10007','19800616','19800616','10007','1315960478','100011627',null);
INSERT INTO kern.his_persids (id,pers,dataanvgel,tsreg,actieinh,anr,bsn,nadereaandverval) VALUES('10008','10008','19810418','19810418','10008','1319197283','100012115',null);
INSERT INTO kern.his_persids (id,pers,dataanvgel,tsreg,actieinh,anr,bsn,nadereaandverval) VALUES('10009','10009','20110516','20110516','10009','1320656276','100012139',null);
INSERT INTO kern.his_persids (id,pers,dataanvgel,tsreg,actieinh,anr,bsn,nadereaandverval) VALUES('10010','10010','19691231','19691231','10010','1320684027','100012140',null);
INSERT INTO kern.his_persids (id,pers,dataanvgel,tsreg,actieinh,anr,bsn,nadereaandverval) VALUES('10011','10011','19690516','19690516','10011','1321406948','100012280',null);
INSERT INTO kern.his_persids (id,pers,dataanvgel,tsreg,actieinh,anr,bsn,nadereaandverval) VALUES('10012','10012','19771210','19771210','10012','1323471485','100012413',null);
INSERT INTO kern.his_persids (id,pers,dataanvgel,tsreg,actieinh,anr,bsn,nadereaandverval) VALUES('10013','10013','19550602','19550602','10013','1323641652','100012577',null);
INSERT INTO kern.his_persids (id,pers,dataanvgel,tsreg,actieinh,anr,bsn,nadereaandverval) VALUES('10014','10014','19780611','19780611','10014','1329081068','100012711',null);
INSERT INTO kern.his_persids (id,pers,dataanvgel,tsreg,actieinh,anr,bsn,nadereaandverval) VALUES('10015','10015','19880425','19880425','10015','1329578617','100012784',null);
INSERT INTO kern.his_persids (id,pers,dataanvgel,tsreg,actieinh,anr,bsn,nadereaandverval) VALUES('10016','10016','19881210','19881210','10016','1341508236','100013132',null);
INSERT INTO kern.his_persids (id,pers,dataanvgel,tsreg,actieinh,anr,bsn,nadereaandverval) VALUES('10017','10017','19960523','19960523','10017','1346560328','100013326',null);
INSERT INTO kern.his_persids (id,pers,dataanvgel,tsreg,actieinh,anr,bsn,nadereaandverval) VALUES('10018','10018','19941005','19941005','10018','1347341087','100013491',null);
INSERT INTO kern.his_persids (id,pers,dataanvgel,tsreg,actieinh,anr,bsn,nadereaandverval) VALUES('10019','10019','19941005','19941005','10019','1350672180','100013624',null);
INSERT INTO kern.his_persids (id,pers,dataanvgel,tsreg,actieinh,anr,bsn,nadereaandverval) VALUES('10020','10020','19760103','19760103','10020','1351456508','100013879',null);
INSERT INTO kern.his_persids (id,pers,dataanvgel,tsreg,actieinh,anr,bsn,nadereaandverval) VALUES('10021','10021','19961003','19961003','10021','1352104065','100014161',null);
INSERT INTO kern.his_persids (id,pers,dataanvgel,tsreg,actieinh,anr,bsn,nadereaandverval) VALUES('10022','10022','19951003','19951003','10022','1353928427','100014471',null);
INSERT INTO kern.his_persids (id,pers,dataanvgel,tsreg,actieinh,anr,bsn,nadereaandverval) VALUES('10023','10023','19941003','19941003','10023','1356586759','100014616',null);
INSERT INTO kern.his_persids (id,pers,dataanvgel,tsreg,actieinh,anr,bsn,nadereaandverval) VALUES('10024','10024','19770401','19770401','10024','1360518428','100014719',null);
INSERT INTO kern.his_persids (id,pers,dataanvgel,tsreg,actieinh,anr,bsn,nadereaandverval) VALUES('10025','10025','19880611','19880611','10025','1369142693','100014781',null);
INSERT INTO kern.his_persids (id,pers,dataanvgel,tsreg,actieinh,anr,bsn,nadereaandverval) VALUES('10026','10026','19910721','19910721','10026','1370850801','100015499',null);
INSERT INTO kern.his_persids (id,pers,dataanvgel,tsreg,actieinh,anr,bsn,nadereaandverval) VALUES('10027','10027','19910911','19910911','10027','1372682573','100015542',null);
INSERT INTO kern.his_persids (id,pers,dataanvgel,tsreg,actieinh,anr,bsn,nadereaandverval) VALUES('10028','10028','19900722','19900722','10028','1373895379','100016054',null);
INSERT INTO kern.his_persids (id,pers,dataanvgel,tsreg,actieinh,anr,bsn,nadereaandverval) VALUES('10029','10029','19200430','19200430','10029','1374028789','100016339',null);
INSERT INTO kern.his_persids (id,pers,dataanvgel,tsreg,actieinh,anr,bsn,nadereaandverval) VALUES('10030','10030','19220419','19220419','10030','1374291317','100016959',null);
INSERT INTO kern.his_persids (id,pers,dataanvgel,tsreg,actieinh,anr,bsn,nadereaandverval) VALUES('10031','10031','19920219','19920219','10031','1374917057','100016984',null);
INSERT INTO kern.his_persids (id,pers,dataanvgel,tsreg,actieinh,anr,bsn,nadereaandverval) VALUES('10032','10032','19510923','19510923','10032','1376034603','100017332',null);
INSERT INTO kern.his_persids (id,pers,dataanvgel,tsreg,actieinh,anr,bsn,nadereaandverval) VALUES('10033','10033','19531116','19531116','10033','1379542841','100017782',null);
INSERT INTO kern.his_persids (id,pers,dataanvgel,tsreg,actieinh,anr,bsn,nadereaandverval) VALUES('10034','10034','19390402','19390402','10034','1380729473','100018269',null);
INSERT INTO kern.his_persids (id,pers,dataanvgel,tsreg,actieinh,anr,bsn,nadereaandverval) VALUES('10035','10035','19841203','19841203','10035','1382969416','100018385',null);
INSERT INTO kern.his_persids (id,pers,dataanvgel,tsreg,actieinh,anr,bsn,nadereaandverval) VALUES('10036','10036','19851011','19851011','10036','1383532305','100018452',null);
INSERT INTO kern.his_persids (id,pers,dataanvgel,tsreg,actieinh,anr,bsn,nadereaandverval) VALUES('10037','10037','20050112','20050112','10037','1384060401','100018786',null);
INSERT INTO kern.his_persids (id,pers,dataanvgel,tsreg,actieinh,anr,bsn,nadereaandverval) VALUES('10038','10038','20051201','20051201','10038','1385824304','100019031',null);
INSERT INTO kern.his_persids (id,pers,dataanvgel,tsreg,actieinh,anr,bsn,nadereaandverval) VALUES('10039','10039','20050112','20050112','10039','1391676065','100019201',null);
INSERT INTO kern.his_persids (id,pers,dataanvgel,tsreg,actieinh,anr,bsn,nadereaandverval) VALUES('10040','10040','20051201','20051201','10040','1392132917','100019304',null);
INSERT INTO kern.his_persids (id,pers,dataanvgel,tsreg,actieinh,anr,bsn,nadereaandverval) VALUES('10041','10041','19680809','19680809','10041','1393628575','100019407',null);
INSERT INTO kern.his_persids (id,pers,dataanvgel,tsreg,actieinh,anr,bsn,nadereaandverval) VALUES('10042','10042','19580921','19580921','10042','1394825075','100019468',null);
INSERT INTO kern.his_persids (id,pers,dataanvgel,tsreg,actieinh,anr,bsn,nadereaandverval) VALUES('10043','10043','19951004','19951004','10043','1395695787','100019845',null);
INSERT INTO kern.his_persids (id,pers,dataanvgel,tsreg,actieinh,anr,bsn,nadereaandverval) VALUES('10044','10044','20051201','20051201','10044','1396762316','100019857',null);
INSERT INTO kern.his_persids (id,pers,dataanvgel,tsreg,actieinh,anr,bsn,nadereaandverval) VALUES('10045','10045','20050112','20050112','10045','1398487090','100019997',null);

commit;


--------------------------------------------------
--- EIND
--- Sheet: (his_persids)
--- Handler: SheetHandlerImplSimpleInsert
--- Aantal: (48)
--------------------------------------------------
--------------------------------------------------
--- START
--- Sheet: (his_persgeslachtsaand)
--- Handler: SheetHandlerImplSimpleInsert
--------------------------------------------------

begin;

INSERT INTO kern.his_persgeslachtsaand (id,pers,dataanvgel,dateindegel,tsreg,tsverval,actieinh,actieverval,actieaanpgel,geslachtsaand,nadereaandverval) VALUES('10001','10001','19811002',null,'19811002',null,'10001',null,null,'1',null);
INSERT INTO kern.his_persgeslachtsaand (id,pers,dataanvgel,dateindegel,tsreg,tsverval,actieinh,actieverval,actieaanpgel,geslachtsaand,nadereaandverval) VALUES('10002','10002','19820528',null,'19820528',null,'10002',null,null,'2',null);
INSERT INTO kern.his_persgeslachtsaand (id,pers,dataanvgel,dateindegel,tsreg,tsverval,actieinh,actieverval,actieaanpgel,geslachtsaand,nadereaandverval) VALUES('10003','10003','19660302',null,'19660302',null,'10003',null,null,'3',null);
INSERT INTO kern.his_persgeslachtsaand (id,pers,dataanvgel,dateindegel,tsreg,tsverval,actieinh,actieverval,actieaanpgel,geslachtsaand,nadereaandverval) VALUES('10004','10004','19691227',null,'19691227',null,'10004',null,null,'2',null);
INSERT INTO kern.his_persgeslachtsaand (id,pers,dataanvgel,dateindegel,tsreg,tsverval,actieinh,actieverval,actieaanpgel,geslachtsaand,nadereaandverval) VALUES('10005','10005','19710717',null,'19710717',null,'10005',null,null,'1',null);
INSERT INTO kern.his_persgeslachtsaand (id,pers,dataanvgel,dateindegel,tsreg,tsverval,actieinh,actieverval,actieaanpgel,geslachtsaand,nadereaandverval) VALUES('10006','10006','19720928',null,'19720928',null,'10006',null,null,'2',null);
INSERT INTO kern.his_persgeslachtsaand (id,pers,dataanvgel,dateindegel,tsreg,tsverval,actieinh,actieverval,actieaanpgel,geslachtsaand,nadereaandverval) VALUES('10007','10007','19800616',null,'19800616',null,'10007',null,null,'1',null);
INSERT INTO kern.his_persgeslachtsaand (id,pers,dataanvgel,dateindegel,tsreg,tsverval,actieinh,actieverval,actieaanpgel,geslachtsaand,nadereaandverval) VALUES('10008','10008','19810418',null,'19810418',null,'10008',null,null,'2',null);
INSERT INTO kern.his_persgeslachtsaand (id,pers,dataanvgel,dateindegel,tsreg,tsverval,actieinh,actieverval,actieaanpgel,geslachtsaand,nadereaandverval) VALUES('10009','10009','20110516',null,'20110516',null,'10009',null,null,'2',null);
INSERT INTO kern.his_persgeslachtsaand (id,pers,dataanvgel,dateindegel,tsreg,tsverval,actieinh,actieverval,actieaanpgel,geslachtsaand,nadereaandverval) VALUES('10010','10010','19691231',null,'19691231',null,'10010',null,null,'1',null);
INSERT INTO kern.his_persgeslachtsaand (id,pers,dataanvgel,dateindegel,tsreg,tsverval,actieinh,actieverval,actieaanpgel,geslachtsaand,nadereaandverval) VALUES('10011','10011','19690516',null,'19690516',null,'10011',null,null,'2',null);
INSERT INTO kern.his_persgeslachtsaand (id,pers,dataanvgel,dateindegel,tsreg,tsverval,actieinh,actieverval,actieaanpgel,geslachtsaand,nadereaandverval) VALUES('10012','10012','19771210',null,'19771210',null,'10012',null,null,'1',null);
INSERT INTO kern.his_persgeslachtsaand (id,pers,dataanvgel,dateindegel,tsreg,tsverval,actieinh,actieverval,actieaanpgel,geslachtsaand,nadereaandverval) VALUES('10013','10013','19550602',null,'19550602',null,'10013',null,null,'2',null);
INSERT INTO kern.his_persgeslachtsaand (id,pers,dataanvgel,dateindegel,tsreg,tsverval,actieinh,actieverval,actieaanpgel,geslachtsaand,nadereaandverval) VALUES('10014','10014','19780611',null,'19780611',null,'10014',null,null,'1',null);
INSERT INTO kern.his_persgeslachtsaand (id,pers,dataanvgel,dateindegel,tsreg,tsverval,actieinh,actieverval,actieaanpgel,geslachtsaand,nadereaandverval) VALUES('10015','10015','19880425',null,'19880425',null,'10015',null,null,'2',null);
INSERT INTO kern.his_persgeslachtsaand (id,pers,dataanvgel,dateindegel,tsreg,tsverval,actieinh,actieverval,actieaanpgel,geslachtsaand,nadereaandverval) VALUES('10016','10016','19881210',null,'19881210',null,'10016',null,null,'2',null);
INSERT INTO kern.his_persgeslachtsaand (id,pers,dataanvgel,dateindegel,tsreg,tsverval,actieinh,actieverval,actieaanpgel,geslachtsaand,nadereaandverval) VALUES('10017','10017','19960523',null,'19960523',null,'10017',null,null,'1',null);
INSERT INTO kern.his_persgeslachtsaand (id,pers,dataanvgel,dateindegel,tsreg,tsverval,actieinh,actieverval,actieaanpgel,geslachtsaand,nadereaandverval) VALUES('10018','10018','19941005',null,'19941005',null,'10018',null,null,'2',null);
INSERT INTO kern.his_persgeslachtsaand (id,pers,dataanvgel,dateindegel,tsreg,tsverval,actieinh,actieverval,actieaanpgel,geslachtsaand,nadereaandverval) VALUES('10019','10019','19941005',null,'19941005',null,'10019',null,null,'2',null);
INSERT INTO kern.his_persgeslachtsaand (id,pers,dataanvgel,dateindegel,tsreg,tsverval,actieinh,actieverval,actieaanpgel,geslachtsaand,nadereaandverval) VALUES('10020','10020','19760103',null,'19760103',null,'10020',null,null,'2',null);
INSERT INTO kern.his_persgeslachtsaand (id,pers,dataanvgel,dateindegel,tsreg,tsverval,actieinh,actieverval,actieaanpgel,geslachtsaand,nadereaandverval) VALUES('10021','10021','19961003',null,'19961003',null,'10021',null,null,'1',null);
INSERT INTO kern.his_persgeslachtsaand (id,pers,dataanvgel,dateindegel,tsreg,tsverval,actieinh,actieverval,actieaanpgel,geslachtsaand,nadereaandverval) VALUES('10022','10022','19951003',null,'19951003',null,'10022',null,null,'2',null);
INSERT INTO kern.his_persgeslachtsaand (id,pers,dataanvgel,dateindegel,tsreg,tsverval,actieinh,actieverval,actieaanpgel,geslachtsaand,nadereaandverval) VALUES('10023','10023','19941003',null,'19941003',null,'10023',null,null,'1',null);
INSERT INTO kern.his_persgeslachtsaand (id,pers,dataanvgel,dateindegel,tsreg,tsverval,actieinh,actieverval,actieaanpgel,geslachtsaand,nadereaandverval) VALUES('10024','10024','19770401',null,'19770401',null,'10024',null,null,'2',null);
INSERT INTO kern.his_persgeslachtsaand (id,pers,dataanvgel,dateindegel,tsreg,tsverval,actieinh,actieverval,actieaanpgel,geslachtsaand,nadereaandverval) VALUES('10025','10025','19880611',null,'19880611',null,'10025',null,null,'1',null);
INSERT INTO kern.his_persgeslachtsaand (id,pers,dataanvgel,dateindegel,tsreg,tsverval,actieinh,actieverval,actieaanpgel,geslachtsaand,nadereaandverval) VALUES('10026','10026','19910721',null,'19910721',null,'10026',null,null,'2',null);
INSERT INTO kern.his_persgeslachtsaand (id,pers,dataanvgel,dateindegel,tsreg,tsverval,actieinh,actieverval,actieaanpgel,geslachtsaand,nadereaandverval) VALUES('10027','10027','19910911',null,'19910911',null,'10027',null,null,'1',null);
INSERT INTO kern.his_persgeslachtsaand (id,pers,dataanvgel,dateindegel,tsreg,tsverval,actieinh,actieverval,actieaanpgel,geslachtsaand,nadereaandverval) VALUES('10028','10028','19900722',null,'19900722',null,'10028',null,null,'2',null);
INSERT INTO kern.his_persgeslachtsaand (id,pers,dataanvgel,dateindegel,tsreg,tsverval,actieinh,actieverval,actieaanpgel,geslachtsaand,nadereaandverval) VALUES('10029','10029','19200430',null,'19200430',null,'10029',null,null,'2',null);
INSERT INTO kern.his_persgeslachtsaand (id,pers,dataanvgel,dateindegel,tsreg,tsverval,actieinh,actieverval,actieaanpgel,geslachtsaand,nadereaandverval) VALUES('10030','10030','19220419',null,'19220419',null,'10030',null,null,'2',null);
INSERT INTO kern.his_persgeslachtsaand (id,pers,dataanvgel,dateindegel,tsreg,tsverval,actieinh,actieverval,actieaanpgel,geslachtsaand,nadereaandverval) VALUES('10031','10031','19920219',null,'19920219',null,'10031',null,null,'1',null);
INSERT INTO kern.his_persgeslachtsaand (id,pers,dataanvgel,dateindegel,tsreg,tsverval,actieinh,actieverval,actieaanpgel,geslachtsaand,nadereaandverval) VALUES('10032','10032','19510923',null,'19510923',null,'10032',null,null,'1',null);
INSERT INTO kern.his_persgeslachtsaand (id,pers,dataanvgel,dateindegel,tsreg,tsverval,actieinh,actieverval,actieaanpgel,geslachtsaand,nadereaandverval) VALUES('10033','10033','19531116',null,'19531116',null,'10033',null,null,'2',null);
INSERT INTO kern.his_persgeslachtsaand (id,pers,dataanvgel,dateindegel,tsreg,tsverval,actieinh,actieverval,actieaanpgel,geslachtsaand,nadereaandverval) VALUES('10034','10034','19390402',null,'19390402',null,'10034',null,null,'2',null);
INSERT INTO kern.his_persgeslachtsaand (id,pers,dataanvgel,dateindegel,tsreg,tsverval,actieinh,actieverval,actieaanpgel,geslachtsaand,nadereaandverval) VALUES('10035','10035','19841203',null,'19841203',null,'10035',null,null,'2',null);
INSERT INTO kern.his_persgeslachtsaand (id,pers,dataanvgel,dateindegel,tsreg,tsverval,actieinh,actieverval,actieaanpgel,geslachtsaand,nadereaandverval) VALUES('10036','10036','19851011',null,'19851011',null,'10036',null,null,'1',null);
INSERT INTO kern.his_persgeslachtsaand (id,pers,dataanvgel,dateindegel,tsreg,tsverval,actieinh,actieverval,actieaanpgel,geslachtsaand,nadereaandverval) VALUES('10037','10037','20050112',null,'20050112',null,'10037',null,null,'1',null);
INSERT INTO kern.his_persgeslachtsaand (id,pers,dataanvgel,dateindegel,tsreg,tsverval,actieinh,actieverval,actieaanpgel,geslachtsaand,nadereaandverval) VALUES('10038','10038','20051201',null,'20051201',null,'10038',null,null,'2',null);
INSERT INTO kern.his_persgeslachtsaand (id,pers,dataanvgel,dateindegel,tsreg,tsverval,actieinh,actieverval,actieaanpgel,geslachtsaand,nadereaandverval) VALUES('10039','10039','20050112',null,'20050112',null,'10039',null,null,'2',null);
INSERT INTO kern.his_persgeslachtsaand (id,pers,dataanvgel,dateindegel,tsreg,tsverval,actieinh,actieverval,actieaanpgel,geslachtsaand,nadereaandverval) VALUES('10040','10040','20051201',null,'20051201',null,'10040',null,null,'1',null);
INSERT INTO kern.his_persgeslachtsaand (id,pers,dataanvgel,dateindegel,tsreg,tsverval,actieinh,actieverval,actieaanpgel,geslachtsaand,nadereaandverval) VALUES('10041','10041','19680809',null,'19680809',null,'10041',null,null,'1',null);
INSERT INTO kern.his_persgeslachtsaand (id,pers,dataanvgel,dateindegel,tsreg,tsverval,actieinh,actieverval,actieaanpgel,geslachtsaand,nadereaandverval) VALUES('10042','10042','19580921',null,'19580921',null,'10042',null,null,'1',null);
INSERT INTO kern.his_persgeslachtsaand (id,pers,dataanvgel,dateindegel,tsreg,tsverval,actieinh,actieverval,actieaanpgel,geslachtsaand,nadereaandverval) VALUES('10043','10043','19951004',null,'19951004',null,'10043',null,null,'2',null);
INSERT INTO kern.his_persgeslachtsaand (id,pers,dataanvgel,dateindegel,tsreg,tsverval,actieinh,actieverval,actieaanpgel,geslachtsaand,nadereaandverval) VALUES('10044','10044','20051201',null,'20051201',null,'10044',null,null,'1',null);
INSERT INTO kern.his_persgeslachtsaand (id,pers,dataanvgel,dateindegel,tsreg,tsverval,actieinh,actieverval,actieaanpgel,geslachtsaand,nadereaandverval) VALUES('10045','10045','20050112',null,'20050112',null,'10045',null,null,'2',null);

commit;


--------------------------------------------------
--- EIND
--- Sheet: (his_persgeslachtsaand)
--- Handler: SheetHandlerImplSimpleInsert
--- Aantal: (46)
--------------------------------------------------
--------------------------------------------------
--- START
--- Sheet: (persgeslnaamcomp)
--- Handler: SheetHandlerImplSimpleInsert
--------------------------------------------------

begin;

INSERT INTO kern.persgeslnaamcomp (id,pers,voorvoegsel,scheidingsteken,stam,predicaat,adellijketitel,volgnr) VALUES('10001','10001',null,null,'Vlag',null,null,'1');
INSERT INTO kern.persgeslnaamcomp (id,pers,voorvoegsel,scheidingsteken,stam,predicaat,adellijketitel,volgnr) VALUES('10002','10002','de',' ','Prins',null,null,'1');
INSERT INTO kern.persgeslnaamcomp (id,pers,voorvoegsel,scheidingsteken,stam,predicaat,adellijketitel,volgnr) VALUES('10003','10003','van der',' ','Vermeer',null,null,'1');
INSERT INTO kern.persgeslnaamcomp (id,pers,voorvoegsel,scheidingsteken,stam,predicaat,adellijketitel,volgnr) VALUES('10004','10004',null,null,'Crooy',null,null,'1');
INSERT INTO kern.persgeslnaamcomp (id,pers,voorvoegsel,scheidingsteken,stam,predicaat,adellijketitel,volgnr) VALUES('10005','10005',null,null,'Laar',null,null,'1');
INSERT INTO kern.persgeslnaamcomp (id,pers,voorvoegsel,scheidingsteken,stam,predicaat,adellijketitel,volgnr) VALUES('10006','10006','de',' ','Snijder',null,null,'1');
INSERT INTO kern.persgeslnaamcomp (id,pers,voorvoegsel,scheidingsteken,stam,predicaat,adellijketitel,volgnr) VALUES('10007','10007',null,null,'Vermeulen',null,null,'1');
INSERT INTO kern.persgeslnaamcomp (id,pers,voorvoegsel,scheidingsteken,stam,predicaat,adellijketitel,volgnr) VALUES('10008','10008',null,null,'Jansma',null,null,'1');
INSERT INTO kern.persgeslnaamcomp (id,pers,voorvoegsel,scheidingsteken,stam,predicaat,adellijketitel,volgnr) VALUES('10009','10009','de',' ','Snijder',null,null,'1');
INSERT INTO kern.persgeslnaamcomp (id,pers,voorvoegsel,scheidingsteken,stam,predicaat,adellijketitel,volgnr) VALUES('10010','10010','de',' ','Bloëmsma',null,null,'1');
INSERT INTO kern.persgeslnaamcomp (id,pers,voorvoegsel,scheidingsteken,stam,predicaat,adellijketitel,volgnr) VALUES('10011','10011','de',' ','Snijder',null,null,'1');
INSERT INTO kern.persgeslnaamcomp (id,pers,voorvoegsel,scheidingsteken,stam,predicaat,adellijketitel,volgnr) VALUES('10012','10012',null,null,'Cuykelaer',null,null,'1');
INSERT INTO kern.persgeslnaamcomp (id,pers,voorvoegsel,scheidingsteken,stam,predicaat,adellijketitel,volgnr) VALUES('10013','10013','van',' ','Roos',null,null,'1');
INSERT INTO kern.persgeslnaamcomp (id,pers,voorvoegsel,scheidingsteken,stam,predicaat,adellijketitel,volgnr) VALUES('10014','10014','de',' ','Snijder',null,null,'1');
INSERT INTO kern.persgeslnaamcomp (id,pers,voorvoegsel,scheidingsteken,stam,predicaat,adellijketitel,volgnr) VALUES('10015','10015',null,null,'Brest naar Kempen',null,null,'1');
INSERT INTO kern.persgeslnaamcomp (id,pers,voorvoegsel,scheidingsteken,stam,predicaat,adellijketitel,volgnr) VALUES('10016','10016',null,null,'Ophuijsen',null,null,'1');
INSERT INTO kern.persgeslnaamcomp (id,pers,voorvoegsel,scheidingsteken,stam,predicaat,adellijketitel,volgnr) VALUES('10017','10017',null,null,'Addams',null,null,'1');
INSERT INTO kern.persgeslnaamcomp (id,pers,voorvoegsel,scheidingsteken,stam,predicaat,adellijketitel,volgnr) VALUES('10018','10018',null,null,'Verhoeven',null,null,'1');
INSERT INTO kern.persgeslnaamcomp (id,pers,voorvoegsel,scheidingsteken,stam,predicaat,adellijketitel,volgnr) VALUES('10019','10019','de',' ','Slot',null,null,'1');
INSERT INTO kern.persgeslnaamcomp (id,pers,voorvoegsel,scheidingsteken,stam,predicaat,adellijketitel,volgnr) VALUES('10020','10020','van',' ','Guirten',null,null,'1');
INSERT INTO kern.persgeslnaamcomp (id,pers,voorvoegsel,scheidingsteken,stam,predicaat,adellijketitel,volgnr) VALUES('10021','10021','ter',' ','Stassen',null,null,'1');
INSERT INTO kern.persgeslnaamcomp (id,pers,voorvoegsel,scheidingsteken,stam,predicaat,adellijketitel,volgnr) VALUES('10022','10022','van',' ','Zon',null,null,'1');
INSERT INTO kern.persgeslnaamcomp (id,pers,voorvoegsel,scheidingsteken,stam,predicaat,adellijketitel,volgnr) VALUES('10023','10023','van',' ','Verhaar',null,null,'1');
INSERT INTO kern.persgeslnaamcomp (id,pers,voorvoegsel,scheidingsteken,stam,predicaat,adellijketitel,volgnr) VALUES('10024','10024','de',' ','Klaassen',null,null,'1');
INSERT INTO kern.persgeslnaamcomp (id,pers,voorvoegsel,scheidingsteken,stam,predicaat,adellijketitel,volgnr) VALUES('10025','10025',null,null,'Valstar',null,null,'1');
INSERT INTO kern.persgeslnaamcomp (id,pers,voorvoegsel,scheidingsteken,stam,predicaat,adellijketitel,volgnr) VALUES('10026','10026','ter',' ','Botje',null,null,'1');
INSERT INTO kern.persgeslnaamcomp (id,pers,voorvoegsel,scheidingsteken,stam,predicaat,adellijketitel,volgnr) VALUES('10027','10027',null,null,'Karlson',null,null,'1');
INSERT INTO kern.persgeslnaamcomp (id,pers,voorvoegsel,scheidingsteken,stam,predicaat,adellijketitel,volgnr) VALUES('10028','10028','van',' ','Hoog',null,null,'1');
INSERT INTO kern.persgeslnaamcomp (id,pers,voorvoegsel,scheidingsteken,stam,predicaat,adellijketitel,volgnr) VALUES('10029','10029',null,null,'Karlson',null,null,'1');
INSERT INTO kern.persgeslnaamcomp (id,pers,voorvoegsel,scheidingsteken,stam,predicaat,adellijketitel,volgnr) VALUES('10030','10030','de',' ','Vlonder',null,null,'1');
INSERT INTO kern.persgeslnaamcomp (id,pers,voorvoegsel,scheidingsteken,stam,predicaat,adellijketitel,volgnr) VALUES('10031','10031','de',' ','Zatte',null,null,'1');
INSERT INTO kern.persgeslnaamcomp (id,pers,voorvoegsel,scheidingsteken,stam,predicaat,adellijketitel,volgnr) VALUES('10032','10032',null,null,'Stuurman',null,null,'1');
INSERT INTO kern.persgeslnaamcomp (id,pers,voorvoegsel,scheidingsteken,stam,predicaat,adellijketitel,volgnr) VALUES('10033','10033','de',' ','Vriend',null,null,'1');
INSERT INTO kern.persgeslnaamcomp (id,pers,voorvoegsel,scheidingsteken,stam,predicaat,adellijketitel,volgnr) VALUES('10034','10034','de',' ','Renner',null,null,'1');
INSERT INTO kern.persgeslnaamcomp (id,pers,voorvoegsel,scheidingsteken,stam,predicaat,adellijketitel,volgnr) VALUES('10035','10035','de',' ','Muurbloem',null,null,'1');
INSERT INTO kern.persgeslnaamcomp (id,pers,voorvoegsel,scheidingsteken,stam,predicaat,adellijketitel,volgnr) VALUES('10036','10036',null,null,'Appelo',null,null,'1');
INSERT INTO kern.persgeslnaamcomp (id,pers,voorvoegsel,scheidingsteken,stam,predicaat,adellijketitel,volgnr) VALUES('10037','10037',null,null,'Appelo',null,null,'1');
INSERT INTO kern.persgeslnaamcomp (id,pers,voorvoegsel,scheidingsteken,stam,predicaat,adellijketitel,volgnr) VALUES('10038','10038',null,null,'Appelo',null,null,'1');
INSERT INTO kern.persgeslnaamcomp (id,pers,voorvoegsel,scheidingsteken,stam,predicaat,adellijketitel,volgnr) VALUES('10039','10039','in het',' ','Veld',null,null,'1');
INSERT INTO kern.persgeslnaamcomp (id,pers,voorvoegsel,scheidingsteken,stam,predicaat,adellijketitel,volgnr) VALUES('10040','10040','van',' ','Penderloo',null,null,'1');
INSERT INTO kern.persgeslnaamcomp (id,pers,voorvoegsel,scheidingsteken,stam,predicaat,adellijketitel,volgnr) VALUES('10041','10041','de',' ','Bakker',null,null,'1');
INSERT INTO kern.persgeslnaamcomp (id,pers,voorvoegsel,scheidingsteken,stam,predicaat,adellijketitel,volgnr) VALUES('10042','10042',null,null,'Karlson',null,null,'1');
INSERT INTO kern.persgeslnaamcomp (id,pers,voorvoegsel,scheidingsteken,stam,predicaat,adellijketitel,volgnr) VALUES('10043','10043','ter',' ','Nater',null,null,'1');
INSERT INTO kern.persgeslnaamcomp (id,pers,voorvoegsel,scheidingsteken,stam,predicaat,adellijketitel,volgnr) VALUES('10044','10044','van',' ','Hoog',null,null,'1');
INSERT INTO kern.persgeslnaamcomp (id,pers,voorvoegsel,scheidingsteken,stam,predicaat,adellijketitel,volgnr) VALUES('10045','10045','de',' ','Hoop',null,null,'1');

commit;


--------------------------------------------------
--- EIND
--- Sheet: (persgeslnaamcomp)
--- Handler: SheetHandlerImplSimpleInsert
--- Aantal: (46)
--------------------------------------------------
--------------------------------------------------
--- START
--- Sheet: (his_persgeslnaamcomp)
--- Handler: SheetHandlerImplSimpleInsert
--------------------------------------------------

begin;

INSERT INTO kern.his_persgeslnaamcomp (id,persgeslnaamcomp,dataanvgel,dateindegel,tsreg,tsverval,actieinh,actieverval,actieaanpgel,voorvoegsel,scheidingsteken,stam,predicaat,adellijketitel,nadereaandverval) VALUES('10001','10001','19811002',null,'19811002',null,'10001',null,null,null,null,'Vlag',null,null,null);
INSERT INTO kern.his_persgeslnaamcomp (id,persgeslnaamcomp,dataanvgel,dateindegel,tsreg,tsverval,actieinh,actieverval,actieaanpgel,voorvoegsel,scheidingsteken,stam,predicaat,adellijketitel,nadereaandverval) VALUES('10002','10002','19820528',null,'19820528',null,'10002',null,null,'de',' ','Prins',null,null,null);
INSERT INTO kern.his_persgeslnaamcomp (id,persgeslnaamcomp,dataanvgel,dateindegel,tsreg,tsverval,actieinh,actieverval,actieaanpgel,voorvoegsel,scheidingsteken,stam,predicaat,adellijketitel,nadereaandverval) VALUES('10003','10003','19660302',null,'19660302',null,'10003',null,null,'van der',' ','Vermeer',null,null,null);
INSERT INTO kern.his_persgeslnaamcomp (id,persgeslnaamcomp,dataanvgel,dateindegel,tsreg,tsverval,actieinh,actieverval,actieaanpgel,voorvoegsel,scheidingsteken,stam,predicaat,adellijketitel,nadereaandverval) VALUES('10004','10004','19691227',null,'19691227',null,'10004',null,null,null,null,'Crooy',null,null,null);
INSERT INTO kern.his_persgeslnaamcomp (id,persgeslnaamcomp,dataanvgel,dateindegel,tsreg,tsverval,actieinh,actieverval,actieaanpgel,voorvoegsel,scheidingsteken,stam,predicaat,adellijketitel,nadereaandverval) VALUES('10005','10005','19710717',null,'19710717',null,'10005',null,null,null,null,'Laar',null,null,null);
INSERT INTO kern.his_persgeslnaamcomp (id,persgeslnaamcomp,dataanvgel,dateindegel,tsreg,tsverval,actieinh,actieverval,actieaanpgel,voorvoegsel,scheidingsteken,stam,predicaat,adellijketitel,nadereaandverval) VALUES('10006','10006','19720928',null,'19720928',null,'10006',null,null,null,null,'Verheul',null,null,null);
INSERT INTO kern.his_persgeslnaamcomp (id,persgeslnaamcomp,dataanvgel,dateindegel,tsreg,tsverval,actieinh,actieverval,actieaanpgel,voorvoegsel,scheidingsteken,stam,predicaat,adellijketitel,nadereaandverval) VALUES('10007','10007','19800616',null,'19800616',null,'10007',null,null,'de',' ','Snijder',null,null,null);
INSERT INTO kern.his_persgeslnaamcomp (id,persgeslnaamcomp,dataanvgel,dateindegel,tsreg,tsverval,actieinh,actieverval,actieaanpgel,voorvoegsel,scheidingsteken,stam,predicaat,adellijketitel,nadereaandverval) VALUES('10008','10008','19810418',null,'19810418',null,'10008',null,null,null,null,'Jansma',null,null,null);
INSERT INTO kern.his_persgeslnaamcomp (id,persgeslnaamcomp,dataanvgel,dateindegel,tsreg,tsverval,actieinh,actieverval,actieaanpgel,voorvoegsel,scheidingsteken,stam,predicaat,adellijketitel,nadereaandverval) VALUES('10009','10009','20110516',null,'20110516',null,'10009',null,null,'de',' ','Snijder',null,null,null);
INSERT INTO kern.his_persgeslnaamcomp (id,persgeslnaamcomp,dataanvgel,dateindegel,tsreg,tsverval,actieinh,actieverval,actieaanpgel,voorvoegsel,scheidingsteken,stam,predicaat,adellijketitel,nadereaandverval) VALUES('10010','10010','19691231',null,'19691231',null,'10010',null,null,'de',' ','Bloëmsma',null,null,null);
INSERT INTO kern.his_persgeslnaamcomp (id,persgeslnaamcomp,dataanvgel,dateindegel,tsreg,tsverval,actieinh,actieverval,actieaanpgel,voorvoegsel,scheidingsteken,stam,predicaat,adellijketitel,nadereaandverval) VALUES('10011','10011','19690516',null,'19690516',null,'10011',null,null,'de',' ','Snijder',null,null,null);
INSERT INTO kern.his_persgeslnaamcomp (id,persgeslnaamcomp,dataanvgel,dateindegel,tsreg,tsverval,actieinh,actieverval,actieaanpgel,voorvoegsel,scheidingsteken,stam,predicaat,adellijketitel,nadereaandverval) VALUES('10012','10012','19771210',null,'19771210',null,'10012',null,null,null,null,'Cuykelaer',null,null,null);
INSERT INTO kern.his_persgeslnaamcomp (id,persgeslnaamcomp,dataanvgel,dateindegel,tsreg,tsverval,actieinh,actieverval,actieaanpgel,voorvoegsel,scheidingsteken,stam,predicaat,adellijketitel,nadereaandverval) VALUES('10013','10013','19550602',null,'19550602',null,'10013',null,null,'van',' ','Roos',null,null,null);
INSERT INTO kern.his_persgeslnaamcomp (id,persgeslnaamcomp,dataanvgel,dateindegel,tsreg,tsverval,actieinh,actieverval,actieaanpgel,voorvoegsel,scheidingsteken,stam,predicaat,adellijketitel,nadereaandverval) VALUES('10014','10014','19780611',null,'19780611',null,'10014',null,null,'de',' ','Snijder',null,null,null);
INSERT INTO kern.his_persgeslnaamcomp (id,persgeslnaamcomp,dataanvgel,dateindegel,tsreg,tsverval,actieinh,actieverval,actieaanpgel,voorvoegsel,scheidingsteken,stam,predicaat,adellijketitel,nadereaandverval) VALUES('10015','10015','19880425',null,'19880425',null,'10015',null,null,null,null,'Brest naar Kempen',null,null,null);
INSERT INTO kern.his_persgeslnaamcomp (id,persgeslnaamcomp,dataanvgel,dateindegel,tsreg,tsverval,actieinh,actieverval,actieaanpgel,voorvoegsel,scheidingsteken,stam,predicaat,adellijketitel,nadereaandverval) VALUES('10016','10016','19881210',null,'19881210',null,'10016',null,null,null,null,'Ophuijsen',null,null,null);
INSERT INTO kern.his_persgeslnaamcomp (id,persgeslnaamcomp,dataanvgel,dateindegel,tsreg,tsverval,actieinh,actieverval,actieaanpgel,voorvoegsel,scheidingsteken,stam,predicaat,adellijketitel,nadereaandverval) VALUES('10017','10017','19960523',null,'19960523',null,'10017',null,null,null,null,'Addams',null,null,null);
INSERT INTO kern.his_persgeslnaamcomp (id,persgeslnaamcomp,dataanvgel,dateindegel,tsreg,tsverval,actieinh,actieverval,actieaanpgel,voorvoegsel,scheidingsteken,stam,predicaat,adellijketitel,nadereaandverval) VALUES('10018','10018','19941005',null,'19941005',null,'10018',null,null,null,null,'Verhoeven',null,null,null);
INSERT INTO kern.his_persgeslnaamcomp (id,persgeslnaamcomp,dataanvgel,dateindegel,tsreg,tsverval,actieinh,actieverval,actieaanpgel,voorvoegsel,scheidingsteken,stam,predicaat,adellijketitel,nadereaandverval) VALUES('10019','10019','19941005',null,'19941005',null,'10019',null,null,'de',' ','Slot',null,null,null);
INSERT INTO kern.his_persgeslnaamcomp (id,persgeslnaamcomp,dataanvgel,dateindegel,tsreg,tsverval,actieinh,actieverval,actieaanpgel,voorvoegsel,scheidingsteken,stam,predicaat,adellijketitel,nadereaandverval) VALUES('10020','10020','19760103',null,'19760103',null,'10020',null,null,'van',' ','Guirten',null,null,null);
INSERT INTO kern.his_persgeslnaamcomp (id,persgeslnaamcomp,dataanvgel,dateindegel,tsreg,tsverval,actieinh,actieverval,actieaanpgel,voorvoegsel,scheidingsteken,stam,predicaat,adellijketitel,nadereaandverval) VALUES('10021','10021','19961003',null,'19961003',null,'10021',null,null,'ter',' ','Stassen',null,null,null);
INSERT INTO kern.his_persgeslnaamcomp (id,persgeslnaamcomp,dataanvgel,dateindegel,tsreg,tsverval,actieinh,actieverval,actieaanpgel,voorvoegsel,scheidingsteken,stam,predicaat,adellijketitel,nadereaandverval) VALUES('10022','10022','19951003',null,'19951003',null,'10022',null,null,'van',' ','Zon',null,null,null);
INSERT INTO kern.his_persgeslnaamcomp (id,persgeslnaamcomp,dataanvgel,dateindegel,tsreg,tsverval,actieinh,actieverval,actieaanpgel,voorvoegsel,scheidingsteken,stam,predicaat,adellijketitel,nadereaandverval) VALUES('10023','10023','19941003',null,'19941003',null,'10023',null,null,'van',' ','Verhaar',null,null,null);
INSERT INTO kern.his_persgeslnaamcomp (id,persgeslnaamcomp,dataanvgel,dateindegel,tsreg,tsverval,actieinh,actieverval,actieaanpgel,voorvoegsel,scheidingsteken,stam,predicaat,adellijketitel,nadereaandverval) VALUES('10024','10024','19770401',null,'19770401',null,'10024',null,null,'de',' ','Klaassen',null,null,null);
INSERT INTO kern.his_persgeslnaamcomp (id,persgeslnaamcomp,dataanvgel,dateindegel,tsreg,tsverval,actieinh,actieverval,actieaanpgel,voorvoegsel,scheidingsteken,stam,predicaat,adellijketitel,nadereaandverval) VALUES('10025','10025','19880611',null,'19880611',null,'10025',null,null,null,null,'Valstar',null,null,null);
INSERT INTO kern.his_persgeslnaamcomp (id,persgeslnaamcomp,dataanvgel,dateindegel,tsreg,tsverval,actieinh,actieverval,actieaanpgel,voorvoegsel,scheidingsteken,stam,predicaat,adellijketitel,nadereaandverval) VALUES('10026','10026','19910721',null,'19910721',null,'10026',null,null,'ter',' ','Botje',null,null,null);
INSERT INTO kern.his_persgeslnaamcomp (id,persgeslnaamcomp,dataanvgel,dateindegel,tsreg,tsverval,actieinh,actieverval,actieaanpgel,voorvoegsel,scheidingsteken,stam,predicaat,adellijketitel,nadereaandverval) VALUES('10027','10027','19910911',null,'19910911',null,'10027',null,null,null,null,'Karlson',null,null,null);
INSERT INTO kern.his_persgeslnaamcomp (id,persgeslnaamcomp,dataanvgel,dateindegel,tsreg,tsverval,actieinh,actieverval,actieaanpgel,voorvoegsel,scheidingsteken,stam,predicaat,adellijketitel,nadereaandverval) VALUES('10028','10028','19900722','20001022','19900722',null,'10028',null,null,'van',' ','Hoog',null,null,null);
INSERT INTO kern.his_persgeslnaamcomp (id,persgeslnaamcomp,dataanvgel,dateindegel,tsreg,tsverval,actieinh,actieverval,actieaanpgel,voorvoegsel,scheidingsteken,stam,predicaat,adellijketitel,nadereaandverval) VALUES('10029','10029','19200430',null,'19200430',null,'10029',null,null,null,null,'Karlson',null,null,null);
INSERT INTO kern.his_persgeslnaamcomp (id,persgeslnaamcomp,dataanvgel,dateindegel,tsreg,tsverval,actieinh,actieverval,actieaanpgel,voorvoegsel,scheidingsteken,stam,predicaat,adellijketitel,nadereaandverval) VALUES('10030','10030','19220419',null,'19220419',null,'10030',null,null,'de',' ','Vlonder',null,null,null);
INSERT INTO kern.his_persgeslnaamcomp (id,persgeslnaamcomp,dataanvgel,dateindegel,tsreg,tsverval,actieinh,actieverval,actieaanpgel,voorvoegsel,scheidingsteken,stam,predicaat,adellijketitel,nadereaandverval) VALUES('10031','10031','19920219',null,'19920219',null,'10031',null,null,'de',' ','Zatte',null,null,null);
INSERT INTO kern.his_persgeslnaamcomp (id,persgeslnaamcomp,dataanvgel,dateindegel,tsreg,tsverval,actieinh,actieverval,actieaanpgel,voorvoegsel,scheidingsteken,stam,predicaat,adellijketitel,nadereaandverval) VALUES('10032','10032','19510923',null,'19510923',null,'10032',null,null,null,null,'Stuurman',null,null,null);
INSERT INTO kern.his_persgeslnaamcomp (id,persgeslnaamcomp,dataanvgel,dateindegel,tsreg,tsverval,actieinh,actieverval,actieaanpgel,voorvoegsel,scheidingsteken,stam,predicaat,adellijketitel,nadereaandverval) VALUES('10033','10033','19531116',null,'19531116',null,'10033',null,null,'de',' ','Vriend',null,null,null);
INSERT INTO kern.his_persgeslnaamcomp (id,persgeslnaamcomp,dataanvgel,dateindegel,tsreg,tsverval,actieinh,actieverval,actieaanpgel,voorvoegsel,scheidingsteken,stam,predicaat,adellijketitel,nadereaandverval) VALUES('10034','10034','19390402',null,'19390402',null,'10034',null,null,'de',' ','Renner',null,null,null);
INSERT INTO kern.his_persgeslnaamcomp (id,persgeslnaamcomp,dataanvgel,dateindegel,tsreg,tsverval,actieinh,actieverval,actieaanpgel,voorvoegsel,scheidingsteken,stam,predicaat,adellijketitel,nadereaandverval) VALUES('10035','10035','19841203',null,'19841203',null,'10035',null,null,'de',' ','Muurbloem',null,null,null);
INSERT INTO kern.his_persgeslnaamcomp (id,persgeslnaamcomp,dataanvgel,dateindegel,tsreg,tsverval,actieinh,actieverval,actieaanpgel,voorvoegsel,scheidingsteken,stam,predicaat,adellijketitel,nadereaandverval) VALUES('10036','10036','19851011',null,'19851011',null,'10036',null,null,null,null,'Appelo',null,null,null);
INSERT INTO kern.his_persgeslnaamcomp (id,persgeslnaamcomp,dataanvgel,dateindegel,tsreg,tsverval,actieinh,actieverval,actieaanpgel,voorvoegsel,scheidingsteken,stam,predicaat,adellijketitel,nadereaandverval) VALUES('10037','10037','20050112',null,'20050112',null,'10037',null,null,null,null,'Appelo',null,null,null);
INSERT INTO kern.his_persgeslnaamcomp (id,persgeslnaamcomp,dataanvgel,dateindegel,tsreg,tsverval,actieinh,actieverval,actieaanpgel,voorvoegsel,scheidingsteken,stam,predicaat,adellijketitel,nadereaandverval) VALUES('10038','10038','20051201',null,'20051201',null,'10038',null,null,null,null,'Appelo',null,null,null);
INSERT INTO kern.his_persgeslnaamcomp (id,persgeslnaamcomp,dataanvgel,dateindegel,tsreg,tsverval,actieinh,actieverval,actieaanpgel,voorvoegsel,scheidingsteken,stam,predicaat,adellijketitel,nadereaandverval) VALUES('10039','10039','20050112',null,'20050112',null,'10039',null,null,'in het',' ','Veld',null,null,null);
INSERT INTO kern.his_persgeslnaamcomp (id,persgeslnaamcomp,dataanvgel,dateindegel,tsreg,tsverval,actieinh,actieverval,actieaanpgel,voorvoegsel,scheidingsteken,stam,predicaat,adellijketitel,nadereaandverval) VALUES('10040','10040','20051201',null,'20051201',null,'10040',null,null,'van',' ','Penderloo',null,null,null);
INSERT INTO kern.his_persgeslnaamcomp (id,persgeslnaamcomp,dataanvgel,dateindegel,tsreg,tsverval,actieinh,actieverval,actieaanpgel,voorvoegsel,scheidingsteken,stam,predicaat,adellijketitel,nadereaandverval) VALUES('10041','10041','19680809',null,'19680809',null,'10041',null,null,'de',' ','Bakker',null,null,null);
INSERT INTO kern.his_persgeslnaamcomp (id,persgeslnaamcomp,dataanvgel,dateindegel,tsreg,tsverval,actieinh,actieverval,actieaanpgel,voorvoegsel,scheidingsteken,stam,predicaat,adellijketitel,nadereaandverval) VALUES('10042','10042','19580921',null,'19580921',null,'10042',null,null,null,null,'Karlson',null,null,null);
INSERT INTO kern.his_persgeslnaamcomp (id,persgeslnaamcomp,dataanvgel,dateindegel,tsreg,tsverval,actieinh,actieverval,actieaanpgel,voorvoegsel,scheidingsteken,stam,predicaat,adellijketitel,nadereaandverval) VALUES('10043','10043','19951004',null,'19951004',null,'10043',null,null,'ter',' ','Nater',null,null,null);
INSERT INTO kern.his_persgeslnaamcomp (id,persgeslnaamcomp,dataanvgel,dateindegel,tsreg,tsverval,actieinh,actieverval,actieaanpgel,voorvoegsel,scheidingsteken,stam,predicaat,adellijketitel,nadereaandverval) VALUES('10044','10044','20051201',null,'20051201',null,'10044',null,null,'van',' ','Hoog',null,null,null);
INSERT INTO kern.his_persgeslnaamcomp (id,persgeslnaamcomp,dataanvgel,dateindegel,tsreg,tsverval,actieinh,actieverval,actieaanpgel,voorvoegsel,scheidingsteken,stam,predicaat,adellijketitel,nadereaandverval) VALUES('10045','10045','20050112',null,'20050112',null,'10045',null,null,'de',' ','Hoop',null,null,null);

commit;


--------------------------------------------------
--- EIND
--- Sheet: (his_persgeslnaamcomp)
--- Handler: SheetHandlerImplSimpleInsert
--- Aantal: (46)
--------------------------------------------------
--------------------------------------------------
--- START
--- Sheet: (his_perssamengesteldenaam)
--- Handler: SheetHandlerImplSimpleInsert
--------------------------------------------------

begin;

INSERT INTO kern.his_perssamengesteldenaam (id,pers,dataanvgel,dateindegel,tsreg,tsverval,actieinh,actieverval,actieaanpgel,predicaat,voornamen,voorvoegsel,scheidingsteken,adellijketitel,geslnaamstam,indnreeks,indafgeleid,nadereaandverval) VALUES('10001','10001','19811002',null,'19811002',null,'10001',null,null,null,'Cees',null,null,null,'Vlag','false','true',null);
INSERT INTO kern.his_perssamengesteldenaam (id,pers,dataanvgel,dateindegel,tsreg,tsverval,actieinh,actieverval,actieaanpgel,predicaat,voornamen,voorvoegsel,scheidingsteken,adellijketitel,geslnaamstam,indnreeks,indafgeleid,nadereaandverval) VALUES('10002','10002','19820528',null,'19820528',null,'10002',null,null,null,'Paula','de',' ',null,'Prins','false','true',null);
INSERT INTO kern.his_perssamengesteldenaam (id,pers,dataanvgel,dateindegel,tsreg,tsverval,actieinh,actieverval,actieaanpgel,predicaat,voornamen,voorvoegsel,scheidingsteken,adellijketitel,geslnaamstam,indnreeks,indafgeleid,nadereaandverval) VALUES('10003','10003','19660302',null,'19660302',null,'10003',null,null,null,'Christoffel','van der',' ',null,'Vermeer','false','true',null);
INSERT INTO kern.his_perssamengesteldenaam (id,pers,dataanvgel,dateindegel,tsreg,tsverval,actieinh,actieverval,actieaanpgel,predicaat,voornamen,voorvoegsel,scheidingsteken,adellijketitel,geslnaamstam,indnreeks,indafgeleid,nadereaandverval) VALUES('10004','10004','19691227',null,'19691227',null,'10004',null,null,null,'Eleonora Françoise',null,null,null,'Crooy','false','true',null);
INSERT INTO kern.his_perssamengesteldenaam (id,pers,dataanvgel,dateindegel,tsreg,tsverval,actieinh,actieverval,actieaanpgel,predicaat,voornamen,voorvoegsel,scheidingsteken,adellijketitel,geslnaamstam,indnreeks,indafgeleid,nadereaandverval) VALUES('10005','10005','19710717',null,'19710717',null,'10005',null,null,null,'Albert',null,null,null,'Laar','false','true',null);
INSERT INTO kern.his_perssamengesteldenaam (id,pers,dataanvgel,dateindegel,tsreg,tsverval,actieinh,actieverval,actieaanpgel,predicaat,voornamen,voorvoegsel,scheidingsteken,adellijketitel,geslnaamstam,indnreeks,indafgeleid,nadereaandverval) VALUES('10006','10006','19720928',null,'19720928',null,'10006',null,null,null,'Anne-Marie','de',' ',null,'Snijder','false','true',null);
INSERT INTO kern.his_perssamengesteldenaam (id,pers,dataanvgel,dateindegel,tsreg,tsverval,actieinh,actieverval,actieaanpgel,predicaat,voornamen,voorvoegsel,scheidingsteken,adellijketitel,geslnaamstam,indnreeks,indafgeleid,nadereaandverval) VALUES('10007','10007','19800616',null,'19800616',null,'10007',null,null,null,'Henk',null,null,null,'Vermeulen','false','true',null);
INSERT INTO kern.his_perssamengesteldenaam (id,pers,dataanvgel,dateindegel,tsreg,tsverval,actieinh,actieverval,actieaanpgel,predicaat,voornamen,voorvoegsel,scheidingsteken,adellijketitel,geslnaamstam,indnreeks,indafgeleid,nadereaandverval) VALUES('10008','10008','19810418',null,'19810418',null,'10008',null,null,null,'Anna Maria Petra',null,null,null,'Jansma','false','true',null);
INSERT INTO kern.his_perssamengesteldenaam (id,pers,dataanvgel,dateindegel,tsreg,tsverval,actieinh,actieverval,actieaanpgel,predicaat,voornamen,voorvoegsel,scheidingsteken,adellijketitel,geslnaamstam,indnreeks,indafgeleid,nadereaandverval) VALUES('10009','10009','20110516',null,'20110516',null,'10009',null,null,null,'Miranda','de',' ',null,'Snijder','false','true',null);
INSERT INTO kern.his_perssamengesteldenaam (id,pers,dataanvgel,dateindegel,tsreg,tsverval,actieinh,actieverval,actieaanpgel,predicaat,voornamen,voorvoegsel,scheidingsteken,adellijketitel,geslnaamstam,indnreeks,indafgeleid,nadereaandverval) VALUES('10010','10010','19691231',null,'19691231',null,'10010',null,null,null,'John','de',' ',null,'Bloëmsma','false','true',null);
INSERT INTO kern.his_perssamengesteldenaam (id,pers,dataanvgel,dateindegel,tsreg,tsverval,actieinh,actieverval,actieaanpgel,predicaat,voornamen,voorvoegsel,scheidingsteken,adellijketitel,geslnaamstam,indnreeks,indafgeleid,nadereaandverval) VALUES('10011','10011','19690516',null,'19690516',null,'10011',null,null,null,'Dorothea','de',' ',null,'Snijder','false','true',null);
INSERT INTO kern.his_perssamengesteldenaam (id,pers,dataanvgel,dateindegel,tsreg,tsverval,actieinh,actieverval,actieaanpgel,predicaat,voornamen,voorvoegsel,scheidingsteken,adellijketitel,geslnaamstam,indnreeks,indafgeleid,nadereaandverval) VALUES('10012','10012','19771210',null,'19771210',null,'10012',null,null,null,'Bas',null,null,null,'Cuykelaer','false','true',null);
INSERT INTO kern.his_perssamengesteldenaam (id,pers,dataanvgel,dateindegel,tsreg,tsverval,actieinh,actieverval,actieaanpgel,predicaat,voornamen,voorvoegsel,scheidingsteken,adellijketitel,geslnaamstam,indnreeks,indafgeleid,nadereaandverval) VALUES('10013','10013','19550602',null,'19550602',null,'10013',null,null,null,'Hendrika Isabella Gerarda Johanna','van',' ',null,'Roos','false','true',null);
INSERT INTO kern.his_perssamengesteldenaam (id,pers,dataanvgel,dateindegel,tsreg,tsverval,actieinh,actieverval,actieaanpgel,predicaat,voornamen,voorvoegsel,scheidingsteken,adellijketitel,geslnaamstam,indnreeks,indafgeleid,nadereaandverval) VALUES('10014','10014','19780611',null,'19780611',null,'10014',null,null,null,'Jan','de',' ',null,'Snijder','false','true',null);
INSERT INTO kern.his_perssamengesteldenaam (id,pers,dataanvgel,dateindegel,tsreg,tsverval,actieinh,actieverval,actieaanpgel,predicaat,voornamen,voorvoegsel,scheidingsteken,adellijketitel,geslnaamstam,indnreeks,indafgeleid,nadereaandverval) VALUES('10015','10015','19880425',null,'19880425',null,'10015',null,null,null,'Petronella',null,null,null,'Brest naar Kempen','false','true',null);
INSERT INTO kern.his_perssamengesteldenaam (id,pers,dataanvgel,dateindegel,tsreg,tsverval,actieinh,actieverval,actieaanpgel,predicaat,voornamen,voorvoegsel,scheidingsteken,adellijketitel,geslnaamstam,indnreeks,indafgeleid,nadereaandverval) VALUES('10016','10016','19881210',null,'19881210',null,'10016',null,null,null,'Maria Christina',null,null,null,'Ophuijsen','false','true',null);
INSERT INTO kern.his_perssamengesteldenaam (id,pers,dataanvgel,dateindegel,tsreg,tsverval,actieinh,actieverval,actieaanpgel,predicaat,voornamen,voorvoegsel,scheidingsteken,adellijketitel,geslnaamstam,indnreeks,indafgeleid,nadereaandverval) VALUES('10017','10017','19960523',null,'19960523',null,'10017',null,null,null,'Pieter',null,null,null,'Addams','false','true',null);
INSERT INTO kern.his_perssamengesteldenaam (id,pers,dataanvgel,dateindegel,tsreg,tsverval,actieinh,actieverval,actieaanpgel,predicaat,voornamen,voorvoegsel,scheidingsteken,adellijketitel,geslnaamstam,indnreeks,indafgeleid,nadereaandverval) VALUES('10018','10018','19941005',null,'19941005',null,'10018',null,null,null,'Petronellaatje',null,null,null,'Verhoeven','false','true',null);
INSERT INTO kern.his_perssamengesteldenaam (id,pers,dataanvgel,dateindegel,tsreg,tsverval,actieinh,actieverval,actieaanpgel,predicaat,voornamen,voorvoegsel,scheidingsteken,adellijketitel,geslnaamstam,indnreeks,indafgeleid,nadereaandverval) VALUES('10019','10019','19941005',null,'19941005',null,'10019',null,null,null,'Sanne','de',' ',null,'Slot','false','true',null);
INSERT INTO kern.his_perssamengesteldenaam (id,pers,dataanvgel,dateindegel,tsreg,tsverval,actieinh,actieverval,actieaanpgel,predicaat,voornamen,voorvoegsel,scheidingsteken,adellijketitel,geslnaamstam,indnreeks,indafgeleid,nadereaandverval) VALUES('10020','10020','19760103',null,'19760103',null,'10020',null,null,null,'Hanna','van',' ',null,'Guirten','false','true',null);
INSERT INTO kern.his_perssamengesteldenaam (id,pers,dataanvgel,dateindegel,tsreg,tsverval,actieinh,actieverval,actieaanpgel,predicaat,voornamen,voorvoegsel,scheidingsteken,adellijketitel,geslnaamstam,indnreeks,indafgeleid,nadereaandverval) VALUES('10021','10021','19961003',null,'19961003',null,'10021',null,null,null,'Sander','ter',' ',null,'Stassen','false','true',null);
INSERT INTO kern.his_perssamengesteldenaam (id,pers,dataanvgel,dateindegel,tsreg,tsverval,actieinh,actieverval,actieaanpgel,predicaat,voornamen,voorvoegsel,scheidingsteken,adellijketitel,geslnaamstam,indnreeks,indafgeleid,nadereaandverval) VALUES('10022','10022','19951003',null,'19951003',null,'10022',null,null,null,'Ellen','van',' ',null,'Zon','false','true',null);
INSERT INTO kern.his_perssamengesteldenaam (id,pers,dataanvgel,dateindegel,tsreg,tsverval,actieinh,actieverval,actieaanpgel,predicaat,voornamen,voorvoegsel,scheidingsteken,adellijketitel,geslnaamstam,indnreeks,indafgeleid,nadereaandverval) VALUES('10023','10023','19941003',null,'19941003',null,'10023',null,null,null,'Christian','van',' ',null,'Verhaar','false','true',null);
INSERT INTO kern.his_perssamengesteldenaam (id,pers,dataanvgel,dateindegel,tsreg,tsverval,actieinh,actieverval,actieaanpgel,predicaat,voornamen,voorvoegsel,scheidingsteken,adellijketitel,geslnaamstam,indnreeks,indafgeleid,nadereaandverval) VALUES('10024','10024','19770401',null,'19770401',null,'10024',null,null,null,'Anja','de',' ',null,'Klaassen','false','true',null);
INSERT INTO kern.his_perssamengesteldenaam (id,pers,dataanvgel,dateindegel,tsreg,tsverval,actieinh,actieverval,actieaanpgel,predicaat,voornamen,voorvoegsel,scheidingsteken,adellijketitel,geslnaamstam,indnreeks,indafgeleid,nadereaandverval) VALUES('10025','10025','19880611',null,'19880611',null,'10025',null,null,null,'Karel',null,null,null,'Valstar','false','true',null);
INSERT INTO kern.his_perssamengesteldenaam (id,pers,dataanvgel,dateindegel,tsreg,tsverval,actieinh,actieverval,actieaanpgel,predicaat,voornamen,voorvoegsel,scheidingsteken,adellijketitel,geslnaamstam,indnreeks,indafgeleid,nadereaandverval) VALUES('10026','10026','19910721',null,'19910721',null,'10026',null,null,null,'Helen','ter',' ',null,'Botje','false','true',null);
INSERT INTO kern.his_perssamengesteldenaam (id,pers,dataanvgel,dateindegel,tsreg,tsverval,actieinh,actieverval,actieaanpgel,predicaat,voornamen,voorvoegsel,scheidingsteken,adellijketitel,geslnaamstam,indnreeks,indafgeleid,nadereaandverval) VALUES('10027','10027','19910911',null,'19910911',null,'10027',null,null,null,'Sander',null,null,null,'Karlson','false','true',null);
INSERT INTO kern.his_perssamengesteldenaam (id,pers,dataanvgel,dateindegel,tsreg,tsverval,actieinh,actieverval,actieaanpgel,predicaat,voornamen,voorvoegsel,scheidingsteken,adellijketitel,geslnaamstam,indnreeks,indafgeleid,nadereaandverval) VALUES('10028','10028','19900722',null,'19900722',null,'10028',null,null,null,'Violet','van',' ',null,'Hoog','false','true',null);
INSERT INTO kern.his_perssamengesteldenaam (id,pers,dataanvgel,dateindegel,tsreg,tsverval,actieinh,actieverval,actieaanpgel,predicaat,voornamen,voorvoegsel,scheidingsteken,adellijketitel,geslnaamstam,indnreeks,indafgeleid,nadereaandverval) VALUES('10029','10029','19200430',null,'19200430',null,'10029',null,null,null,'Violetta',null,null,null,'Karlson','false','true',null);
INSERT INTO kern.his_perssamengesteldenaam (id,pers,dataanvgel,dateindegel,tsreg,tsverval,actieinh,actieverval,actieaanpgel,predicaat,voornamen,voorvoegsel,scheidingsteken,adellijketitel,geslnaamstam,indnreeks,indafgeleid,nadereaandverval) VALUES('10030','10030','19220419',null,'19220419',null,'10030',null,null,null,'Tanja','de',' ',null,'Vlonder','false','true',null);
INSERT INTO kern.his_perssamengesteldenaam (id,pers,dataanvgel,dateindegel,tsreg,tsverval,actieinh,actieverval,actieaanpgel,predicaat,voornamen,voorvoegsel,scheidingsteken,adellijketitel,geslnaamstam,indnreeks,indafgeleid,nadereaandverval) VALUES('10031','10031','19920219',null,'19920219',null,'10031',null,null,null,'Berend','de',' ',null,'Zatte','false','true',null);
INSERT INTO kern.his_perssamengesteldenaam (id,pers,dataanvgel,dateindegel,tsreg,tsverval,actieinh,actieverval,actieaanpgel,predicaat,voornamen,voorvoegsel,scheidingsteken,adellijketitel,geslnaamstam,indnreeks,indafgeleid,nadereaandverval) VALUES('10032','10032','19510923',null,'19510923',null,'10032',null,null,null,'Mike',null,null,null,'Stuurman','false','true',null);
INSERT INTO kern.his_perssamengesteldenaam (id,pers,dataanvgel,dateindegel,tsreg,tsverval,actieinh,actieverval,actieaanpgel,predicaat,voornamen,voorvoegsel,scheidingsteken,adellijketitel,geslnaamstam,indnreeks,indafgeleid,nadereaandverval) VALUES('10033','10033','19531116',null,'19531116',null,'10033',null,null,null,'Sanne','de',' ',null,'Vriend','false','true',null);
INSERT INTO kern.his_perssamengesteldenaam (id,pers,dataanvgel,dateindegel,tsreg,tsverval,actieinh,actieverval,actieaanpgel,predicaat,voornamen,voorvoegsel,scheidingsteken,adellijketitel,geslnaamstam,indnreeks,indafgeleid,nadereaandverval) VALUES('10034','10034','19390402',null,'19390402',null,'10034',null,null,null,'Josje','de',' ',null,'Renner','false','true',null);
INSERT INTO kern.his_perssamengesteldenaam (id,pers,dataanvgel,dateindegel,tsreg,tsverval,actieinh,actieverval,actieaanpgel,predicaat,voornamen,voorvoegsel,scheidingsteken,adellijketitel,geslnaamstam,indnreeks,indafgeleid,nadereaandverval) VALUES('10035','10035','19841203',null,'19841203',null,'10035',null,null,null,'Anna','de',' ',null,'Muurbloem','false','true',null);
INSERT INTO kern.his_perssamengesteldenaam (id,pers,dataanvgel,dateindegel,tsreg,tsverval,actieinh,actieverval,actieaanpgel,predicaat,voornamen,voorvoegsel,scheidingsteken,adellijketitel,geslnaamstam,indnreeks,indafgeleid,nadereaandverval) VALUES('10036','10036','19851011',null,'19851011',null,'10036',null,null,null,'Gerard',null,null,null,'Appelo','false','true',null);
INSERT INTO kern.his_perssamengesteldenaam (id,pers,dataanvgel,dateindegel,tsreg,tsverval,actieinh,actieverval,actieaanpgel,predicaat,voornamen,voorvoegsel,scheidingsteken,adellijketitel,geslnaamstam,indnreeks,indafgeleid,nadereaandverval) VALUES('10037','10037','20050112',null,'20050112',null,'10037',null,null,null,'Albert Piet Hendricus',null,null,null,'Appelo','false','true',null);
INSERT INTO kern.his_perssamengesteldenaam (id,pers,dataanvgel,dateindegel,tsreg,tsverval,actieinh,actieverval,actieaanpgel,predicaat,voornamen,voorvoegsel,scheidingsteken,adellijketitel,geslnaamstam,indnreeks,indafgeleid,nadereaandverval) VALUES('10038','10038','20051201',null,'20051201',null,'10038',null,null,null,'Marijke',null,null,null,'Appelo','false','true',null);
INSERT INTO kern.his_perssamengesteldenaam (id,pers,dataanvgel,dateindegel,tsreg,tsverval,actieinh,actieverval,actieaanpgel,predicaat,voornamen,voorvoegsel,scheidingsteken,adellijketitel,geslnaamstam,indnreeks,indafgeleid,nadereaandverval) VALUES('10039','10039','20050112',null,'20050112',null,'10039',null,null,null,'Geerte','in het',' ',null,'Veld','false','true',null);
INSERT INTO kern.his_perssamengesteldenaam (id,pers,dataanvgel,dateindegel,tsreg,tsverval,actieinh,actieverval,actieaanpgel,predicaat,voornamen,voorvoegsel,scheidingsteken,adellijketitel,geslnaamstam,indnreeks,indafgeleid,nadereaandverval) VALUES('10040','10040','20051201',null,'20051201',null,'10040',null,null,null,'Gert','van',' ',null,'Penderloo','false','true',null);
INSERT INTO kern.his_perssamengesteldenaam (id,pers,dataanvgel,dateindegel,tsreg,tsverval,actieinh,actieverval,actieaanpgel,predicaat,voornamen,voorvoegsel,scheidingsteken,adellijketitel,geslnaamstam,indnreeks,indafgeleid,nadereaandverval) VALUES('10041','10041','19680809',null,'19680809',null,'10041',null,null,null,'Gijs','de',' ',null,'Bakker','false','true',null);
INSERT INTO kern.his_perssamengesteldenaam (id,pers,dataanvgel,dateindegel,tsreg,tsverval,actieinh,actieverval,actieaanpgel,predicaat,voornamen,voorvoegsel,scheidingsteken,adellijketitel,geslnaamstam,indnreeks,indafgeleid,nadereaandverval) VALUES('10042','10042','19580921',null,'19580921',null,'10042',null,null,null,'Guido',null,null,null,'Karlson','false','true',null);
INSERT INTO kern.his_perssamengesteldenaam (id,pers,dataanvgel,dateindegel,tsreg,tsverval,actieinh,actieverval,actieaanpgel,predicaat,voornamen,voorvoegsel,scheidingsteken,adellijketitel,geslnaamstam,indnreeks,indafgeleid,nadereaandverval) VALUES('10043','10043','19951004',null,'19951004',null,'10043',null,null,null,'Annemieke','ter',' ',null,'Nater','false','true',null);
INSERT INTO kern.his_perssamengesteldenaam (id,pers,dataanvgel,dateindegel,tsreg,tsverval,actieinh,actieverval,actieaanpgel,predicaat,voornamen,voorvoegsel,scheidingsteken,adellijketitel,geslnaamstam,indnreeks,indafgeleid,nadereaandverval) VALUES('10044','10044','20051201',null,'20051201',null,'10044',null,null,null,'Maarten','van',' ',null,'Hoog','false','true',null);
INSERT INTO kern.his_perssamengesteldenaam (id,pers,dataanvgel,dateindegel,tsreg,tsverval,actieinh,actieverval,actieaanpgel,predicaat,voornamen,voorvoegsel,scheidingsteken,adellijketitel,geslnaamstam,indnreeks,indafgeleid,nadereaandverval) VALUES('10045','10045','20050112',null,'20050112',null,'10045',null,null,null,'Marion','de',' ',null,'Hoop','false','true',null);

commit;


--------------------------------------------------
--- EIND
--- Sheet: (his_perssamengesteldenaam)
--- Handler: SheetHandlerImplSimpleInsert
--- Aantal: (46)
--------------------------------------------------
--------------------------------------------------
--- START
--- Sheet: (his_persnaamgebruik)
--- Handler: SheetHandlerImplSimpleInsert
--------------------------------------------------

begin;

INSERT INTO kern.his_persnaamgebruik (id,pers,tsreg,tsverval,actieinh,actieverval,naamgebruik,indnaamgebruikafgeleid,predicaatnaamgebruik,voornamennaamgebruik,voorvoegselnaamgebruik,scheidingstekennaamgebruik,adellijketitelnaamgebruik,geslnaamstamnaamgebruik,nadereaandverval) VALUES('10001','10001','19811002',null,'10001',null,'1','true',null,'Cees',null,null,null,'Vlag',null);
INSERT INTO kern.his_persnaamgebruik (id,pers,tsreg,tsverval,actieinh,actieverval,naamgebruik,indnaamgebruikafgeleid,predicaatnaamgebruik,voornamennaamgebruik,voorvoegselnaamgebruik,scheidingstekennaamgebruik,adellijketitelnaamgebruik,geslnaamstamnaamgebruik,nadereaandverval) VALUES('10002','10002','19820528',null,'10002',null,'1','true',null,'Paula','de',' ',null,'Prins',null);
INSERT INTO kern.his_persnaamgebruik (id,pers,tsreg,tsverval,actieinh,actieverval,naamgebruik,indnaamgebruikafgeleid,predicaatnaamgebruik,voornamennaamgebruik,voorvoegselnaamgebruik,scheidingstekennaamgebruik,adellijketitelnaamgebruik,geslnaamstamnaamgebruik,nadereaandverval) VALUES('10003','10003','19660302',null,'10003',null,'1','true',null,'Christoffel','van der',' ',null,'Vermeer',null);
INSERT INTO kern.his_persnaamgebruik (id,pers,tsreg,tsverval,actieinh,actieverval,naamgebruik,indnaamgebruikafgeleid,predicaatnaamgebruik,voornamennaamgebruik,voorvoegselnaamgebruik,scheidingstekennaamgebruik,adellijketitelnaamgebruik,geslnaamstamnaamgebruik,nadereaandverval) VALUES('10004','10004','19691227',null,'10004',null,'1','true',null,'Eleonora Françoise',null,null,null,'Crooy',null);
INSERT INTO kern.his_persnaamgebruik (id,pers,tsreg,tsverval,actieinh,actieverval,naamgebruik,indnaamgebruikafgeleid,predicaatnaamgebruik,voornamennaamgebruik,voorvoegselnaamgebruik,scheidingstekennaamgebruik,adellijketitelnaamgebruik,geslnaamstamnaamgebruik,nadereaandverval) VALUES('10005','10005','19710717',null,'10005',null,'1','true',null,'Albert',null,null,null,'Laar',null);
INSERT INTO kern.his_persnaamgebruik (id,pers,tsreg,tsverval,actieinh,actieverval,naamgebruik,indnaamgebruikafgeleid,predicaatnaamgebruik,voornamennaamgebruik,voorvoegselnaamgebruik,scheidingstekennaamgebruik,adellijketitelnaamgebruik,geslnaamstamnaamgebruik,nadereaandverval) VALUES('10006','10006','19720928',null,'10006',null,'1','true',null,'Anne-Marie','de',' ',null,'Snijder',null);
INSERT INTO kern.his_persnaamgebruik (id,pers,tsreg,tsverval,actieinh,actieverval,naamgebruik,indnaamgebruikafgeleid,predicaatnaamgebruik,voornamennaamgebruik,voorvoegselnaamgebruik,scheidingstekennaamgebruik,adellijketitelnaamgebruik,geslnaamstamnaamgebruik,nadereaandverval) VALUES('10007','10007','19800616',null,'10007',null,'1','true',null,'Henk',null,null,null,'Vermeulen',null);
INSERT INTO kern.his_persnaamgebruik (id,pers,tsreg,tsverval,actieinh,actieverval,naamgebruik,indnaamgebruikafgeleid,predicaatnaamgebruik,voornamennaamgebruik,voorvoegselnaamgebruik,scheidingstekennaamgebruik,adellijketitelnaamgebruik,geslnaamstamnaamgebruik,nadereaandverval) VALUES('10008','10008','19810418',null,'10008',null,'1','true',null,'Anna Maria Petra',null,null,null,'Jansma',null);
INSERT INTO kern.his_persnaamgebruik (id,pers,tsreg,tsverval,actieinh,actieverval,naamgebruik,indnaamgebruikafgeleid,predicaatnaamgebruik,voornamennaamgebruik,voorvoegselnaamgebruik,scheidingstekennaamgebruik,adellijketitelnaamgebruik,geslnaamstamnaamgebruik,nadereaandverval) VALUES('10009','10009','20110516',null,'10009',null,'1','true',null,'Miranda',null,null,null,'Jansma',null);
INSERT INTO kern.his_persnaamgebruik (id,pers,tsreg,tsverval,actieinh,actieverval,naamgebruik,indnaamgebruikafgeleid,predicaatnaamgebruik,voornamennaamgebruik,voorvoegselnaamgebruik,scheidingstekennaamgebruik,adellijketitelnaamgebruik,geslnaamstamnaamgebruik,nadereaandverval) VALUES('10010','10010','19691231',null,'10010',null,'1','true',null,'John','de',' ',null,'Bloëmsma',null);
INSERT INTO kern.his_persnaamgebruik (id,pers,tsreg,tsverval,actieinh,actieverval,naamgebruik,indnaamgebruikafgeleid,predicaatnaamgebruik,voornamennaamgebruik,voorvoegselnaamgebruik,scheidingstekennaamgebruik,adellijketitelnaamgebruik,geslnaamstamnaamgebruik,nadereaandverval) VALUES('10011','10011','19690516',null,'10011',null,'1','true',null,'Dorothea','de',' ',null,'Snijder',null);
INSERT INTO kern.his_persnaamgebruik (id,pers,tsreg,tsverval,actieinh,actieverval,naamgebruik,indnaamgebruikafgeleid,predicaatnaamgebruik,voornamennaamgebruik,voorvoegselnaamgebruik,scheidingstekennaamgebruik,adellijketitelnaamgebruik,geslnaamstamnaamgebruik,nadereaandverval) VALUES('10012','10012','19771210',null,'10012',null,'1','true',null,'Bas',null,null,null,'Cuykelaer',null);
INSERT INTO kern.his_persnaamgebruik (id,pers,tsreg,tsverval,actieinh,actieverval,naamgebruik,indnaamgebruikafgeleid,predicaatnaamgebruik,voornamennaamgebruik,voorvoegselnaamgebruik,scheidingstekennaamgebruik,adellijketitelnaamgebruik,geslnaamstamnaamgebruik,nadereaandverval) VALUES('10013','10013','19550602',null,'10013',null,'1','true',null,'Hendrika Isabella Gerarda Johanna','van',' ',null,'Roos',null);
INSERT INTO kern.his_persnaamgebruik (id,pers,tsreg,tsverval,actieinh,actieverval,naamgebruik,indnaamgebruikafgeleid,predicaatnaamgebruik,voornamennaamgebruik,voorvoegselnaamgebruik,scheidingstekennaamgebruik,adellijketitelnaamgebruik,geslnaamstamnaamgebruik,nadereaandverval) VALUES('10014','10014','19780611',null,'10014',null,'1','true',null,'Jan','de',' ',null,'Snijder',null);
INSERT INTO kern.his_persnaamgebruik (id,pers,tsreg,tsverval,actieinh,actieverval,naamgebruik,indnaamgebruikafgeleid,predicaatnaamgebruik,voornamennaamgebruik,voorvoegselnaamgebruik,scheidingstekennaamgebruik,adellijketitelnaamgebruik,geslnaamstamnaamgebruik,nadereaandverval) VALUES('10015','10015','19880425',null,'10015',null,'1','true',null,'Petronella',null,null,null,'Brest naar Kempen',null);
INSERT INTO kern.his_persnaamgebruik (id,pers,tsreg,tsverval,actieinh,actieverval,naamgebruik,indnaamgebruikafgeleid,predicaatnaamgebruik,voornamennaamgebruik,voorvoegselnaamgebruik,scheidingstekennaamgebruik,adellijketitelnaamgebruik,geslnaamstamnaamgebruik,nadereaandverval) VALUES('10016','10016','19881210',null,'10016',null,'1','true',null,'Maria Christina',null,null,null,'Ophuijsen',null);
INSERT INTO kern.his_persnaamgebruik (id,pers,tsreg,tsverval,actieinh,actieverval,naamgebruik,indnaamgebruikafgeleid,predicaatnaamgebruik,voornamennaamgebruik,voorvoegselnaamgebruik,scheidingstekennaamgebruik,adellijketitelnaamgebruik,geslnaamstamnaamgebruik,nadereaandverval) VALUES('10017','10017','19960523',null,'10017',null,'1','true',null,'Pieter',null,null,null,'Addams',null);
INSERT INTO kern.his_persnaamgebruik (id,pers,tsreg,tsverval,actieinh,actieverval,naamgebruik,indnaamgebruikafgeleid,predicaatnaamgebruik,voornamennaamgebruik,voorvoegselnaamgebruik,scheidingstekennaamgebruik,adellijketitelnaamgebruik,geslnaamstamnaamgebruik,nadereaandverval) VALUES('10018','10018','19941005',null,'10018',null,'1','true',null,'Petronellaatje',null,null,null,'Verhoeven',null);
INSERT INTO kern.his_persnaamgebruik (id,pers,tsreg,tsverval,actieinh,actieverval,naamgebruik,indnaamgebruikafgeleid,predicaatnaamgebruik,voornamennaamgebruik,voorvoegselnaamgebruik,scheidingstekennaamgebruik,adellijketitelnaamgebruik,geslnaamstamnaamgebruik,nadereaandverval) VALUES('10019','10019','19941005',null,'10019',null,'1','true',null,'Sanne','de',' ',null,'Slot',null);
INSERT INTO kern.his_persnaamgebruik (id,pers,tsreg,tsverval,actieinh,actieverval,naamgebruik,indnaamgebruikafgeleid,predicaatnaamgebruik,voornamennaamgebruik,voorvoegselnaamgebruik,scheidingstekennaamgebruik,adellijketitelnaamgebruik,geslnaamstamnaamgebruik,nadereaandverval) VALUES('10020','10020','19760103',null,'10020',null,'1','true',null,'Hanna','van',' ',null,'Guirten',null);
INSERT INTO kern.his_persnaamgebruik (id,pers,tsreg,tsverval,actieinh,actieverval,naamgebruik,indnaamgebruikafgeleid,predicaatnaamgebruik,voornamennaamgebruik,voorvoegselnaamgebruik,scheidingstekennaamgebruik,adellijketitelnaamgebruik,geslnaamstamnaamgebruik,nadereaandverval) VALUES('10021','10021','19961003',null,'10021',null,'1','true',null,'Sander','ter',' ',null,'Stassen',null);
INSERT INTO kern.his_persnaamgebruik (id,pers,tsreg,tsverval,actieinh,actieverval,naamgebruik,indnaamgebruikafgeleid,predicaatnaamgebruik,voornamennaamgebruik,voorvoegselnaamgebruik,scheidingstekennaamgebruik,adellijketitelnaamgebruik,geslnaamstamnaamgebruik,nadereaandverval) VALUES('10022','10022','19951003',null,'10022',null,'1','true',null,'Ellen','van',' ',null,'Zon',null);
INSERT INTO kern.his_persnaamgebruik (id,pers,tsreg,tsverval,actieinh,actieverval,naamgebruik,indnaamgebruikafgeleid,predicaatnaamgebruik,voornamennaamgebruik,voorvoegselnaamgebruik,scheidingstekennaamgebruik,adellijketitelnaamgebruik,geslnaamstamnaamgebruik,nadereaandverval) VALUES('10023','10023','19941003',null,'10023',null,'1','true',null,'Christian','van',' ',null,'Verhaar',null);
INSERT INTO kern.his_persnaamgebruik (id,pers,tsreg,tsverval,actieinh,actieverval,naamgebruik,indnaamgebruikafgeleid,predicaatnaamgebruik,voornamennaamgebruik,voorvoegselnaamgebruik,scheidingstekennaamgebruik,adellijketitelnaamgebruik,geslnaamstamnaamgebruik,nadereaandverval) VALUES('10024','10024','19770401',null,'10024',null,'1','true',null,'Anja','de',' ',null,'Klaassen',null);
INSERT INTO kern.his_persnaamgebruik (id,pers,tsreg,tsverval,actieinh,actieverval,naamgebruik,indnaamgebruikafgeleid,predicaatnaamgebruik,voornamennaamgebruik,voorvoegselnaamgebruik,scheidingstekennaamgebruik,adellijketitelnaamgebruik,geslnaamstamnaamgebruik,nadereaandverval) VALUES('10025','10025','19880611',null,'10025',null,'1','true',null,'Karel',null,null,null,'Valstar',null);
INSERT INTO kern.his_persnaamgebruik (id,pers,tsreg,tsverval,actieinh,actieverval,naamgebruik,indnaamgebruikafgeleid,predicaatnaamgebruik,voornamennaamgebruik,voorvoegselnaamgebruik,scheidingstekennaamgebruik,adellijketitelnaamgebruik,geslnaamstamnaamgebruik,nadereaandverval) VALUES('10026','10026','19910721',null,'10026',null,'1','true',null,'Helen','ter',' ',null,'Botje',null);
INSERT INTO kern.his_persnaamgebruik (id,pers,tsreg,tsverval,actieinh,actieverval,naamgebruik,indnaamgebruikafgeleid,predicaatnaamgebruik,voornamennaamgebruik,voorvoegselnaamgebruik,scheidingstekennaamgebruik,adellijketitelnaamgebruik,geslnaamstamnaamgebruik,nadereaandverval) VALUES('10027','10027','19910911',null,'10027',null,'1','true',null,'Sander',null,null,null,'Karlson',null);
INSERT INTO kern.his_persnaamgebruik (id,pers,tsreg,tsverval,actieinh,actieverval,naamgebruik,indnaamgebruikafgeleid,predicaatnaamgebruik,voornamennaamgebruik,voorvoegselnaamgebruik,scheidingstekennaamgebruik,adellijketitelnaamgebruik,geslnaamstamnaamgebruik,nadereaandverval) VALUES('10028','10028','19900722',null,'10028',null,'1','true',null,'Violet','van',' ',null,'Hoog',null);
INSERT INTO kern.his_persnaamgebruik (id,pers,tsreg,tsverval,actieinh,actieverval,naamgebruik,indnaamgebruikafgeleid,predicaatnaamgebruik,voornamennaamgebruik,voorvoegselnaamgebruik,scheidingstekennaamgebruik,adellijketitelnaamgebruik,geslnaamstamnaamgebruik,nadereaandverval) VALUES('10029','10029','19200430',null,'10029',null,'1','true',null,'Violet',null,null,null,'Karlson',null);
INSERT INTO kern.his_persnaamgebruik (id,pers,tsreg,tsverval,actieinh,actieverval,naamgebruik,indnaamgebruikafgeleid,predicaatnaamgebruik,voornamennaamgebruik,voorvoegselnaamgebruik,scheidingstekennaamgebruik,adellijketitelnaamgebruik,geslnaamstamnaamgebruik,nadereaandverval) VALUES('10030','10030','19220419',null,'10030',null,'1','true',null,'Tanja','de',' ',null,'Vlonder',null);
INSERT INTO kern.his_persnaamgebruik (id,pers,tsreg,tsverval,actieinh,actieverval,naamgebruik,indnaamgebruikafgeleid,predicaatnaamgebruik,voornamennaamgebruik,voorvoegselnaamgebruik,scheidingstekennaamgebruik,adellijketitelnaamgebruik,geslnaamstamnaamgebruik,nadereaandverval) VALUES('10031','10031','19920219',null,'10031',null,'1','true',null,'Berend','de',' ',null,'Zatte',null);
INSERT INTO kern.his_persnaamgebruik (id,pers,tsreg,tsverval,actieinh,actieverval,naamgebruik,indnaamgebruikafgeleid,predicaatnaamgebruik,voornamennaamgebruik,voorvoegselnaamgebruik,scheidingstekennaamgebruik,adellijketitelnaamgebruik,geslnaamstamnaamgebruik,nadereaandverval) VALUES('10032','10032','19510923',null,'10032',null,'1','true',null,'Mike',null,null,null,'Stuurman',null);
INSERT INTO kern.his_persnaamgebruik (id,pers,tsreg,tsverval,actieinh,actieverval,naamgebruik,indnaamgebruikafgeleid,predicaatnaamgebruik,voornamennaamgebruik,voorvoegselnaamgebruik,scheidingstekennaamgebruik,adellijketitelnaamgebruik,geslnaamstamnaamgebruik,nadereaandverval) VALUES('10033','10033','19531116',null,'10033',null,'1','true',null,'Sanne','de',' ',null,'Vriend',null);
INSERT INTO kern.his_persnaamgebruik (id,pers,tsreg,tsverval,actieinh,actieverval,naamgebruik,indnaamgebruikafgeleid,predicaatnaamgebruik,voornamennaamgebruik,voorvoegselnaamgebruik,scheidingstekennaamgebruik,adellijketitelnaamgebruik,geslnaamstamnaamgebruik,nadereaandverval) VALUES('10034','10034','19390402',null,'10034',null,'1','true',null,'Josje','de',' ',null,'Renner',null);
INSERT INTO kern.his_persnaamgebruik (id,pers,tsreg,tsverval,actieinh,actieverval,naamgebruik,indnaamgebruikafgeleid,predicaatnaamgebruik,voornamennaamgebruik,voorvoegselnaamgebruik,scheidingstekennaamgebruik,adellijketitelnaamgebruik,geslnaamstamnaamgebruik,nadereaandverval) VALUES('10035','10035','19841203',null,'10035',null,'1','true',null,'Anna','de',' ',null,'Muurbloem',null);
INSERT INTO kern.his_persnaamgebruik (id,pers,tsreg,tsverval,actieinh,actieverval,naamgebruik,indnaamgebruikafgeleid,predicaatnaamgebruik,voornamennaamgebruik,voorvoegselnaamgebruik,scheidingstekennaamgebruik,adellijketitelnaamgebruik,geslnaamstamnaamgebruik,nadereaandverval) VALUES('10036','10036','19851011',null,'10036',null,'1','true',null,'Gerard',null,null,null,'Appelo',null);
INSERT INTO kern.his_persnaamgebruik (id,pers,tsreg,tsverval,actieinh,actieverval,naamgebruik,indnaamgebruikafgeleid,predicaatnaamgebruik,voornamennaamgebruik,voorvoegselnaamgebruik,scheidingstekennaamgebruik,adellijketitelnaamgebruik,geslnaamstamnaamgebruik,nadereaandverval) VALUES('10037','10037','20050112',null,'10037',null,'1','true',null,'Albert Piet Hendricus',null,null,null,'Appel',null);
INSERT INTO kern.his_persnaamgebruik (id,pers,tsreg,tsverval,actieinh,actieverval,naamgebruik,indnaamgebruikafgeleid,predicaatnaamgebruik,voornamennaamgebruik,voorvoegselnaamgebruik,scheidingstekennaamgebruik,adellijketitelnaamgebruik,geslnaamstamnaamgebruik,nadereaandverval) VALUES('10038','10038','20051201',null,'10038',null,'1','true',null,'Marijke','ter',' ',null,'Aar',null);
INSERT INTO kern.his_persnaamgebruik (id,pers,tsreg,tsverval,actieinh,actieverval,naamgebruik,indnaamgebruikafgeleid,predicaatnaamgebruik,voornamennaamgebruik,voorvoegselnaamgebruik,scheidingstekennaamgebruik,adellijketitelnaamgebruik,geslnaamstamnaamgebruik,nadereaandverval) VALUES('10039','10039','20050112',null,'10039',null,'1','true',null,'Geerte','in het',' ',null,'Veld',null);
INSERT INTO kern.his_persnaamgebruik (id,pers,tsreg,tsverval,actieinh,actieverval,naamgebruik,indnaamgebruikafgeleid,predicaatnaamgebruik,voornamennaamgebruik,voorvoegselnaamgebruik,scheidingstekennaamgebruik,adellijketitelnaamgebruik,geslnaamstamnaamgebruik,nadereaandverval) VALUES('10040','10040','20051201',null,'10040',null,'1','true',null,'Gert','van',' ',null,'Penderloo',null);
INSERT INTO kern.his_persnaamgebruik (id,pers,tsreg,tsverval,actieinh,actieverval,naamgebruik,indnaamgebruikafgeleid,predicaatnaamgebruik,voornamennaamgebruik,voorvoegselnaamgebruik,scheidingstekennaamgebruik,adellijketitelnaamgebruik,geslnaamstamnaamgebruik,nadereaandverval) VALUES('10041','10041','19680809',null,'10041',null,'1','true',null,'Gijs','de',' ',null,'Bakker',null);
INSERT INTO kern.his_persnaamgebruik (id,pers,tsreg,tsverval,actieinh,actieverval,naamgebruik,indnaamgebruikafgeleid,predicaatnaamgebruik,voornamennaamgebruik,voorvoegselnaamgebruik,scheidingstekennaamgebruik,adellijketitelnaamgebruik,geslnaamstamnaamgebruik,nadereaandverval) VALUES('10042','10042','19580921',null,'10042',null,'1','true',null,'Guido',null,null,null,'Karlson',null);
INSERT INTO kern.his_persnaamgebruik (id,pers,tsreg,tsverval,actieinh,actieverval,naamgebruik,indnaamgebruikafgeleid,predicaatnaamgebruik,voornamennaamgebruik,voorvoegselnaamgebruik,scheidingstekennaamgebruik,adellijketitelnaamgebruik,geslnaamstamnaamgebruik,nadereaandverval) VALUES('10043','10043','19951004',null,'10043',null,'1','true',null,'Annemieke','ter',' ',null,'Nater',null);
INSERT INTO kern.his_persnaamgebruik (id,pers,tsreg,tsverval,actieinh,actieverval,naamgebruik,indnaamgebruikafgeleid,predicaatnaamgebruik,voornamennaamgebruik,voorvoegselnaamgebruik,scheidingstekennaamgebruik,adellijketitelnaamgebruik,geslnaamstamnaamgebruik,nadereaandverval) VALUES('10044','10044','20051201',null,'10044',null,'1','true',null,'Maarten','van',' ',null,'Hoog',null);
INSERT INTO kern.his_persnaamgebruik (id,pers,tsreg,tsverval,actieinh,actieverval,naamgebruik,indnaamgebruikafgeleid,predicaatnaamgebruik,voornamennaamgebruik,voorvoegselnaamgebruik,scheidingstekennaamgebruik,adellijketitelnaamgebruik,geslnaamstamnaamgebruik,nadereaandverval) VALUES('10045','10045','20050112',null,'10045',null,'1','true',null,'Marion','de',' ',null,'Hoop',null);

commit;


--------------------------------------------------
--- EIND
--- Sheet: (his_persnaamgebruik)
--- Handler: SheetHandlerImplSimpleInsert
--- Aantal: (46)
--------------------------------------------------
--------------------------------------------------
--- START
--- Sheet: (his_persgeboorte)
--- Handler: SheetHandlerImplSimpleInsert
--------------------------------------------------

begin;

INSERT INTO kern.his_persgeboorte (id,pers,tsreg,tsverval,actieinh,actieverval,datgeboorte,gemgeboorte,wplnaamgeboorte,blplaatsgeboorte,blregiogeboorte,landgebiedgeboorte,omslocgeboorte,nadereaandverval) VALUES('10001','10001','19811002',null,'10001',null,'19811002','522','Honselersdijk',null,null,'229','omschrijving geboorte locatie Cees',null);
INSERT INTO kern.his_persgeboorte (id,pers,tsreg,tsverval,actieinh,actieverval,datgeboorte,gemgeboorte,wplnaamgeboorte,blplaatsgeboorte,blregiogeboorte,landgebiedgeboorte,omslocgeboorte,nadereaandverval) VALUES('10002','10002','19820528',null,'10002',null,'19820528','522','Honselersdijk',null,null,'229',null,null);
INSERT INTO kern.his_persgeboorte (id,pers,tsreg,tsverval,actieinh,actieverval,datgeboorte,gemgeboorte,wplnaamgeboorte,blplaatsgeboorte,blregiogeboorte,landgebiedgeboorte,omslocgeboorte,nadereaandverval) VALUES('10003','10003','19660302',null,'10003',null,'19660302','522','Honselersdijk',null,null,'229',null,null);
INSERT INTO kern.his_persgeboorte (id,pers,tsreg,tsverval,actieinh,actieverval,datgeboorte,gemgeboorte,wplnaamgeboorte,blplaatsgeboorte,blregiogeboorte,landgebiedgeboorte,omslocgeboorte,nadereaandverval) VALUES('10004','10004','19691227',null,'10004',null,'19691227','950','Reijmerstok',null,null,'229',null,null);
INSERT INTO kern.his_persgeboorte (id,pers,tsreg,tsverval,actieinh,actieverval,datgeboorte,gemgeboorte,wplnaamgeboorte,blplaatsgeboorte,blregiogeboorte,landgebiedgeboorte,omslocgeboorte,nadereaandverval) VALUES('10005','10005','19710717',null,'10005',null,'19710717','348','Reijmerstok',null,null,'229',null,null);
INSERT INTO kern.his_persgeboorte (id,pers,tsreg,tsverval,actieinh,actieverval,datgeboorte,gemgeboorte,wplnaamgeboorte,blplaatsgeboorte,blregiogeboorte,landgebiedgeboorte,omslocgeboorte,nadereaandverval) VALUES('10006','10006','19720928',null,'10006',null,'19720928','522','Honselersdijk',null,null,'229',null,null);
INSERT INTO kern.his_persgeboorte (id,pers,tsreg,tsverval,actieinh,actieverval,datgeboorte,gemgeboorte,wplnaamgeboorte,blplaatsgeboorte,blregiogeboorte,landgebiedgeboorte,omslocgeboorte,nadereaandverval) VALUES('10007','10007','19800616',null,'10007',null,'19800616','603','Reijmerstok',null,null,'229',null,null);
INSERT INTO kern.his_persgeboorte (id,pers,tsreg,tsverval,actieinh,actieverval,datgeboorte,gemgeboorte,wplnaamgeboorte,blplaatsgeboorte,blregiogeboorte,landgebiedgeboorte,omslocgeboorte,nadereaandverval) VALUES('10008','10008','19810418',null,'10008',null,'19810418','974','Reijmerstok',null,null,'229',null,null);
INSERT INTO kern.his_persgeboorte (id,pers,tsreg,tsverval,actieinh,actieverval,datgeboorte,gemgeboorte,wplnaamgeboorte,blplaatsgeboorte,blregiogeboorte,landgebiedgeboorte,omslocgeboorte,nadereaandverval) VALUES('10009','10009','20110516',null,'10009',null,'20110516','348','Reijmerstok',null,null,'229',null,null);
INSERT INTO kern.his_persgeboorte (id,pers,tsreg,tsverval,actieinh,actieverval,datgeboorte,gemgeboorte,wplnaamgeboorte,blplaatsgeboorte,blregiogeboorte,landgebiedgeboorte,omslocgeboorte,nadereaandverval) VALUES('10010','10010','19691231',null,'10010',null,'19691231','776','Reijmerstok',null,null,'229',null,null);
INSERT INTO kern.his_persgeboorte (id,pers,tsreg,tsverval,actieinh,actieverval,datgeboorte,gemgeboorte,wplnaamgeboorte,blplaatsgeboorte,blregiogeboorte,landgebiedgeboorte,omslocgeboorte,nadereaandverval) VALUES('10011','10011','19690516',null,'10011',null,'19690516','397','Reijmerstok',null,null,'229',null,null);
INSERT INTO kern.his_persgeboorte (id,pers,tsreg,tsverval,actieinh,actieverval,datgeboorte,gemgeboorte,wplnaamgeboorte,blplaatsgeboorte,blregiogeboorte,landgebiedgeboorte,omslocgeboorte,nadereaandverval) VALUES('10012','10012','19771210',null,'10012',null,'19771210','397','Reijmerstok',null,null,'229',null,null);
INSERT INTO kern.his_persgeboorte (id,pers,tsreg,tsverval,actieinh,actieverval,datgeboorte,gemgeboorte,wplnaamgeboorte,blplaatsgeboorte,blregiogeboorte,landgebiedgeboorte,omslocgeboorte,nadereaandverval) VALUES('10013','10013','19550602',null,'10013',null,'19550602','396','Reijmerstok',null,null,'229',null,null);
INSERT INTO kern.his_persgeboorte (id,pers,tsreg,tsverval,actieinh,actieverval,datgeboorte,gemgeboorte,wplnaamgeboorte,blplaatsgeboorte,blregiogeboorte,landgebiedgeboorte,omslocgeboorte,nadereaandverval) VALUES('10014','10014','19780611',null,'10014',null,'19780611','251','Reijmerstok',null,null,'229',null,null);
INSERT INTO kern.his_persgeboorte (id,pers,tsreg,tsverval,actieinh,actieverval,datgeboorte,gemgeboorte,wplnaamgeboorte,blplaatsgeboorte,blregiogeboorte,landgebiedgeboorte,omslocgeboorte,nadereaandverval) VALUES('10015','10015','19880425',null,'10015',null,'19880425','522','Honselersdijk',null,null,'229',null,null);
INSERT INTO kern.his_persgeboorte (id,pers,tsreg,tsverval,actieinh,actieverval,datgeboorte,gemgeboorte,wplnaamgeboorte,blplaatsgeboorte,blregiogeboorte,landgebiedgeboorte,omslocgeboorte,nadereaandverval) VALUES('10016','10016','19881210',null,'10016',null,'19881210','1267','Reijmerstok',null,null,'229',null,null);
INSERT INTO kern.his_persgeboorte (id,pers,tsreg,tsverval,actieinh,actieverval,datgeboorte,gemgeboorte,wplnaamgeboorte,blplaatsgeboorte,blregiogeboorte,landgebiedgeboorte,omslocgeboorte,nadereaandverval) VALUES('10017','10017','19960523',null,'10017',null,'19960523','91','Wolsum',null,null,'229',null,null);
INSERT INTO kern.his_persgeboorte (id,pers,tsreg,tsverval,actieinh,actieverval,datgeboorte,gemgeboorte,wplnaamgeboorte,blplaatsgeboorte,blregiogeboorte,landgebiedgeboorte,omslocgeboorte,nadereaandverval) VALUES('10018','10018','19941005',null,'10018',null,'19941005','780','Etten-Leur',null,null,'229',null,null);
INSERT INTO kern.his_persgeboorte (id,pers,tsreg,tsverval,actieinh,actieverval,datgeboorte,gemgeboorte,wplnaamgeboorte,blplaatsgeboorte,blregiogeboorte,landgebiedgeboorte,omslocgeboorte,nadereaandverval) VALUES('10019','10019','19941005',null,'10019',null,'19941005','615','Witteveen',null,null,'229',null,null);
INSERT INTO kern.his_persgeboorte (id,pers,tsreg,tsverval,actieinh,actieverval,datgeboorte,gemgeboorte,wplnaamgeboorte,blplaatsgeboorte,blregiogeboorte,landgebiedgeboorte,omslocgeboorte,nadereaandverval) VALUES('10020','10020','19760103',null,'10020',null,'19760103','625','Vlaardingen',null,null,'229',null,null);
INSERT INTO kern.his_persgeboorte (id,pers,tsreg,tsverval,actieinh,actieverval,datgeboorte,gemgeboorte,wplnaamgeboorte,blplaatsgeboorte,blregiogeboorte,landgebiedgeboorte,omslocgeboorte,nadereaandverval) VALUES('10021','10021','19961003',null,'10021',null,'19961003','345','Soest',null,null,'229',null,null);
INSERT INTO kern.his_persgeboorte (id,pers,tsreg,tsverval,actieinh,actieverval,datgeboorte,gemgeboorte,wplnaamgeboorte,blplaatsgeboorte,blregiogeboorte,landgebiedgeboorte,omslocgeboorte,nadereaandverval) VALUES('10022','10022','19951003',null,'10022',null,'19951003','625','Vlaardingen',null,null,'229',null,null);
INSERT INTO kern.his_persgeboorte (id,pers,tsreg,tsverval,actieinh,actieverval,datgeboorte,gemgeboorte,wplnaamgeboorte,blplaatsgeboorte,blregiogeboorte,landgebiedgeboorte,omslocgeboorte,nadereaandverval) VALUES('10023','10023','19941003',null,'10023',null,'19941003','365','Hellendoorn',null,null,'229',null,null);
INSERT INTO kern.his_persgeboorte (id,pers,tsreg,tsverval,actieinh,actieverval,datgeboorte,gemgeboorte,wplnaamgeboorte,blplaatsgeboorte,blregiogeboorte,landgebiedgeboorte,omslocgeboorte,nadereaandverval) VALUES('10024','10024','19770401',null,'10024',null,'19770401','365','Hellendoorn',null,null,'229',null,null);
INSERT INTO kern.his_persgeboorte (id,pers,tsreg,tsverval,actieinh,actieverval,datgeboorte,gemgeboorte,wplnaamgeboorte,blplaatsgeboorte,blregiogeboorte,landgebiedgeboorte,omslocgeboorte,nadereaandverval) VALUES('10025','10025','19880611',null,'10025',null,'19880611','91','Wolsum',null,null,'229',null,null);
INSERT INTO kern.his_persgeboorte (id,pers,tsreg,tsverval,actieinh,actieverval,datgeboorte,gemgeboorte,wplnaamgeboorte,blplaatsgeboorte,blregiogeboorte,landgebiedgeboorte,omslocgeboorte,nadereaandverval) VALUES('10026','10026','19910721',null,'10026',null,'19910721','365','Hellendoorn',null,null,'229',null,null);
INSERT INTO kern.his_persgeboorte (id,pers,tsreg,tsverval,actieinh,actieverval,datgeboorte,gemgeboorte,wplnaamgeboorte,blplaatsgeboorte,blregiogeboorte,landgebiedgeboorte,omslocgeboorte,nadereaandverval) VALUES('10027','10027','19910911',null,'10027',null,'19910911','625','Vlaardingen',null,null,'229',null,null);
INSERT INTO kern.his_persgeboorte (id,pers,tsreg,tsverval,actieinh,actieverval,datgeboorte,gemgeboorte,wplnaamgeboorte,blplaatsgeboorte,blregiogeboorte,landgebiedgeboorte,omslocgeboorte,nadereaandverval) VALUES('10028','10028','19900722',null,'10028',null,'19900722','625','Vlaardingen',null,null,'229',null,null);
INSERT INTO kern.his_persgeboorte (id,pers,tsreg,tsverval,actieinh,actieverval,datgeboorte,gemgeboorte,wplnaamgeboorte,blplaatsgeboorte,blregiogeboorte,landgebiedgeboorte,omslocgeboorte,nadereaandverval) VALUES('10029','10029','19200430',null,'10029',null,'19200430','1239','Ouwerkerk',null,null,'229',null,null);
INSERT INTO kern.his_persgeboorte (id,pers,tsreg,tsverval,actieinh,actieverval,datgeboorte,gemgeboorte,wplnaamgeboorte,blplaatsgeboorte,blregiogeboorte,landgebiedgeboorte,omslocgeboorte,nadereaandverval) VALUES('10030','10030','19220419',null,'10030',null,'19220419','1239','Ouwerkerk',null,null,'229',null,null);
INSERT INTO kern.his_persgeboorte (id,pers,tsreg,tsverval,actieinh,actieverval,datgeboorte,gemgeboorte,wplnaamgeboorte,blplaatsgeboorte,blregiogeboorte,landgebiedgeboorte,omslocgeboorte,nadereaandverval) VALUES('10031','10031','19920219',null,'10031',null,'19920219','977','Koningsbosch',null,null,'229',null,null);
INSERT INTO kern.his_persgeboorte (id,pers,tsreg,tsverval,actieinh,actieverval,datgeboorte,gemgeboorte,wplnaamgeboorte,blplaatsgeboorte,blregiogeboorte,landgebiedgeboorte,omslocgeboorte,nadereaandverval) VALUES('10032','10032','19510923',null,'10032',null,'19510923','522','Honselersdijk',null,null,'229',null,null);
INSERT INTO kern.his_persgeboorte (id,pers,tsreg,tsverval,actieinh,actieverval,datgeboorte,gemgeboorte,wplnaamgeboorte,blplaatsgeboorte,blregiogeboorte,landgebiedgeboorte,omslocgeboorte,nadereaandverval) VALUES('10033','10033','19531116',null,'10033',null,'19531116','506','Scherpenzeel',null,null,'229',null,null);
INSERT INTO kern.his_persgeboorte (id,pers,tsreg,tsverval,actieinh,actieverval,datgeboorte,gemgeboorte,wplnaamgeboorte,blplaatsgeboorte,blregiogeboorte,landgebiedgeboorte,omslocgeboorte,nadereaandverval) VALUES('10034','10034','19390402',null,'10034',null,'19390402','403','Egmond-Binnen',null,null,'229',null,null);
INSERT INTO kern.his_persgeboorte (id,pers,tsreg,tsverval,actieinh,actieverval,datgeboorte,gemgeboorte,wplnaamgeboorte,blplaatsgeboorte,blregiogeboorte,landgebiedgeboorte,omslocgeboorte,nadereaandverval) VALUES('10035','10035','19841203',null,'10035',null,'19841203','342','Delft',null,null,'229',null,null);
INSERT INTO kern.his_persgeboorte (id,pers,tsreg,tsverval,actieinh,actieverval,datgeboorte,gemgeboorte,wplnaamgeboorte,blplaatsgeboorte,blregiogeboorte,landgebiedgeboorte,omslocgeboorte,nadereaandverval) VALUES('10036','10036','19851011',null,'10036',null,'19851011','342','Delft',null,null,'229',null,null);
INSERT INTO kern.his_persgeboorte (id,pers,tsreg,tsverval,actieinh,actieverval,datgeboorte,gemgeboorte,wplnaamgeboorte,blplaatsgeboorte,blregiogeboorte,landgebiedgeboorte,omslocgeboorte,nadereaandverval) VALUES('10037','10037','20050112',null,'10037',null,'20050112','91','Wolsum',null,null,'229',null,null);
INSERT INTO kern.his_persgeboorte (id,pers,tsreg,tsverval,actieinh,actieverval,datgeboorte,gemgeboorte,wplnaamgeboorte,blplaatsgeboorte,blregiogeboorte,landgebiedgeboorte,omslocgeboorte,nadereaandverval) VALUES('10038','10038','20051201',null,'10038',null,'20051201','96','Twello',null,null,'229',null,null);
INSERT INTO kern.his_persgeboorte (id,pers,tsreg,tsverval,actieinh,actieverval,datgeboorte,gemgeboorte,wplnaamgeboorte,blplaatsgeboorte,blregiogeboorte,landgebiedgeboorte,omslocgeboorte,nadereaandverval) VALUES('10039','10039','20050112',null,'10039',null,'20050112','63','Zevenbergschen Hoek',null,null,'229',null,null);
INSERT INTO kern.his_persgeboorte (id,pers,tsreg,tsverval,actieinh,actieverval,datgeboorte,gemgeboorte,wplnaamgeboorte,blplaatsgeboorte,blregiogeboorte,landgebiedgeboorte,omslocgeboorte,nadereaandverval) VALUES('10040','10040','20051201',null,'10040',null,'20051201','99','Tuitjenhorn',null,null,'229',null,null);
INSERT INTO kern.his_persgeboorte (id,pers,tsreg,tsverval,actieinh,actieverval,datgeboorte,gemgeboorte,wplnaamgeboorte,blplaatsgeboorte,blregiogeboorte,landgebiedgeboorte,omslocgeboorte,nadereaandverval) VALUES('10041','10041','19680809',null,'10041',null,'19680809','99','Tuitjenhorn',null,null,'229',null,null);
INSERT INTO kern.his_persgeboorte (id,pers,tsreg,tsverval,actieinh,actieverval,datgeboorte,gemgeboorte,wplnaamgeboorte,blplaatsgeboorte,blregiogeboorte,landgebiedgeboorte,omslocgeboorte,nadereaandverval) VALUES('10042','10042','19580921',null,'10042',null,'19580921','91','Wolsum',null,null,'229',null,null);
INSERT INTO kern.his_persgeboorte (id,pers,tsreg,tsverval,actieinh,actieverval,datgeboorte,gemgeboorte,wplnaamgeboorte,blplaatsgeboorte,blregiogeboorte,landgebiedgeboorte,omslocgeboorte,nadereaandverval) VALUES('10043','10043','19951004',null,'10043',null,'19951004','91','Wolsum',null,null,'229',null,null);
INSERT INTO kern.his_persgeboorte (id,pers,tsreg,tsverval,actieinh,actieverval,datgeboorte,gemgeboorte,wplnaamgeboorte,blplaatsgeboorte,blregiogeboorte,landgebiedgeboorte,omslocgeboorte,nadereaandverval) VALUES('10044','10044','20051201',null,'10044',null,'20051201','365','Hellendoorn',null,null,'229',null,null);
INSERT INTO kern.his_persgeboorte (id,pers,tsreg,tsverval,actieinh,actieverval,datgeboorte,gemgeboorte,wplnaamgeboorte,blplaatsgeboorte,blregiogeboorte,landgebiedgeboorte,omslocgeboorte,nadereaandverval) VALUES('10045','10045','20050112',null,'10045',null,'20050112','365','Hellendoorn',null,null,'229',null,null);

commit;


--------------------------------------------------
--- EIND
--- Sheet: (his_persgeboorte)
--- Handler: SheetHandlerImplSimpleInsert
--- Aantal: (46)
--------------------------------------------------
--------------------------------------------------
--- START
--- Sheet: (his_persoverlijden)
--- Handler: SheetHandlerImplSimpleInsert
--------------------------------------------------

begin;

INSERT INTO kern.his_persoverlijden (id,pers,tsreg,tsverval,actieinh,actieverval,datoverlijden,gemoverlijden,wplnaamoverlijden,blplaatsoverlijden,blregiooverlijden,landgebiedoverlijden,omslocoverlijden,nadereaandverval) VALUES('10001','10014','20111111',null,'10506',null,'20111111','397','Vlodrop',null,null,'229',null,null);
INSERT INTO kern.his_persoverlijden (id,pers,tsreg,tsverval,actieinh,actieverval,datoverlijden,gemoverlijden,wplnaamoverlijden,blplaatsoverlijden,blregiooverlijden,landgebiedoverlijden,omslocoverlijden,nadereaandverval) VALUES('10002','10002','20120103','20120105','10641','10642','20120103','397','Vlodrop',null,null,'229',null,null);
INSERT INTO kern.his_persoverlijden (id,pers,tsreg,tsverval,actieinh,actieverval,datoverlijden,gemoverlijden,wplnaamoverlijden,blplaatsoverlijden,blregiooverlijden,landgebiedoverlijden,omslocoverlijden,nadereaandverval) VALUES('10003','10003','20120103','20120105','10643','10644','20120103','397','Vlodrop',null,null,'229',null,null);
INSERT INTO kern.his_persoverlijden (id,pers,tsreg,tsverval,actieinh,actieverval,datoverlijden,gemoverlijden,wplnaamoverlijden,blplaatsoverlijden,blregiooverlijden,landgebiedoverlijden,omslocoverlijden,nadereaandverval) VALUES('10004','10003','20120605',null,'10645',null,'20120605','397','Vlodrop',null,null,'229',null,null);
INSERT INTO kern.his_persoverlijden (id,pers,tsreg,tsverval,actieinh,actieverval,datoverlijden,gemoverlijden,wplnaamoverlijden,blplaatsoverlijden,blregiooverlijden,landgebiedoverlijden,omslocoverlijden,nadereaandverval) VALUES('10005','10010','20120208','20120211','10648','10649','20120208','397','Vlodrop',null,null,'229',null,null);

commit;


--------------------------------------------------
--- EIND
--- Sheet: (his_persoverlijden)
--- Handler: SheetHandlerImplSimpleInsert
--- Aantal: (6)
--------------------------------------------------
--------------------------------------------------
--- Sheet: (13) (update statement pers tabel) wordt overgeslagen
--------------------------------------------------
--------------------------------------------------
--- START
--- Sheet: (persadres)
--- Handler: SheetHandlerImplSimpleInsert
--------------------------------------------------

begin;

INSERT INTO kern.persadres (id,pers,srt,rdnwijz,aangadresh,dataanvadresh,identcodeadresseerbaarobject,identcodenraand,gem,nor,afgekortenor,gemdeel,huisnr,huisletter,huisnrtoevoeging,postcode,wplnaam,loctenopzichtevanadres,locoms,bladresregel1,bladresregel2,bladresregel3,bladresregel4,bladresregel5,bladresregel6,landgebied,indpersaangetroffenopadres) VALUES('10001','10001','1','1','7','20050328',null,null,'347','Vredenburg','Vredenburg',null,'3',null,null,'3511BA','Smalle Ee',null,null,null,null,null,null,null,null,'229',null);
INSERT INTO kern.persadres (id,pers,srt,rdnwijz,aangadresh,dataanvadresh,identcodeadresseerbaarobject,identcodenraand,gem,nor,afgekortenor,gemdeel,huisnr,huisletter,huisnrtoevoeging,postcode,wplnaam,loctenopzichtevanadres,locoms,bladresregel1,bladresregel2,bladresregel3,bladresregel4,bladresregel5,bladresregel6,landgebied,indpersaangetroffenopadres) VALUES('10002','10002','1','1','3','20050328',null,null,'347','Vredenburg','Vredenburg',null,'3',null,null,'3511BA','Smalle Ee',null,null,null,null,null,null,null,null,'229',null);
INSERT INTO kern.persadres (id,pers,srt,rdnwijz,aangadresh,dataanvadresh,identcodeadresseerbaarobject,identcodenraand,gem,nor,afgekortenor,gemdeel,huisnr,huisletter,huisnrtoevoeging,postcode,wplnaam,loctenopzichtevanadres,locoms,bladresregel1,bladresregel2,bladresregel3,bladresregel4,bladresregel5,bladresregel6,landgebied,indpersaangetroffenopadres) VALUES('10003','10003','1','1','3','19901201',null,null,'347','Neude','Neude',null,'11',null,null,'3512AE','Smalle Ee',null,null,null,null,null,null,null,null,'229',null);
INSERT INTO kern.persadres (id,pers,srt,rdnwijz,aangadresh,dataanvadresh,identcodeadresseerbaarobject,identcodenraand,gem,nor,afgekortenor,gemdeel,huisnr,huisletter,huisnrtoevoeging,postcode,wplnaam,loctenopzichtevanadres,locoms,bladresregel1,bladresregel2,bladresregel3,bladresregel4,bladresregel5,bladresregel6,landgebied,indpersaangetroffenopadres) VALUES('10004','10004','1','1','7','19901201',null,null,'347','Neude','Neude',null,'13',null,null,'3512AE','Smalle Ee',null,null,null,null,null,null,null,null,'229',null);
INSERT INTO kern.persadres (id,pers,srt,rdnwijz,aangadresh,dataanvadresh,identcodeadresseerbaarobject,identcodenraand,gem,nor,afgekortenor,gemdeel,huisnr,huisletter,huisnrtoevoeging,postcode,wplnaam,loctenopzichtevanadres,locoms,bladresregel1,bladresregel2,bladresregel3,bladresregel4,bladresregel5,bladresregel6,landgebied,indpersaangetroffenopadres) VALUES('10005','10005','1','1','3','19981201',null,null,'347','Biltstraat','Biltstraat',null,'5',null,null,'3572AA','Smalle Ee',null,null,null,null,null,null,null,null,'229',null);
INSERT INTO kern.persadres (id,pers,srt,rdnwijz,aangadresh,dataanvadresh,identcodeadresseerbaarobject,identcodenraand,gem,nor,afgekortenor,gemdeel,huisnr,huisletter,huisnrtoevoeging,postcode,wplnaam,loctenopzichtevanadres,locoms,bladresregel1,bladresregel2,bladresregel3,bladresregel4,bladresregel5,bladresregel6,landgebied,indpersaangetroffenopadres) VALUES('10006','10006','1','1','7','19981201',null,null,'347','Biltstraat','Biltstraat',null,'5',null,null,'3572AA','Smalle Ee',null,null,null,null,null,null,null,null,'229',null);
INSERT INTO kern.persadres (id,pers,srt,rdnwijz,aangadresh,dataanvadresh,identcodeadresseerbaarobject,identcodenraand,gem,nor,afgekortenor,gemdeel,huisnr,huisletter,huisnrtoevoeging,postcode,wplnaam,loctenopzichtevanadres,locoms,bladresregel1,bladresregel2,bladresregel3,bladresregel4,bladresregel5,bladresregel6,landgebied,indpersaangetroffenopadres) VALUES('10007','10007','1','1','7','20110205',null,null,'347','Vredenburg','Vredenburg',null,'22',null,null,'3511BB','Smalle Ee',null,null,null,null,null,null,null,null,'229',null);
INSERT INTO kern.persadres (id,pers,srt,rdnwijz,aangadresh,dataanvadresh,identcodeadresseerbaarobject,identcodenraand,gem,nor,afgekortenor,gemdeel,huisnr,huisletter,huisnrtoevoeging,postcode,wplnaam,loctenopzichtevanadres,locoms,bladresregel1,bladresregel2,bladresregel3,bladresregel4,bladresregel5,bladresregel6,landgebied,indpersaangetroffenopadres) VALUES('10008','10008','1','1','3','20110205',null,null,'347','Vredenburg','Vredenburg',null,'22',null,null,'3511BB','Smalle Ee',null,null,null,null,null,null,null,null,'229',null);
INSERT INTO kern.persadres (id,pers,srt,rdnwijz,aangadresh,dataanvadresh,identcodeadresseerbaarobject,identcodenraand,gem,nor,afgekortenor,gemdeel,huisnr,huisletter,huisnrtoevoeging,postcode,wplnaam,loctenopzichtevanadres,locoms,bladresregel1,bladresregel2,bladresregel3,bladresregel4,bladresregel5,bladresregel6,landgebied,indpersaangetroffenopadres) VALUES('10009','10009','1','1','6','20110205',null,null,'347','Vredenburg','Vredenburg',null,'22',null,null,'3511BB','Smalle Ee',null,null,null,null,null,null,null,null,'229',null);
INSERT INTO kern.persadres (id,pers,srt,rdnwijz,aangadresh,dataanvadresh,identcodeadresseerbaarobject,identcodenraand,gem,nor,afgekortenor,gemdeel,huisnr,huisletter,huisnrtoevoeging,postcode,wplnaam,loctenopzichtevanadres,locoms,bladresregel1,bladresregel2,bladresregel3,bladresregel4,bladresregel5,bladresregel6,landgebied,indpersaangetroffenopadres) VALUES('10010','10010','1','1','3','20090928',null,null,'347','Neude','Neude',null,'17',null,null,'3512AE','Smalle Ee',null,null,null,null,null,null,null,null,'229',null);
INSERT INTO kern.persadres (id,pers,srt,rdnwijz,aangadresh,dataanvadresh,identcodeadresseerbaarobject,identcodenraand,gem,nor,afgekortenor,gemdeel,huisnr,huisletter,huisnrtoevoeging,postcode,wplnaam,loctenopzichtevanadres,locoms,bladresregel1,bladresregel2,bladresregel3,bladresregel4,bladresregel5,bladresregel6,landgebied,indpersaangetroffenopadres) VALUES('10011','10011','1','1','7','20090928',null,null,'347','Neude','Neude',null,'17',null,null,'3512AE','Smalle Ee',null,null,null,null,null,null,null,null,'229',null);
INSERT INTO kern.persadres (id,pers,srt,rdnwijz,aangadresh,dataanvadresh,identcodeadresseerbaarobject,identcodenraand,gem,nor,afgekortenor,gemdeel,huisnr,huisletter,huisnrtoevoeging,postcode,wplnaam,loctenopzichtevanadres,locoms,bladresregel1,bladresregel2,bladresregel3,bladresregel4,bladresregel5,bladresregel6,landgebied,indpersaangetroffenopadres) VALUES('10012','10012','1','1','3','20000228',null,null,'347','Biltstraat','Biltstraat',null,'7',null,null,'3572AA','Smalle Ee',null,null,null,null,null,null,null,null,'229',null);
INSERT INTO kern.persadres (id,pers,srt,rdnwijz,aangadresh,dataanvadresh,identcodeadresseerbaarobject,identcodenraand,gem,nor,afgekortenor,gemdeel,huisnr,huisletter,huisnrtoevoeging,postcode,wplnaam,loctenopzichtevanadres,locoms,bladresregel1,bladresregel2,bladresregel3,bladresregel4,bladresregel5,bladresregel6,landgebied,indpersaangetroffenopadres) VALUES('10013','10013','1','1','3','19920508',null,null,'347','Vredenburg','Vredenburg',null,'27',null,null,'3511BC','Smalle Ee',null,null,null,null,null,null,null,null,'229',null);
INSERT INTO kern.persadres (id,pers,srt,rdnwijz,aangadresh,dataanvadresh,identcodeadresseerbaarobject,identcodenraand,gem,nor,afgekortenor,gemdeel,huisnr,huisletter,huisnrtoevoeging,postcode,wplnaam,loctenopzichtevanadres,locoms,bladresregel1,bladresregel2,bladresregel3,bladresregel4,bladresregel5,bladresregel6,landgebied,indpersaangetroffenopadres) VALUES('10014','10014','1','2',null,'19780611',null,null,'347','Neude','Neude',null,'19',null,null,'3512AD','Smalle Ee',null,null,null,null,null,null,null,null,'229',null);
INSERT INTO kern.persadres (id,pers,srt,rdnwijz,aangadresh,dataanvadresh,identcodeadresseerbaarobject,identcodenraand,gem,nor,afgekortenor,gemdeel,huisnr,huisletter,huisnrtoevoeging,postcode,wplnaam,loctenopzichtevanadres,locoms,bladresregel1,bladresregel2,bladresregel3,bladresregel4,bladresregel5,bladresregel6,landgebied,indpersaangetroffenopadres) VALUES('10015','10015','1','1','3','20110425',null,null,'347','Vredenburg','Vredenburg',null,'3',null,null,'3511BA','Smalle Ee',null,null,null,null,null,null,null,null,'229',null);
INSERT INTO kern.persadres (id,pers,srt,rdnwijz,aangadresh,dataanvadresh,identcodeadresseerbaarobject,identcodenraand,gem,nor,afgekortenor,gemdeel,huisnr,huisletter,huisnrtoevoeging,postcode,wplnaam,loctenopzichtevanadres,locoms,bladresregel1,bladresregel2,bladresregel3,bladresregel4,bladresregel5,bladresregel6,landgebied,indpersaangetroffenopadres) VALUES('10016','10016','1','1','3','20100626',null,null,'347','Biltstraat','Biltstraat',null,'5',null,null,'3572AA','Smalle Ee',null,null,null,null,null,null,null,null,'229',null);
INSERT INTO kern.persadres (id,pers,srt,rdnwijz,aangadresh,dataanvadresh,identcodeadresseerbaarobject,identcodenraand,gem,nor,afgekortenor,gemdeel,huisnr,huisletter,huisnrtoevoeging,postcode,wplnaam,loctenopzichtevanadres,locoms,bladresregel1,bladresregel2,bladresregel3,bladresregel4,bladresregel5,bladresregel6,landgebied,indpersaangetroffenopadres) VALUES('10017','10017','1','1','3','20030327',null,null,'347','Biltstraat','Biltstraat',null,'152',null,null,'3572BM','Smalle Ee',null,null,null,null,null,null,null,null,'229',null);
INSERT INTO kern.persadres (id,pers,srt,rdnwijz,aangadresh,dataanvadresh,identcodeadresseerbaarobject,identcodenraand,gem,nor,afgekortenor,gemdeel,huisnr,huisletter,huisnrtoevoeging,postcode,wplnaam,loctenopzichtevanadres,locoms,bladresregel1,bladresregel2,bladresregel3,bladresregel4,bladresregel5,bladresregel6,landgebied,indpersaangetroffenopadres) VALUES('10018','10018','1','1','3','19911002',null,null,'347','Biltstraat','Biltstraat',null,'152',null,null,'3572BM','Smalle Ee',null,null,null,null,null,null,null,null,'229',null);
INSERT INTO kern.persadres (id,pers,srt,rdnwijz,aangadresh,dataanvadresh,identcodeadresseerbaarobject,identcodenraand,gem,nor,afgekortenor,gemdeel,huisnr,huisletter,huisnrtoevoeging,postcode,wplnaam,loctenopzichtevanadres,locoms,bladresregel1,bladresregel2,bladresregel3,bladresregel4,bladresregel5,bladresregel6,landgebied,indpersaangetroffenopadres) VALUES('10019','10019','1','1','3','19901111',null,null,'347','Biltstraat','Biltstraat',null,'172',null,null,'3572BP','Smalle Ee',null,null,null,null,null,null,null,null,'229',null);
INSERT INTO kern.persadres (id,pers,srt,rdnwijz,aangadresh,dataanvadresh,identcodeadresseerbaarobject,identcodenraand,gem,nor,afgekortenor,gemdeel,huisnr,huisletter,huisnrtoevoeging,postcode,wplnaam,loctenopzichtevanadres,locoms,bladresregel1,bladresregel2,bladresregel3,bladresregel4,bladresregel5,bladresregel6,landgebied,indpersaangetroffenopadres) VALUES('10020','10020','1','1','3','19820528',null,null,'347','Biltstraat','Biltstraat',null,'172',null,null,'3572BP','Smalle Ee',null,null,null,null,null,null,null,null,'229',null);
INSERT INTO kern.persadres (id,pers,srt,rdnwijz,aangadresh,dataanvadresh,identcodeadresseerbaarobject,identcodenraand,gem,nor,afgekortenor,gemdeel,huisnr,huisletter,huisnrtoevoeging,postcode,wplnaam,loctenopzichtevanadres,locoms,bladresregel1,bladresregel2,bladresregel3,bladresregel4,bladresregel5,bladresregel6,landgebied,indpersaangetroffenopadres) VALUES('10021','10021','1','1','3','20010328',null,null,'347','Vredenburg ','Vredenburg ',null,'81',null,null,'3511BD','Smalle Ee',null,null,null,null,null,null,null,null,'229',null);
INSERT INTO kern.persadres (id,pers,srt,rdnwijz,aangadresh,dataanvadresh,identcodeadresseerbaarobject,identcodenraand,gem,nor,afgekortenor,gemdeel,huisnr,huisletter,huisnrtoevoeging,postcode,wplnaam,loctenopzichtevanadres,locoms,bladresregel1,bladresregel2,bladresregel3,bladresregel4,bladresregel5,bladresregel6,landgebied,indpersaangetroffenopadres) VALUES('10022','10022','1','1','3','20101002',null,null,'347','Biltstraat','Biltstraat',null,'119',null,null,'3572AP','Smalle Ee',null,null,null,null,null,null,null,null,'229',null);
INSERT INTO kern.persadres (id,pers,srt,rdnwijz,aangadresh,dataanvadresh,identcodeadresseerbaarobject,identcodenraand,gem,nor,afgekortenor,gemdeel,huisnr,huisletter,huisnrtoevoeging,postcode,wplnaam,loctenopzichtevanadres,locoms,bladresregel1,bladresregel2,bladresregel3,bladresregel4,bladresregel5,bladresregel6,landgebied,indpersaangetroffenopadres) VALUES('10023','10023','1','1','3','19970605',null,null,'347','Vredenburg ','Vredenburg ',null,'83',null,null,'3511BD','Smalle Ee',null,null,null,null,null,null,null,null,'229',null);
INSERT INTO kern.persadres (id,pers,srt,rdnwijz,aangadresh,dataanvadresh,identcodeadresseerbaarobject,identcodenraand,gem,nor,afgekortenor,gemdeel,huisnr,huisletter,huisnrtoevoeging,postcode,wplnaam,loctenopzichtevanadres,locoms,bladresregel1,bladresregel2,bladresregel3,bladresregel4,bladresregel5,bladresregel6,landgebied,indpersaangetroffenopadres) VALUES('10024','10024','1','1','3','19790928',null,null,'347','Biltstraat','Biltstraat',null,'121',null,null,'3572AP','Smalle Ee',null,null,null,null,null,null,null,null,'229',null);
INSERT INTO kern.persadres (id,pers,srt,rdnwijz,aangadresh,dataanvadresh,identcodeadresseerbaarobject,identcodenraand,gem,nor,afgekortenor,gemdeel,huisnr,huisletter,huisnrtoevoeging,postcode,wplnaam,loctenopzichtevanadres,locoms,bladresregel1,bladresregel2,bladresregel3,bladresregel4,bladresregel5,bladresregel6,landgebied,indpersaangetroffenopadres) VALUES('10025','10025','1','1','3','19950929',null,null,'347','Vredenburg ','Vredenburg ',null,'42',null,null,'3511BD','Smalle Ee',null,null,null,null,null,null,null,null,'229',null);
INSERT INTO kern.persadres (id,pers,srt,rdnwijz,aangadresh,dataanvadresh,identcodeadresseerbaarobject,identcodenraand,gem,nor,afgekortenor,gemdeel,huisnr,huisletter,huisnrtoevoeging,postcode,wplnaam,loctenopzichtevanadres,locoms,bladresregel1,bladresregel2,bladresregel3,bladresregel4,bladresregel5,bladresregel6,landgebied,indpersaangetroffenopadres) VALUES('10026','10026','1','1','3','20000101',null,null,'347','Biltstraat','Biltstraat',null,'115',null,null,'3572AP','Smalle Ee',null,null,null,null,null,null,null,null,'229',null);
INSERT INTO kern.persadres (id,pers,srt,rdnwijz,aangadresh,dataanvadresh,identcodeadresseerbaarobject,identcodenraand,gem,nor,afgekortenor,gemdeel,huisnr,huisletter,huisnrtoevoeging,postcode,wplnaam,loctenopzichtevanadres,locoms,bladresregel1,bladresregel2,bladresregel3,bladresregel4,bladresregel5,bladresregel6,landgebied,indpersaangetroffenopadres) VALUES('10027','10027','1','1','3','20031024',null,null,'347','Biltstraat','Biltstraat',null,'117',null,null,'3572AP','Smalle Ee',null,null,null,null,null,null,null,null,'229',null);
INSERT INTO kern.persadres (id,pers,srt,rdnwijz,aangadresh,dataanvadresh,identcodeadresseerbaarobject,identcodenraand,gem,nor,afgekortenor,gemdeel,huisnr,huisletter,huisnrtoevoeging,postcode,wplnaam,loctenopzichtevanadres,locoms,bladresregel1,bladresregel2,bladresregel3,bladresregel4,bladresregel5,bladresregel6,landgebied,indpersaangetroffenopadres) VALUES('10028','10028','1','1','3','19990616',null,null,'347','Biltstraat','Biltstraat',null,'117',null,null,'3572AP','Smalle Ee',null,null,null,null,null,null,null,null,'229',null);
INSERT INTO kern.persadres (id,pers,srt,rdnwijz,aangadresh,dataanvadresh,identcodeadresseerbaarobject,identcodenraand,gem,nor,afgekortenor,gemdeel,huisnr,huisletter,huisnrtoevoeging,postcode,wplnaam,loctenopzichtevanadres,locoms,bladresregel1,bladresregel2,bladresregel3,bladresregel4,bladresregel5,bladresregel6,landgebied,indpersaangetroffenopadres) VALUES('10030','10030','1','1','3','20120620',null,null,'347','Biltstraat','Biltstraat',null,'95',null,null,'3572AL','Smalle Ee',null,null,null,null,null,null,null,null,'229',null);
INSERT INTO kern.persadres (id,pers,srt,rdnwijz,aangadresh,dataanvadresh,identcodeadresseerbaarobject,identcodenraand,gem,nor,afgekortenor,gemdeel,huisnr,huisletter,huisnrtoevoeging,postcode,wplnaam,loctenopzichtevanadres,locoms,bladresregel1,bladresregel2,bladresregel3,bladresregel4,bladresregel5,bladresregel6,landgebied,indpersaangetroffenopadres) VALUES('10031','10031','1','1','3','20120306',null,null,'347','Vredenburg ','Vredenburg ',null,'114',null,null,'3511BE','Smalle Ee',null,null,null,null,null,null,null,null,'229',null);
INSERT INTO kern.persadres (id,pers,srt,rdnwijz,aangadresh,dataanvadresh,identcodeadresseerbaarobject,identcodenraand,gem,nor,afgekortenor,gemdeel,huisnr,huisletter,huisnrtoevoeging,postcode,wplnaam,loctenopzichtevanadres,locoms,bladresregel1,bladresregel2,bladresregel3,bladresregel4,bladresregel5,bladresregel6,landgebied,indpersaangetroffenopadres) VALUES('10032','10032','1','1','3','20120621',null,null,'347','Neude','Neude',null,'34',null,null,'3512AG','Smalle Ee',null,null,null,null,null,null,null,null,'229',null);
INSERT INTO kern.persadres (id,pers,srt,rdnwijz,aangadresh,dataanvadresh,identcodeadresseerbaarobject,identcodenraand,gem,nor,afgekortenor,gemdeel,huisnr,huisletter,huisnrtoevoeging,postcode,wplnaam,loctenopzichtevanadres,locoms,bladresregel1,bladresregel2,bladresregel3,bladresregel4,bladresregel5,bladresregel6,landgebied,indpersaangetroffenopadres) VALUES('10033','10033','1','1','3','20120621',null,null,'347','Neude','Neude',null,'34',null,null,'3512AG','Smalle Ee',null,null,null,null,null,null,null,null,'229',null);
INSERT INTO kern.persadres (id,pers,srt,rdnwijz,aangadresh,dataanvadresh,identcodeadresseerbaarobject,identcodenraand,gem,nor,afgekortenor,gemdeel,huisnr,huisletter,huisnrtoevoeging,postcode,wplnaam,loctenopzichtevanadres,locoms,bladresregel1,bladresregel2,bladresregel3,bladresregel4,bladresregel5,bladresregel6,landgebied,indpersaangetroffenopadres) VALUES('10034','10034','1','1','3','20090701',null,null,'347','Biltstraat','Biltstraat',null,'101',null,null,'3572AL','Smalle Ee',null,null,null,null,null,null,null,null,'229',null);
INSERT INTO kern.persadres (id,pers,srt,rdnwijz,aangadresh,dataanvadresh,identcodeadresseerbaarobject,identcodenraand,gem,nor,afgekortenor,gemdeel,huisnr,huisletter,huisnrtoevoeging,postcode,wplnaam,loctenopzichtevanadres,locoms,bladresregel1,bladresregel2,bladresregel3,bladresregel4,bladresregel5,bladresregel6,landgebied,indpersaangetroffenopadres) VALUES('10035','10035','1','1','3','20090301',null,null,'347','Vredenburg ','Vredenburg ',null,'120',null,null,'3511BE','Smalle Ee',null,null,null,null,null,null,null,null,'229',null);
INSERT INTO kern.persadres (id,pers,srt,rdnwijz,aangadresh,dataanvadresh,identcodeadresseerbaarobject,identcodenraand,gem,nor,afgekortenor,gemdeel,huisnr,huisletter,huisnrtoevoeging,postcode,wplnaam,loctenopzichtevanadres,locoms,bladresregel1,bladresregel2,bladresregel3,bladresregel4,bladresregel5,bladresregel6,landgebied,indpersaangetroffenopadres) VALUES('10036','10036','1','1','3','20090301',null,null,'347','Vredenburg ','Vredenburg ',null,'120',null,null,'3511BE','Smalle Ee',null,null,null,null,null,null,null,null,'229',null);
INSERT INTO kern.persadres (id,pers,srt,rdnwijz,aangadresh,dataanvadresh,identcodeadresseerbaarobject,identcodenraand,gem,nor,afgekortenor,gemdeel,huisnr,huisletter,huisnrtoevoeging,postcode,wplnaam,loctenopzichtevanadres,locoms,bladresregel1,bladresregel2,bladresregel3,bladresregel4,bladresregel5,bladresregel6,landgebied,indpersaangetroffenopadres) VALUES('10037','10037','1','1','3','20090301',null,null,'347','Vredenburg ','Vredenburg ',null,'120',null,null,'3511BE','Smalle Ee',null,null,null,null,null,null,null,null,'229',null);
INSERT INTO kern.persadres (id,pers,srt,rdnwijz,aangadresh,dataanvadresh,identcodeadresseerbaarobject,identcodenraand,gem,nor,afgekortenor,gemdeel,huisnr,huisletter,huisnrtoevoeging,postcode,wplnaam,loctenopzichtevanadres,locoms,bladresregel1,bladresregel2,bladresregel3,bladresregel4,bladresregel5,bladresregel6,landgebied,indpersaangetroffenopadres) VALUES('10038','10038','1','1','3','20090301',null,null,'347','Vredenburg ','Vredenburg ',null,'120',null,null,'3511BE','Smalle Ee',null,null,null,null,null,null,null,null,'229',null);
INSERT INTO kern.persadres (id,pers,srt,rdnwijz,aangadresh,dataanvadresh,identcodeadresseerbaarobject,identcodenraand,gem,nor,afgekortenor,gemdeel,huisnr,huisletter,huisnrtoevoeging,postcode,wplnaam,loctenopzichtevanadres,locoms,bladresregel1,bladresregel2,bladresregel3,bladresregel4,bladresregel5,bladresregel6,landgebied,indpersaangetroffenopadres) VALUES('10039','10039','1','1','3','20120522',null,null,'347','Neude','Neude',null,'33',null,null,'3512AG','Smalle Ee',null,null,null,null,null,null,null,null,'229',null);
INSERT INTO kern.persadres (id,pers,srt,rdnwijz,aangadresh,dataanvadresh,identcodeadresseerbaarobject,identcodenraand,gem,nor,afgekortenor,gemdeel,huisnr,huisletter,huisnrtoevoeging,postcode,wplnaam,loctenopzichtevanadres,locoms,bladresregel1,bladresregel2,bladresregel3,bladresregel4,bladresregel5,bladresregel6,landgebied,indpersaangetroffenopadres) VALUES('10040','10040','1','2',null,'20010517',null,null,'347','Biltstraat','Biltstraat',null,'107',null,null,'3572AM','Smalle Ee',null,null,null,null,null,null,null,null,'229',null);
INSERT INTO kern.persadres (id,pers,srt,rdnwijz,aangadresh,dataanvadresh,identcodeadresseerbaarobject,identcodenraand,gem,nor,afgekortenor,gemdeel,huisnr,huisletter,huisnrtoevoeging,postcode,wplnaam,loctenopzichtevanadres,locoms,bladresregel1,bladresregel2,bladresregel3,bladresregel4,bladresregel5,bladresregel6,landgebied,indpersaangetroffenopadres) VALUES('10041','10041','1','1','3','20090201',null,null,'347','Vredenburg ','Vredenburg ',null,'124',null,null,'3511BE','Smalle Ee',null,null,null,null,null,null,null,null,'229',null);
INSERT INTO kern.persadres (id,pers,srt,rdnwijz,aangadresh,dataanvadresh,identcodeadresseerbaarobject,identcodenraand,gem,nor,afgekortenor,gemdeel,huisnr,huisletter,huisnrtoevoeging,postcode,wplnaam,loctenopzichtevanadres,locoms,bladresregel1,bladresregel2,bladresregel3,bladresregel4,bladresregel5,bladresregel6,landgebied,indpersaangetroffenopadres) VALUES('10042','10042','1','1','7','20010328',null,null,'347','Biltstraat','Biltstraat',null,'142',null,null,'3572BM','Smalle Ee',null,null,null,null,null,null,null,null,'229',null);
INSERT INTO kern.persadres (id,pers,srt,rdnwijz,aangadresh,dataanvadresh,identcodeadresseerbaarobject,identcodenraand,gem,nor,afgekortenor,gemdeel,huisnr,huisletter,huisnrtoevoeging,postcode,wplnaam,loctenopzichtevanadres,locoms,bladresregel1,bladresregel2,bladresregel3,bladresregel4,bladresregel5,bladresregel6,landgebied,indpersaangetroffenopadres) VALUES('10043','10043','1','1','3','19820528',null,null,'347','Biltstraat','Biltstraat',null,'142',null,null,'3572BM','Smalle Ee',null,null,null,null,null,null,null,null,'229',null);
INSERT INTO kern.persadres (id,pers,srt,rdnwijz,aangadresh,dataanvadresh,identcodeadresseerbaarobject,identcodenraand,gem,nor,afgekortenor,gemdeel,huisnr,huisletter,huisnrtoevoeging,postcode,wplnaam,loctenopzichtevanadres,locoms,bladresregel1,bladresregel2,bladresregel3,bladresregel4,bladresregel5,bladresregel6,landgebied,indpersaangetroffenopadres) VALUES('10044','10044','1','1','3','20010328',null,null,'347','Vredenburg','Vredenburg',null,'114',null,null,'3511BE','Smalle Ee',null,null,null,null,null,null,null,null,'229',null);
INSERT INTO kern.persadres (id,pers,srt,rdnwijz,aangadresh,dataanvadresh,identcodeadresseerbaarobject,identcodenraand,gem,nor,afgekortenor,gemdeel,huisnr,huisletter,huisnrtoevoeging,postcode,wplnaam,loctenopzichtevanadres,locoms,bladresregel1,bladresregel2,bladresregel3,bladresregel4,bladresregel5,bladresregel6,landgebied,indpersaangetroffenopadres) VALUES('10045','10045','1','1','7','19911002',null,null,'347','Vredenburg','Vredenburg',null,'114',null,null,'3511BE','Smalle Ee',null,null,null,null,null,null,null,null,'229',null);

commit;


--------------------------------------------------
--- EIND
--- Sheet: (persadres)
--- Handler: SheetHandlerImplSimpleInsert
--- Aantal: (45)
--------------------------------------------------
--------------------------------------------------
--- START
--- Sheet: (his_persadres)
--- Handler: SheetHandlerImplSimpleInsert
--------------------------------------------------

begin;

INSERT INTO kern.his_persadres (id,persadres,dataanvgel,dateindegel,tsreg,tsverval,actieinh,actieverval,actieaanpgel,srt,rdnwijz,aangadresh,dataanvadresh,identcodeadresseerbaarobject,identcodenraand,gem,nor,afgekortenor,gemdeel,huisnr,huisletter,huisnrtoevoeging,postcode,wplnaam,loctenopzichtevanadres,locoms,bladresregel1,bladresregel2,bladresregel3,bladresregel4,bladresregel5,bladresregel6,landgebied,indpersaangetroffenopadres,nadereaandverval) VALUES('11000','10001','20050328',null,'20050328',null,'11000',null,null,'1','1','7','20050328',null,null,'347','Vredenburg','Vredenburg',null,'3',null,null,'3511BA','Smalle Ee',null,null,null,null,null,null,null,null,'229',null,null);
INSERT INTO kern.his_persadres (id,persadres,dataanvgel,dateindegel,tsreg,tsverval,actieinh,actieverval,actieaanpgel,srt,rdnwijz,aangadresh,dataanvadresh,identcodeadresseerbaarobject,identcodenraand,gem,nor,afgekortenor,gemdeel,huisnr,huisletter,huisnrtoevoeging,postcode,wplnaam,loctenopzichtevanadres,locoms,bladresregel1,bladresregel2,bladresregel3,bladresregel4,bladresregel5,bladresregel6,landgebied,indpersaangetroffenopadres,nadereaandverval) VALUES('10999','10001','20030327','20050328','20050328',null,'10999',null,'11000','1','1','3','20030327',null,null,'229','Zonegge','Zonegge',null,'1',null,null,'6901KT',null,null,null,null,null,null,null,null,null,'229',null,null);
INSERT INTO kern.his_persadres (id,persadres,dataanvgel,dateindegel,tsreg,tsverval,actieinh,actieverval,actieaanpgel,srt,rdnwijz,aangadresh,dataanvadresh,identcodeadresseerbaarobject,identcodenraand,gem,nor,afgekortenor,gemdeel,huisnr,huisletter,huisnrtoevoeging,postcode,wplnaam,loctenopzichtevanadres,locoms,bladresregel1,bladresregel2,bladresregel3,bladresregel4,bladresregel5,bladresregel6,landgebied,indpersaangetroffenopadres,nadereaandverval) VALUES('10998','10001','20030327',null,'20030327','20050328','10999','11000',null,'1','1','3','20030327',null,null,'229','Zonegge','Zonegge',null,'1',null,null,'6901KT',null,null,null,null,null,null,null,null,null,'229',null,null);
INSERT INTO kern.his_persadres (id,persadres,dataanvgel,dateindegel,tsreg,tsverval,actieinh,actieverval,actieaanpgel,srt,rdnwijz,aangadresh,dataanvadresh,identcodeadresseerbaarobject,identcodenraand,gem,nor,afgekortenor,gemdeel,huisnr,huisletter,huisnrtoevoeging,postcode,wplnaam,loctenopzichtevanadres,locoms,bladresregel1,bladresregel2,bladresregel3,bladresregel4,bladresregel5,bladresregel6,landgebied,indpersaangetroffenopadres,nadereaandverval) VALUES('10997','10001','19811002','20030327','20030327',null,'10998',null,'10999','1','2',null,'19811002',null,null,'521','Langnekstraat','Langnekstraat',null,'9',null,null,'2572JN',null,null,null,null,null,null,null,null,null,'229',null,null);
INSERT INTO kern.his_persadres (id,persadres,dataanvgel,dateindegel,tsreg,tsverval,actieinh,actieverval,actieaanpgel,srt,rdnwijz,aangadresh,dataanvadresh,identcodeadresseerbaarobject,identcodenraand,gem,nor,afgekortenor,gemdeel,huisnr,huisletter,huisnrtoevoeging,postcode,wplnaam,loctenopzichtevanadres,locoms,bladresregel1,bladresregel2,bladresregel3,bladresregel4,bladresregel5,bladresregel6,landgebied,indpersaangetroffenopadres,nadereaandverval) VALUES('10996','10001','19811002',null,'19811002','20030327','10998','10999',null,'1','2',null,'19811002',null,null,'521','Langnekstraat','Langnekstraat',null,'9',null,null,'2572JN',null,null,null,null,null,null,null,null,null,'229',null,null);
INSERT INTO kern.his_persadres (id,persadres,dataanvgel,dateindegel,tsreg,tsverval,actieinh,actieverval,actieaanpgel,srt,rdnwijz,aangadresh,dataanvadresh,identcodeadresseerbaarobject,identcodenraand,gem,nor,afgekortenor,gemdeel,huisnr,huisletter,huisnrtoevoeging,postcode,wplnaam,loctenopzichtevanadres,locoms,bladresregel1,bladresregel2,bladresregel3,bladresregel4,bladresregel5,bladresregel6,landgebied,indpersaangetroffenopadres,nadereaandverval) VALUES('10995','10002','20050328',null,'20050328',null,'10997',null,null,'1','1','3','20050328',null,null,'347','Vredenburg','Vredenburg',null,'3',null,null,'3511BA','Smalle Ee',null,null,null,null,null,null,null,null,'229',null,null);
INSERT INTO kern.his_persadres (id,persadres,dataanvgel,dateindegel,tsreg,tsverval,actieinh,actieverval,actieaanpgel,srt,rdnwijz,aangadresh,dataanvadresh,identcodeadresseerbaarobject,identcodenraand,gem,nor,afgekortenor,gemdeel,huisnr,huisletter,huisnrtoevoeging,postcode,wplnaam,loctenopzichtevanadres,locoms,bladresregel1,bladresregel2,bladresregel3,bladresregel4,bladresregel5,bladresregel6,landgebied,indpersaangetroffenopadres,nadereaandverval) VALUES('10994','10002','20030327','20050328','20050328',null,'10996',null,'10997','1','1','7','20030327',null,null,'229','Zonegge','Zonegge',null,'1',null,null,'6901KT',null,null,null,null,null,null,null,null,null,'229',null,null);
INSERT INTO kern.his_persadres (id,persadres,dataanvgel,dateindegel,tsreg,tsverval,actieinh,actieverval,actieaanpgel,srt,rdnwijz,aangadresh,dataanvadresh,identcodeadresseerbaarobject,identcodenraand,gem,nor,afgekortenor,gemdeel,huisnr,huisletter,huisnrtoevoeging,postcode,wplnaam,loctenopzichtevanadres,locoms,bladresregel1,bladresregel2,bladresregel3,bladresregel4,bladresregel5,bladresregel6,landgebied,indpersaangetroffenopadres,nadereaandverval) VALUES('10993','10002','20030327',null,'20030327','20050328','10996','10997',null,'1','1','7','20030327',null,null,'229','Zonegge','Zonegge',null,'1',null,null,'6901KT',null,null,null,null,null,null,null,null,null,'229',null,null);
INSERT INTO kern.his_persadres (id,persadres,dataanvgel,dateindegel,tsreg,tsverval,actieinh,actieverval,actieaanpgel,srt,rdnwijz,aangadresh,dataanvadresh,identcodeadresseerbaarobject,identcodenraand,gem,nor,afgekortenor,gemdeel,huisnr,huisletter,huisnrtoevoeging,postcode,wplnaam,loctenopzichtevanadres,locoms,bladresregel1,bladresregel2,bladresregel3,bladresregel4,bladresregel5,bladresregel6,landgebied,indpersaangetroffenopadres,nadereaandverval) VALUES('10992','10002','19820528','20030327','20030327',null,'10995',null,'10996','1','2',null,'19820528',null,null,'602','Stuart Millstraat','Stuart Millstraat',null,'24',null,null,'2554AJ',null,null,null,null,null,null,null,null,null,'229',null,null);
INSERT INTO kern.his_persadres (id,persadres,dataanvgel,dateindegel,tsreg,tsverval,actieinh,actieverval,actieaanpgel,srt,rdnwijz,aangadresh,dataanvadresh,identcodeadresseerbaarobject,identcodenraand,gem,nor,afgekortenor,gemdeel,huisnr,huisletter,huisnrtoevoeging,postcode,wplnaam,loctenopzichtevanadres,locoms,bladresregel1,bladresregel2,bladresregel3,bladresregel4,bladresregel5,bladresregel6,landgebied,indpersaangetroffenopadres,nadereaandverval) VALUES('10991','10002','19820528',null,'19820528','20030327','10995','10996',null,'1','2',null,'19820528',null,null,'602','Stuart Millstraat','Stuart Millstraat',null,'24',null,null,'2554AJ',null,null,null,null,null,null,null,null,null,'229',null,null);
INSERT INTO kern.his_persadres (id,persadres,dataanvgel,dateindegel,tsreg,tsverval,actieinh,actieverval,actieaanpgel,srt,rdnwijz,aangadresh,dataanvadresh,identcodeadresseerbaarobject,identcodenraand,gem,nor,afgekortenor,gemdeel,huisnr,huisletter,huisnrtoevoeging,postcode,wplnaam,loctenopzichtevanadres,locoms,bladresregel1,bladresregel2,bladresregel3,bladresregel4,bladresregel5,bladresregel6,landgebied,indpersaangetroffenopadres,nadereaandverval) VALUES('10990','10003','19901201',null,'19901201',null,'10994',null,null,'1','1','3','19901201',null,null,'347','Neude','Neude',null,'11',null,null,'3512AE','Smalle Ee',null,null,null,null,null,null,null,null,'229',null,null);
INSERT INTO kern.his_persadres (id,persadres,dataanvgel,dateindegel,tsreg,tsverval,actieinh,actieverval,actieaanpgel,srt,rdnwijz,aangadresh,dataanvadresh,identcodeadresseerbaarobject,identcodenraand,gem,nor,afgekortenor,gemdeel,huisnr,huisletter,huisnrtoevoeging,postcode,wplnaam,loctenopzichtevanadres,locoms,bladresregel1,bladresregel2,bladresregel3,bladresregel4,bladresregel5,bladresregel6,landgebied,indpersaangetroffenopadres,nadereaandverval) VALUES('10989','10003','19901111','19901201','19901201',null,'10993',null,'10994','1','1','3','19901111',null,null,'950','Achillesstraat','Achillesstraat',null,'34',null,null,'6165RA',null,null,null,null,null,null,null,null,null,'229',null,null);
INSERT INTO kern.his_persadres (id,persadres,dataanvgel,dateindegel,tsreg,tsverval,actieinh,actieverval,actieaanpgel,srt,rdnwijz,aangadresh,dataanvadresh,identcodeadresseerbaarobject,identcodenraand,gem,nor,afgekortenor,gemdeel,huisnr,huisletter,huisnrtoevoeging,postcode,wplnaam,loctenopzichtevanadres,locoms,bladresregel1,bladresregel2,bladresregel3,bladresregel4,bladresregel5,bladresregel6,landgebied,indpersaangetroffenopadres,nadereaandverval) VALUES('10988','10003','19901111',null,'19901111','19901201','10993','10994',null,'1','1','3','19901111',null,null,'950','Achillesstraat','Achillesstraat',null,'34',null,null,'6165RA',null,null,null,null,null,null,null,null,null,'229',null,null);
INSERT INTO kern.his_persadres (id,persadres,dataanvgel,dateindegel,tsreg,tsverval,actieinh,actieverval,actieaanpgel,srt,rdnwijz,aangadresh,dataanvadresh,identcodeadresseerbaarobject,identcodenraand,gem,nor,afgekortenor,gemdeel,huisnr,huisletter,huisnrtoevoeging,postcode,wplnaam,loctenopzichtevanadres,locoms,bladresregel1,bladresregel2,bladresregel3,bladresregel4,bladresregel5,bladresregel6,landgebied,indpersaangetroffenopadres,nadereaandverval) VALUES('10987','10003','19660302','19901111','19901111',null,'10992',null,'10993','1','2',null,'19660302',null,null,'521','Langnekstraat','Langnekstraat',null,'7',null,null,'2572JN',null,null,null,null,null,null,null,null,null,'229',null,null);
INSERT INTO kern.his_persadres (id,persadres,dataanvgel,dateindegel,tsreg,tsverval,actieinh,actieverval,actieaanpgel,srt,rdnwijz,aangadresh,dataanvadresh,identcodeadresseerbaarobject,identcodenraand,gem,nor,afgekortenor,gemdeel,huisnr,huisletter,huisnrtoevoeging,postcode,wplnaam,loctenopzichtevanadres,locoms,bladresregel1,bladresregel2,bladresregel3,bladresregel4,bladresregel5,bladresregel6,landgebied,indpersaangetroffenopadres,nadereaandverval) VALUES('10986','10003','19660302',null,'19660302','19901111','10992','10993',null,'1','2',null,'19660302',null,null,'521','Langnekstraat','Langnekstraat',null,'7',null,null,'2572JN',null,null,null,null,null,null,null,null,null,'229',null,null);
INSERT INTO kern.his_persadres (id,persadres,dataanvgel,dateindegel,tsreg,tsverval,actieinh,actieverval,actieaanpgel,srt,rdnwijz,aangadresh,dataanvadresh,identcodeadresseerbaarobject,identcodenraand,gem,nor,afgekortenor,gemdeel,huisnr,huisletter,huisnrtoevoeging,postcode,wplnaam,loctenopzichtevanadres,locoms,bladresregel1,bladresregel2,bladresregel3,bladresregel4,bladresregel5,bladresregel6,landgebied,indpersaangetroffenopadres,nadereaandverval) VALUES('10985','10004','19901201',null,'19901201',null,'10991',null,null,'1','1','7','19901201',null,null,'347','Neude','Neude',null,'13',null,null,'3512AE','Smalle Ee',null,null,null,null,null,null,null,null,'229',null,null);
INSERT INTO kern.his_persadres (id,persadres,dataanvgel,dateindegel,tsreg,tsverval,actieinh,actieverval,actieaanpgel,srt,rdnwijz,aangadresh,dataanvadresh,identcodeadresseerbaarobject,identcodenraand,gem,nor,afgekortenor,gemdeel,huisnr,huisletter,huisnrtoevoeging,postcode,wplnaam,loctenopzichtevanadres,locoms,bladresregel1,bladresregel2,bladresregel3,bladresregel4,bladresregel5,bladresregel6,landgebied,indpersaangetroffenopadres,nadereaandverval) VALUES('10984','10004','19901111','19901201','19901201',null,'10990',null,'10991','1','1','7','19901111',null,null,'950','Achillesstraat','Achillesstraat',null,'34',null,null,'6165RA',null,null,null,null,null,null,null,null,null,'229',null,null);
INSERT INTO kern.his_persadres (id,persadres,dataanvgel,dateindegel,tsreg,tsverval,actieinh,actieverval,actieaanpgel,srt,rdnwijz,aangadresh,dataanvadresh,identcodeadresseerbaarobject,identcodenraand,gem,nor,afgekortenor,gemdeel,huisnr,huisletter,huisnrtoevoeging,postcode,wplnaam,loctenopzichtevanadres,locoms,bladresregel1,bladresregel2,bladresregel3,bladresregel4,bladresregel5,bladresregel6,landgebied,indpersaangetroffenopadres,nadereaandverval) VALUES('10983','10004','19901111',null,'19901111','19901201','10990','10991',null,'1','1','7','19901111',null,null,'950','Achillesstraat','Achillesstraat',null,'34',null,null,'6165RA',null,null,null,null,null,null,null,null,null,'229',null,null);
INSERT INTO kern.his_persadres (id,persadres,dataanvgel,dateindegel,tsreg,tsverval,actieinh,actieverval,actieaanpgel,srt,rdnwijz,aangadresh,dataanvadresh,identcodeadresseerbaarobject,identcodenraand,gem,nor,afgekortenor,gemdeel,huisnr,huisletter,huisnrtoevoeging,postcode,wplnaam,loctenopzichtevanadres,locoms,bladresregel1,bladresregel2,bladresregel3,bladresregel4,bladresregel5,bladresregel6,landgebied,indpersaangetroffenopadres,nadereaandverval) VALUES('10982','10004','19691227','19901111','19901111',null,'10989',null,'10990','1','2',null,'19691227',null,null,'347','Rhônedreef','Rhônedreef',null,'45',null,null,'3561VA',null,null,null,null,null,null,null,null,null,'229',null,null);
INSERT INTO kern.his_persadres (id,persadres,dataanvgel,dateindegel,tsreg,tsverval,actieinh,actieverval,actieaanpgel,srt,rdnwijz,aangadresh,dataanvadresh,identcodeadresseerbaarobject,identcodenraand,gem,nor,afgekortenor,gemdeel,huisnr,huisletter,huisnrtoevoeging,postcode,wplnaam,loctenopzichtevanadres,locoms,bladresregel1,bladresregel2,bladresregel3,bladresregel4,bladresregel5,bladresregel6,landgebied,indpersaangetroffenopadres,nadereaandverval) VALUES('10981','10004','19691227',null,'19691227','19901111','10989','10990',null,'1','2',null,'19691227',null,null,'347','Rhônedreef','Rhônedreef',null,'45',null,null,'3561VA',null,null,null,null,null,null,null,null,null,'229',null,null);
INSERT INTO kern.his_persadres (id,persadres,dataanvgel,dateindegel,tsreg,tsverval,actieinh,actieverval,actieaanpgel,srt,rdnwijz,aangadresh,dataanvadresh,identcodeadresseerbaarobject,identcodenraand,gem,nor,afgekortenor,gemdeel,huisnr,huisletter,huisnrtoevoeging,postcode,wplnaam,loctenopzichtevanadres,locoms,bladresregel1,bladresregel2,bladresregel3,bladresregel4,bladresregel5,bladresregel6,landgebied,indpersaangetroffenopadres,nadereaandverval) VALUES('10980','10005','19981201',null,'19981201',null,'10988',null,null,'1','1','3','19981201',null,null,'347','Biltstraat','Biltstraat',null,'5',null,null,'3572AA','Smalle Ee',null,null,null,null,null,null,null,null,'229',null,null);
INSERT INTO kern.his_persadres (id,persadres,dataanvgel,dateindegel,tsreg,tsverval,actieinh,actieverval,actieaanpgel,srt,rdnwijz,aangadresh,dataanvadresh,identcodeadresseerbaarobject,identcodenraand,gem,nor,afgekortenor,gemdeel,huisnr,huisletter,huisnrtoevoeging,postcode,wplnaam,loctenopzichtevanadres,locoms,bladresregel1,bladresregel2,bladresregel3,bladresregel4,bladresregel5,bladresregel6,landgebied,indpersaangetroffenopadres,nadereaandverval) VALUES('10979','10005','19970605','19981201','19981201',null,'10987',null,'10988','1','1','7','19970605',null,null,'403','Anthonij Miechielsz van Voorthuijsenstraat','A M v Voorthuijsenstr',null,'67',null,null,'1785LG',null,null,null,null,null,null,null,null,null,'229',null,null);
INSERT INTO kern.his_persadres (id,persadres,dataanvgel,dateindegel,tsreg,tsverval,actieinh,actieverval,actieaanpgel,srt,rdnwijz,aangadresh,dataanvadresh,identcodeadresseerbaarobject,identcodenraand,gem,nor,afgekortenor,gemdeel,huisnr,huisletter,huisnrtoevoeging,postcode,wplnaam,loctenopzichtevanadres,locoms,bladresregel1,bladresregel2,bladresregel3,bladresregel4,bladresregel5,bladresregel6,landgebied,indpersaangetroffenopadres,nadereaandverval) VALUES('10978','10005','19970605',null,'19970605','19981201','10987','10988',null,'1','1','7','19970605',null,null,'403','Anthonij Miechielsz van Voorthuijsenstraat','A M v Voorthuijsenstr',null,'67',null,null,'1785LG',null,null,null,null,null,null,null,null,null,'229',null,null);
INSERT INTO kern.his_persadres (id,persadres,dataanvgel,dateindegel,tsreg,tsverval,actieinh,actieverval,actieaanpgel,srt,rdnwijz,aangadresh,dataanvadresh,identcodeadresseerbaarobject,identcodenraand,gem,nor,afgekortenor,gemdeel,huisnr,huisletter,huisnrtoevoeging,postcode,wplnaam,loctenopzichtevanadres,locoms,bladresregel1,bladresregel2,bladresregel3,bladresregel4,bladresregel5,bladresregel6,landgebied,indpersaangetroffenopadres,nadereaandverval) VALUES('10977','10005','19710717','19970605','19970605',null,'10986',null,'10987','1','2',null,'19710717',null,null,'347','Westduëlstraat','Westduëlstraat',null,'23',null,null,'3082RV',null,null,null,null,null,null,null,null,null,'229',null,null);
INSERT INTO kern.his_persadres (id,persadres,dataanvgel,dateindegel,tsreg,tsverval,actieinh,actieverval,actieaanpgel,srt,rdnwijz,aangadresh,dataanvadresh,identcodeadresseerbaarobject,identcodenraand,gem,nor,afgekortenor,gemdeel,huisnr,huisletter,huisnrtoevoeging,postcode,wplnaam,loctenopzichtevanadres,locoms,bladresregel1,bladresregel2,bladresregel3,bladresregel4,bladresregel5,bladresregel6,landgebied,indpersaangetroffenopadres,nadereaandverval) VALUES('10976','10005','19710717',null,'19710717','19970605','10986','10987',null,'1','2',null,'19710717',null,null,'347','Westduëlstraat','Westduëlstraat',null,'23',null,null,'3082RV',null,null,null,null,null,null,null,null,null,'229',null,null);
INSERT INTO kern.his_persadres (id,persadres,dataanvgel,dateindegel,tsreg,tsverval,actieinh,actieverval,actieaanpgel,srt,rdnwijz,aangadresh,dataanvadresh,identcodeadresseerbaarobject,identcodenraand,gem,nor,afgekortenor,gemdeel,huisnr,huisletter,huisnrtoevoeging,postcode,wplnaam,loctenopzichtevanadres,locoms,bladresregel1,bladresregel2,bladresregel3,bladresregel4,bladresregel5,bladresregel6,landgebied,indpersaangetroffenopadres,nadereaandverval) VALUES('10975','10006','19981201',null,'19981201',null,'10985',null,null,'1','1','7','19981201',null,null,'347','Biltstraat','Biltstraat',null,'5',null,null,'3572AA','Smalle Ee',null,null,null,null,null,null,null,null,'229',null,null);
INSERT INTO kern.his_persadres (id,persadres,dataanvgel,dateindegel,tsreg,tsverval,actieinh,actieverval,actieaanpgel,srt,rdnwijz,aangadresh,dataanvadresh,identcodeadresseerbaarobject,identcodenraand,gem,nor,afgekortenor,gemdeel,huisnr,huisletter,huisnrtoevoeging,postcode,wplnaam,loctenopzichtevanadres,locoms,bladresregel1,bladresregel2,bladresregel3,bladresregel4,bladresregel5,bladresregel6,landgebied,indpersaangetroffenopadres,nadereaandverval) VALUES('10974','10006','19970605','19981201','19981201',null,'10984',null,'10985','1','1','3','19970605',null,null,'403','Anthonij Miechielsz van Voorthuijsenstraat','A M v Voorthuijsenstr',null,'67',null,null,'1785LG',null,null,null,null,null,null,null,null,null,'229',null,null);
INSERT INTO kern.his_persadres (id,persadres,dataanvgel,dateindegel,tsreg,tsverval,actieinh,actieverval,actieaanpgel,srt,rdnwijz,aangadresh,dataanvadresh,identcodeadresseerbaarobject,identcodenraand,gem,nor,afgekortenor,gemdeel,huisnr,huisletter,huisnrtoevoeging,postcode,wplnaam,loctenopzichtevanadres,locoms,bladresregel1,bladresregel2,bladresregel3,bladresregel4,bladresregel5,bladresregel6,landgebied,indpersaangetroffenopadres,nadereaandverval) VALUES('10973','10006','19970605',null,'19970605','19981201','10984','10985',null,'1','1','3','19970605',null,null,'403','Anthonij Miechielsz van Voorthuijsenstraat','A M v Voorthuijsenstr',null,'67',null,null,'1785LG',null,null,null,null,null,null,null,null,null,'229',null,null);
INSERT INTO kern.his_persadres (id,persadres,dataanvgel,dateindegel,tsreg,tsverval,actieinh,actieverval,actieaanpgel,srt,rdnwijz,aangadresh,dataanvadresh,identcodeadresseerbaarobject,identcodenraand,gem,nor,afgekortenor,gemdeel,huisnr,huisletter,huisnrtoevoeging,postcode,wplnaam,loctenopzichtevanadres,locoms,bladresregel1,bladresregel2,bladresregel3,bladresregel4,bladresregel5,bladresregel6,landgebied,indpersaangetroffenopadres,nadereaandverval) VALUES('10972','10006','19720928','19970605','19970605',null,'10983',null,'10984','1','2',null,'19720928',null,null,'366','Bonairestraat','Bonairestraat',null,'23',null,null,'1058XC',null,null,null,null,null,null,null,null,null,'229',null,null);
INSERT INTO kern.his_persadres (id,persadres,dataanvgel,dateindegel,tsreg,tsverval,actieinh,actieverval,actieaanpgel,srt,rdnwijz,aangadresh,dataanvadresh,identcodeadresseerbaarobject,identcodenraand,gem,nor,afgekortenor,gemdeel,huisnr,huisletter,huisnrtoevoeging,postcode,wplnaam,loctenopzichtevanadres,locoms,bladresregel1,bladresregel2,bladresregel3,bladresregel4,bladresregel5,bladresregel6,landgebied,indpersaangetroffenopadres,nadereaandverval) VALUES('10971','10006','19720928',null,'19720928','19970605','10983','10984',null,'1','2',null,'19720928',null,null,'366','Bonairestraat','Bonairestraat',null,'23',null,null,'1058XC',null,null,null,null,null,null,null,null,null,'229',null,null);
INSERT INTO kern.his_persadres (id,persadres,dataanvgel,dateindegel,tsreg,tsverval,actieinh,actieverval,actieaanpgel,srt,rdnwijz,aangadresh,dataanvadresh,identcodeadresseerbaarobject,identcodenraand,gem,nor,afgekortenor,gemdeel,huisnr,huisletter,huisnrtoevoeging,postcode,wplnaam,loctenopzichtevanadres,locoms,bladresregel1,bladresregel2,bladresregel3,bladresregel4,bladresregel5,bladresregel6,landgebied,indpersaangetroffenopadres,nadereaandverval) VALUES('10970','10007','20110205',null,'20110205',null,'10982',null,null,'1','1','7','20110205',null,null,'347','Vredenburg','Vredenburg',null,'22',null,null,'3511BB','Smalle Ee',null,null,null,null,null,null,null,null,'229',null,null);
INSERT INTO kern.his_persadres (id,persadres,dataanvgel,dateindegel,tsreg,tsverval,actieinh,actieverval,actieaanpgel,srt,rdnwijz,aangadresh,dataanvadresh,identcodeadresseerbaarobject,identcodenraand,gem,nor,afgekortenor,gemdeel,huisnr,huisletter,huisnrtoevoeging,postcode,wplnaam,loctenopzichtevanadres,locoms,bladresregel1,bladresregel2,bladresregel3,bladresregel4,bladresregel5,bladresregel6,landgebied,indpersaangetroffenopadres,nadereaandverval) VALUES('10969','10007','20031024','20110205','20110205',null,'10981',null,'10982','1','1','7','20031024',null,null,'1415','Rafaëlweg','Rafaëlweg',null,'8',null,null,'6114BZ',null,null,null,null,null,null,null,null,null,'229',null,null);
INSERT INTO kern.his_persadres (id,persadres,dataanvgel,dateindegel,tsreg,tsverval,actieinh,actieverval,actieaanpgel,srt,rdnwijz,aangadresh,dataanvadresh,identcodeadresseerbaarobject,identcodenraand,gem,nor,afgekortenor,gemdeel,huisnr,huisletter,huisnrtoevoeging,postcode,wplnaam,loctenopzichtevanadres,locoms,bladresregel1,bladresregel2,bladresregel3,bladresregel4,bladresregel5,bladresregel6,landgebied,indpersaangetroffenopadres,nadereaandverval) VALUES('10968','10007','20031024',null,'20031024','20110205','10981','10982',null,'1','1','7','20031024',null,null,'1415','Rafaëlweg','Rafaëlweg',null,'8',null,null,'6114BZ',null,null,null,null,null,null,null,null,null,'229',null,null);
INSERT INTO kern.his_persadres (id,persadres,dataanvgel,dateindegel,tsreg,tsverval,actieinh,actieverval,actieaanpgel,srt,rdnwijz,aangadresh,dataanvadresh,identcodeadresseerbaarobject,identcodenraand,gem,nor,afgekortenor,gemdeel,huisnr,huisletter,huisnrtoevoeging,postcode,wplnaam,loctenopzichtevanadres,locoms,bladresregel1,bladresregel2,bladresregel3,bladresregel4,bladresregel5,bladresregel6,landgebied,indpersaangetroffenopadres,nadereaandverval) VALUES('10967','10007','19800616','20031024','20031024',null,'10980',null,'10981','1','2',null,'19800616',null,null,'602','Jan Steenstraat','Jan Steenstraat',null,'132',null,null,'3042AL',null,null,null,null,null,null,null,null,null,'229',null,null);
INSERT INTO kern.his_persadres (id,persadres,dataanvgel,dateindegel,tsreg,tsverval,actieinh,actieverval,actieaanpgel,srt,rdnwijz,aangadresh,dataanvadresh,identcodeadresseerbaarobject,identcodenraand,gem,nor,afgekortenor,gemdeel,huisnr,huisletter,huisnrtoevoeging,postcode,wplnaam,loctenopzichtevanadres,locoms,bladresregel1,bladresregel2,bladresregel3,bladresregel4,bladresregel5,bladresregel6,landgebied,indpersaangetroffenopadres,nadereaandverval) VALUES('10966','10007','19800616',null,'19800616','20031024','10980','10981',null,'1','2',null,'19800616',null,null,'602','Jan Steenstraat','Jan Steenstraat',null,'132',null,null,'3042AL',null,null,null,null,null,null,null,null,null,'229',null,null);
INSERT INTO kern.his_persadres (id,persadres,dataanvgel,dateindegel,tsreg,tsverval,actieinh,actieverval,actieaanpgel,srt,rdnwijz,aangadresh,dataanvadresh,identcodeadresseerbaarobject,identcodenraand,gem,nor,afgekortenor,gemdeel,huisnr,huisletter,huisnrtoevoeging,postcode,wplnaam,loctenopzichtevanadres,locoms,bladresregel1,bladresregel2,bladresregel3,bladresregel4,bladresregel5,bladresregel6,landgebied,indpersaangetroffenopadres,nadereaandverval) VALUES('10965','10008','20110205',null,'20110205',null,'10979',null,null,'1','1','3','20110205',null,null,'347','Vredenburg','Vredenburg',null,'22',null,null,'3511BB','Smalle Ee',null,null,null,null,null,null,null,null,'229',null,null);
INSERT INTO kern.his_persadres (id,persadres,dataanvgel,dateindegel,tsreg,tsverval,actieinh,actieverval,actieaanpgel,srt,rdnwijz,aangadresh,dataanvadresh,identcodeadresseerbaarobject,identcodenraand,gem,nor,afgekortenor,gemdeel,huisnr,huisletter,huisnrtoevoeging,postcode,wplnaam,loctenopzichtevanadres,locoms,bladresregel1,bladresregel2,bladresregel3,bladresregel4,bladresregel5,bladresregel6,landgebied,indpersaangetroffenopadres,nadereaandverval) VALUES('10964','10008','20031024','20110205','20110205',null,'10978',null,'10979','1','1','3','20031024',null,null,'1415','Rafaëlweg','Rafaëlweg',null,'8',null,null,'6114BZ',null,null,null,null,null,null,null,null,null,'229',null,null);
INSERT INTO kern.his_persadres (id,persadres,dataanvgel,dateindegel,tsreg,tsverval,actieinh,actieverval,actieaanpgel,srt,rdnwijz,aangadresh,dataanvadresh,identcodeadresseerbaarobject,identcodenraand,gem,nor,afgekortenor,gemdeel,huisnr,huisletter,huisnrtoevoeging,postcode,wplnaam,loctenopzichtevanadres,locoms,bladresregel1,bladresregel2,bladresregel3,bladresregel4,bladresregel5,bladresregel6,landgebied,indpersaangetroffenopadres,nadereaandverval) VALUES('10963','10008','20031024',null,'20031024','20110205','10978','10979',null,'1','1','3','20031024',null,null,'1415','Rafaëlweg','Rafaëlweg',null,'8',null,null,'6114BZ',null,null,null,null,null,null,null,null,null,'229',null,null);
INSERT INTO kern.his_persadres (id,persadres,dataanvgel,dateindegel,tsreg,tsverval,actieinh,actieverval,actieaanpgel,srt,rdnwijz,aangadresh,dataanvadresh,identcodeadresseerbaarobject,identcodenraand,gem,nor,afgekortenor,gemdeel,huisnr,huisletter,huisnrtoevoeging,postcode,wplnaam,loctenopzichtevanadres,locoms,bladresregel1,bladresregel2,bladresregel3,bladresregel4,bladresregel5,bladresregel6,landgebied,indpersaangetroffenopadres,nadereaandverval) VALUES('10962','10008','19810418','20031024','20031024',null,'10977',null,'10978','1','2',null,'19810418',null,null,'347','Westerkade','Westerkade',null,'412',null,null,'3511HB',null,null,null,null,null,null,null,null,null,'229',null,null);
INSERT INTO kern.his_persadres (id,persadres,dataanvgel,dateindegel,tsreg,tsverval,actieinh,actieverval,actieaanpgel,srt,rdnwijz,aangadresh,dataanvadresh,identcodeadresseerbaarobject,identcodenraand,gem,nor,afgekortenor,gemdeel,huisnr,huisletter,huisnrtoevoeging,postcode,wplnaam,loctenopzichtevanadres,locoms,bladresregel1,bladresregel2,bladresregel3,bladresregel4,bladresregel5,bladresregel6,landgebied,indpersaangetroffenopadres,nadereaandverval) VALUES('10961','10008','19810418',null,'19810418','20031024','10977','10978',null,'1','2',null,'19810418',null,null,'347','Westerkade','Westerkade',null,'412',null,null,'3511HB',null,null,null,null,null,null,null,null,null,'229',null,null);
INSERT INTO kern.his_persadres (id,persadres,dataanvgel,dateindegel,tsreg,tsverval,actieinh,actieverval,actieaanpgel,srt,rdnwijz,aangadresh,dataanvadresh,identcodeadresseerbaarobject,identcodenraand,gem,nor,afgekortenor,gemdeel,huisnr,huisletter,huisnrtoevoeging,postcode,wplnaam,loctenopzichtevanadres,locoms,bladresregel1,bladresregel2,bladresregel3,bladresregel4,bladresregel5,bladresregel6,landgebied,indpersaangetroffenopadres,nadereaandverval) VALUES('10960','10009','20110205',null,'20110205',null,'10976',null,null,'1','1','6','20110205',null,null,'347','Vredenburg','Vredenburg',null,'22',null,null,'3511BB','Smalle Ee',null,null,null,null,null,null,null,null,'229',null,null);
INSERT INTO kern.his_persadres (id,persadres,dataanvgel,dateindegel,tsreg,tsverval,actieinh,actieverval,actieaanpgel,srt,rdnwijz,aangadresh,dataanvadresh,identcodeadresseerbaarobject,identcodenraand,gem,nor,afgekortenor,gemdeel,huisnr,huisletter,huisnrtoevoeging,postcode,wplnaam,loctenopzichtevanadres,locoms,bladresregel1,bladresregel2,bladresregel3,bladresregel4,bladresregel5,bladresregel6,landgebied,indpersaangetroffenopadres,nadereaandverval) VALUES('10959','10009','20031226','20110205','20110205',null,'10975',null,'10976','1','2',null,'20031226',null,null,'1415','Rafaëlweg','Rafaëlweg',null,'7',null,null,'6114BZ',null,null,null,null,null,null,null,null,null,'229',null,null);
INSERT INTO kern.his_persadres (id,persadres,dataanvgel,dateindegel,tsreg,tsverval,actieinh,actieverval,actieaanpgel,srt,rdnwijz,aangadresh,dataanvadresh,identcodeadresseerbaarobject,identcodenraand,gem,nor,afgekortenor,gemdeel,huisnr,huisletter,huisnrtoevoeging,postcode,wplnaam,loctenopzichtevanadres,locoms,bladresregel1,bladresregel2,bladresregel3,bladresregel4,bladresregel5,bladresregel6,landgebied,indpersaangetroffenopadres,nadereaandverval) VALUES('10958','10009','20031226',null,'20031226','20110205','10975','10976',null,'1','2',null,'20031226',null,null,'1415','Rafaëlweg','Rafaëlweg',null,'7',null,null,'6114BZ',null,null,null,null,null,null,null,null,null,'229',null,null);
INSERT INTO kern.his_persadres (id,persadres,dataanvgel,dateindegel,tsreg,tsverval,actieinh,actieverval,actieaanpgel,srt,rdnwijz,aangadresh,dataanvadresh,identcodeadresseerbaarobject,identcodenraand,gem,nor,afgekortenor,gemdeel,huisnr,huisletter,huisnrtoevoeging,postcode,wplnaam,loctenopzichtevanadres,locoms,bladresregel1,bladresregel2,bladresregel3,bladresregel4,bladresregel5,bladresregel6,landgebied,indpersaangetroffenopadres,nadereaandverval) VALUES('10957','10010','20090928',null,'20090928',null,'10974',null,null,'1','1','3','20090928',null,null,'347','Neude','Neude',null,'17',null,null,'3512AE','Smalle Ee',null,null,null,null,null,null,null,null,'229',null,null);
INSERT INTO kern.his_persadres (id,persadres,dataanvgel,dateindegel,tsreg,tsverval,actieinh,actieverval,actieaanpgel,srt,rdnwijz,aangadresh,dataanvadresh,identcodeadresseerbaarobject,identcodenraand,gem,nor,afgekortenor,gemdeel,huisnr,huisletter,huisnrtoevoeging,postcode,wplnaam,loctenopzichtevanadres,locoms,bladresregel1,bladresregel2,bladresregel3,bladresregel4,bladresregel5,bladresregel6,landgebied,indpersaangetroffenopadres,nadereaandverval) VALUES('10956','10010','19960304','20090928','20090928',null,'10973',null,'10974','1','1','3','19960304',null,null,'775','Beatrix de Rijkweg','Beatrix de Rijkweg',null,'5',null,null,'5657EG',null,null,null,null,null,null,null,null,null,'229',null,null);
INSERT INTO kern.his_persadres (id,persadres,dataanvgel,dateindegel,tsreg,tsverval,actieinh,actieverval,actieaanpgel,srt,rdnwijz,aangadresh,dataanvadresh,identcodeadresseerbaarobject,identcodenraand,gem,nor,afgekortenor,gemdeel,huisnr,huisletter,huisnrtoevoeging,postcode,wplnaam,loctenopzichtevanadres,locoms,bladresregel1,bladresregel2,bladresregel3,bladresregel4,bladresregel5,bladresregel6,landgebied,indpersaangetroffenopadres,nadereaandverval) VALUES('10955','10010','19960304',null,'19960304','20090928','10973','10974',null,'1','1','3','19960304',null,null,'775','Beatrix de Rijkweg','Beatrix de Rijkweg',null,'5',null,null,'5657EG',null,null,null,null,null,null,null,null,null,'229',null,null);
INSERT INTO kern.his_persadres (id,persadres,dataanvgel,dateindegel,tsreg,tsverval,actieinh,actieverval,actieaanpgel,srt,rdnwijz,aangadresh,dataanvadresh,identcodeadresseerbaarobject,identcodenraand,gem,nor,afgekortenor,gemdeel,huisnr,huisletter,huisnrtoevoeging,postcode,wplnaam,loctenopzichtevanadres,locoms,bladresregel1,bladresregel2,bladresregel3,bladresregel4,bladresregel5,bladresregel6,landgebied,indpersaangetroffenopadres,nadereaandverval) VALUES('10954','10010','19691231','19960304','19960304',null,'10972',null,'10973','1','2',null,'19691231',null,null,'602','Goudsesingel','Goudsesingel',null,'7',null,null,'3011KD',null,null,null,null,null,null,null,null,null,'229',null,null);
INSERT INTO kern.his_persadres (id,persadres,dataanvgel,dateindegel,tsreg,tsverval,actieinh,actieverval,actieaanpgel,srt,rdnwijz,aangadresh,dataanvadresh,identcodeadresseerbaarobject,identcodenraand,gem,nor,afgekortenor,gemdeel,huisnr,huisletter,huisnrtoevoeging,postcode,wplnaam,loctenopzichtevanadres,locoms,bladresregel1,bladresregel2,bladresregel3,bladresregel4,bladresregel5,bladresregel6,landgebied,indpersaangetroffenopadres,nadereaandverval) VALUES('10953','10010','19691231',null,'19691231','19960304','10972','10973',null,'1','2',null,'19691231',null,null,'602','Goudsesingel','Goudsesingel',null,'7',null,null,'3011KD',null,null,null,null,null,null,null,null,null,'229',null,null);
INSERT INTO kern.his_persadres (id,persadres,dataanvgel,dateindegel,tsreg,tsverval,actieinh,actieverval,actieaanpgel,srt,rdnwijz,aangadresh,dataanvadresh,identcodeadresseerbaarobject,identcodenraand,gem,nor,afgekortenor,gemdeel,huisnr,huisletter,huisnrtoevoeging,postcode,wplnaam,loctenopzichtevanadres,locoms,bladresregel1,bladresregel2,bladresregel3,bladresregel4,bladresregel5,bladresregel6,landgebied,indpersaangetroffenopadres,nadereaandverval) VALUES('10952','10011','20090928',null,'20090928',null,'10971',null,null,'1','1','7','20090928',null,null,'347','Neude','Neude',null,'17',null,null,'3512AE','Smalle Ee',null,null,null,null,null,null,null,null,'229',null,null);
INSERT INTO kern.his_persadres (id,persadres,dataanvgel,dateindegel,tsreg,tsverval,actieinh,actieverval,actieaanpgel,srt,rdnwijz,aangadresh,dataanvadresh,identcodeadresseerbaarobject,identcodenraand,gem,nor,afgekortenor,gemdeel,huisnr,huisletter,huisnrtoevoeging,postcode,wplnaam,loctenopzichtevanadres,locoms,bladresregel1,bladresregel2,bladresregel3,bladresregel4,bladresregel5,bladresregel6,landgebied,indpersaangetroffenopadres,nadereaandverval) VALUES('10951','10011','19960304','20090928','20090928',null,'10970',null,'10971','1','1','7','19960304',null,null,'775','Beatrix de Rijkweg','Beatrix de Rijkweg',null,'5',null,null,'5657EG',null,null,null,null,null,null,null,null,null,'229',null,null);
INSERT INTO kern.his_persadres (id,persadres,dataanvgel,dateindegel,tsreg,tsverval,actieinh,actieverval,actieaanpgel,srt,rdnwijz,aangadresh,dataanvadresh,identcodeadresseerbaarobject,identcodenraand,gem,nor,afgekortenor,gemdeel,huisnr,huisletter,huisnrtoevoeging,postcode,wplnaam,loctenopzichtevanadres,locoms,bladresregel1,bladresregel2,bladresregel3,bladresregel4,bladresregel5,bladresregel6,landgebied,indpersaangetroffenopadres,nadereaandverval) VALUES('10950','10011','19960304',null,'19960304','20090928','10970','10971',null,'1','1','7','19960304',null,null,'775','Beatrix de Rijkweg','Beatrix de Rijkweg',null,'5',null,null,'5657EG',null,null,null,null,null,null,null,null,null,'229',null,null);
INSERT INTO kern.his_persadres (id,persadres,dataanvgel,dateindegel,tsreg,tsverval,actieinh,actieverval,actieaanpgel,srt,rdnwijz,aangadresh,dataanvadresh,identcodeadresseerbaarobject,identcodenraand,gem,nor,afgekortenor,gemdeel,huisnr,huisletter,huisnrtoevoeging,postcode,wplnaam,loctenopzichtevanadres,locoms,bladresregel1,bladresregel2,bladresregel3,bladresregel4,bladresregel5,bladresregel6,landgebied,indpersaangetroffenopadres,nadereaandverval) VALUES('10949','10011','19690516','19960304','19960304',null,'10969',null,'10970','1','2',null,'19690516',null,null,'602','Goudsesingel','Goudsesingel',null,'9',null,null,'3011KD',null,null,null,null,null,null,null,null,null,'229',null,null);
INSERT INTO kern.his_persadres (id,persadres,dataanvgel,dateindegel,tsreg,tsverval,actieinh,actieverval,actieaanpgel,srt,rdnwijz,aangadresh,dataanvadresh,identcodeadresseerbaarobject,identcodenraand,gem,nor,afgekortenor,gemdeel,huisnr,huisletter,huisnrtoevoeging,postcode,wplnaam,loctenopzichtevanadres,locoms,bladresregel1,bladresregel2,bladresregel3,bladresregel4,bladresregel5,bladresregel6,landgebied,indpersaangetroffenopadres,nadereaandverval) VALUES('10948','10011','19690516',null,'19690516','19960304','10969','10970',null,'1','2',null,'19690516',null,null,'602','Goudsesingel','Goudsesingel',null,'9',null,null,'3011KD',null,null,null,null,null,null,null,null,null,'229',null,null);
INSERT INTO kern.his_persadres (id,persadres,dataanvgel,dateindegel,tsreg,tsverval,actieinh,actieverval,actieaanpgel,srt,rdnwijz,aangadresh,dataanvadresh,identcodeadresseerbaarobject,identcodenraand,gem,nor,afgekortenor,gemdeel,huisnr,huisletter,huisnrtoevoeging,postcode,wplnaam,loctenopzichtevanadres,locoms,bladresregel1,bladresregel2,bladresregel3,bladresregel4,bladresregel5,bladresregel6,landgebied,indpersaangetroffenopadres,nadereaandverval) VALUES('10947','10012','20000228',null,'20000228',null,'10968',null,null,'1','1','3','20000228',null,null,'347','Biltstraat','Biltstraat',null,'7',null,null,'3572AA','Smalle Ee',null,null,null,null,null,null,null,null,'229',null,null);
INSERT INTO kern.his_persadres (id,persadres,dataanvgel,dateindegel,tsreg,tsverval,actieinh,actieverval,actieaanpgel,srt,rdnwijz,aangadresh,dataanvadresh,identcodeadresseerbaarobject,identcodenraand,gem,nor,afgekortenor,gemdeel,huisnr,huisletter,huisnrtoevoeging,postcode,wplnaam,loctenopzichtevanadres,locoms,bladresregel1,bladresregel2,bladresregel3,bladresregel4,bladresregel5,bladresregel6,landgebied,indpersaangetroffenopadres,nadereaandverval) VALUES('10946','10012','19771210','20000228','20000228',null,'10967',null,'10968','1','2',null,'19771210',null,null,'629','Baron Schimmelpenninck van der Oyelaan','S vd Oyeln',null,'1',null,null,'2252EB',null,null,null,null,null,null,null,null,null,'229',null,null);
INSERT INTO kern.his_persadres (id,persadres,dataanvgel,dateindegel,tsreg,tsverval,actieinh,actieverval,actieaanpgel,srt,rdnwijz,aangadresh,dataanvadresh,identcodeadresseerbaarobject,identcodenraand,gem,nor,afgekortenor,gemdeel,huisnr,huisletter,huisnrtoevoeging,postcode,wplnaam,loctenopzichtevanadres,locoms,bladresregel1,bladresregel2,bladresregel3,bladresregel4,bladresregel5,bladresregel6,landgebied,indpersaangetroffenopadres,nadereaandverval) VALUES('10945','10012','19771210',null,'19771210','20000228','10967','10968',null,'1','2',null,'19771210',null,null,'629','Baron Schimmelpenninck van der Oyelaan','S vd Oyeln',null,'1',null,null,'2252EB',null,null,null,null,null,null,null,null,null,'229',null,null);
INSERT INTO kern.his_persadres (id,persadres,dataanvgel,dateindegel,tsreg,tsverval,actieinh,actieverval,actieaanpgel,srt,rdnwijz,aangadresh,dataanvadresh,identcodeadresseerbaarobject,identcodenraand,gem,nor,afgekortenor,gemdeel,huisnr,huisletter,huisnrtoevoeging,postcode,wplnaam,loctenopzichtevanadres,locoms,bladresregel1,bladresregel2,bladresregel3,bladresregel4,bladresregel5,bladresregel6,landgebied,indpersaangetroffenopadres,nadereaandverval) VALUES('10944','10013','19920508',null,'19920508',null,'10966',null,null,'1','1','3','19920508',null,null,'347','Vredenburg','Vredenburg',null,'27',null,null,'3511BC','Smalle Ee',null,null,null,null,null,null,null,null,'229',null,null);
INSERT INTO kern.his_persadres (id,persadres,dataanvgel,dateindegel,tsreg,tsverval,actieinh,actieverval,actieaanpgel,srt,rdnwijz,aangadresh,dataanvadresh,identcodeadresseerbaarobject,identcodenraand,gem,nor,afgekortenor,gemdeel,huisnr,huisletter,huisnrtoevoeging,postcode,wplnaam,loctenopzichtevanadres,locoms,bladresregel1,bladresregel2,bladresregel3,bladresregel4,bladresregel5,bladresregel6,landgebied,indpersaangetroffenopadres,nadereaandverval) VALUES('10943','10013','19550602','19920508','19920508',null,'10965',null,'10966','1','2',null,'19550602',null,null,'991','Weerterbeekweg','Weerterbeekweg',null,'22',null,null,'6001VH',null,null,null,null,null,null,null,null,null,'229',null,null);
INSERT INTO kern.his_persadres (id,persadres,dataanvgel,dateindegel,tsreg,tsverval,actieinh,actieverval,actieaanpgel,srt,rdnwijz,aangadresh,dataanvadresh,identcodeadresseerbaarobject,identcodenraand,gem,nor,afgekortenor,gemdeel,huisnr,huisletter,huisnrtoevoeging,postcode,wplnaam,loctenopzichtevanadres,locoms,bladresregel1,bladresregel2,bladresregel3,bladresregel4,bladresregel5,bladresregel6,landgebied,indpersaangetroffenopadres,nadereaandverval) VALUES('10942','10013','19550602',null,'19550602','19920508','10965','10966',null,'1','2',null,'19550602',null,null,'991','Weerterbeekweg','Weerterbeekweg',null,'22',null,null,'6001VH',null,null,null,null,null,null,null,null,null,'229',null,null);
INSERT INTO kern.his_persadres (id,persadres,dataanvgel,dateindegel,tsreg,tsverval,actieinh,actieverval,actieaanpgel,srt,rdnwijz,aangadresh,dataanvadresh,identcodeadresseerbaarobject,identcodenraand,gem,nor,afgekortenor,gemdeel,huisnr,huisletter,huisnrtoevoeging,postcode,wplnaam,loctenopzichtevanadres,locoms,bladresregel1,bladresregel2,bladresregel3,bladresregel4,bladresregel5,bladresregel6,landgebied,indpersaangetroffenopadres,nadereaandverval) VALUES('10941','10014','19780611',null,'19780611',null,'10964',null,null,'1','2',null,'19780611',null,null,'347','Neude','Neude',null,'19',null,null,'3512AD','Smalle Ee',null,null,null,null,null,null,null,null,'229',null,null);
INSERT INTO kern.his_persadres (id,persadres,dataanvgel,dateindegel,tsreg,tsverval,actieinh,actieverval,actieaanpgel,srt,rdnwijz,aangadresh,dataanvadresh,identcodeadresseerbaarobject,identcodenraand,gem,nor,afgekortenor,gemdeel,huisnr,huisletter,huisnrtoevoeging,postcode,wplnaam,loctenopzichtevanadres,locoms,bladresregel1,bladresregel2,bladresregel3,bladresregel4,bladresregel5,bladresregel6,landgebied,indpersaangetroffenopadres,nadereaandverval) VALUES('10940','10015','20110425',null,'20110425',null,'10963',null,null,'1','1','3','20110425',null,null,'347','Vredenburg','Vredenburg',null,'3',null,null,'3511BA','Smalle Ee',null,null,null,null,null,null,null,null,'229',null,null);
INSERT INTO kern.his_persadres (id,persadres,dataanvgel,dateindegel,tsreg,tsverval,actieinh,actieverval,actieaanpgel,srt,rdnwijz,aangadresh,dataanvadresh,identcodeadresseerbaarobject,identcodenraand,gem,nor,afgekortenor,gemdeel,huisnr,huisletter,huisnrtoevoeging,postcode,wplnaam,loctenopzichtevanadres,locoms,bladresregel1,bladresregel2,bladresregel3,bladresregel4,bladresregel5,bladresregel6,landgebied,indpersaangetroffenopadres,nadereaandverval) VALUES('10939','10015','19880425','20110425','20110425',null,'10962',null,'10963','1','2',null,'19880425',null,null,'94','Franekervaart','Franekervaart',null,'22',null,null,'8602AA',null,null,null,null,null,null,null,null,null,'229',null,null);
INSERT INTO kern.his_persadres (id,persadres,dataanvgel,dateindegel,tsreg,tsverval,actieinh,actieverval,actieaanpgel,srt,rdnwijz,aangadresh,dataanvadresh,identcodeadresseerbaarobject,identcodenraand,gem,nor,afgekortenor,gemdeel,huisnr,huisletter,huisnrtoevoeging,postcode,wplnaam,loctenopzichtevanadres,locoms,bladresregel1,bladresregel2,bladresregel3,bladresregel4,bladresregel5,bladresregel6,landgebied,indpersaangetroffenopadres,nadereaandverval) VALUES('10938','10015','19880425',null,'19880425','20110425','10962','10963',null,'1','2',null,'19880425',null,null,'94','Franekervaart','Franekervaart',null,'22',null,null,'8602AA',null,null,null,null,null,null,null,null,null,'229',null,null);
INSERT INTO kern.his_persadres (id,persadres,dataanvgel,dateindegel,tsreg,tsverval,actieinh,actieverval,actieaanpgel,srt,rdnwijz,aangadresh,dataanvadresh,identcodeadresseerbaarobject,identcodenraand,gem,nor,afgekortenor,gemdeel,huisnr,huisletter,huisnrtoevoeging,postcode,wplnaam,loctenopzichtevanadres,locoms,bladresregel1,bladresregel2,bladresregel3,bladresregel4,bladresregel5,bladresregel6,landgebied,indpersaangetroffenopadres,nadereaandverval) VALUES('10937','10016','20100626',null,'20100626',null,'10961',null,null,'1','1','3','20100626',null,null,'347','Biltstraat','Biltstraat',null,'5',null,null,'3572AA','Smalle Ee',null,null,null,null,null,null,null,null,'229',null,null);
INSERT INTO kern.his_persadres (id,persadres,dataanvgel,dateindegel,tsreg,tsverval,actieinh,actieverval,actieaanpgel,srt,rdnwijz,aangadresh,dataanvadresh,identcodeadresseerbaarobject,identcodenraand,gem,nor,afgekortenor,gemdeel,huisnr,huisletter,huisnrtoevoeging,postcode,wplnaam,loctenopzichtevanadres,locoms,bladresregel1,bladresregel2,bladresregel3,bladresregel4,bladresregel5,bladresregel6,landgebied,indpersaangetroffenopadres,nadereaandverval) VALUES('10936','10016','19880425','20100626','20100626',null,'10960',null,'10961','1','1','3','19880425',null,null,'741','Raadhuisstraat','Raadhuisstraat',null,'1',null,null,'4266EB',null,null,null,null,null,null,null,null,null,'229',null,null);
INSERT INTO kern.his_persadres (id,persadres,dataanvgel,dateindegel,tsreg,tsverval,actieinh,actieverval,actieaanpgel,srt,rdnwijz,aangadresh,dataanvadresh,identcodeadresseerbaarobject,identcodenraand,gem,nor,afgekortenor,gemdeel,huisnr,huisletter,huisnrtoevoeging,postcode,wplnaam,loctenopzichtevanadres,locoms,bladresregel1,bladresregel2,bladresregel3,bladresregel4,bladresregel5,bladresregel6,landgebied,indpersaangetroffenopadres,nadereaandverval) VALUES('10935','10016','19880425',null,'19880425','20100626','10960','10961',null,'1','1','3','19880425',null,null,'741','Raadhuisstraat','Raadhuisstraat',null,'1',null,null,'4266EB',null,null,null,null,null,null,null,null,null,'229',null,null);
INSERT INTO kern.his_persadres (id,persadres,dataanvgel,dateindegel,tsreg,tsverval,actieinh,actieverval,actieaanpgel,srt,rdnwijz,aangadresh,dataanvadresh,identcodeadresseerbaarobject,identcodenraand,gem,nor,afgekortenor,gemdeel,huisnr,huisletter,huisnrtoevoeging,postcode,wplnaam,loctenopzichtevanadres,locoms,bladresregel1,bladresregel2,bladresregel3,bladresregel4,bladresregel5,bladresregel6,landgebied,indpersaangetroffenopadres,nadereaandverval) VALUES('10934','10016','18991210','19880425','19880425',null,'10959',null,'10960','1','2',null,'18991210',null,null,'521','Nieuwe Parklaan','Nieuwe Parklaan',null,'56',null,null,'2597LD',null,null,null,null,null,null,null,null,null,'229',null,null);
INSERT INTO kern.his_persadres (id,persadres,dataanvgel,dateindegel,tsreg,tsverval,actieinh,actieverval,actieaanpgel,srt,rdnwijz,aangadresh,dataanvadresh,identcodeadresseerbaarobject,identcodenraand,gem,nor,afgekortenor,gemdeel,huisnr,huisletter,huisnrtoevoeging,postcode,wplnaam,loctenopzichtevanadres,locoms,bladresregel1,bladresregel2,bladresregel3,bladresregel4,bladresregel5,bladresregel6,landgebied,indpersaangetroffenopadres,nadereaandverval) VALUES('10933','10016','18991210',null,'18991210','19880425','10959','10960',null,'1','2',null,'18991210',null,null,'521','Nieuwe Parklaan','Nieuwe Parklaan',null,'56',null,null,'2597LD',null,null,null,null,null,null,null,null,null,'229',null,null);
INSERT INTO kern.his_persadres (id,persadres,dataanvgel,dateindegel,tsreg,tsverval,actieinh,actieverval,actieaanpgel,srt,rdnwijz,aangadresh,dataanvadresh,identcodeadresseerbaarobject,identcodenraand,gem,nor,afgekortenor,gemdeel,huisnr,huisletter,huisnrtoevoeging,postcode,wplnaam,loctenopzichtevanadres,locoms,bladresregel1,bladresregel2,bladresregel3,bladresregel4,bladresregel5,bladresregel6,landgebied,indpersaangetroffenopadres,nadereaandverval) VALUES('10932','10017','20030327',null,'20030327',null,'10958',null,null,'1','1','3','20030327',null,null,'347','Biltstraat','Biltstraat',null,'152',null,null,'3572BM','Smalle Ee',null,null,null,null,null,null,null,null,'229',null,null);
INSERT INTO kern.his_persadres (id,persadres,dataanvgel,dateindegel,tsreg,tsverval,actieinh,actieverval,actieaanpgel,srt,rdnwijz,aangadresh,dataanvadresh,identcodeadresseerbaarobject,identcodenraand,gem,nor,afgekortenor,gemdeel,huisnr,huisletter,huisnrtoevoeging,postcode,wplnaam,loctenopzichtevanadres,locoms,bladresregel1,bladresregel2,bladresregel3,bladresregel4,bladresregel5,bladresregel6,landgebied,indpersaangetroffenopadres,nadereaandverval) VALUES('10931','10017','19820523','20030327','20030327',null,'10957',null,'10958','1','2',null,'19820523',null,null,'403','Anthonij Miechielsz van Voorthuijsenstraat','A M v Voorthuijsenstr',null,'66',null,null,'1785LG','Egmond-Binnen',null,null,null,null,null,null,null,null,'229',null,null);
INSERT INTO kern.his_persadres (id,persadres,dataanvgel,dateindegel,tsreg,tsverval,actieinh,actieverval,actieaanpgel,srt,rdnwijz,aangadresh,dataanvadresh,identcodeadresseerbaarobject,identcodenraand,gem,nor,afgekortenor,gemdeel,huisnr,huisletter,huisnrtoevoeging,postcode,wplnaam,loctenopzichtevanadres,locoms,bladresregel1,bladresregel2,bladresregel3,bladresregel4,bladresregel5,bladresregel6,landgebied,indpersaangetroffenopadres,nadereaandverval) VALUES('10930','10017','19820523',null,'19820523','20030327','10957','10958',null,'1','2',null,'19820523',null,null,'403','Anthonij Miechielsz van Voorthuijsenstraat','A M v Voorthuijsenstr',null,'66',null,null,'1785LG','Egmond-Binnen',null,null,null,null,null,null,null,null,'229',null,null);
INSERT INTO kern.his_persadres (id,persadres,dataanvgel,dateindegel,tsreg,tsverval,actieinh,actieverval,actieaanpgel,srt,rdnwijz,aangadresh,dataanvadresh,identcodeadresseerbaarobject,identcodenraand,gem,nor,afgekortenor,gemdeel,huisnr,huisletter,huisnrtoevoeging,postcode,wplnaam,loctenopzichtevanadres,locoms,bladresregel1,bladresregel2,bladresregel3,bladresregel4,bladresregel5,bladresregel6,landgebied,indpersaangetroffenopadres,nadereaandverval) VALUES('10929','10018','19911002',null,'19911002',null,'10956',null,null,'1','1','3','19911002',null,null,'347','Biltstraat','Biltstraat',null,'152',null,null,'3572BM','Smalle Ee',null,null,null,null,null,null,null,null,'229',null,null);
INSERT INTO kern.his_persadres (id,persadres,dataanvgel,dateindegel,tsreg,tsverval,actieinh,actieverval,actieaanpgel,srt,rdnwijz,aangadresh,dataanvadresh,identcodeadresseerbaarobject,identcodenraand,gem,nor,afgekortenor,gemdeel,huisnr,huisletter,huisnrtoevoeging,postcode,wplnaam,loctenopzichtevanadres,locoms,bladresregel1,bladresregel2,bladresregel3,bladresregel4,bladresregel5,bladresregel6,landgebied,indpersaangetroffenopadres,nadereaandverval) VALUES('10928','10018','19840411','19911002','19911002',null,'10955',null,'10956','1','2',null,'19840411',null,null,'508','Nieuwe Haven','Nieuwe Haven',null,'13',null,null,'3311AP','Alkmaar',null,null,null,null,null,null,null,null,'229',null,null);
INSERT INTO kern.his_persadres (id,persadres,dataanvgel,dateindegel,tsreg,tsverval,actieinh,actieverval,actieaanpgel,srt,rdnwijz,aangadresh,dataanvadresh,identcodeadresseerbaarobject,identcodenraand,gem,nor,afgekortenor,gemdeel,huisnr,huisletter,huisnrtoevoeging,postcode,wplnaam,loctenopzichtevanadres,locoms,bladresregel1,bladresregel2,bladresregel3,bladresregel4,bladresregel5,bladresregel6,landgebied,indpersaangetroffenopadres,nadereaandverval) VALUES('10927','10018','19840411',null,'19840411','19911002','10955','10956',null,'1','2',null,'19840411',null,null,'508','Nieuwe Haven','Nieuwe Haven',null,'13',null,null,'3311AP','Alkmaar',null,null,null,null,null,null,null,null,'229',null,null);
INSERT INTO kern.his_persadres (id,persadres,dataanvgel,dateindegel,tsreg,tsverval,actieinh,actieverval,actieaanpgel,srt,rdnwijz,aangadresh,dataanvadresh,identcodeadresseerbaarobject,identcodenraand,gem,nor,afgekortenor,gemdeel,huisnr,huisletter,huisnrtoevoeging,postcode,wplnaam,loctenopzichtevanadres,locoms,bladresregel1,bladresregel2,bladresregel3,bladresregel4,bladresregel5,bladresregel6,landgebied,indpersaangetroffenopadres,nadereaandverval) VALUES('10926','10019','19901111',null,'19901111',null,'10954',null,null,'1','1','3','19901111',null,null,'347','Biltstraat','Biltstraat',null,'172',null,null,'3572BP','Smalle Ee',null,null,null,null,null,null,null,null,'229',null,null);
INSERT INTO kern.his_persadres (id,persadres,dataanvgel,dateindegel,tsreg,tsverval,actieinh,actieverval,actieaanpgel,srt,rdnwijz,aangadresh,dataanvadresh,identcodeadresseerbaarobject,identcodenraand,gem,nor,afgekortenor,gemdeel,huisnr,huisletter,huisnrtoevoeging,postcode,wplnaam,loctenopzichtevanadres,locoms,bladresregel1,bladresregel2,bladresregel3,bladresregel4,bladresregel5,bladresregel6,landgebied,indpersaangetroffenopadres,nadereaandverval) VALUES('10925','10019','19741026','19901111','19901111',null,'10953',null,'10954','1','2',null,'19741026',null,null,'522','Marktplein','Marktplein',null,'18',null,null,'2691BV','Honselersdijk',null,null,null,null,null,null,null,null,'229',null,null);
INSERT INTO kern.his_persadres (id,persadres,dataanvgel,dateindegel,tsreg,tsverval,actieinh,actieverval,actieaanpgel,srt,rdnwijz,aangadresh,dataanvadresh,identcodeadresseerbaarobject,identcodenraand,gem,nor,afgekortenor,gemdeel,huisnr,huisletter,huisnrtoevoeging,postcode,wplnaam,loctenopzichtevanadres,locoms,bladresregel1,bladresregel2,bladresregel3,bladresregel4,bladresregel5,bladresregel6,landgebied,indpersaangetroffenopadres,nadereaandverval) VALUES('10924','10019','19741026',null,'19741026','19901111','10953','10954',null,'1','2',null,'19741026',null,null,'522','Marktplein','Marktplein',null,'18',null,null,'2691BV','Honselersdijk',null,null,null,null,null,null,null,null,'229',null,null);
INSERT INTO kern.his_persadres (id,persadres,dataanvgel,dateindegel,tsreg,tsverval,actieinh,actieverval,actieaanpgel,srt,rdnwijz,aangadresh,dataanvadresh,identcodeadresseerbaarobject,identcodenraand,gem,nor,afgekortenor,gemdeel,huisnr,huisletter,huisnrtoevoeging,postcode,wplnaam,loctenopzichtevanadres,locoms,bladresregel1,bladresregel2,bladresregel3,bladresregel4,bladresregel5,bladresregel6,landgebied,indpersaangetroffenopadres,nadereaandverval) VALUES('10923','10020','19820528',null,'19820528',null,'10952',null,null,'1','1','3','19820528',null,null,'347','Biltstraat','Biltstraat',null,'172',null,null,'3572BP','Smalle Ee',null,null,null,null,null,null,null,null,'229',null,null);
INSERT INTO kern.his_persadres (id,persadres,dataanvgel,dateindegel,tsreg,tsverval,actieinh,actieverval,actieaanpgel,srt,rdnwijz,aangadresh,dataanvadresh,identcodeadresseerbaarobject,identcodenraand,gem,nor,afgekortenor,gemdeel,huisnr,huisletter,huisnrtoevoeging,postcode,wplnaam,loctenopzichtevanadres,locoms,bladresregel1,bladresregel2,bladresregel3,bladresregel4,bladresregel5,bladresregel6,landgebied,indpersaangetroffenopadres,nadereaandverval) VALUES('10922','10020','19760103','19820528','19820528',null,'10951',null,'10952','1','2',null,'19760103',null,null,'403','Middenweg','Middenweg ',null,'159',null,null,'1782BE','Egmond-Binnen',null,null,null,null,null,null,null,null,'229',null,null);
INSERT INTO kern.his_persadres (id,persadres,dataanvgel,dateindegel,tsreg,tsverval,actieinh,actieverval,actieaanpgel,srt,rdnwijz,aangadresh,dataanvadresh,identcodeadresseerbaarobject,identcodenraand,gem,nor,afgekortenor,gemdeel,huisnr,huisletter,huisnrtoevoeging,postcode,wplnaam,loctenopzichtevanadres,locoms,bladresregel1,bladresregel2,bladresregel3,bladresregel4,bladresregel5,bladresregel6,landgebied,indpersaangetroffenopadres,nadereaandverval) VALUES('10921','10020','19760103',null,'19760103','19820528','10951','10952',null,'1','2',null,'19760103',null,null,'403','Middenweg','Middenweg ',null,'159',null,null,'1782BE','Egmond-Binnen',null,null,null,null,null,null,null,null,'229',null,null);
INSERT INTO kern.his_persadres (id,persadres,dataanvgel,dateindegel,tsreg,tsverval,actieinh,actieverval,actieaanpgel,srt,rdnwijz,aangadresh,dataanvadresh,identcodeadresseerbaarobject,identcodenraand,gem,nor,afgekortenor,gemdeel,huisnr,huisletter,huisnrtoevoeging,postcode,wplnaam,loctenopzichtevanadres,locoms,bladresregel1,bladresregel2,bladresregel3,bladresregel4,bladresregel5,bladresregel6,landgebied,indpersaangetroffenopadres,nadereaandverval) VALUES('10920','10021','20010328',null,'20010328',null,'10950',null,null,'1','1','3','20010328',null,null,'347','Vredenburg ','Vredenburg ',null,'81',null,null,'3511BD','Smalle Ee',null,null,null,null,null,null,null,null,'229',null,null);
INSERT INTO kern.his_persadres (id,persadres,dataanvgel,dateindegel,tsreg,tsverval,actieinh,actieverval,actieaanpgel,srt,rdnwijz,aangadresh,dataanvadresh,identcodeadresseerbaarobject,identcodenraand,gem,nor,afgekortenor,gemdeel,huisnr,huisletter,huisnrtoevoeging,postcode,wplnaam,loctenopzichtevanadres,locoms,bladresregel1,bladresregel2,bladresregel3,bladresregel4,bladresregel5,bladresregel6,landgebied,indpersaangetroffenopadres,nadereaandverval) VALUES('10919','10021','19920516','20010328','20010328',null,'10949',null,'10950','1','2',null,'19920516',null,null,'342','Molenstraat','Molenstraat',null,'27',null,null,'3927AB','Delft',null,null,null,null,null,null,null,null,'229',null,null);
INSERT INTO kern.his_persadres (id,persadres,dataanvgel,dateindegel,tsreg,tsverval,actieinh,actieverval,actieaanpgel,srt,rdnwijz,aangadresh,dataanvadresh,identcodeadresseerbaarobject,identcodenraand,gem,nor,afgekortenor,gemdeel,huisnr,huisletter,huisnrtoevoeging,postcode,wplnaam,loctenopzichtevanadres,locoms,bladresregel1,bladresregel2,bladresregel3,bladresregel4,bladresregel5,bladresregel6,landgebied,indpersaangetroffenopadres,nadereaandverval) VALUES('10918','10021','19920516',null,'19920516','20010328','10949','10950',null,'1','2',null,'19920516',null,null,'342','Molenstraat','Molenstraat',null,'27',null,null,'3927AB','Delft',null,null,null,null,null,null,null,null,'229',null,null);
INSERT INTO kern.his_persadres (id,persadres,dataanvgel,dateindegel,tsreg,tsverval,actieinh,actieverval,actieaanpgel,srt,rdnwijz,aangadresh,dataanvadresh,identcodeadresseerbaarobject,identcodenraand,gem,nor,afgekortenor,gemdeel,huisnr,huisletter,huisnrtoevoeging,postcode,wplnaam,loctenopzichtevanadres,locoms,bladresregel1,bladresregel2,bladresregel3,bladresregel4,bladresregel5,bladresregel6,landgebied,indpersaangetroffenopadres,nadereaandverval) VALUES('10917','10022','20101002',null,'20101002',null,'10948',null,null,'1','1','3','20101002',null,null,'347','Biltstraat','Biltstraat',null,'119',null,null,'3572AP','Smalle Ee',null,null,null,null,null,null,null,null,'229',null,null);
INSERT INTO kern.his_persadres (id,persadres,dataanvgel,dateindegel,tsreg,tsverval,actieinh,actieverval,actieaanpgel,srt,rdnwijz,aangadresh,dataanvadresh,identcodeadresseerbaarobject,identcodenraand,gem,nor,afgekortenor,gemdeel,huisnr,huisletter,huisnrtoevoeging,postcode,wplnaam,loctenopzichtevanadres,locoms,bladresregel1,bladresregel2,bladresregel3,bladresregel4,bladresregel5,bladresregel6,landgebied,indpersaangetroffenopadres,nadereaandverval) VALUES('10916','10022','19951110','20101002','20101002',null,'10947',null,'10948','1','2',null,'19951110',null,null,'508','Nieuwe Haven','Nieuwe Haven',null,'29',null,null,'3311AP','Alkmaar',null,null,null,null,null,null,null,null,'229',null,null);
INSERT INTO kern.his_persadres (id,persadres,dataanvgel,dateindegel,tsreg,tsverval,actieinh,actieverval,actieaanpgel,srt,rdnwijz,aangadresh,dataanvadresh,identcodeadresseerbaarobject,identcodenraand,gem,nor,afgekortenor,gemdeel,huisnr,huisletter,huisnrtoevoeging,postcode,wplnaam,loctenopzichtevanadres,locoms,bladresregel1,bladresregel2,bladresregel3,bladresregel4,bladresregel5,bladresregel6,landgebied,indpersaangetroffenopadres,nadereaandverval) VALUES('10915','10022','19951110',null,'19951110','20101002','10947','10948',null,'1','2',null,'19951110',null,null,'508','Nieuwe Haven','Nieuwe Haven',null,'29',null,null,'3311AP','Alkmaar',null,null,null,null,null,null,null,null,'229',null,null);
INSERT INTO kern.his_persadres (id,persadres,dataanvgel,dateindegel,tsreg,tsverval,actieinh,actieverval,actieaanpgel,srt,rdnwijz,aangadresh,dataanvadresh,identcodeadresseerbaarobject,identcodenraand,gem,nor,afgekortenor,gemdeel,huisnr,huisletter,huisnrtoevoeging,postcode,wplnaam,loctenopzichtevanadres,locoms,bladresregel1,bladresregel2,bladresregel3,bladresregel4,bladresregel5,bladresregel6,landgebied,indpersaangetroffenopadres,nadereaandverval) VALUES('10914','10023','19970605',null,'19970605',null,'10946',null,null,'1','1','3','19970605',null,null,'347','Vredenburg ','Vredenburg ',null,'83',null,null,'3511BD','Smalle Ee',null,null,null,null,null,null,null,null,'229',null,null);
INSERT INTO kern.his_persadres (id,persadres,dataanvgel,dateindegel,tsreg,tsverval,actieinh,actieverval,actieaanpgel,srt,rdnwijz,aangadresh,dataanvadresh,identcodeadresseerbaarobject,identcodenraand,gem,nor,afgekortenor,gemdeel,huisnr,huisletter,huisnrtoevoeging,postcode,wplnaam,loctenopzichtevanadres,locoms,bladresregel1,bladresregel2,bladresregel3,bladresregel4,bladresregel5,bladresregel6,landgebied,indpersaangetroffenopadres,nadereaandverval) VALUES('10913','10023','19680310','19970605','19970605',null,'10945',null,'10946','1','2',null,'19680310',null,null,'403','Anthonij Miechielsz van Voorthuijsenstraat','A M v Voorthuijsenstr',null,'66',null,null,'1785LG','Egmond-Binnen',null,null,null,null,null,null,null,null,'229',null,null);
INSERT INTO kern.his_persadres (id,persadres,dataanvgel,dateindegel,tsreg,tsverval,actieinh,actieverval,actieaanpgel,srt,rdnwijz,aangadresh,dataanvadresh,identcodeadresseerbaarobject,identcodenraand,gem,nor,afgekortenor,gemdeel,huisnr,huisletter,huisnrtoevoeging,postcode,wplnaam,loctenopzichtevanadres,locoms,bladresregel1,bladresregel2,bladresregel3,bladresregel4,bladresregel5,bladresregel6,landgebied,indpersaangetroffenopadres,nadereaandverval) VALUES('10912','10023','19680310',null,'19680310','19970605','10945','10946',null,'1','2',null,'19680310',null,null,'403','Anthonij Miechielsz van Voorthuijsenstraat','A M v Voorthuijsenstr',null,'66',null,null,'1785LG','Egmond-Binnen',null,null,null,null,null,null,null,null,'229',null,null);
INSERT INTO kern.his_persadres (id,persadres,dataanvgel,dateindegel,tsreg,tsverval,actieinh,actieverval,actieaanpgel,srt,rdnwijz,aangadresh,dataanvadresh,identcodeadresseerbaarobject,identcodenraand,gem,nor,afgekortenor,gemdeel,huisnr,huisletter,huisnrtoevoeging,postcode,wplnaam,loctenopzichtevanadres,locoms,bladresregel1,bladresregel2,bladresregel3,bladresregel4,bladresregel5,bladresregel6,landgebied,indpersaangetroffenopadres,nadereaandverval) VALUES('10911','10024','19790928',null,'19790928',null,'10944',null,null,'1','1','3','19790928',null,null,'347','Biltstraat','Biltstraat',null,'121',null,null,'3572AP','Smalle Ee',null,null,null,null,null,null,null,null,'229',null,null);
INSERT INTO kern.his_persadres (id,persadres,dataanvgel,dateindegel,tsreg,tsverval,actieinh,actieverval,actieaanpgel,srt,rdnwijz,aangadresh,dataanvadresh,identcodeadresseerbaarobject,identcodenraand,gem,nor,afgekortenor,gemdeel,huisnr,huisletter,huisnrtoevoeging,postcode,wplnaam,loctenopzichtevanadres,locoms,bladresregel1,bladresregel2,bladresregel3,bladresregel4,bladresregel5,bladresregel6,landgebied,indpersaangetroffenopadres,nadereaandverval) VALUES('10910','10024','19770401','19790928','19790928',null,'10943',null,'10944','1','2',null,'19770401',null,null,'366','Bonairestraat','Bonairestraat',null,'23',null,null,'1058XC','Amsterdam',null,null,null,null,null,null,null,null,'229',null,null);
INSERT INTO kern.his_persadres (id,persadres,dataanvgel,dateindegel,tsreg,tsverval,actieinh,actieverval,actieaanpgel,srt,rdnwijz,aangadresh,dataanvadresh,identcodeadresseerbaarobject,identcodenraand,gem,nor,afgekortenor,gemdeel,huisnr,huisletter,huisnrtoevoeging,postcode,wplnaam,loctenopzichtevanadres,locoms,bladresregel1,bladresregel2,bladresregel3,bladresregel4,bladresregel5,bladresregel6,landgebied,indpersaangetroffenopadres,nadereaandverval) VALUES('10909','10024','19770401',null,'19770401','19790928','10943','10944',null,'1','2',null,'19770401',null,null,'366','Bonairestraat','Bonairestraat',null,'23',null,null,'1058XC','Amsterdam',null,null,null,null,null,null,null,null,'229',null,null);
INSERT INTO kern.his_persadres (id,persadres,dataanvgel,dateindegel,tsreg,tsverval,actieinh,actieverval,actieaanpgel,srt,rdnwijz,aangadresh,dataanvadresh,identcodeadresseerbaarobject,identcodenraand,gem,nor,afgekortenor,gemdeel,huisnr,huisletter,huisnrtoevoeging,postcode,wplnaam,loctenopzichtevanadres,locoms,bladresregel1,bladresregel2,bladresregel3,bladresregel4,bladresregel5,bladresregel6,landgebied,indpersaangetroffenopadres,nadereaandverval) VALUES('10908','10025','19950929',null,'19950929',null,'10942',null,null,'1','1','3','19950929',null,null,'347','Vredenburg ','Vredenburg ',null,'42',null,null,'3511BD','Smalle Ee',null,null,null,null,null,null,null,null,'229',null,null);
INSERT INTO kern.his_persadres (id,persadres,dataanvgel,dateindegel,tsreg,tsverval,actieinh,actieverval,actieaanpgel,srt,rdnwijz,aangadresh,dataanvadresh,identcodeadresseerbaarobject,identcodenraand,gem,nor,afgekortenor,gemdeel,huisnr,huisletter,huisnrtoevoeging,postcode,wplnaam,loctenopzichtevanadres,locoms,bladresregel1,bladresregel2,bladresregel3,bladresregel4,bladresregel5,bladresregel6,landgebied,indpersaangetroffenopadres,nadereaandverval) VALUES('10907','10025','19880611','19950929','19950929',null,'10941',null,'10942','1','2',null,'19880611',null,null,'366','Bonairestraat','Bonairestraat',null,'37',null,null,'1058XC','Amsterdam',null,null,null,null,null,null,null,null,'229',null,null);
INSERT INTO kern.his_persadres (id,persadres,dataanvgel,dateindegel,tsreg,tsverval,actieinh,actieverval,actieaanpgel,srt,rdnwijz,aangadresh,dataanvadresh,identcodeadresseerbaarobject,identcodenraand,gem,nor,afgekortenor,gemdeel,huisnr,huisletter,huisnrtoevoeging,postcode,wplnaam,loctenopzichtevanadres,locoms,bladresregel1,bladresregel2,bladresregel3,bladresregel4,bladresregel5,bladresregel6,landgebied,indpersaangetroffenopadres,nadereaandverval) VALUES('10906','10025','19880611',null,'19880611','19950929','10941','10942',null,'1','2',null,'19880611',null,null,'366','Bonairestraat','Bonairestraat',null,'37',null,null,'1058XC','Amsterdam',null,null,null,null,null,null,null,null,'229',null,null);
INSERT INTO kern.his_persadres (id,persadres,dataanvgel,dateindegel,tsreg,tsverval,actieinh,actieverval,actieaanpgel,srt,rdnwijz,aangadresh,dataanvadresh,identcodeadresseerbaarobject,identcodenraand,gem,nor,afgekortenor,gemdeel,huisnr,huisletter,huisnrtoevoeging,postcode,wplnaam,loctenopzichtevanadres,locoms,bladresregel1,bladresregel2,bladresregel3,bladresregel4,bladresregel5,bladresregel6,landgebied,indpersaangetroffenopadres,nadereaandverval) VALUES('10905','10026','20000101',null,'20000101',null,'10940',null,null,'1','1','3','20000101',null,null,'347','Biltstraat','Biltstraat',null,'115',null,null,'3572AP','Smalle Ee',null,null,null,null,null,null,null,null,'229',null,null);
INSERT INTO kern.his_persadres (id,persadres,dataanvgel,dateindegel,tsreg,tsverval,actieinh,actieverval,actieaanpgel,srt,rdnwijz,aangadresh,dataanvadresh,identcodeadresseerbaarobject,identcodenraand,gem,nor,afgekortenor,gemdeel,huisnr,huisletter,huisnrtoevoeging,postcode,wplnaam,loctenopzichtevanadres,locoms,bladresregel1,bladresregel2,bladresregel3,bladresregel4,bladresregel5,bladresregel6,landgebied,indpersaangetroffenopadres,nadereaandverval) VALUES('10904','10026','19910721','20000101','20000101',null,'10939',null,'10940','1','2',null,'19910721',null,null,'506','Markt','Markt',null,'80',null,null,'2611GW','Scherpenzeel',null,null,null,null,null,null,null,null,'229',null,null);
INSERT INTO kern.his_persadres (id,persadres,dataanvgel,dateindegel,tsreg,tsverval,actieinh,actieverval,actieaanpgel,srt,rdnwijz,aangadresh,dataanvadresh,identcodeadresseerbaarobject,identcodenraand,gem,nor,afgekortenor,gemdeel,huisnr,huisletter,huisnrtoevoeging,postcode,wplnaam,loctenopzichtevanadres,locoms,bladresregel1,bladresregel2,bladresregel3,bladresregel4,bladresregel5,bladresregel6,landgebied,indpersaangetroffenopadres,nadereaandverval) VALUES('10903','10026','19910721',null,'19910721','20000101','10939','10940',null,'1','2',null,'19910721',null,null,'506','Markt','Markt',null,'80',null,null,'2611GW','Scherpenzeel',null,null,null,null,null,null,null,null,'229',null,null);
INSERT INTO kern.his_persadres (id,persadres,dataanvgel,dateindegel,tsreg,tsverval,actieinh,actieverval,actieaanpgel,srt,rdnwijz,aangadresh,dataanvadresh,identcodeadresseerbaarobject,identcodenraand,gem,nor,afgekortenor,gemdeel,huisnr,huisletter,huisnrtoevoeging,postcode,wplnaam,loctenopzichtevanadres,locoms,bladresregel1,bladresregel2,bladresregel3,bladresregel4,bladresregel5,bladresregel6,landgebied,indpersaangetroffenopadres,nadereaandverval) VALUES('10902','10027','20031024',null,'20031024',null,'10938',null,null,'1','1','3','20031024',null,null,'347','Biltstraat','Biltstraat',null,'117',null,null,'3572AP','Smalle Ee',null,null,null,null,null,null,null,null,'229',null,null);
INSERT INTO kern.his_persadres (id,persadres,dataanvgel,dateindegel,tsreg,tsverval,actieinh,actieverval,actieaanpgel,srt,rdnwijz,aangadresh,dataanvadresh,identcodeadresseerbaarobject,identcodenraand,gem,nor,afgekortenor,gemdeel,huisnr,huisletter,huisnrtoevoeging,postcode,wplnaam,loctenopzichtevanadres,locoms,bladresregel1,bladresregel2,bladresregel3,bladresregel4,bladresregel5,bladresregel6,landgebied,indpersaangetroffenopadres,nadereaandverval) VALUES('10901','10027','19910911','20031024','20031024',null,'10937',null,'10938','1','2',null,'19910911',null,null,'1415','Rafaëlweg','Rafaëlweg',null,'8',null,null,'6114BZ','Koningsbosch',null,null,null,null,null,null,null,null,'229',null,null);
INSERT INTO kern.his_persadres (id,persadres,dataanvgel,dateindegel,tsreg,tsverval,actieinh,actieverval,actieaanpgel,srt,rdnwijz,aangadresh,dataanvadresh,identcodeadresseerbaarobject,identcodenraand,gem,nor,afgekortenor,gemdeel,huisnr,huisletter,huisnrtoevoeging,postcode,wplnaam,loctenopzichtevanadres,locoms,bladresregel1,bladresregel2,bladresregel3,bladresregel4,bladresregel5,bladresregel6,landgebied,indpersaangetroffenopadres,nadereaandverval) VALUES('10900','10027','19910911',null,'19910911','20031024','10937','10938',null,'1','2',null,'19910911',null,null,'1415','Rafaëlweg','Rafaëlweg',null,'8',null,null,'6114BZ','Koningsbosch',null,null,null,null,null,null,null,null,'229',null,null);
INSERT INTO kern.his_persadres (id,persadres,dataanvgel,dateindegel,tsreg,tsverval,actieinh,actieverval,actieaanpgel,srt,rdnwijz,aangadresh,dataanvadresh,identcodeadresseerbaarobject,identcodenraand,gem,nor,afgekortenor,gemdeel,huisnr,huisletter,huisnrtoevoeging,postcode,wplnaam,loctenopzichtevanadres,locoms,bladresregel1,bladresregel2,bladresregel3,bladresregel4,bladresregel5,bladresregel6,landgebied,indpersaangetroffenopadres,nadereaandverval) VALUES('10899','10028','19990616',null,'19990616',null,'10936',null,null,'1','1','3','19990616',null,null,'347','Biltstraat','Biltstraat',null,'117',null,null,'3572AP','Smalle Ee',null,null,null,null,null,null,null,null,'229',null,null);
INSERT INTO kern.his_persadres (id,persadres,dataanvgel,dateindegel,tsreg,tsverval,actieinh,actieverval,actieaanpgel,srt,rdnwijz,aangadresh,dataanvadresh,identcodeadresseerbaarobject,identcodenraand,gem,nor,afgekortenor,gemdeel,huisnr,huisletter,huisnrtoevoeging,postcode,wplnaam,loctenopzichtevanadres,locoms,bladresregel1,bladresregel2,bladresregel3,bladresregel4,bladresregel5,bladresregel6,landgebied,indpersaangetroffenopadres,nadereaandverval) VALUES('10898','10028','19900722','19990616','19990616',null,'10935',null,'10936','1','2',null,'19900722',null,null,'977','Marktstraat ','Marktstraat',null,'16',null,null,'6114HS','Koningsbosch',null,null,null,null,null,null,null,null,'229',null,null);
INSERT INTO kern.his_persadres (id,persadres,dataanvgel,dateindegel,tsreg,tsverval,actieinh,actieverval,actieaanpgel,srt,rdnwijz,aangadresh,dataanvadresh,identcodeadresseerbaarobject,identcodenraand,gem,nor,afgekortenor,gemdeel,huisnr,huisletter,huisnrtoevoeging,postcode,wplnaam,loctenopzichtevanadres,locoms,bladresregel1,bladresregel2,bladresregel3,bladresregel4,bladresregel5,bladresregel6,landgebied,indpersaangetroffenopadres,nadereaandverval) VALUES('10897','10028','19900722',null,'19900722','19990616','10935','10936',null,'1','2',null,'19900722',null,null,'977','Marktstraat ','Marktstraat',null,'16',null,null,'6114HS','Koningsbosch',null,null,null,null,null,null,null,null,'229',null,null);
INSERT INTO kern.his_persadres (id,persadres,dataanvgel,dateindegel,tsreg,tsverval,actieinh,actieverval,actieaanpgel,srt,rdnwijz,aangadresh,dataanvadresh,identcodeadresseerbaarobject,identcodenraand,gem,nor,afgekortenor,gemdeel,huisnr,huisletter,huisnrtoevoeging,postcode,wplnaam,loctenopzichtevanadres,locoms,bladresregel1,bladresregel2,bladresregel3,bladresregel4,bladresregel5,bladresregel6,landgebied,indpersaangetroffenopadres,nadereaandverval) VALUES('10896','10030','20120620',null,'20120620',null,'10934',null,null,'1','1','3','20120620',null,null,'347','Biltstraat','Biltstraat',null,'95',null,null,'3572AL','Smalle Ee',null,null,null,null,null,null,null,null,'229',null,null);
INSERT INTO kern.his_persadres (id,persadres,dataanvgel,dateindegel,tsreg,tsverval,actieinh,actieverval,actieaanpgel,srt,rdnwijz,aangadresh,dataanvadresh,identcodeadresseerbaarobject,identcodenraand,gem,nor,afgekortenor,gemdeel,huisnr,huisletter,huisnrtoevoeging,postcode,wplnaam,loctenopzichtevanadres,locoms,bladresregel1,bladresregel2,bladresregel3,bladresregel4,bladresregel5,bladresregel6,landgebied,indpersaangetroffenopadres,nadereaandverval) VALUES('10895','10030','20091201','20120620','20120620',null,'10933',null,'10934','1','1','3','20091201',null,null,'347','Neude','Neude',null,'30',null,null,'3512AG','Smalle Ee',null,null,null,null,null,null,null,null,'229',null,null);
INSERT INTO kern.his_persadres (id,persadres,dataanvgel,dateindegel,tsreg,tsverval,actieinh,actieverval,actieaanpgel,srt,rdnwijz,aangadresh,dataanvadresh,identcodeadresseerbaarobject,identcodenraand,gem,nor,afgekortenor,gemdeel,huisnr,huisletter,huisnrtoevoeging,postcode,wplnaam,loctenopzichtevanadres,locoms,bladresregel1,bladresregel2,bladresregel3,bladresregel4,bladresregel5,bladresregel6,landgebied,indpersaangetroffenopadres,nadereaandverval) VALUES('10894','10030','20091201',null,'20091201','20120620','10933','10934',null,'1','1','3','20091201',null,null,'347','Neude','Neude',null,'30',null,null,'3512AG','Smalle Ee',null,null,null,null,null,null,null,null,'229',null,null);
INSERT INTO kern.his_persadres (id,persadres,dataanvgel,dateindegel,tsreg,tsverval,actieinh,actieverval,actieaanpgel,srt,rdnwijz,aangadresh,dataanvadresh,identcodeadresseerbaarobject,identcodenraand,gem,nor,afgekortenor,gemdeel,huisnr,huisletter,huisnrtoevoeging,postcode,wplnaam,loctenopzichtevanadres,locoms,bladresregel1,bladresregel2,bladresregel3,bladresregel4,bladresregel5,bladresregel6,landgebied,indpersaangetroffenopadres,nadereaandverval) VALUES('10893','10030','20060201','20091201','20091201',null,'10932',null,'10933','1','1','3','20060201',null,null,'347','Vredenburg ','Vredenburg ',null,'112',null,null,'3511BE','Smalle Ee',null,null,null,null,null,null,null,null,'229',null,null);
INSERT INTO kern.his_persadres (id,persadres,dataanvgel,dateindegel,tsreg,tsverval,actieinh,actieverval,actieaanpgel,srt,rdnwijz,aangadresh,dataanvadresh,identcodeadresseerbaarobject,identcodenraand,gem,nor,afgekortenor,gemdeel,huisnr,huisletter,huisnrtoevoeging,postcode,wplnaam,loctenopzichtevanadres,locoms,bladresregel1,bladresregel2,bladresregel3,bladresregel4,bladresregel5,bladresregel6,landgebied,indpersaangetroffenopadres,nadereaandverval) VALUES('10892','10030','20060201',null,'20060201','20091201','10932','10933',null,'1','1','3','20060201',null,null,'347','Vredenburg ','Vredenburg ',null,'112',null,null,'3511BE','Smalle Ee',null,null,null,null,null,null,null,null,'229',null,null);
INSERT INTO kern.his_persadres (id,persadres,dataanvgel,dateindegel,tsreg,tsverval,actieinh,actieverval,actieaanpgel,srt,rdnwijz,aangadresh,dataanvadresh,identcodeadresseerbaarobject,identcodenraand,gem,nor,afgekortenor,gemdeel,huisnr,huisletter,huisnrtoevoeging,postcode,wplnaam,loctenopzichtevanadres,locoms,bladresregel1,bladresregel2,bladresregel3,bladresregel4,bladresregel5,bladresregel6,landgebied,indpersaangetroffenopadres,nadereaandverval) VALUES('10891','10030','19220419','20060201','20060201',null,'10931',null,'10932','1','2',null,'19220419',null,null,'1239','Zuidweg','Zuidweg',null,'8',null,null,'4316AA','Ouwerkerk',null,null,null,null,null,null,null,null,'229',null,null);
INSERT INTO kern.his_persadres (id,persadres,dataanvgel,dateindegel,tsreg,tsverval,actieinh,actieverval,actieaanpgel,srt,rdnwijz,aangadresh,dataanvadresh,identcodeadresseerbaarobject,identcodenraand,gem,nor,afgekortenor,gemdeel,huisnr,huisletter,huisnrtoevoeging,postcode,wplnaam,loctenopzichtevanadres,locoms,bladresregel1,bladresregel2,bladresregel3,bladresregel4,bladresregel5,bladresregel6,landgebied,indpersaangetroffenopadres,nadereaandverval) VALUES('10890','10030','19220419',null,'19220419','20060201','10931','10932',null,'1','2',null,'19220419',null,null,'1239','Zuidweg','Zuidweg',null,'8',null,null,'4316AA','Ouwerkerk',null,null,null,null,null,null,null,null,'229',null,null);
INSERT INTO kern.his_persadres (id,persadres,dataanvgel,dateindegel,tsreg,tsverval,actieinh,actieverval,actieaanpgel,srt,rdnwijz,aangadresh,dataanvadresh,identcodeadresseerbaarobject,identcodenraand,gem,nor,afgekortenor,gemdeel,huisnr,huisletter,huisnrtoevoeging,postcode,wplnaam,loctenopzichtevanadres,locoms,bladresregel1,bladresregel2,bladresregel3,bladresregel4,bladresregel5,bladresregel6,landgebied,indpersaangetroffenopadres,nadereaandverval) VALUES('10889','10031','20120306',null,'20120306',null,'10930',null,null,'1','1','3','20120306',null,null,'347','Vredenburg ','Vredenburg ',null,'114',null,null,'3511BE','Smalle Ee',null,null,null,null,null,null,null,null,'229',null,null);
INSERT INTO kern.his_persadres (id,persadres,dataanvgel,dateindegel,tsreg,tsverval,actieinh,actieverval,actieaanpgel,srt,rdnwijz,aangadresh,dataanvadresh,identcodeadresseerbaarobject,identcodenraand,gem,nor,afgekortenor,gemdeel,huisnr,huisletter,huisnrtoevoeging,postcode,wplnaam,loctenopzichtevanadres,locoms,bladresregel1,bladresregel2,bladresregel3,bladresregel4,bladresregel5,bladresregel6,landgebied,indpersaangetroffenopadres,nadereaandverval) VALUES('10888','10031','20010926','20120306','20120306',null,'10929',null,'10930','1','1','3','20010926',null,null,'347','Biltstraat','Biltstraat',null,'97',null,null,'3572AM','Smalle Ee',null,null,null,null,null,null,null,null,'229',null,null);
INSERT INTO kern.his_persadres (id,persadres,dataanvgel,dateindegel,tsreg,tsverval,actieinh,actieverval,actieaanpgel,srt,rdnwijz,aangadresh,dataanvadresh,identcodeadresseerbaarobject,identcodenraand,gem,nor,afgekortenor,gemdeel,huisnr,huisletter,huisnrtoevoeging,postcode,wplnaam,loctenopzichtevanadres,locoms,bladresregel1,bladresregel2,bladresregel3,bladresregel4,bladresregel5,bladresregel6,landgebied,indpersaangetroffenopadres,nadereaandverval) VALUES('10887','10031','20010926',null,'20010926','20120306','10929','10930',null,'1','1','3','20010926',null,null,'347','Biltstraat','Biltstraat',null,'97',null,null,'3572AM','Smalle Ee',null,null,null,null,null,null,null,null,'229',null,null);
INSERT INTO kern.his_persadres (id,persadres,dataanvgel,dateindegel,tsreg,tsverval,actieinh,actieverval,actieaanpgel,srt,rdnwijz,aangadresh,dataanvadresh,identcodeadresseerbaarobject,identcodenraand,gem,nor,afgekortenor,gemdeel,huisnr,huisletter,huisnrtoevoeging,postcode,wplnaam,loctenopzichtevanadres,locoms,bladresregel1,bladresregel2,bladresregel3,bladresregel4,bladresregel5,bladresregel6,landgebied,indpersaangetroffenopadres,nadereaandverval) VALUES('10886','10031','20000827','20010926','20010926',null,'10928',null,'10929','1','1','3','20000827',null,null,'347','Neude','Neude',null,'32',null,null,'3512AG','Smalle Ee',null,null,null,null,null,null,null,null,'229',null,null);
INSERT INTO kern.his_persadres (id,persadres,dataanvgel,dateindegel,tsreg,tsverval,actieinh,actieverval,actieaanpgel,srt,rdnwijz,aangadresh,dataanvadresh,identcodeadresseerbaarobject,identcodenraand,gem,nor,afgekortenor,gemdeel,huisnr,huisletter,huisnrtoevoeging,postcode,wplnaam,loctenopzichtevanadres,locoms,bladresregel1,bladresregel2,bladresregel3,bladresregel4,bladresregel5,bladresregel6,landgebied,indpersaangetroffenopadres,nadereaandverval) VALUES('10885','10031','20000827',null,'20000827','20010926','10928','10929',null,'1','1','3','20000827',null,null,'347','Neude','Neude',null,'32',null,null,'3512AG','Smalle Ee',null,null,null,null,null,null,null,null,'229',null,null);
INSERT INTO kern.his_persadres (id,persadres,dataanvgel,dateindegel,tsreg,tsverval,actieinh,actieverval,actieaanpgel,srt,rdnwijz,aangadresh,dataanvadresh,identcodeadresseerbaarobject,identcodenraand,gem,nor,afgekortenor,gemdeel,huisnr,huisletter,huisnrtoevoeging,postcode,wplnaam,loctenopzichtevanadres,locoms,bladresregel1,bladresregel2,bladresregel3,bladresregel4,bladresregel5,bladresregel6,landgebied,indpersaangetroffenopadres,nadereaandverval) VALUES('10884','10031','19920219','20000827','20000827',null,'10927',null,'10928','1','2',null,'19920219',null,null,'977','Marktstraat ','Marktstraat',null,'16',null,null,'6114HS','Koningsbosch',null,null,null,null,null,null,null,null,'229',null,null);
INSERT INTO kern.his_persadres (id,persadres,dataanvgel,dateindegel,tsreg,tsverval,actieinh,actieverval,actieaanpgel,srt,rdnwijz,aangadresh,dataanvadresh,identcodeadresseerbaarobject,identcodenraand,gem,nor,afgekortenor,gemdeel,huisnr,huisletter,huisnrtoevoeging,postcode,wplnaam,loctenopzichtevanadres,locoms,bladresregel1,bladresregel2,bladresregel3,bladresregel4,bladresregel5,bladresregel6,landgebied,indpersaangetroffenopadres,nadereaandverval) VALUES('10883','10031','19920219',null,'19920219','20000827','10927','10928',null,'1','2',null,'19920219',null,null,'977','Marktstraat ','Marktstraat',null,'16',null,null,'6114HS','Koningsbosch',null,null,null,null,null,null,null,null,'229',null,null);
INSERT INTO kern.his_persadres (id,persadres,dataanvgel,dateindegel,tsreg,tsverval,actieinh,actieverval,actieaanpgel,srt,rdnwijz,aangadresh,dataanvadresh,identcodeadresseerbaarobject,identcodenraand,gem,nor,afgekortenor,gemdeel,huisnr,huisletter,huisnrtoevoeging,postcode,wplnaam,loctenopzichtevanadres,locoms,bladresregel1,bladresregel2,bladresregel3,bladresregel4,bladresregel5,bladresregel6,landgebied,indpersaangetroffenopadres,nadereaandverval) VALUES('10882','10032','20120621',null,'20120621',null,'10926',null,null,'1','1','3','20120621',null,null,'347','Neude','Neude',null,'34',null,null,'3512AG','Smalle Ee',null,null,null,null,null,null,null,null,'229',null,null);
INSERT INTO kern.his_persadres (id,persadres,dataanvgel,dateindegel,tsreg,tsverval,actieinh,actieverval,actieaanpgel,srt,rdnwijz,aangadresh,dataanvadresh,identcodeadresseerbaarobject,identcodenraand,gem,nor,afgekortenor,gemdeel,huisnr,huisletter,huisnrtoevoeging,postcode,wplnaam,loctenopzichtevanadres,locoms,bladresregel1,bladresregel2,bladresregel3,bladresregel4,bladresregel5,bladresregel6,landgebied,indpersaangetroffenopadres,nadereaandverval) VALUES('10881','10032','20010301','20120621','20120621',null,'10925',null,'10926','1','1','3','20010301',null,null,'347','Vredenburg ','Vredenburg ',null,'116',null,null,'3511BE','Smalle Ee',null,null,null,null,null,null,null,null,'229',null,null);
INSERT INTO kern.his_persadres (id,persadres,dataanvgel,dateindegel,tsreg,tsverval,actieinh,actieverval,actieaanpgel,srt,rdnwijz,aangadresh,dataanvadresh,identcodeadresseerbaarobject,identcodenraand,gem,nor,afgekortenor,gemdeel,huisnr,huisletter,huisnrtoevoeging,postcode,wplnaam,loctenopzichtevanadres,locoms,bladresregel1,bladresregel2,bladresregel3,bladresregel4,bladresregel5,bladresregel6,landgebied,indpersaangetroffenopadres,nadereaandverval) VALUES('10880','10032','20010301',null,'20010301','20120621','10925','10926',null,'1','1','3','20010301',null,null,'347','Vredenburg ','Vredenburg ',null,'116',null,null,'3511BE','Smalle Ee',null,null,null,null,null,null,null,null,'229',null,null);
INSERT INTO kern.his_persadres (id,persadres,dataanvgel,dateindegel,tsreg,tsverval,actieinh,actieverval,actieaanpgel,srt,rdnwijz,aangadresh,dataanvadresh,identcodeadresseerbaarobject,identcodenraand,gem,nor,afgekortenor,gemdeel,huisnr,huisletter,huisnrtoevoeging,postcode,wplnaam,loctenopzichtevanadres,locoms,bladresregel1,bladresregel2,bladresregel3,bladresregel4,bladresregel5,bladresregel6,landgebied,indpersaangetroffenopadres,nadereaandverval) VALUES('10879','10032','19670601','20010301','20010301',null,'10924',null,'10925','1','1','3','19670601',null,null,'347','Biltstraat','Biltstraat',null,'99',null,null,'3572AM','Smalle Ee',null,null,null,null,null,null,null,null,'229',null,null);
INSERT INTO kern.his_persadres (id,persadres,dataanvgel,dateindegel,tsreg,tsverval,actieinh,actieverval,actieaanpgel,srt,rdnwijz,aangadresh,dataanvadresh,identcodeadresseerbaarobject,identcodenraand,gem,nor,afgekortenor,gemdeel,huisnr,huisletter,huisnrtoevoeging,postcode,wplnaam,loctenopzichtevanadres,locoms,bladresregel1,bladresregel2,bladresregel3,bladresregel4,bladresregel5,bladresregel6,landgebied,indpersaangetroffenopadres,nadereaandverval) VALUES('10878','10032','19670601',null,'19670601','20010301','10924','10925',null,'1','1','3','19670601',null,null,'347','Biltstraat','Biltstraat',null,'99',null,null,'3572AM','Smalle Ee',null,null,null,null,null,null,null,null,'229',null,null);
INSERT INTO kern.his_persadres (id,persadres,dataanvgel,dateindegel,tsreg,tsverval,actieinh,actieverval,actieaanpgel,srt,rdnwijz,aangadresh,dataanvadresh,identcodeadresseerbaarobject,identcodenraand,gem,nor,afgekortenor,gemdeel,huisnr,huisletter,huisnrtoevoeging,postcode,wplnaam,loctenopzichtevanadres,locoms,bladresregel1,bladresregel2,bladresregel3,bladresregel4,bladresregel5,bladresregel6,landgebied,indpersaangetroffenopadres,nadereaandverval) VALUES('10877','10032','19510923','19670601','19670601',null,'10923',null,'10924','1','2',null,'19510923',null,null,'522','Marktplein','Marktplein',null,'18',null,null,'2691BV','Honselersdijk',null,null,null,null,null,null,null,null,'229',null,null);
INSERT INTO kern.his_persadres (id,persadres,dataanvgel,dateindegel,tsreg,tsverval,actieinh,actieverval,actieaanpgel,srt,rdnwijz,aangadresh,dataanvadresh,identcodeadresseerbaarobject,identcodenraand,gem,nor,afgekortenor,gemdeel,huisnr,huisletter,huisnrtoevoeging,postcode,wplnaam,loctenopzichtevanadres,locoms,bladresregel1,bladresregel2,bladresregel3,bladresregel4,bladresregel5,bladresregel6,landgebied,indpersaangetroffenopadres,nadereaandverval) VALUES('10876','10032','19510923',null,'19510923','19670601','10923','10924',null,'1','2',null,'19510923',null,null,'522','Marktplein','Marktplein',null,'18',null,null,'2691BV','Honselersdijk',null,null,null,null,null,null,null,null,'229',null,null);
INSERT INTO kern.his_persadres (id,persadres,dataanvgel,dateindegel,tsreg,tsverval,actieinh,actieverval,actieaanpgel,srt,rdnwijz,aangadresh,dataanvadresh,identcodeadresseerbaarobject,identcodenraand,gem,nor,afgekortenor,gemdeel,huisnr,huisletter,huisnrtoevoeging,postcode,wplnaam,loctenopzichtevanadres,locoms,bladresregel1,bladresregel2,bladresregel3,bladresregel4,bladresregel5,bladresregel6,landgebied,indpersaangetroffenopadres,nadereaandverval) VALUES('10875','10033','20120621',null,'20120621',null,'10922',null,null,'1','1','3','20120621',null,null,'347','Neude','Neude',null,'34',null,null,'3512AG','Smalle Ee',null,null,null,null,null,null,null,null,'229',null,null);
INSERT INTO kern.his_persadres (id,persadres,dataanvgel,dateindegel,tsreg,tsverval,actieinh,actieverval,actieaanpgel,srt,rdnwijz,aangadresh,dataanvadresh,identcodeadresseerbaarobject,identcodenraand,gem,nor,afgekortenor,gemdeel,huisnr,huisletter,huisnrtoevoeging,postcode,wplnaam,loctenopzichtevanadres,locoms,bladresregel1,bladresregel2,bladresregel3,bladresregel4,bladresregel5,bladresregel6,landgebied,indpersaangetroffenopadres,nadereaandverval) VALUES('10874','10033','20010301','20120621','20120621',null,'10921',null,'10922','1','1','3','20010301',null,null,'347','Vredenburg ','Vredenburg ',null,'116',null,null,'3511BE','Smalle Ee',null,null,null,null,null,null,null,null,'229',null,null);
INSERT INTO kern.his_persadres (id,persadres,dataanvgel,dateindegel,tsreg,tsverval,actieinh,actieverval,actieaanpgel,srt,rdnwijz,aangadresh,dataanvadresh,identcodeadresseerbaarobject,identcodenraand,gem,nor,afgekortenor,gemdeel,huisnr,huisletter,huisnrtoevoeging,postcode,wplnaam,loctenopzichtevanadres,locoms,bladresregel1,bladresregel2,bladresregel3,bladresregel4,bladresregel5,bladresregel6,landgebied,indpersaangetroffenopadres,nadereaandverval) VALUES('10873','10033','20010301',null,'20010301','20120621','10921','10922',null,'1','1','3','20010301',null,null,'347','Vredenburg ','Vredenburg ',null,'116',null,null,'3511BE','Smalle Ee',null,null,null,null,null,null,null,null,'229',null,null);
INSERT INTO kern.his_persadres (id,persadres,dataanvgel,dateindegel,tsreg,tsverval,actieinh,actieverval,actieaanpgel,srt,rdnwijz,aangadresh,dataanvadresh,identcodeadresseerbaarobject,identcodenraand,gem,nor,afgekortenor,gemdeel,huisnr,huisletter,huisnrtoevoeging,postcode,wplnaam,loctenopzichtevanadres,locoms,bladresregel1,bladresregel2,bladresregel3,bladresregel4,bladresregel5,bladresregel6,landgebied,indpersaangetroffenopadres,nadereaandverval) VALUES('10872','10033','19670601','20010301','20010301',null,'10920',null,'10921','1','1','3','19670601',null,null,'347','Biltstraat','Biltstraat',null,'99',null,null,'3572AM','Smalle Ee',null,null,null,null,null,null,null,null,'229',null,null);
INSERT INTO kern.his_persadres (id,persadres,dataanvgel,dateindegel,tsreg,tsverval,actieinh,actieverval,actieaanpgel,srt,rdnwijz,aangadresh,dataanvadresh,identcodeadresseerbaarobject,identcodenraand,gem,nor,afgekortenor,gemdeel,huisnr,huisletter,huisnrtoevoeging,postcode,wplnaam,loctenopzichtevanadres,locoms,bladresregel1,bladresregel2,bladresregel3,bladresregel4,bladresregel5,bladresregel6,landgebied,indpersaangetroffenopadres,nadereaandverval) VALUES('10871','10033','19670601',null,'19670601','20010301','10920','10921',null,'1','1','3','19670601',null,null,'347','Biltstraat','Biltstraat',null,'99',null,null,'3572AM','Smalle Ee',null,null,null,null,null,null,null,null,'229',null,null);
INSERT INTO kern.his_persadres (id,persadres,dataanvgel,dateindegel,tsreg,tsverval,actieinh,actieverval,actieaanpgel,srt,rdnwijz,aangadresh,dataanvadresh,identcodeadresseerbaarobject,identcodenraand,gem,nor,afgekortenor,gemdeel,huisnr,huisletter,huisnrtoevoeging,postcode,wplnaam,loctenopzichtevanadres,locoms,bladresregel1,bladresregel2,bladresregel3,bladresregel4,bladresregel5,bladresregel6,landgebied,indpersaangetroffenopadres,nadereaandverval) VALUES('10870','10033','19531116','19670601','19670601',null,'10919',null,'10920','1','2',null,'19531116',null,null,'506','Markt','Markt',null,'80',null,null,'2611GW','Scherpenzeel',null,null,null,null,null,null,null,null,'229',null,null);
INSERT INTO kern.his_persadres (id,persadres,dataanvgel,dateindegel,tsreg,tsverval,actieinh,actieverval,actieaanpgel,srt,rdnwijz,aangadresh,dataanvadresh,identcodeadresseerbaarobject,identcodenraand,gem,nor,afgekortenor,gemdeel,huisnr,huisletter,huisnrtoevoeging,postcode,wplnaam,loctenopzichtevanadres,locoms,bladresregel1,bladresregel2,bladresregel3,bladresregel4,bladresregel5,bladresregel6,landgebied,indpersaangetroffenopadres,nadereaandverval) VALUES('10869','10033','19531116',null,'19531116','19670601','10919','10920',null,'1','2',null,'19531116',null,null,'506','Markt','Markt',null,'80',null,null,'2611GW','Scherpenzeel',null,null,null,null,null,null,null,null,'229',null,null);
INSERT INTO kern.his_persadres (id,persadres,dataanvgel,dateindegel,tsreg,tsverval,actieinh,actieverval,actieaanpgel,srt,rdnwijz,aangadresh,dataanvadresh,identcodeadresseerbaarobject,identcodenraand,gem,nor,afgekortenor,gemdeel,huisnr,huisletter,huisnrtoevoeging,postcode,wplnaam,loctenopzichtevanadres,locoms,bladresregel1,bladresregel2,bladresregel3,bladresregel4,bladresregel5,bladresregel6,landgebied,indpersaangetroffenopadres,nadereaandverval) VALUES('10868','10034','20090701',null,'20090701',null,'10918',null,null,'1','1','3','20090701',null,null,'347','Biltstraat','Biltstraat',null,'101',null,null,'3572AL','Smalle Ee',null,null,null,null,null,null,null,null,'229',null,null);
INSERT INTO kern.his_persadres (id,persadres,dataanvgel,dateindegel,tsreg,tsverval,actieinh,actieverval,actieaanpgel,srt,rdnwijz,aangadresh,dataanvadresh,identcodeadresseerbaarobject,identcodenraand,gem,nor,afgekortenor,gemdeel,huisnr,huisletter,huisnrtoevoeging,postcode,wplnaam,loctenopzichtevanadres,locoms,bladresregel1,bladresregel2,bladresregel3,bladresregel4,bladresregel5,bladresregel6,landgebied,indpersaangetroffenopadres,nadereaandverval) VALUES('10867','10034','20080218','20090701','20090701',null,'10917',null,'10918','1','1','3','20080218',null,null,'347','Vredenburg ','Vredenburg ',null,'118',null,null,'3511BE','Smalle Ee',null,null,null,null,null,null,null,null,'229',null,null);
INSERT INTO kern.his_persadres (id,persadres,dataanvgel,dateindegel,tsreg,tsverval,actieinh,actieverval,actieaanpgel,srt,rdnwijz,aangadresh,dataanvadresh,identcodeadresseerbaarobject,identcodenraand,gem,nor,afgekortenor,gemdeel,huisnr,huisletter,huisnrtoevoeging,postcode,wplnaam,loctenopzichtevanadres,locoms,bladresregel1,bladresregel2,bladresregel3,bladresregel4,bladresregel5,bladresregel6,landgebied,indpersaangetroffenopadres,nadereaandverval) VALUES('10866','10034','20080218',null,'20080218','20090701','10917','10918',null,'1','1','3','20080218',null,null,'347','Vredenburg ','Vredenburg ',null,'118',null,null,'3511BE','Smalle Ee',null,null,null,null,null,null,null,null,'229',null,null);
INSERT INTO kern.his_persadres (id,persadres,dataanvgel,dateindegel,tsreg,tsverval,actieinh,actieverval,actieaanpgel,srt,rdnwijz,aangadresh,dataanvadresh,identcodeadresseerbaarobject,identcodenraand,gem,nor,afgekortenor,gemdeel,huisnr,huisletter,huisnrtoevoeging,postcode,wplnaam,loctenopzichtevanadres,locoms,bladresregel1,bladresregel2,bladresregel3,bladresregel4,bladresregel5,bladresregel6,landgebied,indpersaangetroffenopadres,nadereaandverval) VALUES('10865','10034','20070406','20080218','20080218',null,'10916',null,'10917','1','1','3','20070406',null,null,'347','Neude','Neude',null,'36',null,null,'3512AG','Smalle Ee',null,null,null,null,null,null,null,null,'229',null,null);
INSERT INTO kern.his_persadres (id,persadres,dataanvgel,dateindegel,tsreg,tsverval,actieinh,actieverval,actieaanpgel,srt,rdnwijz,aangadresh,dataanvadresh,identcodeadresseerbaarobject,identcodenraand,gem,nor,afgekortenor,gemdeel,huisnr,huisletter,huisnrtoevoeging,postcode,wplnaam,loctenopzichtevanadres,locoms,bladresregel1,bladresregel2,bladresregel3,bladresregel4,bladresregel5,bladresregel6,landgebied,indpersaangetroffenopadres,nadereaandverval) VALUES('10864','10034','20070406',null,'20070406','20080218','10916','10917',null,'1','1','3','20070406',null,null,'347','Neude','Neude',null,'36',null,null,'3512AG','Smalle Ee',null,null,null,null,null,null,null,null,'229',null,null);
INSERT INTO kern.his_persadres (id,persadres,dataanvgel,dateindegel,tsreg,tsverval,actieinh,actieverval,actieaanpgel,srt,rdnwijz,aangadresh,dataanvadresh,identcodeadresseerbaarobject,identcodenraand,gem,nor,afgekortenor,gemdeel,huisnr,huisletter,huisnrtoevoeging,postcode,wplnaam,loctenopzichtevanadres,locoms,bladresregel1,bladresregel2,bladresregel3,bladresregel4,bladresregel5,bladresregel6,landgebied,indpersaangetroffenopadres,nadereaandverval) VALUES('10863','10034','19390402','20070406','20070406',null,'10915',null,'10916','1','2',null,'19390402',null,null,'403','Middenweg','Middenweg ',null,'159',null,null,'1782BE','Egmond-Binnen',null,null,null,null,null,null,null,null,'229',null,null);
INSERT INTO kern.his_persadres (id,persadres,dataanvgel,dateindegel,tsreg,tsverval,actieinh,actieverval,actieaanpgel,srt,rdnwijz,aangadresh,dataanvadresh,identcodeadresseerbaarobject,identcodenraand,gem,nor,afgekortenor,gemdeel,huisnr,huisletter,huisnrtoevoeging,postcode,wplnaam,loctenopzichtevanadres,locoms,bladresregel1,bladresregel2,bladresregel3,bladresregel4,bladresregel5,bladresregel6,landgebied,indpersaangetroffenopadres,nadereaandverval) VALUES('10862','10034','19390402',null,'19390402','20070406','10915','10916',null,'1','2',null,'19390402',null,null,'403','Middenweg','Middenweg ',null,'159',null,null,'1782BE','Egmond-Binnen',null,null,null,null,null,null,null,null,'229',null,null);
INSERT INTO kern.his_persadres (id,persadres,dataanvgel,dateindegel,tsreg,tsverval,actieinh,actieverval,actieaanpgel,srt,rdnwijz,aangadresh,dataanvadresh,identcodeadresseerbaarobject,identcodenraand,gem,nor,afgekortenor,gemdeel,huisnr,huisletter,huisnrtoevoeging,postcode,wplnaam,loctenopzichtevanadres,locoms,bladresregel1,bladresregel2,bladresregel3,bladresregel4,bladresregel5,bladresregel6,landgebied,indpersaangetroffenopadres,nadereaandverval) VALUES('10861','10035','20090301',null,'20090301',null,'10914',null,null,'1','1','3','20090301',null,null,'347','Vredenburg ','Vredenburg ',null,'120',null,null,'3511BE','Smalle Ee',null,null,null,null,null,null,null,null,'229',null,null);
INSERT INTO kern.his_persadres (id,persadres,dataanvgel,dateindegel,tsreg,tsverval,actieinh,actieverval,actieaanpgel,srt,rdnwijz,aangadresh,dataanvadresh,identcodeadresseerbaarobject,identcodenraand,gem,nor,afgekortenor,gemdeel,huisnr,huisletter,huisnrtoevoeging,postcode,wplnaam,loctenopzichtevanadres,locoms,bladresregel1,bladresregel2,bladresregel3,bladresregel4,bladresregel5,bladresregel6,landgebied,indpersaangetroffenopadres,nadereaandverval) VALUES('10860','10035','20081101','20090301','20090301',null,'10913',null,'10914','1','1','3','20081101',null,null,'347','Neude','Neude',null,'31',null,null,'3512AG','Smalle Ee',null,null,null,null,null,null,null,null,'229',null,null);
INSERT INTO kern.his_persadres (id,persadres,dataanvgel,dateindegel,tsreg,tsverval,actieinh,actieverval,actieaanpgel,srt,rdnwijz,aangadresh,dataanvadresh,identcodeadresseerbaarobject,identcodenraand,gem,nor,afgekortenor,gemdeel,huisnr,huisletter,huisnrtoevoeging,postcode,wplnaam,loctenopzichtevanadres,locoms,bladresregel1,bladresregel2,bladresregel3,bladresregel4,bladresregel5,bladresregel6,landgebied,indpersaangetroffenopadres,nadereaandverval) VALUES('10859','10035','20081101',null,'20081101','20090301','10913','10914',null,'1','1','3','20081101',null,null,'347','Neude','Neude',null,'31',null,null,'3512AG','Smalle Ee',null,null,null,null,null,null,null,null,'229',null,null);
INSERT INTO kern.his_persadres (id,persadres,dataanvgel,dateindegel,tsreg,tsverval,actieinh,actieverval,actieaanpgel,srt,rdnwijz,aangadresh,dataanvadresh,identcodeadresseerbaarobject,identcodenraand,gem,nor,afgekortenor,gemdeel,huisnr,huisletter,huisnrtoevoeging,postcode,wplnaam,loctenopzichtevanadres,locoms,bladresregel1,bladresregel2,bladresregel3,bladresregel4,bladresregel5,bladresregel6,landgebied,indpersaangetroffenopadres,nadereaandverval) VALUES('10858','10035','20050101','20081101','20081101',null,'10912',null,'10913','1','1','3','20050101',null,null,'347','Biltstraat','Biltstraat',null,'103',null,null,'3572AM','Smalle Ee',null,null,null,null,null,null,null,null,'229',null,null);
INSERT INTO kern.his_persadres (id,persadres,dataanvgel,dateindegel,tsreg,tsverval,actieinh,actieverval,actieaanpgel,srt,rdnwijz,aangadresh,dataanvadresh,identcodeadresseerbaarobject,identcodenraand,gem,nor,afgekortenor,gemdeel,huisnr,huisletter,huisnrtoevoeging,postcode,wplnaam,loctenopzichtevanadres,locoms,bladresregel1,bladresregel2,bladresregel3,bladresregel4,bladresregel5,bladresregel6,landgebied,indpersaangetroffenopadres,nadereaandverval) VALUES('10857','10035','20050101',null,'20050101','20081101','10912','10913',null,'1','1','3','20050101',null,null,'347','Biltstraat','Biltstraat',null,'103',null,null,'3572AM','Smalle Ee',null,null,null,null,null,null,null,null,'229',null,null);
INSERT INTO kern.his_persadres (id,persadres,dataanvgel,dateindegel,tsreg,tsverval,actieinh,actieverval,actieaanpgel,srt,rdnwijz,aangadresh,dataanvadresh,identcodeadresseerbaarobject,identcodenraand,gem,nor,afgekortenor,gemdeel,huisnr,huisletter,huisnrtoevoeging,postcode,wplnaam,loctenopzichtevanadres,locoms,bladresregel1,bladresregel2,bladresregel3,bladresregel4,bladresregel5,bladresregel6,landgebied,indpersaangetroffenopadres,nadereaandverval) VALUES('10856','10035','19841203','20050101','20050101',null,'10911',null,'10912','1','2',null,'19841203',null,null,'342','Molenstraat','Molenstraat',null,'25',null,null,'3927AB','Delft',null,null,null,null,null,null,null,null,'229',null,null);
INSERT INTO kern.his_persadres (id,persadres,dataanvgel,dateindegel,tsreg,tsverval,actieinh,actieverval,actieaanpgel,srt,rdnwijz,aangadresh,dataanvadresh,identcodeadresseerbaarobject,identcodenraand,gem,nor,afgekortenor,gemdeel,huisnr,huisletter,huisnrtoevoeging,postcode,wplnaam,loctenopzichtevanadres,locoms,bladresregel1,bladresregel2,bladresregel3,bladresregel4,bladresregel5,bladresregel6,landgebied,indpersaangetroffenopadres,nadereaandverval) VALUES('10855','10035','19841203',null,'19841203','20050101','10911','10912',null,'1','2',null,'19841203',null,null,'342','Molenstraat','Molenstraat',null,'25',null,null,'3927AB','Delft',null,null,null,null,null,null,null,null,'229',null,null);
INSERT INTO kern.his_persadres (id,persadres,dataanvgel,dateindegel,tsreg,tsverval,actieinh,actieverval,actieaanpgel,srt,rdnwijz,aangadresh,dataanvadresh,identcodeadresseerbaarobject,identcodenraand,gem,nor,afgekortenor,gemdeel,huisnr,huisletter,huisnrtoevoeging,postcode,wplnaam,loctenopzichtevanadres,locoms,bladresregel1,bladresregel2,bladresregel3,bladresregel4,bladresregel5,bladresregel6,landgebied,indpersaangetroffenopadres,nadereaandverval) VALUES('10854','10036','20090301',null,'20090301',null,'10910',null,null,'1','1','3','20090301',null,null,'347','Vredenburg ','Vredenburg ',null,'120',null,null,'3511BE','Smalle Ee',null,null,null,null,null,null,null,null,'229',null,null);
INSERT INTO kern.his_persadres (id,persadres,dataanvgel,dateindegel,tsreg,tsverval,actieinh,actieverval,actieaanpgel,srt,rdnwijz,aangadresh,dataanvadresh,identcodeadresseerbaarobject,identcodenraand,gem,nor,afgekortenor,gemdeel,huisnr,huisletter,huisnrtoevoeging,postcode,wplnaam,loctenopzichtevanadres,locoms,bladresregel1,bladresregel2,bladresregel3,bladresregel4,bladresregel5,bladresregel6,landgebied,indpersaangetroffenopadres,nadereaandverval) VALUES('10853','10036','20081101','20090301','20090301',null,'10909',null,'10910','1','1','3','20081101',null,null,'347','Neude','Neude',null,'31',null,null,'3512AG','Smalle Ee',null,null,null,null,null,null,null,null,'229',null,null);
INSERT INTO kern.his_persadres (id,persadres,dataanvgel,dateindegel,tsreg,tsverval,actieinh,actieverval,actieaanpgel,srt,rdnwijz,aangadresh,dataanvadresh,identcodeadresseerbaarobject,identcodenraand,gem,nor,afgekortenor,gemdeel,huisnr,huisletter,huisnrtoevoeging,postcode,wplnaam,loctenopzichtevanadres,locoms,bladresregel1,bladresregel2,bladresregel3,bladresregel4,bladresregel5,bladresregel6,landgebied,indpersaangetroffenopadres,nadereaandverval) VALUES('10852','10036','20081101',null,'20081101','20090301','10909','10910',null,'1','1','3','20081101',null,null,'347','Neude','Neude',null,'31',null,null,'3512AG','Smalle Ee',null,null,null,null,null,null,null,null,'229',null,null);
INSERT INTO kern.his_persadres (id,persadres,dataanvgel,dateindegel,tsreg,tsverval,actieinh,actieverval,actieaanpgel,srt,rdnwijz,aangadresh,dataanvadresh,identcodeadresseerbaarobject,identcodenraand,gem,nor,afgekortenor,gemdeel,huisnr,huisletter,huisnrtoevoeging,postcode,wplnaam,loctenopzichtevanadres,locoms,bladresregel1,bladresregel2,bladresregel3,bladresregel4,bladresregel5,bladresregel6,landgebied,indpersaangetroffenopadres,nadereaandverval) VALUES('10851','10036','20050101','20081101','20081101',null,'10908',null,'10909','1','1','3','20050101',null,null,'347','Biltstraat','Biltstraat',null,'103',null,null,'3572AM','Smalle Ee',null,null,null,null,null,null,null,null,'229',null,null);
INSERT INTO kern.his_persadres (id,persadres,dataanvgel,dateindegel,tsreg,tsverval,actieinh,actieverval,actieaanpgel,srt,rdnwijz,aangadresh,dataanvadresh,identcodeadresseerbaarobject,identcodenraand,gem,nor,afgekortenor,gemdeel,huisnr,huisletter,huisnrtoevoeging,postcode,wplnaam,loctenopzichtevanadres,locoms,bladresregel1,bladresregel2,bladresregel3,bladresregel4,bladresregel5,bladresregel6,landgebied,indpersaangetroffenopadres,nadereaandverval) VALUES('10850','10036','20050101',null,'20050101','20081101','10908','10909',null,'1','1','3','20050101',null,null,'347','Biltstraat','Biltstraat',null,'103',null,null,'3572AM','Smalle Ee',null,null,null,null,null,null,null,null,'229',null,null);
INSERT INTO kern.his_persadres (id,persadres,dataanvgel,dateindegel,tsreg,tsverval,actieinh,actieverval,actieaanpgel,srt,rdnwijz,aangadresh,dataanvadresh,identcodeadresseerbaarobject,identcodenraand,gem,nor,afgekortenor,gemdeel,huisnr,huisletter,huisnrtoevoeging,postcode,wplnaam,loctenopzichtevanadres,locoms,bladresregel1,bladresregel2,bladresregel3,bladresregel4,bladresregel5,bladresregel6,landgebied,indpersaangetroffenopadres,nadereaandverval) VALUES('10849','10036','19851011','20050101','20050101',null,'10907',null,'10908','1','2',null,'19851011',null,null,'342','Molenstraat','Molenstraat',null,'27',null,null,'3927AB','Delft',null,null,null,null,null,null,null,null,'229',null,null);
INSERT INTO kern.his_persadres (id,persadres,dataanvgel,dateindegel,tsreg,tsverval,actieinh,actieverval,actieaanpgel,srt,rdnwijz,aangadresh,dataanvadresh,identcodeadresseerbaarobject,identcodenraand,gem,nor,afgekortenor,gemdeel,huisnr,huisletter,huisnrtoevoeging,postcode,wplnaam,loctenopzichtevanadres,locoms,bladresregel1,bladresregel2,bladresregel3,bladresregel4,bladresregel5,bladresregel6,landgebied,indpersaangetroffenopadres,nadereaandverval) VALUES('10848','10036','19851011',null,'19851011','20050101','10907','10908',null,'1','2',null,'19851011',null,null,'342','Molenstraat','Molenstraat',null,'27',null,null,'3927AB','Delft',null,null,null,null,null,null,null,null,'229',null,null);
INSERT INTO kern.his_persadres (id,persadres,dataanvgel,dateindegel,tsreg,tsverval,actieinh,actieverval,actieaanpgel,srt,rdnwijz,aangadresh,dataanvadresh,identcodeadresseerbaarobject,identcodenraand,gem,nor,afgekortenor,gemdeel,huisnr,huisletter,huisnrtoevoeging,postcode,wplnaam,loctenopzichtevanadres,locoms,bladresregel1,bladresregel2,bladresregel3,bladresregel4,bladresregel5,bladresregel6,landgebied,indpersaangetroffenopadres,nadereaandverval) VALUES('10847','10037','20090301',null,'20090301',null,'10906',null,null,'1','1','3','20090301',null,null,'347','Vredenburg ','Vredenburg ',null,'120',null,null,'3511BE','Smalle Ee',null,null,null,null,null,null,null,null,'229',null,null);
INSERT INTO kern.his_persadres (id,persadres,dataanvgel,dateindegel,tsreg,tsverval,actieinh,actieverval,actieaanpgel,srt,rdnwijz,aangadresh,dataanvadresh,identcodeadresseerbaarobject,identcodenraand,gem,nor,afgekortenor,gemdeel,huisnr,huisletter,huisnrtoevoeging,postcode,wplnaam,loctenopzichtevanadres,locoms,bladresregel1,bladresregel2,bladresregel3,bladresregel4,bladresregel5,bladresregel6,landgebied,indpersaangetroffenopadres,nadereaandverval) VALUES('10846','10037','20081101','20090301','20090301',null,'10905',null,'10906','1','1','3','20081101',null,null,'347','Neude','Neude',null,'31',null,null,'3512AG','Smalle Ee',null,null,null,null,null,null,null,null,'229',null,null);
INSERT INTO kern.his_persadres (id,persadres,dataanvgel,dateindegel,tsreg,tsverval,actieinh,actieverval,actieaanpgel,srt,rdnwijz,aangadresh,dataanvadresh,identcodeadresseerbaarobject,identcodenraand,gem,nor,afgekortenor,gemdeel,huisnr,huisletter,huisnrtoevoeging,postcode,wplnaam,loctenopzichtevanadres,locoms,bladresregel1,bladresregel2,bladresregel3,bladresregel4,bladresregel5,bladresregel6,landgebied,indpersaangetroffenopadres,nadereaandverval) VALUES('10845','10037','20081101',null,'20081101','20090301','10905','10906',null,'1','1','3','20081101',null,null,'347','Neude','Neude',null,'31',null,null,'3512AG','Smalle Ee',null,null,null,null,null,null,null,null,'229',null,null);
INSERT INTO kern.his_persadres (id,persadres,dataanvgel,dateindegel,tsreg,tsverval,actieinh,actieverval,actieaanpgel,srt,rdnwijz,aangadresh,dataanvadresh,identcodeadresseerbaarobject,identcodenraand,gem,nor,afgekortenor,gemdeel,huisnr,huisletter,huisnrtoevoeging,postcode,wplnaam,loctenopzichtevanadres,locoms,bladresregel1,bladresregel2,bladresregel3,bladresregel4,bladresregel5,bladresregel6,landgebied,indpersaangetroffenopadres,nadereaandverval) VALUES('10844','10037','20050112','20081101','20081101',null,'10904',null,'10905','1','2',null,'20050112',null,null,'347','Biltstraat','Biltstraat',null,'103',null,null,'3572AM','Smalle Ee',null,null,null,null,null,null,null,null,'229',null,null);
INSERT INTO kern.his_persadres (id,persadres,dataanvgel,dateindegel,tsreg,tsverval,actieinh,actieverval,actieaanpgel,srt,rdnwijz,aangadresh,dataanvadresh,identcodeadresseerbaarobject,identcodenraand,gem,nor,afgekortenor,gemdeel,huisnr,huisletter,huisnrtoevoeging,postcode,wplnaam,loctenopzichtevanadres,locoms,bladresregel1,bladresregel2,bladresregel3,bladresregel4,bladresregel5,bladresregel6,landgebied,indpersaangetroffenopadres,nadereaandverval) VALUES('10843','10037','20050112',null,'20050112','20081101','10904','10905',null,'1','2',null,'20050112',null,null,'347','Biltstraat','Biltstraat',null,'103',null,null,'3572AM','Smalle Ee',null,null,null,null,null,null,null,null,'229',null,null);
INSERT INTO kern.his_persadres (id,persadres,dataanvgel,dateindegel,tsreg,tsverval,actieinh,actieverval,actieaanpgel,srt,rdnwijz,aangadresh,dataanvadresh,identcodeadresseerbaarobject,identcodenraand,gem,nor,afgekortenor,gemdeel,huisnr,huisletter,huisnrtoevoeging,postcode,wplnaam,loctenopzichtevanadres,locoms,bladresregel1,bladresregel2,bladresregel3,bladresregel4,bladresregel5,bladresregel6,landgebied,indpersaangetroffenopadres,nadereaandverval) VALUES('10842','10038','20090301',null,'20090301',null,'10903',null,null,'1','1','3','20090301',null,null,'347','Vredenburg ','Vredenburg ',null,'120',null,null,'3511BE','Smalle Ee',null,null,null,null,null,null,null,null,'229',null,null);
INSERT INTO kern.his_persadres (id,persadres,dataanvgel,dateindegel,tsreg,tsverval,actieinh,actieverval,actieaanpgel,srt,rdnwijz,aangadresh,dataanvadresh,identcodeadresseerbaarobject,identcodenraand,gem,nor,afgekortenor,gemdeel,huisnr,huisletter,huisnrtoevoeging,postcode,wplnaam,loctenopzichtevanadres,locoms,bladresregel1,bladresregel2,bladresregel3,bladresregel4,bladresregel5,bladresregel6,landgebied,indpersaangetroffenopadres,nadereaandverval) VALUES('10841','10038','20081101','20090301','20090301',null,'10902',null,'10903','1','1','3','20081101',null,null,'347','Neude','Neude',null,'31',null,null,'3512AG','Smalle Ee',null,null,null,null,null,null,null,null,'229',null,null);
INSERT INTO kern.his_persadres (id,persadres,dataanvgel,dateindegel,tsreg,tsverval,actieinh,actieverval,actieaanpgel,srt,rdnwijz,aangadresh,dataanvadresh,identcodeadresseerbaarobject,identcodenraand,gem,nor,afgekortenor,gemdeel,huisnr,huisletter,huisnrtoevoeging,postcode,wplnaam,loctenopzichtevanadres,locoms,bladresregel1,bladresregel2,bladresregel3,bladresregel4,bladresregel5,bladresregel6,landgebied,indpersaangetroffenopadres,nadereaandverval) VALUES('10840','10038','20081101',null,'20081101','20090301','10902','10903',null,'1','1','3','20081101',null,null,'347','Neude','Neude',null,'31',null,null,'3512AG','Smalle Ee',null,null,null,null,null,null,null,null,'229',null,null);
INSERT INTO kern.his_persadres (id,persadres,dataanvgel,dateindegel,tsreg,tsverval,actieinh,actieverval,actieaanpgel,srt,rdnwijz,aangadresh,dataanvadresh,identcodeadresseerbaarobject,identcodenraand,gem,nor,afgekortenor,gemdeel,huisnr,huisletter,huisnrtoevoeging,postcode,wplnaam,loctenopzichtevanadres,locoms,bladresregel1,bladresregel2,bladresregel3,bladresregel4,bladresregel5,bladresregel6,landgebied,indpersaangetroffenopadres,nadereaandverval) VALUES('10839','10038','20051201','20081101','20081101',null,'10901',null,'10902','1','2',null,'20051201',null,null,'347','Biltstraat','Biltstraat',null,'103',null,null,'3572AM','Smalle Ee',null,null,null,null,null,null,null,null,'229',null,null);
INSERT INTO kern.his_persadres (id,persadres,dataanvgel,dateindegel,tsreg,tsverval,actieinh,actieverval,actieaanpgel,srt,rdnwijz,aangadresh,dataanvadresh,identcodeadresseerbaarobject,identcodenraand,gem,nor,afgekortenor,gemdeel,huisnr,huisletter,huisnrtoevoeging,postcode,wplnaam,loctenopzichtevanadres,locoms,bladresregel1,bladresregel2,bladresregel3,bladresregel4,bladresregel5,bladresregel6,landgebied,indpersaangetroffenopadres,nadereaandverval) VALUES('10838','10038','20051201',null,'20051201','20081101','10901','10902',null,'1','2',null,'20051201',null,null,'347','Biltstraat','Biltstraat',null,'103',null,null,'3572AM','Smalle Ee',null,null,null,null,null,null,null,null,'229',null,null);
INSERT INTO kern.his_persadres (id,persadres,dataanvgel,dateindegel,tsreg,tsverval,actieinh,actieverval,actieaanpgel,srt,rdnwijz,aangadresh,dataanvadresh,identcodeadresseerbaarobject,identcodenraand,gem,nor,afgekortenor,gemdeel,huisnr,huisletter,huisnrtoevoeging,postcode,wplnaam,loctenopzichtevanadres,locoms,bladresregel1,bladresregel2,bladresregel3,bladresregel4,bladresregel5,bladresregel6,landgebied,indpersaangetroffenopadres,nadereaandverval) VALUES('10837','10039','20120522',null,'20120522',null,'10900',null,null,'1','1','3','20120522',null,null,'347','Neude','Neude',null,'33',null,null,'3512AG','Smalle Ee',null,null,null,null,null,null,null,null,'229',null,null);
INSERT INTO kern.his_persadres (id,persadres,dataanvgel,dateindegel,tsreg,tsverval,actieinh,actieverval,actieaanpgel,srt,rdnwijz,aangadresh,dataanvadresh,identcodeadresseerbaarobject,identcodenraand,gem,nor,afgekortenor,gemdeel,huisnr,huisletter,huisnrtoevoeging,postcode,wplnaam,loctenopzichtevanadres,locoms,bladresregel1,bladresregel2,bladresregel3,bladresregel4,bladresregel5,bladresregel6,landgebied,indpersaangetroffenopadres,nadereaandverval) VALUES('10836','10039','20111201','20120522','20120522',null,'10899',null,'10900','1','1','3','20111201',null,null,'347','Vredenburg ','Vredenburg ',null,'122',null,null,'3511BE','Smalle Ee',null,null,null,null,null,null,null,null,'229',null,null);
INSERT INTO kern.his_persadres (id,persadres,dataanvgel,dateindegel,tsreg,tsverval,actieinh,actieverval,actieaanpgel,srt,rdnwijz,aangadresh,dataanvadresh,identcodeadresseerbaarobject,identcodenraand,gem,nor,afgekortenor,gemdeel,huisnr,huisletter,huisnrtoevoeging,postcode,wplnaam,loctenopzichtevanadres,locoms,bladresregel1,bladresregel2,bladresregel3,bladresregel4,bladresregel5,bladresregel6,landgebied,indpersaangetroffenopadres,nadereaandverval) VALUES('10835','10039','20111201',null,'20111201','20120522','10899','10900',null,'1','1','3','20111201',null,null,'347','Vredenburg ','Vredenburg ',null,'122',null,null,'3511BE','Smalle Ee',null,null,null,null,null,null,null,null,'229',null,null);
INSERT INTO kern.his_persadres (id,persadres,dataanvgel,dateindegel,tsreg,tsverval,actieinh,actieverval,actieaanpgel,srt,rdnwijz,aangadresh,dataanvadresh,identcodeadresseerbaarobject,identcodenraand,gem,nor,afgekortenor,gemdeel,huisnr,huisletter,huisnrtoevoeging,postcode,wplnaam,loctenopzichtevanadres,locoms,bladresregel1,bladresregel2,bladresregel3,bladresregel4,bladresregel5,bladresregel6,landgebied,indpersaangetroffenopadres,nadereaandverval) VALUES('10834','10039','20101201','20111201','20111201',null,'10898',null,'10899','1','1','3','20101201',null,null,'347','Biltstraat','Biltstraat',null,'105',null,null,'3572AM','Smalle Ee',null,null,null,null,null,null,null,null,'229',null,null);
INSERT INTO kern.his_persadres (id,persadres,dataanvgel,dateindegel,tsreg,tsverval,actieinh,actieverval,actieaanpgel,srt,rdnwijz,aangadresh,dataanvadresh,identcodeadresseerbaarobject,identcodenraand,gem,nor,afgekortenor,gemdeel,huisnr,huisletter,huisnrtoevoeging,postcode,wplnaam,loctenopzichtevanadres,locoms,bladresregel1,bladresregel2,bladresregel3,bladresregel4,bladresregel5,bladresregel6,landgebied,indpersaangetroffenopadres,nadereaandverval) VALUES('10833','10039','20101201',null,'20101201','20111201','10898','10899',null,'1','1','3','20101201',null,null,'347','Biltstraat','Biltstraat',null,'105',null,null,'3572AM','Smalle Ee',null,null,null,null,null,null,null,null,'229',null,null);
INSERT INTO kern.his_persadres (id,persadres,dataanvgel,dateindegel,tsreg,tsverval,actieinh,actieverval,actieaanpgel,srt,rdnwijz,aangadresh,dataanvadresh,identcodeadresseerbaarobject,identcodenraand,gem,nor,afgekortenor,gemdeel,huisnr,huisletter,huisnrtoevoeging,postcode,wplnaam,loctenopzichtevanadres,locoms,bladresregel1,bladresregel2,bladresregel3,bladresregel4,bladresregel5,bladresregel6,landgebied,indpersaangetroffenopadres,nadereaandverval) VALUES('10832','10039','19910315','20101201','20101201',null,'10897',null,'10898','1','2',null,'19910315',null,null,'347','Neude','Neude',null,'33',null,null,'3512AG','Smalle Ee',null,null,null,null,null,null,null,null,'229',null,null);
INSERT INTO kern.his_persadres (id,persadres,dataanvgel,dateindegel,tsreg,tsverval,actieinh,actieverval,actieaanpgel,srt,rdnwijz,aangadresh,dataanvadresh,identcodeadresseerbaarobject,identcodenraand,gem,nor,afgekortenor,gemdeel,huisnr,huisletter,huisnrtoevoeging,postcode,wplnaam,loctenopzichtevanadres,locoms,bladresregel1,bladresregel2,bladresregel3,bladresregel4,bladresregel5,bladresregel6,landgebied,indpersaangetroffenopadres,nadereaandverval) VALUES('10831','10039','19910315',null,'19910315','20101201','10897','10898',null,'1','2',null,'19910315',null,null,'347','Neude','Neude',null,'33',null,null,'3512AG','Smalle Ee',null,null,null,null,null,null,null,null,'229',null,null);
INSERT INTO kern.his_persadres (id,persadres,dataanvgel,dateindegel,tsreg,tsverval,actieinh,actieverval,actieaanpgel,srt,rdnwijz,aangadresh,dataanvadresh,identcodeadresseerbaarobject,identcodenraand,gem,nor,afgekortenor,gemdeel,huisnr,huisletter,huisnrtoevoeging,postcode,wplnaam,loctenopzichtevanadres,locoms,bladresregel1,bladresregel2,bladresregel3,bladresregel4,bladresregel5,bladresregel6,landgebied,indpersaangetroffenopadres,nadereaandverval) VALUES('10830','10040','20010517',null,'20010517',null,'10896',null,null,'1','2',null,'20010517',null,null,'347','Biltstraat','Biltstraat',null,'107',null,null,'3572AM','Smalle Ee',null,null,null,null,null,null,null,null,'229',null,null);
INSERT INTO kern.his_persadres (id,persadres,dataanvgel,dateindegel,tsreg,tsverval,actieinh,actieverval,actieaanpgel,srt,rdnwijz,aangadresh,dataanvadresh,identcodeadresseerbaarobject,identcodenraand,gem,nor,afgekortenor,gemdeel,huisnr,huisletter,huisnrtoevoeging,postcode,wplnaam,loctenopzichtevanadres,locoms,bladresregel1,bladresregel2,bladresregel3,bladresregel4,bladresregel5,bladresregel6,landgebied,indpersaangetroffenopadres,nadereaandverval) VALUES('10829','10041','20090201',null,'20090201',null,'10895',null,null,'1','1','3','20090201',null,null,'347','Vredenburg ','Vredenburg ',null,'124',null,null,'3511BE','Smalle Ee',null,null,null,null,null,null,null,null,'229',null,null);
INSERT INTO kern.his_persadres (id,persadres,dataanvgel,dateindegel,tsreg,tsverval,actieinh,actieverval,actieaanpgel,srt,rdnwijz,aangadresh,dataanvadresh,identcodeadresseerbaarobject,identcodenraand,gem,nor,afgekortenor,gemdeel,huisnr,huisletter,huisnrtoevoeging,postcode,wplnaam,loctenopzichtevanadres,locoms,bladresregel1,bladresregel2,bladresregel3,bladresregel4,bladresregel5,bladresregel6,landgebied,indpersaangetroffenopadres,nadereaandverval) VALUES('10828','10041','20060523','20090201','20090201',null,'10894',null,'10895','1','1','3','20060523',null,null,'347','Neude','Neude',null,'35',null,null,'3512AG','Smalle Ee',null,null,null,null,null,null,null,null,'229',null,null);
INSERT INTO kern.his_persadres (id,persadres,dataanvgel,dateindegel,tsreg,tsverval,actieinh,actieverval,actieaanpgel,srt,rdnwijz,aangadresh,dataanvadresh,identcodeadresseerbaarobject,identcodenraand,gem,nor,afgekortenor,gemdeel,huisnr,huisletter,huisnrtoevoeging,postcode,wplnaam,loctenopzichtevanadres,locoms,bladresregel1,bladresregel2,bladresregel3,bladresregel4,bladresregel5,bladresregel6,landgebied,indpersaangetroffenopadres,nadereaandverval) VALUES('10827','10041','20060523',null,'20060523','20090201','10894','10895',null,'1','1','3','20060523',null,null,'347','Neude','Neude',null,'35',null,null,'3512AG','Smalle Ee',null,null,null,null,null,null,null,null,'229',null,null);
INSERT INTO kern.his_persadres (id,persadres,dataanvgel,dateindegel,tsreg,tsverval,actieinh,actieverval,actieaanpgel,srt,rdnwijz,aangadresh,dataanvadresh,identcodeadresseerbaarobject,identcodenraand,gem,nor,afgekortenor,gemdeel,huisnr,huisletter,huisnrtoevoeging,postcode,wplnaam,loctenopzichtevanadres,locoms,bladresregel1,bladresregel2,bladresregel3,bladresregel4,bladresregel5,bladresregel6,landgebied,indpersaangetroffenopadres,nadereaandverval) VALUES('10826','10041','20040819','20060523','20060523',null,'10893',null,'10894','1','1','3','20040819',null,null,'347','Vredenburg ','Vredenburg ',null,'126',null,null,'3511BE','Smalle Ee',null,null,null,null,null,null,null,null,'229',null,null);
INSERT INTO kern.his_persadres (id,persadres,dataanvgel,dateindegel,tsreg,tsverval,actieinh,actieverval,actieaanpgel,srt,rdnwijz,aangadresh,dataanvadresh,identcodeadresseerbaarobject,identcodenraand,gem,nor,afgekortenor,gemdeel,huisnr,huisletter,huisnrtoevoeging,postcode,wplnaam,loctenopzichtevanadres,locoms,bladresregel1,bladresregel2,bladresregel3,bladresregel4,bladresregel5,bladresregel6,landgebied,indpersaangetroffenopadres,nadereaandverval) VALUES('10825','10041','20040819',null,'20040819','20060523','10893','10894',null,'1','1','3','20040819',null,null,'347','Vredenburg ','Vredenburg ',null,'126',null,null,'3511BE','Smalle Ee',null,null,null,null,null,null,null,null,'229',null,null);
INSERT INTO kern.his_persadres (id,persadres,dataanvgel,dateindegel,tsreg,tsverval,actieinh,actieverval,actieaanpgel,srt,rdnwijz,aangadresh,dataanvadresh,identcodeadresseerbaarobject,identcodenraand,gem,nor,afgekortenor,gemdeel,huisnr,huisletter,huisnrtoevoeging,postcode,wplnaam,loctenopzichtevanadres,locoms,bladresregel1,bladresregel2,bladresregel3,bladresregel4,bladresregel5,bladresregel6,landgebied,indpersaangetroffenopadres,nadereaandverval) VALUES('10824','10041','20010517','20040819','20040819',null,'10892',null,'10893','1','2',null,'20010517',null,null,'347','Biltstraat','Biltstraat',null,'107',null,null,'3572AM','Smalle Ee',null,null,null,null,null,null,null,null,'229',null,null);
INSERT INTO kern.his_persadres (id,persadres,dataanvgel,dateindegel,tsreg,tsverval,actieinh,actieverval,actieaanpgel,srt,rdnwijz,aangadresh,dataanvadresh,identcodeadresseerbaarobject,identcodenraand,gem,nor,afgekortenor,gemdeel,huisnr,huisletter,huisnrtoevoeging,postcode,wplnaam,loctenopzichtevanadres,locoms,bladresregel1,bladresregel2,bladresregel3,bladresregel4,bladresregel5,bladresregel6,landgebied,indpersaangetroffenopadres,nadereaandverval) VALUES('10823','10041','20010517',null,'20010517','20040819','10892','10893',null,'1','2',null,'20010517',null,null,'347','Biltstraat','Biltstraat',null,'107',null,null,'3572AM','Smalle Ee',null,null,null,null,null,null,null,null,'229',null,null);
INSERT INTO kern.his_persadres (id,persadres,dataanvgel,dateindegel,tsreg,tsverval,actieinh,actieverval,actieaanpgel,srt,rdnwijz,aangadresh,dataanvadresh,identcodeadresseerbaarobject,identcodenraand,gem,nor,afgekortenor,gemdeel,huisnr,huisletter,huisnrtoevoeging,postcode,wplnaam,loctenopzichtevanadres,locoms,bladresregel1,bladresregel2,bladresregel3,bladresregel4,bladresregel5,bladresregel6,landgebied,indpersaangetroffenopadres,nadereaandverval) VALUES('10822','10042','20010328',null,'20010328',null,'10891',null,null,'1','1','7','20010328',null,null,'347','Biltstraat','Biltstraat',null,'142',null,null,'3572BM','Smalle Ee',null,null,null,null,null,null,null,null,'229',null,null);
INSERT INTO kern.his_persadres (id,persadres,dataanvgel,dateindegel,tsreg,tsverval,actieinh,actieverval,actieaanpgel,srt,rdnwijz,aangadresh,dataanvadresh,identcodeadresseerbaarobject,identcodenraand,gem,nor,afgekortenor,gemdeel,huisnr,huisletter,huisnrtoevoeging,postcode,wplnaam,loctenopzichtevanadres,locoms,bladresregel1,bladresregel2,bladresregel3,bladresregel4,bladresregel5,bladresregel6,landgebied,indpersaangetroffenopadres,nadereaandverval) VALUES('10821','10042','19580921','20010328','20010328',null,'10890',null,'10891','1','2',null,'19580921',null,null,'342','Molenstraat','Molenstraat',null,'27',null,null,'3927AB','Delft',null,null,null,null,null,null,null,null,'229',null,null);
INSERT INTO kern.his_persadres (id,persadres,dataanvgel,dateindegel,tsreg,tsverval,actieinh,actieverval,actieaanpgel,srt,rdnwijz,aangadresh,dataanvadresh,identcodeadresseerbaarobject,identcodenraand,gem,nor,afgekortenor,gemdeel,huisnr,huisletter,huisnrtoevoeging,postcode,wplnaam,loctenopzichtevanadres,locoms,bladresregel1,bladresregel2,bladresregel3,bladresregel4,bladresregel5,bladresregel6,landgebied,indpersaangetroffenopadres,nadereaandverval) VALUES('10820','10042','19580921',null,'19580921','20010328','10890','10891',null,'1','2',null,'19580921',null,null,'342','Molenstraat','Molenstraat',null,'27',null,null,'3927AB','Delft',null,null,null,null,null,null,null,null,'229',null,null);
INSERT INTO kern.his_persadres (id,persadres,dataanvgel,dateindegel,tsreg,tsverval,actieinh,actieverval,actieaanpgel,srt,rdnwijz,aangadresh,dataanvadresh,identcodeadresseerbaarobject,identcodenraand,gem,nor,afgekortenor,gemdeel,huisnr,huisletter,huisnrtoevoeging,postcode,wplnaam,loctenopzichtevanadres,locoms,bladresregel1,bladresregel2,bladresregel3,bladresregel4,bladresregel5,bladresregel6,landgebied,indpersaangetroffenopadres,nadereaandverval) VALUES('10819','10043','19820528',null,'19820528',null,'10889',null,null,'1','1','3','19820528',null,null,'347','Biltstraat','Biltstraat',null,'142',null,null,'3572BM','Smalle Ee',null,null,null,null,null,null,null,null,'229',null,null);
INSERT INTO kern.his_persadres (id,persadres,dataanvgel,dateindegel,tsreg,tsverval,actieinh,actieverval,actieaanpgel,srt,rdnwijz,aangadresh,dataanvadresh,identcodeadresseerbaarobject,identcodenraand,gem,nor,afgekortenor,gemdeel,huisnr,huisletter,huisnrtoevoeging,postcode,wplnaam,loctenopzichtevanadres,locoms,bladresregel1,bladresregel2,bladresregel3,bladresregel4,bladresregel5,bladresregel6,landgebied,indpersaangetroffenopadres,nadereaandverval) VALUES('10818','10043','19590922','19820528','19820528',null,'10888',null,'10889','1','2',null,'19590922',null,null,'403','Middenweg','Middenweg ',null,'159',null,null,'1782BE','Egmond-Binnen',null,null,null,null,null,null,null,null,'229',null,null);
INSERT INTO kern.his_persadres (id,persadres,dataanvgel,dateindegel,tsreg,tsverval,actieinh,actieverval,actieaanpgel,srt,rdnwijz,aangadresh,dataanvadresh,identcodeadresseerbaarobject,identcodenraand,gem,nor,afgekortenor,gemdeel,huisnr,huisletter,huisnrtoevoeging,postcode,wplnaam,loctenopzichtevanadres,locoms,bladresregel1,bladresregel2,bladresregel3,bladresregel4,bladresregel5,bladresregel6,landgebied,indpersaangetroffenopadres,nadereaandverval) VALUES('10817','10043','19590922',null,'19590922','19820528','10888','10889',null,'1','2',null,'19590922',null,null,'403','Middenweg','Middenweg ',null,'159',null,null,'1782BE','Egmond-Binnen',null,null,null,null,null,null,null,null,'229',null,null);
INSERT INTO kern.his_persadres (id,persadres,dataanvgel,dateindegel,tsreg,tsverval,actieinh,actieverval,actieaanpgel,srt,rdnwijz,aangadresh,dataanvadresh,identcodeadresseerbaarobject,identcodenraand,gem,nor,afgekortenor,gemdeel,huisnr,huisletter,huisnrtoevoeging,postcode,wplnaam,loctenopzichtevanadres,locoms,bladresregel1,bladresregel2,bladresregel3,bladresregel4,bladresregel5,bladresregel6,landgebied,indpersaangetroffenopadres,nadereaandverval) VALUES('10816','10044','20010328',null,'20010328',null,'10887',null,null,'1','1','3','20010328',null,null,'347','Vredenburg','Vredenburg',null,'114',null,null,'3511BE','Smalle Ee',null,null,null,null,null,null,null,null,'229',null,null);
INSERT INTO kern.his_persadres (id,persadres,dataanvgel,dateindegel,tsreg,tsverval,actieinh,actieverval,actieaanpgel,srt,rdnwijz,aangadresh,dataanvadresh,identcodeadresseerbaarobject,identcodenraand,gem,nor,afgekortenor,gemdeel,huisnr,huisletter,huisnrtoevoeging,postcode,wplnaam,loctenopzichtevanadres,locoms,bladresregel1,bladresregel2,bladresregel3,bladresregel4,bladresregel5,bladresregel6,landgebied,indpersaangetroffenopadres,nadereaandverval) VALUES('10815','10044','19601221','20010328','20010328',null,'10886',null,'10887','1','2',null,'19601221',null,null,'342','Molenstraat','Molenstraat',null,'27',null,null,'3927AB','Delft',null,null,null,null,null,null,null,null,'229',null,null);
INSERT INTO kern.his_persadres (id,persadres,dataanvgel,dateindegel,tsreg,tsverval,actieinh,actieverval,actieaanpgel,srt,rdnwijz,aangadresh,dataanvadresh,identcodeadresseerbaarobject,identcodenraand,gem,nor,afgekortenor,gemdeel,huisnr,huisletter,huisnrtoevoeging,postcode,wplnaam,loctenopzichtevanadres,locoms,bladresregel1,bladresregel2,bladresregel3,bladresregel4,bladresregel5,bladresregel6,landgebied,indpersaangetroffenopadres,nadereaandverval) VALUES('10814','10044','19601221',null,'19601221','20010328','10886','10887',null,'1','2',null,'19601221',null,null,'342','Molenstraat','Molenstraat',null,'27',null,null,'3927AB','Delft',null,null,null,null,null,null,null,null,'229',null,null);
INSERT INTO kern.his_persadres (id,persadres,dataanvgel,dateindegel,tsreg,tsverval,actieinh,actieverval,actieaanpgel,srt,rdnwijz,aangadresh,dataanvadresh,identcodeadresseerbaarobject,identcodenraand,gem,nor,afgekortenor,gemdeel,huisnr,huisletter,huisnrtoevoeging,postcode,wplnaam,loctenopzichtevanadres,locoms,bladresregel1,bladresregel2,bladresregel3,bladresregel4,bladresregel5,bladresregel6,landgebied,indpersaangetroffenopadres,nadereaandverval) VALUES('10813','10045','19911002',null,'19911002',null,'10885',null,null,'1','1','7','19911002',null,null,'347','Vredenburg','Vredenburg',null,'114',null,null,'3511BE','Smalle Ee',null,null,null,null,null,null,null,null,'229',null,null);
INSERT INTO kern.his_persadres (id,persadres,dataanvgel,dateindegel,tsreg,tsverval,actieinh,actieverval,actieaanpgel,srt,rdnwijz,aangadresh,dataanvadresh,identcodeadresseerbaarobject,identcodenraand,gem,nor,afgekortenor,gemdeel,huisnr,huisletter,huisnrtoevoeging,postcode,wplnaam,loctenopzichtevanadres,locoms,bladresregel1,bladresregel2,bladresregel3,bladresregel4,bladresregel5,bladresregel6,landgebied,indpersaangetroffenopadres,nadereaandverval) VALUES('10812','10045','19611222','19911002','19911002',null,'10884',null,'10885','1','2',null,'19611222',null,null,'508','Nieuwe Haven','Nieuwe Haven',null,'13',null,null,'3311AP','Alkmaar',null,null,null,null,null,null,null,null,'229',null,null);
INSERT INTO kern.his_persadres (id,persadres,dataanvgel,dateindegel,tsreg,tsverval,actieinh,actieverval,actieaanpgel,srt,rdnwijz,aangadresh,dataanvadresh,identcodeadresseerbaarobject,identcodenraand,gem,nor,afgekortenor,gemdeel,huisnr,huisletter,huisnrtoevoeging,postcode,wplnaam,loctenopzichtevanadres,locoms,bladresregel1,bladresregel2,bladresregel3,bladresregel4,bladresregel5,bladresregel6,landgebied,indpersaangetroffenopadres,nadereaandverval) VALUES('10811','10045','19611222',null,'19611222','19911002','10884','10885',null,'1','2',null,'19611222',null,null,'508','Nieuwe Haven','Nieuwe Haven',null,'13',null,null,'3311AP','Alkmaar',null,null,null,null,null,null,null,null,'229',null,null);

commit;


--------------------------------------------------
--- EIND
--- Sheet: (his_persadres)
--- Handler: SheetHandlerImplSimpleInsert
--- Aantal: (190)
--------------------------------------------------
--------------------------------------------------
--- Sheet: (16) (vervangtabel adressen) wordt overgeslagen
--------------------------------------------------
--------------------------------------------------
--- Sheet: (17) (roulatie over 40) wordt overgeslagen
--------------------------------------------------
--------------------------------------------------
--- Sheet: (18) (update statement voor adres) wordt overgeslagen
--------------------------------------------------
--------------------------------------------------
--- START
--- Sheet: (relatie)
--- Handler: SheetHandlerImplSimpleInsert
--------------------------------------------------

begin;

INSERT INTO kern.relatie (id,srt,dataanv,gemaanv,wplnaamaanv,blplaatsaanv,blregioaanv,landgebiedaanv,omslocaanv,rdneinde,dateinde,gemeinde,wplnaameinde,blplaatseinde,blregioeinde,landgebiedeinde,omsloceinde) VALUES('10001','1','20030327','1431',null,null,null,'255','Modernodam',null,null,null,null,null,null,null,null);
INSERT INTO kern.relatie (id,srt,dataanv,gemaanv,wplnaamaanv,blplaatsaanv,blregioaanv,landgebiedaanv,omslocaanv,rdneinde,dateinde,gemeinde,wplnaameinde,blplaatseinde,blregioeinde,landgebiedeinde,omsloceinde) VALUES('10002','1','19901111','1431',null,null,null,'255','Modernodam',null,null,null,null,null,null,null,null);
INSERT INTO kern.relatie (id,srt,dataanv,gemaanv,wplnaamaanv,blplaatsaanv,blregioaanv,landgebiedaanv,omslocaanv,rdneinde,dateinde,gemeinde,wplnaameinde,blplaatseinde,blregioeinde,landgebiedeinde,omsloceinde) VALUES('10003','1','19970605','1431',null,null,null,'255','Modernodam','4','20120101',null,null,null,null,null,null);
INSERT INTO kern.relatie (id,srt,dataanv,gemaanv,wplnaamaanv,blplaatsaanv,blregioaanv,landgebiedaanv,omslocaanv,rdneinde,dateinde,gemeinde,wplnaameinde,blplaatseinde,blregioeinde,landgebiedeinde,omsloceinde) VALUES('10004','1','20031024','1431',null,null,null,'255','Modernodam',null,null,null,null,null,null,null,null);
INSERT INTO kern.relatie (id,srt,dataanv,gemaanv,wplnaamaanv,blplaatsaanv,blregioaanv,landgebiedaanv,omslocaanv,rdneinde,dateinde,gemeinde,wplnaameinde,blplaatseinde,blregioeinde,landgebiedeinde,omsloceinde) VALUES('10005','1','19960304','1431',null,null,null,'255','Modernodam','4','20120208',null,null,null,null,null,null);
INSERT INTO kern.relatie (id,srt,dataanv,gemaanv,wplnaamaanv,blplaatsaanv,blregioaanv,landgebiedaanv,omslocaanv,rdneinde,dateinde,gemeinde,wplnaameinde,blplaatseinde,blregioeinde,landgebiedeinde,omsloceinde) VALUES('10006','3',null,null,null,null,null,null,null,null,null,null,null,null,null,null,null);
INSERT INTO kern.relatie (id,srt,dataanv,gemaanv,wplnaamaanv,blplaatsaanv,blregioaanv,landgebiedaanv,omslocaanv,rdneinde,dateinde,gemeinde,wplnaameinde,blplaatseinde,blregioeinde,landgebiedeinde,omsloceinde) VALUES('10007','3',null,null,null,null,null,null,null,null,null,null,null,null,null,null,null);
INSERT INTO kern.relatie (id,srt,dataanv,gemaanv,wplnaamaanv,blplaatsaanv,blregioaanv,landgebiedaanv,omslocaanv,rdneinde,dateinde,gemeinde,wplnaameinde,blplaatseinde,blregioeinde,landgebiedeinde,omsloceinde) VALUES('10008','3',null,null,null,null,null,null,null,null,null,null,null,null,null,null,null);
INSERT INTO kern.relatie (id,srt,dataanv,gemaanv,wplnaamaanv,blplaatsaanv,blregioaanv,landgebiedaanv,omslocaanv,rdneinde,dateinde,gemeinde,wplnaameinde,blplaatseinde,blregioeinde,landgebiedeinde,omsloceinde) VALUES('10009','1','19800610','1431',null,null,null,'255','Modernodam',null,null,null,null,null,null,null,null);
INSERT INTO kern.relatie (id,srt,dataanv,gemaanv,wplnaamaanv,blplaatsaanv,blregioaanv,landgebiedaanv,omslocaanv,rdneinde,dateinde,gemeinde,wplnaameinde,blplaatseinde,blregioeinde,landgebiedeinde,omsloceinde) VALUES('10010','1','19810425','1431',null,null,null,'255','Modernodam',null,null,null,null,null,null,null,null);
INSERT INTO kern.relatie (id,srt,dataanv,gemaanv,wplnaamaanv,blplaatsaanv,blregioaanv,landgebiedaanv,omslocaanv,rdneinde,dateinde,gemeinde,wplnaameinde,blplaatseinde,blregioeinde,landgebiedeinde,omsloceinde) VALUES('10011','1','19760701','1431',null,null,null,'255','Modernodam',null,null,null,null,null,null,null,null);
INSERT INTO kern.relatie (id,srt,dataanv,gemaanv,wplnaamaanv,blplaatsaanv,blregioaanv,landgebiedaanv,omslocaanv,rdneinde,dateinde,gemeinde,wplnaameinde,blplaatseinde,blregioeinde,landgebiedeinde,omsloceinde) VALUES('10012','3',null,null,null,null,null,null,null,null,null,null,null,null,null,null,null);
INSERT INTO kern.relatie (id,srt,dataanv,gemaanv,wplnaamaanv,blplaatsaanv,blregioaanv,landgebiedaanv,omslocaanv,rdneinde,dateinde,gemeinde,wplnaameinde,blplaatseinde,blregioeinde,landgebiedeinde,omsloceinde) VALUES('10013','3',null,null,null,null,null,null,null,null,null,null,null,null,null,null,null);
INSERT INTO kern.relatie (id,srt,dataanv,gemaanv,wplnaamaanv,blplaatsaanv,blregioaanv,landgebiedaanv,omslocaanv,rdneinde,dateinde,gemeinde,wplnaameinde,blplaatseinde,blregioeinde,landgebiedeinde,omsloceinde) VALUES('10014','1','20050101','1431',null,null,null,'255','Modernodam',null,null,null,null,null,null,null,null);
INSERT INTO kern.relatie (id,srt,dataanv,gemaanv,wplnaamaanv,blplaatsaanv,blregioaanv,landgebiedaanv,omslocaanv,rdneinde,dateinde,gemeinde,wplnaameinde,blplaatseinde,blregioeinde,landgebiedeinde,omsloceinde) VALUES('10015','3',null,null,null,null,null,null,null,null,null,null,null,null,null,null,null);
INSERT INTO kern.relatie (id,srt,dataanv,gemaanv,wplnaamaanv,blplaatsaanv,blregioaanv,landgebiedaanv,omslocaanv,rdneinde,dateinde,gemeinde,wplnaameinde,blplaatseinde,blregioeinde,landgebiedeinde,omsloceinde) VALUES('10016','2','20031010','1431',null,null,null,'255','Modernodam',null,null,null,null,null,null,null,null);
INSERT INTO kern.relatie (id,srt,dataanv,gemaanv,wplnaamaanv,blplaatsaanv,blregioaanv,landgebiedaanv,omslocaanv,rdneinde,dateinde,gemeinde,wplnaameinde,blplaatseinde,blregioeinde,landgebiedeinde,omsloceinde) VALUES('10017','3',null,null,null,null,null,null,null,null,null,null,null,null,null,null,null);
INSERT INTO kern.relatie (id,srt,dataanv,gemaanv,wplnaamaanv,blplaatsaanv,blregioaanv,landgebiedaanv,omslocaanv,rdneinde,dateinde,gemeinde,wplnaameinde,blplaatseinde,blregioeinde,landgebiedeinde,omsloceinde) VALUES('10018','1','20030328','1431',null,null,null,'255','Modernodam',null,null,null,null,null,null,null,null);
INSERT INTO kern.relatie (id,srt,dataanv,gemaanv,wplnaamaanv,blplaatsaanv,blregioaanv,landgebiedaanv,omslocaanv,rdneinde,dateinde,gemeinde,wplnaameinde,blplaatseinde,blregioeinde,landgebiedeinde,omsloceinde) VALUES('10019','1','20030328','1431',null,null,null,'255','Modernodam',null,null,null,null,null,null,null,null);

commit;


--------------------------------------------------
--- EIND
--- Sheet: (relatie)
--- Handler: SheetHandlerImplSimpleInsert
--- Aantal: (29)
--------------------------------------------------
--------------------------------------------------
--- START
--- Sheet: (his_relatie)
--- Handler: SheetHandlerImplSimpleInsert
--------------------------------------------------

begin;

INSERT INTO kern.his_relatie (id,relatie,tsreg,tsverval,actieinh,actieverval,dataanv,gemaanv,wplnaamaanv,blplaatsaanv,blregioaanv,landgebiedaanv,omslocaanv,rdneinde,dateinde,gemeinde,wplnaameinde,blplaatseinde,blregioeinde,landgebiedeinde,omsloceinde,nadereaandverval) VALUES('10001','10001','20030327',null,'10501',null,'20030327','1431',null,null,null,'255','Modernodam',null,null,null,null,null,null,null,null,null);
INSERT INTO kern.his_relatie (id,relatie,tsreg,tsverval,actieinh,actieverval,dataanv,gemaanv,wplnaamaanv,blplaatsaanv,blregioaanv,landgebiedaanv,omslocaanv,rdneinde,dateinde,gemeinde,wplnaameinde,blplaatseinde,blregioeinde,landgebiedeinde,omsloceinde,nadereaandverval) VALUES('10002','10002','19901111',null,'10502',null,'19901111','1431',null,null,null,'255','Modernodam',null,null,null,null,null,null,null,null,null);
INSERT INTO kern.his_relatie (id,relatie,tsreg,tsverval,actieinh,actieverval,dataanv,gemaanv,wplnaamaanv,blplaatsaanv,blregioaanv,landgebiedaanv,omslocaanv,rdneinde,dateinde,gemeinde,wplnaameinde,blplaatseinde,blregioeinde,landgebiedeinde,omsloceinde,nadereaandverval) VALUES('10003','10003','19970605','20120101','10503','10639','19970605','1431',null,null,null,'255','Modernodam',null,null,null,null,null,null,null,null,null);
INSERT INTO kern.his_relatie (id,relatie,tsreg,tsverval,actieinh,actieverval,dataanv,gemaanv,wplnaamaanv,blplaatsaanv,blregioaanv,landgebiedaanv,omslocaanv,rdneinde,dateinde,gemeinde,wplnaameinde,blplaatseinde,blregioeinde,landgebiedeinde,omsloceinde,nadereaandverval) VALUES('10004','10004','20031024',null,'10504',null,'20031024','1431',null,null,null,'255','Modernodam',null,null,null,null,null,null,null,null,null);
INSERT INTO kern.his_relatie (id,relatie,tsreg,tsverval,actieinh,actieverval,dataanv,gemaanv,wplnaamaanv,blplaatsaanv,blregioaanv,landgebiedaanv,omslocaanv,rdneinde,dateinde,gemeinde,wplnaameinde,blplaatseinde,blregioeinde,landgebiedeinde,omsloceinde,nadereaandverval) VALUES('10005','10005','19960304','20121007','10505','10640','19960304','1431',null,null,null,'255','Modernodam',null,null,null,null,null,null,null,null,null);
INSERT INTO kern.his_relatie (id,relatie,tsreg,tsverval,actieinh,actieverval,dataanv,gemaanv,wplnaamaanv,blplaatsaanv,blregioaanv,landgebiedaanv,omslocaanv,rdneinde,dateinde,gemeinde,wplnaameinde,blplaatseinde,blregioeinde,landgebiedeinde,omsloceinde,nadereaandverval) VALUES('10009','10009','19800610',null,'10630',null,'19800610','1431',null,null,null,'255','Modernodam',null,null,null,null,null,null,null,null,null);
INSERT INTO kern.his_relatie (id,relatie,tsreg,tsverval,actieinh,actieverval,dataanv,gemaanv,wplnaamaanv,blplaatsaanv,blregioaanv,landgebiedaanv,omslocaanv,rdneinde,dateinde,gemeinde,wplnaameinde,blplaatseinde,blregioeinde,landgebiedeinde,omsloceinde,nadereaandverval) VALUES('10010','10010','19810425',null,'10631',null,'19810425','1431',null,null,null,'255','Modernodam',null,null,null,null,null,null,null,null,null);
INSERT INTO kern.his_relatie (id,relatie,tsreg,tsverval,actieinh,actieverval,dataanv,gemaanv,wplnaamaanv,blplaatsaanv,blregioaanv,landgebiedaanv,omslocaanv,rdneinde,dateinde,gemeinde,wplnaameinde,blplaatseinde,blregioeinde,landgebiedeinde,omsloceinde,nadereaandverval) VALUES('10011','10011','19760701',null,'10632',null,'19760701','1431',null,null,null,'255','Modernodam',null,null,null,null,null,null,null,null,null);
INSERT INTO kern.his_relatie (id,relatie,tsreg,tsverval,actieinh,actieverval,dataanv,gemaanv,wplnaamaanv,blplaatsaanv,blregioaanv,landgebiedaanv,omslocaanv,rdneinde,dateinde,gemeinde,wplnaameinde,blplaatseinde,blregioeinde,landgebiedeinde,omsloceinde,nadereaandverval) VALUES('10014','10014','20050101',null,'10633',null,'20050101','1431',null,null,null,'255','Modernodam',null,null,null,null,null,null,null,null,null);
INSERT INTO kern.his_relatie (id,relatie,tsreg,tsverval,actieinh,actieverval,dataanv,gemaanv,wplnaamaanv,blplaatsaanv,blregioaanv,landgebiedaanv,omslocaanv,rdneinde,dateinde,gemeinde,wplnaameinde,blplaatseinde,blregioeinde,landgebiedeinde,omsloceinde,nadereaandverval) VALUES('10016','10016','20031010',null,'10637',null,'20031010','1431',null,null,null,'255','Modernodam',null,null,null,null,null,null,null,null,null);
INSERT INTO kern.his_relatie (id,relatie,tsreg,tsverval,actieinh,actieverval,dataanv,gemaanv,wplnaamaanv,blplaatsaanv,blregioaanv,landgebiedaanv,omslocaanv,rdneinde,dateinde,gemeinde,wplnaameinde,blplaatseinde,blregioeinde,landgebiedeinde,omsloceinde,nadereaandverval) VALUES('10017','10003','20120101',null,'10639',null,'19970605','1431',null,null,null,'255','Modernodam','6','20120101',null,null,null,null,null,null,null);
INSERT INTO kern.his_relatie (id,relatie,tsreg,tsverval,actieinh,actieverval,dataanv,gemaanv,wplnaamaanv,blplaatsaanv,blregioaanv,landgebiedaanv,omslocaanv,rdneinde,dateinde,gemeinde,wplnaameinde,blplaatseinde,blregioeinde,landgebiedeinde,omsloceinde,nadereaandverval) VALUES('10018','10005','20120209',null,'10640',null,'19960304','1431',null,null,null,'255','Modernodam','4','20121004',null,null,null,null,null,null,null);
INSERT INTO kern.his_relatie (id,relatie,tsreg,tsverval,actieinh,actieverval,dataanv,gemaanv,wplnaamaanv,blplaatsaanv,blregioaanv,landgebiedaanv,omslocaanv,rdneinde,dateinde,gemeinde,wplnaameinde,blplaatseinde,blregioeinde,landgebiedeinde,omsloceinde,nadereaandverval) VALUES('10019','10018','20030328',null,'10646',null,'20030328','1431',null,null,null,'255','Modernodam',null,null,null,null,null,null,null,null,null);
INSERT INTO kern.his_relatie (id,relatie,tsreg,tsverval,actieinh,actieverval,dataanv,gemaanv,wplnaamaanv,blplaatsaanv,blregioaanv,landgebiedaanv,omslocaanv,rdneinde,dateinde,gemeinde,wplnaameinde,blplaatseinde,blregioeinde,landgebiedeinde,omsloceinde,nadereaandverval) VALUES('10020','10019','20030328',null,'10647',null,'20030328','1431',null,null,null,'255','Modernodam',null,null,null,null,null,null,null,null,null);

commit;


--------------------------------------------------
--- EIND
--- Sheet: (his_relatie)
--- Handler: SheetHandlerImplSimpleInsert
--- Aantal: (24)
--------------------------------------------------
--------------------------------------------------
--- START
--- Sheet: (betr)
--- Handler: SheetHandlerImplSimpleInsert
--------------------------------------------------

begin;

INSERT INTO kern.betr (id,relatie,rol,pers,indouder,indouderheeftgezag,indouderuitwiekindisgeboren) VALUES('10001','10001','3','10001',null,null,null);
INSERT INTO kern.betr (id,relatie,rol,pers,indouder,indouderheeftgezag,indouderuitwiekindisgeboren) VALUES('10002','10001','3','10002',null,null,null);
INSERT INTO kern.betr (id,relatie,rol,pers,indouder,indouderheeftgezag,indouderuitwiekindisgeboren) VALUES('10003','10002','3','10003',null,null,null);
INSERT INTO kern.betr (id,relatie,rol,pers,indouder,indouderheeftgezag,indouderuitwiekindisgeboren) VALUES('10004','10002','3','10004',null,null,null);
INSERT INTO kern.betr (id,relatie,rol,pers,indouder,indouderheeftgezag,indouderuitwiekindisgeboren) VALUES('10005','10003','3','10005',null,null,null);
INSERT INTO kern.betr (id,relatie,rol,pers,indouder,indouderheeftgezag,indouderuitwiekindisgeboren) VALUES('10006','10003','3','10006',null,null,null);
INSERT INTO kern.betr (id,relatie,rol,pers,indouder,indouderheeftgezag,indouderuitwiekindisgeboren) VALUES('10007','10004','3','10007',null,null,null);
INSERT INTO kern.betr (id,relatie,rol,pers,indouder,indouderheeftgezag,indouderuitwiekindisgeboren) VALUES('10008','10004','3','10008',null,null,null);
INSERT INTO kern.betr (id,relatie,rol,pers,indouder,indouderheeftgezag,indouderuitwiekindisgeboren) VALUES('10009','10005','3','10010',null,null,null);
INSERT INTO kern.betr (id,relatie,rol,pers,indouder,indouderheeftgezag,indouderuitwiekindisgeboren) VALUES('10010','10005','3','10011',null,null,null);
INSERT INTO kern.betr (id,relatie,rol,pers,indouder,indouderheeftgezag,indouderuitwiekindisgeboren) VALUES('10011','10006','2','10005','true','true',null);
INSERT INTO kern.betr (id,relatie,rol,pers,indouder,indouderheeftgezag,indouderuitwiekindisgeboren) VALUES('10012','10006','2','10006','true','true',null);
INSERT INTO kern.betr (id,relatie,rol,pers,indouder,indouderheeftgezag,indouderuitwiekindisgeboren) VALUES('10013','10006','1','10009',null,null,null);
INSERT INTO kern.betr (id,relatie,rol,pers,indouder,indouderheeftgezag,indouderuitwiekindisgeboren) VALUES('10014','10007','2','10010','true','true',null);
INSERT INTO kern.betr (id,relatie,rol,pers,indouder,indouderheeftgezag,indouderuitwiekindisgeboren) VALUES('10015','10007','2','10011','true','true',null);
INSERT INTO kern.betr (id,relatie,rol,pers,indouder,indouderheeftgezag,indouderuitwiekindisgeboren) VALUES('10016','10007','1','10014',null,null,null);
INSERT INTO kern.betr (id,relatie,rol,pers,indouder,indouderheeftgezag,indouderuitwiekindisgeboren) VALUES('10017','10008','2','10042','true','true',null);
INSERT INTO kern.betr (id,relatie,rol,pers,indouder,indouderheeftgezag,indouderuitwiekindisgeboren) VALUES('10018','10008','2','10043','true','true',null);
INSERT INTO kern.betr (id,relatie,rol,pers,indouder,indouderheeftgezag,indouderuitwiekindisgeboren) VALUES('10019','10008','1','10028',null,null,null);
INSERT INTO kern.betr (id,relatie,rol,pers,indouder,indouderheeftgezag,indouderuitwiekindisgeboren) VALUES('10020','10008','2','10044',null,null,null);
INSERT INTO kern.betr (id,relatie,rol,pers,indouder,indouderheeftgezag,indouderuitwiekindisgeboren) VALUES('10021','10008','2','10045',null,null,null);
INSERT INTO kern.betr (id,relatie,rol,pers,indouder,indouderheeftgezag,indouderuitwiekindisgeboren) VALUES('10022','10009','3','10042',null,null,null);
INSERT INTO kern.betr (id,relatie,rol,pers,indouder,indouderheeftgezag,indouderuitwiekindisgeboren) VALUES('10023','10009','3','10043',null,null,null);
INSERT INTO kern.betr (id,relatie,rol,pers,indouder,indouderheeftgezag,indouderuitwiekindisgeboren) VALUES('10024','10010','3','10044',null,null,null);
INSERT INTO kern.betr (id,relatie,rol,pers,indouder,indouderheeftgezag,indouderuitwiekindisgeboren) VALUES('10025','10010','3','10045',null,null,null);
INSERT INTO kern.betr (id,relatie,rol,pers,indouder,indouderheeftgezag,indouderuitwiekindisgeboren) VALUES('10026','10011','3','10032',null,null,null);
INSERT INTO kern.betr (id,relatie,rol,pers,indouder,indouderheeftgezag,indouderuitwiekindisgeboren) VALUES('10027','10011','3','10033',null,null,null);
INSERT INTO kern.betr (id,relatie,rol,pers,indouder,indouderheeftgezag,indouderuitwiekindisgeboren) VALUES('10028','10012','2','10035','true','true',null);
INSERT INTO kern.betr (id,relatie,rol,pers,indouder,indouderheeftgezag,indouderuitwiekindisgeboren) VALUES('10029','10012','2','10036','true','true',null);
INSERT INTO kern.betr (id,relatie,rol,pers,indouder,indouderheeftgezag,indouderuitwiekindisgeboren) VALUES('10030','10012','1','10037',null,null,null);
INSERT INTO kern.betr (id,relatie,rol,pers,indouder,indouderheeftgezag,indouderuitwiekindisgeboren) VALUES('10031','10013','2','10035','true','true',null);
INSERT INTO kern.betr (id,relatie,rol,pers,indouder,indouderheeftgezag,indouderuitwiekindisgeboren) VALUES('10032','10013','2','10036','true','true',null);
INSERT INTO kern.betr (id,relatie,rol,pers,indouder,indouderheeftgezag,indouderuitwiekindisgeboren) VALUES('10033','10013','1','10038',null,null,null);
INSERT INTO kern.betr (id,relatie,rol,pers,indouder,indouderheeftgezag,indouderuitwiekindisgeboren) VALUES('10034','10014','3','10035',null,null,null);
INSERT INTO kern.betr (id,relatie,rol,pers,indouder,indouderheeftgezag,indouderuitwiekindisgeboren) VALUES('10035','10014','3','10036',null,null,null);
INSERT INTO kern.betr (id,relatie,rol,pers,indouder,indouderheeftgezag,indouderuitwiekindisgeboren) VALUES('10036','10015','1','10006',null,null,null);
INSERT INTO kern.betr (id,relatie,rol,pers,indouder,indouderheeftgezag,indouderuitwiekindisgeboren) VALUES('10037','10015','2','10011','true','true',null);
INSERT INTO kern.betr (id,relatie,rol,pers,indouder,indouderheeftgezag,indouderuitwiekindisgeboren) VALUES('10038','10016','3','10016',null,null,null);
INSERT INTO kern.betr (id,relatie,rol,pers,indouder,indouderheeftgezag,indouderuitwiekindisgeboren) VALUES('10039','10016','3','10017',null,null,null);
INSERT INTO kern.betr (id,relatie,rol,pers,indouder,indouderheeftgezag,indouderuitwiekindisgeboren) VALUES('10040','10017','2','10015','true','true',null);
INSERT INTO kern.betr (id,relatie,rol,pers,indouder,indouderheeftgezag,indouderuitwiekindisgeboren) VALUES('10041','10017','2','10014','true','true',null);
INSERT INTO kern.betr (id,relatie,rol,pers,indouder,indouderheeftgezag,indouderuitwiekindisgeboren) VALUES('10042','10017','1','10026',null,null,null);
INSERT INTO kern.betr (id,relatie,rol,pers,indouder,indouderheeftgezag,indouderuitwiekindisgeboren) VALUES('10043','10018','3','10001',null,null,null);
INSERT INTO kern.betr (id,relatie,rol,pers,indouder,indouderheeftgezag,indouderuitwiekindisgeboren) VALUES('10044','10018','3','10027',null,null,null);
INSERT INTO kern.betr (id,relatie,rol,pers,indouder,indouderheeftgezag,indouderuitwiekindisgeboren) VALUES('10045','10019','3','10037',null,null,null);
INSERT INTO kern.betr (id,relatie,rol,pers,indouder,indouderheeftgezag,indouderuitwiekindisgeboren) VALUES('10046','10019','3','10038',null,null,null);

commit;


--------------------------------------------------
--- EIND
--- Sheet: (betr)
--- Handler: SheetHandlerImplSimpleInsert
--- Aantal: (56)
--------------------------------------------------
--------------------------------------------------
--- START
--- Sheet: (His_OuderOuderlijkGezag)
--- Handler: SheetHandlerImplSimpleInsert
--------------------------------------------------

begin;

INSERT INTO kern.his_ouderouderlijkgezag (id,betr,dataanvgel,dateindegel,tsreg,tsverval,actieinh,actieverval,actieaanpgel,indouderheeftgezag,nadereaandverval) VALUES('10011','10011','20031226',null,'20031226',null,'10500',null,null,'true',null);
INSERT INTO kern.his_ouderouderlijkgezag (id,betr,dataanvgel,dateindegel,tsreg,tsverval,actieinh,actieverval,actieaanpgel,indouderheeftgezag,nadereaandverval) VALUES('10012','10012','20031226',null,'20031226',null,'10500',null,null,'true',null);
INSERT INTO kern.his_ouderouderlijkgezag (id,betr,dataanvgel,dateindegel,tsreg,tsverval,actieinh,actieverval,actieaanpgel,indouderheeftgezag,nadereaandverval) VALUES('10014','10014','19910911',null,'19910911',null,'10627',null,null,'true',null);
INSERT INTO kern.his_ouderouderlijkgezag (id,betr,dataanvgel,dateindegel,tsreg,tsverval,actieinh,actieverval,actieaanpgel,indouderheeftgezag,nadereaandverval) VALUES('10015','10015','19910911',null,'19910911',null,'10627',null,null,'true',null);
INSERT INTO kern.his_ouderouderlijkgezag (id,betr,dataanvgel,dateindegel,tsreg,tsverval,actieinh,actieverval,actieaanpgel,indouderheeftgezag,nadereaandverval) VALUES('10017','10017','20001022',null,'20001022',null,'10628',null,null,'true',null);
INSERT INTO kern.his_ouderouderlijkgezag (id,betr,dataanvgel,dateindegel,tsreg,tsverval,actieinh,actieverval,actieaanpgel,indouderheeftgezag,nadereaandverval) VALUES('10018','10018','20001022',null,'20001022',null,'10628',null,null,'true',null);
INSERT INTO kern.his_ouderouderlijkgezag (id,betr,dataanvgel,dateindegel,tsreg,tsverval,actieinh,actieverval,actieaanpgel,indouderheeftgezag,nadereaandverval) VALUES('10020','10020','19900722',null,'19900722','20001022','10626','10628',null,'true',null);
INSERT INTO kern.his_ouderouderlijkgezag (id,betr,dataanvgel,dateindegel,tsreg,tsverval,actieinh,actieverval,actieaanpgel,indouderheeftgezag,nadereaandverval) VALUES('10120','10020','19900722','20001022','20001022',null,'10626',null,'10628','true',null);
INSERT INTO kern.his_ouderouderlijkgezag (id,betr,dataanvgel,dateindegel,tsreg,tsverval,actieinh,actieverval,actieaanpgel,indouderheeftgezag,nadereaandverval) VALUES('10021','10021','19900722',null,'19900722','20001022','10626','10628',null,'true',null);
INSERT INTO kern.his_ouderouderlijkgezag (id,betr,dataanvgel,dateindegel,tsreg,tsverval,actieinh,actieverval,actieaanpgel,indouderheeftgezag,nadereaandverval) VALUES('10121','10021','19900722','20001022','20001022',null,'10626',null,'10628','true',null);
INSERT INTO kern.his_ouderouderlijkgezag (id,betr,dataanvgel,dateindegel,tsreg,tsverval,actieinh,actieverval,actieaanpgel,indouderheeftgezag,nadereaandverval) VALUES('10028','10028','20050112',null,'20050112',null,'10634',null,null,'true',null);
INSERT INTO kern.his_ouderouderlijkgezag (id,betr,dataanvgel,dateindegel,tsreg,tsverval,actieinh,actieverval,actieaanpgel,indouderheeftgezag,nadereaandverval) VALUES('10029','10029','20050112',null,'20050112',null,'10634',null,null,'true',null);
INSERT INTO kern.his_ouderouderlijkgezag (id,betr,dataanvgel,dateindegel,tsreg,tsverval,actieinh,actieverval,actieaanpgel,indouderheeftgezag,nadereaandverval) VALUES('10031','10031','20051201',null,'20051201',null,'10635',null,null,'true',null);
INSERT INTO kern.his_ouderouderlijkgezag (id,betr,dataanvgel,dateindegel,tsreg,tsverval,actieinh,actieverval,actieaanpgel,indouderheeftgezag,nadereaandverval) VALUES('10032','10032','20051201',null,'20051201',null,'10635',null,null,'true',null);
INSERT INTO kern.his_ouderouderlijkgezag (id,betr,dataanvgel,dateindegel,tsreg,tsverval,actieinh,actieverval,actieaanpgel,indouderheeftgezag,nadereaandverval) VALUES('10033','10037','19951003',null,'19951003',null,'10636',null,null,'true',null);
INSERT INTO kern.his_ouderouderlijkgezag (id,betr,dataanvgel,dateindegel,tsreg,tsverval,actieinh,actieverval,actieaanpgel,indouderheeftgezag,nadereaandverval) VALUES('10034','10040','20050112',null,'20050112',null,'10638',null,null,'true',null);
INSERT INTO kern.his_ouderouderlijkgezag (id,betr,dataanvgel,dateindegel,tsreg,tsverval,actieinh,actieverval,actieaanpgel,indouderheeftgezag,nadereaandverval) VALUES('10035','10041','20050112',null,'20050112',null,'10638',null,null,'true',null);

commit;


--------------------------------------------------
--- EIND
--- Sheet: (His_OuderOuderlijkGezag)
--- Handler: SheetHandlerImplSimpleInsert
--- Aantal: (26)
--------------------------------------------------
--------------------------------------------------
--- START
--- Sheet: (His_OuderOuderschap)
--- Handler: SheetHandlerImplSimpleInsert
--------------------------------------------------

begin;

INSERT INTO kern.his_ouderouderschap (id,betr,dataanvgel,dateindegel,tsreg,tsverval,actieinh,actieverval,actieaanpgel,indouder,indouderuitwiekindisgeboren,nadereaandverval) VALUES('10011','10011','20031226',null,'20031226',null,'10500',null,null,'true',null,null);
INSERT INTO kern.his_ouderouderschap (id,betr,dataanvgel,dateindegel,tsreg,tsverval,actieinh,actieverval,actieaanpgel,indouder,indouderuitwiekindisgeboren,nadereaandverval) VALUES('10012','10012','20031226',null,'20031226',null,'10500',null,null,'true',null,null);
INSERT INTO kern.his_ouderouderschap (id,betr,dataanvgel,dateindegel,tsreg,tsverval,actieinh,actieverval,actieaanpgel,indouder,indouderuitwiekindisgeboren,nadereaandverval) VALUES('10014','10014','19910911',null,'19910911',null,'10627',null,null,'true',null,null);
INSERT INTO kern.his_ouderouderschap (id,betr,dataanvgel,dateindegel,tsreg,tsverval,actieinh,actieverval,actieaanpgel,indouder,indouderuitwiekindisgeboren,nadereaandverval) VALUES('10015','10015','19910911',null,'19910911',null,'10627',null,null,'true',null,null);
INSERT INTO kern.his_ouderouderschap (id,betr,dataanvgel,dateindegel,tsreg,tsverval,actieinh,actieverval,actieaanpgel,indouder,indouderuitwiekindisgeboren,nadereaandverval) VALUES('10017','10017','20001022',null,'20001022',null,'10628',null,null,'true',null,null);
INSERT INTO kern.his_ouderouderschap (id,betr,dataanvgel,dateindegel,tsreg,tsverval,actieinh,actieverval,actieaanpgel,indouder,indouderuitwiekindisgeboren,nadereaandverval) VALUES('10018','10018','20001022',null,'20001022',null,'10628',null,null,'true',null,null);
INSERT INTO kern.his_ouderouderschap (id,betr,dataanvgel,dateindegel,tsreg,tsverval,actieinh,actieverval,actieaanpgel,indouder,indouderuitwiekindisgeboren,nadereaandverval) VALUES('10020','10020','19900722',null,'19900722','20001022','10626','10628',null,'true',null,null);
INSERT INTO kern.his_ouderouderschap (id,betr,dataanvgel,dateindegel,tsreg,tsverval,actieinh,actieverval,actieaanpgel,indouder,indouderuitwiekindisgeboren,nadereaandverval) VALUES('10120','10020','19900722','20001022','20001022',null,'10626',null,'10628','true',null,null);
INSERT INTO kern.his_ouderouderschap (id,betr,dataanvgel,dateindegel,tsreg,tsverval,actieinh,actieverval,actieaanpgel,indouder,indouderuitwiekindisgeboren,nadereaandverval) VALUES('10021','10021','19900722',null,'19900722','20001022','10626','10628',null,'true',null,null);
INSERT INTO kern.his_ouderouderschap (id,betr,dataanvgel,dateindegel,tsreg,tsverval,actieinh,actieverval,actieaanpgel,indouder,indouderuitwiekindisgeboren,nadereaandverval) VALUES('10121','10021','19900722','20001022','20001022',null,'10626',null,'10628','true',null,null);
INSERT INTO kern.his_ouderouderschap (id,betr,dataanvgel,dateindegel,tsreg,tsverval,actieinh,actieverval,actieaanpgel,indouder,indouderuitwiekindisgeboren,nadereaandverval) VALUES('10028','10028','20050112',null,'20050112',null,'10634',null,null,'true',null,null);
INSERT INTO kern.his_ouderouderschap (id,betr,dataanvgel,dateindegel,tsreg,tsverval,actieinh,actieverval,actieaanpgel,indouder,indouderuitwiekindisgeboren,nadereaandverval) VALUES('10029','10029','20050112',null,'20050112',null,'10634',null,null,'true',null,null);
INSERT INTO kern.his_ouderouderschap (id,betr,dataanvgel,dateindegel,tsreg,tsverval,actieinh,actieverval,actieaanpgel,indouder,indouderuitwiekindisgeboren,nadereaandverval) VALUES('10031','10031','20051201',null,'20051201',null,'10635',null,null,'true',null,null);
INSERT INTO kern.his_ouderouderschap (id,betr,dataanvgel,dateindegel,tsreg,tsverval,actieinh,actieverval,actieaanpgel,indouder,indouderuitwiekindisgeboren,nadereaandverval) VALUES('10032','10032','20051201',null,'20051201',null,'10635',null,null,'true',null,null);
INSERT INTO kern.his_ouderouderschap (id,betr,dataanvgel,dateindegel,tsreg,tsverval,actieinh,actieverval,actieaanpgel,indouder,indouderuitwiekindisgeboren,nadereaandverval) VALUES('10033','10037','19951003',null,'19951003',null,'10636',null,null,'true',null,null);
INSERT INTO kern.his_ouderouderschap (id,betr,dataanvgel,dateindegel,tsreg,tsverval,actieinh,actieverval,actieaanpgel,indouder,indouderuitwiekindisgeboren,nadereaandverval) VALUES('10034','10040','20050112',null,'20050112',null,'10638',null,null,'true',null,null);
INSERT INTO kern.his_ouderouderschap (id,betr,dataanvgel,dateindegel,tsreg,tsverval,actieinh,actieverval,actieaanpgel,indouder,indouderuitwiekindisgeboren,nadereaandverval) VALUES('10035','10041','20050112',null,'20050112',null,'10638',null,null,'true',null,null);

commit;


--------------------------------------------------
--- EIND
--- Sheet: (His_OuderOuderschap)
--- Handler: SheetHandlerImplSimpleInsert
--- Aantal: (26)
--------------------------------------------------
--------------------------------------------------
--- Sheet: (24) (update statements) wordt overgeslagen
--------------------------------------------------
--------------------------------------------------
--- START
--- Sheet: (persindicatie)
--- Handler: SheetHandlerImplSimpleInsert
--------------------------------------------------

begin;

INSERT INTO kern.persindicatie (id,pers,srt,waarde) VALUES('10002','10002','2','true');
INSERT INTO kern.persindicatie (id,pers,srt,waarde) VALUES('10003','10013','2','true');
INSERT INTO kern.persindicatie (id,pers,srt,waarde) VALUES('10004','10013','3','true');
INSERT INTO kern.persindicatie (id,pers,srt,waarde) VALUES('10005','10025','2','true');
INSERT INTO kern.persindicatie (id,pers,srt,waarde) VALUES('10006','10009','7','true');
INSERT INTO kern.persindicatie (id,pers,srt,waarde) VALUES('10007','10028','7','true');

commit;


--------------------------------------------------
--- EIND
--- Sheet: (persindicatie)
--- Handler: SheetHandlerImplSimpleInsert
--- Aantal: (7)
--------------------------------------------------
--------------------------------------------------
--- START
--- Sheet: (his_persindicatie)
--- Handler: SheetHandlerImplSimpleInsert
--------------------------------------------------

begin;

INSERT INTO kern.his_persindicatie (id,persindicatie,dataanvgel,dateindegel,tsreg,tsverval,actieinh,actieverval,actieaanpgel,waarde,nadereaandverval) VALUES('10002','10002','19550602',null,'19550602',null,'10624',null,null,'true',null);
INSERT INTO kern.his_persindicatie (id,persindicatie,dataanvgel,dateindegel,tsreg,tsverval,actieinh,actieverval,actieaanpgel,waarde,nadereaandverval) VALUES('10003','10003','19941003',null,'19941003',null,'10625',null,null,'true',null);
INSERT INTO kern.his_persindicatie (id,persindicatie,dataanvgel,dateindegel,tsreg,tsverval,actieinh,actieverval,actieaanpgel,waarde,nadereaandverval) VALUES('10006','10006','20120101',null,'20120101',null,'10650',null,null,'true',null);
INSERT INTO kern.his_persindicatie (id,persindicatie,dataanvgel,dateindegel,tsreg,tsverval,actieinh,actieverval,actieaanpgel,waarde,nadereaandverval) VALUES('10007','10007','20130310','20130320','20130310',null,'10651',null,null,'true',null);

commit;


--------------------------------------------------
--- EIND
--- Sheet: (his_persindicatie)
--- Handler: SheetHandlerImplSimpleInsert
--- Aantal: (5)
--------------------------------------------------
--------------------------------------------------
--- START
--- Sheet: (persvoornaam)
--- Handler: SheetHandlerImplSimpleInsert
--------------------------------------------------

begin;

INSERT INTO kern.persvoornaam (naam,id,pers,volgnr) VALUES('Cees','10001','10001','1');
INSERT INTO kern.persvoornaam (naam,id,pers,volgnr) VALUES('Paula','10002','10002','1');
INSERT INTO kern.persvoornaam (naam,id,pers,volgnr) VALUES('Christoffel','10003','10003','1');
INSERT INTO kern.persvoornaam (naam,id,pers,volgnr) VALUES('Eleonora','10004','10004','1');
INSERT INTO kern.persvoornaam (naam,id,pers,volgnr) VALUES('Albert','10005','10005','1');
INSERT INTO kern.persvoornaam (naam,id,pers,volgnr) VALUES('Anne-Marie','10006','10006','1');
INSERT INTO kern.persvoornaam (naam,id,pers,volgnr) VALUES('Henk','10007','10007','1');
INSERT INTO kern.persvoornaam (naam,id,pers,volgnr) VALUES('Anna','10008','10008','1');
INSERT INTO kern.persvoornaam (naam,id,pers,volgnr) VALUES('Miranda','10009','10009','1');
INSERT INTO kern.persvoornaam (naam,id,pers,volgnr) VALUES('John','10010','10010','1');
INSERT INTO kern.persvoornaam (naam,id,pers,volgnr) VALUES('Dorothea','10011','10011','1');
INSERT INTO kern.persvoornaam (naam,id,pers,volgnr) VALUES('Bas','10012','10012','1');
INSERT INTO kern.persvoornaam (naam,id,pers,volgnr) VALUES('Hendrika','10013','10013','1');
INSERT INTO kern.persvoornaam (naam,id,pers,volgnr) VALUES('Jan','10014','10014','1');
INSERT INTO kern.persvoornaam (naam,id,pers,volgnr) VALUES('Petronella','10015','10015','1');
INSERT INTO kern.persvoornaam (naam,id,pers,volgnr) VALUES('Maria','10016','10016','1');
INSERT INTO kern.persvoornaam (naam,id,pers,volgnr) VALUES('Pieter','10017','10017','1');
INSERT INTO kern.persvoornaam (naam,id,pers,volgnr) VALUES('Petronellaatje','10018','10018','1');
INSERT INTO kern.persvoornaam (naam,id,pers,volgnr) VALUES('Sanne','10019','10019','1');
INSERT INTO kern.persvoornaam (naam,id,pers,volgnr) VALUES('Hanna','10020','10020','1');
INSERT INTO kern.persvoornaam (naam,id,pers,volgnr) VALUES('Sander','10021','10021','1');
INSERT INTO kern.persvoornaam (naam,id,pers,volgnr) VALUES('Ellen','10022','10022','1');
INSERT INTO kern.persvoornaam (naam,id,pers,volgnr) VALUES('Christian','10023','10023','1');
INSERT INTO kern.persvoornaam (naam,id,pers,volgnr) VALUES('Anja','10024','10024','1');
INSERT INTO kern.persvoornaam (naam,id,pers,volgnr) VALUES('Karel','10025','10025','1');
INSERT INTO kern.persvoornaam (naam,id,pers,volgnr) VALUES('Helen','10026','10026','1');
INSERT INTO kern.persvoornaam (naam,id,pers,volgnr) VALUES('Sander','10027','10027','1');
INSERT INTO kern.persvoornaam (naam,id,pers,volgnr) VALUES('Violet','10028','10028','1');
INSERT INTO kern.persvoornaam (naam,id,pers,volgnr) VALUES('Violetta','10029','10029','1');
INSERT INTO kern.persvoornaam (naam,id,pers,volgnr) VALUES('Tanja','10030','10030','1');
INSERT INTO kern.persvoornaam (naam,id,pers,volgnr) VALUES('Berend','10031','10031','1');
INSERT INTO kern.persvoornaam (naam,id,pers,volgnr) VALUES('Mike','10032','10032','1');
INSERT INTO kern.persvoornaam (naam,id,pers,volgnr) VALUES('Sanne','10033','10033','1');
INSERT INTO kern.persvoornaam (naam,id,pers,volgnr) VALUES('Josje','10034','10034','1');
INSERT INTO kern.persvoornaam (naam,id,pers,volgnr) VALUES('Anna','10035','10035','1');
INSERT INTO kern.persvoornaam (naam,id,pers,volgnr) VALUES('Gerard','10036','10036','1');
INSERT INTO kern.persvoornaam (naam,id,pers,volgnr) VALUES('Albert','10037','10037','1');
INSERT INTO kern.persvoornaam (naam,id,pers,volgnr) VALUES('Marijke','10038','10038','1');
INSERT INTO kern.persvoornaam (naam,id,pers,volgnr) VALUES('Geerte','10039','10039','1');
INSERT INTO kern.persvoornaam (naam,id,pers,volgnr) VALUES('Gert','10040','10040','1');
INSERT INTO kern.persvoornaam (naam,id,pers,volgnr) VALUES('Gijs','10041','10041','1');
INSERT INTO kern.persvoornaam (naam,id,pers,volgnr) VALUES('Guido','10042','10042','1');
INSERT INTO kern.persvoornaam (naam,id,pers,volgnr) VALUES('Annemieke','10043','10043','1');
INSERT INTO kern.persvoornaam (naam,id,pers,volgnr) VALUES('Maarten','10044','10044','1');
INSERT INTO kern.persvoornaam (naam,id,pers,volgnr) VALUES('Marion','10045','10045','1');
INSERT INTO kern.persvoornaam (naam,id,pers,volgnr) VALUES('Françoise','10046','10004','2');
INSERT INTO kern.persvoornaam (naam,id,pers,volgnr) VALUES('Maria','10047','10008','2');
INSERT INTO kern.persvoornaam (naam,id,pers,volgnr) VALUES('Petra','10048','10008','3');
INSERT INTO kern.persvoornaam (naam,id,pers,volgnr) VALUES('Isabella','10049','10013','2');
INSERT INTO kern.persvoornaam (naam,id,pers,volgnr) VALUES('Gerarda','10050','10013','3');
INSERT INTO kern.persvoornaam (naam,id,pers,volgnr) VALUES('Johanna','10051','10013','4');
INSERT INTO kern.persvoornaam (naam,id,pers,volgnr) VALUES('Christina','10052','10016','2');
INSERT INTO kern.persvoornaam (naam,id,pers,volgnr) VALUES('Piet','10053','10037','2');
INSERT INTO kern.persvoornaam (naam,id,pers,volgnr) VALUES('Hendricus','10054','10037','3');

commit;


--------------------------------------------------
--- EIND
--- Sheet: (persvoornaam)
--- Handler: SheetHandlerImplSimpleInsert
--- Aantal: (54)
--------------------------------------------------
--------------------------------------------------
--- START
--- Sheet: (his_persvoornaam)
--- Handler: SheetHandlerImplSimpleInsert
--------------------------------------------------

begin;

INSERT INTO kern.his_persvoornaam (id,persvoornaam,dataanvgel,dateindegel,tsreg,tsverval,actieinh,actieverval,nadereaandverval,actieaanpgel,naam) VALUES('10001','10001','19811002',null,'19811002',null,'10001',null,null,null,'Cees');
INSERT INTO kern.his_persvoornaam (id,persvoornaam,dataanvgel,dateindegel,tsreg,tsverval,actieinh,actieverval,nadereaandverval,actieaanpgel,naam) VALUES('10002','10002','19820528',null,'19820528',null,'10002',null,null,null,'Paula');
INSERT INTO kern.his_persvoornaam (id,persvoornaam,dataanvgel,dateindegel,tsreg,tsverval,actieinh,actieverval,nadereaandverval,actieaanpgel,naam) VALUES('10003','10003','19660302',null,'19660302',null,'10003',null,null,null,'Christoffel');
INSERT INTO kern.his_persvoornaam (id,persvoornaam,dataanvgel,dateindegel,tsreg,tsverval,actieinh,actieverval,nadereaandverval,actieaanpgel,naam) VALUES('10004','10004','19691227',null,'19691227',null,'10004',null,null,null,'Eleonora');
INSERT INTO kern.his_persvoornaam (id,persvoornaam,dataanvgel,dateindegel,tsreg,tsverval,actieinh,actieverval,nadereaandverval,actieaanpgel,naam) VALUES('10005','10005','19710717',null,'19710717',null,'10005',null,null,null,'Albert');
INSERT INTO kern.his_persvoornaam (id,persvoornaam,dataanvgel,dateindegel,tsreg,tsverval,actieinh,actieverval,nadereaandverval,actieaanpgel,naam) VALUES('10006','10006','19720928',null,'19720928',null,'10006',null,null,null,'Anne-Marie');
INSERT INTO kern.his_persvoornaam (id,persvoornaam,dataanvgel,dateindegel,tsreg,tsverval,actieinh,actieverval,nadereaandverval,actieaanpgel,naam) VALUES('10007','10007','19800616',null,'19800616',null,'10007',null,null,null,'Henk');
INSERT INTO kern.his_persvoornaam (id,persvoornaam,dataanvgel,dateindegel,tsreg,tsverval,actieinh,actieverval,nadereaandverval,actieaanpgel,naam) VALUES('10008','10008','19810418',null,'19810418',null,'10008',null,null,null,'Anna');
INSERT INTO kern.his_persvoornaam (id,persvoornaam,dataanvgel,dateindegel,tsreg,tsverval,actieinh,actieverval,nadereaandverval,actieaanpgel,naam) VALUES('10009','10009','20110516',null,'20110516',null,'10009',null,null,null,'Miranda');
INSERT INTO kern.his_persvoornaam (id,persvoornaam,dataanvgel,dateindegel,tsreg,tsverval,actieinh,actieverval,nadereaandverval,actieaanpgel,naam) VALUES('10010','10010','19691231',null,'19691231',null,'10010',null,null,null,'John');
INSERT INTO kern.his_persvoornaam (id,persvoornaam,dataanvgel,dateindegel,tsreg,tsverval,actieinh,actieverval,nadereaandverval,actieaanpgel,naam) VALUES('10011','10011','19690516',null,'19690516',null,'10011',null,null,null,'Dorothea');
INSERT INTO kern.his_persvoornaam (id,persvoornaam,dataanvgel,dateindegel,tsreg,tsverval,actieinh,actieverval,nadereaandverval,actieaanpgel,naam) VALUES('10012','10012','19771210',null,'19771210',null,'10012',null,null,null,'Bas');
INSERT INTO kern.his_persvoornaam (id,persvoornaam,dataanvgel,dateindegel,tsreg,tsverval,actieinh,actieverval,nadereaandverval,actieaanpgel,naam) VALUES('10013','10013','19550602',null,'19550602',null,'10013',null,null,null,'Hendrika');
INSERT INTO kern.his_persvoornaam (id,persvoornaam,dataanvgel,dateindegel,tsreg,tsverval,actieinh,actieverval,nadereaandverval,actieaanpgel,naam) VALUES('10014','10014','19780611',null,'19780611',null,'10014',null,null,null,'Jan');
INSERT INTO kern.his_persvoornaam (id,persvoornaam,dataanvgel,dateindegel,tsreg,tsverval,actieinh,actieverval,nadereaandverval,actieaanpgel,naam) VALUES('10015','10015','19880425',null,'19880425',null,'10015',null,null,null,'Petronella');
INSERT INTO kern.his_persvoornaam (id,persvoornaam,dataanvgel,dateindegel,tsreg,tsverval,actieinh,actieverval,nadereaandverval,actieaanpgel,naam) VALUES('10016','10016','19881210',null,'19881210',null,'10016',null,null,null,'Maria');
INSERT INTO kern.his_persvoornaam (id,persvoornaam,dataanvgel,dateindegel,tsreg,tsverval,actieinh,actieverval,nadereaandverval,actieaanpgel,naam) VALUES('10017','10017','19960523',null,'19960523',null,'10017',null,null,null,'Pieter');
INSERT INTO kern.his_persvoornaam (id,persvoornaam,dataanvgel,dateindegel,tsreg,tsverval,actieinh,actieverval,nadereaandverval,actieaanpgel,naam) VALUES('10018','10018','19941005',null,'19941005',null,'10018',null,null,null,'Petronellaatje');
INSERT INTO kern.his_persvoornaam (id,persvoornaam,dataanvgel,dateindegel,tsreg,tsverval,actieinh,actieverval,nadereaandverval,actieaanpgel,naam) VALUES('10019','10019','19941005',null,'19941005',null,'10019',null,null,null,'Sanne');
INSERT INTO kern.his_persvoornaam (id,persvoornaam,dataanvgel,dateindegel,tsreg,tsverval,actieinh,actieverval,nadereaandverval,actieaanpgel,naam) VALUES('10020','10020','19760103',null,'19760103',null,'10020',null,null,null,'Hanna');
INSERT INTO kern.his_persvoornaam (id,persvoornaam,dataanvgel,dateindegel,tsreg,tsverval,actieinh,actieverval,nadereaandverval,actieaanpgel,naam) VALUES('10021','10021','19961003',null,'19961003',null,'10021',null,null,null,'Sander');
INSERT INTO kern.his_persvoornaam (id,persvoornaam,dataanvgel,dateindegel,tsreg,tsverval,actieinh,actieverval,nadereaandverval,actieaanpgel,naam) VALUES('10022','10022','19951003',null,'19951003',null,'10022',null,null,null,'Ellen');
INSERT INTO kern.his_persvoornaam (id,persvoornaam,dataanvgel,dateindegel,tsreg,tsverval,actieinh,actieverval,nadereaandverval,actieaanpgel,naam) VALUES('10023','10023','19941003',null,'19941003',null,'10023',null,null,null,'Christian');
INSERT INTO kern.his_persvoornaam (id,persvoornaam,dataanvgel,dateindegel,tsreg,tsverval,actieinh,actieverval,nadereaandverval,actieaanpgel,naam) VALUES('10024','10024','19770401',null,'19770401',null,'10024',null,null,null,'Anja');
INSERT INTO kern.his_persvoornaam (id,persvoornaam,dataanvgel,dateindegel,tsreg,tsverval,actieinh,actieverval,nadereaandverval,actieaanpgel,naam) VALUES('10025','10025','19880611',null,'19880611',null,'10025',null,null,null,'Karel');
INSERT INTO kern.his_persvoornaam (id,persvoornaam,dataanvgel,dateindegel,tsreg,tsverval,actieinh,actieverval,nadereaandverval,actieaanpgel,naam) VALUES('10026','10026','19910721',null,'19910721',null,'10026',null,null,null,'Helen');
INSERT INTO kern.his_persvoornaam (id,persvoornaam,dataanvgel,dateindegel,tsreg,tsverval,actieinh,actieverval,nadereaandverval,actieaanpgel,naam) VALUES('10027','10027','19910911','20001022','19910911',null,'10027',null,null,null,'Sander');
INSERT INTO kern.his_persvoornaam (id,persvoornaam,dataanvgel,dateindegel,tsreg,tsverval,actieinh,actieverval,nadereaandverval,actieaanpgel,naam) VALUES('10028','10028','19900722',null,'19900722',null,'10028',null,null,null,'Violet');
INSERT INTO kern.his_persvoornaam (id,persvoornaam,dataanvgel,dateindegel,tsreg,tsverval,actieinh,actieverval,nadereaandverval,actieaanpgel,naam) VALUES('10029','10029','19200430',null,'19200430',null,'10029',null,null,null,'Violetta');
INSERT INTO kern.his_persvoornaam (id,persvoornaam,dataanvgel,dateindegel,tsreg,tsverval,actieinh,actieverval,nadereaandverval,actieaanpgel,naam) VALUES('10030','10030','19220419',null,'19220419',null,'10030',null,null,null,'Tanja');
INSERT INTO kern.his_persvoornaam (id,persvoornaam,dataanvgel,dateindegel,tsreg,tsverval,actieinh,actieverval,nadereaandverval,actieaanpgel,naam) VALUES('10031','10031','19920219',null,'19920219',null,'10031',null,null,null,'Berend');
INSERT INTO kern.his_persvoornaam (id,persvoornaam,dataanvgel,dateindegel,tsreg,tsverval,actieinh,actieverval,nadereaandverval,actieaanpgel,naam) VALUES('10032','10032','19510923',null,'19510923',null,'10032',null,null,null,'Mike');
INSERT INTO kern.his_persvoornaam (id,persvoornaam,dataanvgel,dateindegel,tsreg,tsverval,actieinh,actieverval,nadereaandverval,actieaanpgel,naam) VALUES('10033','10033','19531116',null,'19531116',null,'10033',null,null,null,'Sanne');
INSERT INTO kern.his_persvoornaam (id,persvoornaam,dataanvgel,dateindegel,tsreg,tsverval,actieinh,actieverval,nadereaandverval,actieaanpgel,naam) VALUES('10034','10034','19390402',null,'19390402',null,'10034',null,null,null,'Josje');
INSERT INTO kern.his_persvoornaam (id,persvoornaam,dataanvgel,dateindegel,tsreg,tsverval,actieinh,actieverval,nadereaandverval,actieaanpgel,naam) VALUES('10035','10035','19841203',null,'19841203',null,'10035',null,null,null,'Anna');
INSERT INTO kern.his_persvoornaam (id,persvoornaam,dataanvgel,dateindegel,tsreg,tsverval,actieinh,actieverval,nadereaandverval,actieaanpgel,naam) VALUES('10036','10036','19851011',null,'19851011',null,'10036',null,null,null,'Gerard');
INSERT INTO kern.his_persvoornaam (id,persvoornaam,dataanvgel,dateindegel,tsreg,tsverval,actieinh,actieverval,nadereaandverval,actieaanpgel,naam) VALUES('10037','10037','20050112',null,'20050112',null,'10037',null,null,null,'Albert');
INSERT INTO kern.his_persvoornaam (id,persvoornaam,dataanvgel,dateindegel,tsreg,tsverval,actieinh,actieverval,nadereaandverval,actieaanpgel,naam) VALUES('10038','10038','20051201',null,'20051201',null,'10038',null,null,null,'Marijke');
INSERT INTO kern.his_persvoornaam (id,persvoornaam,dataanvgel,dateindegel,tsreg,tsverval,actieinh,actieverval,nadereaandverval,actieaanpgel,naam) VALUES('10039','10039','20050112',null,'20050112',null,'10039',null,null,null,'Geerte');
INSERT INTO kern.his_persvoornaam (id,persvoornaam,dataanvgel,dateindegel,tsreg,tsverval,actieinh,actieverval,nadereaandverval,actieaanpgel,naam) VALUES('10040','10040','20051201',null,'20051201',null,'10040',null,null,null,'Gert');
INSERT INTO kern.his_persvoornaam (id,persvoornaam,dataanvgel,dateindegel,tsreg,tsverval,actieinh,actieverval,nadereaandverval,actieaanpgel,naam) VALUES('10041','10041','19680809',null,'19680809',null,'10041',null,null,null,'Gijs');
INSERT INTO kern.his_persvoornaam (id,persvoornaam,dataanvgel,dateindegel,tsreg,tsverval,actieinh,actieverval,nadereaandverval,actieaanpgel,naam) VALUES('10042','10042','19580921',null,'19580921',null,'10042',null,null,null,'Guido');
INSERT INTO kern.his_persvoornaam (id,persvoornaam,dataanvgel,dateindegel,tsreg,tsverval,actieinh,actieverval,nadereaandverval,actieaanpgel,naam) VALUES('10043','10043','19951004',null,'19951004',null,'10043',null,null,null,'Annemieke');
INSERT INTO kern.his_persvoornaam (id,persvoornaam,dataanvgel,dateindegel,tsreg,tsverval,actieinh,actieverval,nadereaandverval,actieaanpgel,naam) VALUES('10044','10044','20051201',null,'20051201',null,'10044',null,null,null,'Maarten');
INSERT INTO kern.his_persvoornaam (id,persvoornaam,dataanvgel,dateindegel,tsreg,tsverval,actieinh,actieverval,nadereaandverval,actieaanpgel,naam) VALUES('10045','10045','20050112',null,'20050112',null,'10045',null,null,null,'Marion');
INSERT INTO kern.his_persvoornaam (id,persvoornaam,dataanvgel,dateindegel,tsreg,tsverval,actieinh,actieverval,nadereaandverval,actieaanpgel,naam) VALUES('10046','10046','19691227',null,'19691228',null,'10004',null,null,null,'Françoise');
INSERT INTO kern.his_persvoornaam (id,persvoornaam,dataanvgel,dateindegel,tsreg,tsverval,actieinh,actieverval,nadereaandverval,actieaanpgel,naam) VALUES('10047','10047','19810418',null,'19810419',null,'10008',null,null,null,'Maria');
INSERT INTO kern.his_persvoornaam (id,persvoornaam,dataanvgel,dateindegel,tsreg,tsverval,actieinh,actieverval,nadereaandverval,actieaanpgel,naam) VALUES('10048','10048','19810418',null,'19810420',null,'10008',null,null,null,'Petra');
INSERT INTO kern.his_persvoornaam (id,persvoornaam,dataanvgel,dateindegel,tsreg,tsverval,actieinh,actieverval,nadereaandverval,actieaanpgel,naam) VALUES('10049','10049','19550602',null,'19550603',null,'10013',null,null,null,'Isabella');
INSERT INTO kern.his_persvoornaam (id,persvoornaam,dataanvgel,dateindegel,tsreg,tsverval,actieinh,actieverval,nadereaandverval,actieaanpgel,naam) VALUES('10050','10050','19550602',null,'19550604',null,'10013',null,null,null,'Gerarda');
INSERT INTO kern.his_persvoornaam (id,persvoornaam,dataanvgel,dateindegel,tsreg,tsverval,actieinh,actieverval,nadereaandverval,actieaanpgel,naam) VALUES('10051','10051','19550602',null,'19550605',null,'10013',null,null,null,'Johanna');
INSERT INTO kern.his_persvoornaam (id,persvoornaam,dataanvgel,dateindegel,tsreg,tsverval,actieinh,actieverval,nadereaandverval,actieaanpgel,naam) VALUES('10052','10052','19881210',null,'19881211',null,'10016',null,null,null,'Christina');
INSERT INTO kern.his_persvoornaam (id,persvoornaam,dataanvgel,dateindegel,tsreg,tsverval,actieinh,actieverval,nadereaandverval,actieaanpgel,naam) VALUES('10053','10053','20050112',null,'20050112',null,'10037',null,null,null,'Piet');
INSERT INTO kern.his_persvoornaam (id,persvoornaam,dataanvgel,dateindegel,tsreg,tsverval,actieinh,actieverval,nadereaandverval,actieaanpgel,naam) VALUES('10054','10054','20050112',null,'20050112',null,'10037',null,null,null,'Hendricus');

commit;


--------------------------------------------------
--- EIND
--- Sheet: (his_persvoornaam)
--- Handler: SheetHandlerImplSimpleInsert
--- Aantal: (54)
--------------------------------------------------
--------------------------------------------------
--- START
--- Sheet: (persnation)
--- Handler: SheetHandlerImplSimpleInsert
--------------------------------------------------

begin;

INSERT INTO kern.persnation (rdnverlies,rdnverk,id,pers,nation) VALUES(null,'18','10001','10001','2');
INSERT INTO kern.persnation (rdnverlies,rdnverk,id,pers,nation) VALUES(null,'18','10002','10002','2');
INSERT INTO kern.persnation (rdnverlies,rdnverk,id,pers,nation) VALUES(null,'18','10003','10003','2');
INSERT INTO kern.persnation (rdnverlies,rdnverk,id,pers,nation) VALUES(null,'18','10004','10004','2');
INSERT INTO kern.persnation (rdnverlies,rdnverk,id,pers,nation) VALUES(null,'18','10005','10005','2');
INSERT INTO kern.persnation (rdnverlies,rdnverk,id,pers,nation) VALUES(null,'18','10006','10006','2');
INSERT INTO kern.persnation (rdnverlies,rdnverk,id,pers,nation) VALUES(null,'18','10007','10007','2');
INSERT INTO kern.persnation (rdnverlies,rdnverk,id,pers,nation) VALUES(null,'18','10008','10008','2');
INSERT INTO kern.persnation (rdnverlies,rdnverk,id,pers,nation) VALUES(null,'18','10009','10009','2');
INSERT INTO kern.persnation (rdnverlies,rdnverk,id,pers,nation) VALUES(null,'18','10010','10010','2');
INSERT INTO kern.persnation (rdnverlies,rdnverk,id,pers,nation) VALUES(null,'18','10011','10011','2');
INSERT INTO kern.persnation (rdnverlies,rdnverk,id,pers,nation) VALUES(null,'18','10012','10012','2');
INSERT INTO kern.persnation (rdnverlies,rdnverk,id,pers,nation) VALUES(null,'18','10013','10013','2');
INSERT INTO kern.persnation (rdnverlies,rdnverk,id,pers,nation) VALUES(null,null,'10014','10014','21');
INSERT INTO kern.persnation (rdnverlies,rdnverk,id,pers,nation) VALUES(null,'18','10015','10015','2');
INSERT INTO kern.persnation (rdnverlies,rdnverk,id,pers,nation) VALUES(null,'18','10016','10016','2');
INSERT INTO kern.persnation (rdnverlies,rdnverk,id,pers,nation) VALUES(null,'18','10017','10017','2');
INSERT INTO kern.persnation (rdnverlies,rdnverk,id,pers,nation) VALUES(null,'18','10018','10018','2');
INSERT INTO kern.persnation (rdnverlies,rdnverk,id,pers,nation) VALUES(null,'18','10019','10019','2');
INSERT INTO kern.persnation (rdnverlies,rdnverk,id,pers,nation) VALUES(null,'18','10020','10020','2');
INSERT INTO kern.persnation (rdnverlies,rdnverk,id,pers,nation) VALUES(null,'18','10021','10021','2');
INSERT INTO kern.persnation (rdnverlies,rdnverk,id,pers,nation) VALUES(null,'18','10022','10022','2');
INSERT INTO kern.persnation (rdnverlies,rdnverk,id,pers,nation) VALUES(null,'18','10023','10023','2');
INSERT INTO kern.persnation (rdnverlies,rdnverk,id,pers,nation) VALUES(null,'18','10024','10024','2');
INSERT INTO kern.persnation (rdnverlies,rdnverk,id,pers,nation) VALUES(null,'18','10025','10025','2');
INSERT INTO kern.persnation (rdnverlies,rdnverk,id,pers,nation) VALUES(null,'18','10026','10026','2');
INSERT INTO kern.persnation (rdnverlies,rdnverk,id,pers,nation) VALUES(null,'18','10027','10027','2');
INSERT INTO kern.persnation (rdnverlies,rdnverk,id,pers,nation) VALUES(null,'18','10028','10028','2');
INSERT INTO kern.persnation (rdnverlies,rdnverk,id,pers,nation) VALUES(null,'18','10029','10029','2');
INSERT INTO kern.persnation (rdnverlies,rdnverk,id,pers,nation) VALUES(null,'18','10030','10030','2');
INSERT INTO kern.persnation (rdnverlies,rdnverk,id,pers,nation) VALUES(null,'18','10031','10031','2');
INSERT INTO kern.persnation (rdnverlies,rdnverk,id,pers,nation) VALUES(null,'18','10032','10032','2');
INSERT INTO kern.persnation (rdnverlies,rdnverk,id,pers,nation) VALUES(null,'18','10033','10033','2');
INSERT INTO kern.persnation (rdnverlies,rdnverk,id,pers,nation) VALUES(null,'18','10034','10034','2');
INSERT INTO kern.persnation (rdnverlies,rdnverk,id,pers,nation) VALUES(null,'18','10035','10035','2');
INSERT INTO kern.persnation (rdnverlies,rdnverk,id,pers,nation) VALUES(null,'18','10036','10036','2');
INSERT INTO kern.persnation (rdnverlies,rdnverk,id,pers,nation) VALUES(null,'18','10037','10037','2');
INSERT INTO kern.persnation (rdnverlies,rdnverk,id,pers,nation) VALUES(null,'18','10038','10038','2');
INSERT INTO kern.persnation (rdnverlies,rdnverk,id,pers,nation) VALUES(null,'18','10039','10039','2');
INSERT INTO kern.persnation (rdnverlies,rdnverk,id,pers,nation) VALUES(null,'18','10040','10040','2');
INSERT INTO kern.persnation (rdnverlies,rdnverk,id,pers,nation) VALUES(null,'18','10041','10041','2');
INSERT INTO kern.persnation (rdnverlies,rdnverk,id,pers,nation) VALUES(null,'18','10042','10042','2');
INSERT INTO kern.persnation (rdnverlies,rdnverk,id,pers,nation) VALUES(null,'18','10043','10043','2');
INSERT INTO kern.persnation (rdnverlies,rdnverk,id,pers,nation) VALUES(null,'18','10044','10044','2');
INSERT INTO kern.persnation (rdnverlies,rdnverk,id,pers,nation) VALUES(null,'18','10045','10045','2');

commit;


--------------------------------------------------
--- EIND
--- Sheet: (persnation)
--- Handler: SheetHandlerImplSimpleInsert
--- Aantal: (45)
--------------------------------------------------
--------------------------------------------------
--- START
--- Sheet: (his_persnation)
--- Handler: SheetHandlerImplSimpleInsert
--------------------------------------------------

begin;

INSERT INTO kern.his_persnation (id,persnation,dataanvgel,dateindegel,tsreg,tsverval,actieinh,actieverval,actieaanpgel,rdnverlies,rdnverk,nadereaandverval) VALUES('10001','10001','19811002',null,'19811002',null,'10001',null,null,null,'18',null);
INSERT INTO kern.his_persnation (id,persnation,dataanvgel,dateindegel,tsreg,tsverval,actieinh,actieverval,actieaanpgel,rdnverlies,rdnverk,nadereaandverval) VALUES('10002','10002','19820528',null,'19820528',null,'10002',null,null,null,'18',null);
INSERT INTO kern.his_persnation (id,persnation,dataanvgel,dateindegel,tsreg,tsverval,actieinh,actieverval,actieaanpgel,rdnverlies,rdnverk,nadereaandverval) VALUES('10003','10003','19660302',null,'19660302',null,'10003',null,null,null,'18',null);
INSERT INTO kern.his_persnation (id,persnation,dataanvgel,dateindegel,tsreg,tsverval,actieinh,actieverval,actieaanpgel,rdnverlies,rdnverk,nadereaandverval) VALUES('10004','10004','19691227',null,'19691227',null,'10004',null,null,null,'18',null);
INSERT INTO kern.his_persnation (id,persnation,dataanvgel,dateindegel,tsreg,tsverval,actieinh,actieverval,actieaanpgel,rdnverlies,rdnverk,nadereaandverval) VALUES('10005','10005','19710717',null,'19710717',null,'10005',null,null,null,'18',null);
INSERT INTO kern.his_persnation (id,persnation,dataanvgel,dateindegel,tsreg,tsverval,actieinh,actieverval,actieaanpgel,rdnverlies,rdnverk,nadereaandverval) VALUES('10006','10006','19720928',null,'19720928',null,'10006',null,null,null,'18',null);
INSERT INTO kern.his_persnation (id,persnation,dataanvgel,dateindegel,tsreg,tsverval,actieinh,actieverval,actieaanpgel,rdnverlies,rdnverk,nadereaandverval) VALUES('10007','10007','19800616',null,'19800616',null,'10007',null,null,null,'18',null);
INSERT INTO kern.his_persnation (id,persnation,dataanvgel,dateindegel,tsreg,tsverval,actieinh,actieverval,actieaanpgel,rdnverlies,rdnverk,nadereaandverval) VALUES('10008','10008','19810418',null,'19810418',null,'10008',null,null,null,'18',null);
INSERT INTO kern.his_persnation (id,persnation,dataanvgel,dateindegel,tsreg,tsverval,actieinh,actieverval,actieaanpgel,rdnverlies,rdnverk,nadereaandverval) VALUES('10009','10009','20110516',null,'20110516',null,'10009',null,null,null,'18',null);
INSERT INTO kern.his_persnation (id,persnation,dataanvgel,dateindegel,tsreg,tsverval,actieinh,actieverval,actieaanpgel,rdnverlies,rdnverk,nadereaandverval) VALUES('10010','10010','19691231',null,'19691231',null,'10010',null,null,null,'18',null);
INSERT INTO kern.his_persnation (id,persnation,dataanvgel,dateindegel,tsreg,tsverval,actieinh,actieverval,actieaanpgel,rdnverlies,rdnverk,nadereaandverval) VALUES('10011','10011','19690516',null,'19690516',null,'10011',null,null,null,'18',null);
INSERT INTO kern.his_persnation (id,persnation,dataanvgel,dateindegel,tsreg,tsverval,actieinh,actieverval,actieaanpgel,rdnverlies,rdnverk,nadereaandverval) VALUES('10012','10012','19771210',null,'19771210',null,'10012',null,null,null,'18',null);
INSERT INTO kern.his_persnation (id,persnation,dataanvgel,dateindegel,tsreg,tsverval,actieinh,actieverval,actieaanpgel,rdnverlies,rdnverk,nadereaandverval) VALUES('10013','10013','19550602',null,'19550602',null,'10013',null,null,null,'18',null);
INSERT INTO kern.his_persnation (id,persnation,dataanvgel,dateindegel,tsreg,tsverval,actieinh,actieverval,actieaanpgel,rdnverlies,rdnverk,nadereaandverval) VALUES('10014','10014','19780611',null,'19780611',null,'10014',null,null,null,null,null);
INSERT INTO kern.his_persnation (id,persnation,dataanvgel,dateindegel,tsreg,tsverval,actieinh,actieverval,actieaanpgel,rdnverlies,rdnverk,nadereaandverval) VALUES('10015','10015','19880425',null,'19880425',null,'10015',null,null,null,'18',null);
INSERT INTO kern.his_persnation (id,persnation,dataanvgel,dateindegel,tsreg,tsverval,actieinh,actieverval,actieaanpgel,rdnverlies,rdnverk,nadereaandverval) VALUES('10016','10016','19881210',null,'19881210',null,'10016',null,null,null,'18',null);
INSERT INTO kern.his_persnation (id,persnation,dataanvgel,dateindegel,tsreg,tsverval,actieinh,actieverval,actieaanpgel,rdnverlies,rdnverk,nadereaandverval) VALUES('10017','10017','19960523',null,'19960523',null,'10017',null,null,null,'18',null);
INSERT INTO kern.his_persnation (id,persnation,dataanvgel,dateindegel,tsreg,tsverval,actieinh,actieverval,actieaanpgel,rdnverlies,rdnverk,nadereaandverval) VALUES('10018','10018','19941005',null,'19941005',null,'10018',null,null,null,'18',null);
INSERT INTO kern.his_persnation (id,persnation,dataanvgel,dateindegel,tsreg,tsverval,actieinh,actieverval,actieaanpgel,rdnverlies,rdnverk,nadereaandverval) VALUES('10019','10019','19941005',null,'19941005',null,'10019',null,null,null,'18',null);
INSERT INTO kern.his_persnation (id,persnation,dataanvgel,dateindegel,tsreg,tsverval,actieinh,actieverval,actieaanpgel,rdnverlies,rdnverk,nadereaandverval) VALUES('10020','10020','19760103',null,'19760103',null,'10020',null,null,null,'18',null);
INSERT INTO kern.his_persnation (id,persnation,dataanvgel,dateindegel,tsreg,tsverval,actieinh,actieverval,actieaanpgel,rdnverlies,rdnverk,nadereaandverval) VALUES('10021','10021','19961003',null,'19961003',null,'10021',null,null,null,'18',null);
INSERT INTO kern.his_persnation (id,persnation,dataanvgel,dateindegel,tsreg,tsverval,actieinh,actieverval,actieaanpgel,rdnverlies,rdnverk,nadereaandverval) VALUES('10022','10022','19951003',null,'19951003',null,'10022',null,null,null,'18',null);
INSERT INTO kern.his_persnation (id,persnation,dataanvgel,dateindegel,tsreg,tsverval,actieinh,actieverval,actieaanpgel,rdnverlies,rdnverk,nadereaandverval) VALUES('10023','10023','19941003',null,'19941003',null,'10023',null,null,null,'18',null);
INSERT INTO kern.his_persnation (id,persnation,dataanvgel,dateindegel,tsreg,tsverval,actieinh,actieverval,actieaanpgel,rdnverlies,rdnverk,nadereaandverval) VALUES('10024','10024','19770401',null,'19770401',null,'10024',null,null,null,'18',null);
INSERT INTO kern.his_persnation (id,persnation,dataanvgel,dateindegel,tsreg,tsverval,actieinh,actieverval,actieaanpgel,rdnverlies,rdnverk,nadereaandverval) VALUES('10025','10025','19880611',null,'19880611',null,'10025',null,null,null,'18',null);
INSERT INTO kern.his_persnation (id,persnation,dataanvgel,dateindegel,tsreg,tsverval,actieinh,actieverval,actieaanpgel,rdnverlies,rdnverk,nadereaandverval) VALUES('10026','10026','19910721',null,'19910721',null,'10026',null,null,null,'18',null);
INSERT INTO kern.his_persnation (id,persnation,dataanvgel,dateindegel,tsreg,tsverval,actieinh,actieverval,actieaanpgel,rdnverlies,rdnverk,nadereaandverval) VALUES('10027','10027','19910911',null,'19910911',null,'10027',null,null,null,'18',null);
INSERT INTO kern.his_persnation (id,persnation,dataanvgel,dateindegel,tsreg,tsverval,actieinh,actieverval,actieaanpgel,rdnverlies,rdnverk,nadereaandverval) VALUES('10028','10028','19900722',null,'19900722',null,'10028',null,null,null,'18',null);
INSERT INTO kern.his_persnation (id,persnation,dataanvgel,dateindegel,tsreg,tsverval,actieinh,actieverval,actieaanpgel,rdnverlies,rdnverk,nadereaandverval) VALUES('10029','10029','19200430',null,'19200430',null,'10029',null,null,null,'18',null);
INSERT INTO kern.his_persnation (id,persnation,dataanvgel,dateindegel,tsreg,tsverval,actieinh,actieverval,actieaanpgel,rdnverlies,rdnverk,nadereaandverval) VALUES('10030','10030','19220419',null,'19220419',null,'10030',null,null,null,'18',null);
INSERT INTO kern.his_persnation (id,persnation,dataanvgel,dateindegel,tsreg,tsverval,actieinh,actieverval,actieaanpgel,rdnverlies,rdnverk,nadereaandverval) VALUES('10031','10031','19920219',null,'19920219',null,'10031',null,null,null,'18',null);
INSERT INTO kern.his_persnation (id,persnation,dataanvgel,dateindegel,tsreg,tsverval,actieinh,actieverval,actieaanpgel,rdnverlies,rdnverk,nadereaandverval) VALUES('10032','10032','19510923',null,'19510923',null,'10032',null,null,null,'18',null);
INSERT INTO kern.his_persnation (id,persnation,dataanvgel,dateindegel,tsreg,tsverval,actieinh,actieverval,actieaanpgel,rdnverlies,rdnverk,nadereaandverval) VALUES('10033','10033','19531116',null,'19531116',null,'10033',null,null,null,'18',null);
INSERT INTO kern.his_persnation (id,persnation,dataanvgel,dateindegel,tsreg,tsverval,actieinh,actieverval,actieaanpgel,rdnverlies,rdnverk,nadereaandverval) VALUES('10034','10034','19390402',null,'19390402',null,'10034',null,null,null,'18',null);
INSERT INTO kern.his_persnation (id,persnation,dataanvgel,dateindegel,tsreg,tsverval,actieinh,actieverval,actieaanpgel,rdnverlies,rdnverk,nadereaandverval) VALUES('10035','10035','19841203',null,'19841203',null,'10035',null,null,null,'18',null);
INSERT INTO kern.his_persnation (id,persnation,dataanvgel,dateindegel,tsreg,tsverval,actieinh,actieverval,actieaanpgel,rdnverlies,rdnverk,nadereaandverval) VALUES('10036','10036','19851011',null,'19851011',null,'10036',null,null,null,'18',null);
INSERT INTO kern.his_persnation (id,persnation,dataanvgel,dateindegel,tsreg,tsverval,actieinh,actieverval,actieaanpgel,rdnverlies,rdnverk,nadereaandverval) VALUES('10037','10037','20050112',null,'20050112',null,'10037',null,null,null,'18',null);
INSERT INTO kern.his_persnation (id,persnation,dataanvgel,dateindegel,tsreg,tsverval,actieinh,actieverval,actieaanpgel,rdnverlies,rdnverk,nadereaandverval) VALUES('10038','10038','20051201',null,'20051201',null,'10038',null,null,null,'18',null);
INSERT INTO kern.his_persnation (id,persnation,dataanvgel,dateindegel,tsreg,tsverval,actieinh,actieverval,actieaanpgel,rdnverlies,rdnverk,nadereaandverval) VALUES('10039','10039','20050112',null,'20050112',null,'10039',null,null,null,'18',null);
INSERT INTO kern.his_persnation (id,persnation,dataanvgel,dateindegel,tsreg,tsverval,actieinh,actieverval,actieaanpgel,rdnverlies,rdnverk,nadereaandverval) VALUES('10040','10040','20051201',null,'20051201',null,'10040',null,null,null,'18',null);
INSERT INTO kern.his_persnation (id,persnation,dataanvgel,dateindegel,tsreg,tsverval,actieinh,actieverval,actieaanpgel,rdnverlies,rdnverk,nadereaandverval) VALUES('10041','10041','19680809',null,'19680809',null,'10041',null,null,null,'18',null);
INSERT INTO kern.his_persnation (id,persnation,dataanvgel,dateindegel,tsreg,tsverval,actieinh,actieverval,actieaanpgel,rdnverlies,rdnverk,nadereaandverval) VALUES('10042','10042','19580921',null,'19580921',null,'10042',null,null,null,'18',null);
INSERT INTO kern.his_persnation (id,persnation,dataanvgel,dateindegel,tsreg,tsverval,actieinh,actieverval,actieaanpgel,rdnverlies,rdnverk,nadereaandverval) VALUES('10043','10043','19951004',null,'19951004',null,'10043',null,null,null,'18',null);
INSERT INTO kern.his_persnation (id,persnation,dataanvgel,dateindegel,tsreg,tsverval,actieinh,actieverval,actieaanpgel,rdnverlies,rdnverk,nadereaandverval) VALUES('10044','10044','20051201',null,'20051201',null,'10044',null,null,null,'18',null);
INSERT INTO kern.his_persnation (id,persnation,dataanvgel,dateindegel,tsreg,tsverval,actieinh,actieverval,actieaanpgel,rdnverlies,rdnverk,nadereaandverval) VALUES('10045','10045','20050112',null,'20050112',null,'10045',null,null,null,'18',null);

commit;


--------------------------------------------------
--- EIND
--- Sheet: (his_persnation)
--- Handler: SheetHandlerImplSimpleInsert
--- Aantal: (45)
--------------------------------------------------
--------------------------------------------------
--- START
--- Sheet: (his_persinschr)
--- Handler: SheetHandlerImplSimpleInsert
--------------------------------------------------

begin;

INSERT INTO kern.his_persinschr (id,pers,tsreg,tsverval,actieinh,actieverval,datinschr,versienr,nadereaandverval,dattijdstempel) VALUES('10001','10001','19811002',null,'10001',null,'19811002','1',null,'19811002');
INSERT INTO kern.his_persinschr (id,pers,tsreg,tsverval,actieinh,actieverval,datinschr,versienr,nadereaandverval,dattijdstempel) VALUES('10002','10002','19820528',null,'10002',null,'19820528','1',null,'19820528');
INSERT INTO kern.his_persinschr (id,pers,tsreg,tsverval,actieinh,actieverval,datinschr,versienr,nadereaandverval,dattijdstempel) VALUES('10003','10003','19660302',null,'10003',null,'19660302','1',null,'19660302');
INSERT INTO kern.his_persinschr (id,pers,tsreg,tsverval,actieinh,actieverval,datinschr,versienr,nadereaandverval,dattijdstempel) VALUES('10004','10004','19691227',null,'10004',null,'19691227','1',null,'19691227');
INSERT INTO kern.his_persinschr (id,pers,tsreg,tsverval,actieinh,actieverval,datinschr,versienr,nadereaandverval,dattijdstempel) VALUES('10005','10005','19710717',null,'10005',null,'19710717','1',null,'19710717');
INSERT INTO kern.his_persinschr (id,pers,tsreg,tsverval,actieinh,actieverval,datinschr,versienr,nadereaandverval,dattijdstempel) VALUES('10006','10006','19720928',null,'10006',null,'19720928','1',null,'19720928');
INSERT INTO kern.his_persinschr (id,pers,tsreg,tsverval,actieinh,actieverval,datinschr,versienr,nadereaandverval,dattijdstempel) VALUES('10007','10007','19800616',null,'10007',null,'19800616','1',null,'19800616');
INSERT INTO kern.his_persinschr (id,pers,tsreg,tsverval,actieinh,actieverval,datinschr,versienr,nadereaandverval,dattijdstempel) VALUES('10008','10008','19810418',null,'10008',null,'19810418','1',null,'19810418');
INSERT INTO kern.his_persinschr (id,pers,tsreg,tsverval,actieinh,actieverval,datinschr,versienr,nadereaandverval,dattijdstempel) VALUES('10009','10009','20110516',null,'10009',null,'20110516','1',null,'20110516');
INSERT INTO kern.his_persinschr (id,pers,tsreg,tsverval,actieinh,actieverval,datinschr,versienr,nadereaandverval,dattijdstempel) VALUES('10010','10010','19691231',null,'10010',null,'19691231','1',null,'19691231');
INSERT INTO kern.his_persinschr (id,pers,tsreg,tsverval,actieinh,actieverval,datinschr,versienr,nadereaandverval,dattijdstempel) VALUES('10011','10011','19690516',null,'10011',null,'19690516','1',null,'19690516');
INSERT INTO kern.his_persinschr (id,pers,tsreg,tsverval,actieinh,actieverval,datinschr,versienr,nadereaandverval,dattijdstempel) VALUES('10012','10012','19771210',null,'10012',null,'19771210','1',null,'19771210');
INSERT INTO kern.his_persinschr (id,pers,tsreg,tsverval,actieinh,actieverval,datinschr,versienr,nadereaandverval,dattijdstempel) VALUES('10013','10013','19550602',null,'10013',null,'19550602','1',null,'19550602');
INSERT INTO kern.his_persinschr (id,pers,tsreg,tsverval,actieinh,actieverval,datinschr,versienr,nadereaandverval,dattijdstempel) VALUES('10014','10014','19780611',null,'10014',null,'19780611','1',null,'19780611');
INSERT INTO kern.his_persinschr (id,pers,tsreg,tsverval,actieinh,actieverval,datinschr,versienr,nadereaandverval,dattijdstempel) VALUES('10015','10015','19880425',null,'10015',null,'19880425','1',null,'19880425');
INSERT INTO kern.his_persinschr (id,pers,tsreg,tsverval,actieinh,actieverval,datinschr,versienr,nadereaandverval,dattijdstempel) VALUES('10016','10016','19881210',null,'10016',null,'19881210','1',null,'19881210');
INSERT INTO kern.his_persinschr (id,pers,tsreg,tsverval,actieinh,actieverval,datinschr,versienr,nadereaandverval,dattijdstempel) VALUES('10017','10017','19960523',null,'10017',null,'19960523','1',null,'19960523');
INSERT INTO kern.his_persinschr (id,pers,tsreg,tsverval,actieinh,actieverval,datinschr,versienr,nadereaandverval,dattijdstempel) VALUES('10018','10018','19941005',null,'10018',null,'19941005','1',null,'19941005');
INSERT INTO kern.his_persinschr (id,pers,tsreg,tsverval,actieinh,actieverval,datinschr,versienr,nadereaandverval,dattijdstempel) VALUES('10019','10019','19941005',null,'10019',null,'19941005','1',null,'19941005');
INSERT INTO kern.his_persinschr (id,pers,tsreg,tsverval,actieinh,actieverval,datinschr,versienr,nadereaandverval,dattijdstempel) VALUES('10020','10020','19760103',null,'10020',null,'19760103','1',null,'19760103');
INSERT INTO kern.his_persinschr (id,pers,tsreg,tsverval,actieinh,actieverval,datinschr,versienr,nadereaandverval,dattijdstempel) VALUES('10021','10021','19961003',null,'10021',null,'19961003','1',null,'19961003');
INSERT INTO kern.his_persinschr (id,pers,tsreg,tsverval,actieinh,actieverval,datinschr,versienr,nadereaandverval,dattijdstempel) VALUES('10022','10022','19951003',null,'10022',null,'19951003','1',null,'19951003');
INSERT INTO kern.his_persinschr (id,pers,tsreg,tsverval,actieinh,actieverval,datinschr,versienr,nadereaandverval,dattijdstempel) VALUES('10023','10023','19941003',null,'10023',null,'19941003','1',null,'19941003');
INSERT INTO kern.his_persinschr (id,pers,tsreg,tsverval,actieinh,actieverval,datinschr,versienr,nadereaandverval,dattijdstempel) VALUES('10024','10024','19770401',null,'10024',null,'19770401','1',null,'19770401');
INSERT INTO kern.his_persinschr (id,pers,tsreg,tsverval,actieinh,actieverval,datinschr,versienr,nadereaandverval,dattijdstempel) VALUES('10025','10025','19880611',null,'10025',null,'19880611','1',null,'19880611');
INSERT INTO kern.his_persinschr (id,pers,tsreg,tsverval,actieinh,actieverval,datinschr,versienr,nadereaandverval,dattijdstempel) VALUES('10026','10026','19910721',null,'10026',null,'19910721','1',null,'19910721');
INSERT INTO kern.his_persinschr (id,pers,tsreg,tsverval,actieinh,actieverval,datinschr,versienr,nadereaandverval,dattijdstempel) VALUES('10027','10027','19910911',null,'10027',null,'19910911','1',null,'19910911');
INSERT INTO kern.his_persinschr (id,pers,tsreg,tsverval,actieinh,actieverval,datinschr,versienr,nadereaandverval,dattijdstempel) VALUES('10028','10028','19900722',null,'10028',null,'19900722','1',null,'19900722');
INSERT INTO kern.his_persinschr (id,pers,tsreg,tsverval,actieinh,actieverval,datinschr,versienr,nadereaandverval,dattijdstempel) VALUES('10029','10029','19200430',null,'10029',null,'19200430','1',null,'19200430');
INSERT INTO kern.his_persinschr (id,pers,tsreg,tsverval,actieinh,actieverval,datinschr,versienr,nadereaandverval,dattijdstempel) VALUES('10030','10030','19220419',null,'10030',null,'19220419','1',null,'19220419');
INSERT INTO kern.his_persinschr (id,pers,tsreg,tsverval,actieinh,actieverval,datinschr,versienr,nadereaandverval,dattijdstempel) VALUES('10031','10031','19920219',null,'10031',null,'19920219','1',null,'19920219');
INSERT INTO kern.his_persinschr (id,pers,tsreg,tsverval,actieinh,actieverval,datinschr,versienr,nadereaandverval,dattijdstempel) VALUES('10032','10032','19510923',null,'10032',null,'19510923','1',null,'19510923');
INSERT INTO kern.his_persinschr (id,pers,tsreg,tsverval,actieinh,actieverval,datinschr,versienr,nadereaandverval,dattijdstempel) VALUES('10033','10033','19531116',null,'10033',null,'19531116','1',null,'19531116');
INSERT INTO kern.his_persinschr (id,pers,tsreg,tsverval,actieinh,actieverval,datinschr,versienr,nadereaandverval,dattijdstempel) VALUES('10034','10034','19390402',null,'10034',null,'19390402','1',null,'19390402');
INSERT INTO kern.his_persinschr (id,pers,tsreg,tsverval,actieinh,actieverval,datinschr,versienr,nadereaandverval,dattijdstempel) VALUES('10035','10035','19841203',null,'10035',null,'19841203','1',null,'19841203');
INSERT INTO kern.his_persinschr (id,pers,tsreg,tsverval,actieinh,actieverval,datinschr,versienr,nadereaandverval,dattijdstempel) VALUES('10036','10036','19851011',null,'10036',null,'19851011','1',null,'19851011');
INSERT INTO kern.his_persinschr (id,pers,tsreg,tsverval,actieinh,actieverval,datinschr,versienr,nadereaandverval,dattijdstempel) VALUES('10037','10037','20050112',null,'10037',null,'20050112','1',null,'20050112');
INSERT INTO kern.his_persinschr (id,pers,tsreg,tsverval,actieinh,actieverval,datinschr,versienr,nadereaandverval,dattijdstempel) VALUES('10038','10038','20051201',null,'10038',null,'20051201','1',null,'20051201');
INSERT INTO kern.his_persinschr (id,pers,tsreg,tsverval,actieinh,actieverval,datinschr,versienr,nadereaandverval,dattijdstempel) VALUES('10039','10039','20050112',null,'10039',null,'20050112','1',null,'20050112');
INSERT INTO kern.his_persinschr (id,pers,tsreg,tsverval,actieinh,actieverval,datinschr,versienr,nadereaandverval,dattijdstempel) VALUES('10040','10040','20051201',null,'10040',null,'20051201','1',null,'20051201');
INSERT INTO kern.his_persinschr (id,pers,tsreg,tsverval,actieinh,actieverval,datinschr,versienr,nadereaandverval,dattijdstempel) VALUES('10041','10041','19680809',null,'10041',null,'19680809','1',null,'19680809');
INSERT INTO kern.his_persinschr (id,pers,tsreg,tsverval,actieinh,actieverval,datinschr,versienr,nadereaandverval,dattijdstempel) VALUES('10042','10042','19580921',null,'10042',null,'19580921','1',null,'19580921');
INSERT INTO kern.his_persinschr (id,pers,tsreg,tsverval,actieinh,actieverval,datinschr,versienr,nadereaandverval,dattijdstempel) VALUES('10043','10043','19951004',null,'10043',null,'19951004','1',null,'19951004');
INSERT INTO kern.his_persinschr (id,pers,tsreg,tsverval,actieinh,actieverval,datinschr,versienr,nadereaandverval,dattijdstempel) VALUES('10044','10044','20051201',null,'10044',null,'20051201','1',null,'20051201');
INSERT INTO kern.his_persinschr (id,pers,tsreg,tsverval,actieinh,actieverval,datinschr,versienr,nadereaandverval,dattijdstempel) VALUES('10045','10045','20050112',null,'10045',null,'20050112','1',null,'20050112');

commit;


--------------------------------------------------
--- EIND
--- Sheet: (his_persinschr)
--- Handler: SheetHandlerImplSimpleInsert
--- Aantal: (45)
--------------------------------------------------
--------------------------------------------------
--- START
--- Sheet: (his_persbijhouding)
--- Handler: SheetHandlerImplSimpleInsert
--------------------------------------------------

begin;

INSERT INTO kern.his_persbijhouding (id,pers,dataanvgel,dateindegel,tsreg,tsverval,actieinh,actieverval,nadereaandverval,actieaanpgel,bijhpartij,bijhaard,naderebijhaard,indonverwdocaanw) VALUES('10003','10001','20050328',null,'20050328',null,'11000',null,null,null,'347','1','1','false');
INSERT INTO kern.his_persbijhouding (id,pers,dataanvgel,dateindegel,tsreg,tsverval,actieinh,actieverval,nadereaandverval,actieaanpgel,bijhpartij,bijhaard,naderebijhaard,indonverwdocaanw) VALUES('10002','10001','20030327','20050328','20050328',null,'10999',null,null,'11000','229','1','1','false');
INSERT INTO kern.his_persbijhouding (id,pers,dataanvgel,dateindegel,tsreg,tsverval,actieinh,actieverval,nadereaandverval,actieaanpgel,bijhpartij,bijhaard,naderebijhaard,indonverwdocaanw) VALUES('10128','10001','20030327',null,'20030327','20050328','10999','11000',null,null,'229','1','1','false');
INSERT INTO kern.his_persbijhouding (id,pers,dataanvgel,dateindegel,tsreg,tsverval,actieinh,actieverval,nadereaandverval,actieaanpgel,bijhpartij,bijhaard,naderebijhaard,indonverwdocaanw) VALUES('10001','10001','19811002','20030327','20030327',null,'10001',null,null,'10999','521','1','1','false');
INSERT INTO kern.his_persbijhouding (id,pers,dataanvgel,dateindegel,tsreg,tsverval,actieinh,actieverval,nadereaandverval,actieaanpgel,bijhpartij,bijhaard,naderebijhaard,indonverwdocaanw) VALUES('10129','10001','19811002',null,'19811002','20030327','10001','10999',null,null,'521','1','1','false');
INSERT INTO kern.his_persbijhouding (id,pers,dataanvgel,dateindegel,tsreg,tsverval,actieinh,actieverval,nadereaandverval,actieaanpgel,bijhpartij,bijhaard,naderebijhaard,indonverwdocaanw) VALUES('10008','10002','20120105',null,'20120105',null,'10642',null,null,null,'347','1','1','false');
INSERT INTO kern.his_persbijhouding (id,pers,dataanvgel,dateindegel,tsreg,tsverval,actieinh,actieverval,nadereaandverval,actieaanpgel,bijhpartij,bijhaard,naderebijhaard,indonverwdocaanw) VALUES('10007','10002','20120103','20120105','20120105',null,'10641',null,null,'10642','347','1','4','false');
INSERT INTO kern.his_persbijhouding (id,pers,dataanvgel,dateindegel,tsreg,tsverval,actieinh,actieverval,nadereaandverval,actieaanpgel,bijhpartij,bijhaard,naderebijhaard,indonverwdocaanw) VALUES('10130','10002','20120103',null,'20120103','20120105','10641','10642',null,null,'347','1','4','false');
INSERT INTO kern.his_persbijhouding (id,pers,dataanvgel,dateindegel,tsreg,tsverval,actieinh,actieverval,nadereaandverval,actieaanpgel,bijhpartij,bijhaard,naderebijhaard,indonverwdocaanw) VALUES('10006','10002','20050328','20120103','20120103',null,'10997',null,null,'10641','347','1','1','false');
INSERT INTO kern.his_persbijhouding (id,pers,dataanvgel,dateindegel,tsreg,tsverval,actieinh,actieverval,nadereaandverval,actieaanpgel,bijhpartij,bijhaard,naderebijhaard,indonverwdocaanw) VALUES('10131','10002','20050328',null,'20050328','20120103','10997','10641',null,null,'347','1','1','false');
INSERT INTO kern.his_persbijhouding (id,pers,dataanvgel,dateindegel,tsreg,tsverval,actieinh,actieverval,nadereaandverval,actieaanpgel,bijhpartij,bijhaard,naderebijhaard,indonverwdocaanw) VALUES('10005','10002','20030327','20050328','20050328',null,'10996',null,null,'10997','229','1','1','false');
INSERT INTO kern.his_persbijhouding (id,pers,dataanvgel,dateindegel,tsreg,tsverval,actieinh,actieverval,nadereaandverval,actieaanpgel,bijhpartij,bijhaard,naderebijhaard,indonverwdocaanw) VALUES('10132','10002','20030327',null,'20030327','20050328','10996','10997',null,null,'229','1','1','false');
INSERT INTO kern.his_persbijhouding (id,pers,dataanvgel,dateindegel,tsreg,tsverval,actieinh,actieverval,nadereaandverval,actieaanpgel,bijhpartij,bijhaard,naderebijhaard,indonverwdocaanw) VALUES('10004','10002','19820528','20030327','20030327',null,'10002',null,null,'10996','602','1','1','false');
INSERT INTO kern.his_persbijhouding (id,pers,dataanvgel,dateindegel,tsreg,tsverval,actieinh,actieverval,nadereaandverval,actieaanpgel,bijhpartij,bijhaard,naderebijhaard,indonverwdocaanw) VALUES('10133','10002','19820528',null,'19820528','20030327','10002','10996',null,null,'602','1','1','false');
INSERT INTO kern.his_persbijhouding (id,pers,dataanvgel,dateindegel,tsreg,tsverval,actieinh,actieverval,nadereaandverval,actieaanpgel,bijhpartij,bijhaard,naderebijhaard,indonverwdocaanw) VALUES('10014','10003','20120605',null,'20120605',null,'10645',null,null,null,'347','1','4','false');
INSERT INTO kern.his_persbijhouding (id,pers,dataanvgel,dateindegel,tsreg,tsverval,actieinh,actieverval,nadereaandverval,actieaanpgel,bijhpartij,bijhaard,naderebijhaard,indonverwdocaanw) VALUES('10013','10003','20120105','20120605','20120605',null,'10644',null,null,'10645','347','1','1','false');
INSERT INTO kern.his_persbijhouding (id,pers,dataanvgel,dateindegel,tsreg,tsverval,actieinh,actieverval,nadereaandverval,actieaanpgel,bijhpartij,bijhaard,naderebijhaard,indonverwdocaanw) VALUES('10134','10003','20120105',null,'20120105','20120605','10644','10645',null,null,'347','1','1','false');
INSERT INTO kern.his_persbijhouding (id,pers,dataanvgel,dateindegel,tsreg,tsverval,actieinh,actieverval,nadereaandverval,actieaanpgel,bijhpartij,bijhaard,naderebijhaard,indonverwdocaanw) VALUES('10012','10003','20120103','20120105','20120105',null,'10643',null,null,'10644','347','1','4','false');
INSERT INTO kern.his_persbijhouding (id,pers,dataanvgel,dateindegel,tsreg,tsverval,actieinh,actieverval,nadereaandverval,actieaanpgel,bijhpartij,bijhaard,naderebijhaard,indonverwdocaanw) VALUES('10135','10003','20120103',null,'20120103','20120105','10643','10644',null,null,'347','1','4','false');
INSERT INTO kern.his_persbijhouding (id,pers,dataanvgel,dateindegel,tsreg,tsverval,actieinh,actieverval,nadereaandverval,actieaanpgel,bijhpartij,bijhaard,naderebijhaard,indonverwdocaanw) VALUES('10011','10003','19901201','20120103','20120103',null,'10994',null,null,'10643','347','1','1','false');
INSERT INTO kern.his_persbijhouding (id,pers,dataanvgel,dateindegel,tsreg,tsverval,actieinh,actieverval,nadereaandverval,actieaanpgel,bijhpartij,bijhaard,naderebijhaard,indonverwdocaanw) VALUES('10136','10003','19901201',null,'19901201','20120103','10994','10643',null,null,'347','1','1','false');
INSERT INTO kern.his_persbijhouding (id,pers,dataanvgel,dateindegel,tsreg,tsverval,actieinh,actieverval,nadereaandverval,actieaanpgel,bijhpartij,bijhaard,naderebijhaard,indonverwdocaanw) VALUES('10010','10003','19901111','19901201','19901201',null,'10993',null,null,'10994','950','1','1','false');
INSERT INTO kern.his_persbijhouding (id,pers,dataanvgel,dateindegel,tsreg,tsverval,actieinh,actieverval,nadereaandverval,actieaanpgel,bijhpartij,bijhaard,naderebijhaard,indonverwdocaanw) VALUES('10137','10003','19901111',null,'19901111','19901201','10993','10994',null,null,'950','1','1','false');
INSERT INTO kern.his_persbijhouding (id,pers,dataanvgel,dateindegel,tsreg,tsverval,actieinh,actieverval,nadereaandverval,actieaanpgel,bijhpartij,bijhaard,naderebijhaard,indonverwdocaanw) VALUES('10009','10003','19660302','19901111','19901111',null,'10003',null,null,'10993','521','1','1','false');
INSERT INTO kern.his_persbijhouding (id,pers,dataanvgel,dateindegel,tsreg,tsverval,actieinh,actieverval,nadereaandverval,actieaanpgel,bijhpartij,bijhaard,naderebijhaard,indonverwdocaanw) VALUES('10138','10003','19660302',null,'19660302','19901111','10003','10993',null,null,'521','1','1','false');
INSERT INTO kern.his_persbijhouding (id,pers,dataanvgel,dateindegel,tsreg,tsverval,actieinh,actieverval,nadereaandverval,actieaanpgel,bijhpartij,bijhaard,naderebijhaard,indonverwdocaanw) VALUES('10017','10004','19901201',null,'19901201',null,'10991',null,null,null,'347','1','1','false');
INSERT INTO kern.his_persbijhouding (id,pers,dataanvgel,dateindegel,tsreg,tsverval,actieinh,actieverval,nadereaandverval,actieaanpgel,bijhpartij,bijhaard,naderebijhaard,indonverwdocaanw) VALUES('10016','10004','19901111','19901201','19901201',null,'10990',null,null,'10991','950','1','1','false');
INSERT INTO kern.his_persbijhouding (id,pers,dataanvgel,dateindegel,tsreg,tsverval,actieinh,actieverval,nadereaandverval,actieaanpgel,bijhpartij,bijhaard,naderebijhaard,indonverwdocaanw) VALUES('10139','10004','19901111',null,'19901111','19901201','10990','10991',null,null,'950','1','1','false');
INSERT INTO kern.his_persbijhouding (id,pers,dataanvgel,dateindegel,tsreg,tsverval,actieinh,actieverval,nadereaandverval,actieaanpgel,bijhpartij,bijhaard,naderebijhaard,indonverwdocaanw) VALUES('10015','10004','19691227','19901111','19901111',null,'10004',null,null,'10990','347','1','1','false');
INSERT INTO kern.his_persbijhouding (id,pers,dataanvgel,dateindegel,tsreg,tsverval,actieinh,actieverval,nadereaandverval,actieaanpgel,bijhpartij,bijhaard,naderebijhaard,indonverwdocaanw) VALUES('10140','10004','19691227',null,'19691227','19901111','10004','10990',null,null,'347','1','1','false');
INSERT INTO kern.his_persbijhouding (id,pers,dataanvgel,dateindegel,tsreg,tsverval,actieinh,actieverval,nadereaandverval,actieaanpgel,bijhpartij,bijhaard,naderebijhaard,indonverwdocaanw) VALUES('10020','10005','19981201',null,'19981201',null,'10988',null,null,null,'347','1','1','false');
INSERT INTO kern.his_persbijhouding (id,pers,dataanvgel,dateindegel,tsreg,tsverval,actieinh,actieverval,nadereaandverval,actieaanpgel,bijhpartij,bijhaard,naderebijhaard,indonverwdocaanw) VALUES('10019','10005','19970605','19981201','19981201',null,'10987',null,null,'10988','403','1','1','false');
INSERT INTO kern.his_persbijhouding (id,pers,dataanvgel,dateindegel,tsreg,tsverval,actieinh,actieverval,nadereaandverval,actieaanpgel,bijhpartij,bijhaard,naderebijhaard,indonverwdocaanw) VALUES('10141','10005','19970605',null,'19970605','19981201','10987','10988',null,null,'403','1','1','false');
INSERT INTO kern.his_persbijhouding (id,pers,dataanvgel,dateindegel,tsreg,tsverval,actieinh,actieverval,nadereaandverval,actieaanpgel,bijhpartij,bijhaard,naderebijhaard,indonverwdocaanw) VALUES('10018','10005','19710717','19970605','19970605',null,'10005',null,null,'10987','347','1','1','false');
INSERT INTO kern.his_persbijhouding (id,pers,dataanvgel,dateindegel,tsreg,tsverval,actieinh,actieverval,nadereaandverval,actieaanpgel,bijhpartij,bijhaard,naderebijhaard,indonverwdocaanw) VALUES('10142','10005','19710717',null,'19710717','19970605','10005','10987',null,null,'347','1','1','false');
INSERT INTO kern.his_persbijhouding (id,pers,dataanvgel,dateindegel,tsreg,tsverval,actieinh,actieverval,nadereaandverval,actieaanpgel,bijhpartij,bijhaard,naderebijhaard,indonverwdocaanw) VALUES('10023','10006','19981201',null,'19981201',null,'10985',null,null,null,'347','1','1','false');
INSERT INTO kern.his_persbijhouding (id,pers,dataanvgel,dateindegel,tsreg,tsverval,actieinh,actieverval,nadereaandverval,actieaanpgel,bijhpartij,bijhaard,naderebijhaard,indonverwdocaanw) VALUES('10022','10006','19970605','19981201','19981201',null,'10984',null,null,'10985','403','1','1','false');
INSERT INTO kern.his_persbijhouding (id,pers,dataanvgel,dateindegel,tsreg,tsverval,actieinh,actieverval,nadereaandverval,actieaanpgel,bijhpartij,bijhaard,naderebijhaard,indonverwdocaanw) VALUES('10143','10006','19970605',null,'19970605','19981201','10984','10985',null,null,'403','1','1','false');
INSERT INTO kern.his_persbijhouding (id,pers,dataanvgel,dateindegel,tsreg,tsverval,actieinh,actieverval,nadereaandverval,actieaanpgel,bijhpartij,bijhaard,naderebijhaard,indonverwdocaanw) VALUES('10021','10006','19720928','19970605','19970605',null,'10006',null,null,'10984','366','1','1','false');
INSERT INTO kern.his_persbijhouding (id,pers,dataanvgel,dateindegel,tsreg,tsverval,actieinh,actieverval,nadereaandverval,actieaanpgel,bijhpartij,bijhaard,naderebijhaard,indonverwdocaanw) VALUES('10144','10006','19720928',null,'19720928','19970605','10006','10984',null,null,'366','1','1','false');
INSERT INTO kern.his_persbijhouding (id,pers,dataanvgel,dateindegel,tsreg,tsverval,actieinh,actieverval,nadereaandverval,actieaanpgel,bijhpartij,bijhaard,naderebijhaard,indonverwdocaanw) VALUES('10026','10007','20110205',null,'20110205',null,'10982',null,null,null,'347','1','1','false');
INSERT INTO kern.his_persbijhouding (id,pers,dataanvgel,dateindegel,tsreg,tsverval,actieinh,actieverval,nadereaandverval,actieaanpgel,bijhpartij,bijhaard,naderebijhaard,indonverwdocaanw) VALUES('10025','10007','20031024','20110205','20110205',null,'10981',null,null,'10982','1415','1','1','false');
INSERT INTO kern.his_persbijhouding (id,pers,dataanvgel,dateindegel,tsreg,tsverval,actieinh,actieverval,nadereaandverval,actieaanpgel,bijhpartij,bijhaard,naderebijhaard,indonverwdocaanw) VALUES('10145','10007','20031024',null,'20031024','20110205','10981','10982',null,null,'1415','1','1','false');
INSERT INTO kern.his_persbijhouding (id,pers,dataanvgel,dateindegel,tsreg,tsverval,actieinh,actieverval,nadereaandverval,actieaanpgel,bijhpartij,bijhaard,naderebijhaard,indonverwdocaanw) VALUES('10024','10007','19800616','20031024','20031024',null,'10007',null,null,'10981','602','1','1','false');
INSERT INTO kern.his_persbijhouding (id,pers,dataanvgel,dateindegel,tsreg,tsverval,actieinh,actieverval,nadereaandverval,actieaanpgel,bijhpartij,bijhaard,naderebijhaard,indonverwdocaanw) VALUES('10146','10007','19800616',null,'19800616','20031024','10007','10981',null,null,'602','1','1','false');
INSERT INTO kern.his_persbijhouding (id,pers,dataanvgel,dateindegel,tsreg,tsverval,actieinh,actieverval,nadereaandverval,actieaanpgel,bijhpartij,bijhaard,naderebijhaard,indonverwdocaanw) VALUES('10029','10008','20110205',null,'20110205',null,'10979',null,null,null,'347','1','1','false');
INSERT INTO kern.his_persbijhouding (id,pers,dataanvgel,dateindegel,tsreg,tsverval,actieinh,actieverval,nadereaandverval,actieaanpgel,bijhpartij,bijhaard,naderebijhaard,indonverwdocaanw) VALUES('10028','10008','20031024','20110205','20110205',null,'10978',null,null,'10979','1415','1','1','false');
INSERT INTO kern.his_persbijhouding (id,pers,dataanvgel,dateindegel,tsreg,tsverval,actieinh,actieverval,nadereaandverval,actieaanpgel,bijhpartij,bijhaard,naderebijhaard,indonverwdocaanw) VALUES('10147','10008','20031024',null,'20031024','20110205','10978','10979',null,null,'1415','1','1','false');
INSERT INTO kern.his_persbijhouding (id,pers,dataanvgel,dateindegel,tsreg,tsverval,actieinh,actieverval,nadereaandverval,actieaanpgel,bijhpartij,bijhaard,naderebijhaard,indonverwdocaanw) VALUES('10027','10008','19810418','20031024','20031024',null,'10008',null,null,'10978','347','1','1','false');
INSERT INTO kern.his_persbijhouding (id,pers,dataanvgel,dateindegel,tsreg,tsverval,actieinh,actieverval,nadereaandverval,actieaanpgel,bijhpartij,bijhaard,naderebijhaard,indonverwdocaanw) VALUES('10148','10008','19810418',null,'19810418','20031024','10008','10978',null,null,'347','1','1','false');
INSERT INTO kern.his_persbijhouding (id,pers,dataanvgel,dateindegel,tsreg,tsverval,actieinh,actieverval,nadereaandverval,actieaanpgel,bijhpartij,bijhaard,naderebijhaard,indonverwdocaanw) VALUES('10031','10009','20110205',null,'20110205',null,'10976',null,null,null,'347','1','1','false');
INSERT INTO kern.his_persbijhouding (id,pers,dataanvgel,dateindegel,tsreg,tsverval,actieinh,actieverval,nadereaandverval,actieaanpgel,bijhpartij,bijhaard,naderebijhaard,indonverwdocaanw) VALUES('10030','10009','20031226','20110205','20110205',null,'10009',null,null,'10976','1415','1','1','false');
INSERT INTO kern.his_persbijhouding (id,pers,dataanvgel,dateindegel,tsreg,tsverval,actieinh,actieverval,nadereaandverval,actieaanpgel,bijhpartij,bijhaard,naderebijhaard,indonverwdocaanw) VALUES('10149','10009','20031226',null,'20031226','20110205','10009','10976',null,null,'1415','1','1','false');
INSERT INTO kern.his_persbijhouding (id,pers,dataanvgel,dateindegel,tsreg,tsverval,actieinh,actieverval,nadereaandverval,actieaanpgel,bijhpartij,bijhaard,naderebijhaard,indonverwdocaanw) VALUES('10036','10010','20120210',null,'20120210',null,'10649',null,null,null,'347','1','1','false');
INSERT INTO kern.his_persbijhouding (id,pers,dataanvgel,dateindegel,tsreg,tsverval,actieinh,actieverval,nadereaandverval,actieaanpgel,bijhpartij,bijhaard,naderebijhaard,indonverwdocaanw) VALUES('10035','10010','20120208','20120210','20120210',null,'10648',null,null,'10649','347','1','4','false');
INSERT INTO kern.his_persbijhouding (id,pers,dataanvgel,dateindegel,tsreg,tsverval,actieinh,actieverval,nadereaandverval,actieaanpgel,bijhpartij,bijhaard,naderebijhaard,indonverwdocaanw) VALUES('10150','10010','20120208',null,'20120208','20120210','10648','10649',null,null,'347','1','4','false');
INSERT INTO kern.his_persbijhouding (id,pers,dataanvgel,dateindegel,tsreg,tsverval,actieinh,actieverval,nadereaandverval,actieaanpgel,bijhpartij,bijhaard,naderebijhaard,indonverwdocaanw) VALUES('10034','10010','20090928','20120208','20120208',null,'10974',null,null,'10648','347','1','1','false');
INSERT INTO kern.his_persbijhouding (id,pers,dataanvgel,dateindegel,tsreg,tsverval,actieinh,actieverval,nadereaandverval,actieaanpgel,bijhpartij,bijhaard,naderebijhaard,indonverwdocaanw) VALUES('10151','10010','20090928',null,'20090928','20120208','10974','10648',null,null,'347','1','1','false');
INSERT INTO kern.his_persbijhouding (id,pers,dataanvgel,dateindegel,tsreg,tsverval,actieinh,actieverval,nadereaandverval,actieaanpgel,bijhpartij,bijhaard,naderebijhaard,indonverwdocaanw) VALUES('10033','10010','19960304','20090928','20090928',null,'10973',null,null,'10974','775','1','1','false');
INSERT INTO kern.his_persbijhouding (id,pers,dataanvgel,dateindegel,tsreg,tsverval,actieinh,actieverval,nadereaandverval,actieaanpgel,bijhpartij,bijhaard,naderebijhaard,indonverwdocaanw) VALUES('10152','10010','19960304',null,'19960304','20090928','10973','10974',null,null,'775','1','1','false');
INSERT INTO kern.his_persbijhouding (id,pers,dataanvgel,dateindegel,tsreg,tsverval,actieinh,actieverval,nadereaandverval,actieaanpgel,bijhpartij,bijhaard,naderebijhaard,indonverwdocaanw) VALUES('10032','10010','19691231','19960304','19960304',null,'10010',null,null,'10973','602','1','1','false');
INSERT INTO kern.his_persbijhouding (id,pers,dataanvgel,dateindegel,tsreg,tsverval,actieinh,actieverval,nadereaandverval,actieaanpgel,bijhpartij,bijhaard,naderebijhaard,indonverwdocaanw) VALUES('10153','10010','19691231',null,'19691231','19960304','10010','10973',null,null,'602','1','1','false');
INSERT INTO kern.his_persbijhouding (id,pers,dataanvgel,dateindegel,tsreg,tsverval,actieinh,actieverval,nadereaandverval,actieaanpgel,bijhpartij,bijhaard,naderebijhaard,indonverwdocaanw) VALUES('10039','10011','20090928',null,'20090928',null,'10971',null,null,null,'347','1','1','false');
INSERT INTO kern.his_persbijhouding (id,pers,dataanvgel,dateindegel,tsreg,tsverval,actieinh,actieverval,nadereaandverval,actieaanpgel,bijhpartij,bijhaard,naderebijhaard,indonverwdocaanw) VALUES('10038','10011','19960304','20090928','20090928',null,'10970',null,null,'10971','775','1','1','false');
INSERT INTO kern.his_persbijhouding (id,pers,dataanvgel,dateindegel,tsreg,tsverval,actieinh,actieverval,nadereaandverval,actieaanpgel,bijhpartij,bijhaard,naderebijhaard,indonverwdocaanw) VALUES('10154','10011','19960304',null,'19960304','20090928','10970','10971',null,null,'775','1','1','false');
INSERT INTO kern.his_persbijhouding (id,pers,dataanvgel,dateindegel,tsreg,tsverval,actieinh,actieverval,nadereaandverval,actieaanpgel,bijhpartij,bijhaard,naderebijhaard,indonverwdocaanw) VALUES('10037','10011','19690516','19960304','19960304',null,'10011',null,null,'10970','602','1','1','false');
INSERT INTO kern.his_persbijhouding (id,pers,dataanvgel,dateindegel,tsreg,tsverval,actieinh,actieverval,nadereaandverval,actieaanpgel,bijhpartij,bijhaard,naderebijhaard,indonverwdocaanw) VALUES('10155','10011','19690516',null,'19690516','19960304','10011','10970',null,null,'602','1','1','false');
INSERT INTO kern.his_persbijhouding (id,pers,dataanvgel,dateindegel,tsreg,tsverval,actieinh,actieverval,nadereaandverval,actieaanpgel,bijhpartij,bijhaard,naderebijhaard,indonverwdocaanw) VALUES('10041','10012','20000228',null,'20000228',null,'10968',null,null,null,'347','1','1','false');
INSERT INTO kern.his_persbijhouding (id,pers,dataanvgel,dateindegel,tsreg,tsverval,actieinh,actieverval,nadereaandverval,actieaanpgel,bijhpartij,bijhaard,naderebijhaard,indonverwdocaanw) VALUES('10040','10012','19771210','20000228','20000228',null,'10012',null,null,'10968','629','1','1','false');
INSERT INTO kern.his_persbijhouding (id,pers,dataanvgel,dateindegel,tsreg,tsverval,actieinh,actieverval,nadereaandverval,actieaanpgel,bijhpartij,bijhaard,naderebijhaard,indonverwdocaanw) VALUES('10156','10012','19771210',null,'19771210','20000228','10012','10968',null,null,'629','1','1','false');
INSERT INTO kern.his_persbijhouding (id,pers,dataanvgel,dateindegel,tsreg,tsverval,actieinh,actieverval,nadereaandverval,actieaanpgel,bijhpartij,bijhaard,naderebijhaard,indonverwdocaanw) VALUES('10043','10013','19920508',null,'19920508',null,'10966',null,null,null,'347','1','1','false');
INSERT INTO kern.his_persbijhouding (id,pers,dataanvgel,dateindegel,tsreg,tsverval,actieinh,actieverval,nadereaandverval,actieaanpgel,bijhpartij,bijhaard,naderebijhaard,indonverwdocaanw) VALUES('10042','10013','19550602','19920508','19920508',null,'10013',null,null,'10966','991','1','1','false');
INSERT INTO kern.his_persbijhouding (id,pers,dataanvgel,dateindegel,tsreg,tsverval,actieinh,actieverval,nadereaandverval,actieaanpgel,bijhpartij,bijhaard,naderebijhaard,indonverwdocaanw) VALUES('10157','10013','19550602',null,'19550602','19920508','10013','10966',null,null,'991','1','1','false');
INSERT INTO kern.his_persbijhouding (id,pers,dataanvgel,dateindegel,tsreg,tsverval,actieinh,actieverval,nadereaandverval,actieaanpgel,bijhpartij,bijhaard,naderebijhaard,indonverwdocaanw) VALUES('10045','10014','20111111',null,'20111111',null,'10506',null,null,null,'347','1','4','false');
INSERT INTO kern.his_persbijhouding (id,pers,dataanvgel,dateindegel,tsreg,tsverval,actieinh,actieverval,nadereaandverval,actieaanpgel,bijhpartij,bijhaard,naderebijhaard,indonverwdocaanw) VALUES('10044','10014','19780611','20111111','20111111',null,'10014',null,null,null,'347','1','1','false');
INSERT INTO kern.his_persbijhouding (id,pers,dataanvgel,dateindegel,tsreg,tsverval,actieinh,actieverval,nadereaandverval,actieaanpgel,bijhpartij,bijhaard,naderebijhaard,indonverwdocaanw) VALUES('10158','10014','19780611',null,'19780611','20111111','10014',null,null,null,'347','1','1','false');
INSERT INTO kern.his_persbijhouding (id,pers,dataanvgel,dateindegel,tsreg,tsverval,actieinh,actieverval,nadereaandverval,actieaanpgel,bijhpartij,bijhaard,naderebijhaard,indonverwdocaanw) VALUES('10047','10015','20110425',null,'20110425',null,'10963',null,null,null,'347','1','1','false');
INSERT INTO kern.his_persbijhouding (id,pers,dataanvgel,dateindegel,tsreg,tsverval,actieinh,actieverval,nadereaandverval,actieaanpgel,bijhpartij,bijhaard,naderebijhaard,indonverwdocaanw) VALUES('10046','10015','19880425','20110425','20110425',null,'10015',null,null,'10963','94','1','1','false');
INSERT INTO kern.his_persbijhouding (id,pers,dataanvgel,dateindegel,tsreg,tsverval,actieinh,actieverval,nadereaandverval,actieaanpgel,bijhpartij,bijhaard,naderebijhaard,indonverwdocaanw) VALUES('10159','10015','19880425',null,'19880425','20110425','10015','10963',null,null,'94','1','1','false');
INSERT INTO kern.his_persbijhouding (id,pers,dataanvgel,dateindegel,tsreg,tsverval,actieinh,actieverval,nadereaandverval,actieaanpgel,bijhpartij,bijhaard,naderebijhaard,indonverwdocaanw) VALUES('10050','10016','20100626',null,'20100626',null,'10961',null,null,null,'347','1','1','false');
INSERT INTO kern.his_persbijhouding (id,pers,dataanvgel,dateindegel,tsreg,tsverval,actieinh,actieverval,nadereaandverval,actieaanpgel,bijhpartij,bijhaard,naderebijhaard,indonverwdocaanw) VALUES('10049','10016','19880425','20100626','20100626',null,'10960',null,null,'10961','741','1','1','false');
INSERT INTO kern.his_persbijhouding (id,pers,dataanvgel,dateindegel,tsreg,tsverval,actieinh,actieverval,nadereaandverval,actieaanpgel,bijhpartij,bijhaard,naderebijhaard,indonverwdocaanw) VALUES('10160','10016','19880425',null,'19880425','20100626','10960','10961',null,null,'741','1','1','false');
INSERT INTO kern.his_persbijhouding (id,pers,dataanvgel,dateindegel,tsreg,tsverval,actieinh,actieverval,nadereaandverval,actieaanpgel,bijhpartij,bijhaard,naderebijhaard,indonverwdocaanw) VALUES('10048','10016','18991210','19880425','19880425',null,'10016',null,null,'10960','521','1','1','false');
INSERT INTO kern.his_persbijhouding (id,pers,dataanvgel,dateindegel,tsreg,tsverval,actieinh,actieverval,nadereaandverval,actieaanpgel,bijhpartij,bijhaard,naderebijhaard,indonverwdocaanw) VALUES('10161','10016','18991210',null,'18991210','19880425','10016','10960',null,null,'521','1','1','false');
INSERT INTO kern.his_persbijhouding (id,pers,dataanvgel,dateindegel,tsreg,tsverval,actieinh,actieverval,nadereaandverval,actieaanpgel,bijhpartij,bijhaard,naderebijhaard,indonverwdocaanw) VALUES('10052','10017','20030327',null,'20030327',null,'10958',null,null,null,'347','1','1','false');
INSERT INTO kern.his_persbijhouding (id,pers,dataanvgel,dateindegel,tsreg,tsverval,actieinh,actieverval,nadereaandverval,actieaanpgel,bijhpartij,bijhaard,naderebijhaard,indonverwdocaanw) VALUES('10051','10017','19820523','20030327','20030327',null,'10017',null,null,'10958','403','1','1','false');
INSERT INTO kern.his_persbijhouding (id,pers,dataanvgel,dateindegel,tsreg,tsverval,actieinh,actieverval,nadereaandverval,actieaanpgel,bijhpartij,bijhaard,naderebijhaard,indonverwdocaanw) VALUES('10162','10017','19820523',null,'19820523','20030327','10017','10958',null,null,'403','1','1','false');
INSERT INTO kern.his_persbijhouding (id,pers,dataanvgel,dateindegel,tsreg,tsverval,actieinh,actieverval,nadereaandverval,actieaanpgel,bijhpartij,bijhaard,naderebijhaard,indonverwdocaanw) VALUES('10054','10018','19911002',null,'19911002',null,'10956',null,null,null,'347','1','1','false');
INSERT INTO kern.his_persbijhouding (id,pers,dataanvgel,dateindegel,tsreg,tsverval,actieinh,actieverval,nadereaandverval,actieaanpgel,bijhpartij,bijhaard,naderebijhaard,indonverwdocaanw) VALUES('10053','10018','19840411','19911002','19911002',null,'10018',null,null,'10956','508','1','1','false');
INSERT INTO kern.his_persbijhouding (id,pers,dataanvgel,dateindegel,tsreg,tsverval,actieinh,actieverval,nadereaandverval,actieaanpgel,bijhpartij,bijhaard,naderebijhaard,indonverwdocaanw) VALUES('10163','10018','19840411',null,'19840411','19911002','10018','10956',null,null,'508','1','1','false');
INSERT INTO kern.his_persbijhouding (id,pers,dataanvgel,dateindegel,tsreg,tsverval,actieinh,actieverval,nadereaandverval,actieaanpgel,bijhpartij,bijhaard,naderebijhaard,indonverwdocaanw) VALUES('10056','10019','19901111',null,'19901111',null,'10954',null,null,null,'347','1','1','false');
INSERT INTO kern.his_persbijhouding (id,pers,dataanvgel,dateindegel,tsreg,tsverval,actieinh,actieverval,nadereaandverval,actieaanpgel,bijhpartij,bijhaard,naderebijhaard,indonverwdocaanw) VALUES('10055','10019','19741026','19901111','19901111',null,'10019',null,null,'10954','522','1','1','false');
INSERT INTO kern.his_persbijhouding (id,pers,dataanvgel,dateindegel,tsreg,tsverval,actieinh,actieverval,nadereaandverval,actieaanpgel,bijhpartij,bijhaard,naderebijhaard,indonverwdocaanw) VALUES('10164','10019','19741026',null,'19741026','19901111','10019','10954',null,null,'522','1','1','false');
INSERT INTO kern.his_persbijhouding (id,pers,dataanvgel,dateindegel,tsreg,tsverval,actieinh,actieverval,nadereaandverval,actieaanpgel,bijhpartij,bijhaard,naderebijhaard,indonverwdocaanw) VALUES('10058','10020','19820528',null,'19820528',null,'10952',null,null,null,'347','1','1','false');
INSERT INTO kern.his_persbijhouding (id,pers,dataanvgel,dateindegel,tsreg,tsverval,actieinh,actieverval,nadereaandverval,actieaanpgel,bijhpartij,bijhaard,naderebijhaard,indonverwdocaanw) VALUES('10057','10020','19760103','19820528','19820528',null,'10020',null,null,'10952','403','1','1','false');
INSERT INTO kern.his_persbijhouding (id,pers,dataanvgel,dateindegel,tsreg,tsverval,actieinh,actieverval,nadereaandverval,actieaanpgel,bijhpartij,bijhaard,naderebijhaard,indonverwdocaanw) VALUES('10165','10020','19760103',null,'19760103','19820528','10020','10952',null,null,'403','1','1','false');
INSERT INTO kern.his_persbijhouding (id,pers,dataanvgel,dateindegel,tsreg,tsverval,actieinh,actieverval,nadereaandverval,actieaanpgel,bijhpartij,bijhaard,naderebijhaard,indonverwdocaanw) VALUES('10060','10021','20010328',null,'20010328',null,'10950',null,null,null,'347','1','1','false');
INSERT INTO kern.his_persbijhouding (id,pers,dataanvgel,dateindegel,tsreg,tsverval,actieinh,actieverval,nadereaandverval,actieaanpgel,bijhpartij,bijhaard,naderebijhaard,indonverwdocaanw) VALUES('10059','10021','19920516','20010328','20010328',null,'10021',null,null,'10950','342','1','1','false');
INSERT INTO kern.his_persbijhouding (id,pers,dataanvgel,dateindegel,tsreg,tsverval,actieinh,actieverval,nadereaandverval,actieaanpgel,bijhpartij,bijhaard,naderebijhaard,indonverwdocaanw) VALUES('10166','10021','19920516',null,'19920516','20010328','10021','10950',null,null,'342','1','1','false');
INSERT INTO kern.his_persbijhouding (id,pers,dataanvgel,dateindegel,tsreg,tsverval,actieinh,actieverval,nadereaandverval,actieaanpgel,bijhpartij,bijhaard,naderebijhaard,indonverwdocaanw) VALUES('10062','10022','20101002',null,'20101002',null,'10948',null,null,null,'347','1','1','false');
INSERT INTO kern.his_persbijhouding (id,pers,dataanvgel,dateindegel,tsreg,tsverval,actieinh,actieverval,nadereaandverval,actieaanpgel,bijhpartij,bijhaard,naderebijhaard,indonverwdocaanw) VALUES('10061','10022','19951003','20101002','20101002',null,'10022',null,null,'10948','508','1','1','false');
INSERT INTO kern.his_persbijhouding (id,pers,dataanvgel,dateindegel,tsreg,tsverval,actieinh,actieverval,nadereaandverval,actieaanpgel,bijhpartij,bijhaard,naderebijhaard,indonverwdocaanw) VALUES('10167','10022','19951003',null,'19951003','20101002','10022','10948',null,null,'508','1','1','false');
INSERT INTO kern.his_persbijhouding (id,pers,dataanvgel,dateindegel,tsreg,tsverval,actieinh,actieverval,nadereaandverval,actieaanpgel,bijhpartij,bijhaard,naderebijhaard,indonverwdocaanw) VALUES('10064','10023','19970605',null,'19970605',null,'10946',null,null,null,'347','1','1','false');
INSERT INTO kern.his_persbijhouding (id,pers,dataanvgel,dateindegel,tsreg,tsverval,actieinh,actieverval,nadereaandverval,actieaanpgel,bijhpartij,bijhaard,naderebijhaard,indonverwdocaanw) VALUES('10063','10023','19680310','19970605','19970605',null,'10023',null,null,'10946','403','1','1','false');
INSERT INTO kern.his_persbijhouding (id,pers,dataanvgel,dateindegel,tsreg,tsverval,actieinh,actieverval,nadereaandverval,actieaanpgel,bijhpartij,bijhaard,naderebijhaard,indonverwdocaanw) VALUES('10168','10023','19680310',null,'19680310','19970605','10023','10946',null,null,'403','1','1','false');
INSERT INTO kern.his_persbijhouding (id,pers,dataanvgel,dateindegel,tsreg,tsverval,actieinh,actieverval,nadereaandverval,actieaanpgel,bijhpartij,bijhaard,naderebijhaard,indonverwdocaanw) VALUES('10066','10024','19790928',null,'19790928',null,'10944',null,null,null,'347','1','1','false');
INSERT INTO kern.his_persbijhouding (id,pers,dataanvgel,dateindegel,tsreg,tsverval,actieinh,actieverval,nadereaandverval,actieaanpgel,bijhpartij,bijhaard,naderebijhaard,indonverwdocaanw) VALUES('10065','10024','19770401','19790928','19790928',null,'10024',null,null,'10944','366','1','1','false');
INSERT INTO kern.his_persbijhouding (id,pers,dataanvgel,dateindegel,tsreg,tsverval,actieinh,actieverval,nadereaandverval,actieaanpgel,bijhpartij,bijhaard,naderebijhaard,indonverwdocaanw) VALUES('10169','10024','19770401',null,'19770401','19790928','10024','10944',null,null,'366','1','1','false');
INSERT INTO kern.his_persbijhouding (id,pers,dataanvgel,dateindegel,tsreg,tsverval,actieinh,actieverval,nadereaandverval,actieaanpgel,bijhpartij,bijhaard,naderebijhaard,indonverwdocaanw) VALUES('10068','10025','19950929',null,'19950929',null,'10942',null,null,null,'347','1','1','false');
INSERT INTO kern.his_persbijhouding (id,pers,dataanvgel,dateindegel,tsreg,tsverval,actieinh,actieverval,nadereaandverval,actieaanpgel,bijhpartij,bijhaard,naderebijhaard,indonverwdocaanw) VALUES('10067','10025','19880611','19950929','19950929',null,'10025',null,null,'10942','366','1','1','false');
INSERT INTO kern.his_persbijhouding (id,pers,dataanvgel,dateindegel,tsreg,tsverval,actieinh,actieverval,nadereaandverval,actieaanpgel,bijhpartij,bijhaard,naderebijhaard,indonverwdocaanw) VALUES('10170','10025','19880611',null,'19880611','19950929','10025','10942',null,null,'366','1','1','false');
INSERT INTO kern.his_persbijhouding (id,pers,dataanvgel,dateindegel,tsreg,tsverval,actieinh,actieverval,nadereaandverval,actieaanpgel,bijhpartij,bijhaard,naderebijhaard,indonverwdocaanw) VALUES('10070','10026','20000101',null,'20000101',null,'10940',null,null,null,'347','1','1','false');
INSERT INTO kern.his_persbijhouding (id,pers,dataanvgel,dateindegel,tsreg,tsverval,actieinh,actieverval,nadereaandverval,actieaanpgel,bijhpartij,bijhaard,naderebijhaard,indonverwdocaanw) VALUES('10069','10026','19910721','20000101','20000101',null,'10026',null,null,'10940','506','1','1','false');
INSERT INTO kern.his_persbijhouding (id,pers,dataanvgel,dateindegel,tsreg,tsverval,actieinh,actieverval,nadereaandverval,actieaanpgel,bijhpartij,bijhaard,naderebijhaard,indonverwdocaanw) VALUES('10171','10026','19910721',null,'19910721','20000101','10026','10940',null,null,'506','1','1','false');
INSERT INTO kern.his_persbijhouding (id,pers,dataanvgel,dateindegel,tsreg,tsverval,actieinh,actieverval,nadereaandverval,actieaanpgel,bijhpartij,bijhaard,naderebijhaard,indonverwdocaanw) VALUES('10072','10027','20031024',null,'20031024',null,'10938',null,null,null,'347','1','1','false');
INSERT INTO kern.his_persbijhouding (id,pers,dataanvgel,dateindegel,tsreg,tsverval,actieinh,actieverval,nadereaandverval,actieaanpgel,bijhpartij,bijhaard,naderebijhaard,indonverwdocaanw) VALUES('10071','10027','19910911','20031024','20031024',null,'10027',null,null,'10938','1415','1','1','false');
INSERT INTO kern.his_persbijhouding (id,pers,dataanvgel,dateindegel,tsreg,tsverval,actieinh,actieverval,nadereaandverval,actieaanpgel,bijhpartij,bijhaard,naderebijhaard,indonverwdocaanw) VALUES('10172','10027','19910911',null,'19910911','20031024','10027','10938',null,null,'1415','1','1','false');
INSERT INTO kern.his_persbijhouding (id,pers,dataanvgel,dateindegel,tsreg,tsverval,actieinh,actieverval,nadereaandverval,actieaanpgel,bijhpartij,bijhaard,naderebijhaard,indonverwdocaanw) VALUES('10074','10028','19990616',null,'19990616',null,'10936',null,null,null,'347','1','1','false');
INSERT INTO kern.his_persbijhouding (id,pers,dataanvgel,dateindegel,tsreg,tsverval,actieinh,actieverval,nadereaandverval,actieaanpgel,bijhpartij,bijhaard,naderebijhaard,indonverwdocaanw) VALUES('10073','10028','19900722','19990616','19990616',null,'10028',null,null,'10936','977','1','1','false');
INSERT INTO kern.his_persbijhouding (id,pers,dataanvgel,dateindegel,tsreg,tsverval,actieinh,actieverval,nadereaandverval,actieaanpgel,bijhpartij,bijhaard,naderebijhaard,indonverwdocaanw) VALUES('10173','10028','19900722',null,'19900722','19990616','10028','10936',null,null,'977','1','1','false');
INSERT INTO kern.his_persbijhouding (id,pers,dataanvgel,dateindegel,tsreg,tsverval,actieinh,actieverval,nadereaandverval,actieaanpgel,bijhpartij,bijhaard,naderebijhaard,indonverwdocaanw) VALUES('10075','10029','19200430',null,'19200430',null,'10029',null,null,null,'2','1','1','false');
INSERT INTO kern.his_persbijhouding (id,pers,dataanvgel,dateindegel,tsreg,tsverval,actieinh,actieverval,nadereaandverval,actieaanpgel,bijhpartij,bijhaard,naderebijhaard,indonverwdocaanw) VALUES('10079','10030','20120620',null,'20120620',null,'10934',null,null,null,'347','1','1','false');
INSERT INTO kern.his_persbijhouding (id,pers,dataanvgel,dateindegel,tsreg,tsverval,actieinh,actieverval,nadereaandverval,actieaanpgel,bijhpartij,bijhaard,naderebijhaard,indonverwdocaanw) VALUES('10078','10030','20091201','20120620','20120620',null,'10933',null,null,'10934','347','1','1','false');
INSERT INTO kern.his_persbijhouding (id,pers,dataanvgel,dateindegel,tsreg,tsverval,actieinh,actieverval,nadereaandverval,actieaanpgel,bijhpartij,bijhaard,naderebijhaard,indonverwdocaanw) VALUES('10174','10030','20091201',null,'20091201','20120620','10933','10934',null,null,'347','1','1','false');
INSERT INTO kern.his_persbijhouding (id,pers,dataanvgel,dateindegel,tsreg,tsverval,actieinh,actieverval,nadereaandverval,actieaanpgel,bijhpartij,bijhaard,naderebijhaard,indonverwdocaanw) VALUES('10077','10030','20060201','20091201','20091201',null,'10932',null,null,'10933','347','1','1','false');
INSERT INTO kern.his_persbijhouding (id,pers,dataanvgel,dateindegel,tsreg,tsverval,actieinh,actieverval,nadereaandverval,actieaanpgel,bijhpartij,bijhaard,naderebijhaard,indonverwdocaanw) VALUES('10175','10030','20060201',null,'20060201','20091201','10932','10933',null,null,'347','1','1','false');
INSERT INTO kern.his_persbijhouding (id,pers,dataanvgel,dateindegel,tsreg,tsverval,actieinh,actieverval,nadereaandverval,actieaanpgel,bijhpartij,bijhaard,naderebijhaard,indonverwdocaanw) VALUES('10076','10030','19220419','20060201','20060201',null,'10030',null,null,'10932','1239','1','1','false');
INSERT INTO kern.his_persbijhouding (id,pers,dataanvgel,dateindegel,tsreg,tsverval,actieinh,actieverval,nadereaandverval,actieaanpgel,bijhpartij,bijhaard,naderebijhaard,indonverwdocaanw) VALUES('10176','10030','19220419',null,'19220419','20060201','10030','10932',null,null,'1239','1','1','false');
INSERT INTO kern.his_persbijhouding (id,pers,dataanvgel,dateindegel,tsreg,tsverval,actieinh,actieverval,nadereaandverval,actieaanpgel,bijhpartij,bijhaard,naderebijhaard,indonverwdocaanw) VALUES('10083','10031','20120306',null,'20120306',null,'10930',null,null,null,'347','1','1','false');
INSERT INTO kern.his_persbijhouding (id,pers,dataanvgel,dateindegel,tsreg,tsverval,actieinh,actieverval,nadereaandverval,actieaanpgel,bijhpartij,bijhaard,naderebijhaard,indonverwdocaanw) VALUES('10082','10031','20010926','20120306','20120306',null,'10929',null,null,'10930','347','1','1','false');
INSERT INTO kern.his_persbijhouding (id,pers,dataanvgel,dateindegel,tsreg,tsverval,actieinh,actieverval,nadereaandverval,actieaanpgel,bijhpartij,bijhaard,naderebijhaard,indonverwdocaanw) VALUES('10177','10031','20010926',null,'20010926','20120306','10929','10930',null,null,'347','1','1','false');
INSERT INTO kern.his_persbijhouding (id,pers,dataanvgel,dateindegel,tsreg,tsverval,actieinh,actieverval,nadereaandverval,actieaanpgel,bijhpartij,bijhaard,naderebijhaard,indonverwdocaanw) VALUES('10081','10031','20000827','20010926','20010926',null,'10928',null,null,'10929','347','1','1','false');
INSERT INTO kern.his_persbijhouding (id,pers,dataanvgel,dateindegel,tsreg,tsverval,actieinh,actieverval,nadereaandverval,actieaanpgel,bijhpartij,bijhaard,naderebijhaard,indonverwdocaanw) VALUES('10178','10031','20000827',null,'20000827','20010926','10928','10929',null,null,'347','1','1','false');
INSERT INTO kern.his_persbijhouding (id,pers,dataanvgel,dateindegel,tsreg,tsverval,actieinh,actieverval,nadereaandverval,actieaanpgel,bijhpartij,bijhaard,naderebijhaard,indonverwdocaanw) VALUES('10080','10031','19920219','20000827','20000827',null,'10031',null,null,'10928','977','1','1','false');
INSERT INTO kern.his_persbijhouding (id,pers,dataanvgel,dateindegel,tsreg,tsverval,actieinh,actieverval,nadereaandverval,actieaanpgel,bijhpartij,bijhaard,naderebijhaard,indonverwdocaanw) VALUES('10179','10031','19920219',null,'19920219','20000827','10031','10928',null,null,'977','1','1','false');
INSERT INTO kern.his_persbijhouding (id,pers,dataanvgel,dateindegel,tsreg,tsverval,actieinh,actieverval,nadereaandverval,actieaanpgel,bijhpartij,bijhaard,naderebijhaard,indonverwdocaanw) VALUES('10087','10032','20120621',null,'20120621',null,'10926',null,null,null,'347','1','1','false');
INSERT INTO kern.his_persbijhouding (id,pers,dataanvgel,dateindegel,tsreg,tsverval,actieinh,actieverval,nadereaandverval,actieaanpgel,bijhpartij,bijhaard,naderebijhaard,indonverwdocaanw) VALUES('10086','10032','20010301','20120621','20120621',null,'10925',null,null,'10926','347','1','1','false');
INSERT INTO kern.his_persbijhouding (id,pers,dataanvgel,dateindegel,tsreg,tsverval,actieinh,actieverval,nadereaandverval,actieaanpgel,bijhpartij,bijhaard,naderebijhaard,indonverwdocaanw) VALUES('10180','10032','20010301',null,'20010301','20120621','10925','10926',null,null,'347','1','1','false');
INSERT INTO kern.his_persbijhouding (id,pers,dataanvgel,dateindegel,tsreg,tsverval,actieinh,actieverval,nadereaandverval,actieaanpgel,bijhpartij,bijhaard,naderebijhaard,indonverwdocaanw) VALUES('10085','10032','19670601','20010301','20010301',null,'10924',null,null,'10925','347','1','1','false');
INSERT INTO kern.his_persbijhouding (id,pers,dataanvgel,dateindegel,tsreg,tsverval,actieinh,actieverval,nadereaandverval,actieaanpgel,bijhpartij,bijhaard,naderebijhaard,indonverwdocaanw) VALUES('10181','10032','19670601',null,'19670601','20010301','10924','10925',null,null,'347','1','1','false');
INSERT INTO kern.his_persbijhouding (id,pers,dataanvgel,dateindegel,tsreg,tsverval,actieinh,actieverval,nadereaandverval,actieaanpgel,bijhpartij,bijhaard,naderebijhaard,indonverwdocaanw) VALUES('10084','10032','19510923','19670601','19670601',null,'10032',null,null,'10924','522','1','1','false');
INSERT INTO kern.his_persbijhouding (id,pers,dataanvgel,dateindegel,tsreg,tsverval,actieinh,actieverval,nadereaandverval,actieaanpgel,bijhpartij,bijhaard,naderebijhaard,indonverwdocaanw) VALUES('10182','10032','19510923',null,'19510923','19670601','10032','10924',null,null,'522','1','1','false');
INSERT INTO kern.his_persbijhouding (id,pers,dataanvgel,dateindegel,tsreg,tsverval,actieinh,actieverval,nadereaandverval,actieaanpgel,bijhpartij,bijhaard,naderebijhaard,indonverwdocaanw) VALUES('10091','10033','20120621',null,'20120621',null,'10922',null,null,null,'347','1','1','false');
INSERT INTO kern.his_persbijhouding (id,pers,dataanvgel,dateindegel,tsreg,tsverval,actieinh,actieverval,nadereaandverval,actieaanpgel,bijhpartij,bijhaard,naderebijhaard,indonverwdocaanw) VALUES('10090','10033','20010301','20120621','20120621',null,'10921',null,null,'10922','347','1','1','false');
INSERT INTO kern.his_persbijhouding (id,pers,dataanvgel,dateindegel,tsreg,tsverval,actieinh,actieverval,nadereaandverval,actieaanpgel,bijhpartij,bijhaard,naderebijhaard,indonverwdocaanw) VALUES('10183','10033','20010301',null,'20010301','20120621','10921','10922',null,null,'347','1','1','false');
INSERT INTO kern.his_persbijhouding (id,pers,dataanvgel,dateindegel,tsreg,tsverval,actieinh,actieverval,nadereaandverval,actieaanpgel,bijhpartij,bijhaard,naderebijhaard,indonverwdocaanw) VALUES('10089','10033','19670601','20010301','20010301',null,'10920',null,null,'10921','347','1','1','false');
INSERT INTO kern.his_persbijhouding (id,pers,dataanvgel,dateindegel,tsreg,tsverval,actieinh,actieverval,nadereaandverval,actieaanpgel,bijhpartij,bijhaard,naderebijhaard,indonverwdocaanw) VALUES('10184','10033','19670601',null,'19670601','20010301','10920','10921',null,null,'347','1','1','false');
INSERT INTO kern.his_persbijhouding (id,pers,dataanvgel,dateindegel,tsreg,tsverval,actieinh,actieverval,nadereaandverval,actieaanpgel,bijhpartij,bijhaard,naderebijhaard,indonverwdocaanw) VALUES('10088','10033','19531116','19670601','19670601',null,'10033',null,null,'10920','506','1','1','false');
INSERT INTO kern.his_persbijhouding (id,pers,dataanvgel,dateindegel,tsreg,tsverval,actieinh,actieverval,nadereaandverval,actieaanpgel,bijhpartij,bijhaard,naderebijhaard,indonverwdocaanw) VALUES('10185','10033','19531116',null,'19531116','19670601','10033','10920',null,null,'506','1','1','false');
INSERT INTO kern.his_persbijhouding (id,pers,dataanvgel,dateindegel,tsreg,tsverval,actieinh,actieverval,nadereaandverval,actieaanpgel,bijhpartij,bijhaard,naderebijhaard,indonverwdocaanw) VALUES('10095','10034','20090701',null,'20090701',null,'10918',null,null,null,'347','1','1','false');
INSERT INTO kern.his_persbijhouding (id,pers,dataanvgel,dateindegel,tsreg,tsverval,actieinh,actieverval,nadereaandverval,actieaanpgel,bijhpartij,bijhaard,naderebijhaard,indonverwdocaanw) VALUES('10094','10034','20080218','20090701','20090701',null,'10917',null,null,'10918','347','1','1','false');
INSERT INTO kern.his_persbijhouding (id,pers,dataanvgel,dateindegel,tsreg,tsverval,actieinh,actieverval,nadereaandverval,actieaanpgel,bijhpartij,bijhaard,naderebijhaard,indonverwdocaanw) VALUES('10186','10034','20080218',null,'20080218','20090701','10917','10918',null,null,'347','1','1','false');
INSERT INTO kern.his_persbijhouding (id,pers,dataanvgel,dateindegel,tsreg,tsverval,actieinh,actieverval,nadereaandverval,actieaanpgel,bijhpartij,bijhaard,naderebijhaard,indonverwdocaanw) VALUES('10093','10034','20070406','20080218','20080218',null,'10916',null,null,'10917','347','1','1','false');
INSERT INTO kern.his_persbijhouding (id,pers,dataanvgel,dateindegel,tsreg,tsverval,actieinh,actieverval,nadereaandverval,actieaanpgel,bijhpartij,bijhaard,naderebijhaard,indonverwdocaanw) VALUES('10187','10034','20070406',null,'20070406','20080218','10916','10917',null,null,'347','1','1','false');
INSERT INTO kern.his_persbijhouding (id,pers,dataanvgel,dateindegel,tsreg,tsverval,actieinh,actieverval,nadereaandverval,actieaanpgel,bijhpartij,bijhaard,naderebijhaard,indonverwdocaanw) VALUES('10092','10034','19390402','20070406','20070406',null,'10034',null,null,'10916','403','1','1','false');
INSERT INTO kern.his_persbijhouding (id,pers,dataanvgel,dateindegel,tsreg,tsverval,actieinh,actieverval,nadereaandverval,actieaanpgel,bijhpartij,bijhaard,naderebijhaard,indonverwdocaanw) VALUES('10188','10034','19390402',null,'19390402','20070406','10034','10916',null,null,'403','1','1','false');
INSERT INTO kern.his_persbijhouding (id,pers,dataanvgel,dateindegel,tsreg,tsverval,actieinh,actieverval,nadereaandverval,actieaanpgel,bijhpartij,bijhaard,naderebijhaard,indonverwdocaanw) VALUES('10099','10035','20090301',null,'20090301',null,'10914',null,null,null,'347','1','1','false');
INSERT INTO kern.his_persbijhouding (id,pers,dataanvgel,dateindegel,tsreg,tsverval,actieinh,actieverval,nadereaandverval,actieaanpgel,bijhpartij,bijhaard,naderebijhaard,indonverwdocaanw) VALUES('10098','10035','20081101','20090301','20090301',null,'10913',null,null,'10914','347','1','1','false');
INSERT INTO kern.his_persbijhouding (id,pers,dataanvgel,dateindegel,tsreg,tsverval,actieinh,actieverval,nadereaandverval,actieaanpgel,bijhpartij,bijhaard,naderebijhaard,indonverwdocaanw) VALUES('10189','10035','20081101',null,'20081101','20090301','10913','10914',null,null,'347','1','1','false');
INSERT INTO kern.his_persbijhouding (id,pers,dataanvgel,dateindegel,tsreg,tsverval,actieinh,actieverval,nadereaandverval,actieaanpgel,bijhpartij,bijhaard,naderebijhaard,indonverwdocaanw) VALUES('10097','10035','20050101','20081101','20081101',null,'10912',null,null,'10913','347','1','1','false');
INSERT INTO kern.his_persbijhouding (id,pers,dataanvgel,dateindegel,tsreg,tsverval,actieinh,actieverval,nadereaandverval,actieaanpgel,bijhpartij,bijhaard,naderebijhaard,indonverwdocaanw) VALUES('10190','10035','20050101',null,'20050101','20081101','10912','10913',null,null,'347','1','1','false');
INSERT INTO kern.his_persbijhouding (id,pers,dataanvgel,dateindegel,tsreg,tsverval,actieinh,actieverval,nadereaandverval,actieaanpgel,bijhpartij,bijhaard,naderebijhaard,indonverwdocaanw) VALUES('10096','10035','19841203','20050101','20050101',null,'10035',null,null,'10912','342','1','1','false');
INSERT INTO kern.his_persbijhouding (id,pers,dataanvgel,dateindegel,tsreg,tsverval,actieinh,actieverval,nadereaandverval,actieaanpgel,bijhpartij,bijhaard,naderebijhaard,indonverwdocaanw) VALUES('10191','10035','19841203',null,'19841203','20050101','10035','10912',null,null,'342','1','1','false');
INSERT INTO kern.his_persbijhouding (id,pers,dataanvgel,dateindegel,tsreg,tsverval,actieinh,actieverval,nadereaandverval,actieaanpgel,bijhpartij,bijhaard,naderebijhaard,indonverwdocaanw) VALUES('10103','10036','20090301',null,'20090301',null,'10910',null,null,null,'347','1','1','false');
INSERT INTO kern.his_persbijhouding (id,pers,dataanvgel,dateindegel,tsreg,tsverval,actieinh,actieverval,nadereaandverval,actieaanpgel,bijhpartij,bijhaard,naderebijhaard,indonverwdocaanw) VALUES('10102','10036','20081101','20090301','20090301',null,'10909',null,null,'10910','347','1','1','false');
INSERT INTO kern.his_persbijhouding (id,pers,dataanvgel,dateindegel,tsreg,tsverval,actieinh,actieverval,nadereaandverval,actieaanpgel,bijhpartij,bijhaard,naderebijhaard,indonverwdocaanw) VALUES('10192','10036','20081101',null,'20081101','20090301','10909','10910',null,null,'347','1','1','false');
INSERT INTO kern.his_persbijhouding (id,pers,dataanvgel,dateindegel,tsreg,tsverval,actieinh,actieverval,nadereaandverval,actieaanpgel,bijhpartij,bijhaard,naderebijhaard,indonverwdocaanw) VALUES('10101','10036','20050101','20081101','20081101',null,'10908',null,null,'10909','347','1','1','false');
INSERT INTO kern.his_persbijhouding (id,pers,dataanvgel,dateindegel,tsreg,tsverval,actieinh,actieverval,nadereaandverval,actieaanpgel,bijhpartij,bijhaard,naderebijhaard,indonverwdocaanw) VALUES('10193','10036','20050101',null,'20050101','20081101','10908','10909',null,null,'347','1','1','false');
INSERT INTO kern.his_persbijhouding (id,pers,dataanvgel,dateindegel,tsreg,tsverval,actieinh,actieverval,nadereaandverval,actieaanpgel,bijhpartij,bijhaard,naderebijhaard,indonverwdocaanw) VALUES('10100','10036','19851011','20050101','20050101',null,'10036',null,null,'10908','342','1','1','false');
INSERT INTO kern.his_persbijhouding (id,pers,dataanvgel,dateindegel,tsreg,tsverval,actieinh,actieverval,nadereaandverval,actieaanpgel,bijhpartij,bijhaard,naderebijhaard,indonverwdocaanw) VALUES('10194','10036','19851011',null,'19851011','20050101','10036','10908',null,null,'342','1','1','false');
INSERT INTO kern.his_persbijhouding (id,pers,dataanvgel,dateindegel,tsreg,tsverval,actieinh,actieverval,nadereaandverval,actieaanpgel,bijhpartij,bijhaard,naderebijhaard,indonverwdocaanw) VALUES('10106','10037','20090301',null,'20090301',null,'10906',null,null,null,'347','1','1','false');
INSERT INTO kern.his_persbijhouding (id,pers,dataanvgel,dateindegel,tsreg,tsverval,actieinh,actieverval,nadereaandverval,actieaanpgel,bijhpartij,bijhaard,naderebijhaard,indonverwdocaanw) VALUES('10105','10037','20081101','20090301','20090301',null,'10905',null,null,'10906','347','1','1','false');
INSERT INTO kern.his_persbijhouding (id,pers,dataanvgel,dateindegel,tsreg,tsverval,actieinh,actieverval,nadereaandverval,actieaanpgel,bijhpartij,bijhaard,naderebijhaard,indonverwdocaanw) VALUES('10195','10037','20081101',null,'20081101','20090301','10905','10906',null,null,'347','1','1','false');
INSERT INTO kern.his_persbijhouding (id,pers,dataanvgel,dateindegel,tsreg,tsverval,actieinh,actieverval,nadereaandverval,actieaanpgel,bijhpartij,bijhaard,naderebijhaard,indonverwdocaanw) VALUES('10104','10037','20050112','20081101','20081101',null,'10037',null,null,'10905','347','1','1','false');
INSERT INTO kern.his_persbijhouding (id,pers,dataanvgel,dateindegel,tsreg,tsverval,actieinh,actieverval,nadereaandverval,actieaanpgel,bijhpartij,bijhaard,naderebijhaard,indonverwdocaanw) VALUES('10196','10037','20050112',null,'20050112','20081101','10037','10905',null,null,'347','1','1','false');
INSERT INTO kern.his_persbijhouding (id,pers,dataanvgel,dateindegel,tsreg,tsverval,actieinh,actieverval,nadereaandverval,actieaanpgel,bijhpartij,bijhaard,naderebijhaard,indonverwdocaanw) VALUES('10109','10038','20090301',null,'20090301',null,'10903',null,null,null,'347','1','1','false');
INSERT INTO kern.his_persbijhouding (id,pers,dataanvgel,dateindegel,tsreg,tsverval,actieinh,actieverval,nadereaandverval,actieaanpgel,bijhpartij,bijhaard,naderebijhaard,indonverwdocaanw) VALUES('10108','10038','20081101','20090301','20090301',null,'10902',null,null,'10903','347','1','1','false');
INSERT INTO kern.his_persbijhouding (id,pers,dataanvgel,dateindegel,tsreg,tsverval,actieinh,actieverval,nadereaandverval,actieaanpgel,bijhpartij,bijhaard,naderebijhaard,indonverwdocaanw) VALUES('10197','10038','20081101',null,'20081101','20090301','10902','10903',null,null,'347','1','1','false');
INSERT INTO kern.his_persbijhouding (id,pers,dataanvgel,dateindegel,tsreg,tsverval,actieinh,actieverval,nadereaandverval,actieaanpgel,bijhpartij,bijhaard,naderebijhaard,indonverwdocaanw) VALUES('10107','10038','20051201','20081101','20081101',null,'10038',null,null,'10902','347','1','1','false');
INSERT INTO kern.his_persbijhouding (id,pers,dataanvgel,dateindegel,tsreg,tsverval,actieinh,actieverval,nadereaandverval,actieaanpgel,bijhpartij,bijhaard,naderebijhaard,indonverwdocaanw) VALUES('10198','10038','20051201',null,'20051201','20081101','10038','10902',null,null,'347','1','1','false');
INSERT INTO kern.his_persbijhouding (id,pers,dataanvgel,dateindegel,tsreg,tsverval,actieinh,actieverval,nadereaandverval,actieaanpgel,bijhpartij,bijhaard,naderebijhaard,indonverwdocaanw) VALUES('10113','10039','20120522',null,'20120522',null,'10900',null,null,null,'347','1','1','false');
INSERT INTO kern.his_persbijhouding (id,pers,dataanvgel,dateindegel,tsreg,tsverval,actieinh,actieverval,nadereaandverval,actieaanpgel,bijhpartij,bijhaard,naderebijhaard,indonverwdocaanw) VALUES('10112','10039','20111201','20120522','20120522',null,'10899',null,null,'10900','347','1','1','false');
INSERT INTO kern.his_persbijhouding (id,pers,dataanvgel,dateindegel,tsreg,tsverval,actieinh,actieverval,nadereaandverval,actieaanpgel,bijhpartij,bijhaard,naderebijhaard,indonverwdocaanw) VALUES('10199','10039','20111201',null,'20111201','20120522','10899','10900',null,null,'347','1','1','false');
INSERT INTO kern.his_persbijhouding (id,pers,dataanvgel,dateindegel,tsreg,tsverval,actieinh,actieverval,nadereaandverval,actieaanpgel,bijhpartij,bijhaard,naderebijhaard,indonverwdocaanw) VALUES('10111','10039','20101201','20111201','20111201',null,'10898',null,null,'10899','347','1','1','false');
INSERT INTO kern.his_persbijhouding (id,pers,dataanvgel,dateindegel,tsreg,tsverval,actieinh,actieverval,nadereaandverval,actieaanpgel,bijhpartij,bijhaard,naderebijhaard,indonverwdocaanw) VALUES('10200','10039','20101201',null,'20101201','20111201','10898','10899',null,null,'347','1','1','false');
INSERT INTO kern.his_persbijhouding (id,pers,dataanvgel,dateindegel,tsreg,tsverval,actieinh,actieverval,nadereaandverval,actieaanpgel,bijhpartij,bijhaard,naderebijhaard,indonverwdocaanw) VALUES('10110','10039','19910315','20101201','20101201',null,'10039',null,null,'10898','347','1','1','false');
INSERT INTO kern.his_persbijhouding (id,pers,dataanvgel,dateindegel,tsreg,tsverval,actieinh,actieverval,nadereaandverval,actieaanpgel,bijhpartij,bijhaard,naderebijhaard,indonverwdocaanw) VALUES('10201','10039','19910315',null,'19910315','20101201','10039','10898',null,null,'347','1','1','false');
INSERT INTO kern.his_persbijhouding (id,pers,dataanvgel,dateindegel,tsreg,tsverval,actieinh,actieverval,nadereaandverval,actieaanpgel,bijhpartij,bijhaard,naderebijhaard,indonverwdocaanw) VALUES('10114','10040','20010517',null,'20010517',null,'10040',null,null,null,'347','1','1','false');
INSERT INTO kern.his_persbijhouding (id,pers,dataanvgel,dateindegel,tsreg,tsverval,actieinh,actieverval,nadereaandverval,actieaanpgel,bijhpartij,bijhaard,naderebijhaard,indonverwdocaanw) VALUES('10119','10041','20090206',null,'20090206',null,'10629',null,null,null,'347','1','7','false');
INSERT INTO kern.his_persbijhouding (id,pers,dataanvgel,dateindegel,tsreg,tsverval,actieinh,actieverval,nadereaandverval,actieaanpgel,bijhpartij,bijhaard,naderebijhaard,indonverwdocaanw) VALUES('10118','10041','20090201','20090206','20090206',null,'10895',null,null,null,'347','1','1','false');
INSERT INTO kern.his_persbijhouding (id,pers,dataanvgel,dateindegel,tsreg,tsverval,actieinh,actieverval,nadereaandverval,actieaanpgel,bijhpartij,bijhaard,naderebijhaard,indonverwdocaanw) VALUES('10202','10041','20090201',null,'20090201','20090206','10895',null,null,null,'347','1','1','false');
INSERT INTO kern.his_persbijhouding (id,pers,dataanvgel,dateindegel,tsreg,tsverval,actieinh,actieverval,nadereaandverval,actieaanpgel,bijhpartij,bijhaard,naderebijhaard,indonverwdocaanw) VALUES('10117','10041','20060523','20090201','20090201',null,'10894',null,null,'10895','347','1','1','false');
INSERT INTO kern.his_persbijhouding (id,pers,dataanvgel,dateindegel,tsreg,tsverval,actieinh,actieverval,nadereaandverval,actieaanpgel,bijhpartij,bijhaard,naderebijhaard,indonverwdocaanw) VALUES('10203','10041','20060523',null,'20060523','20090201','10894','10895',null,null,'347','1','1','false');
INSERT INTO kern.his_persbijhouding (id,pers,dataanvgel,dateindegel,tsreg,tsverval,actieinh,actieverval,nadereaandverval,actieaanpgel,bijhpartij,bijhaard,naderebijhaard,indonverwdocaanw) VALUES('10116','10041','20040819','20060523','20060523',null,'10893',null,null,'10894','347','1','1','false');
INSERT INTO kern.his_persbijhouding (id,pers,dataanvgel,dateindegel,tsreg,tsverval,actieinh,actieverval,nadereaandverval,actieaanpgel,bijhpartij,bijhaard,naderebijhaard,indonverwdocaanw) VALUES('10204','10041','20040819',null,'20040819','20060523','10893','10894',null,null,'347','1','1','false');
INSERT INTO kern.his_persbijhouding (id,pers,dataanvgel,dateindegel,tsreg,tsverval,actieinh,actieverval,nadereaandverval,actieaanpgel,bijhpartij,bijhaard,naderebijhaard,indonverwdocaanw) VALUES('10115','10041','19680809','20040819','20040819',null,'10041',null,null,'10893','347','1','1','false');
INSERT INTO kern.his_persbijhouding (id,pers,dataanvgel,dateindegel,tsreg,tsverval,actieinh,actieverval,nadereaandverval,actieaanpgel,bijhpartij,bijhaard,naderebijhaard,indonverwdocaanw) VALUES('10205','10041','19680809',null,'19680809','20040819','10041','10893',null,null,'347','1','1','false');
INSERT INTO kern.his_persbijhouding (id,pers,dataanvgel,dateindegel,tsreg,tsverval,actieinh,actieverval,nadereaandverval,actieaanpgel,bijhpartij,bijhaard,naderebijhaard,indonverwdocaanw) VALUES('10121','10042','20010328',null,'20010328',null,'10891',null,null,null,'347','1','1','false');
INSERT INTO kern.his_persbijhouding (id,pers,dataanvgel,dateindegel,tsreg,tsverval,actieinh,actieverval,nadereaandverval,actieaanpgel,bijhpartij,bijhaard,naderebijhaard,indonverwdocaanw) VALUES('10120','10042','19580921','20010328','20010328',null,'10042',null,null,'10891','342','1','1','false');
INSERT INTO kern.his_persbijhouding (id,pers,dataanvgel,dateindegel,tsreg,tsverval,actieinh,actieverval,nadereaandverval,actieaanpgel,bijhpartij,bijhaard,naderebijhaard,indonverwdocaanw) VALUES('10206','10042','19580921',null,'19580921','20010328','10042','10891',null,null,'342','1','1','false');
INSERT INTO kern.his_persbijhouding (id,pers,dataanvgel,dateindegel,tsreg,tsverval,actieinh,actieverval,nadereaandverval,actieaanpgel,bijhpartij,bijhaard,naderebijhaard,indonverwdocaanw) VALUES('10123','10043','19820528',null,'19820528',null,'10889',null,null,null,'347','1','1','false');
INSERT INTO kern.his_persbijhouding (id,pers,dataanvgel,dateindegel,tsreg,tsverval,actieinh,actieverval,nadereaandverval,actieaanpgel,bijhpartij,bijhaard,naderebijhaard,indonverwdocaanw) VALUES('10122','10043','19590922','19820528','19820528',null,'10043',null,null,'10889','403','1','1','false');
INSERT INTO kern.his_persbijhouding (id,pers,dataanvgel,dateindegel,tsreg,tsverval,actieinh,actieverval,nadereaandverval,actieaanpgel,bijhpartij,bijhaard,naderebijhaard,indonverwdocaanw) VALUES('10207','10043','19590922',null,'19590922','19820528','10043','10889',null,null,'403','1','1','false');
INSERT INTO kern.his_persbijhouding (id,pers,dataanvgel,dateindegel,tsreg,tsverval,actieinh,actieverval,nadereaandverval,actieaanpgel,bijhpartij,bijhaard,naderebijhaard,indonverwdocaanw) VALUES('10125','10044','20010328',null,'20010328',null,'10887',null,null,null,'347','1','1','false');
INSERT INTO kern.his_persbijhouding (id,pers,dataanvgel,dateindegel,tsreg,tsverval,actieinh,actieverval,nadereaandverval,actieaanpgel,bijhpartij,bijhaard,naderebijhaard,indonverwdocaanw) VALUES('10124','10044','19601221','20010328','20010328',null,'10044',null,null,'10887','342','1','1','false');
INSERT INTO kern.his_persbijhouding (id,pers,dataanvgel,dateindegel,tsreg,tsverval,actieinh,actieverval,nadereaandverval,actieaanpgel,bijhpartij,bijhaard,naderebijhaard,indonverwdocaanw) VALUES('10208','10044','19601221',null,'19601221','20010328','10044','10887',null,null,'342','1','1','false');
INSERT INTO kern.his_persbijhouding (id,pers,dataanvgel,dateindegel,tsreg,tsverval,actieinh,actieverval,nadereaandverval,actieaanpgel,bijhpartij,bijhaard,naderebijhaard,indonverwdocaanw) VALUES('10127','10045','19911002',null,'19911002',null,'10885',null,null,null,'347','1','1','false');
INSERT INTO kern.his_persbijhouding (id,pers,dataanvgel,dateindegel,tsreg,tsverval,actieinh,actieverval,nadereaandverval,actieaanpgel,bijhpartij,bijhaard,naderebijhaard,indonverwdocaanw) VALUES('10126','10045','19611222','19911002','19911002',null,'10045',null,null,'10885','508','1','1','false');
INSERT INTO kern.his_persbijhouding (id,pers,dataanvgel,dateindegel,tsreg,tsverval,actieinh,actieverval,nadereaandverval,actieaanpgel,bijhpartij,bijhaard,naderebijhaard,indonverwdocaanw) VALUES('10209','10045','19611222',null,'19611222','19911002','10045','10885',null,null,'508','1','1','false');

commit;


--------------------------------------------------
--- EIND
--- Sheet: (his_persbijhouding)
--- Handler: SheetHandlerImplSimpleInsert
--- Aantal: (209)
--------------------------------------------------
--------------------------------------------------
--- START
--- Sheet: (-end-)
--- Handler: SheetHandlerImplTimestamp
--------------------------------------------------

begin;

DELETE FROM test.ARTversion;
INSERT INTO test.ARTversion (ID, FullVersion, ReleaseVersion, BuildTimestamp, ExcelTimestamp) VALUES (1, 'TestdataGenerator ${project.version}-r${svnrevision}-b${buildnumber} (${timestamp})','${project.version}','${timestamp}','07-10-2015 14:20:39');

commit;


--------------------------------------------------
--- EIND
--- Sheet: (-end-)
--- Handler: SheetHandlerImplTimestamp
--- Aantal: (1)
--------------------------------------------------
--------------------------------------------------
--- END Generated from: /media/truecrypt1/source/bmr_44/art/art-data/testdata/src/main/resources/brp-testdata/SierraTestdata-KUC003-Registratie-adoptie.xls
--------------------------------------------------