
--------------------------------------------------
--- START Generated from: /media/truecrypt1/source/bmr_44/art/art-data/testdata/src/main/resources/brp-testdata/SierraTestdata-PersoonVerificatie.xls
--------------------------------------------------

--------------------------------------------------
--- Sheet: (0) (toelichtingTP) wordt overgeslagen
--------------------------------------------------
--------------------------------------------------
--- START
--- Sheet: (admhnd)
--- Handler: SheetHandlerImplSimpleInsert
--------------------------------------------------

begin;

INSERT INTO kern.admhnd (id,srt,partij,toelichtingontlening,tsreg,tslev) VALUES('29001','37','993',null,'20000101','20000101');
INSERT INTO kern.admhnd (id,srt,partij,toelichtingontlening,tsreg,tslev) VALUES('29002','30','302',null,'20020202','20020202');
INSERT INTO kern.admhnd (id,srt,partij,toelichtingontlening,tsreg,tslev) VALUES('29003','30','347',null,'20041212','20041212');
INSERT INTO kern.admhnd (id,srt,partij,toelichtingontlening,tsreg,tslev) VALUES('29004','32','347',null,'20080102','20080102');
INSERT INTO kern.admhnd (id,srt,partij,toelichtingontlening,tsreg,tslev) VALUES('29005','38','2',null,'20090101','20090101');
INSERT INTO kern.admhnd (id,srt,partij,toelichtingontlening,tsreg,tslev) VALUES('29006','38','2',null,'20100101','20100101');
INSERT INTO kern.admhnd (id,srt,partij,toelichtingontlening,tsreg,tslev) VALUES('29007','38','2',null,'20110101','20110101');
INSERT INTO kern.admhnd (id,srt,partij,toelichtingontlening,tsreg,tslev) VALUES('29008','37','993',null,'20000101','20000101');
INSERT INTO kern.admhnd (id,srt,partij,toelichtingontlening,tsreg,tslev) VALUES('29009','30','302',null,'20020202','20020202');
INSERT INTO kern.admhnd (id,srt,partij,toelichtingontlening,tsreg,tslev) VALUES('29010','30','347',null,'20041212','20041212');
INSERT INTO kern.admhnd (id,srt,partij,toelichtingontlening,tsreg,tslev) VALUES('29011','32','347',null,'20080102','20080102');
INSERT INTO kern.admhnd (id,srt,partij,toelichtingontlening,tsreg,tslev) VALUES('29012','38','2',null,'20090101','20090101');
INSERT INTO kern.admhnd (id,srt,partij,toelichtingontlening,tsreg,tslev) VALUES('29013','38','2',null,'20100101','20100101');
INSERT INTO kern.admhnd (id,srt,partij,toelichtingontlening,tsreg,tslev) VALUES('29014','38','2',null,'20110101','20110101');
INSERT INTO kern.admhnd (id,srt,partij,toelichtingontlening,tsreg,tslev) VALUES('29015','37','993',null,'20000101','20000101');
INSERT INTO kern.admhnd (id,srt,partij,toelichtingontlening,tsreg,tslev) VALUES('29016','30','302',null,'20020202','20020202');
INSERT INTO kern.admhnd (id,srt,partij,toelichtingontlening,tsreg,tslev) VALUES('29017','30','347',null,'20041212','20041212');
INSERT INTO kern.admhnd (id,srt,partij,toelichtingontlening,tsreg,tslev) VALUES('29018','32','347',null,'20080102','20080102');
INSERT INTO kern.admhnd (id,srt,partij,toelichtingontlening,tsreg,tslev) VALUES('29019','38','2',null,'20090101','20090101');
INSERT INTO kern.admhnd (id,srt,partij,toelichtingontlening,tsreg,tslev) VALUES('29020','38','2',null,'20100101','20100101');
INSERT INTO kern.admhnd (id,srt,partij,toelichtingontlening,tsreg,tslev) VALUES('29021','38','2',null,'20110101','20110101');
INSERT INTO kern.admhnd (id,srt,partij,toelichtingontlening,tsreg,tslev) VALUES('29022','38','2',null,'20120101','20120101');
INSERT INTO kern.admhnd (id,srt,partij,toelichtingontlening,tsreg,tslev) VALUES('29023','38','2',null,'20130101','20130101');

commit;


--------------------------------------------------
--- EIND
--- Sheet: (admhnd)
--- Handler: SheetHandlerImplSimpleInsert
--- Aantal: (23)
--------------------------------------------------
--------------------------------------------------
--- START
--- Sheet: (brp_actie)
--- Handler: SheetHandlerImplSimpleInsert
--------------------------------------------------

begin;

INSERT INTO kern.actie (id,srt,admhnd,partij,tsreg) VALUES('29001','7','29001','993','20000101');
INSERT INTO kern.actie (id,srt,admhnd,partij,tsreg) VALUES('29002','18','29002','302','20020202');
INSERT INTO kern.actie (id,srt,admhnd,partij,tsreg) VALUES('29003','18','29003','347','20041212');
INSERT INTO kern.actie (id,srt,admhnd,partij,tsreg) VALUES('29004','49','29004','347','20080102');
INSERT INTO kern.actie (id,srt,admhnd,partij,tsreg) VALUES('29005','52','29005','2','20090101');
INSERT INTO kern.actie (id,srt,admhnd,partij,tsreg) VALUES('29006','52','29006','2','20100101');
INSERT INTO kern.actie (id,srt,admhnd,partij,tsreg) VALUES('29007','52','29007','2','20110101');
INSERT INTO kern.actie (id,srt,admhnd,partij,tsreg) VALUES('29008','7','29008','993','20000101');
INSERT INTO kern.actie (id,srt,admhnd,partij,tsreg) VALUES('29009','18','29009','302','20020202');
INSERT INTO kern.actie (id,srt,admhnd,partij,tsreg) VALUES('29010','18','29010','347','20041212');
INSERT INTO kern.actie (id,srt,admhnd,partij,tsreg) VALUES('29011','49','29011','347','20080102');
INSERT INTO kern.actie (id,srt,admhnd,partij,tsreg) VALUES('29012','52','29012','2','20090101');
INSERT INTO kern.actie (id,srt,admhnd,partij,tsreg) VALUES('29013','52','29013','2','20100101');
INSERT INTO kern.actie (id,srt,admhnd,partij,tsreg) VALUES('29014','52','29014','2','20110101');
INSERT INTO kern.actie (id,srt,admhnd,partij,tsreg) VALUES('29015','7','29015','993','20000101');
INSERT INTO kern.actie (id,srt,admhnd,partij,tsreg) VALUES('29016','18','29016','302','20020202');
INSERT INTO kern.actie (id,srt,admhnd,partij,tsreg) VALUES('29017','18','29017','347','20041212');
INSERT INTO kern.actie (id,srt,admhnd,partij,tsreg) VALUES('29018','49','29018','347','20080102');
INSERT INTO kern.actie (id,srt,admhnd,partij,tsreg) VALUES('29019','52','29019','2','20090101');
INSERT INTO kern.actie (id,srt,admhnd,partij,tsreg) VALUES('29020','52','29020','2','20100101');
INSERT INTO kern.actie (id,srt,admhnd,partij,tsreg) VALUES('29021','52','29021','2','20110101');
INSERT INTO kern.actie (id,srt,admhnd,partij,tsreg) VALUES('29022','52','29022','2','20120101');
INSERT INTO kern.actie (id,srt,admhnd,partij,tsreg) VALUES('29023','52','29023','2','20130101');

commit;


--------------------------------------------------
--- EIND
--- Sheet: (brp_actie)
--- Handler: SheetHandlerImplSimpleInsert
--- Aantal: (23)
--------------------------------------------------
--------------------------------------------------
--- START
--- Sheet: (pers)
--- Handler: SheetHandlerImplSimpleInsert
--------------------------------------------------

begin;

INSERT INTO kern.pers (id,srt,admhnd,datgeboorte,gemgeboorte,wplnaamgeboorte,blplaatsgeboorte,blregiogeboorte,landgebiedgeboorte,omslocgeboorte,datoverlijden,gemoverlijden,wplnaamoverlijden,blplaatsoverlijden,blregiooverlijden,landgebiedoverlijden,omslocoverlijden,naderebijhaard,datinschr,versienr,vorigebsn,volgendebsn,naamgebruik,indnaamgebruikafgeleid,predicaatnaamgebruik,voornamennaamgebruik,voorvoegselnaamgebruik,scheidingstekennaamgebruik,adellijketitelnaamgebruik,geslnaamstamnaamgebruik,gempk,indpkvollediggeconv,aandverblijfsr,srtmigratie,rdnwijzmigratie,aangmigratie,landgebiedmigratie,bladresregel1migratie,bladresregel2migratie,bladresregel3migratie,bladresregel4migratie,bladresregel5migratie,bladresregel6migratie,datmededelingverblijfsr,datvoorzeindeverblijfsr,inddeelneuverkiezingen,dataanlaanpdeelneuverkiezing,datvoorzeindeuitsleuverkiezi,predicaat,voornamen,voorvoegsel,scheidingsteken,adellijketitel,geslnaamstam,indnreeks,indafgeleid,bijhpartij,indonverwdocaanw,geslachtsaand,bsn,anr,tslaatstewijz,induitslkiesr,datvoorzeindeuitslkiesr,bijhaard,indonverwbijhvoorstelnieting,dattijdstempel) VALUES('29001','1','29007','19700808','993','Zevenaar',null,null,'229',null,null,null,null,null,null,null,null,'1','20000101','1',null,null,'1','true',null,'Joep',null,null,null,'Melk',null,null,null,'2','1','3','32','Dorp','3','Gent',null,null,null,null,null,null,null,null,null,'Joep',null,null,null,'Melk','false','true','2','false','1','290131789','2902195302','20000101',null,null,'1','false',null);
INSERT INTO kern.pers (id,srt,admhnd,datgeboorte,gemgeboorte,wplnaamgeboorte,blplaatsgeboorte,blregiogeboorte,landgebiedgeboorte,omslocgeboorte,datoverlijden,gemoverlijden,wplnaamoverlijden,blplaatsoverlijden,blregiooverlijden,landgebiedoverlijden,omslocoverlijden,naderebijhaard,datinschr,versienr,vorigebsn,volgendebsn,naamgebruik,indnaamgebruikafgeleid,predicaatnaamgebruik,voornamennaamgebruik,voorvoegselnaamgebruik,scheidingstekennaamgebruik,adellijketitelnaamgebruik,geslnaamstamnaamgebruik,gempk,indpkvollediggeconv,aandverblijfsr,srtmigratie,rdnwijzmigratie,aangmigratie,landgebiedmigratie,bladresregel1migratie,bladresregel2migratie,bladresregel3migratie,bladresregel4migratie,bladresregel5migratie,bladresregel6migratie,datmededelingverblijfsr,datvoorzeindeverblijfsr,inddeelneuverkiezingen,dataanlaanpdeelneuverkiezing,datvoorzeindeuitsleuverkiezi,predicaat,voornamen,voorvoegsel,scheidingsteken,adellijketitel,geslnaamstam,indnreeks,indafgeleid,bijhpartij,indonverwdocaanw,geslachtsaand,bsn,anr,tslaatstewijz,induitslkiesr,datvoorzeindeuitslkiesr,bijhaard,indonverwbijhvoorstelnieting,dattijdstempel) VALUES('29002','2','29001','19400101',null,null,'Larashe',null,'125',null,null,null,null,null,null,null,null,null,null,null,null,null,null,null,null,'Job',null,null,null,null,null,null,null,null,null,null,null,null,null,null,null,null,null,null,null,null,null,null,null,'Truus',null,null,null,'Zoutenbier','false','true',null,null,'2',null,null,null,null,null,null,null,null);
INSERT INTO kern.pers (id,srt,admhnd,datgeboorte,gemgeboorte,wplnaamgeboorte,blplaatsgeboorte,blregiogeboorte,landgebiedgeboorte,omslocgeboorte,datoverlijden,gemoverlijden,wplnaamoverlijden,blplaatsoverlijden,blregiooverlijden,landgebiedoverlijden,omslocoverlijden,naderebijhaard,datinschr,versienr,vorigebsn,volgendebsn,naamgebruik,indnaamgebruikafgeleid,predicaatnaamgebruik,voornamennaamgebruik,voorvoegselnaamgebruik,scheidingstekennaamgebruik,adellijketitelnaamgebruik,geslnaamstamnaamgebruik,gempk,indpkvollediggeconv,aandverblijfsr,srtmigratie,rdnwijzmigratie,aangmigratie,landgebiedmigratie,bladresregel1migratie,bladresregel2migratie,bladresregel3migratie,bladresregel4migratie,bladresregel5migratie,bladresregel6migratie,datmededelingverblijfsr,datvoorzeindeverblijfsr,inddeelneuverkiezingen,dataanlaanpdeelneuverkiezing,datvoorzeindeuitsleuverkiezi,predicaat,voornamen,voorvoegsel,scheidingsteken,adellijketitel,geslnaamstam,indnreeks,indafgeleid,bijhpartij,indonverwdocaanw,geslachtsaand,bsn,anr,tslaatstewijz,induitslkiesr,datvoorzeindeuitslkiesr,bijhaard,indonverwbijhvoorstelnieting,dattijdstempel) VALUES('29003','2','29001','19390101',null,null,'Larashe',null,'125',null,null,null,null,null,null,null,null,null,null,null,null,null,null,null,null,'Jo',null,null,null,null,null,null,null,null,null,null,null,null,null,null,null,null,null,null,null,null,null,null,null,'Piet',null,null,null,'Parkiet','false','true',null,null,'1',null,null,null,null,null,null,null,null);
INSERT INTO kern.pers (id,srt,admhnd,datgeboorte,gemgeboorte,wplnaamgeboorte,blplaatsgeboorte,blregiogeboorte,landgebiedgeboorte,omslocgeboorte,datoverlijden,gemoverlijden,wplnaamoverlijden,blplaatsoverlijden,blregiooverlijden,landgebiedoverlijden,omslocoverlijden,naderebijhaard,datinschr,versienr,vorigebsn,volgendebsn,naamgebruik,indnaamgebruikafgeleid,predicaatnaamgebruik,voornamennaamgebruik,voorvoegselnaamgebruik,scheidingstekennaamgebruik,adellijketitelnaamgebruik,geslnaamstamnaamgebruik,gempk,indpkvollediggeconv,aandverblijfsr,srtmigratie,rdnwijzmigratie,aangmigratie,landgebiedmigratie,bladresregel1migratie,bladresregel2migratie,bladresregel3migratie,bladresregel4migratie,bladresregel5migratie,bladresregel6migratie,datmededelingverblijfsr,datvoorzeindeverblijfsr,inddeelneuverkiezingen,dataanlaanpdeelneuverkiezing,datvoorzeindeuitsleuverkiezi,predicaat,voornamen,voorvoegsel,scheidingsteken,adellijketitel,geslnaamstam,indnreeks,indafgeleid,bijhpartij,indonverwdocaanw,geslachtsaand,bsn,anr,tslaatstewijz,induitslkiesr,datvoorzeindeuitslkiesr,bijhaard,indonverwbijhvoorstelnieting,dattijdstempel) VALUES('29004','1','29014','19700808','993','Zevenaar',null,null,'229',null,null,null,null,null,null,null,null,'1','20000101','1',null,null,'1','true',null,'Job',null,null,null,'Welk',null,null,null,'2','1','3','32','Dorp','3','Gent',null,null,null,null,null,null,null,null,null,'Job',null,null,null,'Welk','false','true','302','false','1','290143925','2903107560','20000101',null,null,'1','false',null);
INSERT INTO kern.pers (id,srt,admhnd,datgeboorte,gemgeboorte,wplnaamgeboorte,blplaatsgeboorte,blregiogeboorte,landgebiedgeboorte,omslocgeboorte,datoverlijden,gemoverlijden,wplnaamoverlijden,blplaatsoverlijden,blregiooverlijden,landgebiedoverlijden,omslocoverlijden,naderebijhaard,datinschr,versienr,vorigebsn,volgendebsn,naamgebruik,indnaamgebruikafgeleid,predicaatnaamgebruik,voornamennaamgebruik,voorvoegselnaamgebruik,scheidingstekennaamgebruik,adellijketitelnaamgebruik,geslnaamstamnaamgebruik,gempk,indpkvollediggeconv,aandverblijfsr,srtmigratie,rdnwijzmigratie,aangmigratie,landgebiedmigratie,bladresregel1migratie,bladresregel2migratie,bladresregel3migratie,bladresregel4migratie,bladresregel5migratie,bladresregel6migratie,datmededelingverblijfsr,datvoorzeindeverblijfsr,inddeelneuverkiezingen,dataanlaanpdeelneuverkiezing,datvoorzeindeuitsleuverkiezi,predicaat,voornamen,voorvoegsel,scheidingsteken,adellijketitel,geslnaamstam,indnreeks,indafgeleid,bijhpartij,indonverwdocaanw,geslachtsaand,bsn,anr,tslaatstewijz,induitslkiesr,datvoorzeindeuitslkiesr,bijhaard,indonverwbijhvoorstelnieting,dattijdstempel) VALUES('29005','2','29008','19400101',null,null,'Larashe',null,'125',null,null,null,null,null,null,null,null,null,null,null,null,null,null,null,null,null,null,null,null,null,null,null,null,null,null,null,null,null,null,null,null,null,null,null,null,null,null,null,null,'Truus',null,null,null,'Zoutenbier','false','true',null,null,'2',null,null,null,null,null,null,null,null);
INSERT INTO kern.pers (id,srt,admhnd,datgeboorte,gemgeboorte,wplnaamgeboorte,blplaatsgeboorte,blregiogeboorte,landgebiedgeboorte,omslocgeboorte,datoverlijden,gemoverlijden,wplnaamoverlijden,blplaatsoverlijden,blregiooverlijden,landgebiedoverlijden,omslocoverlijden,naderebijhaard,datinschr,versienr,vorigebsn,volgendebsn,naamgebruik,indnaamgebruikafgeleid,predicaatnaamgebruik,voornamennaamgebruik,voorvoegselnaamgebruik,scheidingstekennaamgebruik,adellijketitelnaamgebruik,geslnaamstamnaamgebruik,gempk,indpkvollediggeconv,aandverblijfsr,srtmigratie,rdnwijzmigratie,aangmigratie,landgebiedmigratie,bladresregel1migratie,bladresregel2migratie,bladresregel3migratie,bladresregel4migratie,bladresregel5migratie,bladresregel6migratie,datmededelingverblijfsr,datvoorzeindeverblijfsr,inddeelneuverkiezingen,dataanlaanpdeelneuverkiezing,datvoorzeindeuitsleuverkiezi,predicaat,voornamen,voorvoegsel,scheidingsteken,adellijketitel,geslnaamstam,indnreeks,indafgeleid,bijhpartij,indonverwdocaanw,geslachtsaand,bsn,anr,tslaatstewijz,induitslkiesr,datvoorzeindeuitslkiesr,bijhaard,indonverwbijhvoorstelnieting,dattijdstempel) VALUES('29006','2','29008','19390101',null,null,'Larashe',null,'125',null,null,null,null,null,null,null,null,null,null,null,null,null,null,null,null,null,null,null,null,null,null,null,null,null,null,null,null,null,null,null,null,null,null,null,null,null,null,null,null,'Piet',null,null,null,'Parkiet','false','true',null,null,'1',null,null,null,null,null,null,null,null);
INSERT INTO kern.pers (id,srt,admhnd,datgeboorte,gemgeboorte,wplnaamgeboorte,blplaatsgeboorte,blregiogeboorte,landgebiedgeboorte,omslocgeboorte,datoverlijden,gemoverlijden,wplnaamoverlijden,blplaatsoverlijden,blregiooverlijden,landgebiedoverlijden,omslocoverlijden,naderebijhaard,datinschr,versienr,vorigebsn,volgendebsn,naamgebruik,indnaamgebruikafgeleid,predicaatnaamgebruik,voornamennaamgebruik,voorvoegselnaamgebruik,scheidingstekennaamgebruik,adellijketitelnaamgebruik,geslnaamstamnaamgebruik,gempk,indpkvollediggeconv,aandverblijfsr,srtmigratie,rdnwijzmigratie,aangmigratie,landgebiedmigratie,bladresregel1migratie,bladresregel2migratie,bladresregel3migratie,bladresregel4migratie,bladresregel5migratie,bladresregel6migratie,datmededelingverblijfsr,datvoorzeindeverblijfsr,inddeelneuverkiezingen,dataanlaanpdeelneuverkiezing,datvoorzeindeuitsleuverkiezi,predicaat,voornamen,voorvoegsel,scheidingsteken,adellijketitel,geslnaamstam,indnreeks,indafgeleid,bijhpartij,indonverwdocaanw,geslachtsaand,bsn,anr,tslaatstewijz,induitslkiesr,datvoorzeindeuitslkiesr,bijhaard,indonverwbijhvoorstelnieting,dattijdstempel) VALUES('29007','1','29023','19700808','993','Zevenaar',null,null,'229',null,null,null,null,null,null,null,null,'1','20000101','1',null,null,'1','true',null,'Jo',null,null,null,'Elk',null,null,null,'2','1','3','32','Dorp','3','Gent',null,null,null,null,null,null,null,null,null,'Jo',null,null,null,'Elk','false','true','347','false','1','290136581','2904103293','20000101',null,null,'1','false',null);
INSERT INTO kern.pers (id,srt,admhnd,datgeboorte,gemgeboorte,wplnaamgeboorte,blplaatsgeboorte,blregiogeboorte,landgebiedgeboorte,omslocgeboorte,datoverlijden,gemoverlijden,wplnaamoverlijden,blplaatsoverlijden,blregiooverlijden,landgebiedoverlijden,omslocoverlijden,naderebijhaard,datinschr,versienr,vorigebsn,volgendebsn,naamgebruik,indnaamgebruikafgeleid,predicaatnaamgebruik,voornamennaamgebruik,voorvoegselnaamgebruik,scheidingstekennaamgebruik,adellijketitelnaamgebruik,geslnaamstamnaamgebruik,gempk,indpkvollediggeconv,aandverblijfsr,srtmigratie,rdnwijzmigratie,aangmigratie,landgebiedmigratie,bladresregel1migratie,bladresregel2migratie,bladresregel3migratie,bladresregel4migratie,bladresregel5migratie,bladresregel6migratie,datmededelingverblijfsr,datvoorzeindeverblijfsr,inddeelneuverkiezingen,dataanlaanpdeelneuverkiezing,datvoorzeindeuitsleuverkiezi,predicaat,voornamen,voorvoegsel,scheidingsteken,adellijketitel,geslnaamstam,indnreeks,indafgeleid,bijhpartij,indonverwdocaanw,geslachtsaand,bsn,anr,tslaatstewijz,induitslkiesr,datvoorzeindeuitslkiesr,bijhaard,indonverwbijhvoorstelnieting,dattijdstempel) VALUES('29008','2','29015','19400101',null,null,'Larashe',null,'125',null,null,null,null,null,null,null,null,null,null,null,null,null,null,null,null,null,null,null,null,null,null,null,null,null,null,null,null,null,null,null,null,null,null,null,null,null,null,null,null,'Truus',null,null,null,'Zoutenbier','false','true',null,null,'2',null,null,null,null,null,null,null,null);
INSERT INTO kern.pers (id,srt,admhnd,datgeboorte,gemgeboorte,wplnaamgeboorte,blplaatsgeboorte,blregiogeboorte,landgebiedgeboorte,omslocgeboorte,datoverlijden,gemoverlijden,wplnaamoverlijden,blplaatsoverlijden,blregiooverlijden,landgebiedoverlijden,omslocoverlijden,naderebijhaard,datinschr,versienr,vorigebsn,volgendebsn,naamgebruik,indnaamgebruikafgeleid,predicaatnaamgebruik,voornamennaamgebruik,voorvoegselnaamgebruik,scheidingstekennaamgebruik,adellijketitelnaamgebruik,geslnaamstamnaamgebruik,gempk,indpkvollediggeconv,aandverblijfsr,srtmigratie,rdnwijzmigratie,aangmigratie,landgebiedmigratie,bladresregel1migratie,bladresregel2migratie,bladresregel3migratie,bladresregel4migratie,bladresregel5migratie,bladresregel6migratie,datmededelingverblijfsr,datvoorzeindeverblijfsr,inddeelneuverkiezingen,dataanlaanpdeelneuverkiezing,datvoorzeindeuitsleuverkiezi,predicaat,voornamen,voorvoegsel,scheidingsteken,adellijketitel,geslnaamstam,indnreeks,indafgeleid,bijhpartij,indonverwdocaanw,geslachtsaand,bsn,anr,tslaatstewijz,induitslkiesr,datvoorzeindeuitslkiesr,bijhaard,indonverwbijhvoorstelnieting,dattijdstempel) VALUES('29009','2','29015','19390101',null,null,'Larashe',null,'125',null,null,null,null,null,null,null,null,null,null,null,null,null,null,null,null,null,null,null,null,null,null,null,null,null,null,null,null,null,null,null,null,null,null,null,null,null,null,null,null,'Piet',null,null,null,'Parkiet','false','true',null,null,'1',null,null,null,null,null,null,null,null);

commit;


--------------------------------------------------
--- EIND
--- Sheet: (pers)
--- Handler: SheetHandlerImplSimpleInsert
--- Aantal: (9)
--------------------------------------------------
--------------------------------------------------
--- START
--- Sheet: (his_persafgeleidadministrati)
--- Handler: SheetHandlerImplSimpleInsert
--------------------------------------------------

begin;

INSERT INTO kern.his_persafgeleidadministrati (id,pers,tsreg,tsverval,actieinh,actieverval,nadereaandverval,admhnd,tslaatstewijz,sorteervolgorde,indonverwbijhvoorstelnieting,tslaatstewijzgbasystematiek) VALUES('29001','29001','20000101','20020202','29001','29002',null,'29001','20000101','1','FALSE',null);
INSERT INTO kern.his_persafgeleidadministrati (id,pers,tsreg,tsverval,actieinh,actieverval,nadereaandverval,admhnd,tslaatstewijz,sorteervolgorde,indonverwbijhvoorstelnieting,tslaatstewijzgbasystematiek) VALUES('29002','29001','20020202','20041212','29002','29003',null,'29002','20020202','1','FALSE',null);
INSERT INTO kern.his_persafgeleidadministrati (id,pers,tsreg,tsverval,actieinh,actieverval,nadereaandverval,admhnd,tslaatstewijz,sorteervolgorde,indonverwbijhvoorstelnieting,tslaatstewijzgbasystematiek) VALUES('29003','29001','20041212','20080102','29003','29004',null,'29003','20041212','1','FALSE',null);
INSERT INTO kern.his_persafgeleidadministrati (id,pers,tsreg,tsverval,actieinh,actieverval,nadereaandverval,admhnd,tslaatstewijz,sorteervolgorde,indonverwbijhvoorstelnieting,tslaatstewijzgbasystematiek) VALUES('29004','29001','20080102','20090101','29004','29005',null,'29004','20080102','1','FALSE',null);
INSERT INTO kern.his_persafgeleidadministrati (id,pers,tsreg,tsverval,actieinh,actieverval,nadereaandverval,admhnd,tslaatstewijz,sorteervolgorde,indonverwbijhvoorstelnieting,tslaatstewijzgbasystematiek) VALUES('29005','29001','20090101',null,'29005',null,null,'29005','20090101','1','FALSE',null);
INSERT INTO kern.his_persafgeleidadministrati (id,pers,tsreg,tsverval,actieinh,actieverval,nadereaandverval,admhnd,tslaatstewijz,sorteervolgorde,indonverwbijhvoorstelnieting,tslaatstewijzgbasystematiek) VALUES('29006','29001','20100101',null,'29006',null,null,'29006','20100101','1','FALSE',null);
INSERT INTO kern.his_persafgeleidadministrati (id,pers,tsreg,tsverval,actieinh,actieverval,nadereaandverval,admhnd,tslaatstewijz,sorteervolgorde,indonverwbijhvoorstelnieting,tslaatstewijzgbasystematiek) VALUES('29007','29001','20110101',null,'29007',null,null,'29007','20110101','1','FALSE',null);
INSERT INTO kern.his_persafgeleidadministrati (id,pers,tsreg,tsverval,actieinh,actieverval,nadereaandverval,admhnd,tslaatstewijz,sorteervolgorde,indonverwbijhvoorstelnieting,tslaatstewijzgbasystematiek) VALUES('29008','29004','20000101','20020202','29008','29009',null,'29008','20000101','1','FALSE',null);
INSERT INTO kern.his_persafgeleidadministrati (id,pers,tsreg,tsverval,actieinh,actieverval,nadereaandverval,admhnd,tslaatstewijz,sorteervolgorde,indonverwbijhvoorstelnieting,tslaatstewijzgbasystematiek) VALUES('29009','29004','20020202','20041212','29009','29010',null,'29009','20020202','1','FALSE',null);
INSERT INTO kern.his_persafgeleidadministrati (id,pers,tsreg,tsverval,actieinh,actieverval,nadereaandverval,admhnd,tslaatstewijz,sorteervolgorde,indonverwbijhvoorstelnieting,tslaatstewijzgbasystematiek) VALUES('29010','29004','20041212','20080102','29010','29011',null,'29010','20041212','1','FALSE',null);
INSERT INTO kern.his_persafgeleidadministrati (id,pers,tsreg,tsverval,actieinh,actieverval,nadereaandverval,admhnd,tslaatstewijz,sorteervolgorde,indonverwbijhvoorstelnieting,tslaatstewijzgbasystematiek) VALUES('29011','29004','20080102','20090101','29011','29012',null,'29011','20080102','1','FALSE',null);
INSERT INTO kern.his_persafgeleidadministrati (id,pers,tsreg,tsverval,actieinh,actieverval,nadereaandverval,admhnd,tslaatstewijz,sorteervolgorde,indonverwbijhvoorstelnieting,tslaatstewijzgbasystematiek) VALUES('29012','29004','20090101',null,'29012',null,null,'29012','20090101','1','FALSE',null);
INSERT INTO kern.his_persafgeleidadministrati (id,pers,tsreg,tsverval,actieinh,actieverval,nadereaandverval,admhnd,tslaatstewijz,sorteervolgorde,indonverwbijhvoorstelnieting,tslaatstewijzgbasystematiek) VALUES('29013','29004','20100101',null,'29013',null,null,'29013','20100101','1','FALSE',null);
INSERT INTO kern.his_persafgeleidadministrati (id,pers,tsreg,tsverval,actieinh,actieverval,nadereaandverval,admhnd,tslaatstewijz,sorteervolgorde,indonverwbijhvoorstelnieting,tslaatstewijzgbasystematiek) VALUES('29014','29004','20110101',null,'29014',null,null,'29014','20110101','1','FALSE',null);
INSERT INTO kern.his_persafgeleidadministrati (id,pers,tsreg,tsverval,actieinh,actieverval,nadereaandverval,admhnd,tslaatstewijz,sorteervolgorde,indonverwbijhvoorstelnieting,tslaatstewijzgbasystematiek) VALUES('29015','29007','20000101','20020202','29015','29016',null,'29015','20000101','1','FALSE',null);
INSERT INTO kern.his_persafgeleidadministrati (id,pers,tsreg,tsverval,actieinh,actieverval,nadereaandverval,admhnd,tslaatstewijz,sorteervolgorde,indonverwbijhvoorstelnieting,tslaatstewijzgbasystematiek) VALUES('29016','29007','20020202','20041212','29016','29017',null,'29016','20020202','1','FALSE',null);
INSERT INTO kern.his_persafgeleidadministrati (id,pers,tsreg,tsverval,actieinh,actieverval,nadereaandverval,admhnd,tslaatstewijz,sorteervolgorde,indonverwbijhvoorstelnieting,tslaatstewijzgbasystematiek) VALUES('29017','29007','20041212','20080102','29017','29018',null,'29017','20041212','1','FALSE',null);
INSERT INTO kern.his_persafgeleidadministrati (id,pers,tsreg,tsverval,actieinh,actieverval,nadereaandverval,admhnd,tslaatstewijz,sorteervolgorde,indonverwbijhvoorstelnieting,tslaatstewijzgbasystematiek) VALUES('29018','29007','20080102','20090101','29018','29019',null,'29018','20080102','1','FALSE',null);
INSERT INTO kern.his_persafgeleidadministrati (id,pers,tsreg,tsverval,actieinh,actieverval,nadereaandverval,admhnd,tslaatstewijz,sorteervolgorde,indonverwbijhvoorstelnieting,tslaatstewijzgbasystematiek) VALUES('29019','29007','20090101',null,'29019',null,null,'29019','20090101','1','FALSE',null);
INSERT INTO kern.his_persafgeleidadministrati (id,pers,tsreg,tsverval,actieinh,actieverval,nadereaandverval,admhnd,tslaatstewijz,sorteervolgorde,indonverwbijhvoorstelnieting,tslaatstewijzgbasystematiek) VALUES('29020','29007','20100101',null,'29020',null,null,'29020','20100101','1','FALSE',null);
INSERT INTO kern.his_persafgeleidadministrati (id,pers,tsreg,tsverval,actieinh,actieverval,nadereaandverval,admhnd,tslaatstewijz,sorteervolgorde,indonverwbijhvoorstelnieting,tslaatstewijzgbasystematiek) VALUES('29021','29007','20110101',null,'29021',null,null,'29021','20110101','1','FALSE',null);
INSERT INTO kern.his_persafgeleidadministrati (id,pers,tsreg,tsverval,actieinh,actieverval,nadereaandverval,admhnd,tslaatstewijz,sorteervolgorde,indonverwbijhvoorstelnieting,tslaatstewijzgbasystematiek) VALUES('29022','29007','20120101','20130101','29022','29023',null,'29022','20120101','1','FALSE',null);
INSERT INTO kern.his_persafgeleidadministrati (id,pers,tsreg,tsverval,actieinh,actieverval,nadereaandverval,admhnd,tslaatstewijz,sorteervolgorde,indonverwbijhvoorstelnieting,tslaatstewijzgbasystematiek) VALUES('29023','29007','20130101',null,'29023',null,null,'29023','20130101','1','FALSE',null);

commit;


--------------------------------------------------
--- EIND
--- Sheet: (his_persafgeleidadministrati)
--- Handler: SheetHandlerImplSimpleInsert
--- Aantal: (23)
--------------------------------------------------
--------------------------------------------------
--- START
--- Sheet: (his_persids)
--- Handler: SheetHandlerImplSimpleInsert
--------------------------------------------------

begin;

INSERT INTO kern.his_persids (id,pers,dataanvgel,tsreg,actieinh,anr,bsn,nadereaandverval) VALUES('29001','29001','20000101','20000101','29001','2902195302','290131789',null);
INSERT INTO kern.his_persids (id,pers,dataanvgel,tsreg,actieinh,anr,bsn,nadereaandverval) VALUES('29002','29004','20000101','20000101','29008','2903107560','290143925',null);
INSERT INTO kern.his_persids (id,pers,dataanvgel,tsreg,actieinh,anr,bsn,nadereaandverval) VALUES('29003','29007','20000101','20000101','29015','2904103293','290136581',null);

commit;


--------------------------------------------------
--- EIND
--- Sheet: (his_persids)
--- Handler: SheetHandlerImplSimpleInsert
--- Aantal: (3)
--------------------------------------------------
--------------------------------------------------
--- START
--- Sheet: (persadres)
--- Handler: SheetHandlerImplSimpleInsert
--------------------------------------------------

begin;

INSERT INTO kern.persadres (id,pers,srt,rdnwijz,aangadresh,dataanvadresh,identcodeadresseerbaarobject,identcodenraand,gem,nor,afgekortenor,gemdeel,huisnr,huisletter,huisnrtoevoeging,postcode,wplnaam,loctenopzichtevanadres,locoms,bladresregel1,bladresregel2,bladresregel3,bladresregel4,bladresregel5,bladresregel6,landgebied,indpersaangetroffenopadres) VALUES('29001','29001','1','1','3','20041212','0347012004121231','0347202004121231','347','Vredenburg','Vredenburg','Noord','3','F','II','3511BA','Utrecht','by',null,null,null,null,null,null,null,'229',null);
INSERT INTO kern.persadres (id,pers,srt,rdnwijz,aangadresh,dataanvadresh,identcodeadresseerbaarobject,identcodenraand,gem,nor,afgekortenor,gemdeel,huisnr,huisletter,huisnrtoevoeging,postcode,wplnaam,loctenopzichtevanadres,locoms,bladresregel1,bladresregel2,bladresregel3,bladresregel4,bladresregel5,bladresregel6,landgebied,indpersaangetroffenopadres) VALUES('29002','29004','1','1','3','20041212','0347012004121231','0347202004121231','347','Vredenburg','Vredenburg','Noord','3','F','II','3511BA','Utrecht','by',null,null,null,null,null,null,null,'229',null);
INSERT INTO kern.persadres (id,pers,srt,rdnwijz,aangadresh,dataanvadresh,identcodeadresseerbaarobject,identcodenraand,gem,nor,afgekortenor,gemdeel,huisnr,huisletter,huisnrtoevoeging,postcode,wplnaam,loctenopzichtevanadres,locoms,bladresregel1,bladresregel2,bladresregel3,bladresregel4,bladresregel5,bladresregel6,landgebied,indpersaangetroffenopadres) VALUES('29003','29007','1','1','3','20041212','0347012004121231','0347202004121231','347','Vredenburg','Vredenburg','Noord','3','F','II','3511BA','Utrecht','by',null,null,null,null,null,null,null,'229',null);

commit;


--------------------------------------------------
--- EIND
--- Sheet: (persadres)
--- Handler: SheetHandlerImplSimpleInsert
--- Aantal: (3)
--------------------------------------------------
--------------------------------------------------
--- START
--- Sheet: (his_persadres)
--- Handler: SheetHandlerImplSimpleInsert
--------------------------------------------------

begin;

INSERT INTO kern.his_persadres (id,persadres,dataanvgel,dateindegel,tsreg,tsverval,actieinh,actieverval,actieaanpgel,srt,rdnwijz,aangadresh,dataanvadresh,identcodeadresseerbaarobject,identcodenraand,gem,nor,afgekortenor,gemdeel,huisnr,huisletter,huisnrtoevoeging,postcode,wplnaam,loctenopzichtevanadres,locoms,bladresregel1,bladresregel2,bladresregel3,bladresregel4,bladresregel5,bladresregel6,landgebied,indpersaangetroffenopadres,nadereaandverval) VALUES('29001','29001','20000101',null,'20000101','20020202','29001','29002',null,'1','2',null,'20000101',null,null,'993','Reijmerstokkerdorpsstraat','dorpsstraat',null,'108',null,null,'6274NH',null,null,null,null,null,null,null,null,null,'229',null,null);
INSERT INTO kern.his_persadres (id,persadres,dataanvgel,dateindegel,tsreg,tsverval,actieinh,actieverval,actieaanpgel,srt,rdnwijz,aangadresh,dataanvadresh,identcodeadresseerbaarobject,identcodenraand,gem,nor,afgekortenor,gemdeel,huisnr,huisletter,huisnrtoevoeging,postcode,wplnaam,loctenopzichtevanadres,locoms,bladresregel1,bladresregel2,bladresregel3,bladresregel4,bladresregel5,bladresregel6,landgebied,indpersaangetroffenopadres,nadereaandverval) VALUES('29002','29001','20000101','20020202','20020202',null,'29001',null,'29002','1','2',null,'20000101',null,null,'993','Reijmerstokkerdorpsstraat','dorpsstraat',null,'108',null,null,'6274NH',null,null,null,null,null,null,null,null,null,'229',null,null);
INSERT INTO kern.his_persadres (id,persadres,dataanvgel,dateindegel,tsreg,tsverval,actieinh,actieverval,actieaanpgel,srt,rdnwijz,aangadresh,dataanvadresh,identcodeadresseerbaarobject,identcodenraand,gem,nor,afgekortenor,gemdeel,huisnr,huisletter,huisnrtoevoeging,postcode,wplnaam,loctenopzichtevanadres,locoms,bladresregel1,bladresregel2,bladresregel3,bladresregel4,bladresregel5,bladresregel6,landgebied,indpersaangetroffenopadres,nadereaandverval) VALUES('29003','29001','20020202',null,'20020202','20041212','29002','29003',null,'1','1','3','20020202',null,null,'302','Zonegge','Zonegge',null,'1',null,null,'6901KT',null,null,null,null,null,null,null,null,null,'229',null,null);
INSERT INTO kern.his_persadres (id,persadres,dataanvgel,dateindegel,tsreg,tsverval,actieinh,actieverval,actieaanpgel,srt,rdnwijz,aangadresh,dataanvadresh,identcodeadresseerbaarobject,identcodenraand,gem,nor,afgekortenor,gemdeel,huisnr,huisletter,huisnrtoevoeging,postcode,wplnaam,loctenopzichtevanadres,locoms,bladresregel1,bladresregel2,bladresregel3,bladresregel4,bladresregel5,bladresregel6,landgebied,indpersaangetroffenopadres,nadereaandverval) VALUES('29004','29001','20020202','20041212','20041212',null,'29002',null,'29003','1','1','3','20020202',null,null,'302','Zonegge','Zonegge',null,'1',null,null,'6901KT',null,null,null,null,null,null,null,null,null,'229',null,null);
INSERT INTO kern.his_persadres (id,persadres,dataanvgel,dateindegel,tsreg,tsverval,actieinh,actieverval,actieaanpgel,srt,rdnwijz,aangadresh,dataanvadresh,identcodeadresseerbaarobject,identcodenraand,gem,nor,afgekortenor,gemdeel,huisnr,huisletter,huisnrtoevoeging,postcode,wplnaam,loctenopzichtevanadres,locoms,bladresregel1,bladresregel2,bladresregel3,bladresregel4,bladresregel5,bladresregel6,landgebied,indpersaangetroffenopadres,nadereaandverval) VALUES('29005','29001','20041212','20080102','20080102',null,'29003',null,'29004','1','1','3','20041212','0347012004121231','0347202004121231','347','Vredenburg','Vredenburg','Noord','3','F','II','3511BA','Utrecht','by',null,null,null,null,null,null,null,'229',null,null);
INSERT INTO kern.his_persadres (id,persadres,dataanvgel,dateindegel,tsreg,tsverval,actieinh,actieverval,actieaanpgel,srt,rdnwijz,aangadresh,dataanvadresh,identcodeadresseerbaarobject,identcodenraand,gem,nor,afgekortenor,gemdeel,huisnr,huisletter,huisnrtoevoeging,postcode,wplnaam,loctenopzichtevanadres,locoms,bladresregel1,bladresregel2,bladresregel3,bladresregel4,bladresregel5,bladresregel6,landgebied,indpersaangetroffenopadres,nadereaandverval) VALUES('29006','29002','20000101',null,'20000101','20020202','29006','29007',null,'1','2',null,'20000101',null,null,'993','Reijmerstokkerdorpsstraat','dorpsstraat',null,'108',null,null,'6274NH',null,null,null,null,null,null,null,null,null,'229',null,null);
INSERT INTO kern.his_persadres (id,persadres,dataanvgel,dateindegel,tsreg,tsverval,actieinh,actieverval,actieaanpgel,srt,rdnwijz,aangadresh,dataanvadresh,identcodeadresseerbaarobject,identcodenraand,gem,nor,afgekortenor,gemdeel,huisnr,huisletter,huisnrtoevoeging,postcode,wplnaam,loctenopzichtevanadres,locoms,bladresregel1,bladresregel2,bladresregel3,bladresregel4,bladresregel5,bladresregel6,landgebied,indpersaangetroffenopadres,nadereaandverval) VALUES('29007','29002','20000101','20020202','20020202',null,'29006',null,'29007','1','2',null,'20000101',null,null,'993','Reijmerstokkerdorpsstraat','dorpsstraat',null,'108',null,null,'6274NH',null,null,null,null,null,null,null,null,null,'229',null,null);
INSERT INTO kern.his_persadres (id,persadres,dataanvgel,dateindegel,tsreg,tsverval,actieinh,actieverval,actieaanpgel,srt,rdnwijz,aangadresh,dataanvadresh,identcodeadresseerbaarobject,identcodenraand,gem,nor,afgekortenor,gemdeel,huisnr,huisletter,huisnrtoevoeging,postcode,wplnaam,loctenopzichtevanadres,locoms,bladresregel1,bladresregel2,bladresregel3,bladresregel4,bladresregel5,bladresregel6,landgebied,indpersaangetroffenopadres,nadereaandverval) VALUES('29008','29002','20020202',null,'20020202','20041212','29007','29008',null,'1','1','3','20020202',null,null,'302','Zonegge','Zonegge',null,'1',null,null,'6901KT',null,null,null,null,null,null,null,null,null,'229',null,null);
INSERT INTO kern.his_persadres (id,persadres,dataanvgel,dateindegel,tsreg,tsverval,actieinh,actieverval,actieaanpgel,srt,rdnwijz,aangadresh,dataanvadresh,identcodeadresseerbaarobject,identcodenraand,gem,nor,afgekortenor,gemdeel,huisnr,huisletter,huisnrtoevoeging,postcode,wplnaam,loctenopzichtevanadres,locoms,bladresregel1,bladresregel2,bladresregel3,bladresregel4,bladresregel5,bladresregel6,landgebied,indpersaangetroffenopadres,nadereaandverval) VALUES('29009','29002','20020202','20041212','20041212',null,'29007',null,'29008','1','1','3','20020202',null,null,'302','Zonegge','Zonegge',null,'1',null,null,'6901KT',null,null,null,null,null,null,null,null,null,'229',null,null);
INSERT INTO kern.his_persadres (id,persadres,dataanvgel,dateindegel,tsreg,tsverval,actieinh,actieverval,actieaanpgel,srt,rdnwijz,aangadresh,dataanvadresh,identcodeadresseerbaarobject,identcodenraand,gem,nor,afgekortenor,gemdeel,huisnr,huisletter,huisnrtoevoeging,postcode,wplnaam,loctenopzichtevanadres,locoms,bladresregel1,bladresregel2,bladresregel3,bladresregel4,bladresregel5,bladresregel6,landgebied,indpersaangetroffenopadres,nadereaandverval) VALUES('29010','29002','20041212','20080102','20080102',null,'29008',null,'29009','1','1','3','20041212','0347012004121231','0347202004121231','347','Vredenburg','Vredenburg','Noord','3','F','II','3511BA','Utrecht','by',null,null,null,null,null,null,null,'229',null,null);
INSERT INTO kern.his_persadres (id,persadres,dataanvgel,dateindegel,tsreg,tsverval,actieinh,actieverval,actieaanpgel,srt,rdnwijz,aangadresh,dataanvadresh,identcodeadresseerbaarobject,identcodenraand,gem,nor,afgekortenor,gemdeel,huisnr,huisletter,huisnrtoevoeging,postcode,wplnaam,loctenopzichtevanadres,locoms,bladresregel1,bladresregel2,bladresregel3,bladresregel4,bladresregel5,bladresregel6,landgebied,indpersaangetroffenopadres,nadereaandverval) VALUES('29011','29003','20000101',null,'20000101','20020202','29015','29016',null,'1','2',null,'20000101',null,null,'993','Reijmerstokkerdorpsstraat','dorpsstraat',null,'108',null,null,'6274NH',null,null,null,null,null,null,null,null,null,'229',null,null);
INSERT INTO kern.his_persadres (id,persadres,dataanvgel,dateindegel,tsreg,tsverval,actieinh,actieverval,actieaanpgel,srt,rdnwijz,aangadresh,dataanvadresh,identcodeadresseerbaarobject,identcodenraand,gem,nor,afgekortenor,gemdeel,huisnr,huisletter,huisnrtoevoeging,postcode,wplnaam,loctenopzichtevanadres,locoms,bladresregel1,bladresregel2,bladresregel3,bladresregel4,bladresregel5,bladresregel6,landgebied,indpersaangetroffenopadres,nadereaandverval) VALUES('29012','29003','20000101','20020202','20020202',null,'29015',null,'29016','1','2',null,'20000101',null,null,'993','Reijmerstokkerdorpsstraat','dorpsstraat',null,'108',null,null,'6274NH',null,null,null,null,null,null,null,null,null,'229',null,null);
INSERT INTO kern.his_persadres (id,persadres,dataanvgel,dateindegel,tsreg,tsverval,actieinh,actieverval,actieaanpgel,srt,rdnwijz,aangadresh,dataanvadresh,identcodeadresseerbaarobject,identcodenraand,gem,nor,afgekortenor,gemdeel,huisnr,huisletter,huisnrtoevoeging,postcode,wplnaam,loctenopzichtevanadres,locoms,bladresregel1,bladresregel2,bladresregel3,bladresregel4,bladresregel5,bladresregel6,landgebied,indpersaangetroffenopadres,nadereaandverval) VALUES('29013','29003','20020202',null,'20020202','20041212','29016','29017',null,'1','1','3','20020202',null,null,'302','Zonegge','Zonegge',null,'1',null,null,'6901KT',null,null,null,null,null,null,null,null,null,'229',null,null);
INSERT INTO kern.his_persadres (id,persadres,dataanvgel,dateindegel,tsreg,tsverval,actieinh,actieverval,actieaanpgel,srt,rdnwijz,aangadresh,dataanvadresh,identcodeadresseerbaarobject,identcodenraand,gem,nor,afgekortenor,gemdeel,huisnr,huisletter,huisnrtoevoeging,postcode,wplnaam,loctenopzichtevanadres,locoms,bladresregel1,bladresregel2,bladresregel3,bladresregel4,bladresregel5,bladresregel6,landgebied,indpersaangetroffenopadres,nadereaandverval) VALUES('29014','29003','20020202','20041212','20041212',null,'29016',null,'29017','1','1','3','20020202',null,null,'302','Zonegge','Zonegge',null,'1',null,null,'6901KT',null,null,null,null,null,null,null,null,null,'229',null,null);
INSERT INTO kern.his_persadres (id,persadres,dataanvgel,dateindegel,tsreg,tsverval,actieinh,actieverval,actieaanpgel,srt,rdnwijz,aangadresh,dataanvadresh,identcodeadresseerbaarobject,identcodenraand,gem,nor,afgekortenor,gemdeel,huisnr,huisletter,huisnrtoevoeging,postcode,wplnaam,loctenopzichtevanadres,locoms,bladresregel1,bladresregel2,bladresregel3,bladresregel4,bladresregel5,bladresregel6,landgebied,indpersaangetroffenopadres,nadereaandverval) VALUES('29015','29003','20041212','20080102','20080102',null,'29017',null,'29018','1','1','3','20041212','0347012004121231','0347202004121231','347','Vredenburg','Vredenburg','Noord','3','F','II','3511BA','Utrecht','by',null,null,null,null,null,null,null,'229',null,null);

commit;


--------------------------------------------------
--- EIND
--- Sheet: (his_persadres)
--- Handler: SheetHandlerImplSimpleInsert
--- Aantal: (15)
--------------------------------------------------
--------------------------------------------------
--- START
--- Sheet: (his_persbijhouding)
--- Handler: SheetHandlerImplSimpleInsert
--------------------------------------------------

begin;

INSERT INTO kern.his_persbijhouding (id,pers,dataanvgel,dateindegel,tsreg,tsverval,actieinh,actieverval,nadereaandverval,actieaanpgel,bijhpartij,bijhaard,naderebijhaard,indonverwdocaanw) VALUES('29001','29001','20000101',null,'20000101','20020202','29001','29002',null,null,'993','1','1','false');
INSERT INTO kern.his_persbijhouding (id,pers,dataanvgel,dateindegel,tsreg,tsverval,actieinh,actieverval,nadereaandverval,actieaanpgel,bijhpartij,bijhaard,naderebijhaard,indonverwdocaanw) VALUES('29002','29001','20000101','20020202','20020202',null,'29001',null,null,'29002','993','1','1','false');
INSERT INTO kern.his_persbijhouding (id,pers,dataanvgel,dateindegel,tsreg,tsverval,actieinh,actieverval,nadereaandverval,actieaanpgel,bijhpartij,bijhaard,naderebijhaard,indonverwdocaanw) VALUES('29003','29001','20020202',null,'20020202','20041212','29002','29003',null,null,'302','1','1','false');
INSERT INTO kern.his_persbijhouding (id,pers,dataanvgel,dateindegel,tsreg,tsverval,actieinh,actieverval,nadereaandverval,actieaanpgel,bijhpartij,bijhaard,naderebijhaard,indonverwdocaanw) VALUES('29004','29001','20020202','20041212','20041212',null,'29002',null,null,'29003','302','1','1','false');
INSERT INTO kern.his_persbijhouding (id,pers,dataanvgel,dateindegel,tsreg,tsverval,actieinh,actieverval,nadereaandverval,actieaanpgel,bijhpartij,bijhaard,naderebijhaard,indonverwdocaanw) VALUES('29005','29001','20041212',null,'20041212','20080102','29003','29004',null,null,'347','1','1','false');
INSERT INTO kern.his_persbijhouding (id,pers,dataanvgel,dateindegel,tsreg,tsverval,actieinh,actieverval,nadereaandverval,actieaanpgel,bijhpartij,bijhaard,naderebijhaard,indonverwdocaanw) VALUES('29006','29001','20041212','20080102','20080102',null,'29003',null,null,'29004','347','1','1','false');
INSERT INTO kern.his_persbijhouding (id,pers,dataanvgel,dateindegel,tsreg,tsverval,actieinh,actieverval,nadereaandverval,actieaanpgel,bijhpartij,bijhaard,naderebijhaard,indonverwdocaanw) VALUES('29007','29001','20080102',null,'20080102',null,'29004',null,null,null,'2','2','3','false');
INSERT INTO kern.his_persbijhouding (id,pers,dataanvgel,dateindegel,tsreg,tsverval,actieinh,actieverval,nadereaandverval,actieaanpgel,bijhpartij,bijhaard,naderebijhaard,indonverwdocaanw) VALUES('29008','29004','20000101',null,'20000101','20020202','29008','29009',null,null,'993','1','1','false');
INSERT INTO kern.his_persbijhouding (id,pers,dataanvgel,dateindegel,tsreg,tsverval,actieinh,actieverval,nadereaandverval,actieaanpgel,bijhpartij,bijhaard,naderebijhaard,indonverwdocaanw) VALUES('29009','29004','20000101','20020202','20020202',null,'29008',null,null,'29009','993','1','1','false');
INSERT INTO kern.his_persbijhouding (id,pers,dataanvgel,dateindegel,tsreg,tsverval,actieinh,actieverval,nadereaandverval,actieaanpgel,bijhpartij,bijhaard,naderebijhaard,indonverwdocaanw) VALUES('29010','29004','20020202',null,'20020202','20041212','29009','29010',null,null,'302','1','1','false');
INSERT INTO kern.his_persbijhouding (id,pers,dataanvgel,dateindegel,tsreg,tsverval,actieinh,actieverval,nadereaandverval,actieaanpgel,bijhpartij,bijhaard,naderebijhaard,indonverwdocaanw) VALUES('29011','29004','20020202','20041212','20041212',null,'29009',null,null,'29010','302','1','1','false');
INSERT INTO kern.his_persbijhouding (id,pers,dataanvgel,dateindegel,tsreg,tsverval,actieinh,actieverval,nadereaandverval,actieaanpgel,bijhpartij,bijhaard,naderebijhaard,indonverwdocaanw) VALUES('29012','29004','20041212',null,'20041212','20080102','29010','29011',null,null,'347','1','1','false');
INSERT INTO kern.his_persbijhouding (id,pers,dataanvgel,dateindegel,tsreg,tsverval,actieinh,actieverval,nadereaandverval,actieaanpgel,bijhpartij,bijhaard,naderebijhaard,indonverwdocaanw) VALUES('29013','29004','20041212','20080102','20080102',null,'29010',null,null,'29011','347','1','1','false');
INSERT INTO kern.his_persbijhouding (id,pers,dataanvgel,dateindegel,tsreg,tsverval,actieinh,actieverval,nadereaandverval,actieaanpgel,bijhpartij,bijhaard,naderebijhaard,indonverwdocaanw) VALUES('29014','29004','20080102',null,'20080102',null,'29011',null,null,null,'2','2','3','false');
INSERT INTO kern.his_persbijhouding (id,pers,dataanvgel,dateindegel,tsreg,tsverval,actieinh,actieverval,nadereaandverval,actieaanpgel,bijhpartij,bijhaard,naderebijhaard,indonverwdocaanw) VALUES('29015','29007','20000101',null,'20000101','20020202','29015','29016',null,null,'993','1','1','false');
INSERT INTO kern.his_persbijhouding (id,pers,dataanvgel,dateindegel,tsreg,tsverval,actieinh,actieverval,nadereaandverval,actieaanpgel,bijhpartij,bijhaard,naderebijhaard,indonverwdocaanw) VALUES('29016','29007','20000101','20020202','20020202',null,'29015',null,null,'29016','993','1','1','false');
INSERT INTO kern.his_persbijhouding (id,pers,dataanvgel,dateindegel,tsreg,tsverval,actieinh,actieverval,nadereaandverval,actieaanpgel,bijhpartij,bijhaard,naderebijhaard,indonverwdocaanw) VALUES('29017','29007','20020202',null,'20020202','20041212','29016','29017',null,null,'302','1','1','false');
INSERT INTO kern.his_persbijhouding (id,pers,dataanvgel,dateindegel,tsreg,tsverval,actieinh,actieverval,nadereaandverval,actieaanpgel,bijhpartij,bijhaard,naderebijhaard,indonverwdocaanw) VALUES('29018','29007','20020202','20041212','20041212',null,'29016',null,null,'29017','302','1','1','false');
INSERT INTO kern.his_persbijhouding (id,pers,dataanvgel,dateindegel,tsreg,tsverval,actieinh,actieverval,nadereaandverval,actieaanpgel,bijhpartij,bijhaard,naderebijhaard,indonverwdocaanw) VALUES('29019','29007','20041212',null,'20041212','20080102','29017','29018',null,null,'347','1','1','false');
INSERT INTO kern.his_persbijhouding (id,pers,dataanvgel,dateindegel,tsreg,tsverval,actieinh,actieverval,nadereaandverval,actieaanpgel,bijhpartij,bijhaard,naderebijhaard,indonverwdocaanw) VALUES('29020','29007','20041212','20080102','20080102',null,'29017',null,null,'29018','347','1','1','false');
INSERT INTO kern.his_persbijhouding (id,pers,dataanvgel,dateindegel,tsreg,tsverval,actieinh,actieverval,nadereaandverval,actieaanpgel,bijhpartij,bijhaard,naderebijhaard,indonverwdocaanw) VALUES('29021','29007','20080102',null,'20080102',null,'29018',null,null,null,'2','2','3','false');

commit;


--------------------------------------------------
--- EIND
--- Sheet: (his_persbijhouding)
--- Handler: SheetHandlerImplSimpleInsert
--- Aantal: (21)
--------------------------------------------------
--------------------------------------------------
--- START
--- Sheet: (his_persmigratie)
--- Handler: SheetHandlerImplSimpleInsert
--------------------------------------------------

begin;

INSERT INTO kern.his_persmigratie (id,pers,dataanvgel,tsreg,tsverval,nadereaandverval,actieinh,actieverval,actieaanpgel,srtmigratie,rdnwijzmigratie,aangmigratie,landgebiedmigratie,bladresregel1migratie,bladresregel2migratie,bladresregel3migratie,bladresregel4migratie,bladresregel5migratie,bladresregel6migratie) VALUES('29001','29001','20080102','20080102',null,null,'29004',null,null,'2','1','3','32','Dorp','3','Gent',null,null,null);
INSERT INTO kern.his_persmigratie (id,pers,dataanvgel,tsreg,tsverval,nadereaandverval,actieinh,actieverval,actieaanpgel,srtmigratie,rdnwijzmigratie,aangmigratie,landgebiedmigratie,bladresregel1migratie,bladresregel2migratie,bladresregel3migratie,bladresregel4migratie,bladresregel5migratie,bladresregel6migratie) VALUES('29002','29004','20080102','20080102',null,null,'29011',null,null,'2','1','3','32','Dorp','3','Gent',null,null,null);
INSERT INTO kern.his_persmigratie (id,pers,dataanvgel,tsreg,tsverval,nadereaandverval,actieinh,actieverval,actieaanpgel,srtmigratie,rdnwijzmigratie,aangmigratie,landgebiedmigratie,bladresregel1migratie,bladresregel2migratie,bladresregel3migratie,bladresregel4migratie,bladresregel5migratie,bladresregel6migratie) VALUES('29003','29007','20080102','20080102',null,null,'29018',null,null,'2','1','3','32','Dorp','3','Gent',null,null,null);

commit;


--------------------------------------------------
--- EIND
--- Sheet: (his_persmigratie)
--- Handler: SheetHandlerImplSimpleInsert
--- Aantal: (43)
--------------------------------------------------
--------------------------------------------------
--- START
--- Sheet: (persverificatie)
--- Handler: SheetHandlerImplSimpleInsert
--------------------------------------------------

begin;

INSERT INTO kern.persverificatie (id,geverifieerde,partij,srt,dat) VALUES('29001','29001','2','Attestie de vita','20090101');
INSERT INTO kern.persverificatie (id,geverifieerde,partij,srt,dat) VALUES('29002','29001','2','Attestie de vita','20100101');
INSERT INTO kern.persverificatie (id,geverifieerde,partij,srt,dat) VALUES('29003','29001','2','Attestie de vita','20110101');
INSERT INTO kern.persverificatie (id,geverifieerde,partij,srt,dat) VALUES('29004','29004','2','Attestie de vita','20090101');
INSERT INTO kern.persverificatie (id,geverifieerde,partij,srt,dat) VALUES('29005','29004','2','SoortVerificatie','20100101');
INSERT INTO kern.persverificatie (id,geverifieerde,partij,srt,dat) VALUES('29006','29004','2','Attestie de vita','20110101');
INSERT INTO kern.persverificatie (id,geverifieerde,partij,srt,dat) VALUES('29007','29007','2','Attestie de vita','20090101');
--INSERT INTO kern.persverificatie (id,geverifieerde,partij,srt,dat) VALUES('29008','29007','2922','Attestie de vita','20100101');
INSERT INTO kern.persverificatie (id,geverifieerde,partij,srt,dat) VALUES('29009','29007','2','SoortVerificatie','20110101');
--INSERT INTO kern.persverificatie (id,geverifieerde,partij,srt,dat) VALUES('29010','29007','2922','Attestie de vita','20130101');

commit;


--------------------------------------------------
--- EIND
--- Sheet: (persverificatie)
--- Handler: SheetHandlerImplSimpleInsert
--- Aantal: (47)
--------------------------------------------------
--------------------------------------------------
--- START
--- Sheet: (his_persverificatie)
--- Handler: SheetHandlerImplSimpleInsert
--------------------------------------------------

begin;

INSERT INTO kern.his_persverificatie (id,persverificatie,tsreg,tsverval,nadereaandverval,actieinh,actieverval,dat) VALUES('29001','29001','20090101',null,null,'29005',null,'20090101');
INSERT INTO kern.his_persverificatie (id,persverificatie,tsreg,tsverval,nadereaandverval,actieinh,actieverval,dat) VALUES('29002','29002','20100101',null,null,'29006',null,'20100101');
INSERT INTO kern.his_persverificatie (id,persverificatie,tsreg,tsverval,nadereaandverval,actieinh,actieverval,dat) VALUES('29003','29003','20110101',null,null,'29007',null,'20110101');
INSERT INTO kern.his_persverificatie (id,persverificatie,tsreg,tsverval,nadereaandverval,actieinh,actieverval,dat) VALUES('29004','29004','20090101',null,null,'29012',null,'20090101');
INSERT INTO kern.his_persverificatie (id,persverificatie,tsreg,tsverval,nadereaandverval,actieinh,actieverval,dat) VALUES('29005','29005','20100101',null,null,'29013',null,'20100101');
INSERT INTO kern.his_persverificatie (id,persverificatie,tsreg,tsverval,nadereaandverval,actieinh,actieverval,dat) VALUES('29006','29006','20110101',null,null,'29014',null,'20110101');
INSERT INTO kern.his_persverificatie (id,persverificatie,tsreg,tsverval,nadereaandverval,actieinh,actieverval,dat) VALUES('29007','29007','20090101',null,null,'29019',null,'20090101');
--INSERT INTO kern.his_persverificatie (id,persverificatie,tsreg,tsverval,nadereaandverval,actieinh,actieverval,dat) VALUES('29008','29008','20100101',null,null,'29020',null,'20100101');
INSERT INTO kern.his_persverificatie (id,persverificatie,tsreg,tsverval,nadereaandverval,actieinh,actieverval,dat) VALUES('29009','29009','20110101',null,null,'29021',null,'20110101');
--INSERT INTO kern.his_persverificatie (id,persverificatie,tsreg,tsverval,nadereaandverval,actieinh,actieverval,dat) VALUES('29010','29010','20120101','20130101',null,'29022','29023','20120101');
--INSERT INTO kern.his_persverificatie (id,persverificatie,tsreg,tsverval,nadereaandverval,actieinh,actieverval,dat) VALUES('29011','29010','20130101',null,null,'29023',null,'20130101');

commit;


--------------------------------------------------
--- EIND
--- Sheet: (his_persverificatie)
--- Handler: SheetHandlerImplSimpleInsert
--- Aantal: (44)
--------------------------------------------------
--------------------------------------------------
--- START
--- Sheet: (his_persgeslachtsaand)
--- Handler: SheetHandlerImplSimpleInsert
--------------------------------------------------

begin;

INSERT INTO kern.his_persgeslachtsaand (id,pers,dataanvgel,dateindegel,tsreg,tsverval,actieinh,actieverval,actieaanpgel,geslachtsaand,nadereaandverval) VALUES('29001','29001','19700808',null,'20000101',null,'29001',null,null,'1',null);
INSERT INTO kern.his_persgeslachtsaand (id,pers,dataanvgel,dateindegel,tsreg,tsverval,actieinh,actieverval,actieaanpgel,geslachtsaand,nadereaandverval) VALUES('29002','29002','19400101',null,'20000101',null,'29001',null,null,'2',null);
INSERT INTO kern.his_persgeslachtsaand (id,pers,dataanvgel,dateindegel,tsreg,tsverval,actieinh,actieverval,actieaanpgel,geslachtsaand,nadereaandverval) VALUES('29003','29003','19390101',null,'20000101',null,'29001',null,null,'1',null);
INSERT INTO kern.his_persgeslachtsaand (id,pers,dataanvgel,dateindegel,tsreg,tsverval,actieinh,actieverval,actieaanpgel,geslachtsaand,nadereaandverval) VALUES('29004','29004','19700808',null,'20000101',null,'29008',null,null,'1',null);
INSERT INTO kern.his_persgeslachtsaand (id,pers,dataanvgel,dateindegel,tsreg,tsverval,actieinh,actieverval,actieaanpgel,geslachtsaand,nadereaandverval) VALUES('29005','29005','19400101',null,'20000101',null,'29008',null,null,'2',null);
INSERT INTO kern.his_persgeslachtsaand (id,pers,dataanvgel,dateindegel,tsreg,tsverval,actieinh,actieverval,actieaanpgel,geslachtsaand,nadereaandverval) VALUES('29006','29006','19390101',null,'20000101',null,'29008',null,null,'1',null);
INSERT INTO kern.his_persgeslachtsaand (id,pers,dataanvgel,dateindegel,tsreg,tsverval,actieinh,actieverval,actieaanpgel,geslachtsaand,nadereaandverval) VALUES('29007','29007','19700808',null,'20000101',null,'29015',null,null,'1',null);
INSERT INTO kern.his_persgeslachtsaand (id,pers,dataanvgel,dateindegel,tsreg,tsverval,actieinh,actieverval,actieaanpgel,geslachtsaand,nadereaandverval) VALUES('29008','29008','19400101',null,'20000101',null,'29015',null,null,'2',null);
INSERT INTO kern.his_persgeslachtsaand (id,pers,dataanvgel,dateindegel,tsreg,tsverval,actieinh,actieverval,actieaanpgel,geslachtsaand,nadereaandverval) VALUES('29009','29009','19390101',null,'20000101',null,'29015',null,null,'1',null);

commit;


--------------------------------------------------
--- EIND
--- Sheet: (his_persgeslachtsaand)
--- Handler: SheetHandlerImplSimpleInsert
--- Aantal: (9)
--------------------------------------------------
--------------------------------------------------
--- START
--- Sheet: (persgeslnaamcomp)
--- Handler: SheetHandlerImplSimpleInsert
--------------------------------------------------

begin;

INSERT INTO kern.persgeslnaamcomp (id,pers,voorvoegsel,scheidingsteken,stam,predicaat,adellijketitel,volgnr) VALUES('29001','29001',null,null,'Melk',null,null,'1');
INSERT INTO kern.persgeslnaamcomp (id,pers,voorvoegsel,scheidingsteken,stam,predicaat,adellijketitel,volgnr) VALUES('29002','29004',null,null,'Welk',null,null,'1');
INSERT INTO kern.persgeslnaamcomp (id,pers,voorvoegsel,scheidingsteken,stam,predicaat,adellijketitel,volgnr) VALUES('29003','29007',null,null,'Elk',null,null,'1');

commit;


--------------------------------------------------
--- EIND
--- Sheet: (persgeslnaamcomp)
--- Handler: SheetHandlerImplSimpleInsert
--- Aantal: (3)
--------------------------------------------------
--------------------------------------------------
--- START
--- Sheet: (his_persgeslnaamcomp)
--- Handler: SheetHandlerImplSimpleInsert
--------------------------------------------------

begin;

INSERT INTO kern.his_persgeslnaamcomp (id,persgeslnaamcomp,dataanvgel,dateindegel,tsreg,tsverval,actieinh,actieverval,actieaanpgel,voorvoegsel,scheidingsteken,stam,predicaat,adellijketitel,nadereaandverval) VALUES('29001','29001','19700808',null,'20000101',null,'29001',null,null,null,null,'Melk',null,null,null);
INSERT INTO kern.his_persgeslnaamcomp (id,persgeslnaamcomp,dataanvgel,dateindegel,tsreg,tsverval,actieinh,actieverval,actieaanpgel,voorvoegsel,scheidingsteken,stam,predicaat,adellijketitel,nadereaandverval) VALUES('29002','29002','19700808',null,'20000101',null,'29008',null,null,null,null,'Welk',null,null,null);
INSERT INTO kern.his_persgeslnaamcomp (id,persgeslnaamcomp,dataanvgel,dateindegel,tsreg,tsverval,actieinh,actieverval,actieaanpgel,voorvoegsel,scheidingsteken,stam,predicaat,adellijketitel,nadereaandverval) VALUES('29003','29003','19700808',null,'20000101',null,'29015',null,null,null,null,'Elk',null,null,null);

commit;


--------------------------------------------------
--- EIND
--- Sheet: (his_persgeslnaamcomp)
--- Handler: SheetHandlerImplSimpleInsert
--- Aantal: (3)
--------------------------------------------------
--------------------------------------------------
--- START
--- Sheet: (his_perssamengesteldenaam)
--- Handler: SheetHandlerImplSimpleInsert
--------------------------------------------------

begin;

INSERT INTO kern.his_perssamengesteldenaam (id,pers,dataanvgel,dateindegel,tsreg,tsverval,actieinh,actieverval,actieaanpgel,predicaat,voornamen,voorvoegsel,scheidingsteken,adellijketitel,geslnaamstam,indnreeks,indafgeleid,nadereaandverval) VALUES('29001','29001','19700808',null,'20000101',null,'29001',null,null,null,'Joep',null,null,null,'Melk','false','true',null);
INSERT INTO kern.his_perssamengesteldenaam (id,pers,dataanvgel,dateindegel,tsreg,tsverval,actieinh,actieverval,actieaanpgel,predicaat,voornamen,voorvoegsel,scheidingsteken,adellijketitel,geslnaamstam,indnreeks,indafgeleid,nadereaandverval) VALUES('29002','29002','19400101',null,'20000101',null,'29001',null,null,null,'Truus',null,null,null,'Zoutenbier','false','true',null);
INSERT INTO kern.his_perssamengesteldenaam (id,pers,dataanvgel,dateindegel,tsreg,tsverval,actieinh,actieverval,actieaanpgel,predicaat,voornamen,voorvoegsel,scheidingsteken,adellijketitel,geslnaamstam,indnreeks,indafgeleid,nadereaandverval) VALUES('29003','29003','19390101',null,'20000101',null,'29001',null,null,null,'Piet',null,null,null,'Parkiet','false','true',null);
INSERT INTO kern.his_perssamengesteldenaam (id,pers,dataanvgel,dateindegel,tsreg,tsverval,actieinh,actieverval,actieaanpgel,predicaat,voornamen,voorvoegsel,scheidingsteken,adellijketitel,geslnaamstam,indnreeks,indafgeleid,nadereaandverval) VALUES('29004','29004','19700808',null,'20000101',null,'29008',null,null,null,'Job',null,null,null,'Welk','false','true',null);
INSERT INTO kern.his_perssamengesteldenaam (id,pers,dataanvgel,dateindegel,tsreg,tsverval,actieinh,actieverval,actieaanpgel,predicaat,voornamen,voorvoegsel,scheidingsteken,adellijketitel,geslnaamstam,indnreeks,indafgeleid,nadereaandverval) VALUES('29005','29005','19400101',null,'20000101',null,'29008',null,null,null,'Truus',null,null,null,'Zoutenbier','false','true',null);
INSERT INTO kern.his_perssamengesteldenaam (id,pers,dataanvgel,dateindegel,tsreg,tsverval,actieinh,actieverval,actieaanpgel,predicaat,voornamen,voorvoegsel,scheidingsteken,adellijketitel,geslnaamstam,indnreeks,indafgeleid,nadereaandverval) VALUES('29006','29006','19390101',null,'20000101',null,'29008',null,null,null,'Piet',null,null,null,'Parkiet','false','true',null);
INSERT INTO kern.his_perssamengesteldenaam (id,pers,dataanvgel,dateindegel,tsreg,tsverval,actieinh,actieverval,actieaanpgel,predicaat,voornamen,voorvoegsel,scheidingsteken,adellijketitel,geslnaamstam,indnreeks,indafgeleid,nadereaandverval) VALUES('29007','29007','19700808',null,'20000101',null,'29015',null,null,null,'Jo',null,null,null,'Elk','false','true',null);
INSERT INTO kern.his_perssamengesteldenaam (id,pers,dataanvgel,dateindegel,tsreg,tsverval,actieinh,actieverval,actieaanpgel,predicaat,voornamen,voorvoegsel,scheidingsteken,adellijketitel,geslnaamstam,indnreeks,indafgeleid,nadereaandverval) VALUES('29008','29008','19400101',null,'20000101',null,'29015',null,null,null,'Truus',null,null,null,'Zoutenbier','false','true',null);
INSERT INTO kern.his_perssamengesteldenaam (id,pers,dataanvgel,dateindegel,tsreg,tsverval,actieinh,actieverval,actieaanpgel,predicaat,voornamen,voorvoegsel,scheidingsteken,adellijketitel,geslnaamstam,indnreeks,indafgeleid,nadereaandverval) VALUES('29009','29009','19390101',null,'20000101',null,'29015',null,null,null,'Piet',null,null,null,'Parkiet','false','true',null);

commit;


--------------------------------------------------
--- EIND
--- Sheet: (his_perssamengesteldenaam)
--- Handler: SheetHandlerImplSimpleInsert
--- Aantal: (9)
--------------------------------------------------
--------------------------------------------------
--- START
--- Sheet: (his_persnaamgebruik)
--- Handler: SheetHandlerImplSimpleInsert
--------------------------------------------------

begin;

INSERT INTO kern.his_persnaamgebruik (id,pers,tsreg,tsverval,actieinh,actieverval,naamgebruik,indnaamgebruikafgeleid,predicaatnaamgebruik,voornamennaamgebruik,voorvoegselnaamgebruik,scheidingstekennaamgebruik,adellijketitelnaamgebruik,geslnaamstamnaamgebruik,nadereaandverval) VALUES('29001','29001','20000101',null,'29001',null,'1','true',null,'Joep',null,null,null,'Melk',null);
INSERT INTO kern.his_persnaamgebruik (id,pers,tsreg,tsverval,actieinh,actieverval,naamgebruik,indnaamgebruikafgeleid,predicaatnaamgebruik,voornamennaamgebruik,voorvoegselnaamgebruik,scheidingstekennaamgebruik,adellijketitelnaamgebruik,geslnaamstamnaamgebruik,nadereaandverval) VALUES('29002','29004','20000101',null,'29008',null,'1','true',null,'Job',null,null,null,'Welk',null);
INSERT INTO kern.his_persnaamgebruik (id,pers,tsreg,tsverval,actieinh,actieverval,naamgebruik,indnaamgebruikafgeleid,predicaatnaamgebruik,voornamennaamgebruik,voorvoegselnaamgebruik,scheidingstekennaamgebruik,adellijketitelnaamgebruik,geslnaamstamnaamgebruik,nadereaandverval) VALUES('29003','29007','20000101',null,'29015',null,'1','true',null,'Jo',null,null,null,'Elk',null);

commit;


--------------------------------------------------
--- EIND
--- Sheet: (his_persnaamgebruik)
--- Handler: SheetHandlerImplSimpleInsert
--- Aantal: (3)
--------------------------------------------------
--------------------------------------------------
--- START
--- Sheet: (his_persgeboorte)
--- Handler: SheetHandlerImplSimpleInsert
--------------------------------------------------

begin;

INSERT INTO kern.his_persgeboorte (id,pers,tsreg,tsverval,actieinh,actieverval,datgeboorte,gemgeboorte,wplnaamgeboorte,blplaatsgeboorte,blregiogeboorte,landgebiedgeboorte,omslocgeboorte,nadereaandverval) VALUES('29001','29001','20000101',null,'29001',null,'19700808','993','Zevenaar',null,null,'229',null,null);
INSERT INTO kern.his_persgeboorte (id,pers,tsreg,tsverval,actieinh,actieverval,datgeboorte,gemgeboorte,wplnaamgeboorte,blplaatsgeboorte,blregiogeboorte,landgebiedgeboorte,omslocgeboorte,nadereaandverval) VALUES('29002','29002','20000101',null,'29001',null,'19400101',null,null,'Larashe',null,'125',null,null);
INSERT INTO kern.his_persgeboorte (id,pers,tsreg,tsverval,actieinh,actieverval,datgeboorte,gemgeboorte,wplnaamgeboorte,blplaatsgeboorte,blregiogeboorte,landgebiedgeboorte,omslocgeboorte,nadereaandverval) VALUES('29003','29003','20000101',null,'29001',null,'19390101',null,null,'Larashe',null,'125',null,null);
INSERT INTO kern.his_persgeboorte (id,pers,tsreg,tsverval,actieinh,actieverval,datgeboorte,gemgeboorte,wplnaamgeboorte,blplaatsgeboorte,blregiogeboorte,landgebiedgeboorte,omslocgeboorte,nadereaandverval) VALUES('29004','29004','20000101',null,'29008',null,'19700808','993','Zevenaar',null,null,'229',null,null);
INSERT INTO kern.his_persgeboorte (id,pers,tsreg,tsverval,actieinh,actieverval,datgeboorte,gemgeboorte,wplnaamgeboorte,blplaatsgeboorte,blregiogeboorte,landgebiedgeboorte,omslocgeboorte,nadereaandverval) VALUES('29005','29005','20000101',null,'29008',null,'19400101',null,null,'Larashe',null,'125',null,null);
INSERT INTO kern.his_persgeboorte (id,pers,tsreg,tsverval,actieinh,actieverval,datgeboorte,gemgeboorte,wplnaamgeboorte,blplaatsgeboorte,blregiogeboorte,landgebiedgeboorte,omslocgeboorte,nadereaandverval) VALUES('29006','29006','20000101',null,'29008',null,'19390101',null,null,'Larashe',null,'125',null,null);
INSERT INTO kern.his_persgeboorte (id,pers,tsreg,tsverval,actieinh,actieverval,datgeboorte,gemgeboorte,wplnaamgeboorte,blplaatsgeboorte,blregiogeboorte,landgebiedgeboorte,omslocgeboorte,nadereaandverval) VALUES('29007','29007','20000101',null,'29015',null,'19700808','993','Zevenaar',null,null,'229',null,null);
INSERT INTO kern.his_persgeboorte (id,pers,tsreg,tsverval,actieinh,actieverval,datgeboorte,gemgeboorte,wplnaamgeboorte,blplaatsgeboorte,blregiogeboorte,landgebiedgeboorte,omslocgeboorte,nadereaandverval) VALUES('29008','29008','20000101',null,'29015',null,'19400101',null,null,'Larashe',null,'125',null,null);
INSERT INTO kern.his_persgeboorte (id,pers,tsreg,tsverval,actieinh,actieverval,datgeboorte,gemgeboorte,wplnaamgeboorte,blplaatsgeboorte,blregiogeboorte,landgebiedgeboorte,omslocgeboorte,nadereaandverval) VALUES('29009','29009','20000101',null,'29015',null,'19390101',null,null,'Larashe',null,'125',null,null);

commit;


--------------------------------------------------
--- EIND
--- Sheet: (his_persgeboorte)
--- Handler: SheetHandlerImplSimpleInsert
--- Aantal: (9)
--------------------------------------------------
--------------------------------------------------
--- START
--- Sheet: (relatie)
--- Handler: SheetHandlerImplSimpleInsert
--------------------------------------------------

begin;

INSERT INTO kern.relatie (id,srt,dataanv,gemaanv,wplnaamaanv,blplaatsaanv,blregioaanv,landgebiedaanv,omslocaanv,rdneinde,dateinde,gemeinde,wplnaameinde,blplaatseinde,blregioeinde,landgebiedeinde,omsloceinde) VALUES('29001','3',null,null,null,null,null,null,null,null,null,null,null,null,null,null,null);
INSERT INTO kern.relatie (id,srt,dataanv,gemaanv,wplnaamaanv,blplaatsaanv,blregioaanv,landgebiedaanv,omslocaanv,rdneinde,dateinde,gemeinde,wplnaameinde,blplaatseinde,blregioeinde,landgebiedeinde,omsloceinde) VALUES('29002','3',null,null,null,null,null,null,null,null,null,null,null,null,null,null,null);
INSERT INTO kern.relatie (id,srt,dataanv,gemaanv,wplnaamaanv,blplaatsaanv,blregioaanv,landgebiedaanv,omslocaanv,rdneinde,dateinde,gemeinde,wplnaameinde,blplaatseinde,blregioeinde,landgebiedeinde,omsloceinde) VALUES('29003','3',null,null,null,null,null,null,null,null,null,null,null,null,null,null,null);

commit;


--------------------------------------------------
--- EIND
--- Sheet: (relatie)
--- Handler: SheetHandlerImplSimpleInsert
--- Aantal: (3)
--------------------------------------------------
--------------------------------------------------
--- START
--- Sheet: (betr)
--- Handler: SheetHandlerImplSimpleInsert
--------------------------------------------------

begin;

INSERT INTO kern.betr (id,relatie,rol,pers,indouder,indouderheeftgezag,indouderuitwiekindisgeboren) VALUES('29001','29001','1','29001',null,null,null);
INSERT INTO kern.betr (id,relatie,rol,pers,indouder,indouderheeftgezag,indouderuitwiekindisgeboren) VALUES('29002','29001','2','29002','true',null,null);
INSERT INTO kern.betr (id,relatie,rol,pers,indouder,indouderheeftgezag,indouderuitwiekindisgeboren) VALUES('29003','29001','2','29003','true',null,null);
INSERT INTO kern.betr (id,relatie,rol,pers,indouder,indouderheeftgezag,indouderuitwiekindisgeboren) VALUES('29004','29002','1','29004',null,null,null);
INSERT INTO kern.betr (id,relatie,rol,pers,indouder,indouderheeftgezag,indouderuitwiekindisgeboren) VALUES('29005','29002','2','29005','true',null,null);
INSERT INTO kern.betr (id,relatie,rol,pers,indouder,indouderheeftgezag,indouderuitwiekindisgeboren) VALUES('29006','29002','2','29006','true',null,null);
INSERT INTO kern.betr (id,relatie,rol,pers,indouder,indouderheeftgezag,indouderuitwiekindisgeboren) VALUES('29007','29003','1','29007',null,null,null);
INSERT INTO kern.betr (id,relatie,rol,pers,indouder,indouderheeftgezag,indouderuitwiekindisgeboren) VALUES('29008','29003','2','29008','true',null,null);
INSERT INTO kern.betr (id,relatie,rol,pers,indouder,indouderheeftgezag,indouderuitwiekindisgeboren) VALUES('29009','29003','2','29009','true',null,null);

commit;


--------------------------------------------------
--- EIND
--- Sheet: (betr)
--- Handler: SheetHandlerImplSimpleInsert
--- Aantal: (9)
--------------------------------------------------
--------------------------------------------------
--- START
--- Sheet: (His_OuderOuderschap)
--- Handler: SheetHandlerImplSimpleInsert
--------------------------------------------------

begin;

INSERT INTO kern.his_ouderouderschap (id,betr,dataanvgel,dateindegel,tsreg,tsverval,actieinh,actieverval,actieaanpgel,indouder,indouderuitwiekindisgeboren,nadereaandverval) VALUES('29002','29002','19400101',null,'20000101',null,'29001',null,null,'true',null,null);
INSERT INTO kern.his_ouderouderschap (id,betr,dataanvgel,dateindegel,tsreg,tsverval,actieinh,actieverval,actieaanpgel,indouder,indouderuitwiekindisgeboren,nadereaandverval) VALUES('29003','29003','19390101',null,'20000101',null,'29001',null,null,'true',null,null);
INSERT INTO kern.his_ouderouderschap (id,betr,dataanvgel,dateindegel,tsreg,tsverval,actieinh,actieverval,actieaanpgel,indouder,indouderuitwiekindisgeboren,nadereaandverval) VALUES('29004','29005','19400101',null,'20000101',null,'29008',null,null,'true',null,null);
INSERT INTO kern.his_ouderouderschap (id,betr,dataanvgel,dateindegel,tsreg,tsverval,actieinh,actieverval,actieaanpgel,indouder,indouderuitwiekindisgeboren,nadereaandverval) VALUES('29005','29006','19390101',null,'20000101',null,'29008',null,null,'true',null,null);
INSERT INTO kern.his_ouderouderschap (id,betr,dataanvgel,dateindegel,tsreg,tsverval,actieinh,actieverval,actieaanpgel,indouder,indouderuitwiekindisgeboren,nadereaandverval) VALUES('29006','29008','19400101',null,'20000101',null,'29015',null,null,'true',null,null);
INSERT INTO kern.his_ouderouderschap (id,betr,dataanvgel,dateindegel,tsreg,tsverval,actieinh,actieverval,actieaanpgel,indouder,indouderuitwiekindisgeboren,nadereaandverval) VALUES('29007','29009','19390101',null,'20000101',null,'29015',null,null,'true',null,null);

commit;


--------------------------------------------------
--- EIND
--- Sheet: (His_OuderOuderschap)
--- Handler: SheetHandlerImplSimpleInsert
--- Aantal: (6)
--------------------------------------------------
--------------------------------------------------
--- START
--- Sheet: (persvoornaam)
--- Handler: SheetHandlerImplSimpleInsert
--------------------------------------------------

begin;

INSERT INTO kern.persvoornaam (naam,id,pers,volgnr) VALUES('Joep','29001','29001','1');
INSERT INTO kern.persvoornaam (naam,id,pers,volgnr) VALUES('Job','29002','29004','1');
INSERT INTO kern.persvoornaam (naam,id,pers,volgnr) VALUES('Jo','29003','29007','1');

commit;


--------------------------------------------------
--- EIND
--- Sheet: (persvoornaam)
--- Handler: SheetHandlerImplSimpleInsert
--- Aantal: (3)
--------------------------------------------------
--------------------------------------------------
--- START
--- Sheet: (his_persvoornaam)
--- Handler: SheetHandlerImplSimpleInsert
--------------------------------------------------

begin;

INSERT INTO kern.his_persvoornaam (id,persvoornaam,dataanvgel,dateindegel,tsreg,tsverval,actieinh,actieverval,nadereaandverval,actieaanpgel,naam) VALUES('29001','29001','19700808',null,'20000101',null,'29001',null,null,null,'Joep');
INSERT INTO kern.his_persvoornaam (id,persvoornaam,dataanvgel,dateindegel,tsreg,tsverval,actieinh,actieverval,nadereaandverval,actieaanpgel,naam) VALUES('29002','29002','19700808',null,'20000101',null,'29008',null,null,null,'Job');
INSERT INTO kern.his_persvoornaam (id,persvoornaam,dataanvgel,dateindegel,tsreg,tsverval,actieinh,actieverval,nadereaandverval,actieaanpgel,naam) VALUES('29003','29003','19700808',null,'20000101',null,'29015',null,null,null,'Jo');

commit;


--------------------------------------------------
--- EIND
--- Sheet: (his_persvoornaam)
--- Handler: SheetHandlerImplSimpleInsert
--- Aantal: (3)
--------------------------------------------------
--------------------------------------------------
--- START
--- Sheet: (persnation)
--- Handler: SheetHandlerImplSimpleInsert
--------------------------------------------------

begin;

INSERT INTO kern.persnation (rdnverlies,rdnverk,id,pers,nation) VALUES(null,'86','29001','29001','2');
INSERT INTO kern.persnation (rdnverlies,rdnverk,id,pers,nation) VALUES(null,'86','29002','29004','2');
INSERT INTO kern.persnation (rdnverlies,rdnverk,id,pers,nation) VALUES(null,'86','29003','29007','2');

commit;


--------------------------------------------------
--- EIND
--- Sheet: (persnation)
--- Handler: SheetHandlerImplSimpleInsert
--- Aantal: (3)
--------------------------------------------------
--------------------------------------------------
--- START
--- Sheet: (his_persnation)
--- Handler: SheetHandlerImplSimpleInsert
--------------------------------------------------

begin;

INSERT INTO kern.his_persnation (id,persnation,dataanvgel,dateindegel,tsreg,tsverval,actieinh,actieverval,actieaanpgel,rdnverlies,rdnverk,nadereaandverval) VALUES('29001','29001','20000101',null,'20000101',null,'29001',null,null,null,'86',null);
INSERT INTO kern.his_persnation (id,persnation,dataanvgel,dateindegel,tsreg,tsverval,actieinh,actieverval,actieaanpgel,rdnverlies,rdnverk,nadereaandverval) VALUES('29002','29002','20000101',null,'20000101',null,'29008',null,null,null,'86',null);
INSERT INTO kern.his_persnation (id,persnation,dataanvgel,dateindegel,tsreg,tsverval,actieinh,actieverval,actieaanpgel,rdnverlies,rdnverk,nadereaandverval) VALUES('29003','29003','20000101',null,'20000101',null,'29015',null,null,null,'86',null);

commit;


--------------------------------------------------
--- EIND
--- Sheet: (his_persnation)
--- Handler: SheetHandlerImplSimpleInsert
--- Aantal: (3)
--------------------------------------------------
--------------------------------------------------
--- START
--- Sheet: (his_persinschr)
--- Handler: SheetHandlerImplSimpleInsert
--------------------------------------------------

begin;

INSERT INTO kern.his_persinschr (id,pers,tsreg,tsverval,actieinh,actieverval,datinschr,versienr,nadereaandverval,dattijdstempel) VALUES('29001','29001','20000101',null,'29001',null,'20000101','1',null,'20000101');
INSERT INTO kern.his_persinschr (id,pers,tsreg,tsverval,actieinh,actieverval,datinschr,versienr,nadereaandverval,dattijdstempel) VALUES('29002','29004','20000101',null,'29008',null,'20000101','1',null,'20000101');
INSERT INTO kern.his_persinschr (id,pers,tsreg,tsverval,actieinh,actieverval,datinschr,versienr,nadereaandverval,dattijdstempel) VALUES('29003','29007','20000101',null,'29015',null,'20000101','1',null,'20000101');

commit;


--------------------------------------------------
--- EIND
--- Sheet: (his_persinschr)
--- Handler: SheetHandlerImplSimpleInsert
--- Aantal: (3)
--------------------------------------------------
--------------------------------------------------
--- START
--- Sheet: (-end-)
--- Handler: SheetHandlerImplTimestamp
--------------------------------------------------

begin;

DELETE FROM test.ARTversion;
INSERT INTO test.ARTversion (ID, FullVersion, ReleaseVersion, BuildTimestamp, ExcelTimestamp) VALUES (1, 'TestdataGenerator ${project.version}-r${svnrevision}-b${buildnumber} (${timestamp})','${project.version}','${timestamp}','07-10-2015 15:13:12');

commit;


--------------------------------------------------
--- EIND
--- Sheet: (-end-)
--- Handler: SheetHandlerImplTimestamp
--- Aantal: (1)
--------------------------------------------------
--------------------------------------------------
--- END Generated from: /media/truecrypt1/source/bmr_44/art/art-data/testdata/src/main/resources/brp-testdata/SierraTestdata-PersoonVerificatie.xls
--------------------------------------------------