
--------------------------------------------------
--- START Generated from: /media/truecrypt1/source/bmr_44/art/art-data/testdata/src/main/resources/brp-testdata/SierraTestdata-Verantwoording.xls
--------------------------------------------------

--------------------------------------------------
--- START
--- Sheet: (admhnd)
--- Handler: SheetHandlerImplSimpleInsert
--------------------------------------------------

begin;

INSERT INTO kern.admhnd (id,srt,partij,toelichtingontlening,tsreg,tslev) VALUES('31001','37','993',null,'20000101','20000101');
INSERT INTO kern.admhnd (id,srt,partij,toelichtingontlening,tsreg,tslev) VALUES('31002','30','302',null,'20020202','20020202');
INSERT INTO kern.admhnd (id,srt,partij,toelichtingontlening,tsreg,tslev) VALUES('31003','30','347',null,'20121212','20121212');
INSERT INTO kern.admhnd (id,srt,partij,toelichtingontlening,tsreg,tslev) VALUES('31004','11','993',null,'20130228','20130228');

commit;


--------------------------------------------------
--- EIND
--- Sheet: (admhnd)
--- Handler: SheetHandlerImplSimpleInsert
--- Aantal: (4)
--------------------------------------------------
--------------------------------------------------
--- START
--- Sheet: (brp_actie)
--- Handler: SheetHandlerImplSimpleInsert
--------------------------------------------------

begin;

INSERT INTO kern.actie (id,srt,admhnd,partij,tsreg) VALUES('31001','7','31001','993','20000101');
INSERT INTO kern.actie (id,srt,admhnd,partij,tsreg) VALUES('31002','18','31002','302','20020202');
INSERT INTO kern.actie (id,srt,admhnd,partij,tsreg) VALUES('31003','18','31003','347','20121212');
INSERT INTO kern.actie (id,srt,admhnd,partij,tsreg) VALUES('31004','15','31004','993','20130228');

commit;


--------------------------------------------------
--- EIND
--- Sheet: (brp_actie)
--- Handler: SheetHandlerImplSimpleInsert
--- Aantal: (4)
--------------------------------------------------
--------------------------------------------------
--- START
--- Sheet: (pers)
--- Handler: SheetHandlerImplSimpleInsert
--------------------------------------------------

begin;

INSERT INTO kern.pers (id,srt,admhnd,datgeboorte,gemgeboorte,wplnaamgeboorte,blplaatsgeboorte,blregiogeboorte,landgebiedgeboorte,omslocgeboorte,datoverlijden,gemoverlijden,wplnaamoverlijden,blplaatsoverlijden,blregiooverlijden,landgebiedoverlijden,omslocoverlijden,naderebijhaard,datinschr,versienr,vorigebsn,volgendebsn,naamgebruik,indnaamgebruikafgeleid,predicaatnaamgebruik,voornamennaamgebruik,voorvoegselnaamgebruik,scheidingstekennaamgebruik,adellijketitelnaamgebruik,geslnaamstamnaamgebruik,gempk,indpkvollediggeconv,aandverblijfsr,srtmigratie,rdnwijzmigratie,aangmigratie,landgebiedmigratie,bladresregel1migratie,bladresregel2migratie,bladresregel3migratie,bladresregel4migratie,bladresregel5migratie,bladresregel6migratie,datmededelingverblijfsr,datvoorzeindeverblijfsr,inddeelneuverkiezingen,dataanlaanpdeelneuverkiezing,datvoorzeindeuitsleuverkiezi,predicaat,voornamen,voorvoegsel,scheidingsteken,adellijketitel,geslnaamstam,indnreeks,indafgeleid,bijhpartij,indonverwdocaanw,geslachtsaand,bsn,anr,tslaatstewijz,induitslkiesr,datvoorzeindeuitslkiesr,bijhaard,indonverwbijhvoorstelnieting,dattijdstempel) VALUES('31001','1','31003','19710717','993','Zevenaar',null,null,'229',null,null,null,null,null,null,null,null,'1','20000101','1',null,null,'1','true',null,'Oma',null,null,null,'Vastuullisuutta',null,null,null,null,null,null,null,null,null,null,null,null,null,null,null,null,null,null,null,'Oma',null,null,null,'Vastuullisuutta','false','true','347','false','1','310027603','3104184328','20000101',null,null,'1','false',null);
INSERT INTO kern.pers (id,srt,admhnd,datgeboorte,gemgeboorte,wplnaamgeboorte,blplaatsgeboorte,blregiogeboorte,landgebiedgeboorte,omslocgeboorte,datoverlijden,gemoverlijden,wplnaamoverlijden,blplaatsoverlijden,blregiooverlijden,landgebiedoverlijden,omslocoverlijden,naderebijhaard,datinschr,versienr,vorigebsn,volgendebsn,naamgebruik,indnaamgebruikafgeleid,predicaatnaamgebruik,voornamennaamgebruik,voorvoegselnaamgebruik,scheidingstekennaamgebruik,adellijketitelnaamgebruik,geslnaamstamnaamgebruik,gempk,indpkvollediggeconv,aandverblijfsr,srtmigratie,rdnwijzmigratie,aangmigratie,landgebiedmigratie,bladresregel1migratie,bladresregel2migratie,bladresregel3migratie,bladresregel4migratie,bladresregel5migratie,bladresregel6migratie,datmededelingverblijfsr,datvoorzeindeverblijfsr,inddeelneuverkiezingen,dataanlaanpdeelneuverkiezing,datvoorzeindeuitsleuverkiezi,predicaat,voornamen,voorvoegsel,scheidingsteken,adellijketitel,geslnaamstam,indnreeks,indafgeleid,bijhpartij,indonverwdocaanw,geslachtsaand,bsn,anr,tslaatstewijz,induitslkiesr,datvoorzeindeuitslkiesr,bijhaard,indonverwbijhvoorstelnieting,dattijdstempel) VALUES('31002','2','31003','19400101',null,null,'Larashe',null,'125',null,null,null,null,null,null,null,null,null,null,null,null,null,null,null,null,null,null,null,null,null,null,null,null,null,null,null,null,null,null,null,null,null,null,null,null,null,null,null,null,'Minu',null,null,null,'Vastutus','false','true',null,null,'2',null,null,null,null,null,null,null,null);
INSERT INTO kern.pers (id,srt,admhnd,datgeboorte,gemgeboorte,wplnaamgeboorte,blplaatsgeboorte,blregiogeboorte,landgebiedgeboorte,omslocgeboorte,datoverlijden,gemoverlijden,wplnaamoverlijden,blplaatsoverlijden,blregiooverlijden,landgebiedoverlijden,omslocoverlijden,naderebijhaard,datinschr,versienr,vorigebsn,volgendebsn,naamgebruik,indnaamgebruikafgeleid,predicaatnaamgebruik,voornamennaamgebruik,voorvoegselnaamgebruik,scheidingstekennaamgebruik,adellijketitelnaamgebruik,geslnaamstamnaamgebruik,gempk,indpkvollediggeconv,aandverblijfsr,srtmigratie,rdnwijzmigratie,aangmigratie,landgebiedmigratie,bladresregel1migratie,bladresregel2migratie,bladresregel3migratie,bladresregel4migratie,bladresregel5migratie,bladresregel6migratie,datmededelingverblijfsr,datvoorzeindeverblijfsr,inddeelneuverkiezingen,dataanlaanpdeelneuverkiezing,datvoorzeindeuitsleuverkiezi,predicaat,voornamen,voorvoegsel,scheidingsteken,adellijketitel,geslnaamstam,indnreeks,indafgeleid,bijhpartij,indonverwdocaanw,geslachtsaand,bsn,anr,tslaatstewijz,induitslkiesr,datvoorzeindeuitslkiesr,bijhaard,indonverwbijhvoorstelnieting,dattijdstempel) VALUES('31003','2','31003','19390101',null,null,'Larashe',null,'125',null,null,null,null,null,null,null,null,null,null,null,null,null,null,null,null,null,null,null,null,null,null,null,null,null,null,null,null,null,null,null,null,null,null,null,null,null,null,null,null,'Mitt',null,null,null,'Ansvarighet','false','true',null,null,'1',null,null,null,null,null,null,null,null);

commit;


--------------------------------------------------
--- EIND
--- Sheet: (pers)
--- Handler: SheetHandlerImplSimpleInsert
--- Aantal: (3)
--------------------------------------------------
--------------------------------------------------
--- START
--- Sheet: (his_persafgeleidadministrati)
--- Handler: SheetHandlerImplSimpleInsert
--------------------------------------------------

begin;

INSERT INTO kern.his_persafgeleidadministrati (id,pers,tsreg,tsverval,actieinh,actieverval,nadereaandverval,admhnd,tslaatstewijz,sorteervolgorde,indonverwbijhvoorstelnieting,tslaatstewijzgbasystematiek) VALUES('31001','31001','20000101','20020202','31001','31002',null,'31001','20000101','1','FALSE',null);
INSERT INTO kern.his_persafgeleidadministrati (id,pers,tsreg,tsverval,actieinh,actieverval,nadereaandverval,admhnd,tslaatstewijz,sorteervolgorde,indonverwbijhvoorstelnieting,tslaatstewijzgbasystematiek) VALUES('31002','31001','20020202','20121212','31002','31003',null,'31002','20020202','1','FALSE',null);
INSERT INTO kern.his_persafgeleidadministrati (id,pers,tsreg,tsverval,actieinh,actieverval,nadereaandverval,admhnd,tslaatstewijz,sorteervolgorde,indonverwbijhvoorstelnieting,tslaatstewijzgbasystematiek) VALUES('31003','31001','20121212','20130228','31003','31004',null,'31003','20121212','1','FALSE',null);
INSERT INTO kern.his_persafgeleidadministrati (id,pers,tsreg,tsverval,actieinh,actieverval,nadereaandverval,admhnd,tslaatstewijz,sorteervolgorde,indonverwbijhvoorstelnieting,tslaatstewijzgbasystematiek) VALUES('31004','31001','20130228',null,'31004',null,null,'31004','20130228','1','FALSE',null);

commit;


--------------------------------------------------
--- EIND
--- Sheet: (his_persafgeleidadministrati)
--- Handler: SheetHandlerImplSimpleInsert
--- Aantal: (4)
--------------------------------------------------
--------------------------------------------------
--- START
--- Sheet: (doc)
--- Handler: SheetHandlerImplSimpleInsert
--------------------------------------------------

begin;

INSERT INTO kern.doc (id,srt,ident,aktenr,oms,partij) VALUES('31001','1','321','9876554',null,'993');
INSERT INTO kern.doc (id,srt,ident,aktenr,oms,partij) VALUES('31002','38','373','3737373','Identiteitsbewijs','993');
INSERT INTO kern.doc (id,srt,ident,aktenr,oms,partij) VALUES('31003','14','121','1212121',null,'993');

commit;


--------------------------------------------------
--- EIND
--- Sheet: (doc)
--- Handler: SheetHandlerImplSimpleInsert
--- Aantal: (3)
--------------------------------------------------
--------------------------------------------------
--- START
--- Sheet: (his_doc)
--- Handler: SheetHandlerImplSimpleInsert
--------------------------------------------------

begin;

INSERT INTO kern.his_doc (id,doc,tsreg,tsverval,nadereaandverval,actieinh,actieverval,ident,aktenr,oms,partij) VALUES('31001','31001','20000101','20130228',null,'31001','31004','123','4567890',null,'993');
INSERT INTO kern.his_doc (id,doc,tsreg,tsverval,nadereaandverval,actieinh,actieverval,ident,aktenr,oms,partij) VALUES('31002','31001','20130228',null,null,'31004',null,'321','9876554',null,'993');
INSERT INTO kern.his_doc (id,doc,tsreg,tsverval,nadereaandverval,actieinh,actieverval,ident,aktenr,oms,partij) VALUES('31003','31002','20130228',null,null,'31004',null,'373','3737373','Identiteitsbewijs','993');
INSERT INTO kern.his_doc (id,doc,tsreg,tsverval,nadereaandverval,actieinh,actieverval,ident,aktenr,oms,partij) VALUES('31004','31003','20130228',null,null,'31004',null,'121','1212121',null,'993');

commit;


--------------------------------------------------
--- EIND
--- Sheet: (his_doc)
--- Handler: SheetHandlerImplSimpleInsert
--- Aantal: (4)
--------------------------------------------------
--------------------------------------------------
--- START
--- Sheet: (actiebron)
--- Handler: SheetHandlerImplSimpleInsert
--------------------------------------------------

begin;

INSERT INTO kern.actiebron (id,actie,doc,rechtsgrond,rechtsgrondoms) VALUES('31001','31001','31001',null,null);
INSERT INTO kern.actiebron (id,actie,doc,rechtsgrond,rechtsgrondoms) VALUES('31002','31002','31001',null,null);
INSERT INTO kern.actiebron (id,actie,doc,rechtsgrond,rechtsgrondoms) VALUES('31003','31004',null,null,'Niettegenstaande het feit dat…');
INSERT INTO kern.actiebron (id,actie,doc,rechtsgrond,rechtsgrondoms) VALUES('31004','31004',null,null,'Het feit ten spijt…');
INSERT INTO kern.actiebron (id,actie,doc,rechtsgrond,rechtsgrondoms) VALUES('31005','31004','31002',null,null);
INSERT INTO kern.actiebron (id,actie,doc,rechtsgrond,rechtsgrondoms) VALUES('31006','31004','31003',null,null);

commit;


--------------------------------------------------
--- EIND
--- Sheet: (actiebron)
--- Handler: SheetHandlerImplSimpleInsert
--- Aantal: (6)
--------------------------------------------------
--------------------------------------------------
--- START
--- Sheet: (his_persids)
--- Handler: SheetHandlerImplSimpleInsert
--------------------------------------------------

begin;

INSERT INTO kern.his_persids (id,pers,dataanvgel,tsreg,actieinh,anr,bsn,nadereaandverval) VALUES('31001','31001','20000101','20000101','31001','3104184328','310027603',null);

commit;


--------------------------------------------------
--- EIND
--- Sheet: (his_persids)
--- Handler: SheetHandlerImplSimpleInsert
--- Aantal: (1)
--------------------------------------------------
--------------------------------------------------
--- START
--- Sheet: (his_persgeslachtsaand)
--- Handler: SheetHandlerImplSimpleInsert
--------------------------------------------------

begin;

INSERT INTO kern.his_persgeslachtsaand (id,pers,dataanvgel,dateindegel,tsreg,tsverval,actieinh,actieverval,actieaanpgel,geslachtsaand,nadereaandverval) VALUES('31001','31001','19710717',null,'20000101',null,'31001',null,null,'1',null);
INSERT INTO kern.his_persgeslachtsaand (id,pers,dataanvgel,dateindegel,tsreg,tsverval,actieinh,actieverval,actieaanpgel,geslachtsaand,nadereaandverval) VALUES('31002','31002','19400101',null,'20000101',null,'31001',null,null,'2',null);
INSERT INTO kern.his_persgeslachtsaand (id,pers,dataanvgel,dateindegel,tsreg,tsverval,actieinh,actieverval,actieaanpgel,geslachtsaand,nadereaandverval) VALUES('31003','31003','19390101',null,'20000101',null,'31001',null,null,'1',null);

commit;


--------------------------------------------------
--- EIND
--- Sheet: (his_persgeslachtsaand)
--- Handler: SheetHandlerImplSimpleInsert
--- Aantal: (3)
--------------------------------------------------
--------------------------------------------------
--- START
--- Sheet: (persgeslnaamcomp)
--- Handler: SheetHandlerImplSimpleInsert
--------------------------------------------------

begin;

INSERT INTO kern.persgeslnaamcomp (id,pers,voorvoegsel,scheidingsteken,stam,predicaat,adellijketitel,volgnr) VALUES('31001','31001',null,null,'Vastuullisuutta',null,null,'1');

commit;


--------------------------------------------------
--- EIND
--- Sheet: (persgeslnaamcomp)
--- Handler: SheetHandlerImplSimpleInsert
--- Aantal: (2)
--------------------------------------------------
--------------------------------------------------
--- START
--- Sheet: (his_persgeslnaamcomp)
--- Handler: SheetHandlerImplSimpleInsert
--------------------------------------------------

begin;

INSERT INTO kern.his_persgeslnaamcomp (id,persgeslnaamcomp,dataanvgel,dateindegel,tsreg,tsverval,actieinh,actieverval,actieaanpgel,voorvoegsel,scheidingsteken,stam,predicaat,adellijketitel,nadereaandverval) VALUES('31001','31001','19710717',null,'20000101',null,'31001',null,null,null,null,'Vastuullisuutta',null,null,null);

commit;


--------------------------------------------------
--- EIND
--- Sheet: (his_persgeslnaamcomp)
--- Handler: SheetHandlerImplSimpleInsert
--- Aantal: (2)
--------------------------------------------------
--------------------------------------------------
--- START
--- Sheet: (his_perssamengesteldenaam)
--- Handler: SheetHandlerImplSimpleInsert
--------------------------------------------------

begin;

INSERT INTO kern.his_perssamengesteldenaam (id,pers,dataanvgel,dateindegel,tsreg,tsverval,actieinh,actieverval,actieaanpgel,predicaat,voornamen,voorvoegsel,scheidingsteken,adellijketitel,geslnaamstam,indnreeks,indafgeleid,nadereaandverval) VALUES('31001','31001','19710717',null,'20000101',null,'31001',null,null,null,'Oma',null,null,null,'Vastuullisuutta','false','true',null);
INSERT INTO kern.his_perssamengesteldenaam (id,pers,dataanvgel,dateindegel,tsreg,tsverval,actieinh,actieverval,actieaanpgel,predicaat,voornamen,voorvoegsel,scheidingsteken,adellijketitel,geslnaamstam,indnreeks,indafgeleid,nadereaandverval) VALUES('31002','31002','19400101',null,'20000101',null,'31001',null,null,null,'Minu',null,null,null,'Vastutus','false','true',null);
INSERT INTO kern.his_perssamengesteldenaam (id,pers,dataanvgel,dateindegel,tsreg,tsverval,actieinh,actieverval,actieaanpgel,predicaat,voornamen,voorvoegsel,scheidingsteken,adellijketitel,geslnaamstam,indnreeks,indafgeleid,nadereaandverval) VALUES('31003','31003','19390101',null,'20000101',null,'31001',null,null,null,'Mitt',null,null,null,'Ansvarighet','false','true',null);

commit;


--------------------------------------------------
--- EIND
--- Sheet: (his_perssamengesteldenaam)
--- Handler: SheetHandlerImplSimpleInsert
--- Aantal: (3)
--------------------------------------------------
--------------------------------------------------
--- START
--- Sheet: (his_persnaamgebruik)
--- Handler: SheetHandlerImplSimpleInsert
--------------------------------------------------

begin;

INSERT INTO kern.his_persnaamgebruik (id,pers,tsreg,tsverval,actieinh,actieverval,naamgebruik,indnaamgebruikafgeleid,predicaatnaamgebruik,voornamennaamgebruik,voorvoegselnaamgebruik,scheidingstekennaamgebruik,adellijketitelnaamgebruik,geslnaamstamnaamgebruik,nadereaandverval) VALUES('31001','31001','20000101',null,'31001',null,'1','true',null,'Oma',null,null,null,'Vastuullisuutta',null);

commit;


--------------------------------------------------
--- EIND
--- Sheet: (his_persnaamgebruik)
--- Handler: SheetHandlerImplSimpleInsert
--- Aantal: (2)
--------------------------------------------------
--------------------------------------------------
--- START
--- Sheet: (his_persgeboorte)
--- Handler: SheetHandlerImplSimpleInsert
--------------------------------------------------

begin;

INSERT INTO kern.his_persgeboorte (id,pers,tsreg,tsverval,actieinh,actieverval,datgeboorte,gemgeboorte,wplnaamgeboorte,blplaatsgeboorte,blregiogeboorte,landgebiedgeboorte,omslocgeboorte,nadereaandverval) VALUES('31001','31001','20000101',null,'31001',null,'19710717','993','Zevenaar',null,null,'229',null,null);
INSERT INTO kern.his_persgeboorte (id,pers,tsreg,tsverval,actieinh,actieverval,datgeboorte,gemgeboorte,wplnaamgeboorte,blplaatsgeboorte,blregiogeboorte,landgebiedgeboorte,omslocgeboorte,nadereaandverval) VALUES('31002','31002','20000101',null,'31001',null,'19400101',null,null,'Larashe',null,'125',null,null);
INSERT INTO kern.his_persgeboorte (id,pers,tsreg,tsverval,actieinh,actieverval,datgeboorte,gemgeboorte,wplnaamgeboorte,blplaatsgeboorte,blregiogeboorte,landgebiedgeboorte,omslocgeboorte,nadereaandverval) VALUES('31003','31003','20000101',null,'31001',null,'19390101',null,null,'Larashe',null,'125',null,null);

commit;


--------------------------------------------------
--- EIND
--- Sheet: (his_persgeboorte)
--- Handler: SheetHandlerImplSimpleInsert
--- Aantal: (3)
--------------------------------------------------
--------------------------------------------------
--- START
--- Sheet: (persadres)
--- Handler: SheetHandlerImplSimpleInsert
--------------------------------------------------

begin;

INSERT INTO kern.persadres (id,pers,srt,rdnwijz,aangadresh,dataanvadresh,identcodeadresseerbaarobject,identcodenraand,gem,nor,afgekortenor,gemdeel,huisnr,huisletter,huisnrtoevoeging,postcode,wplnaam,loctenopzichtevanadres,locoms,bladresregel1,bladresregel2,bladresregel3,bladresregel4,bladresregel5,bladresregel6,landgebied,indpersaangetroffenopadres) VALUES('31001','31001','1','2',null,'20121212',null,null,'347','Vredenburg','Vredenburg','Noord','3','F','II','3511BA','Utrecht','by',null,null,null,null,null,null,null,'229',null);

commit;


--------------------------------------------------
--- EIND
--- Sheet: (persadres)
--- Handler: SheetHandlerImplSimpleInsert
--- Aantal: (2)
--------------------------------------------------
--------------------------------------------------
--- START
--- Sheet: (his_persadres)
--- Handler: SheetHandlerImplSimpleInsert
--------------------------------------------------

begin;

INSERT INTO kern.his_persadres (id,persadres,dataanvgel,dateindegel,tsreg,tsverval,actieinh,actieverval,actieaanpgel,srt,rdnwijz,aangadresh,dataanvadresh,identcodeadresseerbaarobject,identcodenraand,gem,nor,afgekortenor,gemdeel,huisnr,huisletter,huisnrtoevoeging,postcode,wplnaam,loctenopzichtevanadres,locoms,bladresregel1,bladresregel2,bladresregel3,bladresregel4,bladresregel5,bladresregel6,landgebied,indpersaangetroffenopadres,nadereaandverval) VALUES('31001','31001','20000101',null,'20000101','20020202','31001','31002',null,'1','2',null,'20000101',null,null,'993','Reijmerstokkerdorpsstraat','dorpsstraat',null,'108',null,null,'6274NH',null,null,null,null,null,null,null,null,null,'229',null,null);
INSERT INTO kern.his_persadres (id,persadres,dataanvgel,dateindegel,tsreg,tsverval,actieinh,actieverval,actieaanpgel,srt,rdnwijz,aangadresh,dataanvadresh,identcodeadresseerbaarobject,identcodenraand,gem,nor,afgekortenor,gemdeel,huisnr,huisletter,huisnrtoevoeging,postcode,wplnaam,loctenopzichtevanadres,locoms,bladresregel1,bladresregel2,bladresregel3,bladresregel4,bladresregel5,bladresregel6,landgebied,indpersaangetroffenopadres,nadereaandverval) VALUES('31002','31001','20000101','20020202','20020202',null,'31001',null,'31002','1','2',null,'20000101',null,null,'993','Reijmerstokkerdorpsstraat','dorpsstraat',null,'108',null,null,'6274NH',null,null,null,null,null,null,null,null,null,'229',null,null);
INSERT INTO kern.his_persadres (id,persadres,dataanvgel,dateindegel,tsreg,tsverval,actieinh,actieverval,actieaanpgel,srt,rdnwijz,aangadresh,dataanvadresh,identcodeadresseerbaarobject,identcodenraand,gem,nor,afgekortenor,gemdeel,huisnr,huisletter,huisnrtoevoeging,postcode,wplnaam,loctenopzichtevanadres,locoms,bladresregel1,bladresregel2,bladresregel3,bladresregel4,bladresregel5,bladresregel6,landgebied,indpersaangetroffenopadres,nadereaandverval) VALUES('31003','31001','20020202',null,'20020202','20121212','31002','31003',null,'1','1','3','20020202',null,null,'302','Zonegge','Zonegge',null,'1',null,null,'6901KT',null,null,null,null,null,null,null,null,null,'229',null,null);
INSERT INTO kern.his_persadres (id,persadres,dataanvgel,dateindegel,tsreg,tsverval,actieinh,actieverval,actieaanpgel,srt,rdnwijz,aangadresh,dataanvadresh,identcodeadresseerbaarobject,identcodenraand,gem,nor,afgekortenor,gemdeel,huisnr,huisletter,huisnrtoevoeging,postcode,wplnaam,loctenopzichtevanadres,locoms,bladresregel1,bladresregel2,bladresregel3,bladresregel4,bladresregel5,bladresregel6,landgebied,indpersaangetroffenopadres,nadereaandverval) VALUES('31004','31001','20020202','20121212','20121212',null,'31002',null,'31003','1','1','3','20020202',null,null,'302','Zonegge','Zonegge',null,'1',null,null,'6901KT',null,null,null,null,null,null,null,null,null,'229',null,null);
INSERT INTO kern.his_persadres (id,persadres,dataanvgel,dateindegel,tsreg,tsverval,actieinh,actieverval,actieaanpgel,srt,rdnwijz,aangadresh,dataanvadresh,identcodeadresseerbaarobject,identcodenraand,gem,nor,afgekortenor,gemdeel,huisnr,huisletter,huisnrtoevoeging,postcode,wplnaam,loctenopzichtevanadres,locoms,bladresregel1,bladresregel2,bladresregel3,bladresregel4,bladresregel5,bladresregel6,landgebied,indpersaangetroffenopadres,nadereaandverval) VALUES('31005','31001','20121212',null,'20121212',null,'31003',null,null,'1','1','3','20121212','0347012012121231','0347202012121231','347','Vredenburg','Vredenburg','Noord','3','F','II','3511BA','Utrecht','by',null,null,null,null,null,null,null,'229',null,null);

commit;


--------------------------------------------------
--- EIND
--- Sheet: (his_persadres)
--- Handler: SheetHandlerImplSimpleInsert
--- Aantal: (5)
--------------------------------------------------
--------------------------------------------------
--- START
--- Sheet: (relatie)
--- Handler: SheetHandlerImplSimpleInsert
--------------------------------------------------

begin;

INSERT INTO kern.relatie (id,srt,dataanv,gemaanv,wplnaamaanv,blplaatsaanv,blregioaanv,landgebiedaanv,omslocaanv,rdneinde,dateinde,gemeinde,wplnaameinde,blplaatseinde,blregioeinde,landgebiedeinde,omsloceinde) VALUES('31001','3',null,null,null,null,null,null,null,null,null,null,null,null,null,null,null);

commit;


--------------------------------------------------
--- EIND
--- Sheet: (relatie)
--- Handler: SheetHandlerImplSimpleInsert
--- Aantal: (1)
--------------------------------------------------
--------------------------------------------------
--- START
--- Sheet: (betr)
--- Handler: SheetHandlerImplSimpleInsert
--------------------------------------------------

begin;

INSERT INTO kern.betr (id,relatie,rol,pers,indouder,indouderheeftgezag,indouderuitwiekindisgeboren) VALUES('31001','31001','1','31001',null,null,null);
INSERT INTO kern.betr (id,relatie,rol,pers,indouder,indouderheeftgezag,indouderuitwiekindisgeboren) VALUES('31002','31001','2','31002','true',null,null);
INSERT INTO kern.betr (id,relatie,rol,pers,indouder,indouderheeftgezag,indouderuitwiekindisgeboren) VALUES('31003','31001','2','31003','true',null,null);

commit;


--------------------------------------------------
--- EIND
--- Sheet: (betr)
--- Handler: SheetHandlerImplSimpleInsert
--- Aantal: (3)
--------------------------------------------------
--------------------------------------------------
--- START
--- Sheet: (His_OuderOuderschap)
--- Handler: SheetHandlerImplSimpleInsert
--------------------------------------------------

begin;

INSERT INTO kern.his_ouderouderschap (id,betr,dataanvgel,dateindegel,tsreg,tsverval,actieinh,actieverval,actieaanpgel,indouder,indouderuitwiekindisgeboren,nadereaandverval) VALUES('31002','31002','19400101',null,'20000101',null,'31001',null,null,'true',null,null);
INSERT INTO kern.his_ouderouderschap (id,betr,dataanvgel,dateindegel,tsreg,tsverval,actieinh,actieverval,actieaanpgel,indouder,indouderuitwiekindisgeboren,nadereaandverval) VALUES('31003','31003','19390101',null,'20000101',null,'31001',null,null,'true',null,null);

commit;


--------------------------------------------------
--- EIND
--- Sheet: (His_OuderOuderschap)
--- Handler: SheetHandlerImplSimpleInsert
--- Aantal: (2)
--------------------------------------------------
--------------------------------------------------
--- START
--- Sheet: (persvoornaam)
--- Handler: SheetHandlerImplSimpleInsert
--------------------------------------------------

begin;

INSERT INTO kern.persvoornaam (naam,id,pers,volgnr) VALUES('Oma','31001','31001','1');

commit;


--------------------------------------------------
--- EIND
--- Sheet: (persvoornaam)
--- Handler: SheetHandlerImplSimpleInsert
--- Aantal: (1)
--------------------------------------------------
--------------------------------------------------
--- START
--- Sheet: (his_persvoornaam)
--- Handler: SheetHandlerImplSimpleInsert
--------------------------------------------------

begin;

INSERT INTO kern.his_persvoornaam (id,persvoornaam,dataanvgel,dateindegel,tsreg,tsverval,actieinh,actieverval,nadereaandverval,actieaanpgel,naam) VALUES('31001','31001','19710717',null,'20000101',null,'31001',null,null,null,'Oma');

commit;


--------------------------------------------------
--- EIND
--- Sheet: (his_persvoornaam)
--- Handler: SheetHandlerImplSimpleInsert
--- Aantal: (1)
--------------------------------------------------
--------------------------------------------------
--- START
--- Sheet: (persnation)
--- Handler: SheetHandlerImplSimpleInsert
--------------------------------------------------

begin;

INSERT INTO kern.persnation (rdnverlies,rdnverk,id,pers,nation) VALUES(null,'86','31001','31001','2');

commit;


--------------------------------------------------
--- EIND
--- Sheet: (persnation)
--- Handler: SheetHandlerImplSimpleInsert
--- Aantal: (1)
--------------------------------------------------
--------------------------------------------------
--- START
--- Sheet: (his_persnation)
--- Handler: SheetHandlerImplSimpleInsert
--------------------------------------------------

begin;

INSERT INTO kern.his_persnation (id,persnation,dataanvgel,dateindegel,tsreg,tsverval,actieinh,actieverval,actieaanpgel,rdnverlies,rdnverk,nadereaandverval) VALUES('31001','31001','20000101',null,'20000101',null,'31001',null,null,null,'86',null);

commit;


--------------------------------------------------
--- EIND
--- Sheet: (his_persnation)
--- Handler: SheetHandlerImplSimpleInsert
--- Aantal: (1)
--------------------------------------------------
--------------------------------------------------
--- START
--- Sheet: (his_persinschr)
--- Handler: SheetHandlerImplSimpleInsert
--------------------------------------------------

begin;

INSERT INTO kern.his_persinschr (id,pers,tsreg,tsverval,actieinh,actieverval,datinschr,versienr,nadereaandverval,dattijdstempel) VALUES('31001','31001','20000101',null,'31001',null,'20000101','1',null,'20000101');

commit;


--------------------------------------------------
--- EIND
--- Sheet: (his_persinschr)
--- Handler: SheetHandlerImplSimpleInsert
--- Aantal: (1)
--------------------------------------------------
--------------------------------------------------
--- START
--- Sheet: (his_persbijhouding)
--- Handler: SheetHandlerImplSimpleInsert
--------------------------------------------------

begin;

INSERT INTO kern.his_persbijhouding (id,pers,dataanvgel,dateindegel,tsreg,tsverval,actieinh,actieverval,nadereaandverval,actieaanpgel,bijhpartij,bijhaard,naderebijhaard,indonverwdocaanw) VALUES('31001','31001','20000101',null,'20000101','20020202','31001','31002',null,null,'993','1','1','false');
INSERT INTO kern.his_persbijhouding (id,pers,dataanvgel,dateindegel,tsreg,tsverval,actieinh,actieverval,nadereaandverval,actieaanpgel,bijhpartij,bijhaard,naderebijhaard,indonverwdocaanw) VALUES('31002','31001','20000101','20020202','20020202',null,'31001',null,null,'31002','993','1','1','false');
INSERT INTO kern.his_persbijhouding (id,pers,dataanvgel,dateindegel,tsreg,tsverval,actieinh,actieverval,nadereaandverval,actieaanpgel,bijhpartij,bijhaard,naderebijhaard,indonverwdocaanw) VALUES('31003','31001','20020202',null,'20020202','20121212','31002','31003',null,null,'302','1','1','false');
INSERT INTO kern.his_persbijhouding (id,pers,dataanvgel,dateindegel,tsreg,tsverval,actieinh,actieverval,nadereaandverval,actieaanpgel,bijhpartij,bijhaard,naderebijhaard,indonverwdocaanw) VALUES('31004','31001','20020202','20121212','20121212',null,'31002',null,null,'31003','302','1','1','false');
INSERT INTO kern.his_persbijhouding (id,pers,dataanvgel,dateindegel,tsreg,tsverval,actieinh,actieverval,nadereaandverval,actieaanpgel,bijhpartij,bijhaard,naderebijhaard,indonverwdocaanw) VALUES('31005','31001','20121212',null,'20121212','20130228','31003','31004',null,null,'347','1','1','false');
INSERT INTO kern.his_persbijhouding (id,pers,dataanvgel,dateindegel,tsreg,tsverval,actieinh,actieverval,nadereaandverval,actieaanpgel,bijhpartij,bijhaard,naderebijhaard,indonverwdocaanw) VALUES('31006','31001','20121212','20130228','20130228',null,'31003',null,null,'31004','347','1','1','false');
INSERT INTO kern.his_persbijhouding (id,pers,dataanvgel,dateindegel,tsreg,tsverval,actieinh,actieverval,nadereaandverval,actieaanpgel,bijhpartij,bijhaard,naderebijhaard,indonverwdocaanw) VALUES('31007','31001','20130228',null,'20130228',null,'31004',null,null,null,'993','1','1','false');

commit;


--------------------------------------------------
--- EIND
--- Sheet: (his_persbijhouding)
--- Handler: SheetHandlerImplSimpleInsert
--- Aantal: (20)
--------------------------------------------------
--------------------------------------------------
--- START
--- Sheet: (-end-)
--- Handler: SheetHandlerImplTimestamp
--------------------------------------------------

begin;

DELETE FROM test.ARTversion;
INSERT INTO test.ARTversion (ID, FullVersion, ReleaseVersion, BuildTimestamp, ExcelTimestamp) VALUES (1, 'TestdataGenerator ${project.version}-r${svnrevision}-b${buildnumber} (${timestamp})','${project.version}','${timestamp}','07-10-2015 16:45:05');

commit;


--------------------------------------------------
--- EIND
--- Sheet: (-end-)
--- Handler: SheetHandlerImplTimestamp
--- Aantal: (1)
--------------------------------------------------
--------------------------------------------------
--- END Generated from: /media/truecrypt1/source/bmr_44/art/art-data/testdata/src/main/resources/brp-testdata/SierraTestdata-Verantwoording.xls
--------------------------------------------------