
--------------------------------------------------
--- START Generated from: /media/truecrypt1/source/bmr_44/art/art-data/testdata/src/main/resources/brp-testdata/SierraTestdata-KUC042-HP.xls
--------------------------------------------------

--------------------------------------------------
--- START
--- Sheet: (pers)
--- Handler: SheetHandlerImplSimpleInsert
--------------------------------------------------

begin;

INSERT INTO kern.pers (id,srt,tslaatstewijz,datgeboorte,gemgeboorte,wplnaamgeboorte,blplaatsgeboorte,blregiogeboorte,landgebiedgeboorte,omslocgeboorte,datoverlijden,gemoverlijden,wplnaamoverlijden,blplaatsoverlijden,blregiooverlijden,landgebiedoverlijden,omslocoverlijden,naderebijhaard,datinschr,versienr,vorigebsn,volgendebsn,naamgebruik,indnaamgebruikafgeleid,predicaatnaamgebruik,voornamennaamgebruik,voorvoegselnaamgebruik,scheidingstekennaamgebruik,adellijketitelnaamgebruik,geslnaamstamnaamgebruik,gempk,indpkvollediggeconv,srtmigratie,rdnwijzmigratie,aangmigratie,landgebiedmigratie,bladresregel1migratie,bladresregel2migratie,bladresregel3migratie,bladresregel4migratie,bladresregel5migratie,bladresregel6migratie,aandverblijfsr,datmededelingverblijfsr,datvoorzeindeverblijfsr,inddeelneuverkiezingen,dataanlaanpdeelneuverkiezing,datvoorzeindeuitsleuverkiezi,predicaat,voornamen,voorvoegsel,scheidingsteken,adellijketitel,geslnaamstam,indnreeks,indafgeleid,bijhpartij,indonverwdocaanw,geslachtsaand,bsn,anr,induitslkiesr,datvoorzeindeuitslkiesr,bijhaard,indonverwbijhvoorstelnieting,dattijdstempel) VALUES('1','1','19811002','19811002','522','Honselersdijk',null,null,'229','omschrijving geboorte locatie Cees',null,null,null,null,null,null,null,'1','19811002','1',null,null,'1','true',null,'Cees',null,'-',null,'Vlag',null,null,null,null,null,null,null,null,null,null,null,null,null,null,null,null,null,null,null,'Cees',null,'-',null,'Vlag','false','true','347','false','1','302533928','1268046023',null,null,'1','false','19811002');
INSERT INTO kern.pers (id,srt,tslaatstewijz,datgeboorte,gemgeboorte,wplnaamgeboorte,blplaatsgeboorte,blregiogeboorte,landgebiedgeboorte,omslocgeboorte,datoverlijden,gemoverlijden,wplnaamoverlijden,blplaatsoverlijden,blregiooverlijden,landgebiedoverlijden,omslocoverlijden,naderebijhaard,datinschr,versienr,vorigebsn,volgendebsn,naamgebruik,indnaamgebruikafgeleid,predicaatnaamgebruik,voornamennaamgebruik,voorvoegselnaamgebruik,scheidingstekennaamgebruik,adellijketitelnaamgebruik,geslnaamstamnaamgebruik,gempk,indpkvollediggeconv,srtmigratie,rdnwijzmigratie,aangmigratie,landgebiedmigratie,bladresregel1migratie,bladresregel2migratie,bladresregel3migratie,bladresregel4migratie,bladresregel5migratie,bladresregel6migratie,aandverblijfsr,datmededelingverblijfsr,datvoorzeindeverblijfsr,inddeelneuverkiezingen,dataanlaanpdeelneuverkiezing,datvoorzeindeuitsleuverkiezi,predicaat,voornamen,voorvoegsel,scheidingsteken,adellijketitel,geslnaamstam,indnreeks,indafgeleid,bijhpartij,indonverwdocaanw,geslachtsaand,bsn,anr,induitslkiesr,datvoorzeindeuitslkiesr,bijhaard,indonverwbijhvoorstelnieting,dattijdstempel) VALUES('2','1','19820528','19820528','522','Honselersdijk',null,null,'229',null,null,null,null,null,null,null,null,'1','19820528','1',null,null,'1','true',null,'Paula','de',null,null,'Prins',null,null,null,null,null,null,null,null,null,null,null,null,null,null,null,null,null,null,null,'Paula','de',null,null,'Prins','false','true','347','false','2','303937828','1285742609',null,null,'1','false','19820528');
INSERT INTO kern.pers (id,srt,tslaatstewijz,datgeboorte,gemgeboorte,wplnaamgeboorte,blplaatsgeboorte,blregiogeboorte,landgebiedgeboorte,omslocgeboorte,datoverlijden,gemoverlijden,wplnaamoverlijden,blplaatsoverlijden,blregiooverlijden,landgebiedoverlijden,omslocoverlijden,naderebijhaard,datinschr,versienr,vorigebsn,volgendebsn,naamgebruik,indnaamgebruikafgeleid,predicaatnaamgebruik,voornamennaamgebruik,voorvoegselnaamgebruik,scheidingstekennaamgebruik,adellijketitelnaamgebruik,geslnaamstamnaamgebruik,gempk,indpkvollediggeconv,srtmigratie,rdnwijzmigratie,aangmigratie,landgebiedmigratie,bladresregel1migratie,bladresregel2migratie,bladresregel3migratie,bladresregel4migratie,bladresregel5migratie,bladresregel6migratie,aandverblijfsr,datmededelingverblijfsr,datvoorzeindeverblijfsr,inddeelneuverkiezingen,dataanlaanpdeelneuverkiezing,datvoorzeindeuitsleuverkiezi,predicaat,voornamen,voorvoegsel,scheidingsteken,adellijketitel,geslnaamstam,indnreeks,indafgeleid,bijhpartij,indonverwdocaanw,geslachtsaand,bsn,anr,induitslkiesr,datvoorzeindeuitslkiesr,bijhaard,indonverwbijhvoorstelnieting,dattijdstempel) VALUES('3','1','19660302','19660302','522','Honselersdijk',null,null,'229',null,null,null,null,null,null,null,null,'1','19660302','1',null,null,'1','true',null,'Christoffel','van der','-',null,'Vermeer',null,null,null,null,null,null,null,null,null,null,null,null,null,null,null,null,null,null,null,'Christoffel','van der','-',null,'Vermeer','false','true','347','false','3','305731828','1251794870',null,null,'1','false','19660302');
INSERT INTO kern.pers (id,srt,tslaatstewijz,datgeboorte,gemgeboorte,wplnaamgeboorte,blplaatsgeboorte,blregiogeboorte,landgebiedgeboorte,omslocgeboorte,datoverlijden,gemoverlijden,wplnaamoverlijden,blplaatsoverlijden,blregiooverlijden,landgebiedoverlijden,omslocoverlijden,naderebijhaard,datinschr,versienr,vorigebsn,volgendebsn,naamgebruik,indnaamgebruikafgeleid,predicaatnaamgebruik,voornamennaamgebruik,voorvoegselnaamgebruik,scheidingstekennaamgebruik,adellijketitelnaamgebruik,geslnaamstamnaamgebruik,gempk,indpkvollediggeconv,srtmigratie,rdnwijzmigratie,aangmigratie,landgebiedmigratie,bladresregel1migratie,bladresregel2migratie,bladresregel3migratie,bladresregel4migratie,bladresregel5migratie,bladresregel6migratie,aandverblijfsr,datmededelingverblijfsr,datvoorzeindeverblijfsr,inddeelneuverkiezingen,dataanlaanpdeelneuverkiezing,datvoorzeindeuitsleuverkiezi,predicaat,voornamen,voorvoegsel,scheidingsteken,adellijketitel,geslnaamstam,indnreeks,indafgeleid,bijhpartij,indonverwdocaanw,geslachtsaand,bsn,anr,induitslkiesr,datvoorzeindeuitslkiesr,bijhaard,indonverwbijhvoorstelnieting,dattijdstempel) VALUES('4','1','19691227','19691227','950','Reijmerstok',null,null,'229',null,null,null,null,null,null,null,null,'1','19691227','1',null,null,'1','true',null,'Eleonora Françoise',null,'-',null,'Crooy',null,null,null,null,null,null,null,null,null,null,null,null,null,null,null,null,null,null,null,'Eleonora Françoise',null,'-',null,'Crooy','false','true','347','false','2','305863927','1279021632',null,null,'1','false','19691227');
INSERT INTO kern.pers (id,srt,tslaatstewijz,datgeboorte,gemgeboorte,wplnaamgeboorte,blplaatsgeboorte,blregiogeboorte,landgebiedgeboorte,omslocgeboorte,datoverlijden,gemoverlijden,wplnaamoverlijden,blplaatsoverlijden,blregiooverlijden,landgebiedoverlijden,omslocoverlijden,naderebijhaard,datinschr,versienr,vorigebsn,volgendebsn,naamgebruik,indnaamgebruikafgeleid,predicaatnaamgebruik,voornamennaamgebruik,voorvoegselnaamgebruik,scheidingstekennaamgebruik,adellijketitelnaamgebruik,geslnaamstamnaamgebruik,gempk,indpkvollediggeconv,srtmigratie,rdnwijzmigratie,aangmigratie,landgebiedmigratie,bladresregel1migratie,bladresregel2migratie,bladresregel3migratie,bladresregel4migratie,bladresregel5migratie,bladresregel6migratie,aandverblijfsr,datmededelingverblijfsr,datvoorzeindeverblijfsr,inddeelneuverkiezingen,dataanlaanpdeelneuverkiezing,datvoorzeindeuitsleuverkiezi,predicaat,voornamen,voorvoegsel,scheidingsteken,adellijketitel,geslnaamstam,indnreeks,indafgeleid,bijhpartij,indonverwdocaanw,geslachtsaand,bsn,anr,induitslkiesr,datvoorzeindeuitslkiesr,bijhaard,indonverwbijhvoorstelnieting,dattijdstempel) VALUES('5','1','19710717','19710717','348','Reijmerstok',null,null,'229',null,null,null,null,null,null,null,null,'1','19710717','1',null,null,'1','true',null,'Albert',null,'-',null,'Laar',null,null,null,null,null,null,null,null,null,null,null,null,null,null,null,null,null,null,null,'Albert',null,'-',null,'Laar','false','true','347','false','1','306867837','1291291421',null,null,'1','false','19710717');
INSERT INTO kern.pers (id,srt,tslaatstewijz,datgeboorte,gemgeboorte,wplnaamgeboorte,blplaatsgeboorte,blregiogeboorte,landgebiedgeboorte,omslocgeboorte,datoverlijden,gemoverlijden,wplnaamoverlijden,blplaatsoverlijden,blregiooverlijden,landgebiedoverlijden,omslocoverlijden,naderebijhaard,datinschr,versienr,vorigebsn,volgendebsn,naamgebruik,indnaamgebruikafgeleid,predicaatnaamgebruik,voornamennaamgebruik,voorvoegselnaamgebruik,scheidingstekennaamgebruik,adellijketitelnaamgebruik,geslnaamstamnaamgebruik,gempk,indpkvollediggeconv,srtmigratie,rdnwijzmigratie,aangmigratie,landgebiedmigratie,bladresregel1migratie,bladresregel2migratie,bladresregel3migratie,bladresregel4migratie,bladresregel5migratie,bladresregel6migratie,aandverblijfsr,datmededelingverblijfsr,datvoorzeindeverblijfsr,inddeelneuverkiezingen,dataanlaanpdeelneuverkiezing,datvoorzeindeuitsleuverkiezi,predicaat,voornamen,voorvoegsel,scheidingsteken,adellijketitel,geslnaamstam,indnreeks,indafgeleid,bijhpartij,indonverwdocaanw,geslachtsaand,bsn,anr,induitslkiesr,datvoorzeindeuitslkiesr,bijhaard,indonverwbijhvoorstelnieting,dattijdstempel) VALUES('6','1','19720928','19720928','522','Honselersdijk',null,null,'229',null,null,null,null,null,null,null,null,'1','19720928','1',null,null,'1','true',null,'Anne-Marie',null,'-',null,'Verheul',null,null,null,null,null,null,null,null,null,null,null,null,null,null,null,null,null,null,null,'Anne-Marie',null,'-',null,'Verheul','false','true','347','false','2','306741817','1270780710',null,null,'1','false','19720928');
INSERT INTO kern.pers (id,srt,tslaatstewijz,datgeboorte,gemgeboorte,wplnaamgeboorte,blplaatsgeboorte,blregiogeboorte,landgebiedgeboorte,omslocgeboorte,datoverlijden,gemoverlijden,wplnaamoverlijden,blplaatsoverlijden,blregiooverlijden,landgebiedoverlijden,omslocoverlijden,naderebijhaard,datinschr,versienr,vorigebsn,volgendebsn,naamgebruik,indnaamgebruikafgeleid,predicaatnaamgebruik,voornamennaamgebruik,voorvoegselnaamgebruik,scheidingstekennaamgebruik,adellijketitelnaamgebruik,geslnaamstamnaamgebruik,gempk,indpkvollediggeconv,srtmigratie,rdnwijzmigratie,aangmigratie,landgebiedmigratie,bladresregel1migratie,bladresregel2migratie,bladresregel3migratie,bladresregel4migratie,bladresregel5migratie,bladresregel6migratie,aandverblijfsr,datmededelingverblijfsr,datvoorzeindeverblijfsr,inddeelneuverkiezingen,dataanlaanpdeelneuverkiezing,datvoorzeindeuitsleuverkiezi,predicaat,voornamen,voorvoegsel,scheidingsteken,adellijketitel,geslnaamstam,indnreeks,indafgeleid,bijhpartij,indonverwdocaanw,geslachtsaand,bsn,anr,induitslkiesr,datvoorzeindeuitslkiesr,bijhaard,indonverwbijhvoorstelnieting,dattijdstempel) VALUES('7','1','19800616','19800616','603','Reijmerstok',null,null,'229',null,null,null,null,null,null,null,null,'1','19800616','1',null,null,'1','true',null,'Henk',null,'-',null,'Vermeulen',null,null,null,null,null,null,null,null,null,null,null,null,null,null,null,null,null,null,null,'Henk',null,'-',null,'Vermeulen','false','true','347','false','1','308853817','1269578796',null,null,'1','false','19800616');
INSERT INTO kern.pers (id,srt,tslaatstewijz,datgeboorte,gemgeboorte,wplnaamgeboorte,blplaatsgeboorte,blregiogeboorte,landgebiedgeboorte,omslocgeboorte,datoverlijden,gemoverlijden,wplnaamoverlijden,blplaatsoverlijden,blregiooverlijden,landgebiedoverlijden,omslocoverlijden,naderebijhaard,datinschr,versienr,vorigebsn,volgendebsn,naamgebruik,indnaamgebruikafgeleid,predicaatnaamgebruik,voornamennaamgebruik,voorvoegselnaamgebruik,scheidingstekennaamgebruik,adellijketitelnaamgebruik,geslnaamstamnaamgebruik,gempk,indpkvollediggeconv,srtmigratie,rdnwijzmigratie,aangmigratie,landgebiedmigratie,bladresregel1migratie,bladresregel2migratie,bladresregel3migratie,bladresregel4migratie,bladresregel5migratie,bladresregel6migratie,aandverblijfsr,datmededelingverblijfsr,datvoorzeindeverblijfsr,inddeelneuverkiezingen,dataanlaanpdeelneuverkiezing,datvoorzeindeuitsleuverkiezi,predicaat,voornamen,voorvoegsel,scheidingsteken,adellijketitel,geslnaamstam,indnreeks,indafgeleid,bijhpartij,indonverwdocaanw,geslachtsaand,bsn,anr,induitslkiesr,datvoorzeindeuitslkiesr,bijhaard,indonverwbijhvoorstelnieting,dattijdstempel) VALUES('8','1','19810418','19810418','974','Reijmerstok',null,null,'229',null,null,null,null,null,null,null,null,'1','19810418','1',null,null,'1','true',null,'Anna Maria Petra',null,'-',null,'Jansma',null,null,null,null,null,null,null,null,null,null,null,null,null,null,null,null,null,null,null,'Anna Maria Petra',null,'-',null,'Jansma','false','true','347','false','2','308869928','1272497326',null,null,'1','false','19810418');
INSERT INTO kern.pers (id,srt,tslaatstewijz,datgeboorte,gemgeboorte,wplnaamgeboorte,blplaatsgeboorte,blregiogeboorte,landgebiedgeboorte,omslocgeboorte,datoverlijden,gemoverlijden,wplnaamoverlijden,blplaatsoverlijden,blregiooverlijden,landgebiedoverlijden,omslocoverlijden,naderebijhaard,datinschr,versienr,vorigebsn,volgendebsn,naamgebruik,indnaamgebruikafgeleid,predicaatnaamgebruik,voornamennaamgebruik,voorvoegselnaamgebruik,scheidingstekennaamgebruik,adellijketitelnaamgebruik,geslnaamstamnaamgebruik,gempk,indpkvollediggeconv,srtmigratie,rdnwijzmigratie,aangmigratie,landgebiedmigratie,bladresregel1migratie,bladresregel2migratie,bladresregel3migratie,bladresregel4migratie,bladresregel5migratie,bladresregel6migratie,aandverblijfsr,datmededelingverblijfsr,datvoorzeindeverblijfsr,inddeelneuverkiezingen,dataanlaanpdeelneuverkiezing,datvoorzeindeuitsleuverkiezi,predicaat,voornamen,voorvoegsel,scheidingsteken,adellijketitel,geslnaamstam,indnreeks,indafgeleid,bijhpartij,indonverwdocaanw,geslachtsaand,bsn,anr,induitslkiesr,datvoorzeindeuitslkiesr,bijhaard,indonverwbijhvoorstelnieting,dattijdstempel) VALUES('9','1','19940101','19940101','348','Reijmerstok',null,null,'229',null,null,null,null,null,null,null,null,'1','19940101','1',null,null,'1','true',null,'Miranda',null,'-',null,'Jansma',null,null,null,null,null,null,null,null,null,null,null,null,null,null,null,null,null,null,null,'Miranda',null,'-',null,'Jansma','false','true','347','false','2','309775838','1205989450',null,null,'1','false','19940101');
INSERT INTO kern.pers (id,srt,tslaatstewijz,datgeboorte,gemgeboorte,wplnaamgeboorte,blplaatsgeboorte,blregiogeboorte,landgebiedgeboorte,omslocgeboorte,datoverlijden,gemoverlijden,wplnaamoverlijden,blplaatsoverlijden,blregiooverlijden,landgebiedoverlijden,omslocoverlijden,naderebijhaard,datinschr,versienr,vorigebsn,volgendebsn,naamgebruik,indnaamgebruikafgeleid,predicaatnaamgebruik,voornamennaamgebruik,voorvoegselnaamgebruik,scheidingstekennaamgebruik,adellijketitelnaamgebruik,geslnaamstamnaamgebruik,gempk,indpkvollediggeconv,srtmigratie,rdnwijzmigratie,aangmigratie,landgebiedmigratie,bladresregel1migratie,bladresregel2migratie,bladresregel3migratie,bladresregel4migratie,bladresregel5migratie,bladresregel6migratie,aandverblijfsr,datmededelingverblijfsr,datvoorzeindeverblijfsr,inddeelneuverkiezingen,dataanlaanpdeelneuverkiezing,datvoorzeindeuitsleuverkiezi,predicaat,voornamen,voorvoegsel,scheidingsteken,adellijketitel,geslnaamstam,indnreeks,indafgeleid,bijhpartij,indonverwdocaanw,geslachtsaand,bsn,anr,induitslkiesr,datvoorzeindeuitslkiesr,bijhaard,indonverwbijhvoorstelnieting,dattijdstempel) VALUES('10','1','19691231','19691231','776','Reijmerstok',null,null,'229',null,null,null,null,null,null,null,null,'1','19691231','1',null,null,'1','true',null,'John','de','-',null,'Bloëmsma',null,null,null,null,null,null,null,null,null,null,null,null,null,null,null,null,null,null,null,'John','de','-',null,'Bloëmsma','false','true','347','false','1','123459849','1285070712',null,null,'1','false','19691231');
INSERT INTO kern.pers (id,srt,tslaatstewijz,datgeboorte,gemgeboorte,wplnaamgeboorte,blplaatsgeboorte,blregiogeboorte,landgebiedgeboorte,omslocgeboorte,datoverlijden,gemoverlijden,wplnaamoverlijden,blplaatsoverlijden,blregiooverlijden,landgebiedoverlijden,omslocoverlijden,naderebijhaard,datinschr,versienr,vorigebsn,volgendebsn,naamgebruik,indnaamgebruikafgeleid,predicaatnaamgebruik,voornamennaamgebruik,voorvoegselnaamgebruik,scheidingstekennaamgebruik,adellijketitelnaamgebruik,geslnaamstamnaamgebruik,gempk,indpkvollediggeconv,srtmigratie,rdnwijzmigratie,aangmigratie,landgebiedmigratie,bladresregel1migratie,bladresregel2migratie,bladresregel3migratie,bladresregel4migratie,bladresregel5migratie,bladresregel6migratie,aandverblijfsr,datmededelingverblijfsr,datvoorzeindeverblijfsr,inddeelneuverkiezingen,dataanlaanpdeelneuverkiezing,datvoorzeindeuitsleuverkiezi,predicaat,voornamen,voorvoegsel,scheidingsteken,adellijketitel,geslnaamstam,indnreeks,indafgeleid,bijhpartij,indonverwdocaanw,geslachtsaand,bsn,anr,induitslkiesr,datvoorzeindeuitslkiesr,bijhaard,indonverwbijhvoorstelnieting,dattijdstempel) VALUES('11','1','19690516','19690516','397','Reijmerstok',null,null,'229',null,null,null,null,null,null,null,null,'1','19690516','1',null,null,'1','true',null,'Dorothea','de','-',null,'Snijder',null,null,null,null,null,null,null,null,null,null,null,null,null,null,null,null,null,null,null,'Dorothea','de','-',null,'Snijder','false','true','347','false','2','912345627','1251593010',null,null,'1','false','19690516');
INSERT INTO kern.pers (id,srt,tslaatstewijz,datgeboorte,gemgeboorte,wplnaamgeboorte,blplaatsgeboorte,blregiogeboorte,landgebiedgeboorte,omslocgeboorte,datoverlijden,gemoverlijden,wplnaamoverlijden,blplaatsoverlijden,blregiooverlijden,landgebiedoverlijden,omslocoverlijden,naderebijhaard,datinschr,versienr,vorigebsn,volgendebsn,naamgebruik,indnaamgebruikafgeleid,predicaatnaamgebruik,voornamennaamgebruik,voorvoegselnaamgebruik,scheidingstekennaamgebruik,adellijketitelnaamgebruik,geslnaamstamnaamgebruik,gempk,indpkvollediggeconv,srtmigratie,rdnwijzmigratie,aangmigratie,landgebiedmigratie,bladresregel1migratie,bladresregel2migratie,bladresregel3migratie,bladresregel4migratie,bladresregel5migratie,bladresregel6migratie,aandverblijfsr,datmededelingverblijfsr,datvoorzeindeverblijfsr,inddeelneuverkiezingen,dataanlaanpdeelneuverkiezing,datvoorzeindeuitsleuverkiezi,predicaat,voornamen,voorvoegsel,scheidingsteken,adellijketitel,geslnaamstam,indnreeks,indafgeleid,bijhpartij,indonverwdocaanw,geslachtsaand,bsn,anr,induitslkiesr,datvoorzeindeuitslkiesr,bijhaard,indonverwbijhvoorstelnieting,dattijdstempel) VALUES('12','1','19771210','19771210','397','Reijmerstok',null,null,'229',null,null,null,null,null,null,null,null,'1','19771210','1',null,null,'1','true',null,'Bas',null,'-',null,'Cuykelaer',null,null,null,null,null,null,null,null,null,null,null,null,null,null,null,null,null,null,null,'Bas',null,'-',null,'Cuykelaer','false','true','347','false','1','301571818','1241031054',null,null,'1','false','19771210');
INSERT INTO kern.pers (id,srt,tslaatstewijz,datgeboorte,gemgeboorte,wplnaamgeboorte,blplaatsgeboorte,blregiogeboorte,landgebiedgeboorte,omslocgeboorte,datoverlijden,gemoverlijden,wplnaamoverlijden,blplaatsoverlijden,blregiooverlijden,landgebiedoverlijden,omslocoverlijden,naderebijhaard,datinschr,versienr,vorigebsn,volgendebsn,naamgebruik,indnaamgebruikafgeleid,predicaatnaamgebruik,voornamennaamgebruik,voorvoegselnaamgebruik,scheidingstekennaamgebruik,adellijketitelnaamgebruik,geslnaamstamnaamgebruik,gempk,indpkvollediggeconv,srtmigratie,rdnwijzmigratie,aangmigratie,landgebiedmigratie,bladresregel1migratie,bladresregel2migratie,bladresregel3migratie,bladresregel4migratie,bladresregel5migratie,bladresregel6migratie,aandverblijfsr,datmededelingverblijfsr,datvoorzeindeverblijfsr,inddeelneuverkiezingen,dataanlaanpdeelneuverkiezing,datvoorzeindeuitsleuverkiezi,predicaat,voornamen,voorvoegsel,scheidingsteken,adellijketitel,geslnaamstam,indnreeks,indafgeleid,bijhpartij,indonverwdocaanw,geslachtsaand,bsn,anr,induitslkiesr,datvoorzeindeuitslkiesr,bijhaard,indonverwbijhvoorstelnieting,dattijdstempel) VALUES('13','1','19550602','19550602','396','Reijmerstok',null,null,'229',null,null,null,null,null,null,null,null,'1','19550602','1',null,null,'1','true',null,'Hendrika Isabella Gerarda Johanna','van','-',null,'Roos',null,null,null,null,null,null,null,null,null,null,null,null,null,null,null,null,null,null,null,'Hendrika Isabella Gerarda Johanna','van','-',null,'Roos','false','true','347','false','2','912345664','1267948132',null,null,'1','false','19550602');
INSERT INTO kern.pers (id,srt,tslaatstewijz,datgeboorte,gemgeboorte,wplnaamgeboorte,blplaatsgeboorte,blregiogeboorte,landgebiedgeboorte,omslocgeboorte,datoverlijden,gemoverlijden,wplnaamoverlijden,blplaatsoverlijden,blregiooverlijden,landgebiedoverlijden,omslocoverlijden,naderebijhaard,datinschr,versienr,vorigebsn,volgendebsn,naamgebruik,indnaamgebruikafgeleid,predicaatnaamgebruik,voornamennaamgebruik,voorvoegselnaamgebruik,scheidingstekennaamgebruik,adellijketitelnaamgebruik,geslnaamstamnaamgebruik,gempk,indpkvollediggeconv,srtmigratie,rdnwijzmigratie,aangmigratie,landgebiedmigratie,bladresregel1migratie,bladresregel2migratie,bladresregel3migratie,bladresregel4migratie,bladresregel5migratie,bladresregel6migratie,aandverblijfsr,datmededelingverblijfsr,datvoorzeindeverblijfsr,inddeelneuverkiezingen,dataanlaanpdeelneuverkiezing,datvoorzeindeuitsleuverkiezi,predicaat,voornamen,voorvoegsel,scheidingsteken,adellijketitel,geslnaamstam,indnreeks,indafgeleid,bijhpartij,indonverwdocaanw,geslachtsaand,bsn,anr,induitslkiesr,datvoorzeindeuitslkiesr,bijhaard,indonverwbijhvoorstelnieting,dattijdstempel) VALUES('14','1','19780611','19780611','251','Reijmerstok',null,null,'229',null,'20111111','397','Vlodrop',null,null,'229',null,'4','19780611','1',null,null,'1','true',null,'Jan',null,'-',null,'Moes',null,null,null,null,null,null,null,null,null,null,null,null,null,null,null,null,null,null,null,'Jan',null,'-',null,'Moes','false','true','347','false','1','912345603','1269603065',null,null,'1','false','19780611');
INSERT INTO kern.pers (id,srt,tslaatstewijz,datgeboorte,gemgeboorte,wplnaamgeboorte,blplaatsgeboorte,blregiogeboorte,landgebiedgeboorte,omslocgeboorte,datoverlijden,gemoverlijden,wplnaamoverlijden,blplaatsoverlijden,blregiooverlijden,landgebiedoverlijden,omslocoverlijden,naderebijhaard,datinschr,versienr,vorigebsn,volgendebsn,naamgebruik,indnaamgebruikafgeleid,predicaatnaamgebruik,voornamennaamgebruik,voorvoegselnaamgebruik,scheidingstekennaamgebruik,adellijketitelnaamgebruik,geslnaamstamnaamgebruik,gempk,indpkvollediggeconv,srtmigratie,rdnwijzmigratie,aangmigratie,landgebiedmigratie,bladresregel1migratie,bladresregel2migratie,bladresregel3migratie,bladresregel4migratie,bladresregel5migratie,bladresregel6migratie,aandverblijfsr,datmededelingverblijfsr,datvoorzeindeverblijfsr,inddeelneuverkiezingen,dataanlaanpdeelneuverkiezing,datvoorzeindeuitsleuverkiezi,predicaat,voornamen,voorvoegsel,scheidingsteken,adellijketitel,geslnaamstam,indnreeks,indafgeleid,bijhpartij,indonverwdocaanw,geslachtsaand,bsn,anr,induitslkiesr,datvoorzeindeuitslkiesr,bijhaard,indonverwbijhvoorstelnieting,dattijdstempel) VALUES('15','1','19880425','19880425','522','Honselersdijk',null,null,'229',null,null,null,null,null,null,null,null,'1','19880425','1',null,null,'1','true',null,'Petronella',null,'-',null,'Brest naar Kempen',null,null,null,null,null,null,null,null,null,null,null,null,null,null,null,null,null,null,null,'Petronella',null,'-',null,'Brest naar Kempen','false','true','347','false','2','304637828','1280670419',null,null,'1','false','19880425');
INSERT INTO kern.pers (id,srt,tslaatstewijz,datgeboorte,gemgeboorte,wplnaamgeboorte,blplaatsgeboorte,blregiogeboorte,landgebiedgeboorte,omslocgeboorte,datoverlijden,gemoverlijden,wplnaamoverlijden,blplaatsoverlijden,blregiooverlijden,landgebiedoverlijden,omslocoverlijden,naderebijhaard,datinschr,versienr,vorigebsn,volgendebsn,naamgebruik,indnaamgebruikafgeleid,predicaatnaamgebruik,voornamennaamgebruik,voorvoegselnaamgebruik,scheidingstekennaamgebruik,adellijketitelnaamgebruik,geslnaamstamnaamgebruik,gempk,indpkvollediggeconv,srtmigratie,rdnwijzmigratie,aangmigratie,landgebiedmigratie,bladresregel1migratie,bladresregel2migratie,bladresregel3migratie,bladresregel4migratie,bladresregel5migratie,bladresregel6migratie,aandverblijfsr,datmededelingverblijfsr,datvoorzeindeverblijfsr,inddeelneuverkiezingen,dataanlaanpdeelneuverkiezing,datvoorzeindeuitsleuverkiezi,predicaat,voornamen,voorvoegsel,scheidingsteken,adellijketitel,geslnaamstam,indnreeks,indafgeleid,bijhpartij,indonverwdocaanw,geslachtsaand,bsn,anr,induitslkiesr,datvoorzeindeuitslkiesr,bijhaard,indonverwbijhvoorstelnieting,dattijdstempel) VALUES('16','1','19881210','19881210','1267','Reijmerstok',null,null,'229',null,null,null,null,null,null,null,null,'1','19881210','1',null,null,'1','true',null,'Maria Christina',null,'-',null,'Ophuijsen',null,null,null,null,null,null,null,null,null,null,null,null,null,null,null,null,null,null,null,'Maria Christina',null,'-',null,'Ophuijsen','false','true','347','false','2','301953818','1280498060',null,null,'1','false','19881210');
INSERT INTO kern.pers (id,srt,tslaatstewijz,datgeboorte,gemgeboorte,wplnaamgeboorte,blplaatsgeboorte,blregiogeboorte,landgebiedgeboorte,omslocgeboorte,datoverlijden,gemoverlijden,wplnaamoverlijden,blplaatsoverlijden,blregiooverlijden,landgebiedoverlijden,omslocoverlijden,naderebijhaard,datinschr,versienr,vorigebsn,volgendebsn,naamgebruik,indnaamgebruikafgeleid,predicaatnaamgebruik,voornamennaamgebruik,voorvoegselnaamgebruik,scheidingstekennaamgebruik,adellijketitelnaamgebruik,geslnaamstamnaamgebruik,gempk,indpkvollediggeconv,srtmigratie,rdnwijzmigratie,aangmigratie,landgebiedmigratie,bladresregel1migratie,bladresregel2migratie,bladresregel3migratie,bladresregel4migratie,bladresregel5migratie,bladresregel6migratie,aandverblijfsr,datmededelingverblijfsr,datvoorzeindeverblijfsr,inddeelneuverkiezingen,dataanlaanpdeelneuverkiezing,datvoorzeindeuitsleuverkiezi,predicaat,voornamen,voorvoegsel,scheidingsteken,adellijketitel,geslnaamstam,indnreeks,indafgeleid,bijhpartij,indonverwdocaanw,geslachtsaand,bsn,anr,induitslkiesr,datvoorzeindeuitslkiesr,bijhaard,indonverwbijhvoorstelnieting,dattijdstempel) VALUES('17','1','19960523','19960523','91','Wolsum',null,null,'229',null,null,null,null,null,null,null,null,'1','19960523','1',null,null,'1','true',null,'Pieter',null,'-',null,'Addams',null,null,null,null,null,null,null,null,null,null,null,null,null,null,null,null,null,null,null,'Pieter',null,'-',null,'Addams','false','true','347','false','1','200442193','1276365793',null,null,'1','false','19960523');
INSERT INTO kern.pers (id,srt,tslaatstewijz,datgeboorte,gemgeboorte,wplnaamgeboorte,blplaatsgeboorte,blregiogeboorte,landgebiedgeboorte,omslocgeboorte,datoverlijden,gemoverlijden,wplnaamoverlijden,blplaatsoverlijden,blregiooverlijden,landgebiedoverlijden,omslocoverlijden,naderebijhaard,datinschr,versienr,vorigebsn,volgendebsn,naamgebruik,indnaamgebruikafgeleid,predicaatnaamgebruik,voornamennaamgebruik,voorvoegselnaamgebruik,scheidingstekennaamgebruik,adellijketitelnaamgebruik,geslnaamstamnaamgebruik,gempk,indpkvollediggeconv,srtmigratie,rdnwijzmigratie,aangmigratie,landgebiedmigratie,bladresregel1migratie,bladresregel2migratie,bladresregel3migratie,bladresregel4migratie,bladresregel5migratie,bladresregel6migratie,aandverblijfsr,datmededelingverblijfsr,datvoorzeindeverblijfsr,inddeelneuverkiezingen,dataanlaanpdeelneuverkiezing,datvoorzeindeuitsleuverkiezi,predicaat,voornamen,voorvoegsel,scheidingsteken,adellijketitel,geslnaamstam,indnreeks,indafgeleid,bijhpartij,indonverwdocaanw,geslachtsaand,bsn,anr,induitslkiesr,datvoorzeindeuitslkiesr,bijhaard,indonverwbijhvoorstelnieting,dattijdstempel) VALUES('18','1','19941005','19941005','780','Etten-Leur',null,null,'229',null,null,null,null,null,null,null,null,'1','19941005','1',null,null,'1','true',null,'Petronellaatje',null,'-',null,'Verhoeven',null,null,null,null,null,null,null,null,null,null,null,null,null,null,null,null,null,null,null,'Petronellaatje',null,'-',null,'Verhoeven','false','true','347','false','2','695544457','1209234524',null,null,'1','false','19941005');
INSERT INTO kern.pers (id,srt,tslaatstewijz,datgeboorte,gemgeboorte,wplnaamgeboorte,blplaatsgeboorte,blregiogeboorte,landgebiedgeboorte,omslocgeboorte,datoverlijden,gemoverlijden,wplnaamoverlijden,blplaatsoverlijden,blregiooverlijden,landgebiedoverlijden,omslocoverlijden,naderebijhaard,datinschr,versienr,vorigebsn,volgendebsn,naamgebruik,indnaamgebruikafgeleid,predicaatnaamgebruik,voornamennaamgebruik,voorvoegselnaamgebruik,scheidingstekennaamgebruik,adellijketitelnaamgebruik,geslnaamstamnaamgebruik,gempk,indpkvollediggeconv,srtmigratie,rdnwijzmigratie,aangmigratie,landgebiedmigratie,bladresregel1migratie,bladresregel2migratie,bladresregel3migratie,bladresregel4migratie,bladresregel5migratie,bladresregel6migratie,aandverblijfsr,datmededelingverblijfsr,datvoorzeindeverblijfsr,inddeelneuverkiezingen,dataanlaanpdeelneuverkiezing,datvoorzeindeuitsleuverkiezi,predicaat,voornamen,voorvoegsel,scheidingsteken,adellijketitel,geslnaamstam,indnreeks,indafgeleid,bijhpartij,indonverwdocaanw,geslachtsaand,bsn,anr,induitslkiesr,datvoorzeindeuitslkiesr,bijhaard,indonverwbijhvoorstelnieting,dattijdstempel) VALUES('19','1','19941005','19941005','615','Witteveen',null,null,'229',null,null,null,null,null,null,null,null,'1','19941005','1',null,null,'1','true',null,'Sanne','de','-',null,'Slot',null,null,null,null,null,null,null,null,null,null,null,null,null,null,null,null,null,null,null,'Sanne','de','-',null,'Slot','false','true','347','false','2','749262217','1252081937',null,null,'1','false','19941005');
INSERT INTO kern.pers (id,srt,tslaatstewijz,datgeboorte,gemgeboorte,wplnaamgeboorte,blplaatsgeboorte,blregiogeboorte,landgebiedgeboorte,omslocgeboorte,datoverlijden,gemoverlijden,wplnaamoverlijden,blplaatsoverlijden,blregiooverlijden,landgebiedoverlijden,omslocoverlijden,naderebijhaard,datinschr,versienr,vorigebsn,volgendebsn,naamgebruik,indnaamgebruikafgeleid,predicaatnaamgebruik,voornamennaamgebruik,voorvoegselnaamgebruik,scheidingstekennaamgebruik,adellijketitelnaamgebruik,geslnaamstamnaamgebruik,gempk,indpkvollediggeconv,srtmigratie,rdnwijzmigratie,aangmigratie,landgebiedmigratie,bladresregel1migratie,bladresregel2migratie,bladresregel3migratie,bladresregel4migratie,bladresregel5migratie,bladresregel6migratie,aandverblijfsr,datmededelingverblijfsr,datvoorzeindeverblijfsr,inddeelneuverkiezingen,dataanlaanpdeelneuverkiezing,datvoorzeindeuitsleuverkiezi,predicaat,voornamen,voorvoegsel,scheidingsteken,adellijketitel,geslnaamstam,indnreeks,indafgeleid,bijhpartij,indonverwdocaanw,geslachtsaand,bsn,anr,induitslkiesr,datvoorzeindeuitslkiesr,bijhaard,indonverwbijhvoorstelnieting,dattijdstempel) VALUES('20','1','19760103','19760103','625','Vlaardingen',null,null,'229',null,null,null,null,null,null,null,null,'1','19760103','1',null,null,'1','true',null,'Hanna','van','-',null,'Guirten',null,null,null,null,null,null,null,null,null,null,null,null,null,null,null,null,null,null,null,'Hanna','van','-',null,'Guirten','false','true','347','false','2','917483273','1286294245',null,null,'1','false','19760103');
INSERT INTO kern.pers (id,srt,tslaatstewijz,datgeboorte,gemgeboorte,wplnaamgeboorte,blplaatsgeboorte,blregiogeboorte,landgebiedgeboorte,omslocgeboorte,datoverlijden,gemoverlijden,wplnaamoverlijden,blplaatsoverlijden,blregiooverlijden,landgebiedoverlijden,omslocoverlijden,naderebijhaard,datinschr,versienr,vorigebsn,volgendebsn,naamgebruik,indnaamgebruikafgeleid,predicaatnaamgebruik,voornamennaamgebruik,voorvoegselnaamgebruik,scheidingstekennaamgebruik,adellijketitelnaamgebruik,geslnaamstamnaamgebruik,gempk,indpkvollediggeconv,srtmigratie,rdnwijzmigratie,aangmigratie,landgebiedmigratie,bladresregel1migratie,bladresregel2migratie,bladresregel3migratie,bladresregel4migratie,bladresregel5migratie,bladresregel6migratie,aandverblijfsr,datmededelingverblijfsr,datvoorzeindeverblijfsr,inddeelneuverkiezingen,dataanlaanpdeelneuverkiezing,datvoorzeindeuitsleuverkiezi,predicaat,voornamen,voorvoegsel,scheidingsteken,adellijketitel,geslnaamstam,indnreeks,indafgeleid,bijhpartij,indonverwdocaanw,geslachtsaand,bsn,anr,induitslkiesr,datvoorzeindeuitslkiesr,bijhaard,indonverwbijhvoorstelnieting,dattijdstempel) VALUES('21','1','19961003','19961003','345','Soest',null,null,'229',null,null,null,null,null,null,null,null,'1','19961003','1',null,null,'1','true',null,'Sander','ter','-',null,'Stassen',null,null,null,null,null,null,null,null,null,null,null,null,null,null,null,null,null,null,null,'Sander','ter','-',null,'Stassen','false','true','347','false','1','832288329','1273043418',null,null,'1','false','19961003');
INSERT INTO kern.pers (id,srt,tslaatstewijz,datgeboorte,gemgeboorte,wplnaamgeboorte,blplaatsgeboorte,blregiogeboorte,landgebiedgeboorte,omslocgeboorte,datoverlijden,gemoverlijden,wplnaamoverlijden,blplaatsoverlijden,blregiooverlijden,landgebiedoverlijden,omslocoverlijden,naderebijhaard,datinschr,versienr,vorigebsn,volgendebsn,naamgebruik,indnaamgebruikafgeleid,predicaatnaamgebruik,voornamennaamgebruik,voorvoegselnaamgebruik,scheidingstekennaamgebruik,adellijketitelnaamgebruik,geslnaamstamnaamgebruik,gempk,indpkvollediggeconv,srtmigratie,rdnwijzmigratie,aangmigratie,landgebiedmigratie,bladresregel1migratie,bladresregel2migratie,bladresregel3migratie,bladresregel4migratie,bladresregel5migratie,bladresregel6migratie,aandverblijfsr,datmededelingverblijfsr,datvoorzeindeverblijfsr,inddeelneuverkiezingen,dataanlaanpdeelneuverkiezing,datvoorzeindeuitsleuverkiezi,predicaat,voornamen,voorvoegsel,scheidingsteken,adellijketitel,geslnaamstam,indnreeks,indafgeleid,bijhpartij,indonverwdocaanw,geslachtsaand,bsn,anr,induitslkiesr,datvoorzeindeuitslkiesr,bijhaard,indonverwbijhvoorstelnieting,dattijdstempel) VALUES('22','1','19951003','19951003','625','Vlaardingen',null,null,'229',null,null,null,null,null,null,null,null,'1','19951003','1',null,null,'1','true',null,'Ellen','van','-',null,'Zon',null,null,null,null,null,null,null,null,null,null,null,null,null,null,null,null,null,null,null,'Ellen','van','-',null,'Zon','false','true','347','false','2','495117225','1218539545',null,null,'1','false','19951003');
INSERT INTO kern.pers (id,srt,tslaatstewijz,datgeboorte,gemgeboorte,wplnaamgeboorte,blplaatsgeboorte,blregiogeboorte,landgebiedgeboorte,omslocgeboorte,datoverlijden,gemoverlijden,wplnaamoverlijden,blplaatsoverlijden,blregiooverlijden,landgebiedoverlijden,omslocoverlijden,naderebijhaard,datinschr,versienr,vorigebsn,volgendebsn,naamgebruik,indnaamgebruikafgeleid,predicaatnaamgebruik,voornamennaamgebruik,voorvoegselnaamgebruik,scheidingstekennaamgebruik,adellijketitelnaamgebruik,geslnaamstamnaamgebruik,gempk,indpkvollediggeconv,srtmigratie,rdnwijzmigratie,aangmigratie,landgebiedmigratie,bladresregel1migratie,bladresregel2migratie,bladresregel3migratie,bladresregel4migratie,bladresregel5migratie,bladresregel6migratie,aandverblijfsr,datmededelingverblijfsr,datvoorzeindeverblijfsr,inddeelneuverkiezingen,dataanlaanpdeelneuverkiezing,datvoorzeindeuitsleuverkiezi,predicaat,voornamen,voorvoegsel,scheidingsteken,adellijketitel,geslnaamstam,indnreeks,indafgeleid,bijhpartij,indonverwdocaanw,geslachtsaand,bsn,anr,induitslkiesr,datvoorzeindeuitslkiesr,bijhaard,indonverwbijhvoorstelnieting,dattijdstempel) VALUES('23','1','19941003','19941003','365','Hellendoorn',null,null,'229',null,null,null,null,null,null,null,null,'1','19941003','1',null,null,'1','true',null,'Christian','van','-',null,'Verhaar',null,null,null,null,null,null,null,null,null,null,null,null,null,null,null,null,null,null,null,'Christian','van','-',null,'Verhaar','false','true','347','false','1','659281673','1215301602',null,null,'1','false','19941003');
INSERT INTO kern.pers (id,srt,tslaatstewijz,datgeboorte,gemgeboorte,wplnaamgeboorte,blplaatsgeboorte,blregiogeboorte,landgebiedgeboorte,omslocgeboorte,datoverlijden,gemoverlijden,wplnaamoverlijden,blplaatsoverlijden,blregiooverlijden,landgebiedoverlijden,omslocoverlijden,naderebijhaard,datinschr,versienr,vorigebsn,volgendebsn,naamgebruik,indnaamgebruikafgeleid,predicaatnaamgebruik,voornamennaamgebruik,voorvoegselnaamgebruik,scheidingstekennaamgebruik,adellijketitelnaamgebruik,geslnaamstamnaamgebruik,gempk,indpkvollediggeconv,srtmigratie,rdnwijzmigratie,aangmigratie,landgebiedmigratie,bladresregel1migratie,bladresregel2migratie,bladresregel3migratie,bladresregel4migratie,bladresregel5migratie,bladresregel6migratie,aandverblijfsr,datmededelingverblijfsr,datvoorzeindeverblijfsr,inddeelneuverkiezingen,dataanlaanpdeelneuverkiezing,datvoorzeindeuitsleuverkiezi,predicaat,voornamen,voorvoegsel,scheidingsteken,adellijketitel,geslnaamstam,indnreeks,indafgeleid,bijhpartij,indonverwdocaanw,geslachtsaand,bsn,anr,induitslkiesr,datvoorzeindeuitslkiesr,bijhaard,indonverwbijhvoorstelnieting,dattijdstempel) VALUES('24','1','19770401','19770401','365','Hellendoorn',null,null,'229',null,null,null,null,null,null,null,null,'1','19770401','1',null,null,'1','true',null,'Anja','de','-',null,'Klaassen',null,null,null,null,null,null,null,null,null,null,null,null,null,null,null,null,null,null,null,'Anja','de','-',null,'Klaassen','false','true','347','false','2','646324809','1230697456',null,null,'1','false','19770401');
INSERT INTO kern.pers (id,srt,tslaatstewijz,datgeboorte,gemgeboorte,wplnaamgeboorte,blplaatsgeboorte,blregiogeboorte,landgebiedgeboorte,omslocgeboorte,datoverlijden,gemoverlijden,wplnaamoverlijden,blplaatsoverlijden,blregiooverlijden,landgebiedoverlijden,omslocoverlijden,naderebijhaard,datinschr,versienr,vorigebsn,volgendebsn,naamgebruik,indnaamgebruikafgeleid,predicaatnaamgebruik,voornamennaamgebruik,voorvoegselnaamgebruik,scheidingstekennaamgebruik,adellijketitelnaamgebruik,geslnaamstamnaamgebruik,gempk,indpkvollediggeconv,srtmigratie,rdnwijzmigratie,aangmigratie,landgebiedmigratie,bladresregel1migratie,bladresregel2migratie,bladresregel3migratie,bladresregel4migratie,bladresregel5migratie,bladresregel6migratie,aandverblijfsr,datmededelingverblijfsr,datvoorzeindeverblijfsr,inddeelneuverkiezingen,dataanlaanpdeelneuverkiezing,datvoorzeindeuitsleuverkiezi,predicaat,voornamen,voorvoegsel,scheidingsteken,adellijketitel,geslnaamstam,indnreeks,indafgeleid,bijhpartij,indonverwdocaanw,geslachtsaand,bsn,anr,induitslkiesr,datvoorzeindeuitslkiesr,bijhaard,indonverwbijhvoorstelnieting,dattijdstempel) VALUES('25','1','19880611','19880611','91','Wolsum',null,null,'229',null,null,null,null,null,null,null,null,'1','19880611','1',null,null,'1','true',null,'Karel',null,'-',null,'Valstar',null,null,null,null,null,null,null,null,null,null,null,null,null,null,null,null,null,null,null,'Karel',null,'-',null,'Valstar','false','true','347','false','1','572603241','1275620636',null,null,'1','false','19880611');
INSERT INTO kern.pers (id,srt,tslaatstewijz,datgeboorte,gemgeboorte,wplnaamgeboorte,blplaatsgeboorte,blregiogeboorte,landgebiedgeboorte,omslocgeboorte,datoverlijden,gemoverlijden,wplnaamoverlijden,blplaatsoverlijden,blregiooverlijden,landgebiedoverlijden,omslocoverlijden,naderebijhaard,datinschr,versienr,vorigebsn,volgendebsn,naamgebruik,indnaamgebruikafgeleid,predicaatnaamgebruik,voornamennaamgebruik,voorvoegselnaamgebruik,scheidingstekennaamgebruik,adellijketitelnaamgebruik,geslnaamstamnaamgebruik,gempk,indpkvollediggeconv,srtmigratie,rdnwijzmigratie,aangmigratie,landgebiedmigratie,bladresregel1migratie,bladresregel2migratie,bladresregel3migratie,bladresregel4migratie,bladresregel5migratie,bladresregel6migratie,aandverblijfsr,datmededelingverblijfsr,datvoorzeindeverblijfsr,inddeelneuverkiezingen,dataanlaanpdeelneuverkiezing,datvoorzeindeuitsleuverkiezi,predicaat,voornamen,voorvoegsel,scheidingsteken,adellijketitel,geslnaamstam,indnreeks,indafgeleid,bijhpartij,indonverwdocaanw,geslachtsaand,bsn,anr,induitslkiesr,datvoorzeindeuitslkiesr,bijhaard,indonverwbijhvoorstelnieting,dattijdstempel) VALUES('26','1','19910721','19910721','365','Hellendoorn',null,null,'229',null,null,null,null,null,null,null,null,'1','19910721','1',null,null,'1','true',null,'Helen','ter','-',null,'Botje',null,null,null,null,null,null,null,null,null,null,null,null,null,null,null,null,null,null,null,'Helen','ter','-',null,'Botje','false','true','347','false','2','929159561','1253627486',null,null,'1','false','19910721');
INSERT INTO kern.pers (id,srt,tslaatstewijz,datgeboorte,gemgeboorte,wplnaamgeboorte,blplaatsgeboorte,blregiogeboorte,landgebiedgeboorte,omslocgeboorte,datoverlijden,gemoverlijden,wplnaamoverlijden,blplaatsoverlijden,blregiooverlijden,landgebiedoverlijden,omslocoverlijden,naderebijhaard,datinschr,versienr,vorigebsn,volgendebsn,naamgebruik,indnaamgebruikafgeleid,predicaatnaamgebruik,voornamennaamgebruik,voorvoegselnaamgebruik,scheidingstekennaamgebruik,adellijketitelnaamgebruik,geslnaamstamnaamgebruik,gempk,indpkvollediggeconv,srtmigratie,rdnwijzmigratie,aangmigratie,landgebiedmigratie,bladresregel1migratie,bladresregel2migratie,bladresregel3migratie,bladresregel4migratie,bladresregel5migratie,bladresregel6migratie,aandverblijfsr,datmededelingverblijfsr,datvoorzeindeverblijfsr,inddeelneuverkiezingen,dataanlaanpdeelneuverkiezing,datvoorzeindeuitsleuverkiezi,predicaat,voornamen,voorvoegsel,scheidingsteken,adellijketitel,geslnaamstam,indnreeks,indafgeleid,bijhpartij,indonverwdocaanw,geslachtsaand,bsn,anr,induitslkiesr,datvoorzeindeuitslkiesr,bijhaard,indonverwbijhvoorstelnieting,dattijdstempel) VALUES('27','1','19910911','19910911','625','Vlaardingen',null,null,'229',null,null,null,null,null,null,null,null,'1','19910911','1',null,null,'1','true',null,'Sander',null,'-',null,'Karlson',null,null,null,null,null,null,null,null,null,null,null,null,null,null,null,null,null,null,null,'Sander',null,'-',null,'Karlson','false','true','347','false','1','668300681','1219290810',null,null,'1','false','19910911');
INSERT INTO kern.pers (id,srt,tslaatstewijz,datgeboorte,gemgeboorte,wplnaamgeboorte,blplaatsgeboorte,blregiogeboorte,landgebiedgeboorte,omslocgeboorte,datoverlijden,gemoverlijden,wplnaamoverlijden,blplaatsoverlijden,blregiooverlijden,landgebiedoverlijden,omslocoverlijden,naderebijhaard,datinschr,versienr,vorigebsn,volgendebsn,naamgebruik,indnaamgebruikafgeleid,predicaatnaamgebruik,voornamennaamgebruik,voorvoegselnaamgebruik,scheidingstekennaamgebruik,adellijketitelnaamgebruik,geslnaamstamnaamgebruik,gempk,indpkvollediggeconv,srtmigratie,rdnwijzmigratie,aangmigratie,landgebiedmigratie,bladresregel1migratie,bladresregel2migratie,bladresregel3migratie,bladresregel4migratie,bladresregel5migratie,bladresregel6migratie,aandverblijfsr,datmededelingverblijfsr,datvoorzeindeverblijfsr,inddeelneuverkiezingen,dataanlaanpdeelneuverkiezing,datvoorzeindeuitsleuverkiezi,predicaat,voornamen,voorvoegsel,scheidingsteken,adellijketitel,geslnaamstam,indnreeks,indafgeleid,bijhpartij,indonverwdocaanw,geslachtsaand,bsn,anr,induitslkiesr,datvoorzeindeuitslkiesr,bijhaard,indonverwbijhvoorstelnieting,dattijdstempel) VALUES('28','1','19900722','19900722','625','Vlaardingen',null,null,'229',null,null,null,null,null,null,null,null,'1','19900722','1',null,null,'1','true',null,'Violet','van','-',null,'Hoog',null,null,null,null,null,null,null,null,null,null,null,null,null,null,null,null,null,null,null,'Violet','van','-',null,'Hoog','false','true','347','false','2','503811762','1249798531',null,null,'1','false','19900722');
INSERT INTO kern.pers (id,srt,tslaatstewijz,datgeboorte,gemgeboorte,wplnaamgeboorte,blplaatsgeboorte,blregiogeboorte,landgebiedgeboorte,omslocgeboorte,datoverlijden,gemoverlijden,wplnaamoverlijden,blplaatsoverlijden,blregiooverlijden,landgebiedoverlijden,omslocoverlijden,naderebijhaard,datinschr,versienr,vorigebsn,volgendebsn,naamgebruik,indnaamgebruikafgeleid,predicaatnaamgebruik,voornamennaamgebruik,voorvoegselnaamgebruik,scheidingstekennaamgebruik,adellijketitelnaamgebruik,geslnaamstamnaamgebruik,gempk,indpkvollediggeconv,srtmigratie,rdnwijzmigratie,aangmigratie,landgebiedmigratie,bladresregel1migratie,bladresregel2migratie,bladresregel3migratie,bladresregel4migratie,bladresregel5migratie,bladresregel6migratie,aandverblijfsr,datmededelingverblijfsr,datvoorzeindeverblijfsr,inddeelneuverkiezingen,dataanlaanpdeelneuverkiezing,datvoorzeindeuitsleuverkiezi,predicaat,voornamen,voorvoegsel,scheidingsteken,adellijketitel,geslnaamstam,indnreeks,indafgeleid,bijhpartij,indonverwdocaanw,geslachtsaand,bsn,anr,induitslkiesr,datvoorzeindeuitslkiesr,bijhaard,indonverwbijhvoorstelnieting,dattijdstempel) VALUES('29','1','19200430','19200430','1239','Ouwerkerk',null,null,'229',null,null,null,null,null,null,null,null,'1','19200430','1',null,null,'1','true',null,'Violet',null,'-',null,'Karlson',null,null,null,null,null,null,null,null,null,null,null,null,null,null,null,null,null,null,null,'Violetta',null,'-',null,'Karlson','false','true','2','false','2','204747569','1275296714',null,null,'1','false','19200430');
INSERT INTO kern.pers (id,srt,tslaatstewijz,datgeboorte,gemgeboorte,wplnaamgeboorte,blplaatsgeboorte,blregiogeboorte,landgebiedgeboorte,omslocgeboorte,datoverlijden,gemoverlijden,wplnaamoverlijden,blplaatsoverlijden,blregiooverlijden,landgebiedoverlijden,omslocoverlijden,naderebijhaard,datinschr,versienr,vorigebsn,volgendebsn,naamgebruik,indnaamgebruikafgeleid,predicaatnaamgebruik,voornamennaamgebruik,voorvoegselnaamgebruik,scheidingstekennaamgebruik,adellijketitelnaamgebruik,geslnaamstamnaamgebruik,gempk,indpkvollediggeconv,srtmigratie,rdnwijzmigratie,aangmigratie,landgebiedmigratie,bladresregel1migratie,bladresregel2migratie,bladresregel3migratie,bladresregel4migratie,bladresregel5migratie,bladresregel6migratie,aandverblijfsr,datmededelingverblijfsr,datvoorzeindeverblijfsr,inddeelneuverkiezingen,dataanlaanpdeelneuverkiezing,datvoorzeindeuitsleuverkiezi,predicaat,voornamen,voorvoegsel,scheidingsteken,adellijketitel,geslnaamstam,indnreeks,indafgeleid,bijhpartij,indonverwdocaanw,geslachtsaand,bsn,anr,induitslkiesr,datvoorzeindeuitslkiesr,bijhaard,indonverwbijhvoorstelnieting,dattijdstempel) VALUES('30','1','19220419','19220419','1239','Ouwerkerk',null,null,'229',null,null,null,null,null,null,null,null,'1','19220419','1',null,null,'1','true',null,'Tanja','de','-',null,'Vlonder',null,null,null,null,null,null,null,null,null,null,null,null,null,null,null,null,null,null,null,'Tanja','de','-',null,'Vlonder','false','true','347','false','2','846514953','1273512098',null,null,'1','false','19220419');
INSERT INTO kern.pers (id,srt,tslaatstewijz,datgeboorte,gemgeboorte,wplnaamgeboorte,blplaatsgeboorte,blregiogeboorte,landgebiedgeboorte,omslocgeboorte,datoverlijden,gemoverlijden,wplnaamoverlijden,blplaatsoverlijden,blregiooverlijden,landgebiedoverlijden,omslocoverlijden,naderebijhaard,datinschr,versienr,vorigebsn,volgendebsn,naamgebruik,indnaamgebruikafgeleid,predicaatnaamgebruik,voornamennaamgebruik,voorvoegselnaamgebruik,scheidingstekennaamgebruik,adellijketitelnaamgebruik,geslnaamstamnaamgebruik,gempk,indpkvollediggeconv,srtmigratie,rdnwijzmigratie,aangmigratie,landgebiedmigratie,bladresregel1migratie,bladresregel2migratie,bladresregel3migratie,bladresregel4migratie,bladresregel5migratie,bladresregel6migratie,aandverblijfsr,datmededelingverblijfsr,datvoorzeindeverblijfsr,inddeelneuverkiezingen,dataanlaanpdeelneuverkiezing,datvoorzeindeuitsleuverkiezi,predicaat,voornamen,voorvoegsel,scheidingsteken,adellijketitel,geslnaamstam,indnreeks,indafgeleid,bijhpartij,indonverwdocaanw,geslachtsaand,bsn,anr,induitslkiesr,datvoorzeindeuitslkiesr,bijhaard,indonverwbijhvoorstelnieting,dattijdstempel) VALUES('31','1','19920219','19920219','977','Koningsbosch',null,null,'229',null,null,null,null,null,null,null,null,'1','19920219','1',null,null,'1','true',null,'Berend','de','-',null,'Zatte',null,null,null,null,null,null,null,null,null,null,null,null,null,null,null,null,null,null,null,'Berend','de','-',null,'Zatte','false','true','347','false','1','793521865','1203747072',null,null,'1','false','19920219');
INSERT INTO kern.pers (id,srt,tslaatstewijz,datgeboorte,gemgeboorte,wplnaamgeboorte,blplaatsgeboorte,blregiogeboorte,landgebiedgeboorte,omslocgeboorte,datoverlijden,gemoverlijden,wplnaamoverlijden,blplaatsoverlijden,blregiooverlijden,landgebiedoverlijden,omslocoverlijden,naderebijhaard,datinschr,versienr,vorigebsn,volgendebsn,naamgebruik,indnaamgebruikafgeleid,predicaatnaamgebruik,voornamennaamgebruik,voorvoegselnaamgebruik,scheidingstekennaamgebruik,adellijketitelnaamgebruik,geslnaamstamnaamgebruik,gempk,indpkvollediggeconv,srtmigratie,rdnwijzmigratie,aangmigratie,landgebiedmigratie,bladresregel1migratie,bladresregel2migratie,bladresregel3migratie,bladresregel4migratie,bladresregel5migratie,bladresregel6migratie,aandverblijfsr,datmededelingverblijfsr,datvoorzeindeverblijfsr,inddeelneuverkiezingen,dataanlaanpdeelneuverkiezing,datvoorzeindeuitsleuverkiezi,predicaat,voornamen,voorvoegsel,scheidingsteken,adellijketitel,geslnaamstam,indnreeks,indafgeleid,bijhpartij,indonverwdocaanw,geslachtsaand,bsn,anr,induitslkiesr,datvoorzeindeuitslkiesr,bijhaard,indonverwbijhvoorstelnieting,dattijdstempel) VALUES('32','1','19510923','19510923','522','Honselersdijk',null,null,'229',null,null,null,null,null,null,null,null,'1','19510923','1',null,null,'1','true',null,'Mike',null,'-',null,'Stuurman',null,null,null,null,null,null,null,null,null,null,null,null,null,null,null,null,null,null,null,'Mike',null,'-',null,'Stuurman','false','true','347','false','1','334030249','1247876739',null,null,'1','false','19510923');
INSERT INTO kern.pers (id,srt,tslaatstewijz,datgeboorte,gemgeboorte,wplnaamgeboorte,blplaatsgeboorte,blregiogeboorte,landgebiedgeboorte,omslocgeboorte,datoverlijden,gemoverlijden,wplnaamoverlijden,blplaatsoverlijden,blregiooverlijden,landgebiedoverlijden,omslocoverlijden,naderebijhaard,datinschr,versienr,vorigebsn,volgendebsn,naamgebruik,indnaamgebruikafgeleid,predicaatnaamgebruik,voornamennaamgebruik,voorvoegselnaamgebruik,scheidingstekennaamgebruik,adellijketitelnaamgebruik,geslnaamstamnaamgebruik,gempk,indpkvollediggeconv,srtmigratie,rdnwijzmigratie,aangmigratie,landgebiedmigratie,bladresregel1migratie,bladresregel2migratie,bladresregel3migratie,bladresregel4migratie,bladresregel5migratie,bladresregel6migratie,aandverblijfsr,datmededelingverblijfsr,datvoorzeindeverblijfsr,inddeelneuverkiezingen,dataanlaanpdeelneuverkiezing,datvoorzeindeuitsleuverkiezi,predicaat,voornamen,voorvoegsel,scheidingsteken,adellijketitel,geslnaamstam,indnreeks,indafgeleid,bijhpartij,indonverwdocaanw,geslachtsaand,bsn,anr,induitslkiesr,datvoorzeindeuitslkiesr,bijhaard,indonverwbijhvoorstelnieting,dattijdstempel) VALUES('33','1','19531116','19531116','506','Scherpenzeel',null,null,'229',null,null,null,null,null,null,null,null,'1','19531116','1',null,null,'1','true',null,'Sanne','de','-',null,'Vriend',null,null,null,null,null,null,null,null,null,null,null,null,null,null,null,null,null,null,null,'Sanne','de','-',null,'Vriend','false','true','347','false','2','804980809','1240828521',null,null,'1','false','19531116');
INSERT INTO kern.pers (id,srt,tslaatstewijz,datgeboorte,gemgeboorte,wplnaamgeboorte,blplaatsgeboorte,blregiogeboorte,landgebiedgeboorte,omslocgeboorte,datoverlijden,gemoverlijden,wplnaamoverlijden,blplaatsoverlijden,blregiooverlijden,landgebiedoverlijden,omslocoverlijden,naderebijhaard,datinschr,versienr,vorigebsn,volgendebsn,naamgebruik,indnaamgebruikafgeleid,predicaatnaamgebruik,voornamennaamgebruik,voorvoegselnaamgebruik,scheidingstekennaamgebruik,adellijketitelnaamgebruik,geslnaamstamnaamgebruik,gempk,indpkvollediggeconv,srtmigratie,rdnwijzmigratie,aangmigratie,landgebiedmigratie,bladresregel1migratie,bladresregel2migratie,bladresregel3migratie,bladresregel4migratie,bladresregel5migratie,bladresregel6migratie,aandverblijfsr,datmededelingverblijfsr,datvoorzeindeverblijfsr,inddeelneuverkiezingen,dataanlaanpdeelneuverkiezing,datvoorzeindeuitsleuverkiezi,predicaat,voornamen,voorvoegsel,scheidingsteken,adellijketitel,geslnaamstam,indnreeks,indafgeleid,bijhpartij,indonverwdocaanw,geslachtsaand,bsn,anr,induitslkiesr,datvoorzeindeuitslkiesr,bijhaard,indonverwbijhvoorstelnieting,dattijdstempel) VALUES('34','1','19390402','19390402','403','Egmond-Binnen',null,null,'229',null,null,null,null,null,null,null,null,'1','19390402','1',null,null,'1','true',null,'Josje','de','-',null,'Renner',null,null,null,null,null,null,null,null,null,null,null,null,null,null,null,null,null,null,null,'Josje','de','-',null,'Renner','false','true','347','false','2','607628169','1261651795',null,null,'1','false','19390402');
INSERT INTO kern.pers (id,srt,tslaatstewijz,datgeboorte,gemgeboorte,wplnaamgeboorte,blplaatsgeboorte,blregiogeboorte,landgebiedgeboorte,omslocgeboorte,datoverlijden,gemoverlijden,wplnaamoverlijden,blplaatsoverlijden,blregiooverlijden,landgebiedoverlijden,omslocoverlijden,naderebijhaard,datinschr,versienr,vorigebsn,volgendebsn,naamgebruik,indnaamgebruikafgeleid,predicaatnaamgebruik,voornamennaamgebruik,voorvoegselnaamgebruik,scheidingstekennaamgebruik,adellijketitelnaamgebruik,geslnaamstamnaamgebruik,gempk,indpkvollediggeconv,srtmigratie,rdnwijzmigratie,aangmigratie,landgebiedmigratie,bladresregel1migratie,bladresregel2migratie,bladresregel3migratie,bladresregel4migratie,bladresregel5migratie,bladresregel6migratie,aandverblijfsr,datmededelingverblijfsr,datvoorzeindeverblijfsr,inddeelneuverkiezingen,dataanlaanpdeelneuverkiezing,datvoorzeindeuitsleuverkiezi,predicaat,voornamen,voorvoegsel,scheidingsteken,adellijketitel,geslnaamstam,indnreeks,indafgeleid,bijhpartij,indonverwdocaanw,geslachtsaand,bsn,anr,induitslkiesr,datvoorzeindeuitslkiesr,bijhaard,indonverwbijhvoorstelnieting,dattijdstempel) VALUES('35','1','19841203','19841203','342','Delft',null,null,'229',null,null,null,null,null,null,null,null,'1','19841203','1',null,null,'1','true',null,'Anna','de','-',null,'Muurbloem',null,null,null,null,null,null,null,null,null,null,null,null,null,null,null,null,null,null,null,'Anna','de','-',null,'Muurbloem','false','true','347','false','2','257845161','1265417093',null,null,'1','false','19841203');
INSERT INTO kern.pers (id,srt,tslaatstewijz,datgeboorte,gemgeboorte,wplnaamgeboorte,blplaatsgeboorte,blregiogeboorte,landgebiedgeboorte,omslocgeboorte,datoverlijden,gemoverlijden,wplnaamoverlijden,blplaatsoverlijden,blregiooverlijden,landgebiedoverlijden,omslocoverlijden,naderebijhaard,datinschr,versienr,vorigebsn,volgendebsn,naamgebruik,indnaamgebruikafgeleid,predicaatnaamgebruik,voornamennaamgebruik,voorvoegselnaamgebruik,scheidingstekennaamgebruik,adellijketitelnaamgebruik,geslnaamstamnaamgebruik,gempk,indpkvollediggeconv,srtmigratie,rdnwijzmigratie,aangmigratie,landgebiedmigratie,bladresregel1migratie,bladresregel2migratie,bladresregel3migratie,bladresregel4migratie,bladresregel5migratie,bladresregel6migratie,aandverblijfsr,datmededelingverblijfsr,datvoorzeindeverblijfsr,inddeelneuverkiezingen,dataanlaanpdeelneuverkiezing,datvoorzeindeuitsleuverkiezi,predicaat,voornamen,voorvoegsel,scheidingsteken,adellijketitel,geslnaamstam,indnreeks,indafgeleid,bijhpartij,indonverwdocaanw,geslachtsaand,bsn,anr,induitslkiesr,datvoorzeindeuitslkiesr,bijhaard,indonverwbijhvoorstelnieting,dattijdstempel) VALUES('36','1','19851011','19851011','342','Delft',null,null,'229',null,null,null,null,null,null,null,null,'1','19851011','1',null,null,'1','true',null,'Gerard',null,'-',null,'Appelo',null,null,null,null,null,null,null,null,null,null,null,null,null,null,null,null,null,null,null,'Gerard',null,'-',null,'Appelo','false','true','347','false','1','478499401','1245635719',null,null,'1','false','19851011');
INSERT INTO kern.pers (id,srt,tslaatstewijz,datgeboorte,gemgeboorte,wplnaamgeboorte,blplaatsgeboorte,blregiogeboorte,landgebiedgeboorte,omslocgeboorte,datoverlijden,gemoverlijden,wplnaamoverlijden,blplaatsoverlijden,blregiooverlijden,landgebiedoverlijden,omslocoverlijden,naderebijhaard,datinschr,versienr,vorigebsn,volgendebsn,naamgebruik,indnaamgebruikafgeleid,predicaatnaamgebruik,voornamennaamgebruik,voorvoegselnaamgebruik,scheidingstekennaamgebruik,adellijketitelnaamgebruik,geslnaamstamnaamgebruik,gempk,indpkvollediggeconv,srtmigratie,rdnwijzmigratie,aangmigratie,landgebiedmigratie,bladresregel1migratie,bladresregel2migratie,bladresregel3migratie,bladresregel4migratie,bladresregel5migratie,bladresregel6migratie,aandverblijfsr,datmededelingverblijfsr,datvoorzeindeverblijfsr,inddeelneuverkiezingen,dataanlaanpdeelneuverkiezing,datvoorzeindeuitsleuverkiezi,predicaat,voornamen,voorvoegsel,scheidingsteken,adellijketitel,geslnaamstam,indnreeks,indafgeleid,bijhpartij,indonverwdocaanw,geslachtsaand,bsn,anr,induitslkiesr,datvoorzeindeuitslkiesr,bijhaard,indonverwbijhvoorstelnieting,dattijdstempel) VALUES('37','1','20050112','20050112','91','Wolsum',null,null,'229',null,null,null,null,null,null,null,null,'1','20050112','1',null,null,'1','true',null,'Albert',null,'-',null,'Appel',null,null,null,null,null,null,null,null,null,null,null,null,null,null,null,null,null,null,null,'Albert',null,'-',null,'Appel','false','true','347','false','1','923292809','1245948547',null,null,'1','false','20050112');
INSERT INTO kern.pers (id,srt,tslaatstewijz,datgeboorte,gemgeboorte,wplnaamgeboorte,blplaatsgeboorte,blregiogeboorte,landgebiedgeboorte,omslocgeboorte,datoverlijden,gemoverlijden,wplnaamoverlijden,blplaatsoverlijden,blregiooverlijden,landgebiedoverlijden,omslocoverlijden,naderebijhaard,datinschr,versienr,vorigebsn,volgendebsn,naamgebruik,indnaamgebruikafgeleid,predicaatnaamgebruik,voornamennaamgebruik,voorvoegselnaamgebruik,scheidingstekennaamgebruik,adellijketitelnaamgebruik,geslnaamstamnaamgebruik,gempk,indpkvollediggeconv,srtmigratie,rdnwijzmigratie,aangmigratie,landgebiedmigratie,bladresregel1migratie,bladresregel2migratie,bladresregel3migratie,bladresregel4migratie,bladresregel5migratie,bladresregel6migratie,aandverblijfsr,datmededelingverblijfsr,datvoorzeindeverblijfsr,inddeelneuverkiezingen,dataanlaanpdeelneuverkiezing,datvoorzeindeuitsleuverkiezi,predicaat,voornamen,voorvoegsel,scheidingsteken,adellijketitel,geslnaamstam,indnreeks,indafgeleid,bijhpartij,indonverwdocaanw,geslachtsaand,bsn,anr,induitslkiesr,datvoorzeindeuitslkiesr,bijhaard,indonverwbijhvoorstelnieting,dattijdstempel) VALUES('38','1','20051201','20051201','96','Twello',null,null,'229',null,null,null,null,null,null,null,null,'1','20051201','1',null,null,'1','true',null,'Marijke','ter','-',null,'Aar',null,null,null,null,null,null,null,null,null,null,null,null,null,null,null,null,null,null,null,'Marijke','ter','-',null,'Aar','false','true','347','false','2','968092937','1269414790',null,null,'1','false','20051201');
INSERT INTO kern.pers (id,srt,tslaatstewijz,datgeboorte,gemgeboorte,wplnaamgeboorte,blplaatsgeboorte,blregiogeboorte,landgebiedgeboorte,omslocgeboorte,datoverlijden,gemoverlijden,wplnaamoverlijden,blplaatsoverlijden,blregiooverlijden,landgebiedoverlijden,omslocoverlijden,naderebijhaard,datinschr,versienr,vorigebsn,volgendebsn,naamgebruik,indnaamgebruikafgeleid,predicaatnaamgebruik,voornamennaamgebruik,voorvoegselnaamgebruik,scheidingstekennaamgebruik,adellijketitelnaamgebruik,geslnaamstamnaamgebruik,gempk,indpkvollediggeconv,srtmigratie,rdnwijzmigratie,aangmigratie,landgebiedmigratie,bladresregel1migratie,bladresregel2migratie,bladresregel3migratie,bladresregel4migratie,bladresregel5migratie,bladresregel6migratie,aandverblijfsr,datmededelingverblijfsr,datvoorzeindeverblijfsr,inddeelneuverkiezingen,dataanlaanpdeelneuverkiezing,datvoorzeindeuitsleuverkiezi,predicaat,voornamen,voorvoegsel,scheidingsteken,adellijketitel,geslnaamstam,indnreeks,indafgeleid,bijhpartij,indonverwdocaanw,geslachtsaand,bsn,anr,induitslkiesr,datvoorzeindeuitslkiesr,bijhaard,indonverwbijhvoorstelnieting,dattijdstempel) VALUES('39','1','20050112','20050112','63','Zevenbergschen Hoek',null,null,'229',null,null,null,null,null,null,null,null,'1','20050112','1',null,null,'1','true',null,'Geerte','in het','-',null,'Veld',null,null,null,null,null,null,null,null,null,null,null,null,null,null,null,null,null,null,null,'Geerte','in het','-',null,'Veld','false','true','347','false','2','118028959','1269738936',null,null,'1','false','20050112');
INSERT INTO kern.pers (id,srt,tslaatstewijz,datgeboorte,gemgeboorte,wplnaamgeboorte,blplaatsgeboorte,blregiogeboorte,landgebiedgeboorte,omslocgeboorte,datoverlijden,gemoverlijden,wplnaamoverlijden,blplaatsoverlijden,blregiooverlijden,landgebiedoverlijden,omslocoverlijden,naderebijhaard,datinschr,versienr,vorigebsn,volgendebsn,naamgebruik,indnaamgebruikafgeleid,predicaatnaamgebruik,voornamennaamgebruik,voorvoegselnaamgebruik,scheidingstekennaamgebruik,adellijketitelnaamgebruik,geslnaamstamnaamgebruik,gempk,indpkvollediggeconv,srtmigratie,rdnwijzmigratie,aangmigratie,landgebiedmigratie,bladresregel1migratie,bladresregel2migratie,bladresregel3migratie,bladresregel4migratie,bladresregel5migratie,bladresregel6migratie,aandverblijfsr,datmededelingverblijfsr,datvoorzeindeverblijfsr,inddeelneuverkiezingen,dataanlaanpdeelneuverkiezing,datvoorzeindeuitsleuverkiezi,predicaat,voornamen,voorvoegsel,scheidingsteken,adellijketitel,geslnaamstam,indnreeks,indafgeleid,bijhpartij,indonverwdocaanw,geslachtsaand,bsn,anr,induitslkiesr,datvoorzeindeuitslkiesr,bijhaard,indonverwbijhvoorstelnieting,dattijdstempel) VALUES('40','1','20051201','20051201','99','Tuitjenhorn',null,null,'229',null,null,null,null,null,null,null,null,'1','20051201','1',null,null,'1','true',null,'Gert','van','-',null,'Penderloo',null,null,null,null,null,null,null,null,null,null,null,null,null,null,null,null,null,null,null,'Gert','van','-',null,'Penderloo','false','true','347','false','1','219383145','1270759652',null,null,'1','false','20051201');
INSERT INTO kern.pers (id,srt,tslaatstewijz,datgeboorte,gemgeboorte,wplnaamgeboorte,blplaatsgeboorte,blregiogeboorte,landgebiedgeboorte,omslocgeboorte,datoverlijden,gemoverlijden,wplnaamoverlijden,blplaatsoverlijden,blregiooverlijden,landgebiedoverlijden,omslocoverlijden,naderebijhaard,datinschr,versienr,vorigebsn,volgendebsn,naamgebruik,indnaamgebruikafgeleid,predicaatnaamgebruik,voornamennaamgebruik,voorvoegselnaamgebruik,scheidingstekennaamgebruik,adellijketitelnaamgebruik,geslnaamstamnaamgebruik,gempk,indpkvollediggeconv,srtmigratie,rdnwijzmigratie,aangmigratie,landgebiedmigratie,bladresregel1migratie,bladresregel2migratie,bladresregel3migratie,bladresregel4migratie,bladresregel5migratie,bladresregel6migratie,aandverblijfsr,datmededelingverblijfsr,datvoorzeindeverblijfsr,inddeelneuverkiezingen,dataanlaanpdeelneuverkiezing,datvoorzeindeuitsleuverkiezi,predicaat,voornamen,voorvoegsel,scheidingsteken,adellijketitel,geslnaamstam,indnreeks,indafgeleid,bijhpartij,indonverwdocaanw,geslachtsaand,bsn,anr,induitslkiesr,datvoorzeindeuitslkiesr,bijhaard,indonverwbijhvoorstelnieting,dattijdstempel) VALUES('41','1','19680809','19680809','99','Tuitjenhorn',null,null,'229',null,null,null,null,null,null,null,null,'7','19680809','1',null,null,'1','true',null,'Gijs','de','-',null,'Bakker',null,null,null,null,null,null,null,null,null,null,null,null,null,null,null,null,null,null,null,'Gijs','de','-',null,'Bakker','false','true','347','false','1','617617545','1239862549',null,null,'1','false','19680809');
INSERT INTO kern.pers (id,srt,tslaatstewijz,datgeboorte,gemgeboorte,wplnaamgeboorte,blplaatsgeboorte,blregiogeboorte,landgebiedgeboorte,omslocgeboorte,datoverlijden,gemoverlijden,wplnaamoverlijden,blplaatsoverlijden,blregiooverlijden,landgebiedoverlijden,omslocoverlijden,naderebijhaard,datinschr,versienr,vorigebsn,volgendebsn,naamgebruik,indnaamgebruikafgeleid,predicaatnaamgebruik,voornamennaamgebruik,voorvoegselnaamgebruik,scheidingstekennaamgebruik,adellijketitelnaamgebruik,geslnaamstamnaamgebruik,gempk,indpkvollediggeconv,srtmigratie,rdnwijzmigratie,aangmigratie,landgebiedmigratie,bladresregel1migratie,bladresregel2migratie,bladresregel3migratie,bladresregel4migratie,bladresregel5migratie,bladresregel6migratie,aandverblijfsr,datmededelingverblijfsr,datvoorzeindeverblijfsr,inddeelneuverkiezingen,dataanlaanpdeelneuverkiezing,datvoorzeindeuitsleuverkiezi,predicaat,voornamen,voorvoegsel,scheidingsteken,adellijketitel,geslnaamstam,indnreeks,indafgeleid,bijhpartij,indonverwdocaanw,geslachtsaand,bsn,anr,induitslkiesr,datvoorzeindeuitslkiesr,bijhaard,indonverwbijhvoorstelnieting,dattijdstempel) VALUES('42','1','19580921','19580921','91','Wolsum',null,null,'229',null,null,null,null,null,null,null,null,'1','19580921','1',null,null,'1','true',null,'Guido',null,'-',null,'Karlson',null,null,null,null,null,null,null,null,null,null,null,null,null,null,null,null,null,null,null,'Guido',null,'-',null,'Karlson','false','true','347','false','1','266512665','1251842801',null,null,'1','false','19580921');
INSERT INTO kern.pers (id,srt,tslaatstewijz,datgeboorte,gemgeboorte,wplnaamgeboorte,blplaatsgeboorte,blregiogeboorte,landgebiedgeboorte,omslocgeboorte,datoverlijden,gemoverlijden,wplnaamoverlijden,blplaatsoverlijden,blregiooverlijden,landgebiedoverlijden,omslocoverlijden,naderebijhaard,datinschr,versienr,vorigebsn,volgendebsn,naamgebruik,indnaamgebruikafgeleid,predicaatnaamgebruik,voornamennaamgebruik,voorvoegselnaamgebruik,scheidingstekennaamgebruik,adellijketitelnaamgebruik,geslnaamstamnaamgebruik,gempk,indpkvollediggeconv,srtmigratie,rdnwijzmigratie,aangmigratie,landgebiedmigratie,bladresregel1migratie,bladresregel2migratie,bladresregel3migratie,bladresregel4migratie,bladresregel5migratie,bladresregel6migratie,aandverblijfsr,datmededelingverblijfsr,datvoorzeindeverblijfsr,inddeelneuverkiezingen,dataanlaanpdeelneuverkiezing,datvoorzeindeuitsleuverkiezi,predicaat,voornamen,voorvoegsel,scheidingsteken,adellijketitel,geslnaamstam,indnreeks,indafgeleid,bijhpartij,indonverwdocaanw,geslachtsaand,bsn,anr,induitslkiesr,datvoorzeindeuitslkiesr,bijhaard,indonverwbijhvoorstelnieting,dattijdstempel) VALUES('43','1','19951004','19951004','91','Wolsum',null,null,'229',null,null,null,null,null,null,null,null,'1','19951004','1',null,null,'1','true',null,'Annemieke','ter','-',null,'Nater',null,null,null,null,null,null,null,null,null,null,null,null,null,null,null,null,null,null,null,'Annemieke','ter','-',null,'Nater','false','true','347','false','2','978072777','1240947637',null,null,'1','false','19951004');
INSERT INTO kern.pers (id,srt,tslaatstewijz,datgeboorte,gemgeboorte,wplnaamgeboorte,blplaatsgeboorte,blregiogeboorte,landgebiedgeboorte,omslocgeboorte,datoverlijden,gemoverlijden,wplnaamoverlijden,blplaatsoverlijden,blregiooverlijden,landgebiedoverlijden,omslocoverlijden,naderebijhaard,datinschr,versienr,vorigebsn,volgendebsn,naamgebruik,indnaamgebruikafgeleid,predicaatnaamgebruik,voornamennaamgebruik,voorvoegselnaamgebruik,scheidingstekennaamgebruik,adellijketitelnaamgebruik,geslnaamstamnaamgebruik,gempk,indpkvollediggeconv,srtmigratie,rdnwijzmigratie,aangmigratie,landgebiedmigratie,bladresregel1migratie,bladresregel2migratie,bladresregel3migratie,bladresregel4migratie,bladresregel5migratie,bladresregel6migratie,aandverblijfsr,datmededelingverblijfsr,datvoorzeindeverblijfsr,inddeelneuverkiezingen,dataanlaanpdeelneuverkiezing,datvoorzeindeuitsleuverkiezi,predicaat,voornamen,voorvoegsel,scheidingsteken,adellijketitel,geslnaamstam,indnreeks,indafgeleid,bijhpartij,indonverwdocaanw,geslachtsaand,bsn,anr,induitslkiesr,datvoorzeindeuitslkiesr,bijhaard,indonverwbijhvoorstelnieting,dattijdstempel) VALUES('44','1','20051201','20051201','365','Hellendoorn',null,null,'229',null,null,null,null,null,null,null,null,'1','20051201','1',null,null,'1','true',null,'Maarten','van','-',null,'Hoog',null,null,null,null,null,null,null,null,null,null,null,null,null,null,null,null,null,null,null,'Maarten','van','-',null,'Hoog','false','true','347','false','1','183020169','1262716436',null,null,'1','false','20051201');
INSERT INTO kern.pers (id,srt,tslaatstewijz,datgeboorte,gemgeboorte,wplnaamgeboorte,blplaatsgeboorte,blregiogeboorte,landgebiedgeboorte,omslocgeboorte,datoverlijden,gemoverlijden,wplnaamoverlijden,blplaatsoverlijden,blregiooverlijden,landgebiedoverlijden,omslocoverlijden,naderebijhaard,datinschr,versienr,vorigebsn,volgendebsn,naamgebruik,indnaamgebruikafgeleid,predicaatnaamgebruik,voornamennaamgebruik,voorvoegselnaamgebruik,scheidingstekennaamgebruik,adellijketitelnaamgebruik,geslnaamstamnaamgebruik,gempk,indpkvollediggeconv,srtmigratie,rdnwijzmigratie,aangmigratie,landgebiedmigratie,bladresregel1migratie,bladresregel2migratie,bladresregel3migratie,bladresregel4migratie,bladresregel5migratie,bladresregel6migratie,aandverblijfsr,datmededelingverblijfsr,datvoorzeindeverblijfsr,inddeelneuverkiezingen,dataanlaanpdeelneuverkiezing,datvoorzeindeuitsleuverkiezi,predicaat,voornamen,voorvoegsel,scheidingsteken,adellijketitel,geslnaamstam,indnreeks,indafgeleid,bijhpartij,indonverwdocaanw,geslachtsaand,bsn,anr,induitslkiesr,datvoorzeindeuitslkiesr,bijhaard,indonverwbijhvoorstelnieting,dattijdstempel) VALUES('45','1','20050112','20050112','365','Hellendoorn',null,null,'229',null,null,null,null,null,null,null,null,'1','20050112','1',null,null,'1','true',null,'Marion','de','-',null,'Hoop',null,null,null,null,null,null,null,null,null,null,null,null,null,null,null,null,null,null,null,'Marion','de','-',null,'Hoop','false','true','347','false','2','871518089','1252097327',null,null,'1','false','20050112');

commit;


--------------------------------------------------
--- EIND
--- Sheet: (pers)
--- Handler: SheetHandlerImplSimpleInsert
--- Aantal: (45)
--------------------------------------------------
--------------------------------------------------
--- Sheet: (1) (ouders...) wordt overgeslagen
--------------------------------------------------
--------------------------------------------------
--- START
--- Sheet: (admhnd)
--- Handler: SheetHandlerImplSimpleInsert
--------------------------------------------------

begin;

INSERT INTO kern.admhnd (id,srt,partij,toelichtingontlening,tsreg) VALUES('1','1','2000',null,'20100318');
INSERT INTO kern.admhnd (id,srt,partij,toelichtingontlening,tsreg) VALUES('2','1','2000',null,'20100318');
INSERT INTO kern.admhnd (id,srt,partij,toelichtingontlening,tsreg) VALUES('3','1','2000',null,'20100318');
INSERT INTO kern.admhnd (id,srt,partij,toelichtingontlening,tsreg) VALUES('4','1','2000',null,'20100318');
INSERT INTO kern.admhnd (id,srt,partij,toelichtingontlening,tsreg) VALUES('5','1','2000',null,'20100318');
INSERT INTO kern.admhnd (id,srt,partij,toelichtingontlening,tsreg) VALUES('6','1','2000',null,'20100318');
INSERT INTO kern.admhnd (id,srt,partij,toelichtingontlening,tsreg) VALUES('7','1','2000',null,'20100318');
INSERT INTO kern.admhnd (id,srt,partij,toelichtingontlening,tsreg) VALUES('8','1','2000',null,'20100318');
INSERT INTO kern.admhnd (id,srt,partij,toelichtingontlening,tsreg) VALUES('9','1','2000',null,'20100318');
INSERT INTO kern.admhnd (id,srt,partij,toelichtingontlening,tsreg) VALUES('10','1','2000',null,'20100318');
INSERT INTO kern.admhnd (id,srt,partij,toelichtingontlening,tsreg) VALUES('11','1','2000',null,'20100318');
INSERT INTO kern.admhnd (id,srt,partij,toelichtingontlening,tsreg) VALUES('12','1','2000',null,'20100318');
INSERT INTO kern.admhnd (id,srt,partij,toelichtingontlening,tsreg) VALUES('13','1','2000',null,'20100318');
INSERT INTO kern.admhnd (id,srt,partij,toelichtingontlening,tsreg) VALUES('14','1','2000',null,'20100318');
INSERT INTO kern.admhnd (id,srt,partij,toelichtingontlening,tsreg) VALUES('15','1','2000',null,'20100318');
INSERT INTO kern.admhnd (id,srt,partij,toelichtingontlening,tsreg) VALUES('16','1','2000',null,'20100318');
INSERT INTO kern.admhnd (id,srt,partij,toelichtingontlening,tsreg) VALUES('17','1','2000',null,'20100318');
INSERT INTO kern.admhnd (id,srt,partij,toelichtingontlening,tsreg) VALUES('18','1','2000',null,'20100318');
INSERT INTO kern.admhnd (id,srt,partij,toelichtingontlening,tsreg) VALUES('19','1','2000',null,'20100318');
INSERT INTO kern.admhnd (id,srt,partij,toelichtingontlening,tsreg) VALUES('20','1','2000',null,'20100318');
INSERT INTO kern.admhnd (id,srt,partij,toelichtingontlening,tsreg) VALUES('21','1','2000',null,'20100318');
INSERT INTO kern.admhnd (id,srt,partij,toelichtingontlening,tsreg) VALUES('22','1','2000',null,'20100318');
INSERT INTO kern.admhnd (id,srt,partij,toelichtingontlening,tsreg) VALUES('23','1','2000',null,'20100318');
INSERT INTO kern.admhnd (id,srt,partij,toelichtingontlening,tsreg) VALUES('24','1','2000',null,'20100318');
INSERT INTO kern.admhnd (id,srt,partij,toelichtingontlening,tsreg) VALUES('25','1','2000',null,'20100318');
INSERT INTO kern.admhnd (id,srt,partij,toelichtingontlening,tsreg) VALUES('26','1','2000',null,'20100318');
INSERT INTO kern.admhnd (id,srt,partij,toelichtingontlening,tsreg) VALUES('27','1','2000',null,'20100318');
INSERT INTO kern.admhnd (id,srt,partij,toelichtingontlening,tsreg) VALUES('28','1','2000',null,'20100318');
INSERT INTO kern.admhnd (id,srt,partij,toelichtingontlening,tsreg) VALUES('29','1','2000',null,'20100318');
INSERT INTO kern.admhnd (id,srt,partij,toelichtingontlening,tsreg) VALUES('30','1','2000',null,'1922-04-19 00:00:00+00');
INSERT INTO kern.admhnd (id,srt,partij,toelichtingontlening,tsreg) VALUES('31','1','2000',null,'20100318');
INSERT INTO kern.admhnd (id,srt,partij,toelichtingontlening,tsreg) VALUES('32','1','2000',null,'20100318');
INSERT INTO kern.admhnd (id,srt,partij,toelichtingontlening,tsreg) VALUES('33','1','2000',null,'20100318');
INSERT INTO kern.admhnd (id,srt,partij,toelichtingontlening,tsreg) VALUES('34','1','2000',null,'20100318');
INSERT INTO kern.admhnd (id,srt,partij,toelichtingontlening,tsreg) VALUES('35','1','2000',null,'20100318');
INSERT INTO kern.admhnd (id,srt,partij,toelichtingontlening,tsreg) VALUES('36','1','2000',null,'20100318');
INSERT INTO kern.admhnd (id,srt,partij,toelichtingontlening,tsreg) VALUES('37','1','2000',null,'20100318');
INSERT INTO kern.admhnd (id,srt,partij,toelichtingontlening,tsreg) VALUES('38','1','2000',null,'20100318');
INSERT INTO kern.admhnd (id,srt,partij,toelichtingontlening,tsreg) VALUES('39','1','2000',null,'20100318');
INSERT INTO kern.admhnd (id,srt,partij,toelichtingontlening,tsreg) VALUES('40','1','2000',null,'20100318');
INSERT INTO kern.admhnd (id,srt,partij,toelichtingontlening,tsreg) VALUES('41','1','2000',null,'20100318');
INSERT INTO kern.admhnd (id,srt,partij,toelichtingontlening,tsreg) VALUES('42','1','2000',null,'20100318');
INSERT INTO kern.admhnd (id,srt,partij,toelichtingontlening,tsreg) VALUES('43','1','2000',null,'20100318');
INSERT INTO kern.admhnd (id,srt,partij,toelichtingontlening,tsreg) VALUES('44','1','2000',null,'20100318');
INSERT INTO kern.admhnd (id,srt,partij,toelichtingontlening,tsreg) VALUES('45','1','2000',null,'20100318');
INSERT INTO kern.admhnd (id,srt,partij,toelichtingontlening,tsreg) VALUES('46','1','2000',null,'20100318');
INSERT INTO kern.admhnd (id,srt,partij,toelichtingontlening,tsreg) VALUES('47','1','2000',null,'20100318');
INSERT INTO kern.admhnd (id,srt,partij,toelichtingontlening,tsreg) VALUES('48','1','2000',null,'20100318');
INSERT INTO kern.admhnd (id,srt,partij,toelichtingontlening,tsreg) VALUES('49','1','2000',null,'20100318');
INSERT INTO kern.admhnd (id,srt,partij,toelichtingontlening,tsreg) VALUES('500','1','2000',null,'20100318');
INSERT INTO kern.admhnd (id,srt,partij,toelichtingontlening,tsreg) VALUES('501','18','2000',null,'20100318');
INSERT INTO kern.admhnd (id,srt,partij,toelichtingontlening,tsreg) VALUES('502','18','2000',null,'20100318');
INSERT INTO kern.admhnd (id,srt,partij,toelichtingontlening,tsreg) VALUES('503','18','2000',null,'20100318');
INSERT INTO kern.admhnd (id,srt,partij,toelichtingontlening,tsreg) VALUES('504','18','2000',null,'20100318');
INSERT INTO kern.admhnd (id,srt,partij,toelichtingontlening,tsreg) VALUES('505','18','2000',null,'20100318');
INSERT INTO kern.admhnd (id,srt,partij,toelichtingontlening,tsreg) VALUES('506','35','2000',null,'20100318');
INSERT INTO kern.admhnd (id,srt,partij,toelichtingontlening,tsreg) VALUES('624','64','2000',null,'19820528');
INSERT INTO kern.admhnd (id,srt,partij,toelichtingontlening,tsreg) VALUES('625','64','2000',null,'19550602');
INSERT INTO kern.admhnd (id,srt,partij,toelichtingontlening,tsreg) VALUES('626','1','2000',null,'20100318');
INSERT INTO kern.admhnd (id,srt,partij,toelichtingontlening,tsreg) VALUES('627','1','2000',null,'20100318');
INSERT INTO kern.admhnd (id,srt,partij,toelichtingontlening,tsreg) VALUES('628','6','2000',null,'20100318');
INSERT INTO kern.admhnd (id,srt,partij,toelichtingontlening,tsreg) VALUES('629','37','2000',null,'20100318');
INSERT INTO kern.admhnd (id,srt,partij,toelichtingontlening,tsreg) VALUES('630','18','2000',null,'20100318');
INSERT INTO kern.admhnd (id,srt,partij,toelichtingontlening,tsreg) VALUES('631','18','2000',null,'20100318');
INSERT INTO kern.admhnd (id,srt,partij,toelichtingontlening,tsreg) VALUES('632','18','2000',null,'20100318');
INSERT INTO kern.admhnd (id,srt,partij,toelichtingontlening,tsreg) VALUES('633','18','2000',null,'20100318');
INSERT INTO kern.admhnd (id,srt,partij,toelichtingontlening,tsreg) VALUES('634','1','2000',null,'20100318');
INSERT INTO kern.admhnd (id,srt,partij,toelichtingontlening,tsreg) VALUES('635','1','2000',null,'20100318');
INSERT INTO kern.admhnd (id,srt,partij,toelichtingontlening,tsreg) VALUES('636','1','2000',null,'20100318');
INSERT INTO kern.admhnd (id,srt,partij,toelichtingontlening,tsreg) VALUES('637','18','2000',null,'20100318');
INSERT INTO kern.admhnd (id,srt,partij,toelichtingontlening,tsreg) VALUES('638','1','2000',null,'20100318');
INSERT INTO kern.admhnd (id,srt,partij,toelichtingontlening,tsreg) VALUES('639','18','2000',null,'20100318');
INSERT INTO kern.admhnd (id,srt,partij,toelichtingontlening,tsreg) VALUES('640','18','2000',null,'20100318');
INSERT INTO kern.admhnd (id,srt,partij,toelichtingontlening,tsreg) VALUES('641','18','2000',null,'1945-05-05 00:00:00+00');
INSERT INTO kern.admhnd (id,srt,partij,toelichtingontlening,tsreg) VALUES('642','18','2000',null,'20090505');
INSERT INTO kern.admhnd (id,srt,partij,toelichtingontlening,tsreg) VALUES('643','1','2000',null,'1985-10-11 00:00:00+00');
INSERT INTO kern.admhnd (id,srt,partij,toelichtingontlening,tsreg) VALUES('644','1','2000',null,'20051201');
INSERT INTO kern.admhnd (id,srt,partij,toelichtingontlening,tsreg) VALUES('645','66','2000',null,'19550602');
INSERT INTO kern.admhnd (id,srt,partij,toelichtingontlening,tsreg) VALUES('646','64','2000',null,'19770401');
INSERT INTO kern.admhnd (id,srt,partij,toelichtingontlening,tsreg) VALUES('1000','30','2000',null,'20100318');
INSERT INTO kern.admhnd (id,srt,partij,toelichtingontlening,tsreg) VALUES('999','30','2000',null,'20100318');
INSERT INTO kern.admhnd (id,srt,partij,toelichtingontlening,tsreg) VALUES('998','30','2000',null,'20100318');
INSERT INTO kern.admhnd (id,srt,partij,toelichtingontlening,tsreg) VALUES('997','30','2000',null,'20100318');
INSERT INTO kern.admhnd (id,srt,partij,toelichtingontlening,tsreg) VALUES('996','30','2000',null,'20100318');
INSERT INTO kern.admhnd (id,srt,partij,toelichtingontlening,tsreg) VALUES('995','30','2000',null,'20100318');
INSERT INTO kern.admhnd (id,srt,partij,toelichtingontlening,tsreg) VALUES('994','30','2000',null,'20100318');
INSERT INTO kern.admhnd (id,srt,partij,toelichtingontlening,tsreg) VALUES('993','30','2000',null,'20100318');
INSERT INTO kern.admhnd (id,srt,partij,toelichtingontlening,tsreg) VALUES('992','30','2000',null,'20100318');
INSERT INTO kern.admhnd (id,srt,partij,toelichtingontlening,tsreg) VALUES('991','30','2000',null,'20100318');
INSERT INTO kern.admhnd (id,srt,partij,toelichtingontlening,tsreg) VALUES('990','30','2000',null,'20100318');
INSERT INTO kern.admhnd (id,srt,partij,toelichtingontlening,tsreg) VALUES('989','30','2000',null,'20100318');
INSERT INTO kern.admhnd (id,srt,partij,toelichtingontlening,tsreg) VALUES('988','30','2000',null,'20100318');
INSERT INTO kern.admhnd (id,srt,partij,toelichtingontlening,tsreg) VALUES('987','30','2000',null,'20100318');
INSERT INTO kern.admhnd (id,srt,partij,toelichtingontlening,tsreg) VALUES('986','30','2000',null,'20100318');
INSERT INTO kern.admhnd (id,srt,partij,toelichtingontlening,tsreg) VALUES('985','30','2000',null,'20100318');
INSERT INTO kern.admhnd (id,srt,partij,toelichtingontlening,tsreg) VALUES('984','30','2000',null,'20100318');
INSERT INTO kern.admhnd (id,srt,partij,toelichtingontlening,tsreg) VALUES('983','30','2000',null,'20100318');
INSERT INTO kern.admhnd (id,srt,partij,toelichtingontlening,tsreg) VALUES('982','30','2000',null,'20100318');
INSERT INTO kern.admhnd (id,srt,partij,toelichtingontlening,tsreg) VALUES('981','30','2000',null,'20100318');
INSERT INTO kern.admhnd (id,srt,partij,toelichtingontlening,tsreg) VALUES('980','30','2000',null,'20100318');
INSERT INTO kern.admhnd (id,srt,partij,toelichtingontlening,tsreg) VALUES('979','30','2000',null,'20100318');
INSERT INTO kern.admhnd (id,srt,partij,toelichtingontlening,tsreg) VALUES('978','30','2000',null,'20100318');
INSERT INTO kern.admhnd (id,srt,partij,toelichtingontlening,tsreg) VALUES('977','30','2000',null,'20100318');
INSERT INTO kern.admhnd (id,srt,partij,toelichtingontlening,tsreg) VALUES('976','30','2000',null,'20100318');
INSERT INTO kern.admhnd (id,srt,partij,toelichtingontlening,tsreg) VALUES('975','30','2000',null,'20100318');
INSERT INTO kern.admhnd (id,srt,partij,toelichtingontlening,tsreg) VALUES('974','30','2000',null,'20100318');
INSERT INTO kern.admhnd (id,srt,partij,toelichtingontlening,tsreg) VALUES('973','30','2000',null,'20100318');
INSERT INTO kern.admhnd (id,srt,partij,toelichtingontlening,tsreg) VALUES('972','30','2000',null,'20100318');
INSERT INTO kern.admhnd (id,srt,partij,toelichtingontlening,tsreg) VALUES('971','30','2000',null,'20100318');
INSERT INTO kern.admhnd (id,srt,partij,toelichtingontlening,tsreg) VALUES('970','30','2000',null,'20100318');
INSERT INTO kern.admhnd (id,srt,partij,toelichtingontlening,tsreg) VALUES('969','30','2000',null,'20100318');
INSERT INTO kern.admhnd (id,srt,partij,toelichtingontlening,tsreg) VALUES('968','30','2000',null,'20100318');
INSERT INTO kern.admhnd (id,srt,partij,toelichtingontlening,tsreg) VALUES('967','30','2000',null,'20100318');
INSERT INTO kern.admhnd (id,srt,partij,toelichtingontlening,tsreg) VALUES('966','30','2000',null,'20100318');
INSERT INTO kern.admhnd (id,srt,partij,toelichtingontlening,tsreg) VALUES('965','30','2000',null,'20100318');
INSERT INTO kern.admhnd (id,srt,partij,toelichtingontlening,tsreg) VALUES('964','30','2000',null,'20100318');
INSERT INTO kern.admhnd (id,srt,partij,toelichtingontlening,tsreg) VALUES('963','30','2000',null,'20100318');
INSERT INTO kern.admhnd (id,srt,partij,toelichtingontlening,tsreg) VALUES('962','30','2000',null,'20100318');
INSERT INTO kern.admhnd (id,srt,partij,toelichtingontlening,tsreg) VALUES('961','30','2000',null,'20100318');
INSERT INTO kern.admhnd (id,srt,partij,toelichtingontlening,tsreg) VALUES('960','30','2000',null,'20100318');
INSERT INTO kern.admhnd (id,srt,partij,toelichtingontlening,tsreg) VALUES('959','30','2000',null,'20100318');
INSERT INTO kern.admhnd (id,srt,partij,toelichtingontlening,tsreg) VALUES('958','30','2000',null,'20100318');
INSERT INTO kern.admhnd (id,srt,partij,toelichtingontlening,tsreg) VALUES('957','30','2000',null,'20100318');
INSERT INTO kern.admhnd (id,srt,partij,toelichtingontlening,tsreg) VALUES('956','30','2000',null,'20100318');
INSERT INTO kern.admhnd (id,srt,partij,toelichtingontlening,tsreg) VALUES('955','30','2000',null,'20100318');
INSERT INTO kern.admhnd (id,srt,partij,toelichtingontlening,tsreg) VALUES('954','30','2000',null,'20100318');
INSERT INTO kern.admhnd (id,srt,partij,toelichtingontlening,tsreg) VALUES('953','30','2000',null,'20100318');
INSERT INTO kern.admhnd (id,srt,partij,toelichtingontlening,tsreg) VALUES('952','30','2000',null,'20100318');
INSERT INTO kern.admhnd (id,srt,partij,toelichtingontlening,tsreg) VALUES('951','30','2000',null,'20100318');
INSERT INTO kern.admhnd (id,srt,partij,toelichtingontlening,tsreg) VALUES('950','30','2000',null,'20100318');
INSERT INTO kern.admhnd (id,srt,partij,toelichtingontlening,tsreg) VALUES('949','30','2000',null,'20100318');
INSERT INTO kern.admhnd (id,srt,partij,toelichtingontlening,tsreg) VALUES('948','30','2000',null,'20100318');
INSERT INTO kern.admhnd (id,srt,partij,toelichtingontlening,tsreg) VALUES('947','30','2000',null,'20100318');
INSERT INTO kern.admhnd (id,srt,partij,toelichtingontlening,tsreg) VALUES('946','30','2000',null,'20100318');
INSERT INTO kern.admhnd (id,srt,partij,toelichtingontlening,tsreg) VALUES('945','30','2000',null,'20100318');
INSERT INTO kern.admhnd (id,srt,partij,toelichtingontlening,tsreg) VALUES('944','30','2000',null,'20100318');
INSERT INTO kern.admhnd (id,srt,partij,toelichtingontlening,tsreg) VALUES('943','30','2000',null,'20100318');
INSERT INTO kern.admhnd (id,srt,partij,toelichtingontlening,tsreg) VALUES('942','30','2000',null,'20100318');
INSERT INTO kern.admhnd (id,srt,partij,toelichtingontlening,tsreg) VALUES('941','30','2000',null,'20100318');
INSERT INTO kern.admhnd (id,srt,partij,toelichtingontlening,tsreg) VALUES('940','30','2000',null,'20100318');
INSERT INTO kern.admhnd (id,srt,partij,toelichtingontlening,tsreg) VALUES('939','30','2000',null,'20100318');
INSERT INTO kern.admhnd (id,srt,partij,toelichtingontlening,tsreg) VALUES('938','30','2000',null,'20100318');
INSERT INTO kern.admhnd (id,srt,partij,toelichtingontlening,tsreg) VALUES('937','30','2000',null,'20100318');
INSERT INTO kern.admhnd (id,srt,partij,toelichtingontlening,tsreg) VALUES('936','30','2000',null,'20100318');
INSERT INTO kern.admhnd (id,srt,partij,toelichtingontlening,tsreg) VALUES('935','30','2000',null,'20100318');
INSERT INTO kern.admhnd (id,srt,partij,toelichtingontlening,tsreg) VALUES('934','30','2000',null,'2012-06-20 00:00:00+00');
INSERT INTO kern.admhnd (id,srt,partij,toelichtingontlening,tsreg) VALUES('933','30','2000',null,'2009-12-01 00:00:00+00');
INSERT INTO kern.admhnd (id,srt,partij,toelichtingontlening,tsreg) VALUES('932','30','2000',null,'2006-02-01 00:00:00+00');
INSERT INTO kern.admhnd (id,srt,partij,toelichtingontlening,tsreg) VALUES('931','30','2000',null,'1922-04-19 04:00:00+00');
INSERT INTO kern.admhnd (id,srt,partij,toelichtingontlening,tsreg) VALUES('930','30','2000',null,'20100318');
INSERT INTO kern.admhnd (id,srt,partij,toelichtingontlening,tsreg) VALUES('929','30','2000',null,'20100318');
INSERT INTO kern.admhnd (id,srt,partij,toelichtingontlening,tsreg) VALUES('928','30','2000',null,'20100318');
INSERT INTO kern.admhnd (id,srt,partij,toelichtingontlening,tsreg) VALUES('927','30','2000',null,'20100318');
INSERT INTO kern.admhnd (id,srt,partij,toelichtingontlening,tsreg) VALUES('926','30','2000',null,'20100318');
INSERT INTO kern.admhnd (id,srt,partij,toelichtingontlening,tsreg) VALUES('925','30','2000',null,'20100318');
INSERT INTO kern.admhnd (id,srt,partij,toelichtingontlening,tsreg) VALUES('924','30','2000',null,'20100318');
INSERT INTO kern.admhnd (id,srt,partij,toelichtingontlening,tsreg) VALUES('923','30','2000',null,'20100318');
INSERT INTO kern.admhnd (id,srt,partij,toelichtingontlening,tsreg) VALUES('922','30','2000',null,'20100318');
INSERT INTO kern.admhnd (id,srt,partij,toelichtingontlening,tsreg) VALUES('921','30','2000',null,'20100318');
INSERT INTO kern.admhnd (id,srt,partij,toelichtingontlening,tsreg) VALUES('920','30','2000',null,'20100318');
INSERT INTO kern.admhnd (id,srt,partij,toelichtingontlening,tsreg) VALUES('919','30','2000',null,'20100318');
INSERT INTO kern.admhnd (id,srt,partij,toelichtingontlening,tsreg) VALUES('918','30','2000',null,'20100318');
INSERT INTO kern.admhnd (id,srt,partij,toelichtingontlening,tsreg) VALUES('917','30','2000',null,'20100318');
INSERT INTO kern.admhnd (id,srt,partij,toelichtingontlening,tsreg) VALUES('916','30','2000',null,'20100318');
INSERT INTO kern.admhnd (id,srt,partij,toelichtingontlening,tsreg) VALUES('915','30','2000',null,'20100318');
INSERT INTO kern.admhnd (id,srt,partij,toelichtingontlening,tsreg) VALUES('914','30','2000',null,'20100318');
INSERT INTO kern.admhnd (id,srt,partij,toelichtingontlening,tsreg) VALUES('913','30','2000',null,'20100318');
INSERT INTO kern.admhnd (id,srt,partij,toelichtingontlening,tsreg) VALUES('912','30','2000',null,'20100318');
INSERT INTO kern.admhnd (id,srt,partij,toelichtingontlening,tsreg) VALUES('911','30','2000',null,'20100318');
INSERT INTO kern.admhnd (id,srt,partij,toelichtingontlening,tsreg) VALUES('910','30','2000',null,'20100318');
INSERT INTO kern.admhnd (id,srt,partij,toelichtingontlening,tsreg) VALUES('909','30','2000',null,'20100318');
INSERT INTO kern.admhnd (id,srt,partij,toelichtingontlening,tsreg) VALUES('908','30','2000',null,'20100318');
INSERT INTO kern.admhnd (id,srt,partij,toelichtingontlening,tsreg) VALUES('907','30','2000',null,'20100318');
INSERT INTO kern.admhnd (id,srt,partij,toelichtingontlening,tsreg) VALUES('906','30','2000',null,'20100318');
INSERT INTO kern.admhnd (id,srt,partij,toelichtingontlening,tsreg) VALUES('905','30','2000',null,'20100318');
INSERT INTO kern.admhnd (id,srt,partij,toelichtingontlening,tsreg) VALUES('904','30','2000',null,'20100318');
INSERT INTO kern.admhnd (id,srt,partij,toelichtingontlening,tsreg) VALUES('903','30','2000',null,'20100318');
INSERT INTO kern.admhnd (id,srt,partij,toelichtingontlening,tsreg) VALUES('902','30','2000',null,'20100318');
INSERT INTO kern.admhnd (id,srt,partij,toelichtingontlening,tsreg) VALUES('901','30','2000',null,'20100318');
INSERT INTO kern.admhnd (id,srt,partij,toelichtingontlening,tsreg) VALUES('900','30','2000',null,'20100318');
INSERT INTO kern.admhnd (id,srt,partij,toelichtingontlening,tsreg) VALUES('899','30','2000',null,'20100318');
INSERT INTO kern.admhnd (id,srt,partij,toelichtingontlening,tsreg) VALUES('898','30','2000',null,'20100318');
INSERT INTO kern.admhnd (id,srt,partij,toelichtingontlening,tsreg) VALUES('897','30','2000',null,'20100318');
INSERT INTO kern.admhnd (id,srt,partij,toelichtingontlening,tsreg) VALUES('896','30','2000',null,'20100318');
INSERT INTO kern.admhnd (id,srt,partij,toelichtingontlening,tsreg) VALUES('895','30','2000',null,'20100318');
INSERT INTO kern.admhnd (id,srt,partij,toelichtingontlening,tsreg) VALUES('894','30','2000',null,'20100318');
INSERT INTO kern.admhnd (id,srt,partij,toelichtingontlening,tsreg) VALUES('893','30','2000',null,'20100318');
INSERT INTO kern.admhnd (id,srt,partij,toelichtingontlening,tsreg) VALUES('892','30','2000',null,'20100318');
INSERT INTO kern.admhnd (id,srt,partij,toelichtingontlening,tsreg) VALUES('891','30','2000',null,'20100318');
INSERT INTO kern.admhnd (id,srt,partij,toelichtingontlening,tsreg) VALUES('890','30','2000',null,'20100318');
INSERT INTO kern.admhnd (id,srt,partij,toelichtingontlening,tsreg) VALUES('889','30','2000',null,'20100318');
INSERT INTO kern.admhnd (id,srt,partij,toelichtingontlening,tsreg) VALUES('888','30','2000',null,'20100318');
INSERT INTO kern.admhnd (id,srt,partij,toelichtingontlening,tsreg) VALUES('887','30','2000',null,'20100318');
INSERT INTO kern.admhnd (id,srt,partij,toelichtingontlening,tsreg) VALUES('886','30','2000',null,'20100318');
INSERT INTO kern.admhnd (id,srt,partij,toelichtingontlening,tsreg) VALUES('885','30','2000',null,'20100318');
INSERT INTO kern.admhnd (id,srt,partij,toelichtingontlening,tsreg) VALUES('884','30','2000',null,'20100318');
INSERT INTO kern.admhnd (id,srt,partij,toelichtingontlening,tsreg) VALUES('883','30','2000',null,'20100318');
INSERT INTO kern.admhnd (id,srt,partij,toelichtingontlening,tsreg) VALUES('882','30','2000',null,'20100318');
INSERT INTO kern.admhnd (id,srt,partij,toelichtingontlening,tsreg) VALUES('881','30','2000',null,'20100318');
INSERT INTO kern.admhnd (id,srt,partij,toelichtingontlening,tsreg) VALUES('880','30','2000',null,'20100318');
INSERT INTO kern.admhnd (id,srt,partij,toelichtingontlening,tsreg) VALUES('879','30','2000',null,'20100318');
INSERT INTO kern.admhnd (id,srt,partij,toelichtingontlening,tsreg) VALUES('878','30','2000',null,'20100318');
INSERT INTO kern.admhnd (id,srt,partij,toelichtingontlening,tsreg) VALUES('877','30','2000',null,'20100318');
INSERT INTO kern.admhnd (id,srt,partij,toelichtingontlening,tsreg) VALUES('876','30','2000',null,'20100318');
INSERT INTO kern.admhnd (id,srt,partij,toelichtingontlening,tsreg) VALUES('875','30','2000',null,'20100318');
INSERT INTO kern.admhnd (id,srt,partij,toelichtingontlening,tsreg) VALUES('874','30','2000',null,'20100318');
INSERT INTO kern.admhnd (id,srt,partij,toelichtingontlening,tsreg) VALUES('873','30','2000',null,'20100318');
INSERT INTO kern.admhnd (id,srt,partij,toelichtingontlening,tsreg) VALUES('872','30','2000',null,'20100318');
INSERT INTO kern.admhnd (id,srt,partij,toelichtingontlening,tsreg) VALUES('871','30','2000',null,'20100318');
INSERT INTO kern.admhnd (id,srt,partij,toelichtingontlening,tsreg) VALUES('870','30','2000',null,'20100318');
INSERT INTO kern.admhnd (id,srt,partij,toelichtingontlening,tsreg) VALUES('869','30','2000',null,'20100318');
INSERT INTO kern.admhnd (id,srt,partij,toelichtingontlening,tsreg) VALUES('868','30','2000',null,'20100318');
INSERT INTO kern.admhnd (id,srt,partij,toelichtingontlening,tsreg) VALUES('867','30','2000',null,'20100318');
INSERT INTO kern.admhnd (id,srt,partij,toelichtingontlening,tsreg) VALUES('866','30','2000',null,'20100318');
INSERT INTO kern.admhnd (id,srt,partij,toelichtingontlening,tsreg) VALUES('865','30','2000',null,'20100318');
INSERT INTO kern.admhnd (id,srt,partij,toelichtingontlening,tsreg) VALUES('864','30','2000',null,'20100318');
INSERT INTO kern.admhnd (id,srt,partij,toelichtingontlening,tsreg) VALUES('863','30','2000',null,'20100318');
INSERT INTO kern.admhnd (id,srt,partij,toelichtingontlening,tsreg) VALUES('862','30','2000',null,'20100318');
INSERT INTO kern.admhnd (id,srt,partij,toelichtingontlening,tsreg) VALUES('861','30','2000',null,'20100318');
INSERT INTO kern.admhnd (id,srt,partij,toelichtingontlening,tsreg) VALUES('860','30','2000',null,'20100318');
INSERT INTO kern.admhnd (id,srt,partij,toelichtingontlening,tsreg) VALUES('859','30','2000',null,'20100318');
INSERT INTO kern.admhnd (id,srt,partij,toelichtingontlening,tsreg) VALUES('858','30','2000',null,'20100318');
INSERT INTO kern.admhnd (id,srt,partij,toelichtingontlening,tsreg) VALUES('857','30','2000',null,'20100318');
INSERT INTO kern.admhnd (id,srt,partij,toelichtingontlening,tsreg) VALUES('856','30','2000',null,'20100318');
INSERT INTO kern.admhnd (id,srt,partij,toelichtingontlening,tsreg) VALUES('855','30','2000',null,'20100318');
INSERT INTO kern.admhnd (id,srt,partij,toelichtingontlening,tsreg) VALUES('854','30','2000',null,'20100318');
INSERT INTO kern.admhnd (id,srt,partij,toelichtingontlening,tsreg) VALUES('853','30','2000',null,'20100318');
INSERT INTO kern.admhnd (id,srt,partij,toelichtingontlening,tsreg) VALUES('852','30','2000',null,'20100318');
INSERT INTO kern.admhnd (id,srt,partij,toelichtingontlening,tsreg) VALUES('851','30','2000',null,'20100318');
INSERT INTO kern.admhnd (id,srt,partij,toelichtingontlening,tsreg) VALUES('850','30','2000',null,'20100318');
INSERT INTO kern.admhnd (id,srt,partij,toelichtingontlening,tsreg) VALUES('849','30','2000',null,'20100318');
INSERT INTO kern.admhnd (id,srt,partij,toelichtingontlening,tsreg) VALUES('848','30','2000',null,'20100318');
INSERT INTO kern.admhnd (id,srt,partij,toelichtingontlening,tsreg) VALUES('847','30','2000',null,'20100318');
INSERT INTO kern.admhnd (id,srt,partij,toelichtingontlening,tsreg) VALUES('846','30','2000',null,'20100318');
INSERT INTO kern.admhnd (id,srt,partij,toelichtingontlening,tsreg) VALUES('845','30','2000',null,'20100318');
INSERT INTO kern.admhnd (id,srt,partij,toelichtingontlening,tsreg) VALUES('844','30','2000',null,'20100318');
INSERT INTO kern.admhnd (id,srt,partij,toelichtingontlening,tsreg) VALUES('843','30','2000',null,'20100318');
INSERT INTO kern.admhnd (id,srt,partij,toelichtingontlening,tsreg) VALUES('842','30','2000',null,'20100318');
INSERT INTO kern.admhnd (id,srt,partij,toelichtingontlening,tsreg) VALUES('841','30','2000',null,'20100318');
INSERT INTO kern.admhnd (id,srt,partij,toelichtingontlening,tsreg) VALUES('840','30','2000',null,'20100318');
INSERT INTO kern.admhnd (id,srt,partij,toelichtingontlening,tsreg) VALUES('839','30','2000',null,'20100318');
INSERT INTO kern.admhnd (id,srt,partij,toelichtingontlening,tsreg) VALUES('838','30','2000',null,'20100318');
INSERT INTO kern.admhnd (id,srt,partij,toelichtingontlening,tsreg) VALUES('837','30','2000',null,'20100318');
INSERT INTO kern.admhnd (id,srt,partij,toelichtingontlening,tsreg) VALUES('836','30','2000',null,'20100318');
INSERT INTO kern.admhnd (id,srt,partij,toelichtingontlening,tsreg) VALUES('835','30','2000',null,'20100318');
INSERT INTO kern.admhnd (id,srt,partij,toelichtingontlening,tsreg) VALUES('834','30','2000',null,'20100318');
INSERT INTO kern.admhnd (id,srt,partij,toelichtingontlening,tsreg) VALUES('833','30','2000',null,'20100318');
INSERT INTO kern.admhnd (id,srt,partij,toelichtingontlening,tsreg) VALUES('832','30','2000',null,'20100318');
INSERT INTO kern.admhnd (id,srt,partij,toelichtingontlening,tsreg) VALUES('831','30','2000',null,'20100318');
INSERT INTO kern.admhnd (id,srt,partij,toelichtingontlening,tsreg) VALUES('830','30','2000',null,'20100318');
INSERT INTO kern.admhnd (id,srt,partij,toelichtingontlening,tsreg) VALUES('829','30','2000',null,'20100318');
INSERT INTO kern.admhnd (id,srt,partij,toelichtingontlening,tsreg) VALUES('828','30','2000',null,'20100318');
INSERT INTO kern.admhnd (id,srt,partij,toelichtingontlening,tsreg) VALUES('827','30','2000',null,'20100318');
INSERT INTO kern.admhnd (id,srt,partij,toelichtingontlening,tsreg) VALUES('826','30','2000',null,'20100318');
INSERT INTO kern.admhnd (id,srt,partij,toelichtingontlening,tsreg) VALUES('825','30','2000',null,'20100318');
INSERT INTO kern.admhnd (id,srt,partij,toelichtingontlening,tsreg) VALUES('824','30','2000',null,'20100318');
INSERT INTO kern.admhnd (id,srt,partij,toelichtingontlening,tsreg) VALUES('823','30','2000',null,'20100318');
INSERT INTO kern.admhnd (id,srt,partij,toelichtingontlening,tsreg) VALUES('822','30','2000',null,'20100318');
INSERT INTO kern.admhnd (id,srt,partij,toelichtingontlening,tsreg) VALUES('821','30','2000',null,'20100318');
INSERT INTO kern.admhnd (id,srt,partij,toelichtingontlening,tsreg) VALUES('820','30','2000',null,'20100318');
INSERT INTO kern.admhnd (id,srt,partij,toelichtingontlening,tsreg) VALUES('819','30','2000',null,'20100318');
INSERT INTO kern.admhnd (id,srt,partij,toelichtingontlening,tsreg) VALUES('818','30','2000',null,'20100318');
INSERT INTO kern.admhnd (id,srt,partij,toelichtingontlening,tsreg) VALUES('817','30','2000',null,'20100318');
INSERT INTO kern.admhnd (id,srt,partij,toelichtingontlening,tsreg) VALUES('816','30','2000',null,'20100318');
INSERT INTO kern.admhnd (id,srt,partij,toelichtingontlening,tsreg) VALUES('815','30','2000',null,'20100318');
INSERT INTO kern.admhnd (id,srt,partij,toelichtingontlening,tsreg) VALUES('814','30','2000',null,'20100318');
INSERT INTO kern.admhnd (id,srt,partij,toelichtingontlening,tsreg) VALUES('813','30','2000',null,'20100318');
INSERT INTO kern.admhnd (id,srt,partij,toelichtingontlening,tsreg) VALUES('812','30','2000',null,'20100318');
INSERT INTO kern.admhnd (id,srt,partij,toelichtingontlening,tsreg) VALUES('811','30','2000',null,'20100318');

commit;


--------------------------------------------------
--- EIND
--- Sheet: (admhnd)
--- Handler: SheetHandlerImplSimpleInsert
--- Aantal: (269)
--------------------------------------------------
--------------------------------------------------
--- START
--- Sheet: (brp_actie)
--- Handler: SheetHandlerImplSimpleInsert
--------------------------------------------------

begin;

INSERT INTO kern.actie (id,srt,admhnd,partij,tsreg) VALUES('1','1','1','2000','19811002');
INSERT INTO kern.actie (id,srt,admhnd,partij,tsreg) VALUES('2','1','2','2000','19820528');
INSERT INTO kern.actie (id,srt,admhnd,partij,tsreg) VALUES('3','1','3','2000','19660302');
INSERT INTO kern.actie (id,srt,admhnd,partij,tsreg) VALUES('4','1','4','2000','19691227');
INSERT INTO kern.actie (id,srt,admhnd,partij,tsreg) VALUES('5','1','5','2000','19710717');
INSERT INTO kern.actie (id,srt,admhnd,partij,tsreg) VALUES('6','1','6','2000','19720928');
INSERT INTO kern.actie (id,srt,admhnd,partij,tsreg) VALUES('7','1','7','2000','19800616');
INSERT INTO kern.actie (id,srt,admhnd,partij,tsreg) VALUES('8','1','8','2000','19810418');
INSERT INTO kern.actie (id,srt,admhnd,partij,tsreg) VALUES('9','1','9','2000','19940101');
INSERT INTO kern.actie (id,srt,admhnd,partij,tsreg) VALUES('10','1','10','2000','19691231');
INSERT INTO kern.actie (id,srt,admhnd,partij,tsreg) VALUES('11','1','11','2000','19690516');
INSERT INTO kern.actie (id,srt,admhnd,partij,tsreg) VALUES('12','1','12','2000','19771210');
INSERT INTO kern.actie (id,srt,admhnd,partij,tsreg) VALUES('13','1','13','2000','19550602');
INSERT INTO kern.actie (id,srt,admhnd,partij,tsreg) VALUES('14','1','14','2000','19780611');
INSERT INTO kern.actie (id,srt,admhnd,partij,tsreg) VALUES('15','1','15','2000','19880425');
INSERT INTO kern.actie (id,srt,admhnd,partij,tsreg) VALUES('16','1','16','2000','19881210');
INSERT INTO kern.actie (id,srt,admhnd,partij,tsreg) VALUES('17','1','17','2000','19960523');
INSERT INTO kern.actie (id,srt,admhnd,partij,tsreg) VALUES('18','1','18','2000','19941005');
INSERT INTO kern.actie (id,srt,admhnd,partij,tsreg) VALUES('19','1','19','2000','19941005');
INSERT INTO kern.actie (id,srt,admhnd,partij,tsreg) VALUES('20','1','20','2000','19760103');
INSERT INTO kern.actie (id,srt,admhnd,partij,tsreg) VALUES('21','1','21','2000','19961003');
INSERT INTO kern.actie (id,srt,admhnd,partij,tsreg) VALUES('22','1','22','2000','19951003');
INSERT INTO kern.actie (id,srt,admhnd,partij,tsreg) VALUES('23','1','23','2000','19941003');
INSERT INTO kern.actie (id,srt,admhnd,partij,tsreg) VALUES('24','1','24','2000','19770401');
INSERT INTO kern.actie (id,srt,admhnd,partij,tsreg) VALUES('25','1','25','2000','19880611');
INSERT INTO kern.actie (id,srt,admhnd,partij,tsreg) VALUES('26','1','26','2000','19910721');
INSERT INTO kern.actie (id,srt,admhnd,partij,tsreg) VALUES('27','1','27','2000','19910911');
INSERT INTO kern.actie (id,srt,admhnd,partij,tsreg) VALUES('28','1','28','2000','19900722');
INSERT INTO kern.actie (id,srt,admhnd,partij,tsreg) VALUES('29','1','29','2000','19200430');
INSERT INTO kern.actie (id,srt,admhnd,partij,tsreg) VALUES('30','1','30','2000','1922-04-19 00:00:00+00');
INSERT INTO kern.actie (id,srt,admhnd,partij,tsreg) VALUES('31','1','31','2000','19920219');
INSERT INTO kern.actie (id,srt,admhnd,partij,tsreg) VALUES('32','1','32','2000','19510923');
INSERT INTO kern.actie (id,srt,admhnd,partij,tsreg) VALUES('33','1','33','2000','19531116');
INSERT INTO kern.actie (id,srt,admhnd,partij,tsreg) VALUES('34','1','34','2000','19390402');
INSERT INTO kern.actie (id,srt,admhnd,partij,tsreg) VALUES('35','1','35','2000','19841203');
INSERT INTO kern.actie (id,srt,admhnd,partij,tsreg) VALUES('36','1','36','2000','19851011');
INSERT INTO kern.actie (id,srt,admhnd,partij,tsreg) VALUES('37','1','37','2000','20050112');
INSERT INTO kern.actie (id,srt,admhnd,partij,tsreg) VALUES('38','1','38','2000','20051201');
INSERT INTO kern.actie (id,srt,admhnd,partij,tsreg) VALUES('39','1','39','2000','20050112');
INSERT INTO kern.actie (id,srt,admhnd,partij,tsreg) VALUES('40','1','40','2000','20051201');
INSERT INTO kern.actie (id,srt,admhnd,partij,tsreg) VALUES('41','1','41','2000','19680809');
INSERT INTO kern.actie (id,srt,admhnd,partij,tsreg) VALUES('42','1','42','2000','19580921');
INSERT INTO kern.actie (id,srt,admhnd,partij,tsreg) VALUES('43','1','43','2000','19951004');
INSERT INTO kern.actie (id,srt,admhnd,partij,tsreg) VALUES('44','1','44','2000','20051201');
INSERT INTO kern.actie (id,srt,admhnd,partij,tsreg) VALUES('45','1','45','2000','20050112');
INSERT INTO kern.actie (id,srt,admhnd,partij,tsreg) VALUES('46','5','46','2000','20121005');
INSERT INTO kern.actie (id,srt,admhnd,partij,tsreg) VALUES('47','5','47','2000','19760103');
INSERT INTO kern.actie (id,srt,admhnd,partij,tsreg) VALUES('48','5','48','2000','19760103');
INSERT INTO kern.actie (id,srt,admhnd,partij,tsreg) VALUES('49','5','49','2000','19760103');
INSERT INTO kern.actie (id,srt,admhnd,partij,tsreg) VALUES('500','1','500','2000','20031226');
INSERT INTO kern.actie (id,srt,admhnd,partij,tsreg) VALUES('501','32','501','2000','20030327');
INSERT INTO kern.actie (id,srt,admhnd,partij,tsreg) VALUES('502','32','502','2000','19901111');
INSERT INTO kern.actie (id,srt,admhnd,partij,tsreg) VALUES('503','32','503','2000','19970605');
INSERT INTO kern.actie (id,srt,admhnd,partij,tsreg) VALUES('504','32','504','2000','20031024');
INSERT INTO kern.actie (id,srt,admhnd,partij,tsreg) VALUES('505','32','505','2000','19960304');
INSERT INTO kern.actie (id,srt,admhnd,partij,tsreg) VALUES('506','16','506','2000','20111111');
INSERT INTO kern.actie (id,srt,admhnd,partij,tsreg) VALUES('624','10','624','2000','19820528');
INSERT INTO kern.actie (id,srt,admhnd,partij,tsreg) VALUES('625','10','625','2000','19550602');
INSERT INTO kern.actie (id,srt,admhnd,partij,tsreg) VALUES('626','1','626','2000','19900722');
INSERT INTO kern.actie (id,srt,admhnd,partij,tsreg) VALUES('627','1','627','2000','19910911');
INSERT INTO kern.actie (id,srt,admhnd,partij,tsreg) VALUES('628','23','628','2000','20001022');
INSERT INTO kern.actie (id,srt,admhnd,partij,tsreg) VALUES('629','7','629','2000','20050103');
INSERT INTO kern.actie (id,srt,admhnd,partij,tsreg) VALUES('630','32','630','2000','19800610');
INSERT INTO kern.actie (id,srt,admhnd,partij,tsreg) VALUES('631','32','631','2000','19810425');
INSERT INTO kern.actie (id,srt,admhnd,partij,tsreg) VALUES('632','32','632','2000','19760701');
INSERT INTO kern.actie (id,srt,admhnd,partij,tsreg) VALUES('633','32','633','2000','20060315');
INSERT INTO kern.actie (id,srt,admhnd,partij,tsreg) VALUES('634','1','634','2000','20050112');
INSERT INTO kern.actie (id,srt,admhnd,partij,tsreg) VALUES('635','1','635','2000','20051201');
INSERT INTO kern.actie (id,srt,admhnd,partij,tsreg) VALUES('636','1','636','2000','19951003');
INSERT INTO kern.actie (id,srt,admhnd,partij,tsreg) VALUES('637','32','637','2000','20031010');
INSERT INTO kern.actie (id,srt,admhnd,partij,tsreg) VALUES('638','1','638','2000','20050112');
INSERT INTO kern.actie (id,srt,admhnd,partij,tsreg) VALUES('639','32','639','2000','20120101');
INSERT INTO kern.actie (id,srt,admhnd,partij,tsreg) VALUES('640','32','640','2000','20121005');
INSERT INTO kern.actie (id,srt,admhnd,partij,tsreg) VALUES('641','32','641','2000','1945-05-05 00:00:00+00');
INSERT INTO kern.actie (id,srt,admhnd,partij,tsreg) VALUES('642','32','642','2000','20090505');
INSERT INTO kern.actie (id,srt,admhnd,partij,tsreg) VALUES('643','1','643','2000','1985-10-11 00:00:00+00');
INSERT INTO kern.actie (id,srt,admhnd,partij,tsreg) VALUES('644','1','644','2000','20051201');
INSERT INTO kern.actie (id,srt,admhnd,partij,tsreg) VALUES('645','13','645','2000','19550602');
INSERT INTO kern.actie (id,srt,admhnd,partij,tsreg) VALUES('646','10','646','2000','19770401');
INSERT INTO kern.actie (id,srt,admhnd,partij,tsreg) VALUES('1000','18','1000','2000','20050328');
INSERT INTO kern.actie (id,srt,admhnd,partij,tsreg) VALUES('999','18','999','2000','20050328');
INSERT INTO kern.actie (id,srt,admhnd,partij,tsreg) VALUES('998','18','998','2000','20030327');
INSERT INTO kern.actie (id,srt,admhnd,partij,tsreg) VALUES('997','18','997','2000','20030327');
INSERT INTO kern.actie (id,srt,admhnd,partij,tsreg) VALUES('996','18','996','2000','19811002');
INSERT INTO kern.actie (id,srt,admhnd,partij,tsreg) VALUES('995','18','995','2000','20050328');
INSERT INTO kern.actie (id,srt,admhnd,partij,tsreg) VALUES('994','18','994','2000','20050328');
INSERT INTO kern.actie (id,srt,admhnd,partij,tsreg) VALUES('993','18','993','2000','20030327');
INSERT INTO kern.actie (id,srt,admhnd,partij,tsreg) VALUES('992','18','992','2000','20030327');
INSERT INTO kern.actie (id,srt,admhnd,partij,tsreg) VALUES('991','18','991','2000','19820528');
INSERT INTO kern.actie (id,srt,admhnd,partij,tsreg) VALUES('990','18','990','2000','19901201');
INSERT INTO kern.actie (id,srt,admhnd,partij,tsreg) VALUES('989','18','989','2000','19901201');
INSERT INTO kern.actie (id,srt,admhnd,partij,tsreg) VALUES('988','18','988','2000','19901111');
INSERT INTO kern.actie (id,srt,admhnd,partij,tsreg) VALUES('987','18','987','2000','19901111');
INSERT INTO kern.actie (id,srt,admhnd,partij,tsreg) VALUES('986','18','986','2000','19660302');
INSERT INTO kern.actie (id,srt,admhnd,partij,tsreg) VALUES('985','18','985','2000','19901201');
INSERT INTO kern.actie (id,srt,admhnd,partij,tsreg) VALUES('984','18','984','2000','19901201');
INSERT INTO kern.actie (id,srt,admhnd,partij,tsreg) VALUES('983','18','983','2000','19901111');
INSERT INTO kern.actie (id,srt,admhnd,partij,tsreg) VALUES('982','18','982','2000','19901111');
INSERT INTO kern.actie (id,srt,admhnd,partij,tsreg) VALUES('981','18','981','2000','19691227');
INSERT INTO kern.actie (id,srt,admhnd,partij,tsreg) VALUES('980','18','980','2000','19981201');
INSERT INTO kern.actie (id,srt,admhnd,partij,tsreg) VALUES('979','18','979','2000','19981201');
INSERT INTO kern.actie (id,srt,admhnd,partij,tsreg) VALUES('978','18','978','2000','19970605');
INSERT INTO kern.actie (id,srt,admhnd,partij,tsreg) VALUES('977','18','977','2000','19970605');
INSERT INTO kern.actie (id,srt,admhnd,partij,tsreg) VALUES('976','18','976','2000','19710717');
INSERT INTO kern.actie (id,srt,admhnd,partij,tsreg) VALUES('975','18','975','2000','19981201');
INSERT INTO kern.actie (id,srt,admhnd,partij,tsreg) VALUES('974','18','974','2000','19981201');
INSERT INTO kern.actie (id,srt,admhnd,partij,tsreg) VALUES('973','18','973','2000','19970605');
INSERT INTO kern.actie (id,srt,admhnd,partij,tsreg) VALUES('972','18','972','2000','19970605');
INSERT INTO kern.actie (id,srt,admhnd,partij,tsreg) VALUES('971','18','971','2000','19720928');
INSERT INTO kern.actie (id,srt,admhnd,partij,tsreg) VALUES('970','18','970','2000','20110205');
INSERT INTO kern.actie (id,srt,admhnd,partij,tsreg) VALUES('969','18','969','2000','20110205');
INSERT INTO kern.actie (id,srt,admhnd,partij,tsreg) VALUES('968','18','968','2000','20031024');
INSERT INTO kern.actie (id,srt,admhnd,partij,tsreg) VALUES('967','18','967','2000','20031024');
INSERT INTO kern.actie (id,srt,admhnd,partij,tsreg) VALUES('966','18','966','2000','19800616');
INSERT INTO kern.actie (id,srt,admhnd,partij,tsreg) VALUES('965','18','965','2000','20110205');
INSERT INTO kern.actie (id,srt,admhnd,partij,tsreg) VALUES('964','18','964','2000','20110205');
INSERT INTO kern.actie (id,srt,admhnd,partij,tsreg) VALUES('963','18','963','2000','20031024');
INSERT INTO kern.actie (id,srt,admhnd,partij,tsreg) VALUES('962','18','962','2000','20031024');
INSERT INTO kern.actie (id,srt,admhnd,partij,tsreg) VALUES('961','18','961','2000','19810418');
INSERT INTO kern.actie (id,srt,admhnd,partij,tsreg) VALUES('960','18','960','2000','20110205');
INSERT INTO kern.actie (id,srt,admhnd,partij,tsreg) VALUES('959','18','959','2000','20110205');
INSERT INTO kern.actie (id,srt,admhnd,partij,tsreg) VALUES('958','18','958','2000','20031226');
INSERT INTO kern.actie (id,srt,admhnd,partij,tsreg) VALUES('957','18','957','2000','20090928');
INSERT INTO kern.actie (id,srt,admhnd,partij,tsreg) VALUES('956','18','956','2000','20090928');
INSERT INTO kern.actie (id,srt,admhnd,partij,tsreg) VALUES('955','18','955','2000','19960304');
INSERT INTO kern.actie (id,srt,admhnd,partij,tsreg) VALUES('954','18','954','2000','19960304');
INSERT INTO kern.actie (id,srt,admhnd,partij,tsreg) VALUES('953','18','953','2000','19691231');
INSERT INTO kern.actie (id,srt,admhnd,partij,tsreg) VALUES('952','18','952','2000','20090928');
INSERT INTO kern.actie (id,srt,admhnd,partij,tsreg) VALUES('951','18','951','2000','20090928');
INSERT INTO kern.actie (id,srt,admhnd,partij,tsreg) VALUES('950','18','950','2000','19960304');
INSERT INTO kern.actie (id,srt,admhnd,partij,tsreg) VALUES('949','18','949','2000','19960304');
INSERT INTO kern.actie (id,srt,admhnd,partij,tsreg) VALUES('948','18','948','2000','19690516');
INSERT INTO kern.actie (id,srt,admhnd,partij,tsreg) VALUES('947','18','947','2000','20000228');
INSERT INTO kern.actie (id,srt,admhnd,partij,tsreg) VALUES('946','18','946','2000','20000228');
INSERT INTO kern.actie (id,srt,admhnd,partij,tsreg) VALUES('945','18','945','2000','19771210');
INSERT INTO kern.actie (id,srt,admhnd,partij,tsreg) VALUES('944','18','944','2000','19920508');
INSERT INTO kern.actie (id,srt,admhnd,partij,tsreg) VALUES('943','18','943','2000','19920508');
INSERT INTO kern.actie (id,srt,admhnd,partij,tsreg) VALUES('942','18','942','2000','19550602');
INSERT INTO kern.actie (id,srt,admhnd,partij,tsreg) VALUES('941','18','941','2000','19780611');
INSERT INTO kern.actie (id,srt,admhnd,partij,tsreg) VALUES('940','18','940','2000','20110425');
INSERT INTO kern.actie (id,srt,admhnd,partij,tsreg) VALUES('939','18','939','2000','20110425');
INSERT INTO kern.actie (id,srt,admhnd,partij,tsreg) VALUES('938','18','938','2000','19880425');
INSERT INTO kern.actie (id,srt,admhnd,partij,tsreg) VALUES('937','18','937','2000','20100626');
INSERT INTO kern.actie (id,srt,admhnd,partij,tsreg) VALUES('936','18','936','2000','20100626');
INSERT INTO kern.actie (id,srt,admhnd,partij,tsreg) VALUES('935','18','935','2000','19880425');
INSERT INTO kern.actie (id,srt,admhnd,partij,tsreg) VALUES('934','18','934','2000','2012-06-20 00:00:00+00');
INSERT INTO kern.actie (id,srt,admhnd,partij,tsreg) VALUES('933','18','933','2000','2009-12-01 00:00:00+00');
INSERT INTO kern.actie (id,srt,admhnd,partij,tsreg) VALUES('932','18','932','2000','2006-02-01 00:00:00+00');
INSERT INTO kern.actie (id,srt,admhnd,partij,tsreg) VALUES('931','18','931','2000','1922-04-19 04:00:00+00');
INSERT INTO kern.actie (id,srt,admhnd,partij,tsreg) VALUES('930','18','930','2000','19820523');
INSERT INTO kern.actie (id,srt,admhnd,partij,tsreg) VALUES('929','18','929','2000','19911002');
INSERT INTO kern.actie (id,srt,admhnd,partij,tsreg) VALUES('928','18','928','2000','19911002');
INSERT INTO kern.actie (id,srt,admhnd,partij,tsreg) VALUES('927','18','927','2000','19840411');
INSERT INTO kern.actie (id,srt,admhnd,partij,tsreg) VALUES('926','18','926','2000','19901111');
INSERT INTO kern.actie (id,srt,admhnd,partij,tsreg) VALUES('925','18','925','2000','19901111');
INSERT INTO kern.actie (id,srt,admhnd,partij,tsreg) VALUES('924','18','924','2000','19741026');
INSERT INTO kern.actie (id,srt,admhnd,partij,tsreg) VALUES('923','18','923','2000','19820528');
INSERT INTO kern.actie (id,srt,admhnd,partij,tsreg) VALUES('922','18','922','2000','19820528');
INSERT INTO kern.actie (id,srt,admhnd,partij,tsreg) VALUES('921','18','921','2000','19760103');
INSERT INTO kern.actie (id,srt,admhnd,partij,tsreg) VALUES('920','18','920','2000','20010328');
INSERT INTO kern.actie (id,srt,admhnd,partij,tsreg) VALUES('919','18','919','2000','20010328');
INSERT INTO kern.actie (id,srt,admhnd,partij,tsreg) VALUES('918','18','918','2000','19920516');
INSERT INTO kern.actie (id,srt,admhnd,partij,tsreg) VALUES('917','18','917','2000','20101002');
INSERT INTO kern.actie (id,srt,admhnd,partij,tsreg) VALUES('916','18','916','2000','20101002');
INSERT INTO kern.actie (id,srt,admhnd,partij,tsreg) VALUES('915','18','915','2000','19951110');
INSERT INTO kern.actie (id,srt,admhnd,partij,tsreg) VALUES('914','18','914','2000','19970605');
INSERT INTO kern.actie (id,srt,admhnd,partij,tsreg) VALUES('913','18','913','2000','19970605');
INSERT INTO kern.actie (id,srt,admhnd,partij,tsreg) VALUES('912','18','912','2000','19680310');
INSERT INTO kern.actie (id,srt,admhnd,partij,tsreg) VALUES('911','18','911','2000','19790928');
INSERT INTO kern.actie (id,srt,admhnd,partij,tsreg) VALUES('910','18','910','2000','19790928');
INSERT INTO kern.actie (id,srt,admhnd,partij,tsreg) VALUES('909','18','909','2000','19770401');
INSERT INTO kern.actie (id,srt,admhnd,partij,tsreg) VALUES('908','18','908','2000','19950929');
INSERT INTO kern.actie (id,srt,admhnd,partij,tsreg) VALUES('907','18','907','2000','19950929');
INSERT INTO kern.actie (id,srt,admhnd,partij,tsreg) VALUES('906','18','906','2000','19880611');
INSERT INTO kern.actie (id,srt,admhnd,partij,tsreg) VALUES('905','18','905','2000','20000101');
INSERT INTO kern.actie (id,srt,admhnd,partij,tsreg) VALUES('904','18','904','2000','20000101');
INSERT INTO kern.actie (id,srt,admhnd,partij,tsreg) VALUES('903','18','903','2000','19910721');
INSERT INTO kern.actie (id,srt,admhnd,partij,tsreg) VALUES('902','18','902','2000','20031024');
INSERT INTO kern.actie (id,srt,admhnd,partij,tsreg) VALUES('901','18','901','2000','20031024');
INSERT INTO kern.actie (id,srt,admhnd,partij,tsreg) VALUES('900','18','900','2000','19910911');
INSERT INTO kern.actie (id,srt,admhnd,partij,tsreg) VALUES('899','18','899','2000','19990616');
INSERT INTO kern.actie (id,srt,admhnd,partij,tsreg) VALUES('898','18','898','2000','19990616');
INSERT INTO kern.actie (id,srt,admhnd,partij,tsreg) VALUES('897','18','897','2000','19900722');
INSERT INTO kern.actie (id,srt,admhnd,partij,tsreg) VALUES('896','18','896','2000','20120620');
INSERT INTO kern.actie (id,srt,admhnd,partij,tsreg) VALUES('895','18','895','2000','20120620');
INSERT INTO kern.actie (id,srt,admhnd,partij,tsreg) VALUES('894','18','894','2000','20091201');
INSERT INTO kern.actie (id,srt,admhnd,partij,tsreg) VALUES('893','18','893','2000','20091201');
INSERT INTO kern.actie (id,srt,admhnd,partij,tsreg) VALUES('892','18','892','2000','20060201');
INSERT INTO kern.actie (id,srt,admhnd,partij,tsreg) VALUES('891','18','891','2000','20060201');
INSERT INTO kern.actie (id,srt,admhnd,partij,tsreg) VALUES('890','18','890','2000','19220419');
INSERT INTO kern.actie (id,srt,admhnd,partij,tsreg) VALUES('889','18','889','2000','20120306');
INSERT INTO kern.actie (id,srt,admhnd,partij,tsreg) VALUES('888','18','888','2000','20120306');
INSERT INTO kern.actie (id,srt,admhnd,partij,tsreg) VALUES('887','18','887','2000','20010926');
INSERT INTO kern.actie (id,srt,admhnd,partij,tsreg) VALUES('886','18','886','2000','20010926');
INSERT INTO kern.actie (id,srt,admhnd,partij,tsreg) VALUES('885','18','885','2000','20000827');
INSERT INTO kern.actie (id,srt,admhnd,partij,tsreg) VALUES('884','18','884','2000','20000827');
INSERT INTO kern.actie (id,srt,admhnd,partij,tsreg) VALUES('883','18','883','2000','19920219');
INSERT INTO kern.actie (id,srt,admhnd,partij,tsreg) VALUES('882','18','882','2000','20120621');
INSERT INTO kern.actie (id,srt,admhnd,partij,tsreg) VALUES('881','18','881','2000','20120621');
INSERT INTO kern.actie (id,srt,admhnd,partij,tsreg) VALUES('880','18','880','2000','20010301');
INSERT INTO kern.actie (id,srt,admhnd,partij,tsreg) VALUES('879','18','879','2000','20010301');
INSERT INTO kern.actie (id,srt,admhnd,partij,tsreg) VALUES('878','18','878','2000','19670601');
INSERT INTO kern.actie (id,srt,admhnd,partij,tsreg) VALUES('877','18','877','2000','19670601');
INSERT INTO kern.actie (id,srt,admhnd,partij,tsreg) VALUES('876','18','876','2000','19510923');
INSERT INTO kern.actie (id,srt,admhnd,partij,tsreg) VALUES('875','18','875','2000','20120621');
INSERT INTO kern.actie (id,srt,admhnd,partij,tsreg) VALUES('874','18','874','2000','20120621');
INSERT INTO kern.actie (id,srt,admhnd,partij,tsreg) VALUES('873','18','873','2000','20010301');
INSERT INTO kern.actie (id,srt,admhnd,partij,tsreg) VALUES('872','18','872','2000','20010301');
INSERT INTO kern.actie (id,srt,admhnd,partij,tsreg) VALUES('871','18','871','2000','19670601');
INSERT INTO kern.actie (id,srt,admhnd,partij,tsreg) VALUES('870','18','870','2000','19670601');
INSERT INTO kern.actie (id,srt,admhnd,partij,tsreg) VALUES('869','18','869','2000','19531116');
INSERT INTO kern.actie (id,srt,admhnd,partij,tsreg) VALUES('868','18','868','2000','20090701');
INSERT INTO kern.actie (id,srt,admhnd,partij,tsreg) VALUES('867','18','867','2000','20090701');
INSERT INTO kern.actie (id,srt,admhnd,partij,tsreg) VALUES('866','18','866','2000','20080218');
INSERT INTO kern.actie (id,srt,admhnd,partij,tsreg) VALUES('865','18','865','2000','20080218');
INSERT INTO kern.actie (id,srt,admhnd,partij,tsreg) VALUES('864','18','864','2000','20070406');
INSERT INTO kern.actie (id,srt,admhnd,partij,tsreg) VALUES('863','18','863','2000','20070406');
INSERT INTO kern.actie (id,srt,admhnd,partij,tsreg) VALUES('862','18','862','2000','19390402');
INSERT INTO kern.actie (id,srt,admhnd,partij,tsreg) VALUES('861','18','861','2000','20090301');
INSERT INTO kern.actie (id,srt,admhnd,partij,tsreg) VALUES('860','18','860','2000','20090301');
INSERT INTO kern.actie (id,srt,admhnd,partij,tsreg) VALUES('859','18','859','2000','20081101');
INSERT INTO kern.actie (id,srt,admhnd,partij,tsreg) VALUES('858','18','858','2000','20081101');
INSERT INTO kern.actie (id,srt,admhnd,partij,tsreg) VALUES('857','18','857','2000','20050101');
INSERT INTO kern.actie (id,srt,admhnd,partij,tsreg) VALUES('856','18','856','2000','20050101');
INSERT INTO kern.actie (id,srt,admhnd,partij,tsreg) VALUES('855','18','855','2000','19841203');
INSERT INTO kern.actie (id,srt,admhnd,partij,tsreg) VALUES('854','18','854','2000','20090301');
INSERT INTO kern.actie (id,srt,admhnd,partij,tsreg) VALUES('853','18','853','2000','20090301');
INSERT INTO kern.actie (id,srt,admhnd,partij,tsreg) VALUES('852','18','852','2000','20081101');
INSERT INTO kern.actie (id,srt,admhnd,partij,tsreg) VALUES('851','18','851','2000','20081101');
INSERT INTO kern.actie (id,srt,admhnd,partij,tsreg) VALUES('850','18','850','2000','20050101');
INSERT INTO kern.actie (id,srt,admhnd,partij,tsreg) VALUES('849','18','849','2000','20050101');
INSERT INTO kern.actie (id,srt,admhnd,partij,tsreg) VALUES('848','18','848','2000','19851011');
INSERT INTO kern.actie (id,srt,admhnd,partij,tsreg) VALUES('847','18','847','2000','20090301');
INSERT INTO kern.actie (id,srt,admhnd,partij,tsreg) VALUES('846','18','846','2000','20090301');
INSERT INTO kern.actie (id,srt,admhnd,partij,tsreg) VALUES('845','18','845','2000','20081101');
INSERT INTO kern.actie (id,srt,admhnd,partij,tsreg) VALUES('844','18','844','2000','20081101');
INSERT INTO kern.actie (id,srt,admhnd,partij,tsreg) VALUES('843','18','843','2000','20050112');
INSERT INTO kern.actie (id,srt,admhnd,partij,tsreg) VALUES('842','18','842','2000','20090301');
INSERT INTO kern.actie (id,srt,admhnd,partij,tsreg) VALUES('841','18','841','2000','20090301');
INSERT INTO kern.actie (id,srt,admhnd,partij,tsreg) VALUES('840','18','840','2000','20081101');
INSERT INTO kern.actie (id,srt,admhnd,partij,tsreg) VALUES('839','18','839','2000','20081101');
INSERT INTO kern.actie (id,srt,admhnd,partij,tsreg) VALUES('838','18','838','2000','20051201');
INSERT INTO kern.actie (id,srt,admhnd,partij,tsreg) VALUES('837','18','837','2000','20120522');
INSERT INTO kern.actie (id,srt,admhnd,partij,tsreg) VALUES('836','18','836','2000','20120522');
INSERT INTO kern.actie (id,srt,admhnd,partij,tsreg) VALUES('835','18','835','2000','20111201');
INSERT INTO kern.actie (id,srt,admhnd,partij,tsreg) VALUES('834','18','834','2000','20111201');
INSERT INTO kern.actie (id,srt,admhnd,partij,tsreg) VALUES('833','18','833','2000','20101201');
INSERT INTO kern.actie (id,srt,admhnd,partij,tsreg) VALUES('832','18','832','2000','20101201');
INSERT INTO kern.actie (id,srt,admhnd,partij,tsreg) VALUES('831','18','831','2000','19910315');
INSERT INTO kern.actie (id,srt,admhnd,partij,tsreg) VALUES('830','18','830','2000','20010517');
INSERT INTO kern.actie (id,srt,admhnd,partij,tsreg) VALUES('829','18','829','2000','20090201');
INSERT INTO kern.actie (id,srt,admhnd,partij,tsreg) VALUES('828','18','828','2000','20090201');
INSERT INTO kern.actie (id,srt,admhnd,partij,tsreg) VALUES('827','18','827','2000','20060523');
INSERT INTO kern.actie (id,srt,admhnd,partij,tsreg) VALUES('826','18','826','2000','20060523');
INSERT INTO kern.actie (id,srt,admhnd,partij,tsreg) VALUES('825','18','825','2000','20040819');
INSERT INTO kern.actie (id,srt,admhnd,partij,tsreg) VALUES('824','18','824','2000','20040819');
INSERT INTO kern.actie (id,srt,admhnd,partij,tsreg) VALUES('823','18','823','2000','20010517');
INSERT INTO kern.actie (id,srt,admhnd,partij,tsreg) VALUES('822','18','822','2000','20010328');
INSERT INTO kern.actie (id,srt,admhnd,partij,tsreg) VALUES('821','18','821','2000','20010328');
INSERT INTO kern.actie (id,srt,admhnd,partij,tsreg) VALUES('820','18','820','2000','19580921');
INSERT INTO kern.actie (id,srt,admhnd,partij,tsreg) VALUES('819','18','819','2000','19820528');
INSERT INTO kern.actie (id,srt,admhnd,partij,tsreg) VALUES('818','18','818','2000','19820528');
INSERT INTO kern.actie (id,srt,admhnd,partij,tsreg) VALUES('817','18','817','2000','19590922');
INSERT INTO kern.actie (id,srt,admhnd,partij,tsreg) VALUES('816','18','816','2000','20010328');
INSERT INTO kern.actie (id,srt,admhnd,partij,tsreg) VALUES('815','18','815','2000','20010328');
INSERT INTO kern.actie (id,srt,admhnd,partij,tsreg) VALUES('814','18','814','2000','19601221');
INSERT INTO kern.actie (id,srt,admhnd,partij,tsreg) VALUES('813','18','813','2000','19911002');
INSERT INTO kern.actie (id,srt,admhnd,partij,tsreg) VALUES('812','18','812','2000','19911002');
INSERT INTO kern.actie (id,srt,admhnd,partij,tsreg) VALUES('811','18','811','2000','19611222');

commit;


--------------------------------------------------
--- EIND
--- Sheet: (brp_actie)
--- Handler: SheetHandlerImplSimpleInsert
--- Aantal: (269)
--------------------------------------------------
--------------------------------------------------
--- START
--- Sheet: (his_persafgeleidadministrati)
--- Handler: SheetHandlerImplSimpleInsert
--------------------------------------------------

begin;

INSERT INTO kern.his_persafgeleidadministrati (id,pers,tsreg,tsverval,actieinh,actieverval,nadereaandverval,admhnd,tslaatstewijz,sorteervolgorde,indonverwbijhvoorstelnieting,tslaatstewijzgbasystematiek) VALUES('1000','1','2005-03-28 00:00:00+00',null,'1000',null,null,'1000','2005-03-28 00:00:00+00','1','FALSE',null);
INSERT INTO kern.his_persafgeleidadministrati (id,pers,tsreg,tsverval,actieinh,actieverval,nadereaandverval,admhnd,tslaatstewijz,sorteervolgorde,indonverwbijhvoorstelnieting,tslaatstewijzgbasystematiek) VALUES('999','1','2003-03-27 04:00:00+00','2005-03-28 00:00:00+00','999','1000',null,'999','2003-03-27 00:00:00+00','1','FALSE',null);
INSERT INTO kern.his_persafgeleidadministrati (id,pers,tsreg,tsverval,actieinh,actieverval,nadereaandverval,admhnd,tslaatstewijz,sorteervolgorde,indonverwbijhvoorstelnieting,tslaatstewijzgbasystematiek) VALUES('998','1','2003-03-27 00:00:00+00','2003-03-27 04:00:00+00','501','999',null,'501','2003-03-27 00:00:00+00','1','FALSE',null);
INSERT INTO kern.his_persafgeleidadministrati (id,pers,tsreg,tsverval,actieinh,actieverval,nadereaandverval,admhnd,tslaatstewijz,sorteervolgorde,indonverwbijhvoorstelnieting,tslaatstewijzgbasystematiek) VALUES('997','1','1981-10-02 04:00:00+00','2003-03-27 00:00:00+00','998','501',null,'998','1981-10-02 00:00:00+00','1','FALSE',null);
INSERT INTO kern.his_persafgeleidadministrati (id,pers,tsreg,tsverval,actieinh,actieverval,nadereaandverval,admhnd,tslaatstewijz,sorteervolgorde,indonverwbijhvoorstelnieting,tslaatstewijzgbasystematiek) VALUES('996','1','1981-10-02 00:00:00+00','1981-10-02 04:00:00+00','1','998',null,'1','1981-10-02 00:00:00+00','1','FALSE',null);
INSERT INTO kern.his_persafgeleidadministrati (id,pers,tsreg,tsverval,actieinh,actieverval,nadereaandverval,admhnd,tslaatstewijz,sorteervolgorde,indonverwbijhvoorstelnieting,tslaatstewijzgbasystematiek) VALUES('995','2','2005-03-28 00:00:00+00',null,'997',null,null,'997','2005-03-28 00:00:00+00','1','FALSE',null);
INSERT INTO kern.his_persafgeleidadministrati (id,pers,tsreg,tsverval,actieinh,actieverval,nadereaandverval,admhnd,tslaatstewijz,sorteervolgorde,indonverwbijhvoorstelnieting,tslaatstewijzgbasystematiek) VALUES('994','2','2003-03-27 04:00:00+00','2005-03-28 00:00:00+00','996','997',null,'996','2003-03-27 00:00:00+00','1','FALSE',null);
INSERT INTO kern.his_persafgeleidadministrati (id,pers,tsreg,tsverval,actieinh,actieverval,nadereaandverval,admhnd,tslaatstewijz,sorteervolgorde,indonverwbijhvoorstelnieting,tslaatstewijzgbasystematiek) VALUES('993','2','2003-03-27 00:00:00+00','2003-03-27 04:00:00+00','501','996',null,'501','2003-03-27 00:00:00+00','1','FALSE',null);
INSERT INTO kern.his_persafgeleidadministrati (id,pers,tsreg,tsverval,actieinh,actieverval,nadereaandverval,admhnd,tslaatstewijz,sorteervolgorde,indonverwbijhvoorstelnieting,tslaatstewijzgbasystematiek) VALUES('992','2','1982-05-28 08:00:00+00','2003-03-27 00:00:00+00','995','501',null,'995','1982-05-28 00:00:00+00','1','FALSE',null);
INSERT INTO kern.his_persafgeleidadministrati (id,pers,tsreg,tsverval,actieinh,actieverval,nadereaandverval,admhnd,tslaatstewijz,sorteervolgorde,indonverwbijhvoorstelnieting,tslaatstewijzgbasystematiek) VALUES('991','2','1982-05-28 04:00:00+00','1982-05-28 08:00:00+00','624','995',null,'624','1982-05-28 00:00:00+00','1','FALSE',null);
INSERT INTO kern.his_persafgeleidadministrati (id,pers,tsreg,tsverval,actieinh,actieverval,nadereaandverval,admhnd,tslaatstewijz,sorteervolgorde,indonverwbijhvoorstelnieting,tslaatstewijzgbasystematiek) VALUES('990','2','1982-05-28 00:00:00+00','1982-05-28 04:00:00+00','2','624',null,'2','1982-05-28 00:00:00+00','1','FALSE',null);
INSERT INTO kern.his_persafgeleidadministrati (id,pers,tsreg,tsverval,actieinh,actieverval,nadereaandverval,admhnd,tslaatstewijz,sorteervolgorde,indonverwbijhvoorstelnieting,tslaatstewijzgbasystematiek) VALUES('989','3','1990-12-01 00:00:00+00',null,'994',null,null,'994','1990-12-01 00:00:00+00','1','FALSE',null);
INSERT INTO kern.his_persafgeleidadministrati (id,pers,tsreg,tsverval,actieinh,actieverval,nadereaandverval,admhnd,tslaatstewijz,sorteervolgorde,indonverwbijhvoorstelnieting,tslaatstewijzgbasystematiek) VALUES('988','3','1990-11-11 04:00:00+00','1990-12-01 00:00:00+00','993','994',null,'993','1990-11-11 00:00:00+00','1','FALSE',null);
INSERT INTO kern.his_persafgeleidadministrati (id,pers,tsreg,tsverval,actieinh,actieverval,nadereaandverval,admhnd,tslaatstewijz,sorteervolgorde,indonverwbijhvoorstelnieting,tslaatstewijzgbasystematiek) VALUES('987','3','1990-11-11 00:00:00+00','1990-11-11 04:00:00+00','502','993',null,'502','1990-11-11 00:00:00+00','1','FALSE',null);
INSERT INTO kern.his_persafgeleidadministrati (id,pers,tsreg,tsverval,actieinh,actieverval,nadereaandverval,admhnd,tslaatstewijz,sorteervolgorde,indonverwbijhvoorstelnieting,tslaatstewijzgbasystematiek) VALUES('986','3','1966-03-02 04:00:00+00','1990-11-11 00:00:00+00','992','502',null,'992','1966-03-02 00:00:00+00','1','FALSE',null);
INSERT INTO kern.his_persafgeleidadministrati (id,pers,tsreg,tsverval,actieinh,actieverval,nadereaandverval,admhnd,tslaatstewijz,sorteervolgorde,indonverwbijhvoorstelnieting,tslaatstewijzgbasystematiek) VALUES('985','3','1966-03-02 00:00:00+00','1966-03-02 04:00:00+00','3','992',null,'3','1966-03-02 00:00:00+00','1','FALSE',null);
INSERT INTO kern.his_persafgeleidadministrati (id,pers,tsreg,tsverval,actieinh,actieverval,nadereaandverval,admhnd,tslaatstewijz,sorteervolgorde,indonverwbijhvoorstelnieting,tslaatstewijzgbasystematiek) VALUES('984','4','1990-12-01 00:00:00+00',null,'991',null,null,'991','1990-12-01 00:00:00+00','1','FALSE',null);
INSERT INTO kern.his_persafgeleidadministrati (id,pers,tsreg,tsverval,actieinh,actieverval,nadereaandverval,admhnd,tslaatstewijz,sorteervolgorde,indonverwbijhvoorstelnieting,tslaatstewijzgbasystematiek) VALUES('983','4','1990-11-11 04:00:00+00','1990-12-01 00:00:00+00','990','991',null,'990','1990-11-11 00:00:00+00','1','FALSE',null);
INSERT INTO kern.his_persafgeleidadministrati (id,pers,tsreg,tsverval,actieinh,actieverval,nadereaandverval,admhnd,tslaatstewijz,sorteervolgorde,indonverwbijhvoorstelnieting,tslaatstewijzgbasystematiek) VALUES('982','4','1990-11-11 00:00:00+00','1990-11-11 04:00:00+00','502','990',null,'502','1990-11-11 00:00:00+00','1','FALSE',null);
INSERT INTO kern.his_persafgeleidadministrati (id,pers,tsreg,tsverval,actieinh,actieverval,nadereaandverval,admhnd,tslaatstewijz,sorteervolgorde,indonverwbijhvoorstelnieting,tslaatstewijzgbasystematiek) VALUES('981','4','1969-12-27 04:00:00+00','1990-11-11 00:00:00+00','989','502',null,'989','1969-12-27 00:00:00+00','1','FALSE',null);
INSERT INTO kern.his_persafgeleidadministrati (id,pers,tsreg,tsverval,actieinh,actieverval,nadereaandverval,admhnd,tslaatstewijz,sorteervolgorde,indonverwbijhvoorstelnieting,tslaatstewijzgbasystematiek) VALUES('980','4','1969-12-27 00:00:00+00','1969-12-27 04:00:00+00','4','989',null,'4','1969-12-27 00:00:00+00','1','FALSE',null);
INSERT INTO kern.his_persafgeleidadministrati (id,pers,tsreg,tsverval,actieinh,actieverval,nadereaandverval,admhnd,tslaatstewijz,sorteervolgorde,indonverwbijhvoorstelnieting,tslaatstewijzgbasystematiek) VALUES('979','5','2012-01-01 00:00:00+00',null,'639',null,null,'639','2012-01-01 00:00:00+00','1','FALSE',null);
INSERT INTO kern.his_persafgeleidadministrati (id,pers,tsreg,tsverval,actieinh,actieverval,nadereaandverval,admhnd,tslaatstewijz,sorteervolgorde,indonverwbijhvoorstelnieting,tslaatstewijzgbasystematiek) VALUES('978','5','2003-12-26 00:00:00+00','2012-01-01 00:00:00+00','500','639',null,'500','2003-12-26 00:00:00+00','1','FALSE',null);
INSERT INTO kern.his_persafgeleidadministrati (id,pers,tsreg,tsverval,actieinh,actieverval,nadereaandverval,admhnd,tslaatstewijz,sorteervolgorde,indonverwbijhvoorstelnieting,tslaatstewijzgbasystematiek) VALUES('977','5','1998-12-01 00:00:00+00','2003-12-26 00:00:00+00','988','500',null,'988','1998-12-01 00:00:00+00','1','FALSE',null);
INSERT INTO kern.his_persafgeleidadministrati (id,pers,tsreg,tsverval,actieinh,actieverval,nadereaandverval,admhnd,tslaatstewijz,sorteervolgorde,indonverwbijhvoorstelnieting,tslaatstewijzgbasystematiek) VALUES('976','5','1997-06-05 04:00:00+00','1998-12-01 00:00:00+00','987','988',null,'987','1997-06-05 00:00:00+00','1','FALSE',null);
INSERT INTO kern.his_persafgeleidadministrati (id,pers,tsreg,tsverval,actieinh,actieverval,nadereaandverval,admhnd,tslaatstewijz,sorteervolgorde,indonverwbijhvoorstelnieting,tslaatstewijzgbasystematiek) VALUES('975','5','1997-06-05 00:00:00+00','1997-06-05 04:00:00+00','503','987',null,'503','1997-06-05 00:00:00+00','1','FALSE',null);
INSERT INTO kern.his_persafgeleidadministrati (id,pers,tsreg,tsverval,actieinh,actieverval,nadereaandverval,admhnd,tslaatstewijz,sorteervolgorde,indonverwbijhvoorstelnieting,tslaatstewijzgbasystematiek) VALUES('974','5','1971-07-17 04:00:00+00','1997-06-05 00:00:00+00','986','503',null,'986','1971-07-17 00:00:00+00','1','FALSE',null);
INSERT INTO kern.his_persafgeleidadministrati (id,pers,tsreg,tsverval,actieinh,actieverval,nadereaandverval,admhnd,tslaatstewijz,sorteervolgorde,indonverwbijhvoorstelnieting,tslaatstewijzgbasystematiek) VALUES('973','5','1971-07-17 00:00:00+00','1971-07-17 04:00:00+00','5','986',null,'5','1971-07-17 00:00:00+00','1','FALSE',null);
INSERT INTO kern.his_persafgeleidadministrati (id,pers,tsreg,tsverval,actieinh,actieverval,nadereaandverval,admhnd,tslaatstewijz,sorteervolgorde,indonverwbijhvoorstelnieting,tslaatstewijzgbasystematiek) VALUES('972','6','2012-01-01 00:00:00+00',null,'639',null,null,'639','2012-01-01 00:00:00+00','1','FALSE',null);
INSERT INTO kern.his_persafgeleidadministrati (id,pers,tsreg,tsverval,actieinh,actieverval,nadereaandverval,admhnd,tslaatstewijz,sorteervolgorde,indonverwbijhvoorstelnieting,tslaatstewijzgbasystematiek) VALUES('971','6','2003-12-26 00:00:00+00','2012-01-01 00:00:00+00','500','639',null,'500','2003-12-26 00:00:00+00','1','FALSE',null);
INSERT INTO kern.his_persafgeleidadministrati (id,pers,tsreg,tsverval,actieinh,actieverval,nadereaandverval,admhnd,tslaatstewijz,sorteervolgorde,indonverwbijhvoorstelnieting,tslaatstewijzgbasystematiek) VALUES('970','6','1998-12-01 00:00:00+00','2003-12-26 00:00:00+00','985','500',null,'985','1998-12-01 00:00:00+00','1','FALSE',null);
INSERT INTO kern.his_persafgeleidadministrati (id,pers,tsreg,tsverval,actieinh,actieverval,nadereaandverval,admhnd,tslaatstewijz,sorteervolgorde,indonverwbijhvoorstelnieting,tslaatstewijzgbasystematiek) VALUES('969','6','1997-06-05 04:00:00+00','1998-12-01 00:00:00+00','984','985',null,'984','1997-06-05 00:00:00+00','1','FALSE',null);
INSERT INTO kern.his_persafgeleidadministrati (id,pers,tsreg,tsverval,actieinh,actieverval,nadereaandverval,admhnd,tslaatstewijz,sorteervolgorde,indonverwbijhvoorstelnieting,tslaatstewijzgbasystematiek) VALUES('968','6','1997-06-05 00:00:00+00','1997-06-05 04:00:00+00','503','984',null,'503','1997-06-05 00:00:00+00','1','FALSE',null);
INSERT INTO kern.his_persafgeleidadministrati (id,pers,tsreg,tsverval,actieinh,actieverval,nadereaandverval,admhnd,tslaatstewijz,sorteervolgorde,indonverwbijhvoorstelnieting,tslaatstewijzgbasystematiek) VALUES('967','6','1995-10-03 00:00:00+00','1997-06-05 00:00:00+00','636','503',null,'636','1995-10-03 00:00:00+00','1','FALSE',null);
INSERT INTO kern.his_persafgeleidadministrati (id,pers,tsreg,tsverval,actieinh,actieverval,nadereaandverval,admhnd,tslaatstewijz,sorteervolgorde,indonverwbijhvoorstelnieting,tslaatstewijzgbasystematiek) VALUES('966','6','1972-09-28 04:00:00+00','1995-10-03 00:00:00+00','983','636',null,'983','1972-09-28 00:00:00+00','1','FALSE',null);
INSERT INTO kern.his_persafgeleidadministrati (id,pers,tsreg,tsverval,actieinh,actieverval,nadereaandverval,admhnd,tslaatstewijz,sorteervolgorde,indonverwbijhvoorstelnieting,tslaatstewijzgbasystematiek) VALUES('965','6','1972-09-28 00:00:00+00','1972-09-28 04:00:00+00','6','983',null,'6','1972-09-28 00:00:00+00','1','FALSE',null);
INSERT INTO kern.his_persafgeleidadministrati (id,pers,tsreg,tsverval,actieinh,actieverval,nadereaandverval,admhnd,tslaatstewijz,sorteervolgorde,indonverwbijhvoorstelnieting,tslaatstewijzgbasystematiek) VALUES('964','7','2011-02-05 00:00:00+00',null,'982',null,null,'982','2011-02-05 00:00:00+00','1','FALSE',null);
INSERT INTO kern.his_persafgeleidadministrati (id,pers,tsreg,tsverval,actieinh,actieverval,nadereaandverval,admhnd,tslaatstewijz,sorteervolgorde,indonverwbijhvoorstelnieting,tslaatstewijzgbasystematiek) VALUES('963','7','2003-10-24 04:00:00+00','2011-02-05 00:00:00+00','981','982',null,'981','2003-10-24 00:00:00+00','1','FALSE',null);
INSERT INTO kern.his_persafgeleidadministrati (id,pers,tsreg,tsverval,actieinh,actieverval,nadereaandverval,admhnd,tslaatstewijz,sorteervolgorde,indonverwbijhvoorstelnieting,tslaatstewijzgbasystematiek) VALUES('962','7','2003-10-24 00:00:00+00','2003-10-24 04:00:00+00','504','981',null,'504','2003-10-24 00:00:00+00','1','FALSE',null);
INSERT INTO kern.his_persafgeleidadministrati (id,pers,tsreg,tsverval,actieinh,actieverval,nadereaandverval,admhnd,tslaatstewijz,sorteervolgorde,indonverwbijhvoorstelnieting,tslaatstewijzgbasystematiek) VALUES('961','7','1980-06-16 04:00:00+00','2003-10-24 00:00:00+00','980','504',null,'980','1980-06-16 00:00:00+00','1','FALSE',null);
INSERT INTO kern.his_persafgeleidadministrati (id,pers,tsreg,tsverval,actieinh,actieverval,nadereaandverval,admhnd,tslaatstewijz,sorteervolgorde,indonverwbijhvoorstelnieting,tslaatstewijzgbasystematiek) VALUES('960','7','1980-06-16 00:00:00+00','1980-06-16 04:00:00+00','7','980',null,'7','1980-06-16 00:00:00+00','1','FALSE',null);
INSERT INTO kern.his_persafgeleidadministrati (id,pers,tsreg,tsverval,actieinh,actieverval,nadereaandverval,admhnd,tslaatstewijz,sorteervolgorde,indonverwbijhvoorstelnieting,tslaatstewijzgbasystematiek) VALUES('959','8','2011-02-05 00:00:00+00',null,'979',null,null,'979','2011-02-05 00:00:00+00','1','FALSE',null);
INSERT INTO kern.his_persafgeleidadministrati (id,pers,tsreg,tsverval,actieinh,actieverval,nadereaandverval,admhnd,tslaatstewijz,sorteervolgorde,indonverwbijhvoorstelnieting,tslaatstewijzgbasystematiek) VALUES('958','8','2003-10-24 04:00:00+00','2011-02-05 00:00:00+00','978','979',null,'978','2003-10-24 00:00:00+00','1','FALSE',null);
INSERT INTO kern.his_persafgeleidadministrati (id,pers,tsreg,tsverval,actieinh,actieverval,nadereaandverval,admhnd,tslaatstewijz,sorteervolgorde,indonverwbijhvoorstelnieting,tslaatstewijzgbasystematiek) VALUES('957','8','2003-10-24 00:00:00+00','2003-10-24 04:00:00+00','504','978',null,'504','2003-10-24 00:00:00+00','1','FALSE',null);
INSERT INTO kern.his_persafgeleidadministrati (id,pers,tsreg,tsverval,actieinh,actieverval,nadereaandverval,admhnd,tslaatstewijz,sorteervolgorde,indonverwbijhvoorstelnieting,tslaatstewijzgbasystematiek) VALUES('956','8','1981-04-18 04:00:00+00','2003-10-24 00:00:00+00','977','504',null,'977','1981-04-18 00:00:00+00','1','FALSE',null);
INSERT INTO kern.his_persafgeleidadministrati (id,pers,tsreg,tsverval,actieinh,actieverval,nadereaandverval,admhnd,tslaatstewijz,sorteervolgorde,indonverwbijhvoorstelnieting,tslaatstewijzgbasystematiek) VALUES('955','8','1981-04-18 00:00:00+00','1981-04-18 04:00:00+00','8','977',null,'8','1981-04-18 00:00:00+00','1','FALSE',null);
INSERT INTO kern.his_persafgeleidadministrati (id,pers,tsreg,tsverval,actieinh,actieverval,nadereaandverval,admhnd,tslaatstewijz,sorteervolgorde,indonverwbijhvoorstelnieting,tslaatstewijzgbasystematiek) VALUES('954','9','2011-02-05 00:00:00+00',null,'976',null,null,'976','2011-02-05 00:00:00+00','1','FALSE',null);
INSERT INTO kern.his_persafgeleidadministrati (id,pers,tsreg,tsverval,actieinh,actieverval,nadereaandverval,admhnd,tslaatstewijz,sorteervolgorde,indonverwbijhvoorstelnieting,tslaatstewijzgbasystematiek) VALUES('953','9','2003-12-26 04:00:00+00','2011-02-05 00:00:00+00','975','976',null,'975','2003-12-26 00:00:00+00','1','FALSE',null);
INSERT INTO kern.his_persafgeleidadministrati (id,pers,tsreg,tsverval,actieinh,actieverval,nadereaandverval,admhnd,tslaatstewijz,sorteervolgorde,indonverwbijhvoorstelnieting,tslaatstewijzgbasystematiek) VALUES('952','9','2003-12-26 00:00:00+00','2003-12-26 04:00:00+00','500','975',null,'500','2003-12-26 00:00:00+00','1','FALSE',null);
INSERT INTO kern.his_persafgeleidadministrati (id,pers,tsreg,tsverval,actieinh,actieverval,nadereaandverval,admhnd,tslaatstewijz,sorteervolgorde,indonverwbijhvoorstelnieting,tslaatstewijzgbasystematiek) VALUES('951','9','1994-01-01 00:00:00+00','2003-12-26 00:00:00+00','9','500',null,'9','1994-01-01 00:00:00+00','1','FALSE',null);
INSERT INTO kern.his_persafgeleidadministrati (id,pers,tsreg,tsverval,actieinh,actieverval,nadereaandverval,admhnd,tslaatstewijz,sorteervolgorde,indonverwbijhvoorstelnieting,tslaatstewijzgbasystematiek) VALUES('950','10','2012-10-05 00:00:00+00',null,'640',null,null,'640','2012-10-05 00:00:00+00','1','FALSE',null);
INSERT INTO kern.his_persafgeleidadministrati (id,pers,tsreg,tsverval,actieinh,actieverval,nadereaandverval,admhnd,tslaatstewijz,sorteervolgorde,indonverwbijhvoorstelnieting,tslaatstewijzgbasystematiek) VALUES('949','10','2009-09-28 00:00:00+00','2012-10-05 00:00:00+00','974','640',null,'974','2009-09-28 00:00:00+00','1','FALSE',null);
INSERT INTO kern.his_persafgeleidadministrati (id,pers,tsreg,tsverval,actieinh,actieverval,nadereaandverval,admhnd,tslaatstewijz,sorteervolgorde,indonverwbijhvoorstelnieting,tslaatstewijzgbasystematiek) VALUES('948','10','1996-03-04 04:00:00+00','2009-09-28 00:00:00+00','973','974',null,'973','1996-03-04 00:00:00+00','1','FALSE',null);
INSERT INTO kern.his_persafgeleidadministrati (id,pers,tsreg,tsverval,actieinh,actieverval,nadereaandverval,admhnd,tslaatstewijz,sorteervolgorde,indonverwbijhvoorstelnieting,tslaatstewijzgbasystematiek) VALUES('947','10','1996-03-04 00:00:00+00','1996-03-04 04:00:00+00','505','973',null,'505','1996-03-04 00:00:00+00','1','FALSE',null);
INSERT INTO kern.his_persafgeleidadministrati (id,pers,tsreg,tsverval,actieinh,actieverval,nadereaandverval,admhnd,tslaatstewijz,sorteervolgorde,indonverwbijhvoorstelnieting,tslaatstewijzgbasystematiek) VALUES('946','10','1991-09-11 00:00:00+00','1996-03-04 00:00:00+00','627','505',null,'627','1991-09-11 00:00:00+00','1','FALSE',null);
INSERT INTO kern.his_persafgeleidadministrati (id,pers,tsreg,tsverval,actieinh,actieverval,nadereaandverval,admhnd,tslaatstewijz,sorteervolgorde,indonverwbijhvoorstelnieting,tslaatstewijzgbasystematiek) VALUES('945','10','1969-12-31 04:00:00+00','1991-09-11 00:00:00+00','972','627',null,'972','1969-12-31 00:00:00+00','1','FALSE',null);
INSERT INTO kern.his_persafgeleidadministrati (id,pers,tsreg,tsverval,actieinh,actieverval,nadereaandverval,admhnd,tslaatstewijz,sorteervolgorde,indonverwbijhvoorstelnieting,tslaatstewijzgbasystematiek) VALUES('944','10','1969-12-31 00:00:00+00','1969-12-31 04:00:00+00','10','972',null,'10','1969-12-31 00:00:00+00','1','FALSE',null);
INSERT INTO kern.his_persafgeleidadministrati (id,pers,tsreg,tsverval,actieinh,actieverval,nadereaandverval,admhnd,tslaatstewijz,sorteervolgorde,indonverwbijhvoorstelnieting,tslaatstewijzgbasystematiek) VALUES('943','11','2012-10-05 00:00:00+00',null,'640',null,null,'640','2012-10-05 00:00:00+00','1','FALSE',null);
INSERT INTO kern.his_persafgeleidadministrati (id,pers,tsreg,tsverval,actieinh,actieverval,nadereaandverval,admhnd,tslaatstewijz,sorteervolgorde,indonverwbijhvoorstelnieting,tslaatstewijzgbasystematiek) VALUES('942','11','2009-09-28 00:00:00+00','2012-10-05 00:00:00+00','971','640',null,'971','2009-09-28 00:00:00+00','1','FALSE',null);
INSERT INTO kern.his_persafgeleidadministrati (id,pers,tsreg,tsverval,actieinh,actieverval,nadereaandverval,admhnd,tslaatstewijz,sorteervolgorde,indonverwbijhvoorstelnieting,tslaatstewijzgbasystematiek) VALUES('941','11','1996-03-04 04:00:00+00','2009-09-28 00:00:00+00','970','971',null,'970','1996-03-04 00:00:00+00','1','FALSE',null);
INSERT INTO kern.his_persafgeleidadministrati (id,pers,tsreg,tsverval,actieinh,actieverval,nadereaandverval,admhnd,tslaatstewijz,sorteervolgorde,indonverwbijhvoorstelnieting,tslaatstewijzgbasystematiek) VALUES('940','11','1996-03-04 00:00:00+00','1996-03-04 04:00:00+00','505','970',null,'505','1996-03-04 00:00:00+00','1','FALSE',null);
INSERT INTO kern.his_persafgeleidadministrati (id,pers,tsreg,tsverval,actieinh,actieverval,nadereaandverval,admhnd,tslaatstewijz,sorteervolgorde,indonverwbijhvoorstelnieting,tslaatstewijzgbasystematiek) VALUES('939','11','1995-10-03 00:00:00+00','1996-03-04 00:00:00+00','636','505',null,'636','1995-10-03 00:00:00+00','1','FALSE',null);
INSERT INTO kern.his_persafgeleidadministrati (id,pers,tsreg,tsverval,actieinh,actieverval,nadereaandverval,admhnd,tslaatstewijz,sorteervolgorde,indonverwbijhvoorstelnieting,tslaatstewijzgbasystematiek) VALUES('938','11','1991-09-11 00:00:00+00','1995-10-03 00:00:00+00','627','636',null,'627','1991-09-11 00:00:00+00','1','FALSE',null);
INSERT INTO kern.his_persafgeleidadministrati (id,pers,tsreg,tsverval,actieinh,actieverval,nadereaandverval,admhnd,tslaatstewijz,sorteervolgorde,indonverwbijhvoorstelnieting,tslaatstewijzgbasystematiek) VALUES('937','11','1969-05-16 04:00:00+00','1991-09-11 00:00:00+00','969','627',null,'969','1969-05-16 00:00:00+00','1','FALSE',null);
INSERT INTO kern.his_persafgeleidadministrati (id,pers,tsreg,tsverval,actieinh,actieverval,nadereaandverval,admhnd,tslaatstewijz,sorteervolgorde,indonverwbijhvoorstelnieting,tslaatstewijzgbasystematiek) VALUES('936','11','1969-05-16 00:00:00+00','1969-05-16 04:00:00+00','11','969',null,'11','1969-05-16 00:00:00+00','1','FALSE',null);
INSERT INTO kern.his_persafgeleidadministrati (id,pers,tsreg,tsverval,actieinh,actieverval,nadereaandverval,admhnd,tslaatstewijz,sorteervolgorde,indonverwbijhvoorstelnieting,tslaatstewijzgbasystematiek) VALUES('935','12','2000-02-28 00:00:00+00',null,'968',null,null,'968','2000-02-28 00:00:00+00','1','FALSE',null);
INSERT INTO kern.his_persafgeleidadministrati (id,pers,tsreg,tsverval,actieinh,actieverval,nadereaandverval,admhnd,tslaatstewijz,sorteervolgorde,indonverwbijhvoorstelnieting,tslaatstewijzgbasystematiek) VALUES('934','12','1977-12-10 04:00:00+00','2000-02-28 00:00:00+00','967','968',null,'967','1977-12-10 00:00:00+00','1','FALSE',null);
INSERT INTO kern.his_persafgeleidadministrati (id,pers,tsreg,tsverval,actieinh,actieverval,nadereaandverval,admhnd,tslaatstewijz,sorteervolgorde,indonverwbijhvoorstelnieting,tslaatstewijzgbasystematiek) VALUES('933','12','1977-12-10 00:00:00+00','1977-12-10 04:00:00+00','12','967',null,'12','1977-12-10 00:00:00+00','1','FALSE',null);
INSERT INTO kern.his_persafgeleidadministrati (id,pers,tsreg,tsverval,actieinh,actieverval,nadereaandverval,admhnd,tslaatstewijz,sorteervolgorde,indonverwbijhvoorstelnieting,tslaatstewijzgbasystematiek) VALUES('932','13','1992-05-08 00:00:00+00',null,'966',null,null,'966','1992-05-08 00:00:00+00','1','FALSE',null);
INSERT INTO kern.his_persafgeleidadministrati (id,pers,tsreg,tsverval,actieinh,actieverval,nadereaandverval,admhnd,tslaatstewijz,sorteervolgorde,indonverwbijhvoorstelnieting,tslaatstewijzgbasystematiek) VALUES('931','13','1955-06-02 12:00:00+00','1992-05-08 00:00:00+00','965','966',null,'965','1955-06-02 00:00:00+00','1','FALSE',null);
INSERT INTO kern.his_persafgeleidadministrati (id,pers,tsreg,tsverval,actieinh,actieverval,nadereaandverval,admhnd,tslaatstewijz,sorteervolgorde,indonverwbijhvoorstelnieting,tslaatstewijzgbasystematiek) VALUES('930','13','1955-06-02 08:00:00+00','1955-06-02 12:00:00+00','645','965',null,'645','1955-06-02 00:00:00+00','1','FALSE',null);
INSERT INTO kern.his_persafgeleidadministrati (id,pers,tsreg,tsverval,actieinh,actieverval,nadereaandverval,admhnd,tslaatstewijz,sorteervolgorde,indonverwbijhvoorstelnieting,tslaatstewijzgbasystematiek) VALUES('929','13','1955-06-02 04:00:00+00','1955-06-02 08:00:00+00','625','645',null,'625','1955-06-02 00:00:00+00','1','FALSE',null);
INSERT INTO kern.his_persafgeleidadministrati (id,pers,tsreg,tsverval,actieinh,actieverval,nadereaandverval,admhnd,tslaatstewijz,sorteervolgorde,indonverwbijhvoorstelnieting,tslaatstewijzgbasystematiek) VALUES('928','13','1955-06-02 00:00:00+00','1955-06-02 04:00:00+00','13','625',null,'13','1955-06-02 00:00:00+00','1','FALSE',null);
INSERT INTO kern.his_persafgeleidadministrati (id,pers,tsreg,tsverval,actieinh,actieverval,nadereaandverval,admhnd,tslaatstewijz,sorteervolgorde,indonverwbijhvoorstelnieting,tslaatstewijzgbasystematiek) VALUES('927','14','2011-11-11 00:00:00+00',null,'506',null,null,'506','2011-11-11 00:00:00+00','1','FALSE',null);
INSERT INTO kern.his_persafgeleidadministrati (id,pers,tsreg,tsverval,actieinh,actieverval,nadereaandverval,admhnd,tslaatstewijz,sorteervolgorde,indonverwbijhvoorstelnieting,tslaatstewijzgbasystematiek) VALUES('926','14','2005-01-12 00:00:00+00','2011-11-11 00:00:00+00','638','506',null,'638','2005-01-12 00:00:00+00','1','FALSE',null);
INSERT INTO kern.his_persafgeleidadministrati (id,pers,tsreg,tsverval,actieinh,actieverval,nadereaandverval,admhnd,tslaatstewijz,sorteervolgorde,indonverwbijhvoorstelnieting,tslaatstewijzgbasystematiek) VALUES('925','14','1991-09-11 00:00:00+00','2005-01-12 00:00:00+00','627','638',null,'627','1991-09-11 00:00:00+00','1','FALSE',null);
INSERT INTO kern.his_persafgeleidadministrati (id,pers,tsreg,tsverval,actieinh,actieverval,nadereaandverval,admhnd,tslaatstewijz,sorteervolgorde,indonverwbijhvoorstelnieting,tslaatstewijzgbasystematiek) VALUES('924','14','1978-06-11 04:00:00+00','1991-09-11 00:00:00+00','964','627',null,'964','1978-06-11 00:00:00+00','1','FALSE',null);
INSERT INTO kern.his_persafgeleidadministrati (id,pers,tsreg,tsverval,actieinh,actieverval,nadereaandverval,admhnd,tslaatstewijz,sorteervolgorde,indonverwbijhvoorstelnieting,tslaatstewijzgbasystematiek) VALUES('923','14','1978-06-11 00:00:00+00','1978-06-11 04:00:00+00','14','964',null,'14','1978-06-11 00:00:00+00','1','FALSE',null);
INSERT INTO kern.his_persafgeleidadministrati (id,pers,tsreg,tsverval,actieinh,actieverval,nadereaandverval,admhnd,tslaatstewijz,sorteervolgorde,indonverwbijhvoorstelnieting,tslaatstewijzgbasystematiek) VALUES('922','15','2011-04-25 00:00:00+00',null,'963',null,null,'963','2011-04-25 00:00:00+00','1','FALSE',null);
INSERT INTO kern.his_persafgeleidadministrati (id,pers,tsreg,tsverval,actieinh,actieverval,nadereaandverval,admhnd,tslaatstewijz,sorteervolgorde,indonverwbijhvoorstelnieting,tslaatstewijzgbasystematiek) VALUES('921','15','2005-01-12 00:00:00+00','2011-04-25 00:00:00+00','638','963',null,'638','2005-01-12 00:00:00+00','1','FALSE',null);
INSERT INTO kern.his_persafgeleidadministrati (id,pers,tsreg,tsverval,actieinh,actieverval,nadereaandverval,admhnd,tslaatstewijz,sorteervolgorde,indonverwbijhvoorstelnieting,tslaatstewijzgbasystematiek) VALUES('920','15','1988-04-25 04:00:00+00','2005-01-12 00:00:00+00','962','638',null,'962','1988-04-25 00:00:00+00','1','FALSE',null);
INSERT INTO kern.his_persafgeleidadministrati (id,pers,tsreg,tsverval,actieinh,actieverval,nadereaandverval,admhnd,tslaatstewijz,sorteervolgorde,indonverwbijhvoorstelnieting,tslaatstewijzgbasystematiek) VALUES('919','15','1988-04-25 00:00:00+00','1988-04-25 04:00:00+00','15','962',null,'15','1988-04-25 00:00:00+00','1','FALSE',null);
INSERT INTO kern.his_persafgeleidadministrati (id,pers,tsreg,tsverval,actieinh,actieverval,nadereaandverval,admhnd,tslaatstewijz,sorteervolgorde,indonverwbijhvoorstelnieting,tslaatstewijzgbasystematiek) VALUES('918','16','2010-06-26 00:00:00+00',null,'961',null,null,'961','2010-06-26 00:00:00+00','1','FALSE',null);
INSERT INTO kern.his_persafgeleidadministrati (id,pers,tsreg,tsverval,actieinh,actieverval,nadereaandverval,admhnd,tslaatstewijz,sorteervolgorde,indonverwbijhvoorstelnieting,tslaatstewijzgbasystematiek) VALUES('917','16','1988-04-25 00:00:00+00','2010-06-26 00:00:00+00','960','961',null,'960','1988-04-25 00:00:00+00','1','FALSE',null);
INSERT INTO kern.his_persafgeleidadministrati (id,pers,tsreg,tsverval,actieinh,actieverval,nadereaandverval,admhnd,tslaatstewijz,sorteervolgorde,indonverwbijhvoorstelnieting,tslaatstewijzgbasystematiek) VALUES('916','16','1899-12-10 04:00:00+00','1988-04-25 00:00:00+00','959','960',null,'959','1899-12-10 00:00:00+00','1','FALSE',null);
INSERT INTO kern.his_persafgeleidadministrati (id,pers,tsreg,tsverval,actieinh,actieverval,nadereaandverval,admhnd,tslaatstewijz,sorteervolgorde,indonverwbijhvoorstelnieting,tslaatstewijzgbasystematiek) VALUES('915','16','1899-12-10 00:00:00+00','1899-12-10 04:00:00+00','16','959',null,'16','1899-12-10 00:00:00+00','1','FALSE',null);
INSERT INTO kern.his_persafgeleidadministrati (id,pers,tsreg,tsverval,actieinh,actieverval,nadereaandverval,admhnd,tslaatstewijz,sorteervolgorde,indonverwbijhvoorstelnieting,tslaatstewijzgbasystematiek) VALUES('914','17','2003-03-27 00:00:00+00',null,'958',null,null,'958','2003-03-27 00:00:00+00','1','FALSE',null);
INSERT INTO kern.his_persafgeleidadministrati (id,pers,tsreg,tsverval,actieinh,actieverval,nadereaandverval,admhnd,tslaatstewijz,sorteervolgorde,indonverwbijhvoorstelnieting,tslaatstewijzgbasystematiek) VALUES('913','17','1982-05-23 04:00:00+00','2003-03-27 00:00:00+00','957','958',null,'957','1982-05-23 00:00:00+00','1','FALSE',null);
INSERT INTO kern.his_persafgeleidadministrati (id,pers,tsreg,tsverval,actieinh,actieverval,nadereaandverval,admhnd,tslaatstewijz,sorteervolgorde,indonverwbijhvoorstelnieting,tslaatstewijzgbasystematiek) VALUES('912','17','1982-05-23 00:00:00+00','1982-05-23 04:00:00+00','17','957',null,'17','1982-05-23 00:00:00+00','1','FALSE',null);
INSERT INTO kern.his_persafgeleidadministrati (id,pers,tsreg,tsverval,actieinh,actieverval,nadereaandverval,admhnd,tslaatstewijz,sorteervolgorde,indonverwbijhvoorstelnieting,tslaatstewijzgbasystematiek) VALUES('911','18','2012-10-05 00:00:00+00',null,'46',null,null,'46','2012-10-05 00:00:00+00','1','FALSE',null);
INSERT INTO kern.his_persafgeleidadministrati (id,pers,tsreg,tsverval,actieinh,actieverval,nadereaandverval,admhnd,tslaatstewijz,sorteervolgorde,indonverwbijhvoorstelnieting,tslaatstewijzgbasystematiek) VALUES('910','18','1991-10-02 00:00:00+00','2012-10-05 00:00:00+00','956','46',null,'956','1991-10-02 00:00:00+00','1','FALSE',null);
INSERT INTO kern.his_persafgeleidadministrati (id,pers,tsreg,tsverval,actieinh,actieverval,nadereaandverval,admhnd,tslaatstewijz,sorteervolgorde,indonverwbijhvoorstelnieting,tslaatstewijzgbasystematiek) VALUES('909','18','1984-04-11 04:00:00+00','1991-10-02 00:00:00+00','955','956',null,'955','1984-04-11 00:00:00+00','1','FALSE',null);
INSERT INTO kern.his_persafgeleidadministrati (id,pers,tsreg,tsverval,actieinh,actieverval,nadereaandverval,admhnd,tslaatstewijz,sorteervolgorde,indonverwbijhvoorstelnieting,tslaatstewijzgbasystematiek) VALUES('908','18','1984-04-11 00:00:00+00','1984-04-11 04:00:00+00','18','955',null,'18','1984-04-11 00:00:00+00','1','FALSE',null);
INSERT INTO kern.his_persafgeleidadministrati (id,pers,tsreg,tsverval,actieinh,actieverval,nadereaandverval,admhnd,tslaatstewijz,sorteervolgorde,indonverwbijhvoorstelnieting,tslaatstewijzgbasystematiek) VALUES('907','19','1994-10-05 00:00:00+00',null,'954',null,null,'954','1994-10-05 00:00:00+00','1','FALSE',null);
INSERT INTO kern.his_persafgeleidadministrati (id,pers,tsreg,tsverval,actieinh,actieverval,nadereaandverval,admhnd,tslaatstewijz,sorteervolgorde,indonverwbijhvoorstelnieting,tslaatstewijzgbasystematiek) VALUES('906','19','1974-10-26 04:00:00+00','1990-11-11 00:00:00+00','953','954',null,'953','1974-10-26 00:00:00+00','1','FALSE',null);
INSERT INTO kern.his_persafgeleidadministrati (id,pers,tsreg,tsverval,actieinh,actieverval,nadereaandverval,admhnd,tslaatstewijz,sorteervolgorde,indonverwbijhvoorstelnieting,tslaatstewijzgbasystematiek) VALUES('905','19','1974-10-26 00:00:00+00','1974-10-26 04:00:00+00','19','953',null,'19','1974-10-26 00:00:00+00','1','FALSE',null);
INSERT INTO kern.his_persafgeleidadministrati (id,pers,tsreg,tsverval,actieinh,actieverval,nadereaandverval,admhnd,tslaatstewijz,sorteervolgorde,indonverwbijhvoorstelnieting,tslaatstewijzgbasystematiek) VALUES('904','20','2013-08-20 00:00:00+00',null,'47',null,null,'47','2013-08-20 00:00:00+00','1','FALSE',null);
INSERT INTO kern.his_persafgeleidadministrati (id,pers,tsreg,tsverval,actieinh,actieverval,nadereaandverval,admhnd,tslaatstewijz,sorteervolgorde,indonverwbijhvoorstelnieting,tslaatstewijzgbasystematiek) VALUES('903','20','1982-05-28 00:00:00+00','2013-08-20 00:00:00+00','952','47',null,'952','1982-05-28 00:00:00+00','1','FALSE',null);
INSERT INTO kern.his_persafgeleidadministrati (id,pers,tsreg,tsverval,actieinh,actieverval,nadereaandverval,admhnd,tslaatstewijz,sorteervolgorde,indonverwbijhvoorstelnieting,tslaatstewijzgbasystematiek) VALUES('902','20','1976-01-03 08:00:00+00','1982-05-28 00:00:00+00','951','952',null,'951','1976-01-03 00:00:00+00','1','FALSE',null);
INSERT INTO kern.his_persafgeleidadministrati (id,pers,tsreg,tsverval,actieinh,actieverval,nadereaandverval,admhnd,tslaatstewijz,sorteervolgorde,indonverwbijhvoorstelnieting,tslaatstewijzgbasystematiek) VALUES('901','20','1976-01-03 04:00:00+00','1976-01-03 08:00:00+00','49','951',null,'49','1976-01-03 00:00:00+00','1','FALSE',null);
INSERT INTO kern.his_persafgeleidadministrati (id,pers,tsreg,tsverval,actieinh,actieverval,nadereaandverval,admhnd,tslaatstewijz,sorteervolgorde,indonverwbijhvoorstelnieting,tslaatstewijzgbasystematiek) VALUES('900','20','1976-01-03 00:00:00+00','1976-01-03 04:00:00+00','20','49',null,'20','1976-01-03 00:00:00+00','1','FALSE',null);
INSERT INTO kern.his_persafgeleidadministrati (id,pers,tsreg,tsverval,actieinh,actieverval,nadereaandverval,admhnd,tslaatstewijz,sorteervolgorde,indonverwbijhvoorstelnieting,tslaatstewijzgbasystematiek) VALUES('899','21','2001-03-28 00:00:00+00',null,'950',null,null,'950','2001-03-28 00:00:00+00','1','FALSE',null);
INSERT INTO kern.his_persafgeleidadministrati (id,pers,tsreg,tsverval,actieinh,actieverval,nadereaandverval,admhnd,tslaatstewijz,sorteervolgorde,indonverwbijhvoorstelnieting,tslaatstewijzgbasystematiek) VALUES('898','21','1992-05-16 04:00:00+00','2001-03-28 00:00:00+00','949','950',null,'949','1992-05-16 00:00:00+00','1','FALSE',null);
INSERT INTO kern.his_persafgeleidadministrati (id,pers,tsreg,tsverval,actieinh,actieverval,nadereaandverval,admhnd,tslaatstewijz,sorteervolgorde,indonverwbijhvoorstelnieting,tslaatstewijzgbasystematiek) VALUES('897','21','1992-05-16 00:00:00+00','1992-05-16 04:00:00+00','21','949',null,'21','1992-05-16 00:00:00+00','1','FALSE',null);
INSERT INTO kern.his_persafgeleidadministrati (id,pers,tsreg,tsverval,actieinh,actieverval,nadereaandverval,admhnd,tslaatstewijz,sorteervolgorde,indonverwbijhvoorstelnieting,tslaatstewijzgbasystematiek) VALUES('896','22','2010-10-02 00:00:00+00',null,'948',null,null,'948','2010-10-02 00:00:00+00','1','FALSE',null);
INSERT INTO kern.his_persafgeleidadministrati (id,pers,tsreg,tsverval,actieinh,actieverval,nadereaandverval,admhnd,tslaatstewijz,sorteervolgorde,indonverwbijhvoorstelnieting,tslaatstewijzgbasystematiek) VALUES('895','22','1995-11-10 00:00:00+00','2010-10-02 00:00:00+00','947','948',null,'947','1995-11-10 00:00:00+00','1','FALSE',null);
INSERT INTO kern.his_persafgeleidadministrati (id,pers,tsreg,tsverval,actieinh,actieverval,nadereaandverval,admhnd,tslaatstewijz,sorteervolgorde,indonverwbijhvoorstelnieting,tslaatstewijzgbasystematiek) VALUES('894','22','1995-10-03 00:00:00+00','1995-11-10 00:00:00+00','22','947',null,'22','1995-10-03 00:00:00+00','1','FALSE',null);
INSERT INTO kern.his_persafgeleidadministrati (id,pers,tsreg,tsverval,actieinh,actieverval,nadereaandverval,admhnd,tslaatstewijz,sorteervolgorde,indonverwbijhvoorstelnieting,tslaatstewijzgbasystematiek) VALUES('893','23','1997-06-05 00:00:00+00',null,'946',null,null,'946','1997-06-05 00:00:00+00','1','FALSE',null);
INSERT INTO kern.his_persafgeleidadministrati (id,pers,tsreg,tsverval,actieinh,actieverval,nadereaandverval,admhnd,tslaatstewijz,sorteervolgorde,indonverwbijhvoorstelnieting,tslaatstewijzgbasystematiek) VALUES('892','23','1968-03-10 04:00:00+00','1997-06-05 00:00:00+00','945','946',null,'945','1968-03-10 00:00:00+00','1','FALSE',null);
INSERT INTO kern.his_persafgeleidadministrati (id,pers,tsreg,tsverval,actieinh,actieverval,nadereaandverval,admhnd,tslaatstewijz,sorteervolgorde,indonverwbijhvoorstelnieting,tslaatstewijzgbasystematiek) VALUES('891','23','1968-03-10 00:00:00+00','1968-03-10 04:00:00+00','23','945',null,'23','1968-03-10 00:00:00+00','1','FALSE',null);
INSERT INTO kern.his_persafgeleidadministrati (id,pers,tsreg,tsverval,actieinh,actieverval,nadereaandverval,admhnd,tslaatstewijz,sorteervolgorde,indonverwbijhvoorstelnieting,tslaatstewijzgbasystematiek) VALUES('890','24','1979-09-28 00:00:00+00',null,'944',null,null,'944','1979-09-28 00:00:00+00','1','FALSE',null);
INSERT INTO kern.his_persafgeleidadministrati (id,pers,tsreg,tsverval,actieinh,actieverval,nadereaandverval,admhnd,tslaatstewijz,sorteervolgorde,indonverwbijhvoorstelnieting,tslaatstewijzgbasystematiek) VALUES('889','24','1977-04-01 04:00:00+00','1979-09-28 00:00:00+00','943','944',null,'943','1977-04-01 00:00:00+00','1','FALSE',null);
INSERT INTO kern.his_persafgeleidadministrati (id,pers,tsreg,tsverval,actieinh,actieverval,nadereaandverval,admhnd,tslaatstewijz,sorteervolgorde,indonverwbijhvoorstelnieting,tslaatstewijzgbasystematiek) VALUES('888','24','1977-04-01 00:00:00+00','1977-04-01 04:00:00+00','24','943',null,'24','1977-04-01 00:00:00+00','1','FALSE',null);
INSERT INTO kern.his_persafgeleidadministrati (id,pers,tsreg,tsverval,actieinh,actieverval,nadereaandverval,admhnd,tslaatstewijz,sorteervolgorde,indonverwbijhvoorstelnieting,tslaatstewijzgbasystematiek) VALUES('887','25','1995-09-29 00:00:00+00',null,'942',null,null,'942','1995-09-29 00:00:00+00','1','FALSE',null);
INSERT INTO kern.his_persafgeleidadministrati (id,pers,tsreg,tsverval,actieinh,actieverval,nadereaandverval,admhnd,tslaatstewijz,sorteervolgorde,indonverwbijhvoorstelnieting,tslaatstewijzgbasystematiek) VALUES('886','25','1988-06-11 04:00:00+00','1995-09-29 00:00:00+00','941','942',null,'941','1988-06-11 00:00:00+00','1','FALSE',null);
INSERT INTO kern.his_persafgeleidadministrati (id,pers,tsreg,tsverval,actieinh,actieverval,nadereaandverval,admhnd,tslaatstewijz,sorteervolgorde,indonverwbijhvoorstelnieting,tslaatstewijzgbasystematiek) VALUES('885','25','1988-06-11 00:00:00+00','1988-06-11 04:00:00+00','25','941',null,'25','1988-06-11 00:00:00+00','1','FALSE',null);
INSERT INTO kern.his_persafgeleidadministrati (id,pers,tsreg,tsverval,actieinh,actieverval,nadereaandverval,admhnd,tslaatstewijz,sorteervolgorde,indonverwbijhvoorstelnieting,tslaatstewijzgbasystematiek) VALUES('884','25','1977-04-01 00:00:00+00','1988-06-11 00:00:00+00','646','25',null,'646','1977-04-01 00:00:00+00','1','FALSE',null);
INSERT INTO kern.his_persafgeleidadministrati (id,pers,tsreg,tsverval,actieinh,actieverval,nadereaandverval,admhnd,tslaatstewijz,sorteervolgorde,indonverwbijhvoorstelnieting,tslaatstewijzgbasystematiek) VALUES('883','26','2005-01-12 00:00:00+00',null,'638',null,null,'638','2005-01-12 00:00:00+00','1','FALSE',null);
INSERT INTO kern.his_persafgeleidadministrati (id,pers,tsreg,tsverval,actieinh,actieverval,nadereaandverval,admhnd,tslaatstewijz,sorteervolgorde,indonverwbijhvoorstelnieting,tslaatstewijzgbasystematiek) VALUES('882','26','2000-01-01 00:00:00+00','2005-01-12 00:00:00+00','940','638',null,'940','2000-01-01 00:00:00+00','1','FALSE',null);
INSERT INTO kern.his_persafgeleidadministrati (id,pers,tsreg,tsverval,actieinh,actieverval,nadereaandverval,admhnd,tslaatstewijz,sorteervolgorde,indonverwbijhvoorstelnieting,tslaatstewijzgbasystematiek) VALUES('881','26','1991-07-21 04:00:00+00','2000-01-01 00:00:00+00','939','940',null,'939','1991-07-21 00:00:00+00','1','FALSE',null);
INSERT INTO kern.his_persafgeleidadministrati (id,pers,tsreg,tsverval,actieinh,actieverval,nadereaandverval,admhnd,tslaatstewijz,sorteervolgorde,indonverwbijhvoorstelnieting,tslaatstewijzgbasystematiek) VALUES('880','26','1991-07-21 00:00:00+00','1991-07-21 04:00:00+00','26','939',null,'26','1991-07-21 00:00:00+00','1','FALSE',null);
INSERT INTO kern.his_persafgeleidadministrati (id,pers,tsreg,tsverval,actieinh,actieverval,nadereaandverval,admhnd,tslaatstewijz,sorteervolgorde,indonverwbijhvoorstelnieting,tslaatstewijzgbasystematiek) VALUES('879','27','2003-10-24 00:00:00+00',null,'938',null,null,'938','2003-10-24 00:00:00+00','1','FALSE',null);
INSERT INTO kern.his_persafgeleidadministrati (id,pers,tsreg,tsverval,actieinh,actieverval,nadereaandverval,admhnd,tslaatstewijz,sorteervolgorde,indonverwbijhvoorstelnieting,tslaatstewijzgbasystematiek) VALUES('878','27','1991-09-11 04:00:00+00','2003-10-24 00:00:00+00','937','938',null,'937','1991-09-11 00:00:00+00','1','FALSE',null);
INSERT INTO kern.his_persafgeleidadministrati (id,pers,tsreg,tsverval,actieinh,actieverval,nadereaandverval,admhnd,tslaatstewijz,sorteervolgorde,indonverwbijhvoorstelnieting,tslaatstewijzgbasystematiek) VALUES('877','27','1991-09-11 00:00:00+00','1991-09-11 04:00:00+00','27','937',null,'27','1991-09-11 00:00:00+00','1','FALSE',null);
INSERT INTO kern.his_persafgeleidadministrati (id,pers,tsreg,tsverval,actieinh,actieverval,nadereaandverval,admhnd,tslaatstewijz,sorteervolgorde,indonverwbijhvoorstelnieting,tslaatstewijzgbasystematiek) VALUES('876','28','2009-05-05 00:00:00+00',null,'642',null,null,'642','2009-05-05 00:00:00+00','1','FALSE',null);
INSERT INTO kern.his_persafgeleidadministrati (id,pers,tsreg,tsverval,actieinh,actieverval,nadereaandverval,admhnd,tslaatstewijz,sorteervolgorde,indonverwbijhvoorstelnieting,tslaatstewijzgbasystematiek) VALUES('875','28','2005-12-01 00:00:00+00','2009-05-05 00:00:00+00','644','642',null,'644','2005-12-01 00:00:00+00','1','FALSE',null);
INSERT INTO kern.his_persafgeleidadministrati (id,pers,tsreg,tsverval,actieinh,actieverval,nadereaandverval,admhnd,tslaatstewijz,sorteervolgorde,indonverwbijhvoorstelnieting,tslaatstewijzgbasystematiek) VALUES('874','28','2000-10-22 00:00:00+00','2005-12-01 00:00:00+00','628','644',null,'628','2000-10-22 00:00:00+00','1','FALSE',null);
INSERT INTO kern.his_persafgeleidadministrati (id,pers,tsreg,tsverval,actieinh,actieverval,nadereaandverval,admhnd,tslaatstewijz,sorteervolgorde,indonverwbijhvoorstelnieting,tslaatstewijzgbasystematiek) VALUES('873','28','1999-06-16 00:00:00+00','2000-10-22 00:00:00+00','936','628',null,'936','1999-06-16 00:00:00+00','1','FALSE',null);
INSERT INTO kern.his_persafgeleidadministrati (id,pers,tsreg,tsverval,actieinh,actieverval,nadereaandverval,admhnd,tslaatstewijz,sorteervolgorde,indonverwbijhvoorstelnieting,tslaatstewijzgbasystematiek) VALUES('872','28','1990-07-22 04:00:00+00','1999-06-16 00:00:00+00','935','936',null,'935','1990-07-22 00:00:00+00','1','FALSE',null);
INSERT INTO kern.his_persafgeleidadministrati (id,pers,tsreg,tsverval,actieinh,actieverval,nadereaandverval,admhnd,tslaatstewijz,sorteervolgorde,indonverwbijhvoorstelnieting,tslaatstewijzgbasystematiek) VALUES('871','28','1990-07-22 00:00:00+00','1990-07-22 04:00:00+00','28','935',null,'28','1990-07-22 00:00:00+00','1','FALSE',null);
INSERT INTO kern.his_persafgeleidadministrati (id,pers,tsreg,tsverval,actieinh,actieverval,nadereaandverval,admhnd,tslaatstewijz,sorteervolgorde,indonverwbijhvoorstelnieting,tslaatstewijzgbasystematiek) VALUES('870','29','1985-10-11 00:00:00+00',null,'643',null,null,'643','1985-10-11 00:00:00+00','1','FALSE',null);
INSERT INTO kern.his_persafgeleidadministrati (id,pers,tsreg,tsverval,actieinh,actieverval,nadereaandverval,admhnd,tslaatstewijz,sorteervolgorde,indonverwbijhvoorstelnieting,tslaatstewijzgbasystematiek) VALUES('869','29','1945-05-05 00:00:00+00','1985-10-11 00:00:00+00','641','643',null,'641','1945-05-05 00:00:00+00','1','FALSE',null);
INSERT INTO kern.his_persafgeleidadministrati (id,pers,tsreg,tsverval,actieinh,actieverval,nadereaandverval,admhnd,tslaatstewijz,sorteervolgorde,indonverwbijhvoorstelnieting,tslaatstewijzgbasystematiek) VALUES('868','29','1920-04-30 00:00:00+00','1945-05-05 00:00:00+00','29','641',null,'29','1920-04-30 00:00:00+00','1','FALSE',null);
INSERT INTO kern.his_persafgeleidadministrati (id,pers,tsreg,tsverval,actieinh,actieverval,nadereaandverval,admhnd,tslaatstewijz,sorteervolgorde,indonverwbijhvoorstelnieting,tslaatstewijzgbasystematiek) VALUES('867','30','2012-06-20 00:00:00+00',null,'934',null,null,'934','2012-06-20 00:00:00+00','1','FALSE',null);
INSERT INTO kern.his_persafgeleidadministrati (id,pers,tsreg,tsverval,actieinh,actieverval,nadereaandverval,admhnd,tslaatstewijz,sorteervolgorde,indonverwbijhvoorstelnieting,tslaatstewijzgbasystematiek) VALUES('866','30','2009-12-01 00:00:00+00','2012-06-20 00:00:00+00','933','934',null,'933','2009-12-01 00:00:00+00','1','FALSE',null);
INSERT INTO kern.his_persafgeleidadministrati (id,pers,tsreg,tsverval,actieinh,actieverval,nadereaandverval,admhnd,tslaatstewijz,sorteervolgorde,indonverwbijhvoorstelnieting,tslaatstewijzgbasystematiek) VALUES('865','30','2006-02-01 00:00:00+00','2009-12-01 00:00:00+00','932','933',null,'932','2006-02-01 00:00:00+00','1','FALSE',null);
INSERT INTO kern.his_persafgeleidadministrati (id,pers,tsreg,tsverval,actieinh,actieverval,nadereaandverval,admhnd,tslaatstewijz,sorteervolgorde,indonverwbijhvoorstelnieting,tslaatstewijzgbasystematiek) VALUES('864','30','1985-10-11 00:00:00+00','2006-02-01 00:00:00+00','643','932',null,'643','1985-10-11 00:00:00+00','1','FALSE',null);
INSERT INTO kern.his_persafgeleidadministrati (id,pers,tsreg,tsverval,actieinh,actieverval,nadereaandverval,admhnd,tslaatstewijz,sorteervolgorde,indonverwbijhvoorstelnieting,tslaatstewijzgbasystematiek) VALUES('863','30','1945-05-05 00:00:00+00','1985-10-11 00:00:00+00','641','643',null,'641','1945-05-05 00:00:00+00','1','FALSE',null);
INSERT INTO kern.his_persafgeleidadministrati (id,pers,tsreg,tsverval,actieinh,actieverval,nadereaandverval,admhnd,tslaatstewijz,sorteervolgorde,indonverwbijhvoorstelnieting,tslaatstewijzgbasystematiek) VALUES('862','30','1922-04-19 04:00:00+00','1945-05-05 00:00:00+00','931','641',null,'931','1922-04-19 00:00:00+00','1','FALSE',null);
INSERT INTO kern.his_persafgeleidadministrati (id,pers,tsreg,tsverval,actieinh,actieverval,nadereaandverval,admhnd,tslaatstewijz,sorteervolgorde,indonverwbijhvoorstelnieting,tslaatstewijzgbasystematiek) VALUES('861','30','1922-04-19 00:00:00+00','1922-04-19 04:00:00+00','30','931',null,'30','1922-04-19 00:00:00+00','1','FALSE',null);
INSERT INTO kern.his_persafgeleidadministrati (id,pers,tsreg,tsverval,actieinh,actieverval,nadereaandverval,admhnd,tslaatstewijz,sorteervolgorde,indonverwbijhvoorstelnieting,tslaatstewijzgbasystematiek) VALUES('860','31','2012-03-06 00:00:00+00',null,'930',null,null,'930','2012-03-06 00:00:00+00','1','FALSE',null);
INSERT INTO kern.his_persafgeleidadministrati (id,pers,tsreg,tsverval,actieinh,actieverval,nadereaandverval,admhnd,tslaatstewijz,sorteervolgorde,indonverwbijhvoorstelnieting,tslaatstewijzgbasystematiek) VALUES('859','31','2001-09-26 00:00:00+00','2012-03-06 00:00:00+00','929','930',null,'929','2001-09-26 00:00:00+00','1','FALSE',null);
INSERT INTO kern.his_persafgeleidadministrati (id,pers,tsreg,tsverval,actieinh,actieverval,nadereaandverval,admhnd,tslaatstewijz,sorteervolgorde,indonverwbijhvoorstelnieting,tslaatstewijzgbasystematiek) VALUES('858','31','2000-08-27 00:00:00+00','2001-09-26 00:00:00+00','928','929',null,'928','2000-08-27 00:00:00+00','1','FALSE',null);
INSERT INTO kern.his_persafgeleidadministrati (id,pers,tsreg,tsverval,actieinh,actieverval,nadereaandverval,admhnd,tslaatstewijz,sorteervolgorde,indonverwbijhvoorstelnieting,tslaatstewijzgbasystematiek) VALUES('857','31','1992-02-19 04:00:00+00','2000-08-27 00:00:00+00','927','928',null,'927','1992-02-19 00:00:00+00','1','FALSE',null);
INSERT INTO kern.his_persafgeleidadministrati (id,pers,tsreg,tsverval,actieinh,actieverval,nadereaandverval,admhnd,tslaatstewijz,sorteervolgorde,indonverwbijhvoorstelnieting,tslaatstewijzgbasystematiek) VALUES('856','31','1992-02-19 00:00:00+00','1992-02-19 04:00:00+00','31','927',null,'31','1992-02-19 00:00:00+00','1','FALSE',null);
INSERT INTO kern.his_persafgeleidadministrati (id,pers,tsreg,tsverval,actieinh,actieverval,nadereaandverval,admhnd,tslaatstewijz,sorteervolgorde,indonverwbijhvoorstelnieting,tslaatstewijzgbasystematiek) VALUES('855','32','2012-06-21 00:00:00+00',null,'926',null,null,'926','2012-06-21 00:00:00+00','1','FALSE',null);
INSERT INTO kern.his_persafgeleidadministrati (id,pers,tsreg,tsverval,actieinh,actieverval,nadereaandverval,admhnd,tslaatstewijz,sorteervolgorde,indonverwbijhvoorstelnieting,tslaatstewijzgbasystematiek) VALUES('854','32','2001-03-01 00:00:00+00','2012-06-21 00:00:00+00','925','926',null,'925','2001-03-01 00:00:00+00','1','FALSE',null);
INSERT INTO kern.his_persafgeleidadministrati (id,pers,tsreg,tsverval,actieinh,actieverval,nadereaandverval,admhnd,tslaatstewijz,sorteervolgorde,indonverwbijhvoorstelnieting,tslaatstewijzgbasystematiek) VALUES('853','32','1976-07-01 00:00:00+00','2001-03-01 00:00:00+00','632','925',null,'632','1976-07-01 00:00:00+00','1','FALSE',null);
INSERT INTO kern.his_persafgeleidadministrati (id,pers,tsreg,tsverval,actieinh,actieverval,nadereaandverval,admhnd,tslaatstewijz,sorteervolgorde,indonverwbijhvoorstelnieting,tslaatstewijzgbasystematiek) VALUES('852','32','1967-06-01 00:00:00+00','1976-07-01 00:00:00+00','924','632',null,'924','1967-06-01 00:00:00+00','1','FALSE',null);
INSERT INTO kern.his_persafgeleidadministrati (id,pers,tsreg,tsverval,actieinh,actieverval,nadereaandverval,admhnd,tslaatstewijz,sorteervolgorde,indonverwbijhvoorstelnieting,tslaatstewijzgbasystematiek) VALUES('851','32','1951-09-23 04:00:00+00','1967-06-01 00:00:00+00','923','924',null,'923','1951-09-23 00:00:00+00','1','FALSE',null);
INSERT INTO kern.his_persafgeleidadministrati (id,pers,tsreg,tsverval,actieinh,actieverval,nadereaandverval,admhnd,tslaatstewijz,sorteervolgorde,indonverwbijhvoorstelnieting,tslaatstewijzgbasystematiek) VALUES('850','32','1951-09-23 00:00:00+00','1951-09-23 04:00:00+00','32','923',null,'32','1951-09-23 00:00:00+00','1','FALSE',null);
INSERT INTO kern.his_persafgeleidadministrati (id,pers,tsreg,tsverval,actieinh,actieverval,nadereaandverval,admhnd,tslaatstewijz,sorteervolgorde,indonverwbijhvoorstelnieting,tslaatstewijzgbasystematiek) VALUES('849','33','2012-06-21 00:00:00+00',null,'922',null,null,'922','2012-06-21 00:00:00+00','1','FALSE',null);
INSERT INTO kern.his_persafgeleidadministrati (id,pers,tsreg,tsverval,actieinh,actieverval,nadereaandverval,admhnd,tslaatstewijz,sorteervolgorde,indonverwbijhvoorstelnieting,tslaatstewijzgbasystematiek) VALUES('848','33','2001-03-01 00:00:00+00','2012-06-21 00:00:00+00','921','922',null,'921','2001-03-01 00:00:00+00','1','FALSE',null);
INSERT INTO kern.his_persafgeleidadministrati (id,pers,tsreg,tsverval,actieinh,actieverval,nadereaandverval,admhnd,tslaatstewijz,sorteervolgorde,indonverwbijhvoorstelnieting,tslaatstewijzgbasystematiek) VALUES('847','33','1976-07-01 00:00:00+00','2001-03-01 00:00:00+00','632','921',null,'632','1976-07-01 00:00:00+00','1','FALSE',null);
INSERT INTO kern.his_persafgeleidadministrati (id,pers,tsreg,tsverval,actieinh,actieverval,nadereaandverval,admhnd,tslaatstewijz,sorteervolgorde,indonverwbijhvoorstelnieting,tslaatstewijzgbasystematiek) VALUES('846','33','1967-06-01 00:00:00+00','1976-07-01 00:00:00+00','920','632',null,'920','1967-06-01 00:00:00+00','1','FALSE',null);
INSERT INTO kern.his_persafgeleidadministrati (id,pers,tsreg,tsverval,actieinh,actieverval,nadereaandverval,admhnd,tslaatstewijz,sorteervolgorde,indonverwbijhvoorstelnieting,tslaatstewijzgbasystematiek) VALUES('845','33','1953-11-16 04:00:00+00','1967-06-01 00:00:00+00','919','920',null,'919','1953-11-16 00:00:00+00','1','FALSE',null);
INSERT INTO kern.his_persafgeleidadministrati (id,pers,tsreg,tsverval,actieinh,actieverval,nadereaandverval,admhnd,tslaatstewijz,sorteervolgorde,indonverwbijhvoorstelnieting,tslaatstewijzgbasystematiek) VALUES('844','33','1953-11-16 00:00:00+00','1953-11-16 04:00:00+00','33','919',null,'33','1953-11-16 00:00:00+00','1','FALSE',null);
INSERT INTO kern.his_persafgeleidadministrati (id,pers,tsreg,tsverval,actieinh,actieverval,nadereaandverval,admhnd,tslaatstewijz,sorteervolgorde,indonverwbijhvoorstelnieting,tslaatstewijzgbasystematiek) VALUES('843','34','2009-07-01 00:00:00+00',null,'918',null,null,'918','2009-07-01 00:00:00+00','1','FALSE',null);
INSERT INTO kern.his_persafgeleidadministrati (id,pers,tsreg,tsverval,actieinh,actieverval,nadereaandverval,admhnd,tslaatstewijz,sorteervolgorde,indonverwbijhvoorstelnieting,tslaatstewijzgbasystematiek) VALUES('842','34','2008-02-18 00:00:00+00','2009-07-01 00:00:00+00','917','918',null,'917','2008-02-18 00:00:00+00','1','FALSE',null);
INSERT INTO kern.his_persafgeleidadministrati (id,pers,tsreg,tsverval,actieinh,actieverval,nadereaandverval,admhnd,tslaatstewijz,sorteervolgorde,indonverwbijhvoorstelnieting,tslaatstewijzgbasystematiek) VALUES('841','34','2007-04-06 00:00:00+00','2008-02-18 00:00:00+00','916','917',null,'916','2007-04-06 00:00:00+00','1','FALSE',null);
INSERT INTO kern.his_persafgeleidadministrati (id,pers,tsreg,tsverval,actieinh,actieverval,nadereaandverval,admhnd,tslaatstewijz,sorteervolgorde,indonverwbijhvoorstelnieting,tslaatstewijzgbasystematiek) VALUES('840','34','1939-04-02 04:00:00+00','2007-04-06 00:00:00+00','915','916',null,'915','1939-04-02 00:00:00+00','1','FALSE',null);
INSERT INTO kern.his_persafgeleidadministrati (id,pers,tsreg,tsverval,actieinh,actieverval,nadereaandverval,admhnd,tslaatstewijz,sorteervolgorde,indonverwbijhvoorstelnieting,tslaatstewijzgbasystematiek) VALUES('839','34','1939-04-02 00:00:00+00','1939-04-02 04:00:00+00','34','915',null,'34','1939-04-02 00:00:00+00','1','FALSE',null);
INSERT INTO kern.his_persafgeleidadministrati (id,pers,tsreg,tsverval,actieinh,actieverval,nadereaandverval,admhnd,tslaatstewijz,sorteervolgorde,indonverwbijhvoorstelnieting,tslaatstewijzgbasystematiek) VALUES('838','35','2009-03-01 00:00:00+00',null,'914',null,null,'914','2009-03-01 00:00:00+00','1','FALSE',null);
INSERT INTO kern.his_persafgeleidadministrati (id,pers,tsreg,tsverval,actieinh,actieverval,nadereaandverval,admhnd,tslaatstewijz,sorteervolgorde,indonverwbijhvoorstelnieting,tslaatstewijzgbasystematiek) VALUES('837','35','2008-11-01 00:00:00+00','2009-03-01 00:00:00+00','913','914',null,'913','2008-11-01 00:00:00+00','1','FALSE',null);
INSERT INTO kern.his_persafgeleidadministrati (id,pers,tsreg,tsverval,actieinh,actieverval,nadereaandverval,admhnd,tslaatstewijz,sorteervolgorde,indonverwbijhvoorstelnieting,tslaatstewijzgbasystematiek) VALUES('836','35','2006-03-15 00:00:00+00','2008-11-01 00:00:00+00','633','913',null,'633','2006-03-15 00:00:00+00','1','FALSE',null);
INSERT INTO kern.his_persafgeleidadministrati (id,pers,tsreg,tsverval,actieinh,actieverval,nadereaandverval,admhnd,tslaatstewijz,sorteervolgorde,indonverwbijhvoorstelnieting,tslaatstewijzgbasystematiek) VALUES('835','35','2005-12-01 00:00:00+00','2006-03-15 00:00:00+00','635','633',null,'635','2005-12-01 00:00:00+00','1','FALSE',null);
INSERT INTO kern.his_persafgeleidadministrati (id,pers,tsreg,tsverval,actieinh,actieverval,nadereaandverval,admhnd,tslaatstewijz,sorteervolgorde,indonverwbijhvoorstelnieting,tslaatstewijzgbasystematiek) VALUES('834','35','2005-01-12 00:00:00+00','2005-12-01 00:00:00+00','634','635',null,'634','2005-01-12 00:00:00+00','1','FALSE',null);
INSERT INTO kern.his_persafgeleidadministrati (id,pers,tsreg,tsverval,actieinh,actieverval,nadereaandverval,admhnd,tslaatstewijz,sorteervolgorde,indonverwbijhvoorstelnieting,tslaatstewijzgbasystematiek) VALUES('833','35','2005-01-01 00:00:00+00','2005-01-12 00:00:00+00','912','634',null,'912','2005-01-01 00:00:00+00','1','FALSE',null);
INSERT INTO kern.his_persafgeleidadministrati (id,pers,tsreg,tsverval,actieinh,actieverval,nadereaandverval,admhnd,tslaatstewijz,sorteervolgorde,indonverwbijhvoorstelnieting,tslaatstewijzgbasystematiek) VALUES('832','35','1984-12-03 04:00:00+00','2005-01-01 00:00:00+00','911','912',null,'911','1984-12-03 00:00:00+00','1','FALSE',null);
INSERT INTO kern.his_persafgeleidadministrati (id,pers,tsreg,tsverval,actieinh,actieverval,nadereaandverval,admhnd,tslaatstewijz,sorteervolgorde,indonverwbijhvoorstelnieting,tslaatstewijzgbasystematiek) VALUES('831','35','1984-12-03 00:00:00+00','1984-12-03 04:00:00+00','35','911',null,'35','1984-12-03 00:00:00+00','1','FALSE',null);
INSERT INTO kern.his_persafgeleidadministrati (id,pers,tsreg,tsverval,actieinh,actieverval,nadereaandverval,admhnd,tslaatstewijz,sorteervolgorde,indonverwbijhvoorstelnieting,tslaatstewijzgbasystematiek) VALUES('830','36','2009-03-01 00:00:00+00',null,'910',null,null,'910','2009-03-01 00:00:00+00','1','FALSE',null);
INSERT INTO kern.his_persafgeleidadministrati (id,pers,tsreg,tsverval,actieinh,actieverval,nadereaandverval,admhnd,tslaatstewijz,sorteervolgorde,indonverwbijhvoorstelnieting,tslaatstewijzgbasystematiek) VALUES('829','36','2008-11-01 00:00:00+00','2009-03-01 00:00:00+00','909','910',null,'909','2008-11-01 00:00:00+00','1','FALSE',null);
INSERT INTO kern.his_persafgeleidadministrati (id,pers,tsreg,tsverval,actieinh,actieverval,nadereaandverval,admhnd,tslaatstewijz,sorteervolgorde,indonverwbijhvoorstelnieting,tslaatstewijzgbasystematiek) VALUES('828','36','2006-03-15 00:00:00+00','2008-11-01 00:00:00+00','633','909',null,'633','2006-03-15 00:00:00+00','1','FALSE',null);
INSERT INTO kern.his_persafgeleidadministrati (id,pers,tsreg,tsverval,actieinh,actieverval,nadereaandverval,admhnd,tslaatstewijz,sorteervolgorde,indonverwbijhvoorstelnieting,tslaatstewijzgbasystematiek) VALUES('827','36','2005-12-01 00:00:00+00','2006-03-15 00:00:00+00','635','633',null,'635','2005-12-01 00:00:00+00','1','FALSE',null);
INSERT INTO kern.his_persafgeleidadministrati (id,pers,tsreg,tsverval,actieinh,actieverval,nadereaandverval,admhnd,tslaatstewijz,sorteervolgorde,indonverwbijhvoorstelnieting,tslaatstewijzgbasystematiek) VALUES('826','36','2005-01-12 00:00:00+00','2005-12-01 00:00:00+00','634','635',null,'634','2005-01-12 00:00:00+00','1','FALSE',null);
INSERT INTO kern.his_persafgeleidadministrati (id,pers,tsreg,tsverval,actieinh,actieverval,nadereaandverval,admhnd,tslaatstewijz,sorteervolgorde,indonverwbijhvoorstelnieting,tslaatstewijzgbasystematiek) VALUES('825','36','2005-01-01 00:00:00+00','2005-01-12 00:00:00+00','908','634',null,'908','2005-01-01 00:00:00+00','1','FALSE',null);
INSERT INTO kern.his_persafgeleidadministrati (id,pers,tsreg,tsverval,actieinh,actieverval,nadereaandverval,admhnd,tslaatstewijz,sorteervolgorde,indonverwbijhvoorstelnieting,tslaatstewijzgbasystematiek) VALUES('824','36','1985-10-11 08:00:00+00','2005-01-01 00:00:00+00','907','908',null,'907','1985-10-11 00:00:00+00','1','FALSE',null);
INSERT INTO kern.his_persafgeleidadministrati (id,pers,tsreg,tsverval,actieinh,actieverval,nadereaandverval,admhnd,tslaatstewijz,sorteervolgorde,indonverwbijhvoorstelnieting,tslaatstewijzgbasystematiek) VALUES('823','36','1985-10-11 04:00:00+00','1985-10-11 08:00:00+00','643','907',null,'643','1985-10-11 00:00:00+00','1','FALSE',null);
INSERT INTO kern.his_persafgeleidadministrati (id,pers,tsreg,tsverval,actieinh,actieverval,nadereaandverval,admhnd,tslaatstewijz,sorteervolgorde,indonverwbijhvoorstelnieting,tslaatstewijzgbasystematiek) VALUES('822','36','1985-10-11 00:00:00+00','1985-10-11 04:00:00+00','36','643',null,'36','1985-10-11 00:00:00+00','1','FALSE',null);
INSERT INTO kern.his_persafgeleidadministrati (id,pers,tsreg,tsverval,actieinh,actieverval,nadereaandverval,admhnd,tslaatstewijz,sorteervolgorde,indonverwbijhvoorstelnieting,tslaatstewijzgbasystematiek) VALUES('821','37','2009-03-01 00:00:00+00',null,'906',null,null,'906','2009-03-01 00:00:00+00','1','FALSE',null);
INSERT INTO kern.his_persafgeleidadministrati (id,pers,tsreg,tsverval,actieinh,actieverval,nadereaandverval,admhnd,tslaatstewijz,sorteervolgorde,indonverwbijhvoorstelnieting,tslaatstewijzgbasystematiek) VALUES('820','37','2008-11-01 00:00:00+00','2009-03-01 00:00:00+00','905','906',null,'905','2008-11-01 00:00:00+00','1','FALSE',null);
INSERT INTO kern.his_persafgeleidadministrati (id,pers,tsreg,tsverval,actieinh,actieverval,nadereaandverval,admhnd,tslaatstewijz,sorteervolgorde,indonverwbijhvoorstelnieting,tslaatstewijzgbasystematiek) VALUES('819','37','2005-01-12 08:00:00+00','2008-11-01 00:00:00+00','904','905',null,'904','2005-01-12 00:00:00+00','1','FALSE',null);
INSERT INTO kern.his_persafgeleidadministrati (id,pers,tsreg,tsverval,actieinh,actieverval,nadereaandverval,admhnd,tslaatstewijz,sorteervolgorde,indonverwbijhvoorstelnieting,tslaatstewijzgbasystematiek) VALUES('818','37','2005-01-12 04:00:00+00','2005-01-12 08:00:00+00','634','904',null,'634','2005-01-12 00:00:00+00','1','FALSE',null);
INSERT INTO kern.his_persafgeleidadministrati (id,pers,tsreg,tsverval,actieinh,actieverval,nadereaandverval,admhnd,tslaatstewijz,sorteervolgorde,indonverwbijhvoorstelnieting,tslaatstewijzgbasystematiek) VALUES('817','37','2005-01-12 00:00:00+00','2005-01-12 04:00:00+00','37','634',null,'37','2005-01-12 00:00:00+00','1','FALSE',null);
INSERT INTO kern.his_persafgeleidadministrati (id,pers,tsreg,tsverval,actieinh,actieverval,nadereaandverval,admhnd,tslaatstewijz,sorteervolgorde,indonverwbijhvoorstelnieting,tslaatstewijzgbasystematiek) VALUES('816','38','2009-05-05 00:00:00+00',null,'642',null,null,'642','2009-05-05 00:00:00+00','1','FALSE',null);
INSERT INTO kern.his_persafgeleidadministrati (id,pers,tsreg,tsverval,actieinh,actieverval,nadereaandverval,admhnd,tslaatstewijz,sorteervolgorde,indonverwbijhvoorstelnieting,tslaatstewijzgbasystematiek) VALUES('815','38','2009-03-01 00:00:00+00','2009-05-05 00:00:00+00','903','642',null,'903','2009-03-01 00:00:00+00','1','FALSE',null);
INSERT INTO kern.his_persafgeleidadministrati (id,pers,tsreg,tsverval,actieinh,actieverval,nadereaandverval,admhnd,tslaatstewijz,sorteervolgorde,indonverwbijhvoorstelnieting,tslaatstewijzgbasystematiek) VALUES('814','38','2008-11-01 00:00:00+00','2009-03-01 00:00:00+00','902','903',null,'902','2008-11-01 00:00:00+00','1','FALSE',null);
INSERT INTO kern.his_persafgeleidadministrati (id,pers,tsreg,tsverval,actieinh,actieverval,nadereaandverval,admhnd,tslaatstewijz,sorteervolgorde,indonverwbijhvoorstelnieting,tslaatstewijzgbasystematiek) VALUES('813','38','2005-12-01 12:00:00+00','2008-11-01 00:00:00+00','901','902',null,'901','2005-12-01 00:00:00+00','1','FALSE',null);
INSERT INTO kern.his_persafgeleidadministrati (id,pers,tsreg,tsverval,actieinh,actieverval,nadereaandverval,admhnd,tslaatstewijz,sorteervolgorde,indonverwbijhvoorstelnieting,tslaatstewijzgbasystematiek) VALUES('812','38','2005-12-01 08:00:00+00','2005-12-01 12:00:00+00','644','901',null,'644','2005-12-01 00:00:00+00','1','FALSE',null);
INSERT INTO kern.his_persafgeleidadministrati (id,pers,tsreg,tsverval,actieinh,actieverval,nadereaandverval,admhnd,tslaatstewijz,sorteervolgorde,indonverwbijhvoorstelnieting,tslaatstewijzgbasystematiek) VALUES('811','38','2005-12-01 04:00:00+00','2005-12-01 08:00:00+00','635','644',null,'635','2005-12-01 00:00:00+00','1','FALSE',null);
INSERT INTO kern.his_persafgeleidadministrati (id,pers,tsreg,tsverval,actieinh,actieverval,nadereaandverval,admhnd,tslaatstewijz,sorteervolgorde,indonverwbijhvoorstelnieting,tslaatstewijzgbasystematiek) VALUES('810','38','2005-12-01 00:00:00+00','2005-12-01 04:00:00+00','38','635',null,'38','2005-12-01 00:00:00+00','1','FALSE',null);
INSERT INTO kern.his_persafgeleidadministrati (id,pers,tsreg,tsverval,actieinh,actieverval,nadereaandverval,admhnd,tslaatstewijz,sorteervolgorde,indonverwbijhvoorstelnieting,tslaatstewijzgbasystematiek) VALUES('809','39','2012-05-22 00:00:00+00',null,'900',null,null,'900','2012-05-22 00:00:00+00','1','FALSE',null);
INSERT INTO kern.his_persafgeleidadministrati (id,pers,tsreg,tsverval,actieinh,actieverval,nadereaandverval,admhnd,tslaatstewijz,sorteervolgorde,indonverwbijhvoorstelnieting,tslaatstewijzgbasystematiek) VALUES('808','39','2011-12-01 00:00:00+00','2012-05-22 00:00:00+00','899','900',null,'899','2011-12-01 00:00:00+00','1','FALSE',null);
INSERT INTO kern.his_persafgeleidadministrati (id,pers,tsreg,tsverval,actieinh,actieverval,nadereaandverval,admhnd,tslaatstewijz,sorteervolgorde,indonverwbijhvoorstelnieting,tslaatstewijzgbasystematiek) VALUES('807','39','2010-12-01 00:00:00+00','2011-12-01 00:00:00+00','898','899',null,'898','2010-12-01 00:00:00+00','1','FALSE',null);
INSERT INTO kern.his_persafgeleidadministrati (id,pers,tsreg,tsverval,actieinh,actieverval,nadereaandverval,admhnd,tslaatstewijz,sorteervolgorde,indonverwbijhvoorstelnieting,tslaatstewijzgbasystematiek) VALUES('806','39','1991-03-15 04:00:00+00','2010-12-01 00:00:00+00','897','898',null,'897','1991-03-15 00:00:00+00','1','FALSE',null);
INSERT INTO kern.his_persafgeleidadministrati (id,pers,tsreg,tsverval,actieinh,actieverval,nadereaandverval,admhnd,tslaatstewijz,sorteervolgorde,indonverwbijhvoorstelnieting,tslaatstewijzgbasystematiek) VALUES('805','39','1991-03-15 00:00:00+00','1991-03-15 04:00:00+00','39','897',null,'39','1991-03-15 00:00:00+00','1','FALSE',null);
INSERT INTO kern.his_persafgeleidadministrati (id,pers,tsreg,tsverval,actieinh,actieverval,nadereaandverval,admhnd,tslaatstewijz,sorteervolgorde,indonverwbijhvoorstelnieting,tslaatstewijzgbasystematiek) VALUES('804','40','2005-12-01 00:00:00+00',null,'644',null,null,'644','2005-12-01 00:00:00+00','1','FALSE',null);
INSERT INTO kern.his_persafgeleidadministrati (id,pers,tsreg,tsverval,actieinh,actieverval,nadereaandverval,admhnd,tslaatstewijz,sorteervolgorde,indonverwbijhvoorstelnieting,tslaatstewijzgbasystematiek) VALUES('803','40','2001-05-17 04:00:00+00','2005-12-01 00:00:00+00','896','644',null,'896','2001-05-17 00:00:00+00','1','FALSE',null);
INSERT INTO kern.his_persafgeleidadministrati (id,pers,tsreg,tsverval,actieinh,actieverval,nadereaandverval,admhnd,tslaatstewijz,sorteervolgorde,indonverwbijhvoorstelnieting,tslaatstewijzgbasystematiek) VALUES('802','40','2001-05-17 00:00:00+00','2001-05-17 04:00:00+00','40','896',null,'40','2001-05-17 00:00:00+00','1','FALSE',null);
INSERT INTO kern.his_persafgeleidadministrati (id,pers,tsreg,tsverval,actieinh,actieverval,nadereaandverval,admhnd,tslaatstewijz,sorteervolgorde,indonverwbijhvoorstelnieting,tslaatstewijzgbasystematiek) VALUES('801','41','2009-02-06 00:00:00+00',null,'629',null,null,'629','2009-02-06 00:00:00+00','1','FALSE',null);
INSERT INTO kern.his_persafgeleidadministrati (id,pers,tsreg,tsverval,actieinh,actieverval,nadereaandverval,admhnd,tslaatstewijz,sorteervolgorde,indonverwbijhvoorstelnieting,tslaatstewijzgbasystematiek) VALUES('800','41','2009-02-01 00:00:00+00','2009-02-06 00:00:00+00','895','629',null,'895','2009-02-01 00:00:00+00','1','FALSE',null);
INSERT INTO kern.his_persafgeleidadministrati (id,pers,tsreg,tsverval,actieinh,actieverval,nadereaandverval,admhnd,tslaatstewijz,sorteervolgorde,indonverwbijhvoorstelnieting,tslaatstewijzgbasystematiek) VALUES('799','41','2006-05-23 00:00:00+00','2009-02-01 00:00:00+00','894','895',null,'894','2006-05-23 00:00:00+00','1','FALSE',null);
INSERT INTO kern.his_persafgeleidadministrati (id,pers,tsreg,tsverval,actieinh,actieverval,nadereaandverval,admhnd,tslaatstewijz,sorteervolgorde,indonverwbijhvoorstelnieting,tslaatstewijzgbasystematiek) VALUES('798','41','2004-08-19 00:00:00+00','2006-05-23 00:00:00+00','893','894',null,'893','2004-08-19 00:00:00+00','1','FALSE',null);
INSERT INTO kern.his_persafgeleidadministrati (id,pers,tsreg,tsverval,actieinh,actieverval,nadereaandverval,admhnd,tslaatstewijz,sorteervolgorde,indonverwbijhvoorstelnieting,tslaatstewijzgbasystematiek) VALUES('797','41','2001-05-17 00:00:00+00','2004-08-19 00:00:00+00','892','893',null,'892','2001-05-17 00:00:00+00','1','FALSE',null);
INSERT INTO kern.his_persafgeleidadministrati (id,pers,tsreg,tsverval,actieinh,actieverval,nadereaandverval,admhnd,tslaatstewijz,sorteervolgorde,indonverwbijhvoorstelnieting,tslaatstewijzgbasystematiek) VALUES('796','41','1968-08-09 00:00:00+00','2001-05-17 00:00:00+00','41','892',null,'41','1968-08-09 00:00:00+00','1','FALSE',null);
INSERT INTO kern.his_persafgeleidadministrati (id,pers,tsreg,tsverval,actieinh,actieverval,nadereaandverval,admhnd,tslaatstewijz,sorteervolgorde,indonverwbijhvoorstelnieting,tslaatstewijzgbasystematiek) VALUES('795','42','2001-03-28 00:00:00+00',null,'891',null,null,'891','2001-03-28 00:00:00+00','1','FALSE',null);
INSERT INTO kern.his_persafgeleidadministrati (id,pers,tsreg,tsverval,actieinh,actieverval,nadereaandverval,admhnd,tslaatstewijz,sorteervolgorde,indonverwbijhvoorstelnieting,tslaatstewijzgbasystematiek) VALUES('794','42','2000-10-22 00:00:00+00','2001-03-28 00:00:00+00','628','891',null,'628','2000-10-22 00:00:00+00','1','FALSE',null);
INSERT INTO kern.his_persafgeleidadministrati (id,pers,tsreg,tsverval,actieinh,actieverval,nadereaandverval,admhnd,tslaatstewijz,sorteervolgorde,indonverwbijhvoorstelnieting,tslaatstewijzgbasystematiek) VALUES('793','42','1980-06-10 00:00:00+00','2000-10-22 00:00:00+00','630','628',null,'630','1980-06-10 00:00:00+00','1','FALSE',null);
INSERT INTO kern.his_persafgeleidadministrati (id,pers,tsreg,tsverval,actieinh,actieverval,nadereaandverval,admhnd,tslaatstewijz,sorteervolgorde,indonverwbijhvoorstelnieting,tslaatstewijzgbasystematiek) VALUES('792','42','1958-09-21 04:00:00+00','1980-06-10 00:00:00+00','890','630',null,'890','1958-09-21 00:00:00+00','1','FALSE',null);
INSERT INTO kern.his_persafgeleidadministrati (id,pers,tsreg,tsverval,actieinh,actieverval,nadereaandverval,admhnd,tslaatstewijz,sorteervolgorde,indonverwbijhvoorstelnieting,tslaatstewijzgbasystematiek) VALUES('791','42','1958-09-21 00:00:00+00','1958-09-21 04:00:00+00','42','890',null,'42','1958-09-21 00:00:00+00','1','FALSE',null);
INSERT INTO kern.his_persafgeleidadministrati (id,pers,tsreg,tsverval,actieinh,actieverval,nadereaandverval,admhnd,tslaatstewijz,sorteervolgorde,indonverwbijhvoorstelnieting,tslaatstewijzgbasystematiek) VALUES('790','43','2000-10-22 00:00:00+00',null,'628',null,null,'628','2000-10-22 00:00:00+00','1','FALSE',null);
INSERT INTO kern.his_persafgeleidadministrati (id,pers,tsreg,tsverval,actieinh,actieverval,nadereaandverval,admhnd,tslaatstewijz,sorteervolgorde,indonverwbijhvoorstelnieting,tslaatstewijzgbasystematiek) VALUES('789','43','1982-05-28 00:00:00+00','2000-10-22 00:00:00+00','889','628',null,'889','1982-05-28 00:00:00+00','1','FALSE',null);
INSERT INTO kern.his_persafgeleidadministrati (id,pers,tsreg,tsverval,actieinh,actieverval,nadereaandverval,admhnd,tslaatstewijz,sorteervolgorde,indonverwbijhvoorstelnieting,tslaatstewijzgbasystematiek) VALUES('788','43','1980-06-10 00:00:00+00','1982-05-28 00:00:00+00','630','889',null,'630','1980-06-10 00:00:00+00','1','FALSE',null);
INSERT INTO kern.his_persafgeleidadministrati (id,pers,tsreg,tsverval,actieinh,actieverval,nadereaandverval,admhnd,tslaatstewijz,sorteervolgorde,indonverwbijhvoorstelnieting,tslaatstewijzgbasystematiek) VALUES('787','43','1959-09-22 04:00:00+00','1980-06-10 00:00:00+00','888','630',null,'888','1959-09-22 00:00:00+00','1','FALSE',null);
INSERT INTO kern.his_persafgeleidadministrati (id,pers,tsreg,tsverval,actieinh,actieverval,nadereaandverval,admhnd,tslaatstewijz,sorteervolgorde,indonverwbijhvoorstelnieting,tslaatstewijzgbasystematiek) VALUES('786','43','1959-09-22 00:00:00+00','1959-09-22 04:00:00+00','43','888',null,'43','1959-09-22 00:00:00+00','1','FALSE',null);
INSERT INTO kern.his_persafgeleidadministrati (id,pers,tsreg,tsverval,actieinh,actieverval,nadereaandverval,admhnd,tslaatstewijz,sorteervolgorde,indonverwbijhvoorstelnieting,tslaatstewijzgbasystematiek) VALUES('785','44','2001-03-28 00:00:00+00',null,'887',null,null,'887','2001-03-28 00:00:00+00','1','FALSE',null);
INSERT INTO kern.his_persafgeleidadministrati (id,pers,tsreg,tsverval,actieinh,actieverval,nadereaandverval,admhnd,tslaatstewijz,sorteervolgorde,indonverwbijhvoorstelnieting,tslaatstewijzgbasystematiek) VALUES('784','44','1990-07-22 00:00:00+00','2001-03-28 00:00:00+00','626','887',null,'626','1990-07-22 00:00:00+00','1','FALSE',null);
INSERT INTO kern.his_persafgeleidadministrati (id,pers,tsreg,tsverval,actieinh,actieverval,nadereaandverval,admhnd,tslaatstewijz,sorteervolgorde,indonverwbijhvoorstelnieting,tslaatstewijzgbasystematiek) VALUES('783','44','1981-04-25 00:00:00+00','1990-07-22 00:00:00+00','631','626',null,'631','1981-04-25 00:00:00+00','1','FALSE',null);
INSERT INTO kern.his_persafgeleidadministrati (id,pers,tsreg,tsverval,actieinh,actieverval,nadereaandverval,admhnd,tslaatstewijz,sorteervolgorde,indonverwbijhvoorstelnieting,tslaatstewijzgbasystematiek) VALUES('782','44','1960-12-21 04:00:00+00','1981-04-25 00:00:00+00','886','631',null,'886','1960-12-21 00:00:00+00','1','FALSE',null);
INSERT INTO kern.his_persafgeleidadministrati (id,pers,tsreg,tsverval,actieinh,actieverval,nadereaandverval,admhnd,tslaatstewijz,sorteervolgorde,indonverwbijhvoorstelnieting,tslaatstewijzgbasystematiek) VALUES('781','44','1960-12-21 00:00:00+00','1960-12-21 04:00:00+00','44','886',null,'44','1960-12-21 00:00:00+00','1','FALSE',null);
INSERT INTO kern.his_persafgeleidadministrati (id,pers,tsreg,tsverval,actieinh,actieverval,nadereaandverval,admhnd,tslaatstewijz,sorteervolgorde,indonverwbijhvoorstelnieting,tslaatstewijzgbasystematiek) VALUES('780','45','1991-10-02 00:00:00+00',null,'885',null,null,'885','1991-10-02 00:00:00+00','1','FALSE',null);
INSERT INTO kern.his_persafgeleidadministrati (id,pers,tsreg,tsverval,actieinh,actieverval,nadereaandverval,admhnd,tslaatstewijz,sorteervolgorde,indonverwbijhvoorstelnieting,tslaatstewijzgbasystematiek) VALUES('779','45','1990-07-22 00:00:00+00','1991-10-02 00:00:00+00','626','885',null,'626','1990-07-22 00:00:00+00','1','FALSE',null);
INSERT INTO kern.his_persafgeleidadministrati (id,pers,tsreg,tsverval,actieinh,actieverval,nadereaandverval,admhnd,tslaatstewijz,sorteervolgorde,indonverwbijhvoorstelnieting,tslaatstewijzgbasystematiek) VALUES('778','45','1981-04-25 00:00:00+00','1990-07-22 00:00:00+00','631','626',null,'631','1981-04-25 00:00:00+00','1','FALSE',null);
INSERT INTO kern.his_persafgeleidadministrati (id,pers,tsreg,tsverval,actieinh,actieverval,nadereaandverval,admhnd,tslaatstewijz,sorteervolgorde,indonverwbijhvoorstelnieting,tslaatstewijzgbasystematiek) VALUES('777','45','1961-12-22 04:00:00+00','1981-04-25 00:00:00+00','884','631',null,'884','1961-12-22 00:00:00+00','1','FALSE',null);
INSERT INTO kern.his_persafgeleidadministrati (id,pers,tsreg,tsverval,actieinh,actieverval,nadereaandverval,admhnd,tslaatstewijz,sorteervolgorde,indonverwbijhvoorstelnieting,tslaatstewijzgbasystematiek) VALUES('776','45','1961-12-22 00:00:00+00','1961-12-22 04:00:00+00','45','884',null,'45','1961-12-22 00:00:00+00','1','FALSE',null);

commit;


--------------------------------------------------
--- EIND
--- Sheet: (his_persafgeleidadministrati)
--- Handler: SheetHandlerImplSimpleInsert
--- Aantal: (225)
--------------------------------------------------
--------------------------------------------------
--- START
--- Sheet: (his_persids)
--- Handler: SheetHandlerImplSimpleInsert
--------------------------------------------------

begin;

INSERT INTO kern.his_persids (id,pers,dataanvgel,tsreg,actieinh,anr,bsn,nadereaandverval) VALUES('1','1','19811002','19811002','1','1268046023','302533928',null);
INSERT INTO kern.his_persids (id,pers,dataanvgel,tsreg,actieinh,anr,bsn,nadereaandverval) VALUES('2','2','19820528','19820528','2','1285742609','303937828',null);
INSERT INTO kern.his_persids (id,pers,dataanvgel,tsreg,actieinh,anr,bsn,nadereaandverval) VALUES('3','3','19660302','19660302','3','1251794870','305731828',null);
INSERT INTO kern.his_persids (id,pers,dataanvgel,tsreg,actieinh,anr,bsn,nadereaandverval) VALUES('4','4','19691227','19691227','4','1279021632','305863927',null);
INSERT INTO kern.his_persids (id,pers,dataanvgel,tsreg,actieinh,anr,bsn,nadereaandverval) VALUES('5','5','19710717','19710717','5','1291291421','306867837',null);
INSERT INTO kern.his_persids (id,pers,dataanvgel,tsreg,actieinh,anr,bsn,nadereaandverval) VALUES('6','6','19720928','19720928','6','1270780710','306741817',null);
INSERT INTO kern.his_persids (id,pers,dataanvgel,tsreg,actieinh,anr,bsn,nadereaandverval) VALUES('7','7','19800616','19800616','7','1269578796','308853817',null);
INSERT INTO kern.his_persids (id,pers,dataanvgel,tsreg,actieinh,anr,bsn,nadereaandverval) VALUES('8','8','19810418','19810418','8','1272497326','308869928',null);
INSERT INTO kern.his_persids (id,pers,dataanvgel,tsreg,actieinh,anr,bsn,nadereaandverval) VALUES('9','9','19940101','19940101','9','1205989450','309775838',null);
INSERT INTO kern.his_persids (id,pers,dataanvgel,tsreg,actieinh,anr,bsn,nadereaandverval) VALUES('10','10','19691231','19691231','10','1285070712','123459849',null);
INSERT INTO kern.his_persids (id,pers,dataanvgel,tsreg,actieinh,anr,bsn,nadereaandverval) VALUES('11','11','19690516','19690516','11','1251593010','912345627',null);
INSERT INTO kern.his_persids (id,pers,dataanvgel,tsreg,actieinh,anr,bsn,nadereaandverval) VALUES('12','12','19771210','19771210','12','1241031054','301571818',null);
INSERT INTO kern.his_persids (id,pers,dataanvgel,tsreg,actieinh,anr,bsn,nadereaandverval) VALUES('13','13','19550602','19550602','13','1267948132','912345664',null);
INSERT INTO kern.his_persids (id,pers,dataanvgel,tsreg,actieinh,anr,bsn,nadereaandverval) VALUES('14','14','19780611','19780611','14','1269603065','912345603',null);
INSERT INTO kern.his_persids (id,pers,dataanvgel,tsreg,actieinh,anr,bsn,nadereaandverval) VALUES('15','15','19880425','19880425','15','1280670419','304637828',null);
INSERT INTO kern.his_persids (id,pers,dataanvgel,tsreg,actieinh,anr,bsn,nadereaandverval) VALUES('16','16','19881210','19881210','16','1280498060','301953818',null);
INSERT INTO kern.his_persids (id,pers,dataanvgel,tsreg,actieinh,anr,bsn,nadereaandverval) VALUES('17','17','19960523','19960523','17','1276365793','200442193',null);
INSERT INTO kern.his_persids (id,pers,dataanvgel,tsreg,actieinh,anr,bsn,nadereaandverval) VALUES('18','18','19941005','19941005','18','1209234524','695544457',null);
INSERT INTO kern.his_persids (id,pers,dataanvgel,tsreg,actieinh,anr,bsn,nadereaandverval) VALUES('19','19','19941005','19941005','19','1252081937','749262217',null);
INSERT INTO kern.his_persids (id,pers,dataanvgel,tsreg,actieinh,anr,bsn,nadereaandverval) VALUES('20','20','19760103','19760103','20','1286294245','917483273',null);
INSERT INTO kern.his_persids (id,pers,dataanvgel,tsreg,actieinh,anr,bsn,nadereaandverval) VALUES('21','21','19961003','19961003','21','1273043418','832288329',null);
INSERT INTO kern.his_persids (id,pers,dataanvgel,tsreg,actieinh,anr,bsn,nadereaandverval) VALUES('22','22','19951003','19951003','22','1218539545','495117225',null);
INSERT INTO kern.his_persids (id,pers,dataanvgel,tsreg,actieinh,anr,bsn,nadereaandverval) VALUES('23','23','19941003','19941003','23','1215301602','659281673',null);
INSERT INTO kern.his_persids (id,pers,dataanvgel,tsreg,actieinh,anr,bsn,nadereaandverval) VALUES('24','24','19770401','19770401','24','1230697456','646324809',null);
INSERT INTO kern.his_persids (id,pers,dataanvgel,tsreg,actieinh,anr,bsn,nadereaandverval) VALUES('25','25','19880611','19880611','25','1275620636','572603241',null);
INSERT INTO kern.his_persids (id,pers,dataanvgel,tsreg,actieinh,anr,bsn,nadereaandverval) VALUES('26','26','19910721','19910721','26','1253627486','929159561',null);
INSERT INTO kern.his_persids (id,pers,dataanvgel,tsreg,actieinh,anr,bsn,nadereaandverval) VALUES('27','27','19910911','19910911','27','1219290810','668300681',null);
INSERT INTO kern.his_persids (id,pers,dataanvgel,tsreg,actieinh,anr,bsn,nadereaandverval) VALUES('28','28','19900722','19900722','28','1249798531','503811762',null);
INSERT INTO kern.his_persids (id,pers,dataanvgel,tsreg,actieinh,anr,bsn,nadereaandverval) VALUES('29','29','19200430','19200430','29','1275296714','204747569',null);
INSERT INTO kern.his_persids (id,pers,dataanvgel,tsreg,actieinh,anr,bsn,nadereaandverval) VALUES('30','30','19220419','19220419','30','1273512098','846514953',null);
INSERT INTO kern.his_persids (id,pers,dataanvgel,tsreg,actieinh,anr,bsn,nadereaandverval) VALUES('31','31','19920219','19920219','31','1203747072','793521865',null);
INSERT INTO kern.his_persids (id,pers,dataanvgel,tsreg,actieinh,anr,bsn,nadereaandverval) VALUES('32','32','19510923','19510923','32','1247876739','334030249',null);
INSERT INTO kern.his_persids (id,pers,dataanvgel,tsreg,actieinh,anr,bsn,nadereaandverval) VALUES('33','33','19531116','19531116','33','1240828521','804980809',null);
INSERT INTO kern.his_persids (id,pers,dataanvgel,tsreg,actieinh,anr,bsn,nadereaandverval) VALUES('34','34','19390402','19390402','34','1261651795','607628169',null);
INSERT INTO kern.his_persids (id,pers,dataanvgel,tsreg,actieinh,anr,bsn,nadereaandverval) VALUES('35','35','19841203','19841203','35','1265417093','257845161',null);
INSERT INTO kern.his_persids (id,pers,dataanvgel,tsreg,actieinh,anr,bsn,nadereaandverval) VALUES('36','36','19851011','19851011','36','1245635719','478499401',null);
INSERT INTO kern.his_persids (id,pers,dataanvgel,tsreg,actieinh,anr,bsn,nadereaandverval) VALUES('37','37','20050112','20050112','37','1245948547','923292809',null);
INSERT INTO kern.his_persids (id,pers,dataanvgel,tsreg,actieinh,anr,bsn,nadereaandverval) VALUES('38','38','20051201','20051201','38','1269414790','968092937',null);
INSERT INTO kern.his_persids (id,pers,dataanvgel,tsreg,actieinh,anr,bsn,nadereaandverval) VALUES('39','39','20050112','20050112','39','1269738936','118028959',null);
INSERT INTO kern.his_persids (id,pers,dataanvgel,tsreg,actieinh,anr,bsn,nadereaandverval) VALUES('40','40','20051201','20051201','40','1270759652','219383145',null);
INSERT INTO kern.his_persids (id,pers,dataanvgel,tsreg,actieinh,anr,bsn,nadereaandverval) VALUES('41','41','19680809','19680809','41','1239862549','617617545',null);
INSERT INTO kern.his_persids (id,pers,dataanvgel,tsreg,actieinh,anr,bsn,nadereaandverval) VALUES('42','42','19580921','19580921','42','1251842801','266512665',null);
INSERT INTO kern.his_persids (id,pers,dataanvgel,tsreg,actieinh,anr,bsn,nadereaandverval) VALUES('43','43','19951004','19951004','43','1240947637','978072777',null);
INSERT INTO kern.his_persids (id,pers,dataanvgel,tsreg,actieinh,anr,bsn,nadereaandverval) VALUES('44','44','20051201','20051201','44','1262716436','183020169',null);
INSERT INTO kern.his_persids (id,pers,dataanvgel,tsreg,actieinh,anr,bsn,nadereaandverval) VALUES('45','45','20050112','20050112','45','1252097327','871518089',null);

commit;


--------------------------------------------------
--- EIND
--- Sheet: (his_persids)
--- Handler: SheetHandlerImplSimpleInsert
--- Aantal: (49)
--------------------------------------------------
--------------------------------------------------
--- START
--- Sheet: (his_persgeslachtsaand)
--- Handler: SheetHandlerImplSimpleInsert
--------------------------------------------------

begin;

INSERT INTO kern.his_persgeslachtsaand (id,pers,dataanvgel,dateindegel,tsreg,tsverval,actieinh,actieverval,actieaanpgel,geslachtsaand,nadereaandverval) VALUES('1','1','19811002',null,'19811002',null,'1',null,null,'1',null);
INSERT INTO kern.his_persgeslachtsaand (id,pers,dataanvgel,dateindegel,tsreg,tsverval,actieinh,actieverval,actieaanpgel,geslachtsaand,nadereaandverval) VALUES('2','2','19820528',null,'19820528',null,'2',null,null,'2',null);
INSERT INTO kern.his_persgeslachtsaand (id,pers,dataanvgel,dateindegel,tsreg,tsverval,actieinh,actieverval,actieaanpgel,geslachtsaand,nadereaandverval) VALUES('3','3','19660302',null,'19660302',null,'3',null,null,'3',null);
INSERT INTO kern.his_persgeslachtsaand (id,pers,dataanvgel,dateindegel,tsreg,tsverval,actieinh,actieverval,actieaanpgel,geslachtsaand,nadereaandverval) VALUES('4','4','19691227',null,'19691227',null,'4',null,null,'2',null);
INSERT INTO kern.his_persgeslachtsaand (id,pers,dataanvgel,dateindegel,tsreg,tsverval,actieinh,actieverval,actieaanpgel,geslachtsaand,nadereaandverval) VALUES('5','5','19710717',null,'19710717',null,'5',null,null,'1',null);
INSERT INTO kern.his_persgeslachtsaand (id,pers,dataanvgel,dateindegel,tsreg,tsverval,actieinh,actieverval,actieaanpgel,geslachtsaand,nadereaandverval) VALUES('6','6','19720928',null,'19720928',null,'6',null,null,'2',null);
INSERT INTO kern.his_persgeslachtsaand (id,pers,dataanvgel,dateindegel,tsreg,tsverval,actieinh,actieverval,actieaanpgel,geslachtsaand,nadereaandverval) VALUES('7','7','19800616',null,'19800616',null,'7',null,null,'1',null);
INSERT INTO kern.his_persgeslachtsaand (id,pers,dataanvgel,dateindegel,tsreg,tsverval,actieinh,actieverval,actieaanpgel,geslachtsaand,nadereaandverval) VALUES('8','8','19810418',null,'19810418',null,'8',null,null,'2',null);
INSERT INTO kern.his_persgeslachtsaand (id,pers,dataanvgel,dateindegel,tsreg,tsverval,actieinh,actieverval,actieaanpgel,geslachtsaand,nadereaandverval) VALUES('9','9','19940101',null,'19940101',null,'9',null,null,'2',null);
INSERT INTO kern.his_persgeslachtsaand (id,pers,dataanvgel,dateindegel,tsreg,tsverval,actieinh,actieverval,actieaanpgel,geslachtsaand,nadereaandverval) VALUES('10','10','19691231',null,'19691231',null,'10',null,null,'1',null);
INSERT INTO kern.his_persgeslachtsaand (id,pers,dataanvgel,dateindegel,tsreg,tsverval,actieinh,actieverval,actieaanpgel,geslachtsaand,nadereaandverval) VALUES('11','11','19690516',null,'19690516',null,'11',null,null,'2',null);
INSERT INTO kern.his_persgeslachtsaand (id,pers,dataanvgel,dateindegel,tsreg,tsverval,actieinh,actieverval,actieaanpgel,geslachtsaand,nadereaandverval) VALUES('12','12','19771210',null,'19771210',null,'12',null,null,'1',null);
INSERT INTO kern.his_persgeslachtsaand (id,pers,dataanvgel,dateindegel,tsreg,tsverval,actieinh,actieverval,actieaanpgel,geslachtsaand,nadereaandverval) VALUES('13','13','19550602',null,'19550602',null,'13',null,null,'2',null);
INSERT INTO kern.his_persgeslachtsaand (id,pers,dataanvgel,dateindegel,tsreg,tsverval,actieinh,actieverval,actieaanpgel,geslachtsaand,nadereaandverval) VALUES('14','14','19780611',null,'19780611',null,'14',null,null,'1',null);
INSERT INTO kern.his_persgeslachtsaand (id,pers,dataanvgel,dateindegel,tsreg,tsverval,actieinh,actieverval,actieaanpgel,geslachtsaand,nadereaandverval) VALUES('15','15','19880425',null,'19880425',null,'15',null,null,'2',null);
INSERT INTO kern.his_persgeslachtsaand (id,pers,dataanvgel,dateindegel,tsreg,tsverval,actieinh,actieverval,actieaanpgel,geslachtsaand,nadereaandverval) VALUES('16','16','19881210',null,'19881210',null,'16',null,null,'2',null);
INSERT INTO kern.his_persgeslachtsaand (id,pers,dataanvgel,dateindegel,tsreg,tsverval,actieinh,actieverval,actieaanpgel,geslachtsaand,nadereaandverval) VALUES('17','17','19960523',null,'19960523',null,'17',null,null,'1',null);
INSERT INTO kern.his_persgeslachtsaand (id,pers,dataanvgel,dateindegel,tsreg,tsverval,actieinh,actieverval,actieaanpgel,geslachtsaand,nadereaandverval) VALUES('18','18','19941005',null,'19941005',null,'18',null,null,'2',null);
INSERT INTO kern.his_persgeslachtsaand (id,pers,dataanvgel,dateindegel,tsreg,tsverval,actieinh,actieverval,actieaanpgel,geslachtsaand,nadereaandverval) VALUES('19','19','19941005',null,'19941005',null,'19',null,null,'2',null);
INSERT INTO kern.his_persgeslachtsaand (id,pers,dataanvgel,dateindegel,tsreg,tsverval,actieinh,actieverval,actieaanpgel,geslachtsaand,nadereaandverval) VALUES('20','20','19760103',null,'19760103',null,'20',null,null,'2',null);
INSERT INTO kern.his_persgeslachtsaand (id,pers,dataanvgel,dateindegel,tsreg,tsverval,actieinh,actieverval,actieaanpgel,geslachtsaand,nadereaandverval) VALUES('21','21','19961003',null,'19961003',null,'21',null,null,'1',null);
INSERT INTO kern.his_persgeslachtsaand (id,pers,dataanvgel,dateindegel,tsreg,tsverval,actieinh,actieverval,actieaanpgel,geslachtsaand,nadereaandverval) VALUES('22','22','19951003',null,'19951003',null,'22',null,null,'2',null);
INSERT INTO kern.his_persgeslachtsaand (id,pers,dataanvgel,dateindegel,tsreg,tsverval,actieinh,actieverval,actieaanpgel,geslachtsaand,nadereaandverval) VALUES('23','23','19941003',null,'19941003',null,'23',null,null,'1',null);
INSERT INTO kern.his_persgeslachtsaand (id,pers,dataanvgel,dateindegel,tsreg,tsverval,actieinh,actieverval,actieaanpgel,geslachtsaand,nadereaandverval) VALUES('24','24','19770401',null,'19770401',null,'24',null,null,'2',null);
INSERT INTO kern.his_persgeslachtsaand (id,pers,dataanvgel,dateindegel,tsreg,tsverval,actieinh,actieverval,actieaanpgel,geslachtsaand,nadereaandverval) VALUES('25','25','19880611',null,'19880611',null,'25',null,null,'1',null);
INSERT INTO kern.his_persgeslachtsaand (id,pers,dataanvgel,dateindegel,tsreg,tsverval,actieinh,actieverval,actieaanpgel,geslachtsaand,nadereaandverval) VALUES('26','26','19910721',null,'19910721',null,'26',null,null,'2',null);
INSERT INTO kern.his_persgeslachtsaand (id,pers,dataanvgel,dateindegel,tsreg,tsverval,actieinh,actieverval,actieaanpgel,geslachtsaand,nadereaandverval) VALUES('27','27','19910911',null,'19910911',null,'27',null,null,'1',null);
INSERT INTO kern.his_persgeslachtsaand (id,pers,dataanvgel,dateindegel,tsreg,tsverval,actieinh,actieverval,actieaanpgel,geslachtsaand,nadereaandverval) VALUES('28','28','19900722',null,'19900722',null,'28',null,null,'2',null);
INSERT INTO kern.his_persgeslachtsaand (id,pers,dataanvgel,dateindegel,tsreg,tsverval,actieinh,actieverval,actieaanpgel,geslachtsaand,nadereaandverval) VALUES('29','29','19200430',null,'19200430',null,'29',null,null,'2',null);
INSERT INTO kern.his_persgeslachtsaand (id,pers,dataanvgel,dateindegel,tsreg,tsverval,actieinh,actieverval,actieaanpgel,geslachtsaand,nadereaandverval) VALUES('30','30','19220419',null,'19220419',null,'30',null,null,'2',null);
INSERT INTO kern.his_persgeslachtsaand (id,pers,dataanvgel,dateindegel,tsreg,tsverval,actieinh,actieverval,actieaanpgel,geslachtsaand,nadereaandverval) VALUES('31','31','19920219',null,'19920219',null,'31',null,null,'1',null);
INSERT INTO kern.his_persgeslachtsaand (id,pers,dataanvgel,dateindegel,tsreg,tsverval,actieinh,actieverval,actieaanpgel,geslachtsaand,nadereaandverval) VALUES('32','32','19510923',null,'19510923',null,'32',null,null,'1',null);
INSERT INTO kern.his_persgeslachtsaand (id,pers,dataanvgel,dateindegel,tsreg,tsverval,actieinh,actieverval,actieaanpgel,geslachtsaand,nadereaandverval) VALUES('33','33','19531116',null,'19531116',null,'33',null,null,'2',null);
INSERT INTO kern.his_persgeslachtsaand (id,pers,dataanvgel,dateindegel,tsreg,tsverval,actieinh,actieverval,actieaanpgel,geslachtsaand,nadereaandverval) VALUES('34','34','19390402',null,'19390402',null,'34',null,null,'2',null);
INSERT INTO kern.his_persgeslachtsaand (id,pers,dataanvgel,dateindegel,tsreg,tsverval,actieinh,actieverval,actieaanpgel,geslachtsaand,nadereaandverval) VALUES('35','35','19841203',null,'19841203',null,'35',null,null,'2',null);
INSERT INTO kern.his_persgeslachtsaand (id,pers,dataanvgel,dateindegel,tsreg,tsverval,actieinh,actieverval,actieaanpgel,geslachtsaand,nadereaandverval) VALUES('36','36','19851011',null,'19851011',null,'36',null,null,'1',null);
INSERT INTO kern.his_persgeslachtsaand (id,pers,dataanvgel,dateindegel,tsreg,tsverval,actieinh,actieverval,actieaanpgel,geslachtsaand,nadereaandverval) VALUES('37','37','20050112',null,'20050112',null,'37',null,null,'1',null);
INSERT INTO kern.his_persgeslachtsaand (id,pers,dataanvgel,dateindegel,tsreg,tsverval,actieinh,actieverval,actieaanpgel,geslachtsaand,nadereaandverval) VALUES('38','38','20051201',null,'20051201',null,'38',null,null,'2',null);
INSERT INTO kern.his_persgeslachtsaand (id,pers,dataanvgel,dateindegel,tsreg,tsverval,actieinh,actieverval,actieaanpgel,geslachtsaand,nadereaandverval) VALUES('39','39','20050112',null,'20050112',null,'39',null,null,'2',null);
INSERT INTO kern.his_persgeslachtsaand (id,pers,dataanvgel,dateindegel,tsreg,tsverval,actieinh,actieverval,actieaanpgel,geslachtsaand,nadereaandverval) VALUES('40','40','20051201',null,'20051201',null,'40',null,null,'1',null);
INSERT INTO kern.his_persgeslachtsaand (id,pers,dataanvgel,dateindegel,tsreg,tsverval,actieinh,actieverval,actieaanpgel,geslachtsaand,nadereaandverval) VALUES('41','41','19680809',null,'19680809',null,'41',null,null,'1',null);
INSERT INTO kern.his_persgeslachtsaand (id,pers,dataanvgel,dateindegel,tsreg,tsverval,actieinh,actieverval,actieaanpgel,geslachtsaand,nadereaandverval) VALUES('42','42','19580921',null,'19580921',null,'42',null,null,'1',null);
INSERT INTO kern.his_persgeslachtsaand (id,pers,dataanvgel,dateindegel,tsreg,tsverval,actieinh,actieverval,actieaanpgel,geslachtsaand,nadereaandverval) VALUES('43','43','19951004',null,'19951004',null,'43',null,null,'2',null);
INSERT INTO kern.his_persgeslachtsaand (id,pers,dataanvgel,dateindegel,tsreg,tsverval,actieinh,actieverval,actieaanpgel,geslachtsaand,nadereaandverval) VALUES('44','44','20051201',null,'20051201',null,'44',null,null,'1',null);
INSERT INTO kern.his_persgeslachtsaand (id,pers,dataanvgel,dateindegel,tsreg,tsverval,actieinh,actieverval,actieaanpgel,geslachtsaand,nadereaandverval) VALUES('45','45','20050112',null,'20050112',null,'45',null,null,'2',null);

commit;


--------------------------------------------------
--- EIND
--- Sheet: (his_persgeslachtsaand)
--- Handler: SheetHandlerImplSimpleInsert
--- Aantal: (46)
--------------------------------------------------
--------------------------------------------------
--- START
--- Sheet: (persgeslnaamcomp)
--- Handler: SheetHandlerImplSimpleInsert
--------------------------------------------------

begin;

INSERT INTO kern.persgeslnaamcomp (id,pers,voorvoegsel,scheidingsteken,stam,predicaat,adellijketitel,volgnr) VALUES('1','1',null,'-','Vlag',null,null,'1');
INSERT INTO kern.persgeslnaamcomp (id,pers,voorvoegsel,scheidingsteken,stam,predicaat,adellijketitel,volgnr) VALUES('2','2','de',null,'Prins',null,null,'1');
INSERT INTO kern.persgeslnaamcomp (id,pers,voorvoegsel,scheidingsteken,stam,predicaat,adellijketitel,volgnr) VALUES('3','3','van der','-','Vermeer',null,null,'1');
INSERT INTO kern.persgeslnaamcomp (id,pers,voorvoegsel,scheidingsteken,stam,predicaat,adellijketitel,volgnr) VALUES('4','4',null,'-','Crooy',null,null,'1');
INSERT INTO kern.persgeslnaamcomp (id,pers,voorvoegsel,scheidingsteken,stam,predicaat,adellijketitel,volgnr) VALUES('5','5',null,'-','Laar',null,null,'1');
INSERT INTO kern.persgeslnaamcomp (id,pers,voorvoegsel,scheidingsteken,stam,predicaat,adellijketitel,volgnr) VALUES('6','6',null,'-','Verheul',null,null,'1');
INSERT INTO kern.persgeslnaamcomp (id,pers,voorvoegsel,scheidingsteken,stam,predicaat,adellijketitel,volgnr) VALUES('7','7',null,'-','Vermeulen',null,null,'1');
INSERT INTO kern.persgeslnaamcomp (id,pers,voorvoegsel,scheidingsteken,stam,predicaat,adellijketitel,volgnr) VALUES('8','8',null,'-','Jansma',null,null,'1');
INSERT INTO kern.persgeslnaamcomp (id,pers,voorvoegsel,scheidingsteken,stam,predicaat,adellijketitel,volgnr) VALUES('9','9',null,'-','Jansma',null,null,'1');
INSERT INTO kern.persgeslnaamcomp (id,pers,voorvoegsel,scheidingsteken,stam,predicaat,adellijketitel,volgnr) VALUES('10','10','de','-','Bloëmsma',null,null,'1');
INSERT INTO kern.persgeslnaamcomp (id,pers,voorvoegsel,scheidingsteken,stam,predicaat,adellijketitel,volgnr) VALUES('11','11','de','-','Snijder',null,null,'1');
INSERT INTO kern.persgeslnaamcomp (id,pers,voorvoegsel,scheidingsteken,stam,predicaat,adellijketitel,volgnr) VALUES('12','12',null,'-','Cuykelaer',null,null,'1');
INSERT INTO kern.persgeslnaamcomp (id,pers,voorvoegsel,scheidingsteken,stam,predicaat,adellijketitel,volgnr) VALUES('13','13','van','-','Roos',null,null,'1');
INSERT INTO kern.persgeslnaamcomp (id,pers,voorvoegsel,scheidingsteken,stam,predicaat,adellijketitel,volgnr) VALUES('14','14',null,'-','Moes',null,null,'1');
INSERT INTO kern.persgeslnaamcomp (id,pers,voorvoegsel,scheidingsteken,stam,predicaat,adellijketitel,volgnr) VALUES('15','15',null,'-','Brest naar Kempen',null,null,'1');
INSERT INTO kern.persgeslnaamcomp (id,pers,voorvoegsel,scheidingsteken,stam,predicaat,adellijketitel,volgnr) VALUES('16','16',null,'-','Ophuijsen',null,null,'1');
INSERT INTO kern.persgeslnaamcomp (id,pers,voorvoegsel,scheidingsteken,stam,predicaat,adellijketitel,volgnr) VALUES('17','17',null,'-','Addams',null,null,'1');
INSERT INTO kern.persgeslnaamcomp (id,pers,voorvoegsel,scheidingsteken,stam,predicaat,adellijketitel,volgnr) VALUES('18','18',null,'-','Verhoeven',null,null,'1');
INSERT INTO kern.persgeslnaamcomp (id,pers,voorvoegsel,scheidingsteken,stam,predicaat,adellijketitel,volgnr) VALUES('19','19','de','-','Slot',null,null,'1');
INSERT INTO kern.persgeslnaamcomp (id,pers,voorvoegsel,scheidingsteken,stam,predicaat,adellijketitel,volgnr) VALUES('20','20','van','-','Guirten',null,null,'1');
INSERT INTO kern.persgeslnaamcomp (id,pers,voorvoegsel,scheidingsteken,stam,predicaat,adellijketitel,volgnr) VALUES('21','21','ter','-','Stassen',null,null,'1');
INSERT INTO kern.persgeslnaamcomp (id,pers,voorvoegsel,scheidingsteken,stam,predicaat,adellijketitel,volgnr) VALUES('22','22','van','-','Zon',null,null,'1');
INSERT INTO kern.persgeslnaamcomp (id,pers,voorvoegsel,scheidingsteken,stam,predicaat,adellijketitel,volgnr) VALUES('23','23','van','-','Verhaar',null,null,'1');
INSERT INTO kern.persgeslnaamcomp (id,pers,voorvoegsel,scheidingsteken,stam,predicaat,adellijketitel,volgnr) VALUES('24','24','de','-','Klaassen',null,null,'1');
INSERT INTO kern.persgeslnaamcomp (id,pers,voorvoegsel,scheidingsteken,stam,predicaat,adellijketitel,volgnr) VALUES('25','25',null,'-','Valstar',null,null,'1');
INSERT INTO kern.persgeslnaamcomp (id,pers,voorvoegsel,scheidingsteken,stam,predicaat,adellijketitel,volgnr) VALUES('26','26','ter','-','Botje',null,null,'1');
INSERT INTO kern.persgeslnaamcomp (id,pers,voorvoegsel,scheidingsteken,stam,predicaat,adellijketitel,volgnr) VALUES('27','27',null,'-','Karlson',null,null,'1');
INSERT INTO kern.persgeslnaamcomp (id,pers,voorvoegsel,scheidingsteken,stam,predicaat,adellijketitel,volgnr) VALUES('28','28','van','-','Hoog',null,null,'1');
INSERT INTO kern.persgeslnaamcomp (id,pers,voorvoegsel,scheidingsteken,stam,predicaat,adellijketitel,volgnr) VALUES('29','29',null,'-','Karlson',null,null,'1');
INSERT INTO kern.persgeslnaamcomp (id,pers,voorvoegsel,scheidingsteken,stam,predicaat,adellijketitel,volgnr) VALUES('30','30','de','-','Vlonder',null,null,'1');
INSERT INTO kern.persgeslnaamcomp (id,pers,voorvoegsel,scheidingsteken,stam,predicaat,adellijketitel,volgnr) VALUES('31','31','de','-','Zatte',null,null,'1');
INSERT INTO kern.persgeslnaamcomp (id,pers,voorvoegsel,scheidingsteken,stam,predicaat,adellijketitel,volgnr) VALUES('32','32',null,'-','Stuurman',null,null,'1');
INSERT INTO kern.persgeslnaamcomp (id,pers,voorvoegsel,scheidingsteken,stam,predicaat,adellijketitel,volgnr) VALUES('33','33','de','-','Vriend',null,null,'1');
INSERT INTO kern.persgeslnaamcomp (id,pers,voorvoegsel,scheidingsteken,stam,predicaat,adellijketitel,volgnr) VALUES('34','34','de','-','Renner',null,null,'1');
INSERT INTO kern.persgeslnaamcomp (id,pers,voorvoegsel,scheidingsteken,stam,predicaat,adellijketitel,volgnr) VALUES('35','35','de','-','Muurbloem',null,null,'1');
INSERT INTO kern.persgeslnaamcomp (id,pers,voorvoegsel,scheidingsteken,stam,predicaat,adellijketitel,volgnr) VALUES('36','36',null,'-','Appelo',null,null,'1');
INSERT INTO kern.persgeslnaamcomp (id,pers,voorvoegsel,scheidingsteken,stam,predicaat,adellijketitel,volgnr) VALUES('37','37',null,'-','Appel',null,null,'1');
INSERT INTO kern.persgeslnaamcomp (id,pers,voorvoegsel,scheidingsteken,stam,predicaat,adellijketitel,volgnr) VALUES('38','38','ter','-','Aar',null,null,'1');
INSERT INTO kern.persgeslnaamcomp (id,pers,voorvoegsel,scheidingsteken,stam,predicaat,adellijketitel,volgnr) VALUES('39','39','in het','-','Veld',null,null,'1');
INSERT INTO kern.persgeslnaamcomp (id,pers,voorvoegsel,scheidingsteken,stam,predicaat,adellijketitel,volgnr) VALUES('40','40','van','-','Penderloo',null,null,'1');
INSERT INTO kern.persgeslnaamcomp (id,pers,voorvoegsel,scheidingsteken,stam,predicaat,adellijketitel,volgnr) VALUES('41','41','de','-','Bakker',null,null,'1');
INSERT INTO kern.persgeslnaamcomp (id,pers,voorvoegsel,scheidingsteken,stam,predicaat,adellijketitel,volgnr) VALUES('42','42',null,'-','Karlson',null,null,'1');
INSERT INTO kern.persgeslnaamcomp (id,pers,voorvoegsel,scheidingsteken,stam,predicaat,adellijketitel,volgnr) VALUES('43','43','ter','-','Nater',null,null,'1');
INSERT INTO kern.persgeslnaamcomp (id,pers,voorvoegsel,scheidingsteken,stam,predicaat,adellijketitel,volgnr) VALUES('44','44','van','-','Hoog',null,null,'1');
INSERT INTO kern.persgeslnaamcomp (id,pers,voorvoegsel,scheidingsteken,stam,predicaat,adellijketitel,volgnr) VALUES('45','45','de','-','Hoop',null,null,'1');

commit;


--------------------------------------------------
--- EIND
--- Sheet: (persgeslnaamcomp)
--- Handler: SheetHandlerImplSimpleInsert
--- Aantal: (46)
--------------------------------------------------
--------------------------------------------------
--- START
--- Sheet: (his_persgeslnaamcomp)
--- Handler: SheetHandlerImplSimpleInsert
--------------------------------------------------

begin;

INSERT INTO kern.his_persgeslnaamcomp (id,persgeslnaamcomp,dataanvgel,dateindegel,tsreg,tsverval,actieinh,actieverval,actieaanpgel,voorvoegsel,scheidingsteken,stam,predicaat,adellijketitel,nadereaandverval) VALUES('1','1','19811002',null,'19811002',null,'1',null,null,null,'-','Vlag',null,null,null);
INSERT INTO kern.his_persgeslnaamcomp (id,persgeslnaamcomp,dataanvgel,dateindegel,tsreg,tsverval,actieinh,actieverval,actieaanpgel,voorvoegsel,scheidingsteken,stam,predicaat,adellijketitel,nadereaandverval) VALUES('2','2','19820528',null,'19820528',null,'2',null,null,'de',null,'Prins',null,null,null);
INSERT INTO kern.his_persgeslnaamcomp (id,persgeslnaamcomp,dataanvgel,dateindegel,tsreg,tsverval,actieinh,actieverval,actieaanpgel,voorvoegsel,scheidingsteken,stam,predicaat,adellijketitel,nadereaandverval) VALUES('3','3','19660302',null,'19660302',null,'3',null,null,'van der','-','Vermeer',null,null,null);
INSERT INTO kern.his_persgeslnaamcomp (id,persgeslnaamcomp,dataanvgel,dateindegel,tsreg,tsverval,actieinh,actieverval,actieaanpgel,voorvoegsel,scheidingsteken,stam,predicaat,adellijketitel,nadereaandverval) VALUES('4','4','19691227',null,'19691227',null,'4',null,null,null,'-','Crooy',null,null,null);
INSERT INTO kern.his_persgeslnaamcomp (id,persgeslnaamcomp,dataanvgel,dateindegel,tsreg,tsverval,actieinh,actieverval,actieaanpgel,voorvoegsel,scheidingsteken,stam,predicaat,adellijketitel,nadereaandverval) VALUES('5','5','19710717',null,'19710717',null,'5',null,null,null,'-','Laar',null,null,null);
INSERT INTO kern.his_persgeslnaamcomp (id,persgeslnaamcomp,dataanvgel,dateindegel,tsreg,tsverval,actieinh,actieverval,actieaanpgel,voorvoegsel,scheidingsteken,stam,predicaat,adellijketitel,nadereaandverval) VALUES('6','6','19720928',null,'19720928',null,'6',null,null,null,'-','Verheul',null,null,null);
INSERT INTO kern.his_persgeslnaamcomp (id,persgeslnaamcomp,dataanvgel,dateindegel,tsreg,tsverval,actieinh,actieverval,actieaanpgel,voorvoegsel,scheidingsteken,stam,predicaat,adellijketitel,nadereaandverval) VALUES('7','7','19800616',null,'19800616',null,'7',null,null,null,'-','Vermeulen',null,null,null);
INSERT INTO kern.his_persgeslnaamcomp (id,persgeslnaamcomp,dataanvgel,dateindegel,tsreg,tsverval,actieinh,actieverval,actieaanpgel,voorvoegsel,scheidingsteken,stam,predicaat,adellijketitel,nadereaandverval) VALUES('8','8','19810418',null,'19810418',null,'8',null,null,null,'-','Jansma',null,null,null);
INSERT INTO kern.his_persgeslnaamcomp (id,persgeslnaamcomp,dataanvgel,dateindegel,tsreg,tsverval,actieinh,actieverval,actieaanpgel,voorvoegsel,scheidingsteken,stam,predicaat,adellijketitel,nadereaandverval) VALUES('9','9','19940101',null,'19940101',null,'9',null,null,null,'-','Jansma',null,null,null);
INSERT INTO kern.his_persgeslnaamcomp (id,persgeslnaamcomp,dataanvgel,dateindegel,tsreg,tsverval,actieinh,actieverval,actieaanpgel,voorvoegsel,scheidingsteken,stam,predicaat,adellijketitel,nadereaandverval) VALUES('10','10','19691231',null,'19691231',null,'10',null,null,'de','-','Bloëmsma',null,null,null);
INSERT INTO kern.his_persgeslnaamcomp (id,persgeslnaamcomp,dataanvgel,dateindegel,tsreg,tsverval,actieinh,actieverval,actieaanpgel,voorvoegsel,scheidingsteken,stam,predicaat,adellijketitel,nadereaandverval) VALUES('11','11','19690516',null,'19690516',null,'11',null,null,'de','-','Snijder',null,null,null);
INSERT INTO kern.his_persgeslnaamcomp (id,persgeslnaamcomp,dataanvgel,dateindegel,tsreg,tsverval,actieinh,actieverval,actieaanpgel,voorvoegsel,scheidingsteken,stam,predicaat,adellijketitel,nadereaandverval) VALUES('12','12','19771210',null,'19771210',null,'12',null,null,null,'-','Cuykelaer',null,null,null);
INSERT INTO kern.his_persgeslnaamcomp (id,persgeslnaamcomp,dataanvgel,dateindegel,tsreg,tsverval,actieinh,actieverval,actieaanpgel,voorvoegsel,scheidingsteken,stam,predicaat,adellijketitel,nadereaandverval) VALUES('13','13','19550602',null,'19550602',null,'13',null,null,'van','-','Roos',null,null,null);
INSERT INTO kern.his_persgeslnaamcomp (id,persgeslnaamcomp,dataanvgel,dateindegel,tsreg,tsverval,actieinh,actieverval,actieaanpgel,voorvoegsel,scheidingsteken,stam,predicaat,adellijketitel,nadereaandverval) VALUES('14','14','19780611',null,'19780611',null,'14',null,null,null,'-','Moes',null,null,null);
INSERT INTO kern.his_persgeslnaamcomp (id,persgeslnaamcomp,dataanvgel,dateindegel,tsreg,tsverval,actieinh,actieverval,actieaanpgel,voorvoegsel,scheidingsteken,stam,predicaat,adellijketitel,nadereaandverval) VALUES('15','15','19880425',null,'19880425',null,'15',null,null,null,'-','Brest naar Kempen',null,null,null);
INSERT INTO kern.his_persgeslnaamcomp (id,persgeslnaamcomp,dataanvgel,dateindegel,tsreg,tsverval,actieinh,actieverval,actieaanpgel,voorvoegsel,scheidingsteken,stam,predicaat,adellijketitel,nadereaandverval) VALUES('16','16','19881210',null,'19881210',null,'16',null,null,null,'-','Ophuijsen',null,null,null);
INSERT INTO kern.his_persgeslnaamcomp (id,persgeslnaamcomp,dataanvgel,dateindegel,tsreg,tsverval,actieinh,actieverval,actieaanpgel,voorvoegsel,scheidingsteken,stam,predicaat,adellijketitel,nadereaandverval) VALUES('17','17','19960523',null,'19960523',null,'17',null,null,null,'-','Addams',null,null,null);
INSERT INTO kern.his_persgeslnaamcomp (id,persgeslnaamcomp,dataanvgel,dateindegel,tsreg,tsverval,actieinh,actieverval,actieaanpgel,voorvoegsel,scheidingsteken,stam,predicaat,adellijketitel,nadereaandverval) VALUES('18','18','19941005',null,'19941005',null,'18',null,null,null,'-','Verhoeven',null,null,null);
INSERT INTO kern.his_persgeslnaamcomp (id,persgeslnaamcomp,dataanvgel,dateindegel,tsreg,tsverval,actieinh,actieverval,actieaanpgel,voorvoegsel,scheidingsteken,stam,predicaat,adellijketitel,nadereaandverval) VALUES('19','19','19941005',null,'19941005',null,'19',null,null,'de','-','Slot',null,null,null);
INSERT INTO kern.his_persgeslnaamcomp (id,persgeslnaamcomp,dataanvgel,dateindegel,tsreg,tsverval,actieinh,actieverval,actieaanpgel,voorvoegsel,scheidingsteken,stam,predicaat,adellijketitel,nadereaandverval) VALUES('20','20','19760103',null,'19760103',null,'20',null,null,'van','-','Guirten',null,null,null);
INSERT INTO kern.his_persgeslnaamcomp (id,persgeslnaamcomp,dataanvgel,dateindegel,tsreg,tsverval,actieinh,actieverval,actieaanpgel,voorvoegsel,scheidingsteken,stam,predicaat,adellijketitel,nadereaandverval) VALUES('21','21','19961003',null,'19961003',null,'21',null,null,'ter','-','Stassen',null,null,null);
INSERT INTO kern.his_persgeslnaamcomp (id,persgeslnaamcomp,dataanvgel,dateindegel,tsreg,tsverval,actieinh,actieverval,actieaanpgel,voorvoegsel,scheidingsteken,stam,predicaat,adellijketitel,nadereaandverval) VALUES('22','22','19951003',null,'19951003',null,'22',null,null,'van','-','Zon',null,null,null);
INSERT INTO kern.his_persgeslnaamcomp (id,persgeslnaamcomp,dataanvgel,dateindegel,tsreg,tsverval,actieinh,actieverval,actieaanpgel,voorvoegsel,scheidingsteken,stam,predicaat,adellijketitel,nadereaandverval) VALUES('23','23','19941003',null,'19941003',null,'23',null,null,'van','-','Verhaar',null,null,null);
INSERT INTO kern.his_persgeslnaamcomp (id,persgeslnaamcomp,dataanvgel,dateindegel,tsreg,tsverval,actieinh,actieverval,actieaanpgel,voorvoegsel,scheidingsteken,stam,predicaat,adellijketitel,nadereaandverval) VALUES('24','24','19770401',null,'19770401',null,'24',null,null,'de','-','Klaassen',null,null,null);
INSERT INTO kern.his_persgeslnaamcomp (id,persgeslnaamcomp,dataanvgel,dateindegel,tsreg,tsverval,actieinh,actieverval,actieaanpgel,voorvoegsel,scheidingsteken,stam,predicaat,adellijketitel,nadereaandverval) VALUES('25','25','19880611',null,'19880611',null,'25',null,null,null,'-','Valstar',null,null,null);
INSERT INTO kern.his_persgeslnaamcomp (id,persgeslnaamcomp,dataanvgel,dateindegel,tsreg,tsverval,actieinh,actieverval,actieaanpgel,voorvoegsel,scheidingsteken,stam,predicaat,adellijketitel,nadereaandverval) VALUES('26','26','19910721',null,'19910721',null,'26',null,null,'ter','-','Botje',null,null,null);
INSERT INTO kern.his_persgeslnaamcomp (id,persgeslnaamcomp,dataanvgel,dateindegel,tsreg,tsverval,actieinh,actieverval,actieaanpgel,voorvoegsel,scheidingsteken,stam,predicaat,adellijketitel,nadereaandverval) VALUES('27','27','19910911',null,'19910911',null,'27',null,null,null,'-','Karlson',null,null,null);
INSERT INTO kern.his_persgeslnaamcomp (id,persgeslnaamcomp,dataanvgel,dateindegel,tsreg,tsverval,actieinh,actieverval,actieaanpgel,voorvoegsel,scheidingsteken,stam,predicaat,adellijketitel,nadereaandverval) VALUES('28','28','19900722','20001022','19900722',null,'28',null,null,'van','-','Hoog',null,null,null);
INSERT INTO kern.his_persgeslnaamcomp (id,persgeslnaamcomp,dataanvgel,dateindegel,tsreg,tsverval,actieinh,actieverval,actieaanpgel,voorvoegsel,scheidingsteken,stam,predicaat,adellijketitel,nadereaandverval) VALUES('29','29','19200430',null,'19200430',null,'29',null,null,null,'-','Karlson',null,null,null);
INSERT INTO kern.his_persgeslnaamcomp (id,persgeslnaamcomp,dataanvgel,dateindegel,tsreg,tsverval,actieinh,actieverval,actieaanpgel,voorvoegsel,scheidingsteken,stam,predicaat,adellijketitel,nadereaandverval) VALUES('30','30','19220419',null,'19220419',null,'30',null,null,'de','-','Vlonder',null,null,null);
INSERT INTO kern.his_persgeslnaamcomp (id,persgeslnaamcomp,dataanvgel,dateindegel,tsreg,tsverval,actieinh,actieverval,actieaanpgel,voorvoegsel,scheidingsteken,stam,predicaat,adellijketitel,nadereaandverval) VALUES('31','31','19920219',null,'19920219',null,'31',null,null,'de','-','Zatte',null,null,null);
INSERT INTO kern.his_persgeslnaamcomp (id,persgeslnaamcomp,dataanvgel,dateindegel,tsreg,tsverval,actieinh,actieverval,actieaanpgel,voorvoegsel,scheidingsteken,stam,predicaat,adellijketitel,nadereaandverval) VALUES('32','32','19510923',null,'19510923',null,'32',null,null,null,'-','Stuurman',null,null,null);
INSERT INTO kern.his_persgeslnaamcomp (id,persgeslnaamcomp,dataanvgel,dateindegel,tsreg,tsverval,actieinh,actieverval,actieaanpgel,voorvoegsel,scheidingsteken,stam,predicaat,adellijketitel,nadereaandverval) VALUES('33','33','19531116',null,'19531116',null,'33',null,null,'de','-','Vriend',null,null,null);
INSERT INTO kern.his_persgeslnaamcomp (id,persgeslnaamcomp,dataanvgel,dateindegel,tsreg,tsverval,actieinh,actieverval,actieaanpgel,voorvoegsel,scheidingsteken,stam,predicaat,adellijketitel,nadereaandverval) VALUES('34','34','19390402',null,'19390402',null,'34',null,null,'de','-','Renner',null,null,null);
INSERT INTO kern.his_persgeslnaamcomp (id,persgeslnaamcomp,dataanvgel,dateindegel,tsreg,tsverval,actieinh,actieverval,actieaanpgel,voorvoegsel,scheidingsteken,stam,predicaat,adellijketitel,nadereaandverval) VALUES('35','35','19841203',null,'19841203',null,'35',null,null,'de','-','Muurbloem',null,null,null);
INSERT INTO kern.his_persgeslnaamcomp (id,persgeslnaamcomp,dataanvgel,dateindegel,tsreg,tsverval,actieinh,actieverval,actieaanpgel,voorvoegsel,scheidingsteken,stam,predicaat,adellijketitel,nadereaandverval) VALUES('36','36','19851011',null,'19851011',null,'36',null,null,null,'-','Appelo',null,null,null);
INSERT INTO kern.his_persgeslnaamcomp (id,persgeslnaamcomp,dataanvgel,dateindegel,tsreg,tsverval,actieinh,actieverval,actieaanpgel,voorvoegsel,scheidingsteken,stam,predicaat,adellijketitel,nadereaandverval) VALUES('37','37','20050112',null,'20050112',null,'37',null,null,null,'-','Appel',null,null,null);
INSERT INTO kern.his_persgeslnaamcomp (id,persgeslnaamcomp,dataanvgel,dateindegel,tsreg,tsverval,actieinh,actieverval,actieaanpgel,voorvoegsel,scheidingsteken,stam,predicaat,adellijketitel,nadereaandverval) VALUES('38','38','20051201',null,'20051201',null,'38',null,null,'ter','-','Aar',null,null,null);
INSERT INTO kern.his_persgeslnaamcomp (id,persgeslnaamcomp,dataanvgel,dateindegel,tsreg,tsverval,actieinh,actieverval,actieaanpgel,voorvoegsel,scheidingsteken,stam,predicaat,adellijketitel,nadereaandverval) VALUES('39','39','20050112',null,'20050112',null,'39',null,null,'in het','-','Veld',null,null,null);
INSERT INTO kern.his_persgeslnaamcomp (id,persgeslnaamcomp,dataanvgel,dateindegel,tsreg,tsverval,actieinh,actieverval,actieaanpgel,voorvoegsel,scheidingsteken,stam,predicaat,adellijketitel,nadereaandverval) VALUES('40','40','20051201',null,'20051201',null,'40',null,null,'van','-','Penderloo',null,null,null);
INSERT INTO kern.his_persgeslnaamcomp (id,persgeslnaamcomp,dataanvgel,dateindegel,tsreg,tsverval,actieinh,actieverval,actieaanpgel,voorvoegsel,scheidingsteken,stam,predicaat,adellijketitel,nadereaandverval) VALUES('41','41','19680809',null,'19680809',null,'41',null,null,'de','-','Bakker',null,null,null);
INSERT INTO kern.his_persgeslnaamcomp (id,persgeslnaamcomp,dataanvgel,dateindegel,tsreg,tsverval,actieinh,actieverval,actieaanpgel,voorvoegsel,scheidingsteken,stam,predicaat,adellijketitel,nadereaandverval) VALUES('42','42','19580921',null,'19580921',null,'42',null,null,null,'-','Karlson',null,null,null);
INSERT INTO kern.his_persgeslnaamcomp (id,persgeslnaamcomp,dataanvgel,dateindegel,tsreg,tsverval,actieinh,actieverval,actieaanpgel,voorvoegsel,scheidingsteken,stam,predicaat,adellijketitel,nadereaandverval) VALUES('43','43','19951004',null,'19951004',null,'43',null,null,'ter','-','Nater',null,null,null);
INSERT INTO kern.his_persgeslnaamcomp (id,persgeslnaamcomp,dataanvgel,dateindegel,tsreg,tsverval,actieinh,actieverval,actieaanpgel,voorvoegsel,scheidingsteken,stam,predicaat,adellijketitel,nadereaandverval) VALUES('44','44','20051201',null,'20051201',null,'44',null,null,'van','-','Hoog',null,null,null);
INSERT INTO kern.his_persgeslnaamcomp (id,persgeslnaamcomp,dataanvgel,dateindegel,tsreg,tsverval,actieinh,actieverval,actieaanpgel,voorvoegsel,scheidingsteken,stam,predicaat,adellijketitel,nadereaandverval) VALUES('45','45','20050112',null,'20050112',null,'45',null,null,'de','-','Hoop',null,null,null);

commit;


--------------------------------------------------
--- EIND
--- Sheet: (his_persgeslnaamcomp)
--- Handler: SheetHandlerImplSimpleInsert
--- Aantal: (46)
--------------------------------------------------
--------------------------------------------------
--- START
--- Sheet: (his_perssamengesteldenaam)
--- Handler: SheetHandlerImplSimpleInsert
--------------------------------------------------

begin;

INSERT INTO kern.his_perssamengesteldenaam (id,pers,dataanvgel,dateindegel,tsreg,tsverval,actieinh,actieverval,actieaanpgel,predicaat,voornamen,voorvoegsel,scheidingsteken,adellijketitel,geslnaamstam,indnreeks,indafgeleid,nadereaandverval) VALUES('1','1','19811002',null,'19811002',null,'1',null,null,null,'Cees',null,'-',null,'Vlag','false','true',null);
INSERT INTO kern.his_perssamengesteldenaam (id,pers,dataanvgel,dateindegel,tsreg,tsverval,actieinh,actieverval,actieaanpgel,predicaat,voornamen,voorvoegsel,scheidingsteken,adellijketitel,geslnaamstam,indnreeks,indafgeleid,nadereaandverval) VALUES('2','2','19820528',null,'19820528',null,'2',null,null,null,'Paula','de',null,null,'Prins','false','true',null);
INSERT INTO kern.his_perssamengesteldenaam (id,pers,dataanvgel,dateindegel,tsreg,tsverval,actieinh,actieverval,actieaanpgel,predicaat,voornamen,voorvoegsel,scheidingsteken,adellijketitel,geslnaamstam,indnreeks,indafgeleid,nadereaandverval) VALUES('3','3','19660302',null,'19660302',null,'3',null,null,null,'Christoffel','van der','-',null,'Vermeer','false','true',null);
INSERT INTO kern.his_perssamengesteldenaam (id,pers,dataanvgel,dateindegel,tsreg,tsverval,actieinh,actieverval,actieaanpgel,predicaat,voornamen,voorvoegsel,scheidingsteken,adellijketitel,geslnaamstam,indnreeks,indafgeleid,nadereaandverval) VALUES('4','4','19691227',null,'19691227',null,'4',null,null,null,'Eleonora Françoise',null,'-',null,'Crooy','false','true',null);
INSERT INTO kern.his_perssamengesteldenaam (id,pers,dataanvgel,dateindegel,tsreg,tsverval,actieinh,actieverval,actieaanpgel,predicaat,voornamen,voorvoegsel,scheidingsteken,adellijketitel,geslnaamstam,indnreeks,indafgeleid,nadereaandverval) VALUES('5','5','19710717',null,'19710717',null,'5',null,null,null,'Albert',null,'-',null,'Laar','false','true',null);
INSERT INTO kern.his_perssamengesteldenaam (id,pers,dataanvgel,dateindegel,tsreg,tsverval,actieinh,actieverval,actieaanpgel,predicaat,voornamen,voorvoegsel,scheidingsteken,adellijketitel,geslnaamstam,indnreeks,indafgeleid,nadereaandverval) VALUES('6','6','19720928',null,'19720928',null,'6',null,null,null,'Anne-Marie',null,'-',null,'Verheul','false','true',null);
INSERT INTO kern.his_perssamengesteldenaam (id,pers,dataanvgel,dateindegel,tsreg,tsverval,actieinh,actieverval,actieaanpgel,predicaat,voornamen,voorvoegsel,scheidingsteken,adellijketitel,geslnaamstam,indnreeks,indafgeleid,nadereaandverval) VALUES('7','7','19800616',null,'19800616',null,'7',null,null,null,'Henk',null,'-',null,'Vermeulen','false','true',null);
INSERT INTO kern.his_perssamengesteldenaam (id,pers,dataanvgel,dateindegel,tsreg,tsverval,actieinh,actieverval,actieaanpgel,predicaat,voornamen,voorvoegsel,scheidingsteken,adellijketitel,geslnaamstam,indnreeks,indafgeleid,nadereaandverval) VALUES('8','8','19810418',null,'19810418',null,'8',null,null,null,'Anna Maria Petra',null,'-',null,'Jansma','false','true',null);
INSERT INTO kern.his_perssamengesteldenaam (id,pers,dataanvgel,dateindegel,tsreg,tsverval,actieinh,actieverval,actieaanpgel,predicaat,voornamen,voorvoegsel,scheidingsteken,adellijketitel,geslnaamstam,indnreeks,indafgeleid,nadereaandverval) VALUES('9','9','19940101',null,'19940101',null,'9',null,null,null,'Miranda',null,'-',null,'Jansma','false','true',null);
INSERT INTO kern.his_perssamengesteldenaam (id,pers,dataanvgel,dateindegel,tsreg,tsverval,actieinh,actieverval,actieaanpgel,predicaat,voornamen,voorvoegsel,scheidingsteken,adellijketitel,geslnaamstam,indnreeks,indafgeleid,nadereaandverval) VALUES('10','10','19691231',null,'19691231',null,'10',null,null,null,'John','de','-',null,'Bloëmsma','false','true',null);
INSERT INTO kern.his_perssamengesteldenaam (id,pers,dataanvgel,dateindegel,tsreg,tsverval,actieinh,actieverval,actieaanpgel,predicaat,voornamen,voorvoegsel,scheidingsteken,adellijketitel,geslnaamstam,indnreeks,indafgeleid,nadereaandverval) VALUES('11','11','19690516',null,'19690516',null,'11',null,null,null,'Dorothea','de','-',null,'Snijder','false','true',null);
INSERT INTO kern.his_perssamengesteldenaam (id,pers,dataanvgel,dateindegel,tsreg,tsverval,actieinh,actieverval,actieaanpgel,predicaat,voornamen,voorvoegsel,scheidingsteken,adellijketitel,geslnaamstam,indnreeks,indafgeleid,nadereaandverval) VALUES('12','12','19771210',null,'19771210',null,'12',null,null,null,'Bas',null,'-',null,'Cuykelaer','false','true',null);
INSERT INTO kern.his_perssamengesteldenaam (id,pers,dataanvgel,dateindegel,tsreg,tsverval,actieinh,actieverval,actieaanpgel,predicaat,voornamen,voorvoegsel,scheidingsteken,adellijketitel,geslnaamstam,indnreeks,indafgeleid,nadereaandverval) VALUES('13','13','19550602',null,'19550602',null,'13',null,null,null,'Hendrika Isabella Gerarda Johanna','van','-',null,'Roos','false','true',null);
INSERT INTO kern.his_perssamengesteldenaam (id,pers,dataanvgel,dateindegel,tsreg,tsverval,actieinh,actieverval,actieaanpgel,predicaat,voornamen,voorvoegsel,scheidingsteken,adellijketitel,geslnaamstam,indnreeks,indafgeleid,nadereaandverval) VALUES('14','14','19780611',null,'19780611',null,'14',null,null,null,'Jan',null,'-',null,'Moes','false','true',null);
INSERT INTO kern.his_perssamengesteldenaam (id,pers,dataanvgel,dateindegel,tsreg,tsverval,actieinh,actieverval,actieaanpgel,predicaat,voornamen,voorvoegsel,scheidingsteken,adellijketitel,geslnaamstam,indnreeks,indafgeleid,nadereaandverval) VALUES('15','15','19880425',null,'19880425',null,'15',null,null,null,'Petronella',null,'-',null,'Brest naar Kempen','false','true',null);
INSERT INTO kern.his_perssamengesteldenaam (id,pers,dataanvgel,dateindegel,tsreg,tsverval,actieinh,actieverval,actieaanpgel,predicaat,voornamen,voorvoegsel,scheidingsteken,adellijketitel,geslnaamstam,indnreeks,indafgeleid,nadereaandverval) VALUES('16','16','19881210',null,'19881210',null,'16',null,null,null,'Maria Christina',null,'-',null,'Ophuijsen','false','true',null);
INSERT INTO kern.his_perssamengesteldenaam (id,pers,dataanvgel,dateindegel,tsreg,tsverval,actieinh,actieverval,actieaanpgel,predicaat,voornamen,voorvoegsel,scheidingsteken,adellijketitel,geslnaamstam,indnreeks,indafgeleid,nadereaandverval) VALUES('17','17','19960523',null,'19960523',null,'17',null,null,null,'Pieter',null,'-',null,'Addams','false','true',null);
INSERT INTO kern.his_perssamengesteldenaam (id,pers,dataanvgel,dateindegel,tsreg,tsverval,actieinh,actieverval,actieaanpgel,predicaat,voornamen,voorvoegsel,scheidingsteken,adellijketitel,geslnaamstam,indnreeks,indafgeleid,nadereaandverval) VALUES('18','18','19941005',null,'19941005',null,'18',null,null,null,'Petronellaatje',null,'-',null,'Verhoeven','false','true',null);
INSERT INTO kern.his_perssamengesteldenaam (id,pers,dataanvgel,dateindegel,tsreg,tsverval,actieinh,actieverval,actieaanpgel,predicaat,voornamen,voorvoegsel,scheidingsteken,adellijketitel,geslnaamstam,indnreeks,indafgeleid,nadereaandverval) VALUES('19','19','19941005',null,'19941005',null,'19',null,null,null,'Sanne','de','-',null,'Slot','false','true',null);
INSERT INTO kern.his_perssamengesteldenaam (id,pers,dataanvgel,dateindegel,tsreg,tsverval,actieinh,actieverval,actieaanpgel,predicaat,voornamen,voorvoegsel,scheidingsteken,adellijketitel,geslnaamstam,indnreeks,indafgeleid,nadereaandverval) VALUES('20','20','19760103',null,'19760103',null,'20',null,null,null,'Hanna','van','-',null,'Guirten','false','true',null);
INSERT INTO kern.his_perssamengesteldenaam (id,pers,dataanvgel,dateindegel,tsreg,tsverval,actieinh,actieverval,actieaanpgel,predicaat,voornamen,voorvoegsel,scheidingsteken,adellijketitel,geslnaamstam,indnreeks,indafgeleid,nadereaandverval) VALUES('21','21','19961003',null,'19961003',null,'21',null,null,null,'Sander','ter','-',null,'Stassen','false','true',null);
INSERT INTO kern.his_perssamengesteldenaam (id,pers,dataanvgel,dateindegel,tsreg,tsverval,actieinh,actieverval,actieaanpgel,predicaat,voornamen,voorvoegsel,scheidingsteken,adellijketitel,geslnaamstam,indnreeks,indafgeleid,nadereaandverval) VALUES('22','22','19951003',null,'19951003',null,'22',null,null,null,'Ellen','van','-',null,'Zon','false','true',null);
INSERT INTO kern.his_perssamengesteldenaam (id,pers,dataanvgel,dateindegel,tsreg,tsverval,actieinh,actieverval,actieaanpgel,predicaat,voornamen,voorvoegsel,scheidingsteken,adellijketitel,geslnaamstam,indnreeks,indafgeleid,nadereaandverval) VALUES('23','23','19941003',null,'19941003',null,'23',null,null,null,'Christian','van','-',null,'Verhaar','false','true',null);
INSERT INTO kern.his_perssamengesteldenaam (id,pers,dataanvgel,dateindegel,tsreg,tsverval,actieinh,actieverval,actieaanpgel,predicaat,voornamen,voorvoegsel,scheidingsteken,adellijketitel,geslnaamstam,indnreeks,indafgeleid,nadereaandverval) VALUES('24','24','19770401',null,'19770401',null,'24',null,null,null,'Anja','de','-',null,'Klaassen','false','true',null);
INSERT INTO kern.his_perssamengesteldenaam (id,pers,dataanvgel,dateindegel,tsreg,tsverval,actieinh,actieverval,actieaanpgel,predicaat,voornamen,voorvoegsel,scheidingsteken,adellijketitel,geslnaamstam,indnreeks,indafgeleid,nadereaandverval) VALUES('25','25','19880611',null,'19880611',null,'25',null,null,null,'Karel',null,'-',null,'Valstar','false','true',null);
INSERT INTO kern.his_perssamengesteldenaam (id,pers,dataanvgel,dateindegel,tsreg,tsverval,actieinh,actieverval,actieaanpgel,predicaat,voornamen,voorvoegsel,scheidingsteken,adellijketitel,geslnaamstam,indnreeks,indafgeleid,nadereaandverval) VALUES('26','26','19910721',null,'19910721',null,'26',null,null,null,'Helen','ter','-',null,'Botje','false','true',null);
INSERT INTO kern.his_perssamengesteldenaam (id,pers,dataanvgel,dateindegel,tsreg,tsverval,actieinh,actieverval,actieaanpgel,predicaat,voornamen,voorvoegsel,scheidingsteken,adellijketitel,geslnaamstam,indnreeks,indafgeleid,nadereaandverval) VALUES('27','27','19910911',null,'19910911',null,'27',null,null,null,'Sander',null,'-',null,'Karlson','false','true',null);
INSERT INTO kern.his_perssamengesteldenaam (id,pers,dataanvgel,dateindegel,tsreg,tsverval,actieinh,actieverval,actieaanpgel,predicaat,voornamen,voorvoegsel,scheidingsteken,adellijketitel,geslnaamstam,indnreeks,indafgeleid,nadereaandverval) VALUES('28','28','19900722','20001022','19900722',null,'28',null,null,null,'Violet','van','-',null,'Hoog','false','true',null);
INSERT INTO kern.his_perssamengesteldenaam (id,pers,dataanvgel,dateindegel,tsreg,tsverval,actieinh,actieverval,actieaanpgel,predicaat,voornamen,voorvoegsel,scheidingsteken,adellijketitel,geslnaamstam,indnreeks,indafgeleid,nadereaandverval) VALUES('29','29','19200430',null,'19200430',null,'29',null,null,null,'Violetta',null,'-',null,'Karlson','false','true',null);
INSERT INTO kern.his_perssamengesteldenaam (id,pers,dataanvgel,dateindegel,tsreg,tsverval,actieinh,actieverval,actieaanpgel,predicaat,voornamen,voorvoegsel,scheidingsteken,adellijketitel,geslnaamstam,indnreeks,indafgeleid,nadereaandverval) VALUES('30','30','19220419',null,'19220419',null,'30',null,null,null,'Tanja','de','-',null,'Vlonder','false','true',null);
INSERT INTO kern.his_perssamengesteldenaam (id,pers,dataanvgel,dateindegel,tsreg,tsverval,actieinh,actieverval,actieaanpgel,predicaat,voornamen,voorvoegsel,scheidingsteken,adellijketitel,geslnaamstam,indnreeks,indafgeleid,nadereaandverval) VALUES('31','31','19920219',null,'19920219',null,'31',null,null,null,'Berend','de','-',null,'Zatte','false','true',null);
INSERT INTO kern.his_perssamengesteldenaam (id,pers,dataanvgel,dateindegel,tsreg,tsverval,actieinh,actieverval,actieaanpgel,predicaat,voornamen,voorvoegsel,scheidingsteken,adellijketitel,geslnaamstam,indnreeks,indafgeleid,nadereaandverval) VALUES('32','32','19510923',null,'19510923',null,'32',null,null,null,'Mike',null,'-',null,'Stuurman','false','true',null);
INSERT INTO kern.his_perssamengesteldenaam (id,pers,dataanvgel,dateindegel,tsreg,tsverval,actieinh,actieverval,actieaanpgel,predicaat,voornamen,voorvoegsel,scheidingsteken,adellijketitel,geslnaamstam,indnreeks,indafgeleid,nadereaandverval) VALUES('33','33','19531116',null,'19531116',null,'33',null,null,null,'Sanne','de','-',null,'Vriend','false','true',null);
INSERT INTO kern.his_perssamengesteldenaam (id,pers,dataanvgel,dateindegel,tsreg,tsverval,actieinh,actieverval,actieaanpgel,predicaat,voornamen,voorvoegsel,scheidingsteken,adellijketitel,geslnaamstam,indnreeks,indafgeleid,nadereaandverval) VALUES('34','34','19390402',null,'19390402',null,'34',null,null,null,'Josje','de','-',null,'Renner','false','true',null);
INSERT INTO kern.his_perssamengesteldenaam (id,pers,dataanvgel,dateindegel,tsreg,tsverval,actieinh,actieverval,actieaanpgel,predicaat,voornamen,voorvoegsel,scheidingsteken,adellijketitel,geslnaamstam,indnreeks,indafgeleid,nadereaandverval) VALUES('35','35','19841203',null,'19841203',null,'35',null,null,null,'Anna','de','-',null,'Muurbloem','false','true',null);
INSERT INTO kern.his_perssamengesteldenaam (id,pers,dataanvgel,dateindegel,tsreg,tsverval,actieinh,actieverval,actieaanpgel,predicaat,voornamen,voorvoegsel,scheidingsteken,adellijketitel,geslnaamstam,indnreeks,indafgeleid,nadereaandverval) VALUES('36','36','19851011',null,'19851011',null,'36',null,null,null,'Gerard',null,'-',null,'Appelo','false','true',null);
INSERT INTO kern.his_perssamengesteldenaam (id,pers,dataanvgel,dateindegel,tsreg,tsverval,actieinh,actieverval,actieaanpgel,predicaat,voornamen,voorvoegsel,scheidingsteken,adellijketitel,geslnaamstam,indnreeks,indafgeleid,nadereaandverval) VALUES('37','37','20050112',null,'20050112',null,'37',null,null,null,'Albert',null,'-',null,'Appel','false','true',null);
INSERT INTO kern.his_perssamengesteldenaam (id,pers,dataanvgel,dateindegel,tsreg,tsverval,actieinh,actieverval,actieaanpgel,predicaat,voornamen,voorvoegsel,scheidingsteken,adellijketitel,geslnaamstam,indnreeks,indafgeleid,nadereaandverval) VALUES('38','38','20051201',null,'20051201',null,'38',null,null,null,'Marijke','ter','-',null,'Aar','false','true',null);
INSERT INTO kern.his_perssamengesteldenaam (id,pers,dataanvgel,dateindegel,tsreg,tsverval,actieinh,actieverval,actieaanpgel,predicaat,voornamen,voorvoegsel,scheidingsteken,adellijketitel,geslnaamstam,indnreeks,indafgeleid,nadereaandverval) VALUES('39','39','20050112',null,'20050112',null,'39',null,null,null,'Geerte','in het','-',null,'Veld','false','true',null);
INSERT INTO kern.his_perssamengesteldenaam (id,pers,dataanvgel,dateindegel,tsreg,tsverval,actieinh,actieverval,actieaanpgel,predicaat,voornamen,voorvoegsel,scheidingsteken,adellijketitel,geslnaamstam,indnreeks,indafgeleid,nadereaandverval) VALUES('40','40','20051201',null,'20051201',null,'40',null,null,null,'Gert','van','-',null,'Penderloo','false','true',null);
INSERT INTO kern.his_perssamengesteldenaam (id,pers,dataanvgel,dateindegel,tsreg,tsverval,actieinh,actieverval,actieaanpgel,predicaat,voornamen,voorvoegsel,scheidingsteken,adellijketitel,geslnaamstam,indnreeks,indafgeleid,nadereaandverval) VALUES('41','41','19680809',null,'19680809',null,'41',null,null,null,'Gijs','de','-',null,'Bakker','false','true',null);
INSERT INTO kern.his_perssamengesteldenaam (id,pers,dataanvgel,dateindegel,tsreg,tsverval,actieinh,actieverval,actieaanpgel,predicaat,voornamen,voorvoegsel,scheidingsteken,adellijketitel,geslnaamstam,indnreeks,indafgeleid,nadereaandverval) VALUES('42','42','19580921',null,'19580921',null,'42',null,null,null,'Guido',null,'-',null,'Karlson','false','true',null);
INSERT INTO kern.his_perssamengesteldenaam (id,pers,dataanvgel,dateindegel,tsreg,tsverval,actieinh,actieverval,actieaanpgel,predicaat,voornamen,voorvoegsel,scheidingsteken,adellijketitel,geslnaamstam,indnreeks,indafgeleid,nadereaandverval) VALUES('43','43','19951004',null,'19951004',null,'43',null,null,null,'Annemieke','ter','-',null,'Nater','false','true',null);
INSERT INTO kern.his_perssamengesteldenaam (id,pers,dataanvgel,dateindegel,tsreg,tsverval,actieinh,actieverval,actieaanpgel,predicaat,voornamen,voorvoegsel,scheidingsteken,adellijketitel,geslnaamstam,indnreeks,indafgeleid,nadereaandverval) VALUES('44','44','20051201',null,'20051201',null,'44',null,null,null,'Maarten','van','-',null,'Hoog','false','true',null);
INSERT INTO kern.his_perssamengesteldenaam (id,pers,dataanvgel,dateindegel,tsreg,tsverval,actieinh,actieverval,actieaanpgel,predicaat,voornamen,voorvoegsel,scheidingsteken,adellijketitel,geslnaamstam,indnreeks,indafgeleid,nadereaandverval) VALUES('45','45','20050112',null,'20050112',null,'45',null,null,null,'Marion','de','-',null,'Hoop','false','true',null);

commit;


--------------------------------------------------
--- EIND
--- Sheet: (his_perssamengesteldenaam)
--- Handler: SheetHandlerImplSimpleInsert
--- Aantal: (46)
--------------------------------------------------
--------------------------------------------------
--- START
--- Sheet: (his_persnaamgebruik)
--- Handler: SheetHandlerImplSimpleInsert
--------------------------------------------------

begin;

INSERT INTO kern.his_persnaamgebruik (id,pers,tsreg,tsverval,actieinh,actieverval,naamgebruik,indnaamgebruikafgeleid,predicaatnaamgebruik,voornamennaamgebruik,voorvoegselnaamgebruik,scheidingstekennaamgebruik,adellijketitelnaamgebruik,geslnaamstamnaamgebruik,nadereaandverval) VALUES('1','1','19811002',null,'1',null,'1','true',null,'Cees',null,'-',null,'Vlag',null);
INSERT INTO kern.his_persnaamgebruik (id,pers,tsreg,tsverval,actieinh,actieverval,naamgebruik,indnaamgebruikafgeleid,predicaatnaamgebruik,voornamennaamgebruik,voorvoegselnaamgebruik,scheidingstekennaamgebruik,adellijketitelnaamgebruik,geslnaamstamnaamgebruik,nadereaandverval) VALUES('2','2','19820528',null,'2',null,'1','true',null,'Paula','de',null,null,'Prins',null);
INSERT INTO kern.his_persnaamgebruik (id,pers,tsreg,tsverval,actieinh,actieverval,naamgebruik,indnaamgebruikafgeleid,predicaatnaamgebruik,voornamennaamgebruik,voorvoegselnaamgebruik,scheidingstekennaamgebruik,adellijketitelnaamgebruik,geslnaamstamnaamgebruik,nadereaandverval) VALUES('3','3','19660302',null,'3',null,'1','true',null,'Christoffel','van der','-',null,'Vermeer',null);
INSERT INTO kern.his_persnaamgebruik (id,pers,tsreg,tsverval,actieinh,actieverval,naamgebruik,indnaamgebruikafgeleid,predicaatnaamgebruik,voornamennaamgebruik,voorvoegselnaamgebruik,scheidingstekennaamgebruik,adellijketitelnaamgebruik,geslnaamstamnaamgebruik,nadereaandverval) VALUES('4','4','19691227',null,'4',null,'1','true',null,'Eleonora Françoise',null,'-',null,'Crooy',null);
INSERT INTO kern.his_persnaamgebruik (id,pers,tsreg,tsverval,actieinh,actieverval,naamgebruik,indnaamgebruikafgeleid,predicaatnaamgebruik,voornamennaamgebruik,voorvoegselnaamgebruik,scheidingstekennaamgebruik,adellijketitelnaamgebruik,geslnaamstamnaamgebruik,nadereaandverval) VALUES('5','5','19710717',null,'5',null,'1','true',null,'Albert',null,'-',null,'Laar',null);
INSERT INTO kern.his_persnaamgebruik (id,pers,tsreg,tsverval,actieinh,actieverval,naamgebruik,indnaamgebruikafgeleid,predicaatnaamgebruik,voornamennaamgebruik,voorvoegselnaamgebruik,scheidingstekennaamgebruik,adellijketitelnaamgebruik,geslnaamstamnaamgebruik,nadereaandverval) VALUES('6','6','19720928',null,'6',null,'1','true',null,'Anne-Marie',null,'-',null,'Verheul',null);
INSERT INTO kern.his_persnaamgebruik (id,pers,tsreg,tsverval,actieinh,actieverval,naamgebruik,indnaamgebruikafgeleid,predicaatnaamgebruik,voornamennaamgebruik,voorvoegselnaamgebruik,scheidingstekennaamgebruik,adellijketitelnaamgebruik,geslnaamstamnaamgebruik,nadereaandverval) VALUES('7','7','19800616',null,'7',null,'1','true',null,'Henk',null,'-',null,'Vermeulen',null);
INSERT INTO kern.his_persnaamgebruik (id,pers,tsreg,tsverval,actieinh,actieverval,naamgebruik,indnaamgebruikafgeleid,predicaatnaamgebruik,voornamennaamgebruik,voorvoegselnaamgebruik,scheidingstekennaamgebruik,adellijketitelnaamgebruik,geslnaamstamnaamgebruik,nadereaandverval) VALUES('8','8','19810418',null,'8',null,'1','true',null,'Anna Maria Petra',null,'-',null,'Jansma',null);
INSERT INTO kern.his_persnaamgebruik (id,pers,tsreg,tsverval,actieinh,actieverval,naamgebruik,indnaamgebruikafgeleid,predicaatnaamgebruik,voornamennaamgebruik,voorvoegselnaamgebruik,scheidingstekennaamgebruik,adellijketitelnaamgebruik,geslnaamstamnaamgebruik,nadereaandverval) VALUES('9','9','19940101',null,'9',null,'1','true',null,'Miranda',null,'-',null,'Jansma',null);
INSERT INTO kern.his_persnaamgebruik (id,pers,tsreg,tsverval,actieinh,actieverval,naamgebruik,indnaamgebruikafgeleid,predicaatnaamgebruik,voornamennaamgebruik,voorvoegselnaamgebruik,scheidingstekennaamgebruik,adellijketitelnaamgebruik,geslnaamstamnaamgebruik,nadereaandverval) VALUES('10','10','19691231',null,'10',null,'1','true',null,'John','de','-',null,'Bloëmsma',null);
INSERT INTO kern.his_persnaamgebruik (id,pers,tsreg,tsverval,actieinh,actieverval,naamgebruik,indnaamgebruikafgeleid,predicaatnaamgebruik,voornamennaamgebruik,voorvoegselnaamgebruik,scheidingstekennaamgebruik,adellijketitelnaamgebruik,geslnaamstamnaamgebruik,nadereaandverval) VALUES('11','11','19690516',null,'11',null,'1','true',null,'Dorothea','de','-',null,'Snijder',null);
INSERT INTO kern.his_persnaamgebruik (id,pers,tsreg,tsverval,actieinh,actieverval,naamgebruik,indnaamgebruikafgeleid,predicaatnaamgebruik,voornamennaamgebruik,voorvoegselnaamgebruik,scheidingstekennaamgebruik,adellijketitelnaamgebruik,geslnaamstamnaamgebruik,nadereaandverval) VALUES('12','12','19771210',null,'12',null,'1','true',null,'Bas',null,'-',null,'Cuykelaer',null);
INSERT INTO kern.his_persnaamgebruik (id,pers,tsreg,tsverval,actieinh,actieverval,naamgebruik,indnaamgebruikafgeleid,predicaatnaamgebruik,voornamennaamgebruik,voorvoegselnaamgebruik,scheidingstekennaamgebruik,adellijketitelnaamgebruik,geslnaamstamnaamgebruik,nadereaandverval) VALUES('13','13','19550602',null,'13',null,'1','true',null,'Hendrika Isabella Gerarda Johanna','van','-',null,'Roos',null);
INSERT INTO kern.his_persnaamgebruik (id,pers,tsreg,tsverval,actieinh,actieverval,naamgebruik,indnaamgebruikafgeleid,predicaatnaamgebruik,voornamennaamgebruik,voorvoegselnaamgebruik,scheidingstekennaamgebruik,adellijketitelnaamgebruik,geslnaamstamnaamgebruik,nadereaandverval) VALUES('14','14','19780611',null,'14',null,'1','true',null,'Jan',null,'-',null,'Moes',null);
INSERT INTO kern.his_persnaamgebruik (id,pers,tsreg,tsverval,actieinh,actieverval,naamgebruik,indnaamgebruikafgeleid,predicaatnaamgebruik,voornamennaamgebruik,voorvoegselnaamgebruik,scheidingstekennaamgebruik,adellijketitelnaamgebruik,geslnaamstamnaamgebruik,nadereaandverval) VALUES('15','15','19880425',null,'15',null,'1','true',null,'Petronella',null,'-',null,'Brest naar Kempen',null);
INSERT INTO kern.his_persnaamgebruik (id,pers,tsreg,tsverval,actieinh,actieverval,naamgebruik,indnaamgebruikafgeleid,predicaatnaamgebruik,voornamennaamgebruik,voorvoegselnaamgebruik,scheidingstekennaamgebruik,adellijketitelnaamgebruik,geslnaamstamnaamgebruik,nadereaandverval) VALUES('16','16','19881210',null,'16',null,'1','true',null,'Maria Christina',null,'-',null,'Ophuijsen',null);
INSERT INTO kern.his_persnaamgebruik (id,pers,tsreg,tsverval,actieinh,actieverval,naamgebruik,indnaamgebruikafgeleid,predicaatnaamgebruik,voornamennaamgebruik,voorvoegselnaamgebruik,scheidingstekennaamgebruik,adellijketitelnaamgebruik,geslnaamstamnaamgebruik,nadereaandverval) VALUES('17','17','19960523',null,'17',null,'1','true',null,'Pieter',null,'-',null,'Addams',null);
INSERT INTO kern.his_persnaamgebruik (id,pers,tsreg,tsverval,actieinh,actieverval,naamgebruik,indnaamgebruikafgeleid,predicaatnaamgebruik,voornamennaamgebruik,voorvoegselnaamgebruik,scheidingstekennaamgebruik,adellijketitelnaamgebruik,geslnaamstamnaamgebruik,nadereaandverval) VALUES('18','18','19941005',null,'18',null,'1','true',null,'Petronellaatje',null,'-',null,'Verhoeven',null);
INSERT INTO kern.his_persnaamgebruik (id,pers,tsreg,tsverval,actieinh,actieverval,naamgebruik,indnaamgebruikafgeleid,predicaatnaamgebruik,voornamennaamgebruik,voorvoegselnaamgebruik,scheidingstekennaamgebruik,adellijketitelnaamgebruik,geslnaamstamnaamgebruik,nadereaandverval) VALUES('19','19','19941005',null,'19',null,'1','true',null,'Sanne','de','-',null,'Slot',null);
INSERT INTO kern.his_persnaamgebruik (id,pers,tsreg,tsverval,actieinh,actieverval,naamgebruik,indnaamgebruikafgeleid,predicaatnaamgebruik,voornamennaamgebruik,voorvoegselnaamgebruik,scheidingstekennaamgebruik,adellijketitelnaamgebruik,geslnaamstamnaamgebruik,nadereaandverval) VALUES('20','20','19760103',null,'20',null,'1','true',null,'Hanna','van','-',null,'Guirten',null);
INSERT INTO kern.his_persnaamgebruik (id,pers,tsreg,tsverval,actieinh,actieverval,naamgebruik,indnaamgebruikafgeleid,predicaatnaamgebruik,voornamennaamgebruik,voorvoegselnaamgebruik,scheidingstekennaamgebruik,adellijketitelnaamgebruik,geslnaamstamnaamgebruik,nadereaandverval) VALUES('21','21','19961003',null,'21',null,'1','true',null,'Sander','ter','-',null,'Stassen',null);
INSERT INTO kern.his_persnaamgebruik (id,pers,tsreg,tsverval,actieinh,actieverval,naamgebruik,indnaamgebruikafgeleid,predicaatnaamgebruik,voornamennaamgebruik,voorvoegselnaamgebruik,scheidingstekennaamgebruik,adellijketitelnaamgebruik,geslnaamstamnaamgebruik,nadereaandverval) VALUES('22','22','19951003',null,'22',null,'1','true',null,'Ellen','van','-',null,'Zon',null);
INSERT INTO kern.his_persnaamgebruik (id,pers,tsreg,tsverval,actieinh,actieverval,naamgebruik,indnaamgebruikafgeleid,predicaatnaamgebruik,voornamennaamgebruik,voorvoegselnaamgebruik,scheidingstekennaamgebruik,adellijketitelnaamgebruik,geslnaamstamnaamgebruik,nadereaandverval) VALUES('23','23','19941003',null,'23',null,'1','true',null,'Christian','van','-',null,'Verhaar',null);
INSERT INTO kern.his_persnaamgebruik (id,pers,tsreg,tsverval,actieinh,actieverval,naamgebruik,indnaamgebruikafgeleid,predicaatnaamgebruik,voornamennaamgebruik,voorvoegselnaamgebruik,scheidingstekennaamgebruik,adellijketitelnaamgebruik,geslnaamstamnaamgebruik,nadereaandverval) VALUES('24','24','19770401',null,'24',null,'1','true',null,'Anja','de','-',null,'Klaassen',null);
INSERT INTO kern.his_persnaamgebruik (id,pers,tsreg,tsverval,actieinh,actieverval,naamgebruik,indnaamgebruikafgeleid,predicaatnaamgebruik,voornamennaamgebruik,voorvoegselnaamgebruik,scheidingstekennaamgebruik,adellijketitelnaamgebruik,geslnaamstamnaamgebruik,nadereaandverval) VALUES('25','25','19880611',null,'25',null,'1','true',null,'Karel',null,'-',null,'Valstar',null);
INSERT INTO kern.his_persnaamgebruik (id,pers,tsreg,tsverval,actieinh,actieverval,naamgebruik,indnaamgebruikafgeleid,predicaatnaamgebruik,voornamennaamgebruik,voorvoegselnaamgebruik,scheidingstekennaamgebruik,adellijketitelnaamgebruik,geslnaamstamnaamgebruik,nadereaandverval) VALUES('26','26','19910721',null,'26',null,'1','true',null,'Helen','ter','-',null,'Botje',null);
INSERT INTO kern.his_persnaamgebruik (id,pers,tsreg,tsverval,actieinh,actieverval,naamgebruik,indnaamgebruikafgeleid,predicaatnaamgebruik,voornamennaamgebruik,voorvoegselnaamgebruik,scheidingstekennaamgebruik,adellijketitelnaamgebruik,geslnaamstamnaamgebruik,nadereaandverval) VALUES('27','27','19910911',null,'27',null,'1','true',null,'Sander',null,'-',null,'Karlson',null);
INSERT INTO kern.his_persnaamgebruik (id,pers,tsreg,tsverval,actieinh,actieverval,naamgebruik,indnaamgebruikafgeleid,predicaatnaamgebruik,voornamennaamgebruik,voorvoegselnaamgebruik,scheidingstekennaamgebruik,adellijketitelnaamgebruik,geslnaamstamnaamgebruik,nadereaandverval) VALUES('28','28','19900722',null,'28',null,'1','true',null,'Violet','van','-',null,'Hoog',null);
INSERT INTO kern.his_persnaamgebruik (id,pers,tsreg,tsverval,actieinh,actieverval,naamgebruik,indnaamgebruikafgeleid,predicaatnaamgebruik,voornamennaamgebruik,voorvoegselnaamgebruik,scheidingstekennaamgebruik,adellijketitelnaamgebruik,geslnaamstamnaamgebruik,nadereaandverval) VALUES('29','29','19200430',null,'29',null,'1','true',null,'Violet',null,'-',null,'Karlson',null);
INSERT INTO kern.his_persnaamgebruik (id,pers,tsreg,tsverval,actieinh,actieverval,naamgebruik,indnaamgebruikafgeleid,predicaatnaamgebruik,voornamennaamgebruik,voorvoegselnaamgebruik,scheidingstekennaamgebruik,adellijketitelnaamgebruik,geslnaamstamnaamgebruik,nadereaandverval) VALUES('30','30','19220419',null,'30',null,'1','true',null,'Tanja','de','-',null,'Vlonder',null);
INSERT INTO kern.his_persnaamgebruik (id,pers,tsreg,tsverval,actieinh,actieverval,naamgebruik,indnaamgebruikafgeleid,predicaatnaamgebruik,voornamennaamgebruik,voorvoegselnaamgebruik,scheidingstekennaamgebruik,adellijketitelnaamgebruik,geslnaamstamnaamgebruik,nadereaandverval) VALUES('31','31','19920219',null,'31',null,'1','true',null,'Berend','de','-',null,'Zatte',null);
INSERT INTO kern.his_persnaamgebruik (id,pers,tsreg,tsverval,actieinh,actieverval,naamgebruik,indnaamgebruikafgeleid,predicaatnaamgebruik,voornamennaamgebruik,voorvoegselnaamgebruik,scheidingstekennaamgebruik,adellijketitelnaamgebruik,geslnaamstamnaamgebruik,nadereaandverval) VALUES('32','32','19510923',null,'32',null,'1','true',null,'Mike',null,'-',null,'Stuurman',null);
INSERT INTO kern.his_persnaamgebruik (id,pers,tsreg,tsverval,actieinh,actieverval,naamgebruik,indnaamgebruikafgeleid,predicaatnaamgebruik,voornamennaamgebruik,voorvoegselnaamgebruik,scheidingstekennaamgebruik,adellijketitelnaamgebruik,geslnaamstamnaamgebruik,nadereaandverval) VALUES('33','33','19531116',null,'33',null,'1','true',null,'Sanne','de','-',null,'Vriend',null);
INSERT INTO kern.his_persnaamgebruik (id,pers,tsreg,tsverval,actieinh,actieverval,naamgebruik,indnaamgebruikafgeleid,predicaatnaamgebruik,voornamennaamgebruik,voorvoegselnaamgebruik,scheidingstekennaamgebruik,adellijketitelnaamgebruik,geslnaamstamnaamgebruik,nadereaandverval) VALUES('34','34','19390402',null,'34',null,'1','true',null,'Josje','de','-',null,'Renner',null);
INSERT INTO kern.his_persnaamgebruik (id,pers,tsreg,tsverval,actieinh,actieverval,naamgebruik,indnaamgebruikafgeleid,predicaatnaamgebruik,voornamennaamgebruik,voorvoegselnaamgebruik,scheidingstekennaamgebruik,adellijketitelnaamgebruik,geslnaamstamnaamgebruik,nadereaandverval) VALUES('35','35','19841203',null,'35',null,'1','true',null,'Anna','de','-',null,'Muurbloem',null);
INSERT INTO kern.his_persnaamgebruik (id,pers,tsreg,tsverval,actieinh,actieverval,naamgebruik,indnaamgebruikafgeleid,predicaatnaamgebruik,voornamennaamgebruik,voorvoegselnaamgebruik,scheidingstekennaamgebruik,adellijketitelnaamgebruik,geslnaamstamnaamgebruik,nadereaandverval) VALUES('36','36','19851011',null,'36',null,'1','true',null,'Gerard',null,'-',null,'Appelo',null);
INSERT INTO kern.his_persnaamgebruik (id,pers,tsreg,tsverval,actieinh,actieverval,naamgebruik,indnaamgebruikafgeleid,predicaatnaamgebruik,voornamennaamgebruik,voorvoegselnaamgebruik,scheidingstekennaamgebruik,adellijketitelnaamgebruik,geslnaamstamnaamgebruik,nadereaandverval) VALUES('37','37','20050112',null,'37',null,'1','true',null,'Albert',null,'-',null,'Appel',null);
INSERT INTO kern.his_persnaamgebruik (id,pers,tsreg,tsverval,actieinh,actieverval,naamgebruik,indnaamgebruikafgeleid,predicaatnaamgebruik,voornamennaamgebruik,voorvoegselnaamgebruik,scheidingstekennaamgebruik,adellijketitelnaamgebruik,geslnaamstamnaamgebruik,nadereaandverval) VALUES('38','38','20051201',null,'38',null,'1','true',null,'Marijke','ter','-',null,'Aar',null);
INSERT INTO kern.his_persnaamgebruik (id,pers,tsreg,tsverval,actieinh,actieverval,naamgebruik,indnaamgebruikafgeleid,predicaatnaamgebruik,voornamennaamgebruik,voorvoegselnaamgebruik,scheidingstekennaamgebruik,adellijketitelnaamgebruik,geslnaamstamnaamgebruik,nadereaandverval) VALUES('39','39','20050112',null,'39',null,'1','true',null,'Geerte','in het','-',null,'Veld',null);
INSERT INTO kern.his_persnaamgebruik (id,pers,tsreg,tsverval,actieinh,actieverval,naamgebruik,indnaamgebruikafgeleid,predicaatnaamgebruik,voornamennaamgebruik,voorvoegselnaamgebruik,scheidingstekennaamgebruik,adellijketitelnaamgebruik,geslnaamstamnaamgebruik,nadereaandverval) VALUES('40','40','20051201',null,'40',null,'1','true',null,'Gert','van','-',null,'Penderloo',null);
INSERT INTO kern.his_persnaamgebruik (id,pers,tsreg,tsverval,actieinh,actieverval,naamgebruik,indnaamgebruikafgeleid,predicaatnaamgebruik,voornamennaamgebruik,voorvoegselnaamgebruik,scheidingstekennaamgebruik,adellijketitelnaamgebruik,geslnaamstamnaamgebruik,nadereaandverval) VALUES('41','41','19680809',null,'41',null,'1','true',null,'Gijs','de','-',null,'Bakker',null);
INSERT INTO kern.his_persnaamgebruik (id,pers,tsreg,tsverval,actieinh,actieverval,naamgebruik,indnaamgebruikafgeleid,predicaatnaamgebruik,voornamennaamgebruik,voorvoegselnaamgebruik,scheidingstekennaamgebruik,adellijketitelnaamgebruik,geslnaamstamnaamgebruik,nadereaandverval) VALUES('42','42','19580921',null,'42',null,'1','true',null,'Guido',null,'-',null,'Karlson',null);
INSERT INTO kern.his_persnaamgebruik (id,pers,tsreg,tsverval,actieinh,actieverval,naamgebruik,indnaamgebruikafgeleid,predicaatnaamgebruik,voornamennaamgebruik,voorvoegselnaamgebruik,scheidingstekennaamgebruik,adellijketitelnaamgebruik,geslnaamstamnaamgebruik,nadereaandverval) VALUES('43','43','19951004',null,'43',null,'1','true',null,'Annemieke','ter','-',null,'Nater',null);
INSERT INTO kern.his_persnaamgebruik (id,pers,tsreg,tsverval,actieinh,actieverval,naamgebruik,indnaamgebruikafgeleid,predicaatnaamgebruik,voornamennaamgebruik,voorvoegselnaamgebruik,scheidingstekennaamgebruik,adellijketitelnaamgebruik,geslnaamstamnaamgebruik,nadereaandverval) VALUES('44','44','20051201',null,'44',null,'1','true',null,'Maarten','van','-',null,'Hoog',null);
INSERT INTO kern.his_persnaamgebruik (id,pers,tsreg,tsverval,actieinh,actieverval,naamgebruik,indnaamgebruikafgeleid,predicaatnaamgebruik,voornamennaamgebruik,voorvoegselnaamgebruik,scheidingstekennaamgebruik,adellijketitelnaamgebruik,geslnaamstamnaamgebruik,nadereaandverval) VALUES('45','45','20050112',null,'45',null,'1','true',null,'Marion','de','-',null,'Hoop',null);

commit;


--------------------------------------------------
--- EIND
--- Sheet: (his_persnaamgebruik)
--- Handler: SheetHandlerImplSimpleInsert
--- Aantal: (46)
--------------------------------------------------
--------------------------------------------------
--- START
--- Sheet: (his_persgeboorte)
--- Handler: SheetHandlerImplSimpleInsert
--------------------------------------------------

begin;

INSERT INTO kern.his_persgeboorte (id,pers,tsreg,tsverval,actieinh,actieverval,datgeboorte,gemgeboorte,wplnaamgeboorte,blplaatsgeboorte,blregiogeboorte,landgebiedgeboorte,omslocgeboorte,nadereaandverval) VALUES('1','1','19811002',null,'1',null,'19811002','522','Honselersdijk',null,null,'229','omschrijving geboorte locatie Cees',null);
INSERT INTO kern.his_persgeboorte (id,pers,tsreg,tsverval,actieinh,actieverval,datgeboorte,gemgeboorte,wplnaamgeboorte,blplaatsgeboorte,blregiogeboorte,landgebiedgeboorte,omslocgeboorte,nadereaandverval) VALUES('2','2','19820528',null,'2',null,'19820528','522','Honselersdijk',null,null,'229',null,null);
INSERT INTO kern.his_persgeboorte (id,pers,tsreg,tsverval,actieinh,actieverval,datgeboorte,gemgeboorte,wplnaamgeboorte,blplaatsgeboorte,blregiogeboorte,landgebiedgeboorte,omslocgeboorte,nadereaandverval) VALUES('3','3','19660302',null,'3',null,'19660302','522','Honselersdijk',null,null,'229',null,null);
INSERT INTO kern.his_persgeboorte (id,pers,tsreg,tsverval,actieinh,actieverval,datgeboorte,gemgeboorte,wplnaamgeboorte,blplaatsgeboorte,blregiogeboorte,landgebiedgeboorte,omslocgeboorte,nadereaandverval) VALUES('4','4','19691227',null,'4',null,'19691227','950','Reijmerstok',null,null,'229',null,null);
INSERT INTO kern.his_persgeboorte (id,pers,tsreg,tsverval,actieinh,actieverval,datgeboorte,gemgeboorte,wplnaamgeboorte,blplaatsgeboorte,blregiogeboorte,landgebiedgeboorte,omslocgeboorte,nadereaandverval) VALUES('5','5','19710717',null,'5',null,'19710717','348','Reijmerstok',null,null,'229',null,null);
INSERT INTO kern.his_persgeboorte (id,pers,tsreg,tsverval,actieinh,actieverval,datgeboorte,gemgeboorte,wplnaamgeboorte,blplaatsgeboorte,blregiogeboorte,landgebiedgeboorte,omslocgeboorte,nadereaandverval) VALUES('6','6','19720928',null,'6',null,'19720928','522','Honselersdijk',null,null,'229',null,null);
INSERT INTO kern.his_persgeboorte (id,pers,tsreg,tsverval,actieinh,actieverval,datgeboorte,gemgeboorte,wplnaamgeboorte,blplaatsgeboorte,blregiogeboorte,landgebiedgeboorte,omslocgeboorte,nadereaandverval) VALUES('7','7','19800616',null,'7',null,'19800616','603','Reijmerstok',null,null,'229',null,null);
INSERT INTO kern.his_persgeboorte (id,pers,tsreg,tsverval,actieinh,actieverval,datgeboorte,gemgeboorte,wplnaamgeboorte,blplaatsgeboorte,blregiogeboorte,landgebiedgeboorte,omslocgeboorte,nadereaandverval) VALUES('8','8','19810418',null,'8',null,'19810418','974','Reijmerstok',null,null,'229',null,null);
INSERT INTO kern.his_persgeboorte (id,pers,tsreg,tsverval,actieinh,actieverval,datgeboorte,gemgeboorte,wplnaamgeboorte,blplaatsgeboorte,blregiogeboorte,landgebiedgeboorte,omslocgeboorte,nadereaandverval) VALUES('9','9','19940101',null,'9',null,'19940101','348','Reijmerstok',null,null,'229',null,null);
INSERT INTO kern.his_persgeboorte (id,pers,tsreg,tsverval,actieinh,actieverval,datgeboorte,gemgeboorte,wplnaamgeboorte,blplaatsgeboorte,blregiogeboorte,landgebiedgeboorte,omslocgeboorte,nadereaandverval) VALUES('10','10','19691231',null,'10',null,'19691231','776','Reijmerstok',null,null,'229',null,null);
INSERT INTO kern.his_persgeboorte (id,pers,tsreg,tsverval,actieinh,actieverval,datgeboorte,gemgeboorte,wplnaamgeboorte,blplaatsgeboorte,blregiogeboorte,landgebiedgeboorte,omslocgeboorte,nadereaandverval) VALUES('11','11','19690516',null,'11',null,'19690516','397','Reijmerstok',null,null,'229',null,null);
INSERT INTO kern.his_persgeboorte (id,pers,tsreg,tsverval,actieinh,actieverval,datgeboorte,gemgeboorte,wplnaamgeboorte,blplaatsgeboorte,blregiogeboorte,landgebiedgeboorte,omslocgeboorte,nadereaandverval) VALUES('12','12','19771210',null,'12',null,'19771210','397','Reijmerstok',null,null,'229',null,null);
INSERT INTO kern.his_persgeboorte (id,pers,tsreg,tsverval,actieinh,actieverval,datgeboorte,gemgeboorte,wplnaamgeboorte,blplaatsgeboorte,blregiogeboorte,landgebiedgeboorte,omslocgeboorte,nadereaandverval) VALUES('13','13','19550602',null,'13',null,'19550602','396','Reijmerstok',null,null,'229',null,null);
INSERT INTO kern.his_persgeboorte (id,pers,tsreg,tsverval,actieinh,actieverval,datgeboorte,gemgeboorte,wplnaamgeboorte,blplaatsgeboorte,blregiogeboorte,landgebiedgeboorte,omslocgeboorte,nadereaandverval) VALUES('14','14','19780611',null,'14',null,'19780611','251','Reijmerstok',null,null,'229',null,null);
INSERT INTO kern.his_persgeboorte (id,pers,tsreg,tsverval,actieinh,actieverval,datgeboorte,gemgeboorte,wplnaamgeboorte,blplaatsgeboorte,blregiogeboorte,landgebiedgeboorte,omslocgeboorte,nadereaandverval) VALUES('15','15','19880425',null,'15',null,'19880425','522','Honselersdijk',null,null,'229',null,null);
INSERT INTO kern.his_persgeboorte (id,pers,tsreg,tsverval,actieinh,actieverval,datgeboorte,gemgeboorte,wplnaamgeboorte,blplaatsgeboorte,blregiogeboorte,landgebiedgeboorte,omslocgeboorte,nadereaandverval) VALUES('16','16','19881210',null,'16',null,'19881210','1267','Reijmerstok',null,null,'229',null,null);
INSERT INTO kern.his_persgeboorte (id,pers,tsreg,tsverval,actieinh,actieverval,datgeboorte,gemgeboorte,wplnaamgeboorte,blplaatsgeboorte,blregiogeboorte,landgebiedgeboorte,omslocgeboorte,nadereaandverval) VALUES('17','17','19960523',null,'17',null,'19960523','91','Wolsum',null,null,'229',null,null);
INSERT INTO kern.his_persgeboorte (id,pers,tsreg,tsverval,actieinh,actieverval,datgeboorte,gemgeboorte,wplnaamgeboorte,blplaatsgeboorte,blregiogeboorte,landgebiedgeboorte,omslocgeboorte,nadereaandverval) VALUES('18','18','19941005',null,'18',null,'19941005','780','Etten-Leur',null,null,'229',null,null);
INSERT INTO kern.his_persgeboorte (id,pers,tsreg,tsverval,actieinh,actieverval,datgeboorte,gemgeboorte,wplnaamgeboorte,blplaatsgeboorte,blregiogeboorte,landgebiedgeboorte,omslocgeboorte,nadereaandverval) VALUES('19','19','19941005',null,'19',null,'19941005','615','Witteveen',null,null,'229',null,null);
INSERT INTO kern.his_persgeboorte (id,pers,tsreg,tsverval,actieinh,actieverval,datgeboorte,gemgeboorte,wplnaamgeboorte,blplaatsgeboorte,blregiogeboorte,landgebiedgeboorte,omslocgeboorte,nadereaandverval) VALUES('20','20','19760103',null,'20',null,'19760103','625','Vlaardingen',null,null,'229',null,null);
INSERT INTO kern.his_persgeboorte (id,pers,tsreg,tsverval,actieinh,actieverval,datgeboorte,gemgeboorte,wplnaamgeboorte,blplaatsgeboorte,blregiogeboorte,landgebiedgeboorte,omslocgeboorte,nadereaandverval) VALUES('21','21','19961003',null,'21',null,'19961003','345','Soest',null,null,'229',null,null);
INSERT INTO kern.his_persgeboorte (id,pers,tsreg,tsverval,actieinh,actieverval,datgeboorte,gemgeboorte,wplnaamgeboorte,blplaatsgeboorte,blregiogeboorte,landgebiedgeboorte,omslocgeboorte,nadereaandverval) VALUES('22','22','19951003',null,'22',null,'19951003','625','Vlaardingen',null,null,'229',null,null);
INSERT INTO kern.his_persgeboorte (id,pers,tsreg,tsverval,actieinh,actieverval,datgeboorte,gemgeboorte,wplnaamgeboorte,blplaatsgeboorte,blregiogeboorte,landgebiedgeboorte,omslocgeboorte,nadereaandverval) VALUES('23','23','19941003',null,'23',null,'19941003','365','Hellendoorn',null,null,'229',null,null);
INSERT INTO kern.his_persgeboorte (id,pers,tsreg,tsverval,actieinh,actieverval,datgeboorte,gemgeboorte,wplnaamgeboorte,blplaatsgeboorte,blregiogeboorte,landgebiedgeboorte,omslocgeboorte,nadereaandverval) VALUES('24','24','19770401',null,'24',null,'19770401','365','Hellendoorn',null,null,'229',null,null);
INSERT INTO kern.his_persgeboorte (id,pers,tsreg,tsverval,actieinh,actieverval,datgeboorte,gemgeboorte,wplnaamgeboorte,blplaatsgeboorte,blregiogeboorte,landgebiedgeboorte,omslocgeboorte,nadereaandverval) VALUES('25','25','19880611',null,'25',null,'19880611','91','Wolsum',null,null,'229',null,null);
INSERT INTO kern.his_persgeboorte (id,pers,tsreg,tsverval,actieinh,actieverval,datgeboorte,gemgeboorte,wplnaamgeboorte,blplaatsgeboorte,blregiogeboorte,landgebiedgeboorte,omslocgeboorte,nadereaandverval) VALUES('26','26','19910721',null,'26',null,'19910721','365','Hellendoorn',null,null,'229',null,null);
INSERT INTO kern.his_persgeboorte (id,pers,tsreg,tsverval,actieinh,actieverval,datgeboorte,gemgeboorte,wplnaamgeboorte,blplaatsgeboorte,blregiogeboorte,landgebiedgeboorte,omslocgeboorte,nadereaandverval) VALUES('27','27','19910911',null,'27',null,'19910911','625','Vlaardingen',null,null,'229',null,null);
INSERT INTO kern.his_persgeboorte (id,pers,tsreg,tsverval,actieinh,actieverval,datgeboorte,gemgeboorte,wplnaamgeboorte,blplaatsgeboorte,blregiogeboorte,landgebiedgeboorte,omslocgeboorte,nadereaandverval) VALUES('28','28','19900722',null,'28',null,'19900722','625','Vlaardingen',null,null,'229',null,null);
INSERT INTO kern.his_persgeboorte (id,pers,tsreg,tsverval,actieinh,actieverval,datgeboorte,gemgeboorte,wplnaamgeboorte,blplaatsgeboorte,blregiogeboorte,landgebiedgeboorte,omslocgeboorte,nadereaandverval) VALUES('29','29','19200430',null,'29',null,'19200430','1239','Ouwerkerk',null,null,'229',null,null);
INSERT INTO kern.his_persgeboorte (id,pers,tsreg,tsverval,actieinh,actieverval,datgeboorte,gemgeboorte,wplnaamgeboorte,blplaatsgeboorte,blregiogeboorte,landgebiedgeboorte,omslocgeboorte,nadereaandverval) VALUES('30','30','19220419',null,'30',null,'19220419','1239','Ouwerkerk',null,null,'229',null,null);
INSERT INTO kern.his_persgeboorte (id,pers,tsreg,tsverval,actieinh,actieverval,datgeboorte,gemgeboorte,wplnaamgeboorte,blplaatsgeboorte,blregiogeboorte,landgebiedgeboorte,omslocgeboorte,nadereaandverval) VALUES('31','31','19920219',null,'31',null,'19920219','977','Koningsbosch',null,null,'229',null,null);
INSERT INTO kern.his_persgeboorte (id,pers,tsreg,tsverval,actieinh,actieverval,datgeboorte,gemgeboorte,wplnaamgeboorte,blplaatsgeboorte,blregiogeboorte,landgebiedgeboorte,omslocgeboorte,nadereaandverval) VALUES('32','32','19510923',null,'32',null,'19510923','522','Honselersdijk',null,null,'229',null,null);
INSERT INTO kern.his_persgeboorte (id,pers,tsreg,tsverval,actieinh,actieverval,datgeboorte,gemgeboorte,wplnaamgeboorte,blplaatsgeboorte,blregiogeboorte,landgebiedgeboorte,omslocgeboorte,nadereaandverval) VALUES('33','33','19531116',null,'33',null,'19531116','506','Scherpenzeel',null,null,'229',null,null);
INSERT INTO kern.his_persgeboorte (id,pers,tsreg,tsverval,actieinh,actieverval,datgeboorte,gemgeboorte,wplnaamgeboorte,blplaatsgeboorte,blregiogeboorte,landgebiedgeboorte,omslocgeboorte,nadereaandverval) VALUES('34','34','19390402',null,'34',null,'19390402','403','Egmond-Binnen',null,null,'229',null,null);
INSERT INTO kern.his_persgeboorte (id,pers,tsreg,tsverval,actieinh,actieverval,datgeboorte,gemgeboorte,wplnaamgeboorte,blplaatsgeboorte,blregiogeboorte,landgebiedgeboorte,omslocgeboorte,nadereaandverval) VALUES('35','35','19841203',null,'35',null,'19841203','342','Delft',null,null,'229',null,null);
INSERT INTO kern.his_persgeboorte (id,pers,tsreg,tsverval,actieinh,actieverval,datgeboorte,gemgeboorte,wplnaamgeboorte,blplaatsgeboorte,blregiogeboorte,landgebiedgeboorte,omslocgeboorte,nadereaandverval) VALUES('36','36','19851011',null,'36',null,'19851011','342','Delft',null,null,'229',null,null);
INSERT INTO kern.his_persgeboorte (id,pers,tsreg,tsverval,actieinh,actieverval,datgeboorte,gemgeboorte,wplnaamgeboorte,blplaatsgeboorte,blregiogeboorte,landgebiedgeboorte,omslocgeboorte,nadereaandverval) VALUES('37','37','20050112',null,'37',null,'20050112','91','Wolsum',null,null,'229',null,null);
INSERT INTO kern.his_persgeboorte (id,pers,tsreg,tsverval,actieinh,actieverval,datgeboorte,gemgeboorte,wplnaamgeboorte,blplaatsgeboorte,blregiogeboorte,landgebiedgeboorte,omslocgeboorte,nadereaandverval) VALUES('38','38','20051201',null,'38',null,'20051201','96','Twello',null,null,'229',null,null);
INSERT INTO kern.his_persgeboorte (id,pers,tsreg,tsverval,actieinh,actieverval,datgeboorte,gemgeboorte,wplnaamgeboorte,blplaatsgeboorte,blregiogeboorte,landgebiedgeboorte,omslocgeboorte,nadereaandverval) VALUES('39','39','20050112',null,'39',null,'20050112','63','Zevenbergschen Hoek',null,null,'229',null,null);
INSERT INTO kern.his_persgeboorte (id,pers,tsreg,tsverval,actieinh,actieverval,datgeboorte,gemgeboorte,wplnaamgeboorte,blplaatsgeboorte,blregiogeboorte,landgebiedgeboorte,omslocgeboorte,nadereaandverval) VALUES('40','40','20051201',null,'40',null,'20051201','99','Tuitjenhorn',null,null,'229',null,null);
INSERT INTO kern.his_persgeboorte (id,pers,tsreg,tsverval,actieinh,actieverval,datgeboorte,gemgeboorte,wplnaamgeboorte,blplaatsgeboorte,blregiogeboorte,landgebiedgeboorte,omslocgeboorte,nadereaandverval) VALUES('41','41','19680809',null,'41',null,'19680809','99','Tuitjenhorn',null,null,'229',null,null);
INSERT INTO kern.his_persgeboorte (id,pers,tsreg,tsverval,actieinh,actieverval,datgeboorte,gemgeboorte,wplnaamgeboorte,blplaatsgeboorte,blregiogeboorte,landgebiedgeboorte,omslocgeboorte,nadereaandverval) VALUES('42','42','19580921',null,'42',null,'19580921','91','Wolsum',null,null,'229',null,null);
INSERT INTO kern.his_persgeboorte (id,pers,tsreg,tsverval,actieinh,actieverval,datgeboorte,gemgeboorte,wplnaamgeboorte,blplaatsgeboorte,blregiogeboorte,landgebiedgeboorte,omslocgeboorte,nadereaandverval) VALUES('43','43','19951004',null,'43',null,'19951004','91','Wolsum',null,null,'229',null,null);
INSERT INTO kern.his_persgeboorte (id,pers,tsreg,tsverval,actieinh,actieverval,datgeboorte,gemgeboorte,wplnaamgeboorte,blplaatsgeboorte,blregiogeboorte,landgebiedgeboorte,omslocgeboorte,nadereaandverval) VALUES('44','44','20051201',null,'44',null,'20051201','365','Hellendoorn',null,null,'229',null,null);
INSERT INTO kern.his_persgeboorte (id,pers,tsreg,tsverval,actieinh,actieverval,datgeboorte,gemgeboorte,wplnaamgeboorte,blplaatsgeboorte,blregiogeboorte,landgebiedgeboorte,omslocgeboorte,nadereaandverval) VALUES('45','45','20050112',null,'45',null,'20050112','365','Hellendoorn',null,null,'229',null,null);

commit;


--------------------------------------------------
--- EIND
--- Sheet: (his_persgeboorte)
--- Handler: SheetHandlerImplSimpleInsert
--- Aantal: (46)
--------------------------------------------------
--------------------------------------------------
--- START
--- Sheet: (his_persoverlijden)
--- Handler: SheetHandlerImplSimpleInsert
--------------------------------------------------

begin;

INSERT INTO kern.his_persoverlijden (id,pers,tsreg,tsverval,actieinh,actieverval,datoverlijden,gemoverlijden,wplnaamoverlijden,blplaatsoverlijden,blregiooverlijden,landgebiedoverlijden,omslocoverlijden,nadereaandverval) VALUES('1','14','20111111',null,'506',null,'20111111','397','Vlodrop',null,null,'229',null,null);

commit;


--------------------------------------------------
--- EIND
--- Sheet: (his_persoverlijden)
--- Handler: SheetHandlerImplSimpleInsert
--- Aantal: (2)
--------------------------------------------------
--------------------------------------------------
--- Sheet: (13) (update statement pers tabel) wordt overgeslagen
--------------------------------------------------
--------------------------------------------------
--- START
--- Sheet: (persadres)
--- Handler: SheetHandlerImplSimpleInsert
--------------------------------------------------

begin;

INSERT INTO kern.persadres (id,pers,srt,rdnwijz,aangadresh,dataanvadresh,identcodeadresseerbaarobject,identcodenraand,gem,nor,afgekortenor,gemdeel,huisnr,huisletter,huisnrtoevoeging,postcode,wplnaam,loctenopzichtevanadres,locoms,bladresregel1,bladresregel2,bladresregel3,bladresregel4,bladresregel5,bladresregel6,landgebied,indpersaangetroffenopadres) VALUES('1','1','1','1','7','20050328',null,null,'347','Vredenburg','Vredenburg',null,'3',null,null,'3511BA','Smalle Ee',null,null,null,null,null,null,null,null,'229',null);
INSERT INTO kern.persadres (id,pers,srt,rdnwijz,aangadresh,dataanvadresh,identcodeadresseerbaarobject,identcodenraand,gem,nor,afgekortenor,gemdeel,huisnr,huisletter,huisnrtoevoeging,postcode,wplnaam,loctenopzichtevanadres,locoms,bladresregel1,bladresregel2,bladresregel3,bladresregel4,bladresregel5,bladresregel6,landgebied,indpersaangetroffenopadres) VALUES('2','2','1','1','3','20050328',null,null,'347','Vredenburg','Vredenburg',null,'3',null,null,'3511BA','Smalle Ee',null,null,null,null,null,null,null,null,'229',null);
INSERT INTO kern.persadres (id,pers,srt,rdnwijz,aangadresh,dataanvadresh,identcodeadresseerbaarobject,identcodenraand,gem,nor,afgekortenor,gemdeel,huisnr,huisletter,huisnrtoevoeging,postcode,wplnaam,loctenopzichtevanadres,locoms,bladresregel1,bladresregel2,bladresregel3,bladresregel4,bladresregel5,bladresregel6,landgebied,indpersaangetroffenopadres) VALUES('3','3','1','1','3','19901201',null,null,'347','Neude','Neude',null,'11',null,null,'3512AE','Smalle Ee',null,null,null,null,null,null,null,null,'229',null);
INSERT INTO kern.persadres (id,pers,srt,rdnwijz,aangadresh,dataanvadresh,identcodeadresseerbaarobject,identcodenraand,gem,nor,afgekortenor,gemdeel,huisnr,huisletter,huisnrtoevoeging,postcode,wplnaam,loctenopzichtevanadres,locoms,bladresregel1,bladresregel2,bladresregel3,bladresregel4,bladresregel5,bladresregel6,landgebied,indpersaangetroffenopadres) VALUES('4','4','1','1','7','19901201',null,null,'347','Neude','Neude',null,'13',null,null,'3512AE','Smalle Ee',null,null,null,null,null,null,null,null,'229',null);
INSERT INTO kern.persadres (id,pers,srt,rdnwijz,aangadresh,dataanvadresh,identcodeadresseerbaarobject,identcodenraand,gem,nor,afgekortenor,gemdeel,huisnr,huisletter,huisnrtoevoeging,postcode,wplnaam,loctenopzichtevanadres,locoms,bladresregel1,bladresregel2,bladresregel3,bladresregel4,bladresregel5,bladresregel6,landgebied,indpersaangetroffenopadres) VALUES('5','5','1','1','3','19981201',null,null,'347','Biltstraat','Biltstraat',null,'5',null,null,'3572AA','Smalle Ee',null,null,null,null,null,null,null,null,'229',null);
INSERT INTO kern.persadres (id,pers,srt,rdnwijz,aangadresh,dataanvadresh,identcodeadresseerbaarobject,identcodenraand,gem,nor,afgekortenor,gemdeel,huisnr,huisletter,huisnrtoevoeging,postcode,wplnaam,loctenopzichtevanadres,locoms,bladresregel1,bladresregel2,bladresregel3,bladresregel4,bladresregel5,bladresregel6,landgebied,indpersaangetroffenopadres) VALUES('6','6','1','1','7','19981201',null,null,'347','Biltstraat','Biltstraat',null,'5',null,null,'3572AA','Smalle Ee',null,null,null,null,null,null,null,null,'229',null);
INSERT INTO kern.persadres (id,pers,srt,rdnwijz,aangadresh,dataanvadresh,identcodeadresseerbaarobject,identcodenraand,gem,nor,afgekortenor,gemdeel,huisnr,huisletter,huisnrtoevoeging,postcode,wplnaam,loctenopzichtevanadres,locoms,bladresregel1,bladresregel2,bladresregel3,bladresregel4,bladresregel5,bladresregel6,landgebied,indpersaangetroffenopadres) VALUES('7','7','1','1','7','20110205',null,null,'347','Vredenburg','Vredenburg',null,'22',null,null,'3511BB','Smalle Ee',null,null,null,null,null,null,null,null,'229',null);
INSERT INTO kern.persadres (id,pers,srt,rdnwijz,aangadresh,dataanvadresh,identcodeadresseerbaarobject,identcodenraand,gem,nor,afgekortenor,gemdeel,huisnr,huisletter,huisnrtoevoeging,postcode,wplnaam,loctenopzichtevanadres,locoms,bladresregel1,bladresregel2,bladresregel3,bladresregel4,bladresregel5,bladresregel6,landgebied,indpersaangetroffenopadres) VALUES('8','8','1','1','3','20110205',null,null,'347','Vredenburg','Vredenburg',null,'22',null,null,'3511BB','Smalle Ee',null,null,null,null,null,null,null,null,'229',null);
INSERT INTO kern.persadres (id,pers,srt,rdnwijz,aangadresh,dataanvadresh,identcodeadresseerbaarobject,identcodenraand,gem,nor,afgekortenor,gemdeel,huisnr,huisletter,huisnrtoevoeging,postcode,wplnaam,loctenopzichtevanadres,locoms,bladresregel1,bladresregel2,bladresregel3,bladresregel4,bladresregel5,bladresregel6,landgebied,indpersaangetroffenopadres) VALUES('9','9','1','1','6','20110205',null,null,'347','Vredenburg','Vredenburg',null,'22',null,null,'3511BB','Smalle Ee',null,null,null,null,null,null,null,null,'229',null);
INSERT INTO kern.persadres (id,pers,srt,rdnwijz,aangadresh,dataanvadresh,identcodeadresseerbaarobject,identcodenraand,gem,nor,afgekortenor,gemdeel,huisnr,huisletter,huisnrtoevoeging,postcode,wplnaam,loctenopzichtevanadres,locoms,bladresregel1,bladresregel2,bladresregel3,bladresregel4,bladresregel5,bladresregel6,landgebied,indpersaangetroffenopadres) VALUES('10','10','1','1','3','20090928',null,null,'347','Neude','Neude',null,'17',null,null,'3512AE','Smalle Ee',null,null,null,null,null,null,null,null,'229',null);
INSERT INTO kern.persadres (id,pers,srt,rdnwijz,aangadresh,dataanvadresh,identcodeadresseerbaarobject,identcodenraand,gem,nor,afgekortenor,gemdeel,huisnr,huisletter,huisnrtoevoeging,postcode,wplnaam,loctenopzichtevanadres,locoms,bladresregel1,bladresregel2,bladresregel3,bladresregel4,bladresregel5,bladresregel6,landgebied,indpersaangetroffenopadres) VALUES('11','11','1','1','7','20090928',null,null,'347','Neude','Neude',null,'17',null,null,'3512AE','Smalle Ee',null,null,null,null,null,null,null,null,'229',null);
INSERT INTO kern.persadres (id,pers,srt,rdnwijz,aangadresh,dataanvadresh,identcodeadresseerbaarobject,identcodenraand,gem,nor,afgekortenor,gemdeel,huisnr,huisletter,huisnrtoevoeging,postcode,wplnaam,loctenopzichtevanadres,locoms,bladresregel1,bladresregel2,bladresregel3,bladresregel4,bladresregel5,bladresregel6,landgebied,indpersaangetroffenopadres) VALUES('12','12','1','1','3','20000228',null,null,'347','Biltstraat','Biltstraat',null,'7',null,null,'3572AA','Smalle Ee',null,null,null,null,null,null,null,null,'229',null);
INSERT INTO kern.persadres (id,pers,srt,rdnwijz,aangadresh,dataanvadresh,identcodeadresseerbaarobject,identcodenraand,gem,nor,afgekortenor,gemdeel,huisnr,huisletter,huisnrtoevoeging,postcode,wplnaam,loctenopzichtevanadres,locoms,bladresregel1,bladresregel2,bladresregel3,bladresregel4,bladresregel5,bladresregel6,landgebied,indpersaangetroffenopadres) VALUES('13','13','1','1','3','19920508',null,null,'347','Vredenburg','Vredenburg',null,'27',null,null,'3511BC','Smalle Ee',null,null,null,null,null,null,null,null,'229',null);
INSERT INTO kern.persadres (id,pers,srt,rdnwijz,aangadresh,dataanvadresh,identcodeadresseerbaarobject,identcodenraand,gem,nor,afgekortenor,gemdeel,huisnr,huisletter,huisnrtoevoeging,postcode,wplnaam,loctenopzichtevanadres,locoms,bladresregel1,bladresregel2,bladresregel3,bladresregel4,bladresregel5,bladresregel6,landgebied,indpersaangetroffenopadres) VALUES('14','14','1','2',null,'19780611',null,null,'347','Neude','Neude',null,'19',null,null,'3512AD','Smalle Ee',null,null,null,null,null,null,null,null,'229',null);
INSERT INTO kern.persadres (id,pers,srt,rdnwijz,aangadresh,dataanvadresh,identcodeadresseerbaarobject,identcodenraand,gem,nor,afgekortenor,gemdeel,huisnr,huisletter,huisnrtoevoeging,postcode,wplnaam,loctenopzichtevanadres,locoms,bladresregel1,bladresregel2,bladresregel3,bladresregel4,bladresregel5,bladresregel6,landgebied,indpersaangetroffenopadres) VALUES('15','15','1','1','3','20110425',null,null,'347','Vredenburg','Vredenburg',null,'3',null,null,'3511BA','Smalle Ee',null,null,null,null,null,null,null,null,'229',null);
INSERT INTO kern.persadres (id,pers,srt,rdnwijz,aangadresh,dataanvadresh,identcodeadresseerbaarobject,identcodenraand,gem,nor,afgekortenor,gemdeel,huisnr,huisletter,huisnrtoevoeging,postcode,wplnaam,loctenopzichtevanadres,locoms,bladresregel1,bladresregel2,bladresregel3,bladresregel4,bladresregel5,bladresregel6,landgebied,indpersaangetroffenopadres) VALUES('16','16','1','1','3','20100626',null,null,'347','Biltstraat','Biltstraat',null,'5',null,null,'3572AA','Smalle Ee',null,null,null,null,null,null,null,null,'229',null);
INSERT INTO kern.persadres (id,pers,srt,rdnwijz,aangadresh,dataanvadresh,identcodeadresseerbaarobject,identcodenraand,gem,nor,afgekortenor,gemdeel,huisnr,huisletter,huisnrtoevoeging,postcode,wplnaam,loctenopzichtevanadres,locoms,bladresregel1,bladresregel2,bladresregel3,bladresregel4,bladresregel5,bladresregel6,landgebied,indpersaangetroffenopadres) VALUES('17','17','1','1','3','20030327',null,null,'347','Biltstraat','Biltstraat',null,'152',null,null,'3572BM','Smalle Ee',null,null,null,null,null,null,null,null,'229',null);
INSERT INTO kern.persadres (id,pers,srt,rdnwijz,aangadresh,dataanvadresh,identcodeadresseerbaarobject,identcodenraand,gem,nor,afgekortenor,gemdeel,huisnr,huisletter,huisnrtoevoeging,postcode,wplnaam,loctenopzichtevanadres,locoms,bladresregel1,bladresregel2,bladresregel3,bladresregel4,bladresregel5,bladresregel6,landgebied,indpersaangetroffenopadres) VALUES('18','18','1','1','3','19911002',null,null,'347','Biltstraat','Biltstraat',null,'152',null,null,'3572BM','Smalle Ee',null,null,null,null,null,null,null,null,'229',null);
INSERT INTO kern.persadres (id,pers,srt,rdnwijz,aangadresh,dataanvadresh,identcodeadresseerbaarobject,identcodenraand,gem,nor,afgekortenor,gemdeel,huisnr,huisletter,huisnrtoevoeging,postcode,wplnaam,loctenopzichtevanadres,locoms,bladresregel1,bladresregel2,bladresregel3,bladresregel4,bladresregel5,bladresregel6,landgebied,indpersaangetroffenopadres) VALUES('19','19','1','1','3','19901111',null,null,'347','Biltstraat','Biltstraat',null,'172',null,null,'3572BP','Smalle Ee',null,null,null,null,null,null,null,null,'229',null);
INSERT INTO kern.persadres (id,pers,srt,rdnwijz,aangadresh,dataanvadresh,identcodeadresseerbaarobject,identcodenraand,gem,nor,afgekortenor,gemdeel,huisnr,huisletter,huisnrtoevoeging,postcode,wplnaam,loctenopzichtevanadres,locoms,bladresregel1,bladresregel2,bladresregel3,bladresregel4,bladresregel5,bladresregel6,landgebied,indpersaangetroffenopadres) VALUES('20','20','1','1','3','19820528',null,null,'347','Biltstraat','Biltstraat',null,'172',null,null,'3572BP','Smalle Ee',null,null,null,null,null,null,null,null,'229',null);
INSERT INTO kern.persadres (id,pers,srt,rdnwijz,aangadresh,dataanvadresh,identcodeadresseerbaarobject,identcodenraand,gem,nor,afgekortenor,gemdeel,huisnr,huisletter,huisnrtoevoeging,postcode,wplnaam,loctenopzichtevanadres,locoms,bladresregel1,bladresregel2,bladresregel3,bladresregel4,bladresregel5,bladresregel6,landgebied,indpersaangetroffenopadres) VALUES('21','21','1','1','3','20010328',null,null,'347','Vredenburg ','Vredenburg ',null,'81',null,null,'3511BD','Smalle Ee',null,null,null,null,null,null,null,null,'229',null);
INSERT INTO kern.persadres (id,pers,srt,rdnwijz,aangadresh,dataanvadresh,identcodeadresseerbaarobject,identcodenraand,gem,nor,afgekortenor,gemdeel,huisnr,huisletter,huisnrtoevoeging,postcode,wplnaam,loctenopzichtevanadres,locoms,bladresregel1,bladresregel2,bladresregel3,bladresregel4,bladresregel5,bladresregel6,landgebied,indpersaangetroffenopadres) VALUES('22','22','1','1','3','20101002',null,null,'347','Biltstraat','Biltstraat',null,'119',null,null,'3572AP','Smalle Ee',null,null,null,null,null,null,null,null,'229',null);
INSERT INTO kern.persadres (id,pers,srt,rdnwijz,aangadresh,dataanvadresh,identcodeadresseerbaarobject,identcodenraand,gem,nor,afgekortenor,gemdeel,huisnr,huisletter,huisnrtoevoeging,postcode,wplnaam,loctenopzichtevanadres,locoms,bladresregel1,bladresregel2,bladresregel3,bladresregel4,bladresregel5,bladresregel6,landgebied,indpersaangetroffenopadres) VALUES('23','23','1','1','3','19970605',null,null,'347','Vredenburg ','Vredenburg ',null,'83',null,null,'3511BD','Smalle Ee',null,null,null,null,null,null,null,null,'229',null);
INSERT INTO kern.persadres (id,pers,srt,rdnwijz,aangadresh,dataanvadresh,identcodeadresseerbaarobject,identcodenraand,gem,nor,afgekortenor,gemdeel,huisnr,huisletter,huisnrtoevoeging,postcode,wplnaam,loctenopzichtevanadres,locoms,bladresregel1,bladresregel2,bladresregel3,bladresregel4,bladresregel5,bladresregel6,landgebied,indpersaangetroffenopadres) VALUES('24','24','1','1','3','19790928',null,null,'347','Biltstraat','Biltstraat',null,'121',null,null,'3572AP','Smalle Ee',null,null,null,null,null,null,null,null,'229',null);
INSERT INTO kern.persadres (id,pers,srt,rdnwijz,aangadresh,dataanvadresh,identcodeadresseerbaarobject,identcodenraand,gem,nor,afgekortenor,gemdeel,huisnr,huisletter,huisnrtoevoeging,postcode,wplnaam,loctenopzichtevanadres,locoms,bladresregel1,bladresregel2,bladresregel3,bladresregel4,bladresregel5,bladresregel6,landgebied,indpersaangetroffenopadres) VALUES('25','25','1','1','3','19950929',null,null,'347','Vredenburg ','Vredenburg ',null,'42',null,null,'3511BD','Smalle Ee',null,null,null,null,null,null,null,null,'229',null);
INSERT INTO kern.persadres (id,pers,srt,rdnwijz,aangadresh,dataanvadresh,identcodeadresseerbaarobject,identcodenraand,gem,nor,afgekortenor,gemdeel,huisnr,huisletter,huisnrtoevoeging,postcode,wplnaam,loctenopzichtevanadres,locoms,bladresregel1,bladresregel2,bladresregel3,bladresregel4,bladresregel5,bladresregel6,landgebied,indpersaangetroffenopadres) VALUES('26','26','1','1','3','20000101',null,null,'347','Biltstraat','Biltstraat',null,'115',null,null,'3572AP','Smalle Ee',null,null,null,null,null,null,null,null,'229',null);
INSERT INTO kern.persadres (id,pers,srt,rdnwijz,aangadresh,dataanvadresh,identcodeadresseerbaarobject,identcodenraand,gem,nor,afgekortenor,gemdeel,huisnr,huisletter,huisnrtoevoeging,postcode,wplnaam,loctenopzichtevanadres,locoms,bladresregel1,bladresregel2,bladresregel3,bladresregel4,bladresregel5,bladresregel6,landgebied,indpersaangetroffenopadres) VALUES('27','27','1','1','3','20031024',null,null,'347','Biltstraat','Biltstraat',null,'117',null,null,'3572AP','Smalle Ee',null,null,null,null,null,null,null,null,'229',null);
INSERT INTO kern.persadres (id,pers,srt,rdnwijz,aangadresh,dataanvadresh,identcodeadresseerbaarobject,identcodenraand,gem,nor,afgekortenor,gemdeel,huisnr,huisletter,huisnrtoevoeging,postcode,wplnaam,loctenopzichtevanadres,locoms,bladresregel1,bladresregel2,bladresregel3,bladresregel4,bladresregel5,bladresregel6,landgebied,indpersaangetroffenopadres) VALUES('28','28','1','1','3','19990616',null,null,'347','Biltstraat','Biltstraat',null,'117',null,null,'3572AP','Smalle Ee',null,null,null,null,null,null,null,null,'229',null);
INSERT INTO kern.persadres (id,pers,srt,rdnwijz,aangadresh,dataanvadresh,identcodeadresseerbaarobject,identcodenraand,gem,nor,afgekortenor,gemdeel,huisnr,huisletter,huisnrtoevoeging,postcode,wplnaam,loctenopzichtevanadres,locoms,bladresregel1,bladresregel2,bladresregel3,bladresregel4,bladresregel5,bladresregel6,landgebied,indpersaangetroffenopadres) VALUES('30','30','1','1','3','20120620',null,null,'347','Biltstraat','Biltstraat',null,'95',null,null,'3572AL','Smalle Ee',null,null,null,null,null,null,null,null,'229',null);
INSERT INTO kern.persadres (id,pers,srt,rdnwijz,aangadresh,dataanvadresh,identcodeadresseerbaarobject,identcodenraand,gem,nor,afgekortenor,gemdeel,huisnr,huisletter,huisnrtoevoeging,postcode,wplnaam,loctenopzichtevanadres,locoms,bladresregel1,bladresregel2,bladresregel3,bladresregel4,bladresregel5,bladresregel6,landgebied,indpersaangetroffenopadres) VALUES('31','31','1','1','3','20120306',null,null,'347','Vredenburg ','Vredenburg ',null,'114',null,null,'3511BE','Smalle Ee',null,null,null,null,null,null,null,null,'229',null);
INSERT INTO kern.persadres (id,pers,srt,rdnwijz,aangadresh,dataanvadresh,identcodeadresseerbaarobject,identcodenraand,gem,nor,afgekortenor,gemdeel,huisnr,huisletter,huisnrtoevoeging,postcode,wplnaam,loctenopzichtevanadres,locoms,bladresregel1,bladresregel2,bladresregel3,bladresregel4,bladresregel5,bladresregel6,landgebied,indpersaangetroffenopadres) VALUES('32','32','1','1','3','20120621',null,null,'347','Neude','Neude',null,'34',null,null,'3512AG','Smalle Ee',null,null,null,null,null,null,null,null,'229',null);
INSERT INTO kern.persadres (id,pers,srt,rdnwijz,aangadresh,dataanvadresh,identcodeadresseerbaarobject,identcodenraand,gem,nor,afgekortenor,gemdeel,huisnr,huisletter,huisnrtoevoeging,postcode,wplnaam,loctenopzichtevanadres,locoms,bladresregel1,bladresregel2,bladresregel3,bladresregel4,bladresregel5,bladresregel6,landgebied,indpersaangetroffenopadres) VALUES('33','33','1','1','3','20120621',null,null,'347','Neude','Neude',null,'34',null,null,'3512AG','Smalle Ee',null,null,null,null,null,null,null,null,'229',null);
INSERT INTO kern.persadres (id,pers,srt,rdnwijz,aangadresh,dataanvadresh,identcodeadresseerbaarobject,identcodenraand,gem,nor,afgekortenor,gemdeel,huisnr,huisletter,huisnrtoevoeging,postcode,wplnaam,loctenopzichtevanadres,locoms,bladresregel1,bladresregel2,bladresregel3,bladresregel4,bladresregel5,bladresregel6,landgebied,indpersaangetroffenopadres) VALUES('34','34','1','1','3','20090701',null,null,'347','Biltstraat','Biltstraat',null,'101',null,null,'3572AL','Smalle Ee',null,null,null,null,null,null,null,null,'229',null);
INSERT INTO kern.persadres (id,pers,srt,rdnwijz,aangadresh,dataanvadresh,identcodeadresseerbaarobject,identcodenraand,gem,nor,afgekortenor,gemdeel,huisnr,huisletter,huisnrtoevoeging,postcode,wplnaam,loctenopzichtevanadres,locoms,bladresregel1,bladresregel2,bladresregel3,bladresregel4,bladresregel5,bladresregel6,landgebied,indpersaangetroffenopadres) VALUES('35','35','1','1','3','20090301',null,null,'347','Vredenburg ','Vredenburg ',null,'120',null,null,'3511BE','Smalle Ee',null,null,null,null,null,null,null,null,'229',null);
INSERT INTO kern.persadres (id,pers,srt,rdnwijz,aangadresh,dataanvadresh,identcodeadresseerbaarobject,identcodenraand,gem,nor,afgekortenor,gemdeel,huisnr,huisletter,huisnrtoevoeging,postcode,wplnaam,loctenopzichtevanadres,locoms,bladresregel1,bladresregel2,bladresregel3,bladresregel4,bladresregel5,bladresregel6,landgebied,indpersaangetroffenopadres) VALUES('36','36','1','1','3','20090301',null,null,'347','Vredenburg ','Vredenburg ',null,'120',null,null,'3511BE','Smalle Ee',null,null,null,null,null,null,null,null,'229',null);
INSERT INTO kern.persadres (id,pers,srt,rdnwijz,aangadresh,dataanvadresh,identcodeadresseerbaarobject,identcodenraand,gem,nor,afgekortenor,gemdeel,huisnr,huisletter,huisnrtoevoeging,postcode,wplnaam,loctenopzichtevanadres,locoms,bladresregel1,bladresregel2,bladresregel3,bladresregel4,bladresregel5,bladresregel6,landgebied,indpersaangetroffenopadres) VALUES('37','37','1','1','3','20090301',null,null,'347','Vredenburg ','Vredenburg ',null,'120',null,null,'3511BE','Smalle Ee',null,null,null,null,null,null,null,null,'229',null);
INSERT INTO kern.persadres (id,pers,srt,rdnwijz,aangadresh,dataanvadresh,identcodeadresseerbaarobject,identcodenraand,gem,nor,afgekortenor,gemdeel,huisnr,huisletter,huisnrtoevoeging,postcode,wplnaam,loctenopzichtevanadres,locoms,bladresregel1,bladresregel2,bladresregel3,bladresregel4,bladresregel5,bladresregel6,landgebied,indpersaangetroffenopadres) VALUES('38','38','1','1','3','20090301',null,null,'347','Vredenburg ','Vredenburg ',null,'120',null,null,'3511BE','Smalle Ee',null,null,null,null,null,null,null,null,'229',null);
INSERT INTO kern.persadres (id,pers,srt,rdnwijz,aangadresh,dataanvadresh,identcodeadresseerbaarobject,identcodenraand,gem,nor,afgekortenor,gemdeel,huisnr,huisletter,huisnrtoevoeging,postcode,wplnaam,loctenopzichtevanadres,locoms,bladresregel1,bladresregel2,bladresregel3,bladresregel4,bladresregel5,bladresregel6,landgebied,indpersaangetroffenopadres) VALUES('39','39','1','1','3','20120522',null,null,'347','Neude','Neude',null,'33',null,null,'3512AG','Smalle Ee',null,null,null,null,null,null,null,null,'229',null);
INSERT INTO kern.persadres (id,pers,srt,rdnwijz,aangadresh,dataanvadresh,identcodeadresseerbaarobject,identcodenraand,gem,nor,afgekortenor,gemdeel,huisnr,huisletter,huisnrtoevoeging,postcode,wplnaam,loctenopzichtevanadres,locoms,bladresregel1,bladresregel2,bladresregel3,bladresregel4,bladresregel5,bladresregel6,landgebied,indpersaangetroffenopadres) VALUES('40','40','1','2',null,'20010517',null,null,'347','Biltstraat','Biltstraat',null,'107',null,null,'3572AM','Smalle Ee',null,null,null,null,null,null,null,null,'229',null);
INSERT INTO kern.persadres (id,pers,srt,rdnwijz,aangadresh,dataanvadresh,identcodeadresseerbaarobject,identcodenraand,gem,nor,afgekortenor,gemdeel,huisnr,huisletter,huisnrtoevoeging,postcode,wplnaam,loctenopzichtevanadres,locoms,bladresregel1,bladresregel2,bladresregel3,bladresregel4,bladresregel5,bladresregel6,landgebied,indpersaangetroffenopadres) VALUES('41','41','1','1','3','20090201',null,null,'347','Vredenburg ','Vredenburg ',null,'124',null,null,'3511BE','Smalle Ee',null,null,null,null,null,null,null,null,'229',null);
INSERT INTO kern.persadres (id,pers,srt,rdnwijz,aangadresh,dataanvadresh,identcodeadresseerbaarobject,identcodenraand,gem,nor,afgekortenor,gemdeel,huisnr,huisletter,huisnrtoevoeging,postcode,wplnaam,loctenopzichtevanadres,locoms,bladresregel1,bladresregel2,bladresregel3,bladresregel4,bladresregel5,bladresregel6,landgebied,indpersaangetroffenopadres) VALUES('42','42','1','1','7','20010328',null,null,'347','Biltstraat','Biltstraat',null,'142',null,null,'3572BM','Smalle Ee',null,null,null,null,null,null,null,null,'229',null);
INSERT INTO kern.persadres (id,pers,srt,rdnwijz,aangadresh,dataanvadresh,identcodeadresseerbaarobject,identcodenraand,gem,nor,afgekortenor,gemdeel,huisnr,huisletter,huisnrtoevoeging,postcode,wplnaam,loctenopzichtevanadres,locoms,bladresregel1,bladresregel2,bladresregel3,bladresregel4,bladresregel5,bladresregel6,landgebied,indpersaangetroffenopadres) VALUES('43','43','1','1','3','19820528',null,null,'347','Biltstraat','Biltstraat',null,'142',null,null,'3572BM','Smalle Ee',null,null,null,null,null,null,null,null,'229',null);
INSERT INTO kern.persadres (id,pers,srt,rdnwijz,aangadresh,dataanvadresh,identcodeadresseerbaarobject,identcodenraand,gem,nor,afgekortenor,gemdeel,huisnr,huisletter,huisnrtoevoeging,postcode,wplnaam,loctenopzichtevanadres,locoms,bladresregel1,bladresregel2,bladresregel3,bladresregel4,bladresregel5,bladresregel6,landgebied,indpersaangetroffenopadres) VALUES('44','44','1','1','3','20010328',null,null,'347','Vredenburg','Vredenburg',null,'114',null,null,'3511BE','Smalle Ee',null,null,null,null,null,null,null,null,'229',null);
INSERT INTO kern.persadres (id,pers,srt,rdnwijz,aangadresh,dataanvadresh,identcodeadresseerbaarobject,identcodenraand,gem,nor,afgekortenor,gemdeel,huisnr,huisletter,huisnrtoevoeging,postcode,wplnaam,loctenopzichtevanadres,locoms,bladresregel1,bladresregel2,bladresregel3,bladresregel4,bladresregel5,bladresregel6,landgebied,indpersaangetroffenopadres) VALUES('45','45','1','1','7','19911002',null,null,'347','Vredenburg','Vredenburg',null,'114',null,null,'3511BE','Smalle Ee',null,null,null,null,null,null,null,null,'229',null);

commit;


--------------------------------------------------
--- EIND
--- Sheet: (persadres)
--- Handler: SheetHandlerImplSimpleInsert
--- Aantal: (45)
--------------------------------------------------
--------------------------------------------------
--- START
--- Sheet: (his_persadres)
--- Handler: SheetHandlerImplSimpleInsert
--------------------------------------------------

begin;

INSERT INTO kern.his_persadres (id,persadres,dataanvgel,dateindegel,tsreg,tsverval,actieinh,actieverval,actieaanpgel,srt,rdnwijz,aangadresh,dataanvadresh,identcodeadresseerbaarobject,identcodenraand,gem,nor,afgekortenor,gemdeel,huisnr,huisletter,huisnrtoevoeging,postcode,wplnaam,loctenopzichtevanadres,locoms,bladresregel1,bladresregel2,bladresregel3,bladresregel4,bladresregel5,bladresregel6,landgebied,indpersaangetroffenopadres,nadereaandverval) VALUES('1000','1','20050328',null,'20050328',null,'1000',null,null,'1','1','7','20050328',null,null,'347','Vredenburg','Vredenburg',null,'3',null,null,'3511BA','Smalle Ee',null,null,null,null,null,null,null,null,'229',null,null);
INSERT INTO kern.his_persadres (id,persadres,dataanvgel,dateindegel,tsreg,tsverval,actieinh,actieverval,actieaanpgel,srt,rdnwijz,aangadresh,dataanvadresh,identcodeadresseerbaarobject,identcodenraand,gem,nor,afgekortenor,gemdeel,huisnr,huisletter,huisnrtoevoeging,postcode,wplnaam,loctenopzichtevanadres,locoms,bladresregel1,bladresregel2,bladresregel3,bladresregel4,bladresregel5,bladresregel6,landgebied,indpersaangetroffenopadres,nadereaandverval) VALUES('999','1','20030327','20050328','20050328',null,'999',null,'1000','1','1','3','20030327',null,null,'229','Zonegge','Zonegge',null,'1',null,null,'6901KT',null,null,null,null,null,null,null,null,null,'229',null,null);
INSERT INTO kern.his_persadres (id,persadres,dataanvgel,dateindegel,tsreg,tsverval,actieinh,actieverval,actieaanpgel,srt,rdnwijz,aangadresh,dataanvadresh,identcodeadresseerbaarobject,identcodenraand,gem,nor,afgekortenor,gemdeel,huisnr,huisletter,huisnrtoevoeging,postcode,wplnaam,loctenopzichtevanadres,locoms,bladresregel1,bladresregel2,bladresregel3,bladresregel4,bladresregel5,bladresregel6,landgebied,indpersaangetroffenopadres,nadereaandverval) VALUES('998','1','20030327',null,'20030327','20050328','999','1000',null,'1','1','3','20030327',null,null,'229','Zonegge','Zonegge',null,'1',null,null,'6901KT',null,null,null,null,null,null,null,null,null,'229',null,null);
INSERT INTO kern.his_persadres (id,persadres,dataanvgel,dateindegel,tsreg,tsverval,actieinh,actieverval,actieaanpgel,srt,rdnwijz,aangadresh,dataanvadresh,identcodeadresseerbaarobject,identcodenraand,gem,nor,afgekortenor,gemdeel,huisnr,huisletter,huisnrtoevoeging,postcode,wplnaam,loctenopzichtevanadres,locoms,bladresregel1,bladresregel2,bladresregel3,bladresregel4,bladresregel5,bladresregel6,landgebied,indpersaangetroffenopadres,nadereaandverval) VALUES('997','1','19811002','20030327','20030327',null,'998',null,'999','1','2',null,'19811002',null,null,'521','Langnekstraat','Langnekstraat',null,'9',null,null,'2572JN',null,null,null,null,null,null,null,null,null,'229',null,null);
INSERT INTO kern.his_persadres (id,persadres,dataanvgel,dateindegel,tsreg,tsverval,actieinh,actieverval,actieaanpgel,srt,rdnwijz,aangadresh,dataanvadresh,identcodeadresseerbaarobject,identcodenraand,gem,nor,afgekortenor,gemdeel,huisnr,huisletter,huisnrtoevoeging,postcode,wplnaam,loctenopzichtevanadres,locoms,bladresregel1,bladresregel2,bladresregel3,bladresregel4,bladresregel5,bladresregel6,landgebied,indpersaangetroffenopadres,nadereaandverval) VALUES('996','1','19811002',null,'19811002','20030327','998','999',null,'1','2',null,'19811002',null,null,'521','Langnekstraat','Langnekstraat',null,'9',null,null,'2572JN',null,null,null,null,null,null,null,null,null,'229',null,null);
INSERT INTO kern.his_persadres (id,persadres,dataanvgel,dateindegel,tsreg,tsverval,actieinh,actieverval,actieaanpgel,srt,rdnwijz,aangadresh,dataanvadresh,identcodeadresseerbaarobject,identcodenraand,gem,nor,afgekortenor,gemdeel,huisnr,huisletter,huisnrtoevoeging,postcode,wplnaam,loctenopzichtevanadres,locoms,bladresregel1,bladresregel2,bladresregel3,bladresregel4,bladresregel5,bladresregel6,landgebied,indpersaangetroffenopadres,nadereaandverval) VALUES('995','2','20050328',null,'20050328',null,'997',null,null,'1','1','3','20050328',null,null,'347','Vredenburg','Vredenburg',null,'3',null,null,'3511BA','Smalle Ee',null,null,null,null,null,null,null,null,'229',null,null);
INSERT INTO kern.his_persadres (id,persadres,dataanvgel,dateindegel,tsreg,tsverval,actieinh,actieverval,actieaanpgel,srt,rdnwijz,aangadresh,dataanvadresh,identcodeadresseerbaarobject,identcodenraand,gem,nor,afgekortenor,gemdeel,huisnr,huisletter,huisnrtoevoeging,postcode,wplnaam,loctenopzichtevanadres,locoms,bladresregel1,bladresregel2,bladresregel3,bladresregel4,bladresregel5,bladresregel6,landgebied,indpersaangetroffenopadres,nadereaandverval) VALUES('994','2','20030327','20050328','20050328',null,'996',null,'997','1','1','7','20030327',null,null,'229','Zonegge','Zonegge',null,'1',null,null,'6901KT',null,null,null,null,null,null,null,null,null,'229',null,null);
INSERT INTO kern.his_persadres (id,persadres,dataanvgel,dateindegel,tsreg,tsverval,actieinh,actieverval,actieaanpgel,srt,rdnwijz,aangadresh,dataanvadresh,identcodeadresseerbaarobject,identcodenraand,gem,nor,afgekortenor,gemdeel,huisnr,huisletter,huisnrtoevoeging,postcode,wplnaam,loctenopzichtevanadres,locoms,bladresregel1,bladresregel2,bladresregel3,bladresregel4,bladresregel5,bladresregel6,landgebied,indpersaangetroffenopadres,nadereaandverval) VALUES('993','2','20030327',null,'20030327','20050328','996','997',null,'1','1','7','20030327',null,null,'229','Zonegge','Zonegge',null,'1',null,null,'6901KT',null,null,null,null,null,null,null,null,null,'229',null,null);
INSERT INTO kern.his_persadres (id,persadres,dataanvgel,dateindegel,tsreg,tsverval,actieinh,actieverval,actieaanpgel,srt,rdnwijz,aangadresh,dataanvadresh,identcodeadresseerbaarobject,identcodenraand,gem,nor,afgekortenor,gemdeel,huisnr,huisletter,huisnrtoevoeging,postcode,wplnaam,loctenopzichtevanadres,locoms,bladresregel1,bladresregel2,bladresregel3,bladresregel4,bladresregel5,bladresregel6,landgebied,indpersaangetroffenopadres,nadereaandverval) VALUES('992','2','19820528','20030327','20030327',null,'995',null,'996','1','2',null,'19820528',null,null,'602','Stuart Millstraat','Stuart Millstraat',null,'24',null,null,'2554AJ',null,null,null,null,null,null,null,null,null,'229',null,null);
INSERT INTO kern.his_persadres (id,persadres,dataanvgel,dateindegel,tsreg,tsverval,actieinh,actieverval,actieaanpgel,srt,rdnwijz,aangadresh,dataanvadresh,identcodeadresseerbaarobject,identcodenraand,gem,nor,afgekortenor,gemdeel,huisnr,huisletter,huisnrtoevoeging,postcode,wplnaam,loctenopzichtevanadres,locoms,bladresregel1,bladresregel2,bladresregel3,bladresregel4,bladresregel5,bladresregel6,landgebied,indpersaangetroffenopadres,nadereaandverval) VALUES('991','2','19820528',null,'19820528','20030327','995','996',null,'1','2',null,'19820528',null,null,'602','Stuart Millstraat','Stuart Millstraat',null,'24',null,null,'2554AJ',null,null,null,null,null,null,null,null,null,'229',null,null);
INSERT INTO kern.his_persadres (id,persadres,dataanvgel,dateindegel,tsreg,tsverval,actieinh,actieverval,actieaanpgel,srt,rdnwijz,aangadresh,dataanvadresh,identcodeadresseerbaarobject,identcodenraand,gem,nor,afgekortenor,gemdeel,huisnr,huisletter,huisnrtoevoeging,postcode,wplnaam,loctenopzichtevanadres,locoms,bladresregel1,bladresregel2,bladresregel3,bladresregel4,bladresregel5,bladresregel6,landgebied,indpersaangetroffenopadres,nadereaandverval) VALUES('990','3','19901201',null,'19901201',null,'994',null,null,'1','1','3','19901201',null,null,'347','Neude','Neude',null,'11',null,null,'3512AE','Smalle Ee',null,null,null,null,null,null,null,null,'229',null,null);
INSERT INTO kern.his_persadres (id,persadres,dataanvgel,dateindegel,tsreg,tsverval,actieinh,actieverval,actieaanpgel,srt,rdnwijz,aangadresh,dataanvadresh,identcodeadresseerbaarobject,identcodenraand,gem,nor,afgekortenor,gemdeel,huisnr,huisletter,huisnrtoevoeging,postcode,wplnaam,loctenopzichtevanadres,locoms,bladresregel1,bladresregel2,bladresregel3,bladresregel4,bladresregel5,bladresregel6,landgebied,indpersaangetroffenopadres,nadereaandverval) VALUES('989','3','19901111','19901201','19901201',null,'993',null,'994','1','1','3','19901111',null,null,'950','Achillesstraat','Achillesstraat',null,'34',null,null,'6165RA',null,null,null,null,null,null,null,null,null,'229',null,null);
INSERT INTO kern.his_persadres (id,persadres,dataanvgel,dateindegel,tsreg,tsverval,actieinh,actieverval,actieaanpgel,srt,rdnwijz,aangadresh,dataanvadresh,identcodeadresseerbaarobject,identcodenraand,gem,nor,afgekortenor,gemdeel,huisnr,huisletter,huisnrtoevoeging,postcode,wplnaam,loctenopzichtevanadres,locoms,bladresregel1,bladresregel2,bladresregel3,bladresregel4,bladresregel5,bladresregel6,landgebied,indpersaangetroffenopadres,nadereaandverval) VALUES('988','3','19901111',null,'19901111','19901201','993','994',null,'1','1','3','19901111',null,null,'950','Achillesstraat','Achillesstraat',null,'34',null,null,'6165RA',null,null,null,null,null,null,null,null,null,'229',null,null);
INSERT INTO kern.his_persadres (id,persadres,dataanvgel,dateindegel,tsreg,tsverval,actieinh,actieverval,actieaanpgel,srt,rdnwijz,aangadresh,dataanvadresh,identcodeadresseerbaarobject,identcodenraand,gem,nor,afgekortenor,gemdeel,huisnr,huisletter,huisnrtoevoeging,postcode,wplnaam,loctenopzichtevanadres,locoms,bladresregel1,bladresregel2,bladresregel3,bladresregel4,bladresregel5,bladresregel6,landgebied,indpersaangetroffenopadres,nadereaandverval) VALUES('987','3','19660302','19901111','19901111',null,'992',null,'993','1','2',null,'19660302',null,null,'521','Langnekstraat','Langnekstraat',null,'7',null,null,'2572JN',null,null,null,null,null,null,null,null,null,'229',null,null);
INSERT INTO kern.his_persadres (id,persadres,dataanvgel,dateindegel,tsreg,tsverval,actieinh,actieverval,actieaanpgel,srt,rdnwijz,aangadresh,dataanvadresh,identcodeadresseerbaarobject,identcodenraand,gem,nor,afgekortenor,gemdeel,huisnr,huisletter,huisnrtoevoeging,postcode,wplnaam,loctenopzichtevanadres,locoms,bladresregel1,bladresregel2,bladresregel3,bladresregel4,bladresregel5,bladresregel6,landgebied,indpersaangetroffenopadres,nadereaandverval) VALUES('986','3','19660302',null,'19660302','19901111','992','993',null,'1','2',null,'19660302',null,null,'521','Langnekstraat','Langnekstraat',null,'7',null,null,'2572JN',null,null,null,null,null,null,null,null,null,'229',null,null);
INSERT INTO kern.his_persadres (id,persadres,dataanvgel,dateindegel,tsreg,tsverval,actieinh,actieverval,actieaanpgel,srt,rdnwijz,aangadresh,dataanvadresh,identcodeadresseerbaarobject,identcodenraand,gem,nor,afgekortenor,gemdeel,huisnr,huisletter,huisnrtoevoeging,postcode,wplnaam,loctenopzichtevanadres,locoms,bladresregel1,bladresregel2,bladresregel3,bladresregel4,bladresregel5,bladresregel6,landgebied,indpersaangetroffenopadres,nadereaandverval) VALUES('985','4','19901201',null,'19901201',null,'991',null,null,'1','1','7','19901201',null,null,'347','Neude','Neude',null,'13',null,null,'3512AE','Smalle Ee',null,null,null,null,null,null,null,null,'229',null,null);
INSERT INTO kern.his_persadres (id,persadres,dataanvgel,dateindegel,tsreg,tsverval,actieinh,actieverval,actieaanpgel,srt,rdnwijz,aangadresh,dataanvadresh,identcodeadresseerbaarobject,identcodenraand,gem,nor,afgekortenor,gemdeel,huisnr,huisletter,huisnrtoevoeging,postcode,wplnaam,loctenopzichtevanadres,locoms,bladresregel1,bladresregel2,bladresregel3,bladresregel4,bladresregel5,bladresregel6,landgebied,indpersaangetroffenopadres,nadereaandverval) VALUES('984','4','19901111','19901201','19901201',null,'990',null,'991','1','1','7','19901111',null,null,'950','Achillesstraat','Achillesstraat',null,'34',null,null,'6165RA',null,null,null,null,null,null,null,null,null,'229',null,null);
INSERT INTO kern.his_persadres (id,persadres,dataanvgel,dateindegel,tsreg,tsverval,actieinh,actieverval,actieaanpgel,srt,rdnwijz,aangadresh,dataanvadresh,identcodeadresseerbaarobject,identcodenraand,gem,nor,afgekortenor,gemdeel,huisnr,huisletter,huisnrtoevoeging,postcode,wplnaam,loctenopzichtevanadres,locoms,bladresregel1,bladresregel2,bladresregel3,bladresregel4,bladresregel5,bladresregel6,landgebied,indpersaangetroffenopadres,nadereaandverval) VALUES('983','4','19901111',null,'19901111','19901201','990','991',null,'1','1','7','19901111',null,null,'950','Achillesstraat','Achillesstraat',null,'34',null,null,'6165RA',null,null,null,null,null,null,null,null,null,'229',null,null);
INSERT INTO kern.his_persadres (id,persadres,dataanvgel,dateindegel,tsreg,tsverval,actieinh,actieverval,actieaanpgel,srt,rdnwijz,aangadresh,dataanvadresh,identcodeadresseerbaarobject,identcodenraand,gem,nor,afgekortenor,gemdeel,huisnr,huisletter,huisnrtoevoeging,postcode,wplnaam,loctenopzichtevanadres,locoms,bladresregel1,bladresregel2,bladresregel3,bladresregel4,bladresregel5,bladresregel6,landgebied,indpersaangetroffenopadres,nadereaandverval) VALUES('982','4','19691227','19901111','19901111',null,'989',null,'990','1','2',null,'19691227',null,null,'347','Rhônedreef','Rhônedreef',null,'45',null,null,'3561VA',null,null,null,null,null,null,null,null,null,'229',null,null);
INSERT INTO kern.his_persadres (id,persadres,dataanvgel,dateindegel,tsreg,tsverval,actieinh,actieverval,actieaanpgel,srt,rdnwijz,aangadresh,dataanvadresh,identcodeadresseerbaarobject,identcodenraand,gem,nor,afgekortenor,gemdeel,huisnr,huisletter,huisnrtoevoeging,postcode,wplnaam,loctenopzichtevanadres,locoms,bladresregel1,bladresregel2,bladresregel3,bladresregel4,bladresregel5,bladresregel6,landgebied,indpersaangetroffenopadres,nadereaandverval) VALUES('981','4','19691227',null,'19691227','19901111','989','990',null,'1','2',null,'19691227',null,null,'347','Rhônedreef','Rhônedreef',null,'45',null,null,'3561VA',null,null,null,null,null,null,null,null,null,'229',null,null);
INSERT INTO kern.his_persadres (id,persadres,dataanvgel,dateindegel,tsreg,tsverval,actieinh,actieverval,actieaanpgel,srt,rdnwijz,aangadresh,dataanvadresh,identcodeadresseerbaarobject,identcodenraand,gem,nor,afgekortenor,gemdeel,huisnr,huisletter,huisnrtoevoeging,postcode,wplnaam,loctenopzichtevanadres,locoms,bladresregel1,bladresregel2,bladresregel3,bladresregel4,bladresregel5,bladresregel6,landgebied,indpersaangetroffenopadres,nadereaandverval) VALUES('980','5','19981201',null,'19981201',null,'988',null,null,'1','1','3','19981201',null,null,'347','Biltstraat','Biltstraat',null,'5',null,null,'3572AA','Smalle Ee',null,null,null,null,null,null,null,null,'229',null,null);
INSERT INTO kern.his_persadres (id,persadres,dataanvgel,dateindegel,tsreg,tsverval,actieinh,actieverval,actieaanpgel,srt,rdnwijz,aangadresh,dataanvadresh,identcodeadresseerbaarobject,identcodenraand,gem,nor,afgekortenor,gemdeel,huisnr,huisletter,huisnrtoevoeging,postcode,wplnaam,loctenopzichtevanadres,locoms,bladresregel1,bladresregel2,bladresregel3,bladresregel4,bladresregel5,bladresregel6,landgebied,indpersaangetroffenopadres,nadereaandverval) VALUES('979','5','19970605','19981201','19981201',null,'987',null,'988','1','1','7','19970605',null,null,'403','Anthonij Miechielsz van Voorthuijsenstraat','A M v Voorthuijsenstr',null,'67',null,null,'1785LG',null,null,null,null,null,null,null,null,null,'229',null,null);
INSERT INTO kern.his_persadres (id,persadres,dataanvgel,dateindegel,tsreg,tsverval,actieinh,actieverval,actieaanpgel,srt,rdnwijz,aangadresh,dataanvadresh,identcodeadresseerbaarobject,identcodenraand,gem,nor,afgekortenor,gemdeel,huisnr,huisletter,huisnrtoevoeging,postcode,wplnaam,loctenopzichtevanadres,locoms,bladresregel1,bladresregel2,bladresregel3,bladresregel4,bladresregel5,bladresregel6,landgebied,indpersaangetroffenopadres,nadereaandverval) VALUES('978','5','19970605',null,'19970605','19981201','987','988',null,'1','1','7','19970605',null,null,'403','Anthonij Miechielsz van Voorthuijsenstraat','A M v Voorthuijsenstr',null,'67',null,null,'1785LG',null,null,null,null,null,null,null,null,null,'229',null,null);
INSERT INTO kern.his_persadres (id,persadres,dataanvgel,dateindegel,tsreg,tsverval,actieinh,actieverval,actieaanpgel,srt,rdnwijz,aangadresh,dataanvadresh,identcodeadresseerbaarobject,identcodenraand,gem,nor,afgekortenor,gemdeel,huisnr,huisletter,huisnrtoevoeging,postcode,wplnaam,loctenopzichtevanadres,locoms,bladresregel1,bladresregel2,bladresregel3,bladresregel4,bladresregel5,bladresregel6,landgebied,indpersaangetroffenopadres,nadereaandverval) VALUES('977','5','19710717','19970605','19970605',null,'986',null,'987','1','2',null,'19710717',null,null,'347','Westduëlstraat','Westduëlstraat',null,'23',null,null,'3082RV',null,null,null,null,null,null,null,null,null,'229',null,null);
INSERT INTO kern.his_persadres (id,persadres,dataanvgel,dateindegel,tsreg,tsverval,actieinh,actieverval,actieaanpgel,srt,rdnwijz,aangadresh,dataanvadresh,identcodeadresseerbaarobject,identcodenraand,gem,nor,afgekortenor,gemdeel,huisnr,huisletter,huisnrtoevoeging,postcode,wplnaam,loctenopzichtevanadres,locoms,bladresregel1,bladresregel2,bladresregel3,bladresregel4,bladresregel5,bladresregel6,landgebied,indpersaangetroffenopadres,nadereaandverval) VALUES('976','5','19710717',null,'19710717','19970605','986','987',null,'1','2',null,'19710717',null,null,'347','Westduëlstraat','Westduëlstraat',null,'23',null,null,'3082RV',null,null,null,null,null,null,null,null,null,'229',null,null);
INSERT INTO kern.his_persadres (id,persadres,dataanvgel,dateindegel,tsreg,tsverval,actieinh,actieverval,actieaanpgel,srt,rdnwijz,aangadresh,dataanvadresh,identcodeadresseerbaarobject,identcodenraand,gem,nor,afgekortenor,gemdeel,huisnr,huisletter,huisnrtoevoeging,postcode,wplnaam,loctenopzichtevanadres,locoms,bladresregel1,bladresregel2,bladresregel3,bladresregel4,bladresregel5,bladresregel6,landgebied,indpersaangetroffenopadres,nadereaandverval) VALUES('975','6','19981201',null,'19981201',null,'985',null,null,'1','1','7','19981201',null,null,'347','Biltstraat','Biltstraat',null,'5',null,null,'3572AA','Smalle Ee',null,null,null,null,null,null,null,null,'229',null,null);
INSERT INTO kern.his_persadres (id,persadres,dataanvgel,dateindegel,tsreg,tsverval,actieinh,actieverval,actieaanpgel,srt,rdnwijz,aangadresh,dataanvadresh,identcodeadresseerbaarobject,identcodenraand,gem,nor,afgekortenor,gemdeel,huisnr,huisletter,huisnrtoevoeging,postcode,wplnaam,loctenopzichtevanadres,locoms,bladresregel1,bladresregel2,bladresregel3,bladresregel4,bladresregel5,bladresregel6,landgebied,indpersaangetroffenopadres,nadereaandverval) VALUES('974','6','19970605','19981201','19981201',null,'984',null,'985','1','1','3','19970605',null,null,'403','Anthonij Miechielsz van Voorthuijsenstraat','A M v Voorthuijsenstr',null,'67',null,null,'1785LG',null,null,null,null,null,null,null,null,null,'229',null,null);
INSERT INTO kern.his_persadres (id,persadres,dataanvgel,dateindegel,tsreg,tsverval,actieinh,actieverval,actieaanpgel,srt,rdnwijz,aangadresh,dataanvadresh,identcodeadresseerbaarobject,identcodenraand,gem,nor,afgekortenor,gemdeel,huisnr,huisletter,huisnrtoevoeging,postcode,wplnaam,loctenopzichtevanadres,locoms,bladresregel1,bladresregel2,bladresregel3,bladresregel4,bladresregel5,bladresregel6,landgebied,indpersaangetroffenopadres,nadereaandverval) VALUES('973','6','19970605',null,'19970605','19981201','984','985',null,'1','1','3','19970605',null,null,'403','Anthonij Miechielsz van Voorthuijsenstraat','A M v Voorthuijsenstr',null,'67',null,null,'1785LG',null,null,null,null,null,null,null,null,null,'229',null,null);
INSERT INTO kern.his_persadres (id,persadres,dataanvgel,dateindegel,tsreg,tsverval,actieinh,actieverval,actieaanpgel,srt,rdnwijz,aangadresh,dataanvadresh,identcodeadresseerbaarobject,identcodenraand,gem,nor,afgekortenor,gemdeel,huisnr,huisletter,huisnrtoevoeging,postcode,wplnaam,loctenopzichtevanadres,locoms,bladresregel1,bladresregel2,bladresregel3,bladresregel4,bladresregel5,bladresregel6,landgebied,indpersaangetroffenopadres,nadereaandverval) VALUES('972','6','19720928','19970605','19970605',null,'983',null,'984','1','2',null,'19720928',null,null,'366','Bonairestraat','Bonairestraat',null,'23',null,null,'1058XC',null,null,null,null,null,null,null,null,null,'229',null,null);
INSERT INTO kern.his_persadres (id,persadres,dataanvgel,dateindegel,tsreg,tsverval,actieinh,actieverval,actieaanpgel,srt,rdnwijz,aangadresh,dataanvadresh,identcodeadresseerbaarobject,identcodenraand,gem,nor,afgekortenor,gemdeel,huisnr,huisletter,huisnrtoevoeging,postcode,wplnaam,loctenopzichtevanadres,locoms,bladresregel1,bladresregel2,bladresregel3,bladresregel4,bladresregel5,bladresregel6,landgebied,indpersaangetroffenopadres,nadereaandverval) VALUES('971','6','19720928',null,'19720928','19970605','983','984',null,'1','2',null,'19720928',null,null,'366','Bonairestraat','Bonairestraat',null,'23',null,null,'1058XC',null,null,null,null,null,null,null,null,null,'229',null,null);
INSERT INTO kern.his_persadres (id,persadres,dataanvgel,dateindegel,tsreg,tsverval,actieinh,actieverval,actieaanpgel,srt,rdnwijz,aangadresh,dataanvadresh,identcodeadresseerbaarobject,identcodenraand,gem,nor,afgekortenor,gemdeel,huisnr,huisletter,huisnrtoevoeging,postcode,wplnaam,loctenopzichtevanadres,locoms,bladresregel1,bladresregel2,bladresregel3,bladresregel4,bladresregel5,bladresregel6,landgebied,indpersaangetroffenopadres,nadereaandverval) VALUES('970','7','20110205',null,'20110205',null,'982',null,null,'1','1','7','20110205',null,null,'347','Vredenburg','Vredenburg',null,'22',null,null,'3511BB','Smalle Ee',null,null,null,null,null,null,null,null,'229',null,null);
INSERT INTO kern.his_persadres (id,persadres,dataanvgel,dateindegel,tsreg,tsverval,actieinh,actieverval,actieaanpgel,srt,rdnwijz,aangadresh,dataanvadresh,identcodeadresseerbaarobject,identcodenraand,gem,nor,afgekortenor,gemdeel,huisnr,huisletter,huisnrtoevoeging,postcode,wplnaam,loctenopzichtevanadres,locoms,bladresregel1,bladresregel2,bladresregel3,bladresregel4,bladresregel5,bladresregel6,landgebied,indpersaangetroffenopadres,nadereaandverval) VALUES('969','7','20031024','20110205','20110205',null,'981',null,'982','1','1','7','20031024',null,null,'1415','Rafaëlweg','Rafaëlweg',null,'8',null,null,'6114BZ',null,null,null,null,null,null,null,null,null,'229',null,null);
INSERT INTO kern.his_persadres (id,persadres,dataanvgel,dateindegel,tsreg,tsverval,actieinh,actieverval,actieaanpgel,srt,rdnwijz,aangadresh,dataanvadresh,identcodeadresseerbaarobject,identcodenraand,gem,nor,afgekortenor,gemdeel,huisnr,huisletter,huisnrtoevoeging,postcode,wplnaam,loctenopzichtevanadres,locoms,bladresregel1,bladresregel2,bladresregel3,bladresregel4,bladresregel5,bladresregel6,landgebied,indpersaangetroffenopadres,nadereaandverval) VALUES('968','7','20031024',null,'20031024','20110205','981','982',null,'1','1','7','20031024',null,null,'1415','Rafaëlweg','Rafaëlweg',null,'8',null,null,'6114BZ',null,null,null,null,null,null,null,null,null,'229',null,null);
INSERT INTO kern.his_persadres (id,persadres,dataanvgel,dateindegel,tsreg,tsverval,actieinh,actieverval,actieaanpgel,srt,rdnwijz,aangadresh,dataanvadresh,identcodeadresseerbaarobject,identcodenraand,gem,nor,afgekortenor,gemdeel,huisnr,huisletter,huisnrtoevoeging,postcode,wplnaam,loctenopzichtevanadres,locoms,bladresregel1,bladresregel2,bladresregel3,bladresregel4,bladresregel5,bladresregel6,landgebied,indpersaangetroffenopadres,nadereaandverval) VALUES('967','7','19800616','20031024','20031024',null,'980',null,'981','1','2',null,'19800616',null,null,'602','Jan Steenstraat','Jan Steenstraat',null,'132',null,null,'3042AL',null,null,null,null,null,null,null,null,null,'229',null,null);
INSERT INTO kern.his_persadres (id,persadres,dataanvgel,dateindegel,tsreg,tsverval,actieinh,actieverval,actieaanpgel,srt,rdnwijz,aangadresh,dataanvadresh,identcodeadresseerbaarobject,identcodenraand,gem,nor,afgekortenor,gemdeel,huisnr,huisletter,huisnrtoevoeging,postcode,wplnaam,loctenopzichtevanadres,locoms,bladresregel1,bladresregel2,bladresregel3,bladresregel4,bladresregel5,bladresregel6,landgebied,indpersaangetroffenopadres,nadereaandverval) VALUES('966','7','19800616',null,'19800616','20031024','980','981',null,'1','2',null,'19800616',null,null,'602','Jan Steenstraat','Jan Steenstraat',null,'132',null,null,'3042AL',null,null,null,null,null,null,null,null,null,'229',null,null);
INSERT INTO kern.his_persadres (id,persadres,dataanvgel,dateindegel,tsreg,tsverval,actieinh,actieverval,actieaanpgel,srt,rdnwijz,aangadresh,dataanvadresh,identcodeadresseerbaarobject,identcodenraand,gem,nor,afgekortenor,gemdeel,huisnr,huisletter,huisnrtoevoeging,postcode,wplnaam,loctenopzichtevanadres,locoms,bladresregel1,bladresregel2,bladresregel3,bladresregel4,bladresregel5,bladresregel6,landgebied,indpersaangetroffenopadres,nadereaandverval) VALUES('965','8','20110205',null,'20110205',null,'979',null,null,'1','1','3','20110205',null,null,'347','Vredenburg','Vredenburg',null,'22',null,null,'3511BB','Smalle Ee',null,null,null,null,null,null,null,null,'229',null,null);
INSERT INTO kern.his_persadres (id,persadres,dataanvgel,dateindegel,tsreg,tsverval,actieinh,actieverval,actieaanpgel,srt,rdnwijz,aangadresh,dataanvadresh,identcodeadresseerbaarobject,identcodenraand,gem,nor,afgekortenor,gemdeel,huisnr,huisletter,huisnrtoevoeging,postcode,wplnaam,loctenopzichtevanadres,locoms,bladresregel1,bladresregel2,bladresregel3,bladresregel4,bladresregel5,bladresregel6,landgebied,indpersaangetroffenopadres,nadereaandverval) VALUES('964','8','20031024','20110205','20110205',null,'978',null,'979','1','1','3','20031024',null,null,'1415','Rafaëlweg','Rafaëlweg',null,'8',null,null,'6114BZ',null,null,null,null,null,null,null,null,null,'229',null,null);
INSERT INTO kern.his_persadres (id,persadres,dataanvgel,dateindegel,tsreg,tsverval,actieinh,actieverval,actieaanpgel,srt,rdnwijz,aangadresh,dataanvadresh,identcodeadresseerbaarobject,identcodenraand,gem,nor,afgekortenor,gemdeel,huisnr,huisletter,huisnrtoevoeging,postcode,wplnaam,loctenopzichtevanadres,locoms,bladresregel1,bladresregel2,bladresregel3,bladresregel4,bladresregel5,bladresregel6,landgebied,indpersaangetroffenopadres,nadereaandverval) VALUES('963','8','20031024',null,'20031024','20110205','978','979',null,'1','1','3','20031024',null,null,'1415','Rafaëlweg','Rafaëlweg',null,'8',null,null,'6114BZ',null,null,null,null,null,null,null,null,null,'229',null,null);
INSERT INTO kern.his_persadres (id,persadres,dataanvgel,dateindegel,tsreg,tsverval,actieinh,actieverval,actieaanpgel,srt,rdnwijz,aangadresh,dataanvadresh,identcodeadresseerbaarobject,identcodenraand,gem,nor,afgekortenor,gemdeel,huisnr,huisletter,huisnrtoevoeging,postcode,wplnaam,loctenopzichtevanadres,locoms,bladresregel1,bladresregel2,bladresregel3,bladresregel4,bladresregel5,bladresregel6,landgebied,indpersaangetroffenopadres,nadereaandverval) VALUES('962','8','19810418','20031024','20031024',null,'977',null,'978','1','2',null,'19810418',null,null,'347','Westerkade','Westerkade',null,'412',null,null,'3511HB',null,null,null,null,null,null,null,null,null,'229',null,null);
INSERT INTO kern.his_persadres (id,persadres,dataanvgel,dateindegel,tsreg,tsverval,actieinh,actieverval,actieaanpgel,srt,rdnwijz,aangadresh,dataanvadresh,identcodeadresseerbaarobject,identcodenraand,gem,nor,afgekortenor,gemdeel,huisnr,huisletter,huisnrtoevoeging,postcode,wplnaam,loctenopzichtevanadres,locoms,bladresregel1,bladresregel2,bladresregel3,bladresregel4,bladresregel5,bladresregel6,landgebied,indpersaangetroffenopadres,nadereaandverval) VALUES('961','8','19810418',null,'19810418','20031024','977','978',null,'1','2',null,'19810418',null,null,'347','Westerkade','Westerkade',null,'412',null,null,'3511HB',null,null,null,null,null,null,null,null,null,'229',null,null);
INSERT INTO kern.his_persadres (id,persadres,dataanvgel,dateindegel,tsreg,tsverval,actieinh,actieverval,actieaanpgel,srt,rdnwijz,aangadresh,dataanvadresh,identcodeadresseerbaarobject,identcodenraand,gem,nor,afgekortenor,gemdeel,huisnr,huisletter,huisnrtoevoeging,postcode,wplnaam,loctenopzichtevanadres,locoms,bladresregel1,bladresregel2,bladresregel3,bladresregel4,bladresregel5,bladresregel6,landgebied,indpersaangetroffenopadres,nadereaandverval) VALUES('960','9','20110205',null,'20110205',null,'976',null,null,'1','1','6','20110205',null,null,'347','Vredenburg','Vredenburg',null,'22',null,null,'3511BB','Smalle Ee',null,null,null,null,null,null,null,null,'229',null,null);
INSERT INTO kern.his_persadres (id,persadres,dataanvgel,dateindegel,tsreg,tsverval,actieinh,actieverval,actieaanpgel,srt,rdnwijz,aangadresh,dataanvadresh,identcodeadresseerbaarobject,identcodenraand,gem,nor,afgekortenor,gemdeel,huisnr,huisletter,huisnrtoevoeging,postcode,wplnaam,loctenopzichtevanadres,locoms,bladresregel1,bladresregel2,bladresregel3,bladresregel4,bladresregel5,bladresregel6,landgebied,indpersaangetroffenopadres,nadereaandverval) VALUES('959','9','20031226','20110205','20110205',null,'975',null,'976','1','2',null,'20031226',null,null,'1415','Rafaëlweg','Rafaëlweg',null,'7',null,null,'6114BZ',null,null,null,null,null,null,null,null,null,'229',null,null);
INSERT INTO kern.his_persadres (id,persadres,dataanvgel,dateindegel,tsreg,tsverval,actieinh,actieverval,actieaanpgel,srt,rdnwijz,aangadresh,dataanvadresh,identcodeadresseerbaarobject,identcodenraand,gem,nor,afgekortenor,gemdeel,huisnr,huisletter,huisnrtoevoeging,postcode,wplnaam,loctenopzichtevanadres,locoms,bladresregel1,bladresregel2,bladresregel3,bladresregel4,bladresregel5,bladresregel6,landgebied,indpersaangetroffenopadres,nadereaandverval) VALUES('958','9','20031226',null,'20031226','20110205','975','976',null,'1','2',null,'20031226',null,null,'1415','Rafaëlweg','Rafaëlweg',null,'7',null,null,'6114BZ',null,null,null,null,null,null,null,null,null,'229',null,null);
INSERT INTO kern.his_persadres (id,persadres,dataanvgel,dateindegel,tsreg,tsverval,actieinh,actieverval,actieaanpgel,srt,rdnwijz,aangadresh,dataanvadresh,identcodeadresseerbaarobject,identcodenraand,gem,nor,afgekortenor,gemdeel,huisnr,huisletter,huisnrtoevoeging,postcode,wplnaam,loctenopzichtevanadres,locoms,bladresregel1,bladresregel2,bladresregel3,bladresregel4,bladresregel5,bladresregel6,landgebied,indpersaangetroffenopadres,nadereaandverval) VALUES('957','10','20090928',null,'20090928',null,'974',null,null,'1','1','3','20090928',null,null,'347','Neude','Neude',null,'17',null,null,'3512AE','Smalle Ee',null,null,null,null,null,null,null,null,'229',null,null);
INSERT INTO kern.his_persadres (id,persadres,dataanvgel,dateindegel,tsreg,tsverval,actieinh,actieverval,actieaanpgel,srt,rdnwijz,aangadresh,dataanvadresh,identcodeadresseerbaarobject,identcodenraand,gem,nor,afgekortenor,gemdeel,huisnr,huisletter,huisnrtoevoeging,postcode,wplnaam,loctenopzichtevanadres,locoms,bladresregel1,bladresregel2,bladresregel3,bladresregel4,bladresregel5,bladresregel6,landgebied,indpersaangetroffenopadres,nadereaandverval) VALUES('956','10','19960304','20090928','20090928',null,'973',null,'974','1','1','3','19960304',null,null,'775','Beatrix de Rijkweg','Beatrix de Rijkweg',null,'5',null,null,'5657EG',null,null,null,null,null,null,null,null,null,'229',null,null);
INSERT INTO kern.his_persadres (id,persadres,dataanvgel,dateindegel,tsreg,tsverval,actieinh,actieverval,actieaanpgel,srt,rdnwijz,aangadresh,dataanvadresh,identcodeadresseerbaarobject,identcodenraand,gem,nor,afgekortenor,gemdeel,huisnr,huisletter,huisnrtoevoeging,postcode,wplnaam,loctenopzichtevanadres,locoms,bladresregel1,bladresregel2,bladresregel3,bladresregel4,bladresregel5,bladresregel6,landgebied,indpersaangetroffenopadres,nadereaandverval) VALUES('955','10','19960304',null,'19960304','20090928','973','974',null,'1','1','3','19960304',null,null,'775','Beatrix de Rijkweg','Beatrix de Rijkweg',null,'5',null,null,'5657EG',null,null,null,null,null,null,null,null,null,'229',null,null);
INSERT INTO kern.his_persadres (id,persadres,dataanvgel,dateindegel,tsreg,tsverval,actieinh,actieverval,actieaanpgel,srt,rdnwijz,aangadresh,dataanvadresh,identcodeadresseerbaarobject,identcodenraand,gem,nor,afgekortenor,gemdeel,huisnr,huisletter,huisnrtoevoeging,postcode,wplnaam,loctenopzichtevanadres,locoms,bladresregel1,bladresregel2,bladresregel3,bladresregel4,bladresregel5,bladresregel6,landgebied,indpersaangetroffenopadres,nadereaandverval) VALUES('954','10','19691231','19960304','19960304',null,'972',null,'973','1','2',null,'19691231',null,null,'602','Goudsesingel','Goudsesingel',null,'7',null,null,'3011KD',null,null,null,null,null,null,null,null,null,'229',null,null);
INSERT INTO kern.his_persadres (id,persadres,dataanvgel,dateindegel,tsreg,tsverval,actieinh,actieverval,actieaanpgel,srt,rdnwijz,aangadresh,dataanvadresh,identcodeadresseerbaarobject,identcodenraand,gem,nor,afgekortenor,gemdeel,huisnr,huisletter,huisnrtoevoeging,postcode,wplnaam,loctenopzichtevanadres,locoms,bladresregel1,bladresregel2,bladresregel3,bladresregel4,bladresregel5,bladresregel6,landgebied,indpersaangetroffenopadres,nadereaandverval) VALUES('953','10','19691231',null,'19691231','19960304','972','973',null,'1','2',null,'19691231',null,null,'602','Goudsesingel','Goudsesingel',null,'7',null,null,'3011KD',null,null,null,null,null,null,null,null,null,'229',null,null);
INSERT INTO kern.his_persadres (id,persadres,dataanvgel,dateindegel,tsreg,tsverval,actieinh,actieverval,actieaanpgel,srt,rdnwijz,aangadresh,dataanvadresh,identcodeadresseerbaarobject,identcodenraand,gem,nor,afgekortenor,gemdeel,huisnr,huisletter,huisnrtoevoeging,postcode,wplnaam,loctenopzichtevanadres,locoms,bladresregel1,bladresregel2,bladresregel3,bladresregel4,bladresregel5,bladresregel6,landgebied,indpersaangetroffenopadres,nadereaandverval) VALUES('952','11','20090928',null,'20090928',null,'971',null,null,'1','1','7','20090928',null,null,'347','Neude','Neude',null,'17',null,null,'3512AE','Smalle Ee',null,null,null,null,null,null,null,null,'229',null,null);
INSERT INTO kern.his_persadres (id,persadres,dataanvgel,dateindegel,tsreg,tsverval,actieinh,actieverval,actieaanpgel,srt,rdnwijz,aangadresh,dataanvadresh,identcodeadresseerbaarobject,identcodenraand,gem,nor,afgekortenor,gemdeel,huisnr,huisletter,huisnrtoevoeging,postcode,wplnaam,loctenopzichtevanadres,locoms,bladresregel1,bladresregel2,bladresregel3,bladresregel4,bladresregel5,bladresregel6,landgebied,indpersaangetroffenopadres,nadereaandverval) VALUES('951','11','19960304','20090928','20090928',null,'970',null,'971','1','1','7','19960304',null,null,'775','Beatrix de Rijkweg','Beatrix de Rijkweg',null,'5',null,null,'5657EG',null,null,null,null,null,null,null,null,null,'229',null,null);
INSERT INTO kern.his_persadres (id,persadres,dataanvgel,dateindegel,tsreg,tsverval,actieinh,actieverval,actieaanpgel,srt,rdnwijz,aangadresh,dataanvadresh,identcodeadresseerbaarobject,identcodenraand,gem,nor,afgekortenor,gemdeel,huisnr,huisletter,huisnrtoevoeging,postcode,wplnaam,loctenopzichtevanadres,locoms,bladresregel1,bladresregel2,bladresregel3,bladresregel4,bladresregel5,bladresregel6,landgebied,indpersaangetroffenopadres,nadereaandverval) VALUES('950','11','19960304',null,'19960304','20090928','970','971',null,'1','1','7','19960304',null,null,'775','Beatrix de Rijkweg','Beatrix de Rijkweg',null,'5',null,null,'5657EG',null,null,null,null,null,null,null,null,null,'229',null,null);
INSERT INTO kern.his_persadres (id,persadres,dataanvgel,dateindegel,tsreg,tsverval,actieinh,actieverval,actieaanpgel,srt,rdnwijz,aangadresh,dataanvadresh,identcodeadresseerbaarobject,identcodenraand,gem,nor,afgekortenor,gemdeel,huisnr,huisletter,huisnrtoevoeging,postcode,wplnaam,loctenopzichtevanadres,locoms,bladresregel1,bladresregel2,bladresregel3,bladresregel4,bladresregel5,bladresregel6,landgebied,indpersaangetroffenopadres,nadereaandverval) VALUES('949','11','19690516','19960304','19960304',null,'969',null,'970','1','2',null,'19690516',null,null,'602','Goudsesingel','Goudsesingel',null,'9',null,null,'3011KD',null,null,null,null,null,null,null,null,null,'229',null,null);
INSERT INTO kern.his_persadres (id,persadres,dataanvgel,dateindegel,tsreg,tsverval,actieinh,actieverval,actieaanpgel,srt,rdnwijz,aangadresh,dataanvadresh,identcodeadresseerbaarobject,identcodenraand,gem,nor,afgekortenor,gemdeel,huisnr,huisletter,huisnrtoevoeging,postcode,wplnaam,loctenopzichtevanadres,locoms,bladresregel1,bladresregel2,bladresregel3,bladresregel4,bladresregel5,bladresregel6,landgebied,indpersaangetroffenopadres,nadereaandverval) VALUES('948','11','19690516',null,'19690516','19960304','969','970',null,'1','2',null,'19690516',null,null,'602','Goudsesingel','Goudsesingel',null,'9',null,null,'3011KD',null,null,null,null,null,null,null,null,null,'229',null,null);
INSERT INTO kern.his_persadres (id,persadres,dataanvgel,dateindegel,tsreg,tsverval,actieinh,actieverval,actieaanpgel,srt,rdnwijz,aangadresh,dataanvadresh,identcodeadresseerbaarobject,identcodenraand,gem,nor,afgekortenor,gemdeel,huisnr,huisletter,huisnrtoevoeging,postcode,wplnaam,loctenopzichtevanadres,locoms,bladresregel1,bladresregel2,bladresregel3,bladresregel4,bladresregel5,bladresregel6,landgebied,indpersaangetroffenopadres,nadereaandverval) VALUES('947','12','20000228',null,'20000228',null,'968',null,null,'1','1','3','20000228',null,null,'347','Biltstraat','Biltstraat',null,'7',null,null,'3572AA','Smalle Ee',null,null,null,null,null,null,null,null,'229',null,null);
INSERT INTO kern.his_persadres (id,persadres,dataanvgel,dateindegel,tsreg,tsverval,actieinh,actieverval,actieaanpgel,srt,rdnwijz,aangadresh,dataanvadresh,identcodeadresseerbaarobject,identcodenraand,gem,nor,afgekortenor,gemdeel,huisnr,huisletter,huisnrtoevoeging,postcode,wplnaam,loctenopzichtevanadres,locoms,bladresregel1,bladresregel2,bladresregel3,bladresregel4,bladresregel5,bladresregel6,landgebied,indpersaangetroffenopadres,nadereaandverval) VALUES('946','12','19771210','20000228','20000228',null,'967',null,'968','1','2',null,'19771210',null,null,'629','Baron Schimmelpenninck van der Oyelaan','S vd Oyeln',null,'1',null,null,'2252EB',null,null,null,null,null,null,null,null,null,'229',null,null);
INSERT INTO kern.his_persadres (id,persadres,dataanvgel,dateindegel,tsreg,tsverval,actieinh,actieverval,actieaanpgel,srt,rdnwijz,aangadresh,dataanvadresh,identcodeadresseerbaarobject,identcodenraand,gem,nor,afgekortenor,gemdeel,huisnr,huisletter,huisnrtoevoeging,postcode,wplnaam,loctenopzichtevanadres,locoms,bladresregel1,bladresregel2,bladresregel3,bladresregel4,bladresregel5,bladresregel6,landgebied,indpersaangetroffenopadres,nadereaandverval) VALUES('945','12','19771210',null,'19771210','20000228','967','968',null,'1','2',null,'19771210',null,null,'629','Baron Schimmelpenninck van der Oyelaan','S vd Oyeln',null,'1',null,null,'2252EB',null,null,null,null,null,null,null,null,null,'229',null,null);
INSERT INTO kern.his_persadres (id,persadres,dataanvgel,dateindegel,tsreg,tsverval,actieinh,actieverval,actieaanpgel,srt,rdnwijz,aangadresh,dataanvadresh,identcodeadresseerbaarobject,identcodenraand,gem,nor,afgekortenor,gemdeel,huisnr,huisletter,huisnrtoevoeging,postcode,wplnaam,loctenopzichtevanadres,locoms,bladresregel1,bladresregel2,bladresregel3,bladresregel4,bladresregel5,bladresregel6,landgebied,indpersaangetroffenopadres,nadereaandverval) VALUES('944','13','19920508',null,'19920508',null,'966',null,null,'1','1','3','19920508',null,null,'347','Vredenburg','Vredenburg',null,'27',null,null,'3511BC','Smalle Ee',null,null,null,null,null,null,null,null,'229',null,null);
INSERT INTO kern.his_persadres (id,persadres,dataanvgel,dateindegel,tsreg,tsverval,actieinh,actieverval,actieaanpgel,srt,rdnwijz,aangadresh,dataanvadresh,identcodeadresseerbaarobject,identcodenraand,gem,nor,afgekortenor,gemdeel,huisnr,huisletter,huisnrtoevoeging,postcode,wplnaam,loctenopzichtevanadres,locoms,bladresregel1,bladresregel2,bladresregel3,bladresregel4,bladresregel5,bladresregel6,landgebied,indpersaangetroffenopadres,nadereaandverval) VALUES('943','13','19550602','19920508','19920508',null,'965',null,'966','1','2',null,'19550602',null,null,'991','Weerterbeekweg','Weerterbeekweg',null,'22',null,null,'6001VH',null,null,null,null,null,null,null,null,null,'229',null,null);
INSERT INTO kern.his_persadres (id,persadres,dataanvgel,dateindegel,tsreg,tsverval,actieinh,actieverval,actieaanpgel,srt,rdnwijz,aangadresh,dataanvadresh,identcodeadresseerbaarobject,identcodenraand,gem,nor,afgekortenor,gemdeel,huisnr,huisletter,huisnrtoevoeging,postcode,wplnaam,loctenopzichtevanadres,locoms,bladresregel1,bladresregel2,bladresregel3,bladresregel4,bladresregel5,bladresregel6,landgebied,indpersaangetroffenopadres,nadereaandverval) VALUES('942','13','19550602',null,'19550602','19920508','965','966',null,'1','2',null,'19550602',null,null,'991','Weerterbeekweg','Weerterbeekweg',null,'22',null,null,'6001VH',null,null,null,null,null,null,null,null,null,'229',null,null);
INSERT INTO kern.his_persadres (id,persadres,dataanvgel,dateindegel,tsreg,tsverval,actieinh,actieverval,actieaanpgel,srt,rdnwijz,aangadresh,dataanvadresh,identcodeadresseerbaarobject,identcodenraand,gem,nor,afgekortenor,gemdeel,huisnr,huisletter,huisnrtoevoeging,postcode,wplnaam,loctenopzichtevanadres,locoms,bladresregel1,bladresregel2,bladresregel3,bladresregel4,bladresregel5,bladresregel6,landgebied,indpersaangetroffenopadres,nadereaandverval) VALUES('941','14','19780611',null,'19780611',null,'964',null,null,'1','2',null,'19780611',null,null,'347','Neude','Neude',null,'19',null,null,'3512AD','Smalle Ee',null,null,null,null,null,null,null,null,'229',null,null);
INSERT INTO kern.his_persadres (id,persadres,dataanvgel,dateindegel,tsreg,tsverval,actieinh,actieverval,actieaanpgel,srt,rdnwijz,aangadresh,dataanvadresh,identcodeadresseerbaarobject,identcodenraand,gem,nor,afgekortenor,gemdeel,huisnr,huisletter,huisnrtoevoeging,postcode,wplnaam,loctenopzichtevanadres,locoms,bladresregel1,bladresregel2,bladresregel3,bladresregel4,bladresregel5,bladresregel6,landgebied,indpersaangetroffenopadres,nadereaandverval) VALUES('940','15','20110425',null,'20110425',null,'963',null,null,'1','1','3','20110425',null,null,'347','Vredenburg','Vredenburg',null,'3',null,null,'3511BA','Smalle Ee',null,null,null,null,null,null,null,null,'229',null,null);
INSERT INTO kern.his_persadres (id,persadres,dataanvgel,dateindegel,tsreg,tsverval,actieinh,actieverval,actieaanpgel,srt,rdnwijz,aangadresh,dataanvadresh,identcodeadresseerbaarobject,identcodenraand,gem,nor,afgekortenor,gemdeel,huisnr,huisletter,huisnrtoevoeging,postcode,wplnaam,loctenopzichtevanadres,locoms,bladresregel1,bladresregel2,bladresregel3,bladresregel4,bladresregel5,bladresregel6,landgebied,indpersaangetroffenopadres,nadereaandverval) VALUES('939','15','19880425','20110425','20110425',null,'962',null,'963','1','2',null,'19880425',null,null,'94','Franekervaart','Franekervaart',null,'22',null,null,'8602AA',null,null,null,null,null,null,null,null,null,'229',null,null);
INSERT INTO kern.his_persadres (id,persadres,dataanvgel,dateindegel,tsreg,tsverval,actieinh,actieverval,actieaanpgel,srt,rdnwijz,aangadresh,dataanvadresh,identcodeadresseerbaarobject,identcodenraand,gem,nor,afgekortenor,gemdeel,huisnr,huisletter,huisnrtoevoeging,postcode,wplnaam,loctenopzichtevanadres,locoms,bladresregel1,bladresregel2,bladresregel3,bladresregel4,bladresregel5,bladresregel6,landgebied,indpersaangetroffenopadres,nadereaandverval) VALUES('938','15','19880425',null,'19880425','20110425','962','963',null,'1','2',null,'19880425',null,null,'94','Franekervaart','Franekervaart',null,'22',null,null,'8602AA',null,null,null,null,null,null,null,null,null,'229',null,null);
INSERT INTO kern.his_persadres (id,persadres,dataanvgel,dateindegel,tsreg,tsverval,actieinh,actieverval,actieaanpgel,srt,rdnwijz,aangadresh,dataanvadresh,identcodeadresseerbaarobject,identcodenraand,gem,nor,afgekortenor,gemdeel,huisnr,huisletter,huisnrtoevoeging,postcode,wplnaam,loctenopzichtevanadres,locoms,bladresregel1,bladresregel2,bladresregel3,bladresregel4,bladresregel5,bladresregel6,landgebied,indpersaangetroffenopadres,nadereaandverval) VALUES('937','16','20100626',null,'20100626',null,'961',null,null,'1','1','3','20100626',null,null,'347','Biltstraat','Biltstraat',null,'5',null,null,'3572AA','Smalle Ee',null,null,null,null,null,null,null,null,'229',null,null);
INSERT INTO kern.his_persadres (id,persadres,dataanvgel,dateindegel,tsreg,tsverval,actieinh,actieverval,actieaanpgel,srt,rdnwijz,aangadresh,dataanvadresh,identcodeadresseerbaarobject,identcodenraand,gem,nor,afgekortenor,gemdeel,huisnr,huisletter,huisnrtoevoeging,postcode,wplnaam,loctenopzichtevanadres,locoms,bladresregel1,bladresregel2,bladresregel3,bladresregel4,bladresregel5,bladresregel6,landgebied,indpersaangetroffenopadres,nadereaandverval) VALUES('936','16','19880425','20100626','20100626',null,'960',null,'961','1','1','3','19880425',null,null,'741','Raadhuisstraat','Raadhuisstraat',null,'1',null,null,'4266EB',null,null,null,null,null,null,null,null,null,'229',null,null);
INSERT INTO kern.his_persadres (id,persadres,dataanvgel,dateindegel,tsreg,tsverval,actieinh,actieverval,actieaanpgel,srt,rdnwijz,aangadresh,dataanvadresh,identcodeadresseerbaarobject,identcodenraand,gem,nor,afgekortenor,gemdeel,huisnr,huisletter,huisnrtoevoeging,postcode,wplnaam,loctenopzichtevanadres,locoms,bladresregel1,bladresregel2,bladresregel3,bladresregel4,bladresregel5,bladresregel6,landgebied,indpersaangetroffenopadres,nadereaandverval) VALUES('935','16','19880425',null,'19880425','20100626','960','961',null,'1','1','3','19880425',null,null,'741','Raadhuisstraat','Raadhuisstraat',null,'1',null,null,'4266EB',null,null,null,null,null,null,null,null,null,'229',null,null);
INSERT INTO kern.his_persadres (id,persadres,dataanvgel,dateindegel,tsreg,tsverval,actieinh,actieverval,actieaanpgel,srt,rdnwijz,aangadresh,dataanvadresh,identcodeadresseerbaarobject,identcodenraand,gem,nor,afgekortenor,gemdeel,huisnr,huisletter,huisnrtoevoeging,postcode,wplnaam,loctenopzichtevanadres,locoms,bladresregel1,bladresregel2,bladresregel3,bladresregel4,bladresregel5,bladresregel6,landgebied,indpersaangetroffenopadres,nadereaandverval) VALUES('934','16','18991210','19880425','19880425',null,'959',null,'960','1','2',null,'18991210',null,null,'521','Nieuwe Parklaan','Nieuwe Parklaan',null,'56',null,null,'2597LD',null,null,null,null,null,null,null,null,null,'229',null,null);
INSERT INTO kern.his_persadres (id,persadres,dataanvgel,dateindegel,tsreg,tsverval,actieinh,actieverval,actieaanpgel,srt,rdnwijz,aangadresh,dataanvadresh,identcodeadresseerbaarobject,identcodenraand,gem,nor,afgekortenor,gemdeel,huisnr,huisletter,huisnrtoevoeging,postcode,wplnaam,loctenopzichtevanadres,locoms,bladresregel1,bladresregel2,bladresregel3,bladresregel4,bladresregel5,bladresregel6,landgebied,indpersaangetroffenopadres,nadereaandverval) VALUES('933','16','18991210',null,'18991210','19880425','959','960',null,'1','2',null,'18991210',null,null,'521','Nieuwe Parklaan','Nieuwe Parklaan',null,'56',null,null,'2597LD',null,null,null,null,null,null,null,null,null,'229',null,null);
INSERT INTO kern.his_persadres (id,persadres,dataanvgel,dateindegel,tsreg,tsverval,actieinh,actieverval,actieaanpgel,srt,rdnwijz,aangadresh,dataanvadresh,identcodeadresseerbaarobject,identcodenraand,gem,nor,afgekortenor,gemdeel,huisnr,huisletter,huisnrtoevoeging,postcode,wplnaam,loctenopzichtevanadres,locoms,bladresregel1,bladresregel2,bladresregel3,bladresregel4,bladresregel5,bladresregel6,landgebied,indpersaangetroffenopadres,nadereaandverval) VALUES('932','17','20030327',null,'20030327',null,'958',null,null,'1','1','3','20030327',null,null,'347','Biltstraat','Biltstraat',null,'152',null,null,'3572BM','Smalle Ee',null,null,null,null,null,null,null,null,'229',null,null);
INSERT INTO kern.his_persadres (id,persadres,dataanvgel,dateindegel,tsreg,tsverval,actieinh,actieverval,actieaanpgel,srt,rdnwijz,aangadresh,dataanvadresh,identcodeadresseerbaarobject,identcodenraand,gem,nor,afgekortenor,gemdeel,huisnr,huisletter,huisnrtoevoeging,postcode,wplnaam,loctenopzichtevanadres,locoms,bladresregel1,bladresregel2,bladresregel3,bladresregel4,bladresregel5,bladresregel6,landgebied,indpersaangetroffenopadres,nadereaandverval) VALUES('931','17','19820523','20030327','20030327',null,'957',null,'958','1','2',null,'19820523',null,null,'403','Anthonij Miechielsz van Voorthuijsenstraat','A M v Voorthuijsenstr',null,'66',null,null,'1785LG','Egmond-Binnen',null,null,null,null,null,null,null,null,'229',null,null);
INSERT INTO kern.his_persadres (id,persadres,dataanvgel,dateindegel,tsreg,tsverval,actieinh,actieverval,actieaanpgel,srt,rdnwijz,aangadresh,dataanvadresh,identcodeadresseerbaarobject,identcodenraand,gem,nor,afgekortenor,gemdeel,huisnr,huisletter,huisnrtoevoeging,postcode,wplnaam,loctenopzichtevanadres,locoms,bladresregel1,bladresregel2,bladresregel3,bladresregel4,bladresregel5,bladresregel6,landgebied,indpersaangetroffenopadres,nadereaandverval) VALUES('930','17','19820523',null,'19820523','20030327','957','958',null,'1','2',null,'19820523',null,null,'403','Anthonij Miechielsz van Voorthuijsenstraat','A M v Voorthuijsenstr',null,'66',null,null,'1785LG','Egmond-Binnen',null,null,null,null,null,null,null,null,'229',null,null);
INSERT INTO kern.his_persadres (id,persadres,dataanvgel,dateindegel,tsreg,tsverval,actieinh,actieverval,actieaanpgel,srt,rdnwijz,aangadresh,dataanvadresh,identcodeadresseerbaarobject,identcodenraand,gem,nor,afgekortenor,gemdeel,huisnr,huisletter,huisnrtoevoeging,postcode,wplnaam,loctenopzichtevanadres,locoms,bladresregel1,bladresregel2,bladresregel3,bladresregel4,bladresregel5,bladresregel6,landgebied,indpersaangetroffenopadres,nadereaandverval) VALUES('929','18','19911002',null,'19911002',null,'956',null,null,'1','1','3','19911002',null,null,'347','Biltstraat','Biltstraat',null,'152',null,null,'3572BM','Smalle Ee',null,null,null,null,null,null,null,null,'229',null,null);
INSERT INTO kern.his_persadres (id,persadres,dataanvgel,dateindegel,tsreg,tsverval,actieinh,actieverval,actieaanpgel,srt,rdnwijz,aangadresh,dataanvadresh,identcodeadresseerbaarobject,identcodenraand,gem,nor,afgekortenor,gemdeel,huisnr,huisletter,huisnrtoevoeging,postcode,wplnaam,loctenopzichtevanadres,locoms,bladresregel1,bladresregel2,bladresregel3,bladresregel4,bladresregel5,bladresregel6,landgebied,indpersaangetroffenopadres,nadereaandverval) VALUES('928','18','19840411','19911002','19911002',null,'955',null,'956','1','2',null,'19840411',null,null,'508','Nieuwe Haven','Nieuwe Haven',null,'13',null,null,'3311AP','Alkmaar',null,null,null,null,null,null,null,null,'229',null,null);
INSERT INTO kern.his_persadres (id,persadres,dataanvgel,dateindegel,tsreg,tsverval,actieinh,actieverval,actieaanpgel,srt,rdnwijz,aangadresh,dataanvadresh,identcodeadresseerbaarobject,identcodenraand,gem,nor,afgekortenor,gemdeel,huisnr,huisletter,huisnrtoevoeging,postcode,wplnaam,loctenopzichtevanadres,locoms,bladresregel1,bladresregel2,bladresregel3,bladresregel4,bladresregel5,bladresregel6,landgebied,indpersaangetroffenopadres,nadereaandverval) VALUES('927','18','19840411',null,'19840411','19911002','955','956',null,'1','2',null,'19840411',null,null,'508','Nieuwe Haven','Nieuwe Haven',null,'13',null,null,'3311AP','Alkmaar',null,null,null,null,null,null,null,null,'229',null,null);
INSERT INTO kern.his_persadres (id,persadres,dataanvgel,dateindegel,tsreg,tsverval,actieinh,actieverval,actieaanpgel,srt,rdnwijz,aangadresh,dataanvadresh,identcodeadresseerbaarobject,identcodenraand,gem,nor,afgekortenor,gemdeel,huisnr,huisletter,huisnrtoevoeging,postcode,wplnaam,loctenopzichtevanadres,locoms,bladresregel1,bladresregel2,bladresregel3,bladresregel4,bladresregel5,bladresregel6,landgebied,indpersaangetroffenopadres,nadereaandverval) VALUES('926','19','19901111',null,'19901111',null,'954',null,null,'1','1','3','19901111',null,null,'347','Biltstraat','Biltstraat',null,'172',null,null,'3572BP','Smalle Ee',null,null,null,null,null,null,null,null,'229',null,null);
INSERT INTO kern.his_persadres (id,persadres,dataanvgel,dateindegel,tsreg,tsverval,actieinh,actieverval,actieaanpgel,srt,rdnwijz,aangadresh,dataanvadresh,identcodeadresseerbaarobject,identcodenraand,gem,nor,afgekortenor,gemdeel,huisnr,huisletter,huisnrtoevoeging,postcode,wplnaam,loctenopzichtevanadres,locoms,bladresregel1,bladresregel2,bladresregel3,bladresregel4,bladresregel5,bladresregel6,landgebied,indpersaangetroffenopadres,nadereaandverval) VALUES('925','19','19741026','19901111','19901111',null,'953',null,'954','1','2',null,'19741026',null,null,'522','Marktplein','Marktplein',null,'18',null,null,'2691BV','Honselersdijk',null,null,null,null,null,null,null,null,'229',null,null);
INSERT INTO kern.his_persadres (id,persadres,dataanvgel,dateindegel,tsreg,tsverval,actieinh,actieverval,actieaanpgel,srt,rdnwijz,aangadresh,dataanvadresh,identcodeadresseerbaarobject,identcodenraand,gem,nor,afgekortenor,gemdeel,huisnr,huisletter,huisnrtoevoeging,postcode,wplnaam,loctenopzichtevanadres,locoms,bladresregel1,bladresregel2,bladresregel3,bladresregel4,bladresregel5,bladresregel6,landgebied,indpersaangetroffenopadres,nadereaandverval) VALUES('924','19','19741026',null,'19741026','19901111','953','954',null,'1','2',null,'19741026',null,null,'522','Marktplein','Marktplein',null,'18',null,null,'2691BV','Honselersdijk',null,null,null,null,null,null,null,null,'229',null,null);
INSERT INTO kern.his_persadres (id,persadres,dataanvgel,dateindegel,tsreg,tsverval,actieinh,actieverval,actieaanpgel,srt,rdnwijz,aangadresh,dataanvadresh,identcodeadresseerbaarobject,identcodenraand,gem,nor,afgekortenor,gemdeel,huisnr,huisletter,huisnrtoevoeging,postcode,wplnaam,loctenopzichtevanadres,locoms,bladresregel1,bladresregel2,bladresregel3,bladresregel4,bladresregel5,bladresregel6,landgebied,indpersaangetroffenopadres,nadereaandverval) VALUES('923','20','19820528',null,'19820528',null,'952',null,null,'1','1','3','19820528',null,null,'347','Biltstraat','Biltstraat',null,'172',null,null,'3572BP','Smalle Ee',null,null,null,null,null,null,null,null,'229',null,null);
INSERT INTO kern.his_persadres (id,persadres,dataanvgel,dateindegel,tsreg,tsverval,actieinh,actieverval,actieaanpgel,srt,rdnwijz,aangadresh,dataanvadresh,identcodeadresseerbaarobject,identcodenraand,gem,nor,afgekortenor,gemdeel,huisnr,huisletter,huisnrtoevoeging,postcode,wplnaam,loctenopzichtevanadres,locoms,bladresregel1,bladresregel2,bladresregel3,bladresregel4,bladresregel5,bladresregel6,landgebied,indpersaangetroffenopadres,nadereaandverval) VALUES('922','20','19760103','19820528','19820528',null,'951',null,'952','1','2',null,'19760103',null,null,'403','Middenweg','Middenweg ',null,'159',null,null,'1782BE','Egmond-Binnen',null,null,null,null,null,null,null,null,'229',null,null);
INSERT INTO kern.his_persadres (id,persadres,dataanvgel,dateindegel,tsreg,tsverval,actieinh,actieverval,actieaanpgel,srt,rdnwijz,aangadresh,dataanvadresh,identcodeadresseerbaarobject,identcodenraand,gem,nor,afgekortenor,gemdeel,huisnr,huisletter,huisnrtoevoeging,postcode,wplnaam,loctenopzichtevanadres,locoms,bladresregel1,bladresregel2,bladresregel3,bladresregel4,bladresregel5,bladresregel6,landgebied,indpersaangetroffenopadres,nadereaandverval) VALUES('921','20','19760103',null,'19760103','19820528','951','952',null,'1','2',null,'19760103',null,null,'403','Middenweg','Middenweg ',null,'159',null,null,'1782BE','Egmond-Binnen',null,null,null,null,null,null,null,null,'229',null,null);
INSERT INTO kern.his_persadres (id,persadres,dataanvgel,dateindegel,tsreg,tsverval,actieinh,actieverval,actieaanpgel,srt,rdnwijz,aangadresh,dataanvadresh,identcodeadresseerbaarobject,identcodenraand,gem,nor,afgekortenor,gemdeel,huisnr,huisletter,huisnrtoevoeging,postcode,wplnaam,loctenopzichtevanadres,locoms,bladresregel1,bladresregel2,bladresregel3,bladresregel4,bladresregel5,bladresregel6,landgebied,indpersaangetroffenopadres,nadereaandverval) VALUES('920','21','20010328',null,'20010328',null,'950',null,null,'1','1','3','20010328',null,null,'347','Vredenburg ','Vredenburg ',null,'81',null,null,'3511BD','Smalle Ee',null,null,null,null,null,null,null,null,'229',null,null);
INSERT INTO kern.his_persadres (id,persadres,dataanvgel,dateindegel,tsreg,tsverval,actieinh,actieverval,actieaanpgel,srt,rdnwijz,aangadresh,dataanvadresh,identcodeadresseerbaarobject,identcodenraand,gem,nor,afgekortenor,gemdeel,huisnr,huisletter,huisnrtoevoeging,postcode,wplnaam,loctenopzichtevanadres,locoms,bladresregel1,bladresregel2,bladresregel3,bladresregel4,bladresregel5,bladresregel6,landgebied,indpersaangetroffenopadres,nadereaandverval) VALUES('919','21','19920516','20010328','20010328',null,'949',null,'950','1','2',null,'19920516',null,null,'342','Molenstraat','Molenstraat',null,'27',null,null,'3927AB','Delft',null,null,null,null,null,null,null,null,'229',null,null);
INSERT INTO kern.his_persadres (id,persadres,dataanvgel,dateindegel,tsreg,tsverval,actieinh,actieverval,actieaanpgel,srt,rdnwijz,aangadresh,dataanvadresh,identcodeadresseerbaarobject,identcodenraand,gem,nor,afgekortenor,gemdeel,huisnr,huisletter,huisnrtoevoeging,postcode,wplnaam,loctenopzichtevanadres,locoms,bladresregel1,bladresregel2,bladresregel3,bladresregel4,bladresregel5,bladresregel6,landgebied,indpersaangetroffenopadres,nadereaandverval) VALUES('918','21','19920516',null,'19920516','20010328','949','950',null,'1','2',null,'19920516',null,null,'342','Molenstraat','Molenstraat',null,'27',null,null,'3927AB','Delft',null,null,null,null,null,null,null,null,'229',null,null);
INSERT INTO kern.his_persadres (id,persadres,dataanvgel,dateindegel,tsreg,tsverval,actieinh,actieverval,actieaanpgel,srt,rdnwijz,aangadresh,dataanvadresh,identcodeadresseerbaarobject,identcodenraand,gem,nor,afgekortenor,gemdeel,huisnr,huisletter,huisnrtoevoeging,postcode,wplnaam,loctenopzichtevanadres,locoms,bladresregel1,bladresregel2,bladresregel3,bladresregel4,bladresregel5,bladresregel6,landgebied,indpersaangetroffenopadres,nadereaandverval) VALUES('917','22','20101002',null,'20101002',null,'948',null,null,'1','1','3','20101002',null,null,'347','Biltstraat','Biltstraat',null,'119',null,null,'3572AP','Smalle Ee',null,null,null,null,null,null,null,null,'229',null,null);
INSERT INTO kern.his_persadres (id,persadres,dataanvgel,dateindegel,tsreg,tsverval,actieinh,actieverval,actieaanpgel,srt,rdnwijz,aangadresh,dataanvadresh,identcodeadresseerbaarobject,identcodenraand,gem,nor,afgekortenor,gemdeel,huisnr,huisletter,huisnrtoevoeging,postcode,wplnaam,loctenopzichtevanadres,locoms,bladresregel1,bladresregel2,bladresregel3,bladresregel4,bladresregel5,bladresregel6,landgebied,indpersaangetroffenopadres,nadereaandverval) VALUES('916','22','19951110','20101002','20101002',null,'947',null,'948','1','2',null,'19951110',null,null,'508','Nieuwe Haven','Nieuwe Haven',null,'29',null,null,'3311AP','Alkmaar',null,null,null,null,null,null,null,null,'229',null,null);
INSERT INTO kern.his_persadres (id,persadres,dataanvgel,dateindegel,tsreg,tsverval,actieinh,actieverval,actieaanpgel,srt,rdnwijz,aangadresh,dataanvadresh,identcodeadresseerbaarobject,identcodenraand,gem,nor,afgekortenor,gemdeel,huisnr,huisletter,huisnrtoevoeging,postcode,wplnaam,loctenopzichtevanadres,locoms,bladresregel1,bladresregel2,bladresregel3,bladresregel4,bladresregel5,bladresregel6,landgebied,indpersaangetroffenopadres,nadereaandverval) VALUES('915','22','19951110',null,'19951110','20101002','947','948',null,'1','2',null,'19951110',null,null,'508','Nieuwe Haven','Nieuwe Haven',null,'29',null,null,'3311AP','Alkmaar',null,null,null,null,null,null,null,null,'229',null,null);
INSERT INTO kern.his_persadres (id,persadres,dataanvgel,dateindegel,tsreg,tsverval,actieinh,actieverval,actieaanpgel,srt,rdnwijz,aangadresh,dataanvadresh,identcodeadresseerbaarobject,identcodenraand,gem,nor,afgekortenor,gemdeel,huisnr,huisletter,huisnrtoevoeging,postcode,wplnaam,loctenopzichtevanadres,locoms,bladresregel1,bladresregel2,bladresregel3,bladresregel4,bladresregel5,bladresregel6,landgebied,indpersaangetroffenopadres,nadereaandverval) VALUES('914','23','19970605',null,'19970605',null,'946',null,null,'1','1','3','19970605',null,null,'347','Vredenburg ','Vredenburg ',null,'83',null,null,'3511BD','Smalle Ee',null,null,null,null,null,null,null,null,'229',null,null);
INSERT INTO kern.his_persadres (id,persadres,dataanvgel,dateindegel,tsreg,tsverval,actieinh,actieverval,actieaanpgel,srt,rdnwijz,aangadresh,dataanvadresh,identcodeadresseerbaarobject,identcodenraand,gem,nor,afgekortenor,gemdeel,huisnr,huisletter,huisnrtoevoeging,postcode,wplnaam,loctenopzichtevanadres,locoms,bladresregel1,bladresregel2,bladresregel3,bladresregel4,bladresregel5,bladresregel6,landgebied,indpersaangetroffenopadres,nadereaandverval) VALUES('913','23','19680310','19970605','19970605',null,'945',null,'946','1','2',null,'19680310',null,null,'403','Anthonij Miechielsz van Voorthuijsenstraat','A M v Voorthuijsenstr',null,'66',null,null,'1785LG','Egmond-Binnen',null,null,null,null,null,null,null,null,'229',null,null);
INSERT INTO kern.his_persadres (id,persadres,dataanvgel,dateindegel,tsreg,tsverval,actieinh,actieverval,actieaanpgel,srt,rdnwijz,aangadresh,dataanvadresh,identcodeadresseerbaarobject,identcodenraand,gem,nor,afgekortenor,gemdeel,huisnr,huisletter,huisnrtoevoeging,postcode,wplnaam,loctenopzichtevanadres,locoms,bladresregel1,bladresregel2,bladresregel3,bladresregel4,bladresregel5,bladresregel6,landgebied,indpersaangetroffenopadres,nadereaandverval) VALUES('912','23','19680310',null,'19680310','19970605','945','946',null,'1','2',null,'19680310',null,null,'403','Anthonij Miechielsz van Voorthuijsenstraat','A M v Voorthuijsenstr',null,'66',null,null,'1785LG','Egmond-Binnen',null,null,null,null,null,null,null,null,'229',null,null);
INSERT INTO kern.his_persadres (id,persadres,dataanvgel,dateindegel,tsreg,tsverval,actieinh,actieverval,actieaanpgel,srt,rdnwijz,aangadresh,dataanvadresh,identcodeadresseerbaarobject,identcodenraand,gem,nor,afgekortenor,gemdeel,huisnr,huisletter,huisnrtoevoeging,postcode,wplnaam,loctenopzichtevanadres,locoms,bladresregel1,bladresregel2,bladresregel3,bladresregel4,bladresregel5,bladresregel6,landgebied,indpersaangetroffenopadres,nadereaandverval) VALUES('911','24','19790928',null,'19790928',null,'944',null,null,'1','1','3','19790928',null,null,'347','Biltstraat','Biltstraat',null,'121',null,null,'3572AP','Smalle Ee',null,null,null,null,null,null,null,null,'229',null,null);
INSERT INTO kern.his_persadres (id,persadres,dataanvgel,dateindegel,tsreg,tsverval,actieinh,actieverval,actieaanpgel,srt,rdnwijz,aangadresh,dataanvadresh,identcodeadresseerbaarobject,identcodenraand,gem,nor,afgekortenor,gemdeel,huisnr,huisletter,huisnrtoevoeging,postcode,wplnaam,loctenopzichtevanadres,locoms,bladresregel1,bladresregel2,bladresregel3,bladresregel4,bladresregel5,bladresregel6,landgebied,indpersaangetroffenopadres,nadereaandverval) VALUES('910','24','19770401','19790928','19790928',null,'943',null,'944','1','2',null,'19770401',null,null,'366','Bonairestraat','Bonairestraat',null,'23',null,null,'1058XC','Amsterdam',null,null,null,null,null,null,null,null,'229',null,null);
INSERT INTO kern.his_persadres (id,persadres,dataanvgel,dateindegel,tsreg,tsverval,actieinh,actieverval,actieaanpgel,srt,rdnwijz,aangadresh,dataanvadresh,identcodeadresseerbaarobject,identcodenraand,gem,nor,afgekortenor,gemdeel,huisnr,huisletter,huisnrtoevoeging,postcode,wplnaam,loctenopzichtevanadres,locoms,bladresregel1,bladresregel2,bladresregel3,bladresregel4,bladresregel5,bladresregel6,landgebied,indpersaangetroffenopadres,nadereaandverval) VALUES('909','24','19770401',null,'19770401','19790928','943','944',null,'1','2',null,'19770401',null,null,'366','Bonairestraat','Bonairestraat',null,'23',null,null,'1058XC','Amsterdam',null,null,null,null,null,null,null,null,'229',null,null);
INSERT INTO kern.his_persadres (id,persadres,dataanvgel,dateindegel,tsreg,tsverval,actieinh,actieverval,actieaanpgel,srt,rdnwijz,aangadresh,dataanvadresh,identcodeadresseerbaarobject,identcodenraand,gem,nor,afgekortenor,gemdeel,huisnr,huisletter,huisnrtoevoeging,postcode,wplnaam,loctenopzichtevanadres,locoms,bladresregel1,bladresregel2,bladresregel3,bladresregel4,bladresregel5,bladresregel6,landgebied,indpersaangetroffenopadres,nadereaandverval) VALUES('908','25','19950929',null,'19950929',null,'942',null,null,'1','1','3','19950929',null,null,'347','Vredenburg ','Vredenburg ',null,'42',null,null,'3511BD','Smalle Ee',null,null,null,null,null,null,null,null,'229',null,null);
INSERT INTO kern.his_persadres (id,persadres,dataanvgel,dateindegel,tsreg,tsverval,actieinh,actieverval,actieaanpgel,srt,rdnwijz,aangadresh,dataanvadresh,identcodeadresseerbaarobject,identcodenraand,gem,nor,afgekortenor,gemdeel,huisnr,huisletter,huisnrtoevoeging,postcode,wplnaam,loctenopzichtevanadres,locoms,bladresregel1,bladresregel2,bladresregel3,bladresregel4,bladresregel5,bladresregel6,landgebied,indpersaangetroffenopadres,nadereaandverval) VALUES('907','25','19880611','19950929','19950929',null,'941',null,'942','1','2',null,'19880611',null,null,'366','Bonairestraat','Bonairestraat',null,'37',null,null,'1058XC','Amsterdam',null,null,null,null,null,null,null,null,'229',null,null);
INSERT INTO kern.his_persadres (id,persadres,dataanvgel,dateindegel,tsreg,tsverval,actieinh,actieverval,actieaanpgel,srt,rdnwijz,aangadresh,dataanvadresh,identcodeadresseerbaarobject,identcodenraand,gem,nor,afgekortenor,gemdeel,huisnr,huisletter,huisnrtoevoeging,postcode,wplnaam,loctenopzichtevanadres,locoms,bladresregel1,bladresregel2,bladresregel3,bladresregel4,bladresregel5,bladresregel6,landgebied,indpersaangetroffenopadres,nadereaandverval) VALUES('906','25','19880611',null,'19880611','19950929','941','942',null,'1','2',null,'19880611',null,null,'366','Bonairestraat','Bonairestraat',null,'37',null,null,'1058XC','Amsterdam',null,null,null,null,null,null,null,null,'229',null,null);
INSERT INTO kern.his_persadres (id,persadres,dataanvgel,dateindegel,tsreg,tsverval,actieinh,actieverval,actieaanpgel,srt,rdnwijz,aangadresh,dataanvadresh,identcodeadresseerbaarobject,identcodenraand,gem,nor,afgekortenor,gemdeel,huisnr,huisletter,huisnrtoevoeging,postcode,wplnaam,loctenopzichtevanadres,locoms,bladresregel1,bladresregel2,bladresregel3,bladresregel4,bladresregel5,bladresregel6,landgebied,indpersaangetroffenopadres,nadereaandverval) VALUES('905','26','20000101',null,'20000101',null,'940',null,null,'1','1','3','20000101',null,null,'347','Biltstraat','Biltstraat',null,'115',null,null,'3572AP','Smalle Ee',null,null,null,null,null,null,null,null,'229',null,null);
INSERT INTO kern.his_persadres (id,persadres,dataanvgel,dateindegel,tsreg,tsverval,actieinh,actieverval,actieaanpgel,srt,rdnwijz,aangadresh,dataanvadresh,identcodeadresseerbaarobject,identcodenraand,gem,nor,afgekortenor,gemdeel,huisnr,huisletter,huisnrtoevoeging,postcode,wplnaam,loctenopzichtevanadres,locoms,bladresregel1,bladresregel2,bladresregel3,bladresregel4,bladresregel5,bladresregel6,landgebied,indpersaangetroffenopadres,nadereaandverval) VALUES('904','26','19910721','20000101','20000101',null,'939',null,'940','1','2',null,'19910721',null,null,'506','Markt','Markt',null,'80',null,null,'2611GW','Scherpenzeel',null,null,null,null,null,null,null,null,'229',null,null);
INSERT INTO kern.his_persadres (id,persadres,dataanvgel,dateindegel,tsreg,tsverval,actieinh,actieverval,actieaanpgel,srt,rdnwijz,aangadresh,dataanvadresh,identcodeadresseerbaarobject,identcodenraand,gem,nor,afgekortenor,gemdeel,huisnr,huisletter,huisnrtoevoeging,postcode,wplnaam,loctenopzichtevanadres,locoms,bladresregel1,bladresregel2,bladresregel3,bladresregel4,bladresregel5,bladresregel6,landgebied,indpersaangetroffenopadres,nadereaandverval) VALUES('903','26','19910721',null,'19910721','20000101','939','940',null,'1','2',null,'19910721',null,null,'506','Markt','Markt',null,'80',null,null,'2611GW','Scherpenzeel',null,null,null,null,null,null,null,null,'229',null,null);
INSERT INTO kern.his_persadres (id,persadres,dataanvgel,dateindegel,tsreg,tsverval,actieinh,actieverval,actieaanpgel,srt,rdnwijz,aangadresh,dataanvadresh,identcodeadresseerbaarobject,identcodenraand,gem,nor,afgekortenor,gemdeel,huisnr,huisletter,huisnrtoevoeging,postcode,wplnaam,loctenopzichtevanadres,locoms,bladresregel1,bladresregel2,bladresregel3,bladresregel4,bladresregel5,bladresregel6,landgebied,indpersaangetroffenopadres,nadereaandverval) VALUES('902','27','20031024',null,'20031024',null,'938',null,null,'1','1','3','20031024',null,null,'347','Biltstraat','Biltstraat',null,'117',null,null,'3572AP','Smalle Ee',null,null,null,null,null,null,null,null,'229',null,null);
INSERT INTO kern.his_persadres (id,persadres,dataanvgel,dateindegel,tsreg,tsverval,actieinh,actieverval,actieaanpgel,srt,rdnwijz,aangadresh,dataanvadresh,identcodeadresseerbaarobject,identcodenraand,gem,nor,afgekortenor,gemdeel,huisnr,huisletter,huisnrtoevoeging,postcode,wplnaam,loctenopzichtevanadres,locoms,bladresregel1,bladresregel2,bladresregel3,bladresregel4,bladresregel5,bladresregel6,landgebied,indpersaangetroffenopadres,nadereaandverval) VALUES('901','27','19910911','20031024','20031024',null,'937',null,'938','1','2',null,'19910911',null,null,'1415','Rafaëlweg','Rafaëlweg',null,'8',null,null,'6114BZ','Koningsbosch',null,null,null,null,null,null,null,null,'229',null,null);
INSERT INTO kern.his_persadres (id,persadres,dataanvgel,dateindegel,tsreg,tsverval,actieinh,actieverval,actieaanpgel,srt,rdnwijz,aangadresh,dataanvadresh,identcodeadresseerbaarobject,identcodenraand,gem,nor,afgekortenor,gemdeel,huisnr,huisletter,huisnrtoevoeging,postcode,wplnaam,loctenopzichtevanadres,locoms,bladresregel1,bladresregel2,bladresregel3,bladresregel4,bladresregel5,bladresregel6,landgebied,indpersaangetroffenopadres,nadereaandverval) VALUES('900','27','19910911',null,'19910911','20031024','937','938',null,'1','2',null,'19910911',null,null,'1415','Rafaëlweg','Rafaëlweg',null,'8',null,null,'6114BZ','Koningsbosch',null,null,null,null,null,null,null,null,'229',null,null);
INSERT INTO kern.his_persadres (id,persadres,dataanvgel,dateindegel,tsreg,tsverval,actieinh,actieverval,actieaanpgel,srt,rdnwijz,aangadresh,dataanvadresh,identcodeadresseerbaarobject,identcodenraand,gem,nor,afgekortenor,gemdeel,huisnr,huisletter,huisnrtoevoeging,postcode,wplnaam,loctenopzichtevanadres,locoms,bladresregel1,bladresregel2,bladresregel3,bladresregel4,bladresregel5,bladresregel6,landgebied,indpersaangetroffenopadres,nadereaandverval) VALUES('899','28','19990616',null,'19990616',null,'936',null,null,'1','1','3','19990616',null,null,'347','Biltstraat','Biltstraat',null,'117',null,null,'3572AP','Smalle Ee',null,null,null,null,null,null,null,null,'229',null,null);
INSERT INTO kern.his_persadres (id,persadres,dataanvgel,dateindegel,tsreg,tsverval,actieinh,actieverval,actieaanpgel,srt,rdnwijz,aangadresh,dataanvadresh,identcodeadresseerbaarobject,identcodenraand,gem,nor,afgekortenor,gemdeel,huisnr,huisletter,huisnrtoevoeging,postcode,wplnaam,loctenopzichtevanadres,locoms,bladresregel1,bladresregel2,bladresregel3,bladresregel4,bladresregel5,bladresregel6,landgebied,indpersaangetroffenopadres,nadereaandverval) VALUES('898','28','19900722','19990616','19990616',null,'935',null,'936','1','2',null,'19900722',null,null,'977','Marktstraat ','Marktstraat',null,'16',null,null,'6114HS','Koningsbosch',null,null,null,null,null,null,null,null,'229',null,null);
INSERT INTO kern.his_persadres (id,persadres,dataanvgel,dateindegel,tsreg,tsverval,actieinh,actieverval,actieaanpgel,srt,rdnwijz,aangadresh,dataanvadresh,identcodeadresseerbaarobject,identcodenraand,gem,nor,afgekortenor,gemdeel,huisnr,huisletter,huisnrtoevoeging,postcode,wplnaam,loctenopzichtevanadres,locoms,bladresregel1,bladresregel2,bladresregel3,bladresregel4,bladresregel5,bladresregel6,landgebied,indpersaangetroffenopadres,nadereaandverval) VALUES('897','28','19900722',null,'19900722','19990616','935','936',null,'1','2',null,'19900722',null,null,'977','Marktstraat ','Marktstraat',null,'16',null,null,'6114HS','Koningsbosch',null,null,null,null,null,null,null,null,'229',null,null);
INSERT INTO kern.his_persadres (id,persadres,dataanvgel,dateindegel,tsreg,tsverval,actieinh,actieverval,actieaanpgel,srt,rdnwijz,aangadresh,dataanvadresh,identcodeadresseerbaarobject,identcodenraand,gem,nor,afgekortenor,gemdeel,huisnr,huisletter,huisnrtoevoeging,postcode,wplnaam,loctenopzichtevanadres,locoms,bladresregel1,bladresregel2,bladresregel3,bladresregel4,bladresregel5,bladresregel6,landgebied,indpersaangetroffenopadres,nadereaandverval) VALUES('896','30','20120620',null,'20120620',null,'934',null,null,'1','1','3','20120620',null,null,'347','Biltstraat','Biltstraat',null,'95',null,null,'3572AL','Smalle Ee',null,null,null,null,null,null,null,null,'229',null,null);
INSERT INTO kern.his_persadres (id,persadres,dataanvgel,dateindegel,tsreg,tsverval,actieinh,actieverval,actieaanpgel,srt,rdnwijz,aangadresh,dataanvadresh,identcodeadresseerbaarobject,identcodenraand,gem,nor,afgekortenor,gemdeel,huisnr,huisletter,huisnrtoevoeging,postcode,wplnaam,loctenopzichtevanadres,locoms,bladresregel1,bladresregel2,bladresregel3,bladresregel4,bladresregel5,bladresregel6,landgebied,indpersaangetroffenopadres,nadereaandverval) VALUES('895','30','20091201','20120620','20120620',null,'933',null,'934','1','1','3','20091201',null,null,'347','Neude','Neude',null,'30',null,null,'3512AG','Smalle Ee',null,null,null,null,null,null,null,null,'229',null,null);
INSERT INTO kern.his_persadres (id,persadres,dataanvgel,dateindegel,tsreg,tsverval,actieinh,actieverval,actieaanpgel,srt,rdnwijz,aangadresh,dataanvadresh,identcodeadresseerbaarobject,identcodenraand,gem,nor,afgekortenor,gemdeel,huisnr,huisletter,huisnrtoevoeging,postcode,wplnaam,loctenopzichtevanadres,locoms,bladresregel1,bladresregel2,bladresregel3,bladresregel4,bladresregel5,bladresregel6,landgebied,indpersaangetroffenopadres,nadereaandverval) VALUES('894','30','20091201',null,'20091201','20120620','933','934',null,'1','1','3','20091201',null,null,'347','Neude','Neude',null,'30',null,null,'3512AG','Smalle Ee',null,null,null,null,null,null,null,null,'229',null,null);
INSERT INTO kern.his_persadres (id,persadres,dataanvgel,dateindegel,tsreg,tsverval,actieinh,actieverval,actieaanpgel,srt,rdnwijz,aangadresh,dataanvadresh,identcodeadresseerbaarobject,identcodenraand,gem,nor,afgekortenor,gemdeel,huisnr,huisletter,huisnrtoevoeging,postcode,wplnaam,loctenopzichtevanadres,locoms,bladresregel1,bladresregel2,bladresregel3,bladresregel4,bladresregel5,bladresregel6,landgebied,indpersaangetroffenopadres,nadereaandverval) VALUES('893','30','20060201','20091201','20091201',null,'932',null,'933','1','1','3','20060201',null,null,'347','Vredenburg ','Vredenburg ',null,'112',null,null,'3511BE','Smalle Ee',null,null,null,null,null,null,null,null,'229',null,null);
INSERT INTO kern.his_persadres (id,persadres,dataanvgel,dateindegel,tsreg,tsverval,actieinh,actieverval,actieaanpgel,srt,rdnwijz,aangadresh,dataanvadresh,identcodeadresseerbaarobject,identcodenraand,gem,nor,afgekortenor,gemdeel,huisnr,huisletter,huisnrtoevoeging,postcode,wplnaam,loctenopzichtevanadres,locoms,bladresregel1,bladresregel2,bladresregel3,bladresregel4,bladresregel5,bladresregel6,landgebied,indpersaangetroffenopadres,nadereaandverval) VALUES('892','30','20060201',null,'20060201','20091201','932','933',null,'1','1','3','20060201',null,null,'347','Vredenburg ','Vredenburg ',null,'112',null,null,'3511BE','Smalle Ee',null,null,null,null,null,null,null,null,'229',null,null);
INSERT INTO kern.his_persadres (id,persadres,dataanvgel,dateindegel,tsreg,tsverval,actieinh,actieverval,actieaanpgel,srt,rdnwijz,aangadresh,dataanvadresh,identcodeadresseerbaarobject,identcodenraand,gem,nor,afgekortenor,gemdeel,huisnr,huisletter,huisnrtoevoeging,postcode,wplnaam,loctenopzichtevanadres,locoms,bladresregel1,bladresregel2,bladresregel3,bladresregel4,bladresregel5,bladresregel6,landgebied,indpersaangetroffenopadres,nadereaandverval) VALUES('891','30','19220419','20060201','20060201',null,'931',null,'932','1','2',null,'19220419',null,null,'1239','Zuidweg','Zuidweg',null,'8',null,null,'4316AA','Ouwerkerk',null,null,null,null,null,null,null,null,'229',null,null);
INSERT INTO kern.his_persadres (id,persadres,dataanvgel,dateindegel,tsreg,tsverval,actieinh,actieverval,actieaanpgel,srt,rdnwijz,aangadresh,dataanvadresh,identcodeadresseerbaarobject,identcodenraand,gem,nor,afgekortenor,gemdeel,huisnr,huisletter,huisnrtoevoeging,postcode,wplnaam,loctenopzichtevanadres,locoms,bladresregel1,bladresregel2,bladresregel3,bladresregel4,bladresregel5,bladresregel6,landgebied,indpersaangetroffenopadres,nadereaandverval) VALUES('890','30','19220419',null,'19220419','20060201','931','932',null,'1','2',null,'19220419',null,null,'1239','Zuidweg','Zuidweg',null,'8',null,null,'4316AA','Ouwerkerk',null,null,null,null,null,null,null,null,'229',null,null);
INSERT INTO kern.his_persadres (id,persadres,dataanvgel,dateindegel,tsreg,tsverval,actieinh,actieverval,actieaanpgel,srt,rdnwijz,aangadresh,dataanvadresh,identcodeadresseerbaarobject,identcodenraand,gem,nor,afgekortenor,gemdeel,huisnr,huisletter,huisnrtoevoeging,postcode,wplnaam,loctenopzichtevanadres,locoms,bladresregel1,bladresregel2,bladresregel3,bladresregel4,bladresregel5,bladresregel6,landgebied,indpersaangetroffenopadres,nadereaandverval) VALUES('889','31','20120306',null,'20120306',null,'930',null,null,'1','1','3','20120306',null,null,'347','Vredenburg ','Vredenburg ',null,'114',null,null,'3511BE','Smalle Ee',null,null,null,null,null,null,null,null,'229',null,null);
INSERT INTO kern.his_persadres (id,persadres,dataanvgel,dateindegel,tsreg,tsverval,actieinh,actieverval,actieaanpgel,srt,rdnwijz,aangadresh,dataanvadresh,identcodeadresseerbaarobject,identcodenraand,gem,nor,afgekortenor,gemdeel,huisnr,huisletter,huisnrtoevoeging,postcode,wplnaam,loctenopzichtevanadres,locoms,bladresregel1,bladresregel2,bladresregel3,bladresregel4,bladresregel5,bladresregel6,landgebied,indpersaangetroffenopadres,nadereaandverval) VALUES('888','31','20010926','20120306','20120306',null,'929',null,'930','1','1','3','20010926',null,null,'347','Biltstraat','Biltstraat',null,'97',null,null,'3572AM','Smalle Ee',null,null,null,null,null,null,null,null,'229',null,null);
INSERT INTO kern.his_persadres (id,persadres,dataanvgel,dateindegel,tsreg,tsverval,actieinh,actieverval,actieaanpgel,srt,rdnwijz,aangadresh,dataanvadresh,identcodeadresseerbaarobject,identcodenraand,gem,nor,afgekortenor,gemdeel,huisnr,huisletter,huisnrtoevoeging,postcode,wplnaam,loctenopzichtevanadres,locoms,bladresregel1,bladresregel2,bladresregel3,bladresregel4,bladresregel5,bladresregel6,landgebied,indpersaangetroffenopadres,nadereaandverval) VALUES('887','31','20010926',null,'20010926','20120306','929','930',null,'1','1','3','20010926',null,null,'347','Biltstraat','Biltstraat',null,'97',null,null,'3572AM','Smalle Ee',null,null,null,null,null,null,null,null,'229',null,null);
INSERT INTO kern.his_persadres (id,persadres,dataanvgel,dateindegel,tsreg,tsverval,actieinh,actieverval,actieaanpgel,srt,rdnwijz,aangadresh,dataanvadresh,identcodeadresseerbaarobject,identcodenraand,gem,nor,afgekortenor,gemdeel,huisnr,huisletter,huisnrtoevoeging,postcode,wplnaam,loctenopzichtevanadres,locoms,bladresregel1,bladresregel2,bladresregel3,bladresregel4,bladresregel5,bladresregel6,landgebied,indpersaangetroffenopadres,nadereaandverval) VALUES('886','31','20000827','20010926','20010926',null,'928',null,'929','1','1','3','20000827',null,null,'347','Neude','Neude',null,'32',null,null,'3512AG','Smalle Ee',null,null,null,null,null,null,null,null,'229',null,null);
INSERT INTO kern.his_persadres (id,persadres,dataanvgel,dateindegel,tsreg,tsverval,actieinh,actieverval,actieaanpgel,srt,rdnwijz,aangadresh,dataanvadresh,identcodeadresseerbaarobject,identcodenraand,gem,nor,afgekortenor,gemdeel,huisnr,huisletter,huisnrtoevoeging,postcode,wplnaam,loctenopzichtevanadres,locoms,bladresregel1,bladresregel2,bladresregel3,bladresregel4,bladresregel5,bladresregel6,landgebied,indpersaangetroffenopadres,nadereaandverval) VALUES('885','31','20000827',null,'20000827','20010926','928','929',null,'1','1','3','20000827',null,null,'347','Neude','Neude',null,'32',null,null,'3512AG','Smalle Ee',null,null,null,null,null,null,null,null,'229',null,null);
INSERT INTO kern.his_persadres (id,persadres,dataanvgel,dateindegel,tsreg,tsverval,actieinh,actieverval,actieaanpgel,srt,rdnwijz,aangadresh,dataanvadresh,identcodeadresseerbaarobject,identcodenraand,gem,nor,afgekortenor,gemdeel,huisnr,huisletter,huisnrtoevoeging,postcode,wplnaam,loctenopzichtevanadres,locoms,bladresregel1,bladresregel2,bladresregel3,bladresregel4,bladresregel5,bladresregel6,landgebied,indpersaangetroffenopadres,nadereaandverval) VALUES('884','31','19920219','20000827','20000827',null,'927',null,'928','1','2',null,'19920219',null,null,'977','Marktstraat ','Marktstraat',null,'16',null,null,'6114HS','Koningsbosch',null,null,null,null,null,null,null,null,'229',null,null);
INSERT INTO kern.his_persadres (id,persadres,dataanvgel,dateindegel,tsreg,tsverval,actieinh,actieverval,actieaanpgel,srt,rdnwijz,aangadresh,dataanvadresh,identcodeadresseerbaarobject,identcodenraand,gem,nor,afgekortenor,gemdeel,huisnr,huisletter,huisnrtoevoeging,postcode,wplnaam,loctenopzichtevanadres,locoms,bladresregel1,bladresregel2,bladresregel3,bladresregel4,bladresregel5,bladresregel6,landgebied,indpersaangetroffenopadres,nadereaandverval) VALUES('883','31','19920219',null,'19920219','20000827','927','928',null,'1','2',null,'19920219',null,null,'977','Marktstraat ','Marktstraat',null,'16',null,null,'6114HS','Koningsbosch',null,null,null,null,null,null,null,null,'229',null,null);
INSERT INTO kern.his_persadres (id,persadres,dataanvgel,dateindegel,tsreg,tsverval,actieinh,actieverval,actieaanpgel,srt,rdnwijz,aangadresh,dataanvadresh,identcodeadresseerbaarobject,identcodenraand,gem,nor,afgekortenor,gemdeel,huisnr,huisletter,huisnrtoevoeging,postcode,wplnaam,loctenopzichtevanadres,locoms,bladresregel1,bladresregel2,bladresregel3,bladresregel4,bladresregel5,bladresregel6,landgebied,indpersaangetroffenopadres,nadereaandverval) VALUES('882','32','20120621',null,'20120621',null,'926',null,null,'1','1','3','20120621',null,null,'347','Neude','Neude',null,'34',null,null,'3512AG','Smalle Ee',null,null,null,null,null,null,null,null,'229',null,null);
INSERT INTO kern.his_persadres (id,persadres,dataanvgel,dateindegel,tsreg,tsverval,actieinh,actieverval,actieaanpgel,srt,rdnwijz,aangadresh,dataanvadresh,identcodeadresseerbaarobject,identcodenraand,gem,nor,afgekortenor,gemdeel,huisnr,huisletter,huisnrtoevoeging,postcode,wplnaam,loctenopzichtevanadres,locoms,bladresregel1,bladresregel2,bladresregel3,bladresregel4,bladresregel5,bladresregel6,landgebied,indpersaangetroffenopadres,nadereaandverval) VALUES('881','32','20010301','20120621','20120621',null,'925',null,'926','1','1','3','20010301',null,null,'347','Vredenburg ','Vredenburg ',null,'116',null,null,'3511BE','Smalle Ee',null,null,null,null,null,null,null,null,'229',null,null);
INSERT INTO kern.his_persadres (id,persadres,dataanvgel,dateindegel,tsreg,tsverval,actieinh,actieverval,actieaanpgel,srt,rdnwijz,aangadresh,dataanvadresh,identcodeadresseerbaarobject,identcodenraand,gem,nor,afgekortenor,gemdeel,huisnr,huisletter,huisnrtoevoeging,postcode,wplnaam,loctenopzichtevanadres,locoms,bladresregel1,bladresregel2,bladresregel3,bladresregel4,bladresregel5,bladresregel6,landgebied,indpersaangetroffenopadres,nadereaandverval) VALUES('880','32','20010301',null,'20010301','20120621','925','926',null,'1','1','3','20010301',null,null,'347','Vredenburg ','Vredenburg ',null,'116',null,null,'3511BE','Smalle Ee',null,null,null,null,null,null,null,null,'229',null,null);
INSERT INTO kern.his_persadres (id,persadres,dataanvgel,dateindegel,tsreg,tsverval,actieinh,actieverval,actieaanpgel,srt,rdnwijz,aangadresh,dataanvadresh,identcodeadresseerbaarobject,identcodenraand,gem,nor,afgekortenor,gemdeel,huisnr,huisletter,huisnrtoevoeging,postcode,wplnaam,loctenopzichtevanadres,locoms,bladresregel1,bladresregel2,bladresregel3,bladresregel4,bladresregel5,bladresregel6,landgebied,indpersaangetroffenopadres,nadereaandverval) VALUES('879','32','19670601','20010301','20010301',null,'924',null,'925','1','1','3','19670601',null,null,'347','Biltstraat','Biltstraat',null,'99',null,null,'3572AM','Smalle Ee',null,null,null,null,null,null,null,null,'229',null,null);
INSERT INTO kern.his_persadres (id,persadres,dataanvgel,dateindegel,tsreg,tsverval,actieinh,actieverval,actieaanpgel,srt,rdnwijz,aangadresh,dataanvadresh,identcodeadresseerbaarobject,identcodenraand,gem,nor,afgekortenor,gemdeel,huisnr,huisletter,huisnrtoevoeging,postcode,wplnaam,loctenopzichtevanadres,locoms,bladresregel1,bladresregel2,bladresregel3,bladresregel4,bladresregel5,bladresregel6,landgebied,indpersaangetroffenopadres,nadereaandverval) VALUES('878','32','19670601',null,'19670601','20010301','924','925',null,'1','1','3','19670601',null,null,'347','Biltstraat','Biltstraat',null,'99',null,null,'3572AM','Smalle Ee',null,null,null,null,null,null,null,null,'229',null,null);
INSERT INTO kern.his_persadres (id,persadres,dataanvgel,dateindegel,tsreg,tsverval,actieinh,actieverval,actieaanpgel,srt,rdnwijz,aangadresh,dataanvadresh,identcodeadresseerbaarobject,identcodenraand,gem,nor,afgekortenor,gemdeel,huisnr,huisletter,huisnrtoevoeging,postcode,wplnaam,loctenopzichtevanadres,locoms,bladresregel1,bladresregel2,bladresregel3,bladresregel4,bladresregel5,bladresregel6,landgebied,indpersaangetroffenopadres,nadereaandverval) VALUES('877','32','19510923','19670601','19670601',null,'923',null,'924','1','2',null,'19510923',null,null,'522','Marktplein','Marktplein',null,'18',null,null,'2691BV','Honselersdijk',null,null,null,null,null,null,null,null,'229',null,null);
INSERT INTO kern.his_persadres (id,persadres,dataanvgel,dateindegel,tsreg,tsverval,actieinh,actieverval,actieaanpgel,srt,rdnwijz,aangadresh,dataanvadresh,identcodeadresseerbaarobject,identcodenraand,gem,nor,afgekortenor,gemdeel,huisnr,huisletter,huisnrtoevoeging,postcode,wplnaam,loctenopzichtevanadres,locoms,bladresregel1,bladresregel2,bladresregel3,bladresregel4,bladresregel5,bladresregel6,landgebied,indpersaangetroffenopadres,nadereaandverval) VALUES('876','32','19510923',null,'19510923','19670601','923','924',null,'1','2',null,'19510923',null,null,'522','Marktplein','Marktplein',null,'18',null,null,'2691BV','Honselersdijk',null,null,null,null,null,null,null,null,'229',null,null);
INSERT INTO kern.his_persadres (id,persadres,dataanvgel,dateindegel,tsreg,tsverval,actieinh,actieverval,actieaanpgel,srt,rdnwijz,aangadresh,dataanvadresh,identcodeadresseerbaarobject,identcodenraand,gem,nor,afgekortenor,gemdeel,huisnr,huisletter,huisnrtoevoeging,postcode,wplnaam,loctenopzichtevanadres,locoms,bladresregel1,bladresregel2,bladresregel3,bladresregel4,bladresregel5,bladresregel6,landgebied,indpersaangetroffenopadres,nadereaandverval) VALUES('875','33','20120621',null,'20120621',null,'922',null,null,'1','1','3','20120621',null,null,'347','Neude','Neude',null,'34',null,null,'3512AG','Smalle Ee',null,null,null,null,null,null,null,null,'229',null,null);
INSERT INTO kern.his_persadres (id,persadres,dataanvgel,dateindegel,tsreg,tsverval,actieinh,actieverval,actieaanpgel,srt,rdnwijz,aangadresh,dataanvadresh,identcodeadresseerbaarobject,identcodenraand,gem,nor,afgekortenor,gemdeel,huisnr,huisletter,huisnrtoevoeging,postcode,wplnaam,loctenopzichtevanadres,locoms,bladresregel1,bladresregel2,bladresregel3,bladresregel4,bladresregel5,bladresregel6,landgebied,indpersaangetroffenopadres,nadereaandverval) VALUES('874','33','20010301','20120621','20120621',null,'921',null,'922','1','1','3','20010301',null,null,'347','Vredenburg ','Vredenburg ',null,'116',null,null,'3511BE','Smalle Ee',null,null,null,null,null,null,null,null,'229',null,null);
INSERT INTO kern.his_persadres (id,persadres,dataanvgel,dateindegel,tsreg,tsverval,actieinh,actieverval,actieaanpgel,srt,rdnwijz,aangadresh,dataanvadresh,identcodeadresseerbaarobject,identcodenraand,gem,nor,afgekortenor,gemdeel,huisnr,huisletter,huisnrtoevoeging,postcode,wplnaam,loctenopzichtevanadres,locoms,bladresregel1,bladresregel2,bladresregel3,bladresregel4,bladresregel5,bladresregel6,landgebied,indpersaangetroffenopadres,nadereaandverval) VALUES('873','33','20010301',null,'20010301','20120621','921','922',null,'1','1','3','20010301',null,null,'347','Vredenburg ','Vredenburg ',null,'116',null,null,'3511BE','Smalle Ee',null,null,null,null,null,null,null,null,'229',null,null);
INSERT INTO kern.his_persadres (id,persadres,dataanvgel,dateindegel,tsreg,tsverval,actieinh,actieverval,actieaanpgel,srt,rdnwijz,aangadresh,dataanvadresh,identcodeadresseerbaarobject,identcodenraand,gem,nor,afgekortenor,gemdeel,huisnr,huisletter,huisnrtoevoeging,postcode,wplnaam,loctenopzichtevanadres,locoms,bladresregel1,bladresregel2,bladresregel3,bladresregel4,bladresregel5,bladresregel6,landgebied,indpersaangetroffenopadres,nadereaandverval) VALUES('872','33','19670601','20010301','20010301',null,'920',null,'921','1','1','3','19670601',null,null,'347','Biltstraat','Biltstraat',null,'99',null,null,'3572AM','Smalle Ee',null,null,null,null,null,null,null,null,'229',null,null);
INSERT INTO kern.his_persadres (id,persadres,dataanvgel,dateindegel,tsreg,tsverval,actieinh,actieverval,actieaanpgel,srt,rdnwijz,aangadresh,dataanvadresh,identcodeadresseerbaarobject,identcodenraand,gem,nor,afgekortenor,gemdeel,huisnr,huisletter,huisnrtoevoeging,postcode,wplnaam,loctenopzichtevanadres,locoms,bladresregel1,bladresregel2,bladresregel3,bladresregel4,bladresregel5,bladresregel6,landgebied,indpersaangetroffenopadres,nadereaandverval) VALUES('871','33','19670601',null,'19670601','20010301','920','921',null,'1','1','3','19670601',null,null,'347','Biltstraat','Biltstraat',null,'99',null,null,'3572AM','Smalle Ee',null,null,null,null,null,null,null,null,'229',null,null);
INSERT INTO kern.his_persadres (id,persadres,dataanvgel,dateindegel,tsreg,tsverval,actieinh,actieverval,actieaanpgel,srt,rdnwijz,aangadresh,dataanvadresh,identcodeadresseerbaarobject,identcodenraand,gem,nor,afgekortenor,gemdeel,huisnr,huisletter,huisnrtoevoeging,postcode,wplnaam,loctenopzichtevanadres,locoms,bladresregel1,bladresregel2,bladresregel3,bladresregel4,bladresregel5,bladresregel6,landgebied,indpersaangetroffenopadres,nadereaandverval) VALUES('870','33','19531116','19670601','19670601',null,'919',null,'920','1','2',null,'19531116',null,null,'506','Markt','Markt',null,'80',null,null,'2611GW','Scherpenzeel',null,null,null,null,null,null,null,null,'229',null,null);
INSERT INTO kern.his_persadres (id,persadres,dataanvgel,dateindegel,tsreg,tsverval,actieinh,actieverval,actieaanpgel,srt,rdnwijz,aangadresh,dataanvadresh,identcodeadresseerbaarobject,identcodenraand,gem,nor,afgekortenor,gemdeel,huisnr,huisletter,huisnrtoevoeging,postcode,wplnaam,loctenopzichtevanadres,locoms,bladresregel1,bladresregel2,bladresregel3,bladresregel4,bladresregel5,bladresregel6,landgebied,indpersaangetroffenopadres,nadereaandverval) VALUES('869','33','19531116',null,'19531116','19670601','919','920',null,'1','2',null,'19531116',null,null,'506','Markt','Markt',null,'80',null,null,'2611GW','Scherpenzeel',null,null,null,null,null,null,null,null,'229',null,null);
INSERT INTO kern.his_persadres (id,persadres,dataanvgel,dateindegel,tsreg,tsverval,actieinh,actieverval,actieaanpgel,srt,rdnwijz,aangadresh,dataanvadresh,identcodeadresseerbaarobject,identcodenraand,gem,nor,afgekortenor,gemdeel,huisnr,huisletter,huisnrtoevoeging,postcode,wplnaam,loctenopzichtevanadres,locoms,bladresregel1,bladresregel2,bladresregel3,bladresregel4,bladresregel5,bladresregel6,landgebied,indpersaangetroffenopadres,nadereaandverval) VALUES('868','34','20090701',null,'20090701',null,'918',null,null,'1','1','3','20090701',null,null,'347','Biltstraat','Biltstraat',null,'101',null,null,'3572AL','Smalle Ee',null,null,null,null,null,null,null,null,'229',null,null);
INSERT INTO kern.his_persadres (id,persadres,dataanvgel,dateindegel,tsreg,tsverval,actieinh,actieverval,actieaanpgel,srt,rdnwijz,aangadresh,dataanvadresh,identcodeadresseerbaarobject,identcodenraand,gem,nor,afgekortenor,gemdeel,huisnr,huisletter,huisnrtoevoeging,postcode,wplnaam,loctenopzichtevanadres,locoms,bladresregel1,bladresregel2,bladresregel3,bladresregel4,bladresregel5,bladresregel6,landgebied,indpersaangetroffenopadres,nadereaandverval) VALUES('867','34','20080218','20090701','20090701',null,'917',null,'918','1','1','3','20080218',null,null,'347','Vredenburg ','Vredenburg ',null,'118',null,null,'3511BE','Smalle Ee',null,null,null,null,null,null,null,null,'229',null,null);
INSERT INTO kern.his_persadres (id,persadres,dataanvgel,dateindegel,tsreg,tsverval,actieinh,actieverval,actieaanpgel,srt,rdnwijz,aangadresh,dataanvadresh,identcodeadresseerbaarobject,identcodenraand,gem,nor,afgekortenor,gemdeel,huisnr,huisletter,huisnrtoevoeging,postcode,wplnaam,loctenopzichtevanadres,locoms,bladresregel1,bladresregel2,bladresregel3,bladresregel4,bladresregel5,bladresregel6,landgebied,indpersaangetroffenopadres,nadereaandverval) VALUES('866','34','20080218',null,'20080218','20090701','917','918',null,'1','1','3','20080218',null,null,'347','Vredenburg ','Vredenburg ',null,'118',null,null,'3511BE','Smalle Ee',null,null,null,null,null,null,null,null,'229',null,null);
INSERT INTO kern.his_persadres (id,persadres,dataanvgel,dateindegel,tsreg,tsverval,actieinh,actieverval,actieaanpgel,srt,rdnwijz,aangadresh,dataanvadresh,identcodeadresseerbaarobject,identcodenraand,gem,nor,afgekortenor,gemdeel,huisnr,huisletter,huisnrtoevoeging,postcode,wplnaam,loctenopzichtevanadres,locoms,bladresregel1,bladresregel2,bladresregel3,bladresregel4,bladresregel5,bladresregel6,landgebied,indpersaangetroffenopadres,nadereaandverval) VALUES('865','34','20070406','20080218','20080218',null,'916',null,'917','1','1','3','20070406',null,null,'347','Neude','Neude',null,'36',null,null,'3512AG','Smalle Ee',null,null,null,null,null,null,null,null,'229',null,null);
INSERT INTO kern.his_persadres (id,persadres,dataanvgel,dateindegel,tsreg,tsverval,actieinh,actieverval,actieaanpgel,srt,rdnwijz,aangadresh,dataanvadresh,identcodeadresseerbaarobject,identcodenraand,gem,nor,afgekortenor,gemdeel,huisnr,huisletter,huisnrtoevoeging,postcode,wplnaam,loctenopzichtevanadres,locoms,bladresregel1,bladresregel2,bladresregel3,bladresregel4,bladresregel5,bladresregel6,landgebied,indpersaangetroffenopadres,nadereaandverval) VALUES('864','34','20070406',null,'20070406','20080218','916','917',null,'1','1','3','20070406',null,null,'347','Neude','Neude',null,'36',null,null,'3512AG','Smalle Ee',null,null,null,null,null,null,null,null,'229',null,null);
INSERT INTO kern.his_persadres (id,persadres,dataanvgel,dateindegel,tsreg,tsverval,actieinh,actieverval,actieaanpgel,srt,rdnwijz,aangadresh,dataanvadresh,identcodeadresseerbaarobject,identcodenraand,gem,nor,afgekortenor,gemdeel,huisnr,huisletter,huisnrtoevoeging,postcode,wplnaam,loctenopzichtevanadres,locoms,bladresregel1,bladresregel2,bladresregel3,bladresregel4,bladresregel5,bladresregel6,landgebied,indpersaangetroffenopadres,nadereaandverval) VALUES('863','34','19390402','20070406','20070406',null,'915',null,'916','1','2',null,'19390402',null,null,'403','Middenweg','Middenweg ',null,'159',null,null,'1782BE','Egmond-Binnen',null,null,null,null,null,null,null,null,'229',null,null);
INSERT INTO kern.his_persadres (id,persadres,dataanvgel,dateindegel,tsreg,tsverval,actieinh,actieverval,actieaanpgel,srt,rdnwijz,aangadresh,dataanvadresh,identcodeadresseerbaarobject,identcodenraand,gem,nor,afgekortenor,gemdeel,huisnr,huisletter,huisnrtoevoeging,postcode,wplnaam,loctenopzichtevanadres,locoms,bladresregel1,bladresregel2,bladresregel3,bladresregel4,bladresregel5,bladresregel6,landgebied,indpersaangetroffenopadres,nadereaandverval) VALUES('862','34','19390402',null,'19390402','20070406','915','916',null,'1','2',null,'19390402',null,null,'403','Middenweg','Middenweg ',null,'159',null,null,'1782BE','Egmond-Binnen',null,null,null,null,null,null,null,null,'229',null,null);
INSERT INTO kern.his_persadres (id,persadres,dataanvgel,dateindegel,tsreg,tsverval,actieinh,actieverval,actieaanpgel,srt,rdnwijz,aangadresh,dataanvadresh,identcodeadresseerbaarobject,identcodenraand,gem,nor,afgekortenor,gemdeel,huisnr,huisletter,huisnrtoevoeging,postcode,wplnaam,loctenopzichtevanadres,locoms,bladresregel1,bladresregel2,bladresregel3,bladresregel4,bladresregel5,bladresregel6,landgebied,indpersaangetroffenopadres,nadereaandverval) VALUES('861','35','20090301',null,'20090301',null,'914',null,null,'1','1','3','20090301',null,null,'347','Vredenburg ','Vredenburg ',null,'120',null,null,'3511BE','Smalle Ee',null,null,null,null,null,null,null,null,'229',null,null);
INSERT INTO kern.his_persadres (id,persadres,dataanvgel,dateindegel,tsreg,tsverval,actieinh,actieverval,actieaanpgel,srt,rdnwijz,aangadresh,dataanvadresh,identcodeadresseerbaarobject,identcodenraand,gem,nor,afgekortenor,gemdeel,huisnr,huisletter,huisnrtoevoeging,postcode,wplnaam,loctenopzichtevanadres,locoms,bladresregel1,bladresregel2,bladresregel3,bladresregel4,bladresregel5,bladresregel6,landgebied,indpersaangetroffenopadres,nadereaandverval) VALUES('860','35','20081101','20090301','20090301',null,'913',null,'914','1','1','3','20081101',null,null,'347','Neude','Neude',null,'31',null,null,'3512AG','Smalle Ee',null,null,null,null,null,null,null,null,'229',null,null);
INSERT INTO kern.his_persadres (id,persadres,dataanvgel,dateindegel,tsreg,tsverval,actieinh,actieverval,actieaanpgel,srt,rdnwijz,aangadresh,dataanvadresh,identcodeadresseerbaarobject,identcodenraand,gem,nor,afgekortenor,gemdeel,huisnr,huisletter,huisnrtoevoeging,postcode,wplnaam,loctenopzichtevanadres,locoms,bladresregel1,bladresregel2,bladresregel3,bladresregel4,bladresregel5,bladresregel6,landgebied,indpersaangetroffenopadres,nadereaandverval) VALUES('859','35','20081101',null,'20081101','20090301','913','914',null,'1','1','3','20081101',null,null,'347','Neude','Neude',null,'31',null,null,'3512AG','Smalle Ee',null,null,null,null,null,null,null,null,'229',null,null);
INSERT INTO kern.his_persadres (id,persadres,dataanvgel,dateindegel,tsreg,tsverval,actieinh,actieverval,actieaanpgel,srt,rdnwijz,aangadresh,dataanvadresh,identcodeadresseerbaarobject,identcodenraand,gem,nor,afgekortenor,gemdeel,huisnr,huisletter,huisnrtoevoeging,postcode,wplnaam,loctenopzichtevanadres,locoms,bladresregel1,bladresregel2,bladresregel3,bladresregel4,bladresregel5,bladresregel6,landgebied,indpersaangetroffenopadres,nadereaandverval) VALUES('858','35','20050101','20081101','20081101',null,'912',null,'913','1','1','3','20050101',null,null,'347','Biltstraat','Biltstraat',null,'103',null,null,'3572AM','Smalle Ee',null,null,null,null,null,null,null,null,'229',null,null);
INSERT INTO kern.his_persadres (id,persadres,dataanvgel,dateindegel,tsreg,tsverval,actieinh,actieverval,actieaanpgel,srt,rdnwijz,aangadresh,dataanvadresh,identcodeadresseerbaarobject,identcodenraand,gem,nor,afgekortenor,gemdeel,huisnr,huisletter,huisnrtoevoeging,postcode,wplnaam,loctenopzichtevanadres,locoms,bladresregel1,bladresregel2,bladresregel3,bladresregel4,bladresregel5,bladresregel6,landgebied,indpersaangetroffenopadres,nadereaandverval) VALUES('857','35','20050101',null,'20050101','20081101','912','913',null,'1','1','3','20050101',null,null,'347','Biltstraat','Biltstraat',null,'103',null,null,'3572AM','Smalle Ee',null,null,null,null,null,null,null,null,'229',null,null);
INSERT INTO kern.his_persadres (id,persadres,dataanvgel,dateindegel,tsreg,tsverval,actieinh,actieverval,actieaanpgel,srt,rdnwijz,aangadresh,dataanvadresh,identcodeadresseerbaarobject,identcodenraand,gem,nor,afgekortenor,gemdeel,huisnr,huisletter,huisnrtoevoeging,postcode,wplnaam,loctenopzichtevanadres,locoms,bladresregel1,bladresregel2,bladresregel3,bladresregel4,bladresregel5,bladresregel6,landgebied,indpersaangetroffenopadres,nadereaandverval) VALUES('856','35','19841203','20050101','20050101',null,'911',null,'912','1','2',null,'19841203',null,null,'342','Molenstraat','Molenstraat',null,'25',null,null,'3927AB','Delft',null,null,null,null,null,null,null,null,'229',null,null);
INSERT INTO kern.his_persadres (id,persadres,dataanvgel,dateindegel,tsreg,tsverval,actieinh,actieverval,actieaanpgel,srt,rdnwijz,aangadresh,dataanvadresh,identcodeadresseerbaarobject,identcodenraand,gem,nor,afgekortenor,gemdeel,huisnr,huisletter,huisnrtoevoeging,postcode,wplnaam,loctenopzichtevanadres,locoms,bladresregel1,bladresregel2,bladresregel3,bladresregel4,bladresregel5,bladresregel6,landgebied,indpersaangetroffenopadres,nadereaandverval) VALUES('855','35','19841203',null,'19841203','20050101','911','912',null,'1','2',null,'19841203',null,null,'342','Molenstraat','Molenstraat',null,'25',null,null,'3927AB','Delft',null,null,null,null,null,null,null,null,'229',null,null);
INSERT INTO kern.his_persadres (id,persadres,dataanvgel,dateindegel,tsreg,tsverval,actieinh,actieverval,actieaanpgel,srt,rdnwijz,aangadresh,dataanvadresh,identcodeadresseerbaarobject,identcodenraand,gem,nor,afgekortenor,gemdeel,huisnr,huisletter,huisnrtoevoeging,postcode,wplnaam,loctenopzichtevanadres,locoms,bladresregel1,bladresregel2,bladresregel3,bladresregel4,bladresregel5,bladresregel6,landgebied,indpersaangetroffenopadres,nadereaandverval) VALUES('854','36','20090301',null,'20090301',null,'910',null,null,'1','1','3','20090301',null,null,'347','Vredenburg ','Vredenburg ',null,'120',null,null,'3511BE','Smalle Ee',null,null,null,null,null,null,null,null,'229',null,null);
INSERT INTO kern.his_persadres (id,persadres,dataanvgel,dateindegel,tsreg,tsverval,actieinh,actieverval,actieaanpgel,srt,rdnwijz,aangadresh,dataanvadresh,identcodeadresseerbaarobject,identcodenraand,gem,nor,afgekortenor,gemdeel,huisnr,huisletter,huisnrtoevoeging,postcode,wplnaam,loctenopzichtevanadres,locoms,bladresregel1,bladresregel2,bladresregel3,bladresregel4,bladresregel5,bladresregel6,landgebied,indpersaangetroffenopadres,nadereaandverval) VALUES('853','36','20081101','20090301','20090301',null,'909',null,'910','1','1','3','20081101',null,null,'347','Neude','Neude',null,'31',null,null,'3512AG','Smalle Ee',null,null,null,null,null,null,null,null,'229',null,null);
INSERT INTO kern.his_persadres (id,persadres,dataanvgel,dateindegel,tsreg,tsverval,actieinh,actieverval,actieaanpgel,srt,rdnwijz,aangadresh,dataanvadresh,identcodeadresseerbaarobject,identcodenraand,gem,nor,afgekortenor,gemdeel,huisnr,huisletter,huisnrtoevoeging,postcode,wplnaam,loctenopzichtevanadres,locoms,bladresregel1,bladresregel2,bladresregel3,bladresregel4,bladresregel5,bladresregel6,landgebied,indpersaangetroffenopadres,nadereaandverval) VALUES('852','36','20081101',null,'20081101','20090301','909','910',null,'1','1','3','20081101',null,null,'347','Neude','Neude',null,'31',null,null,'3512AG','Smalle Ee',null,null,null,null,null,null,null,null,'229',null,null);
INSERT INTO kern.his_persadres (id,persadres,dataanvgel,dateindegel,tsreg,tsverval,actieinh,actieverval,actieaanpgel,srt,rdnwijz,aangadresh,dataanvadresh,identcodeadresseerbaarobject,identcodenraand,gem,nor,afgekortenor,gemdeel,huisnr,huisletter,huisnrtoevoeging,postcode,wplnaam,loctenopzichtevanadres,locoms,bladresregel1,bladresregel2,bladresregel3,bladresregel4,bladresregel5,bladresregel6,landgebied,indpersaangetroffenopadres,nadereaandverval) VALUES('851','36','20050101','20081101','20081101',null,'908',null,'909','1','1','3','20050101',null,null,'347','Biltstraat','Biltstraat',null,'103',null,null,'3572AM','Smalle Ee',null,null,null,null,null,null,null,null,'229',null,null);
INSERT INTO kern.his_persadres (id,persadres,dataanvgel,dateindegel,tsreg,tsverval,actieinh,actieverval,actieaanpgel,srt,rdnwijz,aangadresh,dataanvadresh,identcodeadresseerbaarobject,identcodenraand,gem,nor,afgekortenor,gemdeel,huisnr,huisletter,huisnrtoevoeging,postcode,wplnaam,loctenopzichtevanadres,locoms,bladresregel1,bladresregel2,bladresregel3,bladresregel4,bladresregel5,bladresregel6,landgebied,indpersaangetroffenopadres,nadereaandverval) VALUES('850','36','20050101',null,'20050101','20081101','908','909',null,'1','1','3','20050101',null,null,'347','Biltstraat','Biltstraat',null,'103',null,null,'3572AM','Smalle Ee',null,null,null,null,null,null,null,null,'229',null,null);
INSERT INTO kern.his_persadres (id,persadres,dataanvgel,dateindegel,tsreg,tsverval,actieinh,actieverval,actieaanpgel,srt,rdnwijz,aangadresh,dataanvadresh,identcodeadresseerbaarobject,identcodenraand,gem,nor,afgekortenor,gemdeel,huisnr,huisletter,huisnrtoevoeging,postcode,wplnaam,loctenopzichtevanadres,locoms,bladresregel1,bladresregel2,bladresregel3,bladresregel4,bladresregel5,bladresregel6,landgebied,indpersaangetroffenopadres,nadereaandverval) VALUES('849','36','19851011','20050101','20050101',null,'907',null,'908','1','2',null,'19851011',null,null,'342','Molenstraat','Molenstraat',null,'27',null,null,'3927AB','Delft',null,null,null,null,null,null,null,null,'229',null,null);
INSERT INTO kern.his_persadres (id,persadres,dataanvgel,dateindegel,tsreg,tsverval,actieinh,actieverval,actieaanpgel,srt,rdnwijz,aangadresh,dataanvadresh,identcodeadresseerbaarobject,identcodenraand,gem,nor,afgekortenor,gemdeel,huisnr,huisletter,huisnrtoevoeging,postcode,wplnaam,loctenopzichtevanadres,locoms,bladresregel1,bladresregel2,bladresregel3,bladresregel4,bladresregel5,bladresregel6,landgebied,indpersaangetroffenopadres,nadereaandverval) VALUES('848','36','19851011',null,'19851011','20050101','907','908',null,'1','2',null,'19851011',null,null,'342','Molenstraat','Molenstraat',null,'27',null,null,'3927AB','Delft',null,null,null,null,null,null,null,null,'229',null,null);
INSERT INTO kern.his_persadres (id,persadres,dataanvgel,dateindegel,tsreg,tsverval,actieinh,actieverval,actieaanpgel,srt,rdnwijz,aangadresh,dataanvadresh,identcodeadresseerbaarobject,identcodenraand,gem,nor,afgekortenor,gemdeel,huisnr,huisletter,huisnrtoevoeging,postcode,wplnaam,loctenopzichtevanadres,locoms,bladresregel1,bladresregel2,bladresregel3,bladresregel4,bladresregel5,bladresregel6,landgebied,indpersaangetroffenopadres,nadereaandverval) VALUES('847','37','20090301',null,'20090301',null,'906',null,null,'1','1','3','20090301',null,null,'347','Vredenburg ','Vredenburg ',null,'120',null,null,'3511BE','Smalle Ee',null,null,null,null,null,null,null,null,'229',null,null);
INSERT INTO kern.his_persadres (id,persadres,dataanvgel,dateindegel,tsreg,tsverval,actieinh,actieverval,actieaanpgel,srt,rdnwijz,aangadresh,dataanvadresh,identcodeadresseerbaarobject,identcodenraand,gem,nor,afgekortenor,gemdeel,huisnr,huisletter,huisnrtoevoeging,postcode,wplnaam,loctenopzichtevanadres,locoms,bladresregel1,bladresregel2,bladresregel3,bladresregel4,bladresregel5,bladresregel6,landgebied,indpersaangetroffenopadres,nadereaandverval) VALUES('846','37','20081101','20090301','20090301',null,'905',null,'906','1','1','3','20081101',null,null,'347','Neude','Neude',null,'31',null,null,'3512AG','Smalle Ee',null,null,null,null,null,null,null,null,'229',null,null);
INSERT INTO kern.his_persadres (id,persadres,dataanvgel,dateindegel,tsreg,tsverval,actieinh,actieverval,actieaanpgel,srt,rdnwijz,aangadresh,dataanvadresh,identcodeadresseerbaarobject,identcodenraand,gem,nor,afgekortenor,gemdeel,huisnr,huisletter,huisnrtoevoeging,postcode,wplnaam,loctenopzichtevanadres,locoms,bladresregel1,bladresregel2,bladresregel3,bladresregel4,bladresregel5,bladresregel6,landgebied,indpersaangetroffenopadres,nadereaandverval) VALUES('845','37','20081101',null,'20081101','20090301','905','906',null,'1','1','3','20081101',null,null,'347','Neude','Neude',null,'31',null,null,'3512AG','Smalle Ee',null,null,null,null,null,null,null,null,'229',null,null);
INSERT INTO kern.his_persadres (id,persadres,dataanvgel,dateindegel,tsreg,tsverval,actieinh,actieverval,actieaanpgel,srt,rdnwijz,aangadresh,dataanvadresh,identcodeadresseerbaarobject,identcodenraand,gem,nor,afgekortenor,gemdeel,huisnr,huisletter,huisnrtoevoeging,postcode,wplnaam,loctenopzichtevanadres,locoms,bladresregel1,bladresregel2,bladresregel3,bladresregel4,bladresregel5,bladresregel6,landgebied,indpersaangetroffenopadres,nadereaandverval) VALUES('844','37','20050112','20081101','20081101',null,'904',null,'905','1','2',null,'20050112',null,null,'347','Biltstraat','Biltstraat',null,'103',null,null,'3572AM','Smalle Ee',null,null,null,null,null,null,null,null,'229',null,null);
INSERT INTO kern.his_persadres (id,persadres,dataanvgel,dateindegel,tsreg,tsverval,actieinh,actieverval,actieaanpgel,srt,rdnwijz,aangadresh,dataanvadresh,identcodeadresseerbaarobject,identcodenraand,gem,nor,afgekortenor,gemdeel,huisnr,huisletter,huisnrtoevoeging,postcode,wplnaam,loctenopzichtevanadres,locoms,bladresregel1,bladresregel2,bladresregel3,bladresregel4,bladresregel5,bladresregel6,landgebied,indpersaangetroffenopadres,nadereaandverval) VALUES('843','37','20050112',null,'20050112','20081101','904','905',null,'1','2',null,'20050112',null,null,'347','Biltstraat','Biltstraat',null,'103',null,null,'3572AM','Smalle Ee',null,null,null,null,null,null,null,null,'229',null,null);
INSERT INTO kern.his_persadres (id,persadres,dataanvgel,dateindegel,tsreg,tsverval,actieinh,actieverval,actieaanpgel,srt,rdnwijz,aangadresh,dataanvadresh,identcodeadresseerbaarobject,identcodenraand,gem,nor,afgekortenor,gemdeel,huisnr,huisletter,huisnrtoevoeging,postcode,wplnaam,loctenopzichtevanadres,locoms,bladresregel1,bladresregel2,bladresregel3,bladresregel4,bladresregel5,bladresregel6,landgebied,indpersaangetroffenopadres,nadereaandverval) VALUES('842','38','20090301',null,'20090301',null,'903',null,null,'1','1','3','20090301',null,null,'347','Vredenburg ','Vredenburg ',null,'120',null,null,'3511BE','Smalle Ee',null,null,null,null,null,null,null,null,'229',null,null);
INSERT INTO kern.his_persadres (id,persadres,dataanvgel,dateindegel,tsreg,tsverval,actieinh,actieverval,actieaanpgel,srt,rdnwijz,aangadresh,dataanvadresh,identcodeadresseerbaarobject,identcodenraand,gem,nor,afgekortenor,gemdeel,huisnr,huisletter,huisnrtoevoeging,postcode,wplnaam,loctenopzichtevanadres,locoms,bladresregel1,bladresregel2,bladresregel3,bladresregel4,bladresregel5,bladresregel6,landgebied,indpersaangetroffenopadres,nadereaandverval) VALUES('841','38','20081101','20090301','20090301',null,'902',null,'903','1','1','3','20081101',null,null,'347','Neude','Neude',null,'31',null,null,'3512AG','Smalle Ee',null,null,null,null,null,null,null,null,'229',null,null);
INSERT INTO kern.his_persadres (id,persadres,dataanvgel,dateindegel,tsreg,tsverval,actieinh,actieverval,actieaanpgel,srt,rdnwijz,aangadresh,dataanvadresh,identcodeadresseerbaarobject,identcodenraand,gem,nor,afgekortenor,gemdeel,huisnr,huisletter,huisnrtoevoeging,postcode,wplnaam,loctenopzichtevanadres,locoms,bladresregel1,bladresregel2,bladresregel3,bladresregel4,bladresregel5,bladresregel6,landgebied,indpersaangetroffenopadres,nadereaandverval) VALUES('840','38','20081101',null,'20081101','20090301','902','903',null,'1','1','3','20081101',null,null,'347','Neude','Neude',null,'31',null,null,'3512AG','Smalle Ee',null,null,null,null,null,null,null,null,'229',null,null);
INSERT INTO kern.his_persadres (id,persadres,dataanvgel,dateindegel,tsreg,tsverval,actieinh,actieverval,actieaanpgel,srt,rdnwijz,aangadresh,dataanvadresh,identcodeadresseerbaarobject,identcodenraand,gem,nor,afgekortenor,gemdeel,huisnr,huisletter,huisnrtoevoeging,postcode,wplnaam,loctenopzichtevanadres,locoms,bladresregel1,bladresregel2,bladresregel3,bladresregel4,bladresregel5,bladresregel6,landgebied,indpersaangetroffenopadres,nadereaandverval) VALUES('839','38','20051201','20081101','20081101',null,'901',null,'902','1','2',null,'20051201',null,null,'347','Biltstraat','Biltstraat',null,'103',null,null,'3572AM','Smalle Ee',null,null,null,null,null,null,null,null,'229',null,null);
INSERT INTO kern.his_persadres (id,persadres,dataanvgel,dateindegel,tsreg,tsverval,actieinh,actieverval,actieaanpgel,srt,rdnwijz,aangadresh,dataanvadresh,identcodeadresseerbaarobject,identcodenraand,gem,nor,afgekortenor,gemdeel,huisnr,huisletter,huisnrtoevoeging,postcode,wplnaam,loctenopzichtevanadres,locoms,bladresregel1,bladresregel2,bladresregel3,bladresregel4,bladresregel5,bladresregel6,landgebied,indpersaangetroffenopadres,nadereaandverval) VALUES('838','38','20051201',null,'20051201','20081101','901','902',null,'1','2',null,'20051201',null,null,'347','Biltstraat','Biltstraat',null,'103',null,null,'3572AM','Smalle Ee',null,null,null,null,null,null,null,null,'229',null,null);
INSERT INTO kern.his_persadres (id,persadres,dataanvgel,dateindegel,tsreg,tsverval,actieinh,actieverval,actieaanpgel,srt,rdnwijz,aangadresh,dataanvadresh,identcodeadresseerbaarobject,identcodenraand,gem,nor,afgekortenor,gemdeel,huisnr,huisletter,huisnrtoevoeging,postcode,wplnaam,loctenopzichtevanadres,locoms,bladresregel1,bladresregel2,bladresregel3,bladresregel4,bladresregel5,bladresregel6,landgebied,indpersaangetroffenopadres,nadereaandverval) VALUES('837','39','20120522',null,'20120522',null,'900',null,null,'1','1','3','20120522',null,null,'347','Neude','Neude',null,'33',null,null,'3512AG','Smalle Ee',null,null,null,null,null,null,null,null,'229',null,null);
INSERT INTO kern.his_persadres (id,persadres,dataanvgel,dateindegel,tsreg,tsverval,actieinh,actieverval,actieaanpgel,srt,rdnwijz,aangadresh,dataanvadresh,identcodeadresseerbaarobject,identcodenraand,gem,nor,afgekortenor,gemdeel,huisnr,huisletter,huisnrtoevoeging,postcode,wplnaam,loctenopzichtevanadres,locoms,bladresregel1,bladresregel2,bladresregel3,bladresregel4,bladresregel5,bladresregel6,landgebied,indpersaangetroffenopadres,nadereaandverval) VALUES('836','39','20111201','20120522','20120522',null,'899',null,'900','1','1','3','20111201',null,null,'347','Vredenburg ','Vredenburg ',null,'122',null,null,'3511BE','Smalle Ee',null,null,null,null,null,null,null,null,'229',null,null);
INSERT INTO kern.his_persadres (id,persadres,dataanvgel,dateindegel,tsreg,tsverval,actieinh,actieverval,actieaanpgel,srt,rdnwijz,aangadresh,dataanvadresh,identcodeadresseerbaarobject,identcodenraand,gem,nor,afgekortenor,gemdeel,huisnr,huisletter,huisnrtoevoeging,postcode,wplnaam,loctenopzichtevanadres,locoms,bladresregel1,bladresregel2,bladresregel3,bladresregel4,bladresregel5,bladresregel6,landgebied,indpersaangetroffenopadres,nadereaandverval) VALUES('835','39','20111201',null,'20111201','20120522','899','900',null,'1','1','3','20111201',null,null,'347','Vredenburg ','Vredenburg ',null,'122',null,null,'3511BE','Smalle Ee',null,null,null,null,null,null,null,null,'229',null,null);
INSERT INTO kern.his_persadres (id,persadres,dataanvgel,dateindegel,tsreg,tsverval,actieinh,actieverval,actieaanpgel,srt,rdnwijz,aangadresh,dataanvadresh,identcodeadresseerbaarobject,identcodenraand,gem,nor,afgekortenor,gemdeel,huisnr,huisletter,huisnrtoevoeging,postcode,wplnaam,loctenopzichtevanadres,locoms,bladresregel1,bladresregel2,bladresregel3,bladresregel4,bladresregel5,bladresregel6,landgebied,indpersaangetroffenopadres,nadereaandverval) VALUES('834','39','20101201','20111201','20111201',null,'898',null,'899','1','1','3','20101201',null,null,'347','Biltstraat','Biltstraat',null,'105',null,null,'3572AM','Smalle Ee',null,null,null,null,null,null,null,null,'229',null,null);
INSERT INTO kern.his_persadres (id,persadres,dataanvgel,dateindegel,tsreg,tsverval,actieinh,actieverval,actieaanpgel,srt,rdnwijz,aangadresh,dataanvadresh,identcodeadresseerbaarobject,identcodenraand,gem,nor,afgekortenor,gemdeel,huisnr,huisletter,huisnrtoevoeging,postcode,wplnaam,loctenopzichtevanadres,locoms,bladresregel1,bladresregel2,bladresregel3,bladresregel4,bladresregel5,bladresregel6,landgebied,indpersaangetroffenopadres,nadereaandverval) VALUES('833','39','20101201',null,'20101201','20111201','898','899',null,'1','1','3','20101201',null,null,'347','Biltstraat','Biltstraat',null,'105',null,null,'3572AM','Smalle Ee',null,null,null,null,null,null,null,null,'229',null,null);
INSERT INTO kern.his_persadres (id,persadres,dataanvgel,dateindegel,tsreg,tsverval,actieinh,actieverval,actieaanpgel,srt,rdnwijz,aangadresh,dataanvadresh,identcodeadresseerbaarobject,identcodenraand,gem,nor,afgekortenor,gemdeel,huisnr,huisletter,huisnrtoevoeging,postcode,wplnaam,loctenopzichtevanadres,locoms,bladresregel1,bladresregel2,bladresregel3,bladresregel4,bladresregel5,bladresregel6,landgebied,indpersaangetroffenopadres,nadereaandverval) VALUES('832','39','19910315','20101201','20101201',null,'897',null,'898','1','2',null,'19910315',null,null,'347','Neude','Neude',null,'33',null,null,'3512AG','Smalle Ee',null,null,null,null,null,null,null,null,'229',null,null);
INSERT INTO kern.his_persadres (id,persadres,dataanvgel,dateindegel,tsreg,tsverval,actieinh,actieverval,actieaanpgel,srt,rdnwijz,aangadresh,dataanvadresh,identcodeadresseerbaarobject,identcodenraand,gem,nor,afgekortenor,gemdeel,huisnr,huisletter,huisnrtoevoeging,postcode,wplnaam,loctenopzichtevanadres,locoms,bladresregel1,bladresregel2,bladresregel3,bladresregel4,bladresregel5,bladresregel6,landgebied,indpersaangetroffenopadres,nadereaandverval) VALUES('831','39','19910315',null,'19910315','20101201','897','898',null,'1','2',null,'19910315',null,null,'347','Neude','Neude',null,'33',null,null,'3512AG','Smalle Ee',null,null,null,null,null,null,null,null,'229',null,null);
INSERT INTO kern.his_persadres (id,persadres,dataanvgel,dateindegel,tsreg,tsverval,actieinh,actieverval,actieaanpgel,srt,rdnwijz,aangadresh,dataanvadresh,identcodeadresseerbaarobject,identcodenraand,gem,nor,afgekortenor,gemdeel,huisnr,huisletter,huisnrtoevoeging,postcode,wplnaam,loctenopzichtevanadres,locoms,bladresregel1,bladresregel2,bladresregel3,bladresregel4,bladresregel5,bladresregel6,landgebied,indpersaangetroffenopadres,nadereaandverval) VALUES('830','40','20010517',null,'20010517',null,'896',null,null,'1','2',null,'20010517',null,null,'347','Biltstraat','Biltstraat',null,'107',null,null,'3572AM','Smalle Ee',null,null,null,null,null,null,null,null,'229',null,null);
INSERT INTO kern.his_persadres (id,persadres,dataanvgel,dateindegel,tsreg,tsverval,actieinh,actieverval,actieaanpgel,srt,rdnwijz,aangadresh,dataanvadresh,identcodeadresseerbaarobject,identcodenraand,gem,nor,afgekortenor,gemdeel,huisnr,huisletter,huisnrtoevoeging,postcode,wplnaam,loctenopzichtevanadres,locoms,bladresregel1,bladresregel2,bladresregel3,bladresregel4,bladresregel5,bladresregel6,landgebied,indpersaangetroffenopadres,nadereaandverval) VALUES('829','41','20090201',null,'20090201',null,'895',null,null,'1','1','3','20090201',null,null,'347','Vredenburg ','Vredenburg ',null,'124',null,null,'3511BE','Smalle Ee',null,null,null,null,null,null,null,null,'229',null,null);
INSERT INTO kern.his_persadres (id,persadres,dataanvgel,dateindegel,tsreg,tsverval,actieinh,actieverval,actieaanpgel,srt,rdnwijz,aangadresh,dataanvadresh,identcodeadresseerbaarobject,identcodenraand,gem,nor,afgekortenor,gemdeel,huisnr,huisletter,huisnrtoevoeging,postcode,wplnaam,loctenopzichtevanadres,locoms,bladresregel1,bladresregel2,bladresregel3,bladresregel4,bladresregel5,bladresregel6,landgebied,indpersaangetroffenopadres,nadereaandverval) VALUES('828','41','20060523','20090201','20090201',null,'894',null,'895','1','1','3','20060523',null,null,'347','Neude','Neude',null,'35',null,null,'3512AG','Smalle Ee',null,null,null,null,null,null,null,null,'229',null,null);
INSERT INTO kern.his_persadres (id,persadres,dataanvgel,dateindegel,tsreg,tsverval,actieinh,actieverval,actieaanpgel,srt,rdnwijz,aangadresh,dataanvadresh,identcodeadresseerbaarobject,identcodenraand,gem,nor,afgekortenor,gemdeel,huisnr,huisletter,huisnrtoevoeging,postcode,wplnaam,loctenopzichtevanadres,locoms,bladresregel1,bladresregel2,bladresregel3,bladresregel4,bladresregel5,bladresregel6,landgebied,indpersaangetroffenopadres,nadereaandverval) VALUES('827','41','20060523',null,'20060523','20090201','894','895',null,'1','1','3','20060523',null,null,'347','Neude','Neude',null,'35',null,null,'3512AG','Smalle Ee',null,null,null,null,null,null,null,null,'229',null,null);
INSERT INTO kern.his_persadres (id,persadres,dataanvgel,dateindegel,tsreg,tsverval,actieinh,actieverval,actieaanpgel,srt,rdnwijz,aangadresh,dataanvadresh,identcodeadresseerbaarobject,identcodenraand,gem,nor,afgekortenor,gemdeel,huisnr,huisletter,huisnrtoevoeging,postcode,wplnaam,loctenopzichtevanadres,locoms,bladresregel1,bladresregel2,bladresregel3,bladresregel4,bladresregel5,bladresregel6,landgebied,indpersaangetroffenopadres,nadereaandverval) VALUES('826','41','20040819','20060523','20060523',null,'893',null,'894','1','1','3','20040819',null,null,'347','Vredenburg ','Vredenburg ',null,'126',null,null,'3511BE','Smalle Ee',null,null,null,null,null,null,null,null,'229',null,null);
INSERT INTO kern.his_persadres (id,persadres,dataanvgel,dateindegel,tsreg,tsverval,actieinh,actieverval,actieaanpgel,srt,rdnwijz,aangadresh,dataanvadresh,identcodeadresseerbaarobject,identcodenraand,gem,nor,afgekortenor,gemdeel,huisnr,huisletter,huisnrtoevoeging,postcode,wplnaam,loctenopzichtevanadres,locoms,bladresregel1,bladresregel2,bladresregel3,bladresregel4,bladresregel5,bladresregel6,landgebied,indpersaangetroffenopadres,nadereaandverval) VALUES('825','41','20040819',null,'20040819','20060523','893','894',null,'1','1','3','20040819',null,null,'347','Vredenburg ','Vredenburg ',null,'126',null,null,'3511BE','Smalle Ee',null,null,null,null,null,null,null,null,'229',null,null);
INSERT INTO kern.his_persadres (id,persadres,dataanvgel,dateindegel,tsreg,tsverval,actieinh,actieverval,actieaanpgel,srt,rdnwijz,aangadresh,dataanvadresh,identcodeadresseerbaarobject,identcodenraand,gem,nor,afgekortenor,gemdeel,huisnr,huisletter,huisnrtoevoeging,postcode,wplnaam,loctenopzichtevanadres,locoms,bladresregel1,bladresregel2,bladresregel3,bladresregel4,bladresregel5,bladresregel6,landgebied,indpersaangetroffenopadres,nadereaandverval) VALUES('824','41','20010517','20040819','20040819',null,'892',null,'893','1','2',null,'20010517',null,null,'347','Biltstraat','Biltstraat',null,'107',null,null,'3572AM','Smalle Ee',null,null,null,null,null,null,null,null,'229',null,null);
INSERT INTO kern.his_persadres (id,persadres,dataanvgel,dateindegel,tsreg,tsverval,actieinh,actieverval,actieaanpgel,srt,rdnwijz,aangadresh,dataanvadresh,identcodeadresseerbaarobject,identcodenraand,gem,nor,afgekortenor,gemdeel,huisnr,huisletter,huisnrtoevoeging,postcode,wplnaam,loctenopzichtevanadres,locoms,bladresregel1,bladresregel2,bladresregel3,bladresregel4,bladresregel5,bladresregel6,landgebied,indpersaangetroffenopadres,nadereaandverval) VALUES('823','41','20010517',null,'20010517','20040819','892','893',null,'1','2',null,'20010517',null,null,'347','Biltstraat','Biltstraat',null,'107',null,null,'3572AM','Smalle Ee',null,null,null,null,null,null,null,null,'229',null,null);
INSERT INTO kern.his_persadres (id,persadres,dataanvgel,dateindegel,tsreg,tsverval,actieinh,actieverval,actieaanpgel,srt,rdnwijz,aangadresh,dataanvadresh,identcodeadresseerbaarobject,identcodenraand,gem,nor,afgekortenor,gemdeel,huisnr,huisletter,huisnrtoevoeging,postcode,wplnaam,loctenopzichtevanadres,locoms,bladresregel1,bladresregel2,bladresregel3,bladresregel4,bladresregel5,bladresregel6,landgebied,indpersaangetroffenopadres,nadereaandverval) VALUES('822','42','20010328',null,'20010328',null,'891',null,null,'1','1','7','20010328',null,null,'347','Biltstraat','Biltstraat',null,'142',null,null,'3572BM','Smalle Ee',null,null,null,null,null,null,null,null,'229',null,null);
INSERT INTO kern.his_persadres (id,persadres,dataanvgel,dateindegel,tsreg,tsverval,actieinh,actieverval,actieaanpgel,srt,rdnwijz,aangadresh,dataanvadresh,identcodeadresseerbaarobject,identcodenraand,gem,nor,afgekortenor,gemdeel,huisnr,huisletter,huisnrtoevoeging,postcode,wplnaam,loctenopzichtevanadres,locoms,bladresregel1,bladresregel2,bladresregel3,bladresregel4,bladresregel5,bladresregel6,landgebied,indpersaangetroffenopadres,nadereaandverval) VALUES('821','42','19580921','20010328','20010328',null,'890',null,'891','1','2',null,'19580921',null,null,'342','Molenstraat','Molenstraat',null,'27',null,null,'3927AB','Delft',null,null,null,null,null,null,null,null,'229',null,null);
INSERT INTO kern.his_persadres (id,persadres,dataanvgel,dateindegel,tsreg,tsverval,actieinh,actieverval,actieaanpgel,srt,rdnwijz,aangadresh,dataanvadresh,identcodeadresseerbaarobject,identcodenraand,gem,nor,afgekortenor,gemdeel,huisnr,huisletter,huisnrtoevoeging,postcode,wplnaam,loctenopzichtevanadres,locoms,bladresregel1,bladresregel2,bladresregel3,bladresregel4,bladresregel5,bladresregel6,landgebied,indpersaangetroffenopadres,nadereaandverval) VALUES('820','42','19580921',null,'19580921','20010328','890','891',null,'1','2',null,'19580921',null,null,'342','Molenstraat','Molenstraat',null,'27',null,null,'3927AB','Delft',null,null,null,null,null,null,null,null,'229',null,null);
INSERT INTO kern.his_persadres (id,persadres,dataanvgel,dateindegel,tsreg,tsverval,actieinh,actieverval,actieaanpgel,srt,rdnwijz,aangadresh,dataanvadresh,identcodeadresseerbaarobject,identcodenraand,gem,nor,afgekortenor,gemdeel,huisnr,huisletter,huisnrtoevoeging,postcode,wplnaam,loctenopzichtevanadres,locoms,bladresregel1,bladresregel2,bladresregel3,bladresregel4,bladresregel5,bladresregel6,landgebied,indpersaangetroffenopadres,nadereaandverval) VALUES('819','43','19820528',null,'19820528',null,'889',null,null,'1','1','3','19820528',null,null,'347','Biltstraat','Biltstraat',null,'142',null,null,'3572BM','Smalle Ee',null,null,null,null,null,null,null,null,'229',null,null);
INSERT INTO kern.his_persadres (id,persadres,dataanvgel,dateindegel,tsreg,tsverval,actieinh,actieverval,actieaanpgel,srt,rdnwijz,aangadresh,dataanvadresh,identcodeadresseerbaarobject,identcodenraand,gem,nor,afgekortenor,gemdeel,huisnr,huisletter,huisnrtoevoeging,postcode,wplnaam,loctenopzichtevanadres,locoms,bladresregel1,bladresregel2,bladresregel3,bladresregel4,bladresregel5,bladresregel6,landgebied,indpersaangetroffenopadres,nadereaandverval) VALUES('818','43','19590922','19820528','19820528',null,'888',null,'889','1','2',null,'19590922',null,null,'403','Middenweg','Middenweg ',null,'159',null,null,'1782BE','Egmond-Binnen',null,null,null,null,null,null,null,null,'229',null,null);
INSERT INTO kern.his_persadres (id,persadres,dataanvgel,dateindegel,tsreg,tsverval,actieinh,actieverval,actieaanpgel,srt,rdnwijz,aangadresh,dataanvadresh,identcodeadresseerbaarobject,identcodenraand,gem,nor,afgekortenor,gemdeel,huisnr,huisletter,huisnrtoevoeging,postcode,wplnaam,loctenopzichtevanadres,locoms,bladresregel1,bladresregel2,bladresregel3,bladresregel4,bladresregel5,bladresregel6,landgebied,indpersaangetroffenopadres,nadereaandverval) VALUES('817','43','19590922',null,'19590922','19820528','888','889',null,'1','2',null,'19590922',null,null,'403','Middenweg','Middenweg ',null,'159',null,null,'1782BE','Egmond-Binnen',null,null,null,null,null,null,null,null,'229',null,null);
INSERT INTO kern.his_persadres (id,persadres,dataanvgel,dateindegel,tsreg,tsverval,actieinh,actieverval,actieaanpgel,srt,rdnwijz,aangadresh,dataanvadresh,identcodeadresseerbaarobject,identcodenraand,gem,nor,afgekortenor,gemdeel,huisnr,huisletter,huisnrtoevoeging,postcode,wplnaam,loctenopzichtevanadres,locoms,bladresregel1,bladresregel2,bladresregel3,bladresregel4,bladresregel5,bladresregel6,landgebied,indpersaangetroffenopadres,nadereaandverval) VALUES('816','44','20010328',null,'20010328',null,'887',null,null,'1','1','3','20010328',null,null,'347','Vredenburg','Vredenburg',null,'114',null,null,'3511BE','Smalle Ee',null,null,null,null,null,null,null,null,'229',null,null);
INSERT INTO kern.his_persadres (id,persadres,dataanvgel,dateindegel,tsreg,tsverval,actieinh,actieverval,actieaanpgel,srt,rdnwijz,aangadresh,dataanvadresh,identcodeadresseerbaarobject,identcodenraand,gem,nor,afgekortenor,gemdeel,huisnr,huisletter,huisnrtoevoeging,postcode,wplnaam,loctenopzichtevanadres,locoms,bladresregel1,bladresregel2,bladresregel3,bladresregel4,bladresregel5,bladresregel6,landgebied,indpersaangetroffenopadres,nadereaandverval) VALUES('815','44','19601221','20010328','20010328',null,'886',null,'887','1','2',null,'19601221',null,null,'342','Molenstraat','Molenstraat',null,'27',null,null,'3927AB','Delft',null,null,null,null,null,null,null,null,'229',null,null);
INSERT INTO kern.his_persadres (id,persadres,dataanvgel,dateindegel,tsreg,tsverval,actieinh,actieverval,actieaanpgel,srt,rdnwijz,aangadresh,dataanvadresh,identcodeadresseerbaarobject,identcodenraand,gem,nor,afgekortenor,gemdeel,huisnr,huisletter,huisnrtoevoeging,postcode,wplnaam,loctenopzichtevanadres,locoms,bladresregel1,bladresregel2,bladresregel3,bladresregel4,bladresregel5,bladresregel6,landgebied,indpersaangetroffenopadres,nadereaandverval) VALUES('814','44','19601221',null,'19601221','20010328','886','887',null,'1','2',null,'19601221',null,null,'342','Molenstraat','Molenstraat',null,'27',null,null,'3927AB','Delft',null,null,null,null,null,null,null,null,'229',null,null);
INSERT INTO kern.his_persadres (id,persadres,dataanvgel,dateindegel,tsreg,tsverval,actieinh,actieverval,actieaanpgel,srt,rdnwijz,aangadresh,dataanvadresh,identcodeadresseerbaarobject,identcodenraand,gem,nor,afgekortenor,gemdeel,huisnr,huisletter,huisnrtoevoeging,postcode,wplnaam,loctenopzichtevanadres,locoms,bladresregel1,bladresregel2,bladresregel3,bladresregel4,bladresregel5,bladresregel6,landgebied,indpersaangetroffenopadres,nadereaandverval) VALUES('813','45','19911002',null,'19911002',null,'885',null,null,'1','1','7','19911002',null,null,'347','Vredenburg','Vredenburg',null,'114',null,null,'3511BE','Smalle Ee',null,null,null,null,null,null,null,null,'229',null,null);
INSERT INTO kern.his_persadres (id,persadres,dataanvgel,dateindegel,tsreg,tsverval,actieinh,actieverval,actieaanpgel,srt,rdnwijz,aangadresh,dataanvadresh,identcodeadresseerbaarobject,identcodenraand,gem,nor,afgekortenor,gemdeel,huisnr,huisletter,huisnrtoevoeging,postcode,wplnaam,loctenopzichtevanadres,locoms,bladresregel1,bladresregel2,bladresregel3,bladresregel4,bladresregel5,bladresregel6,landgebied,indpersaangetroffenopadres,nadereaandverval) VALUES('812','45','19611222','19911002','19911002',null,'884',null,'885','1','2',null,'19611222',null,null,'508','Nieuwe Haven','Nieuwe Haven',null,'13',null,null,'3311AP','Alkmaar',null,null,null,null,null,null,null,null,'229',null,null);
INSERT INTO kern.his_persadres (id,persadres,dataanvgel,dateindegel,tsreg,tsverval,actieinh,actieverval,actieaanpgel,srt,rdnwijz,aangadresh,dataanvadresh,identcodeadresseerbaarobject,identcodenraand,gem,nor,afgekortenor,gemdeel,huisnr,huisletter,huisnrtoevoeging,postcode,wplnaam,loctenopzichtevanadres,locoms,bladresregel1,bladresregel2,bladresregel3,bladresregel4,bladresregel5,bladresregel6,landgebied,indpersaangetroffenopadres,nadereaandverval) VALUES('811','45','19611222',null,'19611222','19911002','884','885',null,'1','2',null,'19611222',null,null,'508','Nieuwe Haven','Nieuwe Haven',null,'13',null,null,'3311AP','Alkmaar',null,null,null,null,null,null,null,null,'229',null,null);

commit;


--------------------------------------------------
--- EIND
--- Sheet: (his_persadres)
--- Handler: SheetHandlerImplSimpleInsert
--- Aantal: (190)
--------------------------------------------------
--------------------------------------------------
--- Sheet: (16) (vervangtabel adressen) wordt overgeslagen
--------------------------------------------------
--------------------------------------------------
--- Sheet: (17) (roulatie over 40) wordt overgeslagen
--------------------------------------------------
--------------------------------------------------
--- Sheet: (18) (update statement voor adres) wordt overgeslagen
--------------------------------------------------
--------------------------------------------------
--- START
--- Sheet: (relatie)
--- Handler: SheetHandlerImplSimpleInsert
--------------------------------------------------

begin;

INSERT INTO kern.relatie (id,srt,dataanv,gemaanv,wplnaamaanv,blplaatsaanv,blregioaanv,landgebiedaanv,omslocaanv,rdneinde,dateinde,gemeinde,wplnaameinde,blplaatseinde,blregioeinde,landgebiedeinde,omsloceinde) VALUES('1','1','20030327','1431',null,null,null,'255','Modernodam',null,null,null,null,null,null,null,null);
INSERT INTO kern.relatie (id,srt,dataanv,gemaanv,wplnaamaanv,blplaatsaanv,blregioaanv,landgebiedaanv,omslocaanv,rdneinde,dateinde,gemeinde,wplnaameinde,blplaatseinde,blregioeinde,landgebiedeinde,omsloceinde) VALUES('2','1','19901111','1431',null,null,null,'255','Modernodam',null,null,null,null,null,null,null,null);
INSERT INTO kern.relatie (id,srt,dataanv,gemaanv,wplnaamaanv,blplaatsaanv,blregioaanv,landgebiedaanv,omslocaanv,rdneinde,dateinde,gemeinde,wplnaameinde,blplaatseinde,blregioeinde,landgebiedeinde,omsloceinde) VALUES('3','1','19970605','1431',null,null,null,'255','Modernodam','6','20120101',null,null,null,null,null,null);
INSERT INTO kern.relatie (id,srt,dataanv,gemaanv,wplnaamaanv,blplaatsaanv,blregioaanv,landgebiedaanv,omslocaanv,rdneinde,dateinde,gemeinde,wplnaameinde,blplaatseinde,blregioeinde,landgebiedeinde,omsloceinde) VALUES('4','1','20031024','1431',null,null,null,'255','Modernodam',null,null,null,null,null,null,null,null);
INSERT INTO kern.relatie (id,srt,dataanv,gemaanv,wplnaamaanv,blplaatsaanv,blregioaanv,landgebiedaanv,omslocaanv,rdneinde,dateinde,gemeinde,wplnaameinde,blplaatseinde,blregioeinde,landgebiedeinde,omsloceinde) VALUES('5','1','19960304','1431',null,null,null,'255','Modernodam','6','20121004',null,null,null,null,null,null);
INSERT INTO kern.relatie (id,srt,dataanv,gemaanv,wplnaamaanv,blplaatsaanv,blregioaanv,landgebiedaanv,omslocaanv,rdneinde,dateinde,gemeinde,wplnaameinde,blplaatseinde,blregioeinde,landgebiedeinde,omsloceinde) VALUES('6','3',null,null,null,null,null,null,null,null,null,null,null,null,null,null,null);
INSERT INTO kern.relatie (id,srt,dataanv,gemaanv,wplnaamaanv,blplaatsaanv,blregioaanv,landgebiedaanv,omslocaanv,rdneinde,dateinde,gemeinde,wplnaameinde,blplaatseinde,blregioeinde,landgebiedeinde,omsloceinde) VALUES('7','3',null,null,null,null,null,null,null,null,null,null,null,null,null,null,null);
INSERT INTO kern.relatie (id,srt,dataanv,gemaanv,wplnaamaanv,blplaatsaanv,blregioaanv,landgebiedaanv,omslocaanv,rdneinde,dateinde,gemeinde,wplnaameinde,blplaatseinde,blregioeinde,landgebiedeinde,omsloceinde) VALUES('8','3',null,null,null,null,null,null,null,null,null,null,null,null,null,null,null);
INSERT INTO kern.relatie (id,srt,dataanv,gemaanv,wplnaamaanv,blplaatsaanv,blregioaanv,landgebiedaanv,omslocaanv,rdneinde,dateinde,gemeinde,wplnaameinde,blplaatseinde,blregioeinde,landgebiedeinde,omsloceinde) VALUES('9','1','19800610','1431',null,null,null,'255','Modernodam',null,null,null,null,null,null,null,null);
INSERT INTO kern.relatie (id,srt,dataanv,gemaanv,wplnaamaanv,blplaatsaanv,blregioaanv,landgebiedaanv,omslocaanv,rdneinde,dateinde,gemeinde,wplnaameinde,blplaatseinde,blregioeinde,landgebiedeinde,omsloceinde) VALUES('10','1','19810425','1431',null,null,null,'255','Modernodam',null,null,null,null,null,null,null,null);
INSERT INTO kern.relatie (id,srt,dataanv,gemaanv,wplnaamaanv,blplaatsaanv,blregioaanv,landgebiedaanv,omslocaanv,rdneinde,dateinde,gemeinde,wplnaameinde,blplaatseinde,blregioeinde,landgebiedeinde,omsloceinde) VALUES('11','1','19760701','1431',null,null,null,'255','Modernodam',null,null,null,null,null,null,null,null);
INSERT INTO kern.relatie (id,srt,dataanv,gemaanv,wplnaamaanv,blplaatsaanv,blregioaanv,landgebiedaanv,omslocaanv,rdneinde,dateinde,gemeinde,wplnaameinde,blplaatseinde,blregioeinde,landgebiedeinde,omsloceinde) VALUES('12','3',null,null,null,null,null,null,null,null,null,null,null,null,null,null,null);
INSERT INTO kern.relatie (id,srt,dataanv,gemaanv,wplnaamaanv,blplaatsaanv,blregioaanv,landgebiedaanv,omslocaanv,rdneinde,dateinde,gemeinde,wplnaameinde,blplaatseinde,blregioeinde,landgebiedeinde,omsloceinde) VALUES('13','3',null,null,null,null,null,null,null,null,null,null,null,null,null,null,null);
INSERT INTO kern.relatie (id,srt,dataanv,gemaanv,wplnaamaanv,blplaatsaanv,blregioaanv,landgebiedaanv,omslocaanv,rdneinde,dateinde,gemeinde,wplnaameinde,blplaatseinde,blregioeinde,landgebiedeinde,omsloceinde) VALUES('14','1','20060315','1431',null,null,null,'255','Modernodam',null,null,null,null,null,null,null,null);
INSERT INTO kern.relatie (id,srt,dataanv,gemaanv,wplnaamaanv,blplaatsaanv,blregioaanv,landgebiedaanv,omslocaanv,rdneinde,dateinde,gemeinde,wplnaameinde,blplaatseinde,blregioeinde,landgebiedeinde,omsloceinde) VALUES('15','3',null,null,null,null,null,null,null,null,null,null,null,null,null,null,null);
INSERT INTO kern.relatie (id,srt,dataanv,gemaanv,wplnaamaanv,blplaatsaanv,blregioaanv,landgebiedaanv,omslocaanv,rdneinde,dateinde,gemeinde,wplnaameinde,blplaatseinde,blregioeinde,landgebiedeinde,omsloceinde) VALUES('16','2','20031010','1431',null,null,null,'255','Modernodam',null,null,null,null,null,null,null,null);
INSERT INTO kern.relatie (id,srt,dataanv,gemaanv,wplnaamaanv,blplaatsaanv,blregioaanv,landgebiedaanv,omslocaanv,rdneinde,dateinde,gemeinde,wplnaameinde,blplaatseinde,blregioeinde,landgebiedeinde,omsloceinde) VALUES('17','3',null,null,null,null,null,null,null,null,null,null,null,null,null,null,null);
INSERT INTO kern.relatie (id,srt,dataanv,gemaanv,wplnaamaanv,blplaatsaanv,blregioaanv,landgebiedaanv,omslocaanv,rdneinde,dateinde,gemeinde,wplnaameinde,blplaatseinde,blregioeinde,landgebiedeinde,omsloceinde) VALUES('18','1','19450505','1431',null,null,null,'255','Modernodam',null,null,null,null,null,null,null,null);
INSERT INTO kern.relatie (id,srt,dataanv,gemaanv,wplnaamaanv,blplaatsaanv,blregioaanv,landgebiedaanv,omslocaanv,rdneinde,dateinde,gemeinde,wplnaameinde,blplaatseinde,blregioeinde,landgebiedeinde,omsloceinde) VALUES('19','1','20090505','1431',null,null,null,'255','Modernodam',null,null,null,null,null,null,null,null);
INSERT INTO kern.relatie (id,srt,dataanv,gemaanv,wplnaamaanv,blplaatsaanv,blregioaanv,landgebiedaanv,omslocaanv,rdneinde,dateinde,gemeinde,wplnaameinde,blplaatseinde,blregioeinde,landgebiedeinde,omsloceinde) VALUES('20','3',null,null,null,null,null,null,null,null,null,null,null,null,null,null,null);
INSERT INTO kern.relatie (id,srt,dataanv,gemaanv,wplnaamaanv,blplaatsaanv,blregioaanv,landgebiedaanv,omslocaanv,rdneinde,dateinde,gemeinde,wplnaameinde,blplaatseinde,blregioeinde,landgebiedeinde,omsloceinde) VALUES('21','3',null,null,null,null,null,null,null,null,null,null,null,null,null,null,null);

commit;


--------------------------------------------------
--- EIND
--- Sheet: (relatie)
--- Handler: SheetHandlerImplSimpleInsert
--- Aantal: (31)
--------------------------------------------------
--------------------------------------------------
--- START
--- Sheet: (his_relatie)
--- Handler: SheetHandlerImplSimpleInsert
--------------------------------------------------

begin;

INSERT INTO kern.his_relatie (id,relatie,tsreg,tsverval,actieinh,actieverval,dataanv,gemaanv,wplnaamaanv,blplaatsaanv,blregioaanv,landgebiedaanv,omslocaanv,rdneinde,dateinde,gemeinde,wplnaameinde,blplaatseinde,blregioeinde,landgebiedeinde,omsloceinde,nadereaandverval) VALUES('1','1','20030327',null,'501',null,'20030327','1431',null,null,null,'255','Modernodam',null,null,null,null,null,null,null,null,null);
INSERT INTO kern.his_relatie (id,relatie,tsreg,tsverval,actieinh,actieverval,dataanv,gemaanv,wplnaamaanv,blplaatsaanv,blregioaanv,landgebiedaanv,omslocaanv,rdneinde,dateinde,gemeinde,wplnaameinde,blplaatseinde,blregioeinde,landgebiedeinde,omsloceinde,nadereaandverval) VALUES('2','2','19901111',null,'502',null,'19901111','1431',null,null,null,'255','Modernodam',null,null,null,null,null,null,null,null,null);
INSERT INTO kern.his_relatie (id,relatie,tsreg,tsverval,actieinh,actieverval,dataanv,gemaanv,wplnaamaanv,blplaatsaanv,blregioaanv,landgebiedaanv,omslocaanv,rdneinde,dateinde,gemeinde,wplnaameinde,blplaatseinde,blregioeinde,landgebiedeinde,omsloceinde,nadereaandverval) VALUES('3','3','19970605','20120101','503','639','19970605','1431',null,null,null,'255','Modernodam',null,null,null,null,null,null,null,null,null);
INSERT INTO kern.his_relatie (id,relatie,tsreg,tsverval,actieinh,actieverval,dataanv,gemaanv,wplnaamaanv,blplaatsaanv,blregioaanv,landgebiedaanv,omslocaanv,rdneinde,dateinde,gemeinde,wplnaameinde,blplaatseinde,blregioeinde,landgebiedeinde,omsloceinde,nadereaandverval) VALUES('4','4','20031024',null,'504',null,'20031024','1431',null,null,null,'255','Modernodam',null,null,null,null,null,null,null,null,null);
INSERT INTO kern.his_relatie (id,relatie,tsreg,tsverval,actieinh,actieverval,dataanv,gemaanv,wplnaamaanv,blplaatsaanv,blregioaanv,landgebiedaanv,omslocaanv,rdneinde,dateinde,gemeinde,wplnaameinde,blplaatseinde,blregioeinde,landgebiedeinde,omsloceinde,nadereaandverval) VALUES('5','5','19960304','20121007','505','640','19960304','1431',null,null,null,'255','Modernodam',null,null,null,null,null,null,null,null,null);
INSERT INTO kern.his_relatie (id,relatie,tsreg,tsverval,actieinh,actieverval,dataanv,gemaanv,wplnaamaanv,blplaatsaanv,blregioaanv,landgebiedaanv,omslocaanv,rdneinde,dateinde,gemeinde,wplnaameinde,blplaatseinde,blregioeinde,landgebiedeinde,omsloceinde,nadereaandverval) VALUES('9','9','19800610',null,'630',null,'19800610','1431',null,null,null,'255','Modernodam',null,null,null,null,null,null,null,null,null);
INSERT INTO kern.his_relatie (id,relatie,tsreg,tsverval,actieinh,actieverval,dataanv,gemaanv,wplnaamaanv,blplaatsaanv,blregioaanv,landgebiedaanv,omslocaanv,rdneinde,dateinde,gemeinde,wplnaameinde,blplaatseinde,blregioeinde,landgebiedeinde,omsloceinde,nadereaandverval) VALUES('10','10','19810425',null,'631',null,'19810425','1431',null,null,null,'255','Modernodam',null,null,null,null,null,null,null,null,null);
INSERT INTO kern.his_relatie (id,relatie,tsreg,tsverval,actieinh,actieverval,dataanv,gemaanv,wplnaamaanv,blplaatsaanv,blregioaanv,landgebiedaanv,omslocaanv,rdneinde,dateinde,gemeinde,wplnaameinde,blplaatseinde,blregioeinde,landgebiedeinde,omsloceinde,nadereaandverval) VALUES('11','11','19760701',null,'632',null,'19760701','1431',null,null,null,'255','Modernodam',null,null,null,null,null,null,null,null,null);
INSERT INTO kern.his_relatie (id,relatie,tsreg,tsverval,actieinh,actieverval,dataanv,gemaanv,wplnaamaanv,blplaatsaanv,blregioaanv,landgebiedaanv,omslocaanv,rdneinde,dateinde,gemeinde,wplnaameinde,blplaatseinde,blregioeinde,landgebiedeinde,omsloceinde,nadereaandverval) VALUES('14','14','20060315',null,'633',null,'20060315','1431',null,null,null,'255','Modernodam',null,null,null,null,null,null,null,null,null);
INSERT INTO kern.his_relatie (id,relatie,tsreg,tsverval,actieinh,actieverval,dataanv,gemaanv,wplnaamaanv,blplaatsaanv,blregioaanv,landgebiedaanv,omslocaanv,rdneinde,dateinde,gemeinde,wplnaameinde,blplaatseinde,blregioeinde,landgebiedeinde,omsloceinde,nadereaandverval) VALUES('16','16','20031010',null,'637',null,'20031010','1431',null,null,null,'255','Modernodam',null,null,null,null,null,null,null,null,null);
INSERT INTO kern.his_relatie (id,relatie,tsreg,tsverval,actieinh,actieverval,dataanv,gemaanv,wplnaamaanv,blplaatsaanv,blregioaanv,landgebiedaanv,omslocaanv,rdneinde,dateinde,gemeinde,wplnaameinde,blplaatseinde,blregioeinde,landgebiedeinde,omsloceinde,nadereaandverval) VALUES('17','3','20120101',null,'639',null,'19970605','1431',null,null,null,'255','Modernodam','6','20120101',null,null,null,null,null,null,null);
INSERT INTO kern.his_relatie (id,relatie,tsreg,tsverval,actieinh,actieverval,dataanv,gemaanv,wplnaamaanv,blplaatsaanv,blregioaanv,landgebiedaanv,omslocaanv,rdneinde,dateinde,gemeinde,wplnaameinde,blplaatseinde,blregioeinde,landgebiedeinde,omsloceinde,nadereaandverval) VALUES('18','5','20121005',null,'640',null,'19960304','1431',null,null,null,'255','Modernodam','6','20121004',null,null,null,null,null,null,null);
INSERT INTO kern.his_relatie (id,relatie,tsreg,tsverval,actieinh,actieverval,dataanv,gemaanv,wplnaamaanv,blplaatsaanv,blregioaanv,landgebiedaanv,omslocaanv,rdneinde,dateinde,gemeinde,wplnaameinde,blplaatseinde,blregioeinde,landgebiedeinde,omsloceinde,nadereaandverval) VALUES('19','18','19450505',null,'641',null,'19450505','1431',null,null,null,'255','Modernodam',null,null,null,null,null,null,null,null,null);
INSERT INTO kern.his_relatie (id,relatie,tsreg,tsverval,actieinh,actieverval,dataanv,gemaanv,wplnaamaanv,blplaatsaanv,blregioaanv,landgebiedaanv,omslocaanv,rdneinde,dateinde,gemeinde,wplnaameinde,blplaatseinde,blregioeinde,landgebiedeinde,omsloceinde,nadereaandverval) VALUES('20','19','20090505',null,'642',null,'20090505','1431',null,null,null,'255','Modernodam',null,null,null,null,null,null,null,null,null);

commit;


--------------------------------------------------
--- EIND
--- Sheet: (his_relatie)
--- Handler: SheetHandlerImplSimpleInsert
--- Aantal: (24)
--------------------------------------------------
--------------------------------------------------
--- START
--- Sheet: (betr)
--- Handler: SheetHandlerImplSimpleInsert
--------------------------------------------------

begin;

INSERT INTO kern.betr (id,relatie,rol,pers,indouder,indouderheeftgezag,indouderuitwiekindisgeboren) VALUES('1','1','3','1',null,null,null);
INSERT INTO kern.betr (id,relatie,rol,pers,indouder,indouderheeftgezag,indouderuitwiekindisgeboren) VALUES('2','1','3','2',null,null,null);
INSERT INTO kern.betr (id,relatie,rol,pers,indouder,indouderheeftgezag,indouderuitwiekindisgeboren) VALUES('3','2','3','3',null,null,null);
INSERT INTO kern.betr (id,relatie,rol,pers,indouder,indouderheeftgezag,indouderuitwiekindisgeboren) VALUES('4','2','3','4',null,null,null);
INSERT INTO kern.betr (id,relatie,rol,pers,indouder,indouderheeftgezag,indouderuitwiekindisgeboren) VALUES('5','3','3','5',null,null,null);
INSERT INTO kern.betr (id,relatie,rol,pers,indouder,indouderheeftgezag,indouderuitwiekindisgeboren) VALUES('6','3','3','6',null,null,null);
INSERT INTO kern.betr (id,relatie,rol,pers,indouder,indouderheeftgezag,indouderuitwiekindisgeboren) VALUES('7','4','3','7',null,null,null);
INSERT INTO kern.betr (id,relatie,rol,pers,indouder,indouderheeftgezag,indouderuitwiekindisgeboren) VALUES('8','4','3','8',null,null,null);
INSERT INTO kern.betr (id,relatie,rol,pers,indouder,indouderheeftgezag,indouderuitwiekindisgeboren) VALUES('9','5','3','10',null,null,null);
INSERT INTO kern.betr (id,relatie,rol,pers,indouder,indouderheeftgezag,indouderuitwiekindisgeboren) VALUES('10','5','3','11',null,null,null);
INSERT INTO kern.betr (id,relatie,rol,pers,indouder,indouderheeftgezag,indouderuitwiekindisgeboren) VALUES('11','6','2','5','true','true',null);
INSERT INTO kern.betr (id,relatie,rol,pers,indouder,indouderheeftgezag,indouderuitwiekindisgeboren) VALUES('12','6','2','6','true','true',null);
INSERT INTO kern.betr (id,relatie,rol,pers,indouder,indouderheeftgezag,indouderuitwiekindisgeboren) VALUES('13','6','1','9',null,null,null);
INSERT INTO kern.betr (id,relatie,rol,pers,indouder,indouderheeftgezag,indouderuitwiekindisgeboren) VALUES('14','7','2','10','true','true',null);
INSERT INTO kern.betr (id,relatie,rol,pers,indouder,indouderheeftgezag,indouderuitwiekindisgeboren) VALUES('15','7','2','11','true','true',null);
INSERT INTO kern.betr (id,relatie,rol,pers,indouder,indouderheeftgezag,indouderuitwiekindisgeboren) VALUES('16','7','1','14',null,null,null);
INSERT INTO kern.betr (id,relatie,rol,pers,indouder,indouderheeftgezag,indouderuitwiekindisgeboren) VALUES('17','8','2','42','true','true',null);
INSERT INTO kern.betr (id,relatie,rol,pers,indouder,indouderheeftgezag,indouderuitwiekindisgeboren) VALUES('18','8','2','43','true','true',null);
INSERT INTO kern.betr (id,relatie,rol,pers,indouder,indouderheeftgezag,indouderuitwiekindisgeboren) VALUES('19','8','1','28',null,null,null);
INSERT INTO kern.betr (id,relatie,rol,pers,indouder,indouderheeftgezag,indouderuitwiekindisgeboren) VALUES('20','8','2','44',null,null,null);
INSERT INTO kern.betr (id,relatie,rol,pers,indouder,indouderheeftgezag,indouderuitwiekindisgeboren) VALUES('21','8','2','45',null,null,null);
INSERT INTO kern.betr (id,relatie,rol,pers,indouder,indouderheeftgezag,indouderuitwiekindisgeboren) VALUES('22','9','3','42',null,null,null);
INSERT INTO kern.betr (id,relatie,rol,pers,indouder,indouderheeftgezag,indouderuitwiekindisgeboren) VALUES('23','9','3','43',null,null,null);
INSERT INTO kern.betr (id,relatie,rol,pers,indouder,indouderheeftgezag,indouderuitwiekindisgeboren) VALUES('24','10','3','44',null,null,null);
INSERT INTO kern.betr (id,relatie,rol,pers,indouder,indouderheeftgezag,indouderuitwiekindisgeboren) VALUES('25','10','3','45',null,null,null);
INSERT INTO kern.betr (id,relatie,rol,pers,indouder,indouderheeftgezag,indouderuitwiekindisgeboren) VALUES('26','11','3','32',null,null,null);
INSERT INTO kern.betr (id,relatie,rol,pers,indouder,indouderheeftgezag,indouderuitwiekindisgeboren) VALUES('27','11','3','33',null,null,null);
INSERT INTO kern.betr (id,relatie,rol,pers,indouder,indouderheeftgezag,indouderuitwiekindisgeboren) VALUES('28','12','2','35','true','true',null);
INSERT INTO kern.betr (id,relatie,rol,pers,indouder,indouderheeftgezag,indouderuitwiekindisgeboren) VALUES('29','12','2','36','true','true',null);
INSERT INTO kern.betr (id,relatie,rol,pers,indouder,indouderheeftgezag,indouderuitwiekindisgeboren) VALUES('30','12','1','37',null,null,null);
INSERT INTO kern.betr (id,relatie,rol,pers,indouder,indouderheeftgezag,indouderuitwiekindisgeboren) VALUES('31','13','2','35','true','true',null);
INSERT INTO kern.betr (id,relatie,rol,pers,indouder,indouderheeftgezag,indouderuitwiekindisgeboren) VALUES('32','13','2','36','true','true',null);
INSERT INTO kern.betr (id,relatie,rol,pers,indouder,indouderheeftgezag,indouderuitwiekindisgeboren) VALUES('33','13','1','38',null,null,null);
INSERT INTO kern.betr (id,relatie,rol,pers,indouder,indouderheeftgezag,indouderuitwiekindisgeboren) VALUES('34','14','3','35',null,null,null);
INSERT INTO kern.betr (id,relatie,rol,pers,indouder,indouderheeftgezag,indouderuitwiekindisgeboren) VALUES('35','14','3','36',null,null,null);
INSERT INTO kern.betr (id,relatie,rol,pers,indouder,indouderheeftgezag,indouderuitwiekindisgeboren) VALUES('36','15','1','6',null,null,null);
INSERT INTO kern.betr (id,relatie,rol,pers,indouder,indouderheeftgezag,indouderuitwiekindisgeboren) VALUES('37','15','2','11','true','true',null);
INSERT INTO kern.betr (id,relatie,rol,pers,indouder,indouderheeftgezag,indouderuitwiekindisgeboren) VALUES('38','16','3','16',null,null,null);
INSERT INTO kern.betr (id,relatie,rol,pers,indouder,indouderheeftgezag,indouderuitwiekindisgeboren) VALUES('39','16','3','17',null,null,null);
INSERT INTO kern.betr (id,relatie,rol,pers,indouder,indouderheeftgezag,indouderuitwiekindisgeboren) VALUES('40','17','2','15','true','true',null);
INSERT INTO kern.betr (id,relatie,rol,pers,indouder,indouderheeftgezag,indouderuitwiekindisgeboren) VALUES('41','17','2','14','true','true',null);
INSERT INTO kern.betr (id,relatie,rol,pers,indouder,indouderheeftgezag,indouderuitwiekindisgeboren) VALUES('42','17','1','26',null,null,null);
INSERT INTO kern.betr (id,relatie,rol,pers,indouder,indouderheeftgezag,indouderuitwiekindisgeboren) VALUES('43','18','3','29',null,null,null);
INSERT INTO kern.betr (id,relatie,rol,pers,indouder,indouderheeftgezag,indouderuitwiekindisgeboren) VALUES('44','18','3','30',null,null,null);
INSERT INTO kern.betr (id,relatie,rol,pers,indouder,indouderheeftgezag,indouderuitwiekindisgeboren) VALUES('45','19','3','38',null,null,null);
INSERT INTO kern.betr (id,relatie,rol,pers,indouder,indouderheeftgezag,indouderuitwiekindisgeboren) VALUES('46','19','3','28',null,null,null);
INSERT INTO kern.betr (id,relatie,rol,pers,indouder,indouderheeftgezag,indouderuitwiekindisgeboren) VALUES('47','20','2','29','true','true',null);
INSERT INTO kern.betr (id,relatie,rol,pers,indouder,indouderheeftgezag,indouderuitwiekindisgeboren) VALUES('48','20','2','30','true','true',null);
INSERT INTO kern.betr (id,relatie,rol,pers,indouder,indouderheeftgezag,indouderuitwiekindisgeboren) VALUES('49','20','1','36',null,null,null);
INSERT INTO kern.betr (id,relatie,rol,pers,indouder,indouderheeftgezag,indouderuitwiekindisgeboren) VALUES('50','21','2','38','true','true',null);
INSERT INTO kern.betr (id,relatie,rol,pers,indouder,indouderheeftgezag,indouderuitwiekindisgeboren) VALUES('51','21','2','28','true','true',null);
INSERT INTO kern.betr (id,relatie,rol,pers,indouder,indouderheeftgezag,indouderuitwiekindisgeboren) VALUES('52','21','1','40',null,null,null);

commit;


--------------------------------------------------
--- EIND
--- Sheet: (betr)
--- Handler: SheetHandlerImplSimpleInsert
--- Aantal: (62)
--------------------------------------------------
--------------------------------------------------
--- START
--- Sheet: (His_OuderOuderlijkGezag)
--- Handler: SheetHandlerImplSimpleInsert
--------------------------------------------------

begin;

INSERT INTO kern.his_ouderouderlijkgezag (id,betr,dataanvgel,dateindegel,tsreg,tsverval,actieinh,actieverval,actieaanpgel,indouderheeftgezag,nadereaandverval) VALUES('11','11','20031226',null,'20031226',null,'500',null,null,'true',null);
INSERT INTO kern.his_ouderouderlijkgezag (id,betr,dataanvgel,dateindegel,tsreg,tsverval,actieinh,actieverval,actieaanpgel,indouderheeftgezag,nadereaandverval) VALUES('12','12','20031226',null,'20031226',null,'500',null,null,'true',null);
INSERT INTO kern.his_ouderouderlijkgezag (id,betr,dataanvgel,dateindegel,tsreg,tsverval,actieinh,actieverval,actieaanpgel,indouderheeftgezag,nadereaandverval) VALUES('14','14','19910911',null,'19910911',null,'627',null,null,'true',null);
INSERT INTO kern.his_ouderouderlijkgezag (id,betr,dataanvgel,dateindegel,tsreg,tsverval,actieinh,actieverval,actieaanpgel,indouderheeftgezag,nadereaandverval) VALUES('15','15','19910911',null,'19910911',null,'627',null,null,'true',null);
INSERT INTO kern.his_ouderouderlijkgezag (id,betr,dataanvgel,dateindegel,tsreg,tsverval,actieinh,actieverval,actieaanpgel,indouderheeftgezag,nadereaandverval) VALUES('17','17','20001022',null,'20001022',null,'628',null,null,'true',null);
INSERT INTO kern.his_ouderouderlijkgezag (id,betr,dataanvgel,dateindegel,tsreg,tsverval,actieinh,actieverval,actieaanpgel,indouderheeftgezag,nadereaandverval) VALUES('18','18','20001022',null,'20001022',null,'628',null,null,'true',null);
INSERT INTO kern.his_ouderouderlijkgezag (id,betr,dataanvgel,dateindegel,tsreg,tsverval,actieinh,actieverval,actieaanpgel,indouderheeftgezag,nadereaandverval) VALUES('20','20','19900722',null,'19900722','20001022','626','628',null,'true',null);
INSERT INTO kern.his_ouderouderlijkgezag (id,betr,dataanvgel,dateindegel,tsreg,tsverval,actieinh,actieverval,actieaanpgel,indouderheeftgezag,nadereaandverval) VALUES('120','20','19900722','20001022','20001022',null,'626',null,'628','true',null);
INSERT INTO kern.his_ouderouderlijkgezag (id,betr,dataanvgel,dateindegel,tsreg,tsverval,actieinh,actieverval,actieaanpgel,indouderheeftgezag,nadereaandverval) VALUES('21','21','19900722',null,'19900722','20001022','626','628',null,'true',null);
INSERT INTO kern.his_ouderouderlijkgezag (id,betr,dataanvgel,dateindegel,tsreg,tsverval,actieinh,actieverval,actieaanpgel,indouderheeftgezag,nadereaandverval) VALUES('121','21','19900722','20001022','20001022',null,'626',null,'628','true',null);
INSERT INTO kern.his_ouderouderlijkgezag (id,betr,dataanvgel,dateindegel,tsreg,tsverval,actieinh,actieverval,actieaanpgel,indouderheeftgezag,nadereaandverval) VALUES('28','28','20050112',null,'20050112',null,'634',null,null,'true',null);
INSERT INTO kern.his_ouderouderlijkgezag (id,betr,dataanvgel,dateindegel,tsreg,tsverval,actieinh,actieverval,actieaanpgel,indouderheeftgezag,nadereaandverval) VALUES('29','29','20050112',null,'20050112',null,'634',null,null,'true',null);
INSERT INTO kern.his_ouderouderlijkgezag (id,betr,dataanvgel,dateindegel,tsreg,tsverval,actieinh,actieverval,actieaanpgel,indouderheeftgezag,nadereaandverval) VALUES('31','31','20051201',null,'20051201',null,'635',null,null,'true',null);
INSERT INTO kern.his_ouderouderlijkgezag (id,betr,dataanvgel,dateindegel,tsreg,tsverval,actieinh,actieverval,actieaanpgel,indouderheeftgezag,nadereaandverval) VALUES('32','32','20051201',null,'20051201',null,'635',null,null,'true',null);
INSERT INTO kern.his_ouderouderlijkgezag (id,betr,dataanvgel,dateindegel,tsreg,tsverval,actieinh,actieverval,actieaanpgel,indouderheeftgezag,nadereaandverval) VALUES('33','37','19951003',null,'19951003',null,'636',null,null,'true',null);
INSERT INTO kern.his_ouderouderlijkgezag (id,betr,dataanvgel,dateindegel,tsreg,tsverval,actieinh,actieverval,actieaanpgel,indouderheeftgezag,nadereaandverval) VALUES('34','40','20050112',null,'20050112',null,'638',null,null,'true',null);
INSERT INTO kern.his_ouderouderlijkgezag (id,betr,dataanvgel,dateindegel,tsreg,tsverval,actieinh,actieverval,actieaanpgel,indouderheeftgezag,nadereaandverval) VALUES('35','41','20050112',null,'20050112',null,'638',null,null,'true',null);
INSERT INTO kern.his_ouderouderlijkgezag (id,betr,dataanvgel,dateindegel,tsreg,tsverval,actieinh,actieverval,actieaanpgel,indouderheeftgezag,nadereaandverval) VALUES('36','47','19851011',null,'19851011',null,'643',null,null,'true',null);
INSERT INTO kern.his_ouderouderlijkgezag (id,betr,dataanvgel,dateindegel,tsreg,tsverval,actieinh,actieverval,actieaanpgel,indouderheeftgezag,nadereaandverval) VALUES('37','48','19851011',null,'19851011',null,'643',null,null,'true',null);
INSERT INTO kern.his_ouderouderlijkgezag (id,betr,dataanvgel,dateindegel,tsreg,tsverval,actieinh,actieverval,actieaanpgel,indouderheeftgezag,nadereaandverval) VALUES('38','51','20051201',null,'20051201',null,'644',null,null,'true',null);
INSERT INTO kern.his_ouderouderlijkgezag (id,betr,dataanvgel,dateindegel,tsreg,tsverval,actieinh,actieverval,actieaanpgel,indouderheeftgezag,nadereaandverval) VALUES('39','50','20051201',null,'20051201',null,'644',null,null,'true',null);

commit;


--------------------------------------------------
--- EIND
--- Sheet: (His_OuderOuderlijkGezag)
--- Handler: SheetHandlerImplSimpleInsert
--- Aantal: (30)
--------------------------------------------------
--------------------------------------------------
--- START
--- Sheet: (His_OuderOuderschap)
--- Handler: SheetHandlerImplSimpleInsert
--------------------------------------------------

begin;

INSERT INTO kern.his_ouderouderschap (id,betr,dataanvgel,dateindegel,tsreg,tsverval,actieinh,actieverval,actieaanpgel,indouder,indouderuitwiekindisgeboren,nadereaandverval) VALUES('11','11','20031226',null,'20031226',null,'500',null,null,'true',null,null);
INSERT INTO kern.his_ouderouderschap (id,betr,dataanvgel,dateindegel,tsreg,tsverval,actieinh,actieverval,actieaanpgel,indouder,indouderuitwiekindisgeboren,nadereaandverval) VALUES('12','12','20031226',null,'20031226',null,'500',null,null,'true',null,null);
INSERT INTO kern.his_ouderouderschap (id,betr,dataanvgel,dateindegel,tsreg,tsverval,actieinh,actieverval,actieaanpgel,indouder,indouderuitwiekindisgeboren,nadereaandverval) VALUES('14','14','19910911',null,'19910911',null,'627',null,null,'true',null,null);
INSERT INTO kern.his_ouderouderschap (id,betr,dataanvgel,dateindegel,tsreg,tsverval,actieinh,actieverval,actieaanpgel,indouder,indouderuitwiekindisgeboren,nadereaandverval) VALUES('15','15','19910911',null,'19910911',null,'627',null,null,'true',null,null);
INSERT INTO kern.his_ouderouderschap (id,betr,dataanvgel,dateindegel,tsreg,tsverval,actieinh,actieverval,actieaanpgel,indouder,indouderuitwiekindisgeboren,nadereaandverval) VALUES('17','17','20001022',null,'20001022',null,'628',null,null,'true',null,null);
INSERT INTO kern.his_ouderouderschap (id,betr,dataanvgel,dateindegel,tsreg,tsverval,actieinh,actieverval,actieaanpgel,indouder,indouderuitwiekindisgeboren,nadereaandverval) VALUES('18','18','20001022',null,'20001022',null,'628',null,null,'true',null,null);
INSERT INTO kern.his_ouderouderschap (id,betr,dataanvgel,dateindegel,tsreg,tsverval,actieinh,actieverval,actieaanpgel,indouder,indouderuitwiekindisgeboren,nadereaandverval) VALUES('20','20','19900722',null,'19900722','20001022','626','628',null,'true',null,null);
INSERT INTO kern.his_ouderouderschap (id,betr,dataanvgel,dateindegel,tsreg,tsverval,actieinh,actieverval,actieaanpgel,indouder,indouderuitwiekindisgeboren,nadereaandverval) VALUES('120','20','19900722','20001022','20001022',null,'626',null,'628','true',null,null);
INSERT INTO kern.his_ouderouderschap (id,betr,dataanvgel,dateindegel,tsreg,tsverval,actieinh,actieverval,actieaanpgel,indouder,indouderuitwiekindisgeboren,nadereaandverval) VALUES('21','21','19900722',null,'19900722','20001022','626','628',null,'true',null,null);
INSERT INTO kern.his_ouderouderschap (id,betr,dataanvgel,dateindegel,tsreg,tsverval,actieinh,actieverval,actieaanpgel,indouder,indouderuitwiekindisgeboren,nadereaandverval) VALUES('121','21','19900722','20001022','20001022',null,'626',null,'628','true',null,null);
INSERT INTO kern.his_ouderouderschap (id,betr,dataanvgel,dateindegel,tsreg,tsverval,actieinh,actieverval,actieaanpgel,indouder,indouderuitwiekindisgeboren,nadereaandverval) VALUES('28','28','20050112',null,'20050112',null,'634',null,null,'true',null,null);
INSERT INTO kern.his_ouderouderschap (id,betr,dataanvgel,dateindegel,tsreg,tsverval,actieinh,actieverval,actieaanpgel,indouder,indouderuitwiekindisgeboren,nadereaandverval) VALUES('29','29','20050112',null,'20050112',null,'634',null,null,'true',null,null);
INSERT INTO kern.his_ouderouderschap (id,betr,dataanvgel,dateindegel,tsreg,tsverval,actieinh,actieverval,actieaanpgel,indouder,indouderuitwiekindisgeboren,nadereaandverval) VALUES('31','31','20051201',null,'20051201',null,'635',null,null,'true',null,null);
INSERT INTO kern.his_ouderouderschap (id,betr,dataanvgel,dateindegel,tsreg,tsverval,actieinh,actieverval,actieaanpgel,indouder,indouderuitwiekindisgeboren,nadereaandverval) VALUES('32','32','20051201',null,'20051201',null,'635',null,null,'true',null,null);
INSERT INTO kern.his_ouderouderschap (id,betr,dataanvgel,dateindegel,tsreg,tsverval,actieinh,actieverval,actieaanpgel,indouder,indouderuitwiekindisgeboren,nadereaandverval) VALUES('33','37','19951003',null,'19951003',null,'636',null,null,'true',null,null);
INSERT INTO kern.his_ouderouderschap (id,betr,dataanvgel,dateindegel,tsreg,tsverval,actieinh,actieverval,actieaanpgel,indouder,indouderuitwiekindisgeboren,nadereaandverval) VALUES('34','40','20050112',null,'20050112',null,'638',null,null,'true',null,null);
INSERT INTO kern.his_ouderouderschap (id,betr,dataanvgel,dateindegel,tsreg,tsverval,actieinh,actieverval,actieaanpgel,indouder,indouderuitwiekindisgeboren,nadereaandverval) VALUES('35','41','20050112',null,'20050112',null,'638',null,null,'true',null,null);
INSERT INTO kern.his_ouderouderschap (id,betr,dataanvgel,dateindegel,tsreg,tsverval,actieinh,actieverval,actieaanpgel,indouder,indouderuitwiekindisgeboren,nadereaandverval) VALUES('36','47','19851011',null,'19851011',null,'643',null,null,'true',null,null);
INSERT INTO kern.his_ouderouderschap (id,betr,dataanvgel,dateindegel,tsreg,tsverval,actieinh,actieverval,actieaanpgel,indouder,indouderuitwiekindisgeboren,nadereaandverval) VALUES('37','48','19851011',null,'19851011',null,'643',null,null,'true',null,null);
INSERT INTO kern.his_ouderouderschap (id,betr,dataanvgel,dateindegel,tsreg,tsverval,actieinh,actieverval,actieaanpgel,indouder,indouderuitwiekindisgeboren,nadereaandverval) VALUES('38','51','20051201',null,'20051201',null,'644',null,null,'true',null,null);
INSERT INTO kern.his_ouderouderschap (id,betr,dataanvgel,dateindegel,tsreg,tsverval,actieinh,actieverval,actieaanpgel,indouder,indouderuitwiekindisgeboren,nadereaandverval) VALUES('39','50','20051201',null,'20051201',null,'644',null,null,'true',null,null);

commit;


--------------------------------------------------
--- EIND
--- Sheet: (His_OuderOuderschap)
--- Handler: SheetHandlerImplSimpleInsert
--- Aantal: (30)
--------------------------------------------------
--------------------------------------------------
--- Sheet: (24) (update statements) wordt overgeslagen
--------------------------------------------------
--------------------------------------------------
--- START
--- Sheet: (persindicatie)
--- Handler: SheetHandlerImplSimpleInsert
--------------------------------------------------

begin;

INSERT INTO kern.persindicatie (id,pers,srt,waarde) VALUES('2','2','2','true');
INSERT INTO kern.persindicatie (id,pers,srt,waarde) VALUES('12','13','2','true');
INSERT INTO kern.persindicatie (id,pers,srt,waarde) VALUES('13','13','3','true');
INSERT INTO kern.persindicatie (id,pers,srt,waarde) VALUES('25','25','2','true');

commit;


--------------------------------------------------
--- EIND
--- Sheet: (persindicatie)
--- Handler: SheetHandlerImplSimpleInsert
--- Aantal: (5)
--------------------------------------------------
--------------------------------------------------
--- START
--- Sheet: (his_persindicatie)
--- Handler: SheetHandlerImplSimpleInsert
--------------------------------------------------

begin;

INSERT INTO kern.his_persindicatie (id,persindicatie,dataanvgel,dateindegel,tsreg,tsverval,actieinh,actieverval,actieaanpgel,waarde,nadereaandverval) VALUES('2','2','19820528',null,'19820528',null,'624',null,null,'true',null);
INSERT INTO kern.his_persindicatie (id,persindicatie,dataanvgel,dateindegel,tsreg,tsverval,actieinh,actieverval,actieaanpgel,waarde,nadereaandverval) VALUES('12','12','19550602',null,'19550602',null,'625',null,null,'true',null);
INSERT INTO kern.his_persindicatie (id,persindicatie,dataanvgel,dateindegel,tsreg,tsverval,actieinh,actieverval,actieaanpgel,waarde,nadereaandverval) VALUES('13','13','19550602',null,'19550602',null,'645',null,null,'true',null);
INSERT INTO kern.his_persindicatie (id,persindicatie,dataanvgel,dateindegel,tsreg,tsverval,actieinh,actieverval,actieaanpgel,waarde,nadereaandverval) VALUES('25','25','19770401',null,'19770401',null,'646',null,null,'true',null);

commit;


--------------------------------------------------
--- EIND
--- Sheet: (his_persindicatie)
--- Handler: SheetHandlerImplSimpleInsert
--- Aantal: (5)
--------------------------------------------------
--------------------------------------------------
--- START
--- Sheet: (persvoornaam)
--- Handler: SheetHandlerImplSimpleInsert
--------------------------------------------------

begin;

INSERT INTO kern.persvoornaam (naam,id,pers,volgnr) VALUES('Cees','1','1','1');
INSERT INTO kern.persvoornaam (naam,id,pers,volgnr) VALUES('Paula','2','2','1');
INSERT INTO kern.persvoornaam (naam,id,pers,volgnr) VALUES('Christoffel','3','3','1');
INSERT INTO kern.persvoornaam (naam,id,pers,volgnr) VALUES('Eleonora','4','4','1');
INSERT INTO kern.persvoornaam (naam,id,pers,volgnr) VALUES('Albert','5','5','1');
INSERT INTO kern.persvoornaam (naam,id,pers,volgnr) VALUES('Anne-Marie','6','6','1');
INSERT INTO kern.persvoornaam (naam,id,pers,volgnr) VALUES('Henk','7','7','1');
INSERT INTO kern.persvoornaam (naam,id,pers,volgnr) VALUES('Anna','8','8','1');
INSERT INTO kern.persvoornaam (naam,id,pers,volgnr) VALUES('Miranda','9','9','1');
INSERT INTO kern.persvoornaam (naam,id,pers,volgnr) VALUES('John','10','10','1');
INSERT INTO kern.persvoornaam (naam,id,pers,volgnr) VALUES('Dorothea','11','11','1');
INSERT INTO kern.persvoornaam (naam,id,pers,volgnr) VALUES('Bas','12','12','1');
INSERT INTO kern.persvoornaam (naam,id,pers,volgnr) VALUES('Hendrika','13','13','1');
INSERT INTO kern.persvoornaam (naam,id,pers,volgnr) VALUES('Jan','14','14','1');
INSERT INTO kern.persvoornaam (naam,id,pers,volgnr) VALUES('Petronella','15','15','1');
INSERT INTO kern.persvoornaam (naam,id,pers,volgnr) VALUES('Maria','16','16','1');
INSERT INTO kern.persvoornaam (naam,id,pers,volgnr) VALUES('Pieter','17','17','1');
INSERT INTO kern.persvoornaam (naam,id,pers,volgnr) VALUES('Petronellaatje','18','18','1');
INSERT INTO kern.persvoornaam (naam,id,pers,volgnr) VALUES('Sanne','19','19','1');
INSERT INTO kern.persvoornaam (naam,id,pers,volgnr) VALUES('Hanna','20','20','1');
INSERT INTO kern.persvoornaam (naam,id,pers,volgnr) VALUES('Sander','21','21','1');
INSERT INTO kern.persvoornaam (naam,id,pers,volgnr) VALUES('Ellen','22','22','1');
INSERT INTO kern.persvoornaam (naam,id,pers,volgnr) VALUES('Christian','23','23','1');
INSERT INTO kern.persvoornaam (naam,id,pers,volgnr) VALUES('Anja','24','24','1');
INSERT INTO kern.persvoornaam (naam,id,pers,volgnr) VALUES('Karel','25','25','1');
INSERT INTO kern.persvoornaam (naam,id,pers,volgnr) VALUES('Helen','26','26','1');
INSERT INTO kern.persvoornaam (naam,id,pers,volgnr) VALUES('Sander','27','27','1');
INSERT INTO kern.persvoornaam (naam,id,pers,volgnr) VALUES('Violet','28','28','1');
INSERT INTO kern.persvoornaam (naam,id,pers,volgnr) VALUES('Violetta','29','29','1');
INSERT INTO kern.persvoornaam (naam,id,pers,volgnr) VALUES('Tanja','30','30','1');
INSERT INTO kern.persvoornaam (naam,id,pers,volgnr) VALUES('Berend','31','31','1');
INSERT INTO kern.persvoornaam (naam,id,pers,volgnr) VALUES('Mike','32','32','1');
INSERT INTO kern.persvoornaam (naam,id,pers,volgnr) VALUES('Sanne','33','33','1');
INSERT INTO kern.persvoornaam (naam,id,pers,volgnr) VALUES('Josje','34','34','1');
INSERT INTO kern.persvoornaam (naam,id,pers,volgnr) VALUES('Anna','35','35','1');
INSERT INTO kern.persvoornaam (naam,id,pers,volgnr) VALUES('Gerard','36','36','1');
INSERT INTO kern.persvoornaam (naam,id,pers,volgnr) VALUES('Albert','37','37','1');
INSERT INTO kern.persvoornaam (naam,id,pers,volgnr) VALUES('Marijke','38','38','1');
INSERT INTO kern.persvoornaam (naam,id,pers,volgnr) VALUES('Geerte','39','39','1');
INSERT INTO kern.persvoornaam (naam,id,pers,volgnr) VALUES('Gert','40','40','1');
INSERT INTO kern.persvoornaam (naam,id,pers,volgnr) VALUES('Gijs','41','41','1');
INSERT INTO kern.persvoornaam (naam,id,pers,volgnr) VALUES('Guido','42','42','1');
INSERT INTO kern.persvoornaam (naam,id,pers,volgnr) VALUES('Annemieke','43','43','1');
INSERT INTO kern.persvoornaam (naam,id,pers,volgnr) VALUES('Maarten','44','44','1');
INSERT INTO kern.persvoornaam (naam,id,pers,volgnr) VALUES('Marion','45','45','1');
INSERT INTO kern.persvoornaam (naam,id,pers,volgnr) VALUES('Françoise','46','4','2');
INSERT INTO kern.persvoornaam (naam,id,pers,volgnr) VALUES('Maria','47','8','2');
INSERT INTO kern.persvoornaam (naam,id,pers,volgnr) VALUES('Petra','48','8','3');
INSERT INTO kern.persvoornaam (naam,id,pers,volgnr) VALUES('Isabella','49','13','2');
INSERT INTO kern.persvoornaam (naam,id,pers,volgnr) VALUES('Gerarda','50','13','3');
INSERT INTO kern.persvoornaam (naam,id,pers,volgnr) VALUES('Johanna','51','13','4');
INSERT INTO kern.persvoornaam (naam,id,pers,volgnr) VALUES('Christina','52','16','2');

commit;


--------------------------------------------------
--- EIND
--- Sheet: (persvoornaam)
--- Handler: SheetHandlerImplSimpleInsert
--- Aantal: (52)
--------------------------------------------------
--------------------------------------------------
--- START
--- Sheet: (his_persvoornaam)
--- Handler: SheetHandlerImplSimpleInsert
--------------------------------------------------

begin;

INSERT INTO kern.his_persvoornaam (id,persvoornaam,dataanvgel,dateindegel,tsreg,tsverval,actieinh,actieverval,nadereaandverval,actieaanpgel,naam) VALUES('1','1','19811002',null,'19811002',null,'1',null,null,null,'Cees');
INSERT INTO kern.his_persvoornaam (id,persvoornaam,dataanvgel,dateindegel,tsreg,tsverval,actieinh,actieverval,nadereaandverval,actieaanpgel,naam) VALUES('2','2','19820528',null,'19820528',null,'2',null,null,null,'Paula');
INSERT INTO kern.his_persvoornaam (id,persvoornaam,dataanvgel,dateindegel,tsreg,tsverval,actieinh,actieverval,nadereaandverval,actieaanpgel,naam) VALUES('3','3','19660302',null,'19660302',null,'3',null,null,null,'Christoffel');
INSERT INTO kern.his_persvoornaam (id,persvoornaam,dataanvgel,dateindegel,tsreg,tsverval,actieinh,actieverval,nadereaandverval,actieaanpgel,naam) VALUES('4','4','19691227',null,'19691227',null,'4',null,null,null,'Eleonora');
INSERT INTO kern.his_persvoornaam (id,persvoornaam,dataanvgel,dateindegel,tsreg,tsverval,actieinh,actieverval,nadereaandverval,actieaanpgel,naam) VALUES('5','5','19710717',null,'19710717',null,'5',null,null,null,'Albert');
INSERT INTO kern.his_persvoornaam (id,persvoornaam,dataanvgel,dateindegel,tsreg,tsverval,actieinh,actieverval,nadereaandverval,actieaanpgel,naam) VALUES('6','6','19720928',null,'19720928',null,'6',null,null,null,'Anne-Marie');
INSERT INTO kern.his_persvoornaam (id,persvoornaam,dataanvgel,dateindegel,tsreg,tsverval,actieinh,actieverval,nadereaandverval,actieaanpgel,naam) VALUES('7','7','19800616',null,'19800616',null,'7',null,null,null,'Henk');
INSERT INTO kern.his_persvoornaam (id,persvoornaam,dataanvgel,dateindegel,tsreg,tsverval,actieinh,actieverval,nadereaandverval,actieaanpgel,naam) VALUES('8','8','19810418',null,'19810418',null,'8',null,null,null,'Anna');
INSERT INTO kern.his_persvoornaam (id,persvoornaam,dataanvgel,dateindegel,tsreg,tsverval,actieinh,actieverval,nadereaandverval,actieaanpgel,naam) VALUES('9','9','19940101',null,'19940101',null,'9',null,null,null,'Miranda');
INSERT INTO kern.his_persvoornaam (id,persvoornaam,dataanvgel,dateindegel,tsreg,tsverval,actieinh,actieverval,nadereaandverval,actieaanpgel,naam) VALUES('10','10','19691231',null,'19691231',null,'10',null,null,null,'John');
INSERT INTO kern.his_persvoornaam (id,persvoornaam,dataanvgel,dateindegel,tsreg,tsverval,actieinh,actieverval,nadereaandverval,actieaanpgel,naam) VALUES('11','11','19690516',null,'19690516',null,'11',null,null,null,'Dorothea');
INSERT INTO kern.his_persvoornaam (id,persvoornaam,dataanvgel,dateindegel,tsreg,tsverval,actieinh,actieverval,nadereaandverval,actieaanpgel,naam) VALUES('12','12','19771210',null,'19771210',null,'12',null,null,null,'Bas');
INSERT INTO kern.his_persvoornaam (id,persvoornaam,dataanvgel,dateindegel,tsreg,tsverval,actieinh,actieverval,nadereaandverval,actieaanpgel,naam) VALUES('13','13','19550602',null,'19550602',null,'13',null,null,null,'Hendrika');
INSERT INTO kern.his_persvoornaam (id,persvoornaam,dataanvgel,dateindegel,tsreg,tsverval,actieinh,actieverval,nadereaandverval,actieaanpgel,naam) VALUES('14','14','19780611',null,'19780611',null,'14',null,null,null,'Jan');
INSERT INTO kern.his_persvoornaam (id,persvoornaam,dataanvgel,dateindegel,tsreg,tsverval,actieinh,actieverval,nadereaandverval,actieaanpgel,naam) VALUES('15','15','19880425',null,'19880425',null,'15',null,null,null,'Petronella');
INSERT INTO kern.his_persvoornaam (id,persvoornaam,dataanvgel,dateindegel,tsreg,tsverval,actieinh,actieverval,nadereaandverval,actieaanpgel,naam) VALUES('16','16','19881210',null,'19881210',null,'16',null,null,null,'Maria');
INSERT INTO kern.his_persvoornaam (id,persvoornaam,dataanvgel,dateindegel,tsreg,tsverval,actieinh,actieverval,nadereaandverval,actieaanpgel,naam) VALUES('17','17','19960523',null,'19960523',null,'17',null,null,null,'Pieter');
INSERT INTO kern.his_persvoornaam (id,persvoornaam,dataanvgel,dateindegel,tsreg,tsverval,actieinh,actieverval,nadereaandverval,actieaanpgel,naam) VALUES('18','18','19941005',null,'19941005',null,'18',null,null,null,'Petronellaatje');
INSERT INTO kern.his_persvoornaam (id,persvoornaam,dataanvgel,dateindegel,tsreg,tsverval,actieinh,actieverval,nadereaandverval,actieaanpgel,naam) VALUES('19','19','19941005',null,'19941005',null,'19',null,null,null,'Sanne');
INSERT INTO kern.his_persvoornaam (id,persvoornaam,dataanvgel,dateindegel,tsreg,tsverval,actieinh,actieverval,nadereaandverval,actieaanpgel,naam) VALUES('20','20','19760103',null,'19760103',null,'20',null,null,null,'Hanna');
INSERT INTO kern.his_persvoornaam (id,persvoornaam,dataanvgel,dateindegel,tsreg,tsverval,actieinh,actieverval,nadereaandverval,actieaanpgel,naam) VALUES('21','21','19961003',null,'19961003',null,'21',null,null,null,'Sander');
INSERT INTO kern.his_persvoornaam (id,persvoornaam,dataanvgel,dateindegel,tsreg,tsverval,actieinh,actieverval,nadereaandverval,actieaanpgel,naam) VALUES('22','22','19951003',null,'19951003',null,'22',null,null,null,'Ellen');
INSERT INTO kern.his_persvoornaam (id,persvoornaam,dataanvgel,dateindegel,tsreg,tsverval,actieinh,actieverval,nadereaandverval,actieaanpgel,naam) VALUES('23','23','19941003',null,'19941003',null,'23',null,null,null,'Christian');
INSERT INTO kern.his_persvoornaam (id,persvoornaam,dataanvgel,dateindegel,tsreg,tsverval,actieinh,actieverval,nadereaandverval,actieaanpgel,naam) VALUES('24','24','19770401',null,'19770401',null,'24',null,null,null,'Anja');
INSERT INTO kern.his_persvoornaam (id,persvoornaam,dataanvgel,dateindegel,tsreg,tsverval,actieinh,actieverval,nadereaandverval,actieaanpgel,naam) VALUES('25','25','19880611',null,'19880611',null,'25',null,null,null,'Karel');
INSERT INTO kern.his_persvoornaam (id,persvoornaam,dataanvgel,dateindegel,tsreg,tsverval,actieinh,actieverval,nadereaandverval,actieaanpgel,naam) VALUES('26','26','19910721',null,'19910721',null,'26',null,null,null,'Helen');
INSERT INTO kern.his_persvoornaam (id,persvoornaam,dataanvgel,dateindegel,tsreg,tsverval,actieinh,actieverval,nadereaandverval,actieaanpgel,naam) VALUES('27','27','19910911','20001022','19910911',null,'27',null,null,null,'Sander');
INSERT INTO kern.his_persvoornaam (id,persvoornaam,dataanvgel,dateindegel,tsreg,tsverval,actieinh,actieverval,nadereaandverval,actieaanpgel,naam) VALUES('28','28','19900722',null,'19900722',null,'28',null,null,null,'Violet');
INSERT INTO kern.his_persvoornaam (id,persvoornaam,dataanvgel,dateindegel,tsreg,tsverval,actieinh,actieverval,nadereaandverval,actieaanpgel,naam) VALUES('29','29','19200430',null,'19200430',null,'29',null,null,null,'Violetta');
INSERT INTO kern.his_persvoornaam (id,persvoornaam,dataanvgel,dateindegel,tsreg,tsverval,actieinh,actieverval,nadereaandverval,actieaanpgel,naam) VALUES('30','30','19220419',null,'19220419',null,'30',null,null,null,'Tanja');
INSERT INTO kern.his_persvoornaam (id,persvoornaam,dataanvgel,dateindegel,tsreg,tsverval,actieinh,actieverval,nadereaandverval,actieaanpgel,naam) VALUES('31','31','19920219',null,'19920219',null,'31',null,null,null,'Berend');
INSERT INTO kern.his_persvoornaam (id,persvoornaam,dataanvgel,dateindegel,tsreg,tsverval,actieinh,actieverval,nadereaandverval,actieaanpgel,naam) VALUES('32','32','19510923',null,'19510923',null,'32',null,null,null,'Mike');
INSERT INTO kern.his_persvoornaam (id,persvoornaam,dataanvgel,dateindegel,tsreg,tsverval,actieinh,actieverval,nadereaandverval,actieaanpgel,naam) VALUES('33','33','19531116',null,'19531116',null,'33',null,null,null,'Sanne');
INSERT INTO kern.his_persvoornaam (id,persvoornaam,dataanvgel,dateindegel,tsreg,tsverval,actieinh,actieverval,nadereaandverval,actieaanpgel,naam) VALUES('34','34','19390402',null,'19390402',null,'34',null,null,null,'Josje');
INSERT INTO kern.his_persvoornaam (id,persvoornaam,dataanvgel,dateindegel,tsreg,tsverval,actieinh,actieverval,nadereaandverval,actieaanpgel,naam) VALUES('35','35','19841203',null,'19841203',null,'35',null,null,null,'Anna');
INSERT INTO kern.his_persvoornaam (id,persvoornaam,dataanvgel,dateindegel,tsreg,tsverval,actieinh,actieverval,nadereaandverval,actieaanpgel,naam) VALUES('36','36','19851011',null,'19851011',null,'36',null,null,null,'Gerard');
INSERT INTO kern.his_persvoornaam (id,persvoornaam,dataanvgel,dateindegel,tsreg,tsverval,actieinh,actieverval,nadereaandverval,actieaanpgel,naam) VALUES('37','37','20050112',null,'20050112',null,'37',null,null,null,'Albert');
INSERT INTO kern.his_persvoornaam (id,persvoornaam,dataanvgel,dateindegel,tsreg,tsverval,actieinh,actieverval,nadereaandverval,actieaanpgel,naam) VALUES('38','38','20051201',null,'20051201',null,'38',null,null,null,'Marijke');
INSERT INTO kern.his_persvoornaam (id,persvoornaam,dataanvgel,dateindegel,tsreg,tsverval,actieinh,actieverval,nadereaandverval,actieaanpgel,naam) VALUES('39','39','20050112',null,'20050112',null,'39',null,null,null,'Geerte');
INSERT INTO kern.his_persvoornaam (id,persvoornaam,dataanvgel,dateindegel,tsreg,tsverval,actieinh,actieverval,nadereaandverval,actieaanpgel,naam) VALUES('40','40','20051201',null,'20051201',null,'40',null,null,null,'Gert');
INSERT INTO kern.his_persvoornaam (id,persvoornaam,dataanvgel,dateindegel,tsreg,tsverval,actieinh,actieverval,nadereaandverval,actieaanpgel,naam) VALUES('41','41','19680809',null,'19680809',null,'41',null,null,null,'Gijs');
INSERT INTO kern.his_persvoornaam (id,persvoornaam,dataanvgel,dateindegel,tsreg,tsverval,actieinh,actieverval,nadereaandverval,actieaanpgel,naam) VALUES('42','42','19580921',null,'19580921',null,'42',null,null,null,'Guido');
INSERT INTO kern.his_persvoornaam (id,persvoornaam,dataanvgel,dateindegel,tsreg,tsverval,actieinh,actieverval,nadereaandverval,actieaanpgel,naam) VALUES('43','43','19951004',null,'19951004',null,'43',null,null,null,'Annemieke');
INSERT INTO kern.his_persvoornaam (id,persvoornaam,dataanvgel,dateindegel,tsreg,tsverval,actieinh,actieverval,nadereaandverval,actieaanpgel,naam) VALUES('44','44','20051201',null,'20051201',null,'44',null,null,null,'Maarten');
INSERT INTO kern.his_persvoornaam (id,persvoornaam,dataanvgel,dateindegel,tsreg,tsverval,actieinh,actieverval,nadereaandverval,actieaanpgel,naam) VALUES('45','45','20050112',null,'20050112',null,'45',null,null,null,'Marion');
INSERT INTO kern.his_persvoornaam (id,persvoornaam,dataanvgel,dateindegel,tsreg,tsverval,actieinh,actieverval,nadereaandverval,actieaanpgel,naam) VALUES('46','4','19691227',null,'19691228',null,'4',null,null,null,'Françoise');
INSERT INTO kern.his_persvoornaam (id,persvoornaam,dataanvgel,dateindegel,tsreg,tsverval,actieinh,actieverval,nadereaandverval,actieaanpgel,naam) VALUES('47','8','19810418',null,'19810419',null,'8',null,null,null,'Maria');
INSERT INTO kern.his_persvoornaam (id,persvoornaam,dataanvgel,dateindegel,tsreg,tsverval,actieinh,actieverval,nadereaandverval,actieaanpgel,naam) VALUES('48','8','19810418',null,'19810420',null,'8',null,null,null,'Petra');
INSERT INTO kern.his_persvoornaam (id,persvoornaam,dataanvgel,dateindegel,tsreg,tsverval,actieinh,actieverval,nadereaandverval,actieaanpgel,naam) VALUES('49','13','19550602',null,'19550603',null,'13',null,null,null,'Isabella');
INSERT INTO kern.his_persvoornaam (id,persvoornaam,dataanvgel,dateindegel,tsreg,tsverval,actieinh,actieverval,nadereaandverval,actieaanpgel,naam) VALUES('50','13','19550602',null,'19550604',null,'13',null,null,null,'Gerarda');
INSERT INTO kern.his_persvoornaam (id,persvoornaam,dataanvgel,dateindegel,tsreg,tsverval,actieinh,actieverval,nadereaandverval,actieaanpgel,naam) VALUES('51','13','19550602',null,'19550605',null,'13',null,null,null,'Johanna');
INSERT INTO kern.his_persvoornaam (id,persvoornaam,dataanvgel,dateindegel,tsreg,tsverval,actieinh,actieverval,nadereaandverval,actieaanpgel,naam) VALUES('52','16','19881210',null,'19881211',null,'16',null,null,null,'Christina');

commit;


--------------------------------------------------
--- EIND
--- Sheet: (his_persvoornaam)
--- Handler: SheetHandlerImplSimpleInsert
--- Aantal: (52)
--------------------------------------------------
--------------------------------------------------
--- START
--- Sheet: (persnation)
--- Handler: SheetHandlerImplSimpleInsert
--------------------------------------------------

begin;

INSERT INTO kern.persnation (rdnverlies,rdnverk,id,pers,nation) VALUES(null,'18','1','1','2');
INSERT INTO kern.persnation (rdnverlies,rdnverk,id,pers,nation) VALUES(null,'18','2','2','2');
INSERT INTO kern.persnation (rdnverlies,rdnverk,id,pers,nation) VALUES(null,'18','3','3','2');
INSERT INTO kern.persnation (rdnverlies,rdnverk,id,pers,nation) VALUES(null,'18','4','4','2');
INSERT INTO kern.persnation (rdnverlies,rdnverk,id,pers,nation) VALUES(null,'18','5','5','2');
INSERT INTO kern.persnation (rdnverlies,rdnverk,id,pers,nation) VALUES(null,'18','6','6','2');
INSERT INTO kern.persnation (rdnverlies,rdnverk,id,pers,nation) VALUES(null,'18','7','7','2');
INSERT INTO kern.persnation (rdnverlies,rdnverk,id,pers,nation) VALUES(null,'18','8','8','2');
INSERT INTO kern.persnation (rdnverlies,rdnverk,id,pers,nation) VALUES(null,'18','9','9','2');
INSERT INTO kern.persnation (rdnverlies,rdnverk,id,pers,nation) VALUES(null,'18','10','10','2');
INSERT INTO kern.persnation (rdnverlies,rdnverk,id,pers,nation) VALUES(null,'18','11','11','2');
INSERT INTO kern.persnation (rdnverlies,rdnverk,id,pers,nation) VALUES(null,'18','12','12','2');
INSERT INTO kern.persnation (rdnverlies,rdnverk,id,pers,nation) VALUES(null,'18','13','13','2');
INSERT INTO kern.persnation (rdnverlies,rdnverk,id,pers,nation) VALUES(null,'18','14','14','2');
INSERT INTO kern.persnation (rdnverlies,rdnverk,id,pers,nation) VALUES(null,'18','15','15','2');
INSERT INTO kern.persnation (rdnverlies,rdnverk,id,pers,nation) VALUES(null,'18','16','16','2');
INSERT INTO kern.persnation (rdnverlies,rdnverk,id,pers,nation) VALUES(null,'18','17','17','2');
INSERT INTO kern.persnation (rdnverlies,rdnverk,id,pers,nation) VALUES(null,'18','18','18','2');
INSERT INTO kern.persnation (rdnverlies,rdnverk,id,pers,nation) VALUES(null,'18','19','19','2');
INSERT INTO kern.persnation (rdnverlies,rdnverk,id,pers,nation) VALUES(null,null,'20','20','2');
INSERT INTO kern.persnation (rdnverlies,rdnverk,id,pers,nation) VALUES(null,'18','21','21','2');
INSERT INTO kern.persnation (rdnverlies,rdnverk,id,pers,nation) VALUES(null,'18','22','22','2');
INSERT INTO kern.persnation (rdnverlies,rdnverk,id,pers,nation) VALUES(null,'18','23','23','2');
INSERT INTO kern.persnation (rdnverlies,rdnverk,id,pers,nation) VALUES(null,'18','24','24','2');
INSERT INTO kern.persnation (rdnverlies,rdnverk,id,pers,nation) VALUES(null,'18','25','25','2');
INSERT INTO kern.persnation (rdnverlies,rdnverk,id,pers,nation) VALUES(null,'18','26','26','2');
INSERT INTO kern.persnation (rdnverlies,rdnverk,id,pers,nation) VALUES(null,'18','27','27','2');
INSERT INTO kern.persnation (rdnverlies,rdnverk,id,pers,nation) VALUES(null,'18','28','28','2');
INSERT INTO kern.persnation (rdnverlies,rdnverk,id,pers,nation) VALUES(null,'18','29','29','2');
INSERT INTO kern.persnation (rdnverlies,rdnverk,id,pers,nation) VALUES(null,'18','30','30','2');
INSERT INTO kern.persnation (rdnverlies,rdnverk,id,pers,nation) VALUES(null,'18','31','31','2');
INSERT INTO kern.persnation (rdnverlies,rdnverk,id,pers,nation) VALUES(null,'18','32','32','2');
INSERT INTO kern.persnation (rdnverlies,rdnverk,id,pers,nation) VALUES(null,'18','33','33','2');
INSERT INTO kern.persnation (rdnverlies,rdnverk,id,pers,nation) VALUES(null,'18','34','34','2');
INSERT INTO kern.persnation (rdnverlies,rdnverk,id,pers,nation) VALUES(null,'18','35','35','2');
INSERT INTO kern.persnation (rdnverlies,rdnverk,id,pers,nation) VALUES(null,'18','36','36','2');
INSERT INTO kern.persnation (rdnverlies,rdnverk,id,pers,nation) VALUES(null,'18','37','37','2');
INSERT INTO kern.persnation (rdnverlies,rdnverk,id,pers,nation) VALUES(null,'18','38','38','2');
INSERT INTO kern.persnation (rdnverlies,rdnverk,id,pers,nation) VALUES(null,'18','39','39','2');
INSERT INTO kern.persnation (rdnverlies,rdnverk,id,pers,nation) VALUES(null,'18','40','40','2');
INSERT INTO kern.persnation (rdnverlies,rdnverk,id,pers,nation) VALUES(null,'18','41','41','2');
INSERT INTO kern.persnation (rdnverlies,rdnverk,id,pers,nation) VALUES(null,'18','42','42','2');
INSERT INTO kern.persnation (rdnverlies,rdnverk,id,pers,nation) VALUES(null,'18','43','43','2');
INSERT INTO kern.persnation (rdnverlies,rdnverk,id,pers,nation) VALUES(null,'18','44','44','2');
INSERT INTO kern.persnation (rdnverlies,rdnverk,id,pers,nation) VALUES(null,'18','45','45','2');
INSERT INTO kern.persnation (rdnverlies,rdnverk,id,pers,nation) VALUES(null,null,'46','18','29');
INSERT INTO kern.persnation (rdnverlies,rdnverk,id,pers,nation) VALUES('69',null,'47','20','29');

commit;


--------------------------------------------------
--- EIND
--- Sheet: (persnation)
--- Handler: SheetHandlerImplSimpleInsert
--- Aantal: (47)
--------------------------------------------------
--------------------------------------------------
--- START
--- Sheet: (his_persnation)
--- Handler: SheetHandlerImplSimpleInsert
--------------------------------------------------

begin;

INSERT INTO kern.his_persnation (id,persnation,dataanvgel,dateindegel,tsreg,tsverval,actieinh,actieverval,actieaanpgel,rdnverlies,rdnverk,nadereaandverval) VALUES('1','1','19811002',null,'19811002',null,'1',null,null,null,'18',null);
INSERT INTO kern.his_persnation (id,persnation,dataanvgel,dateindegel,tsreg,tsverval,actieinh,actieverval,actieaanpgel,rdnverlies,rdnverk,nadereaandverval) VALUES('2','2','19820528',null,'19820528',null,'2',null,null,null,'18',null);
INSERT INTO kern.his_persnation (id,persnation,dataanvgel,dateindegel,tsreg,tsverval,actieinh,actieverval,actieaanpgel,rdnverlies,rdnverk,nadereaandverval) VALUES('3','3','19660302',null,'19660302',null,'3',null,null,null,'18',null);
INSERT INTO kern.his_persnation (id,persnation,dataanvgel,dateindegel,tsreg,tsverval,actieinh,actieverval,actieaanpgel,rdnverlies,rdnverk,nadereaandverval) VALUES('4','4','19691227',null,'19691227',null,'4',null,null,null,'18',null);
INSERT INTO kern.his_persnation (id,persnation,dataanvgel,dateindegel,tsreg,tsverval,actieinh,actieverval,actieaanpgel,rdnverlies,rdnverk,nadereaandverval) VALUES('5','5','19710717',null,'19710717',null,'5',null,null,null,'18',null);
INSERT INTO kern.his_persnation (id,persnation,dataanvgel,dateindegel,tsreg,tsverval,actieinh,actieverval,actieaanpgel,rdnverlies,rdnverk,nadereaandverval) VALUES('6','6','19720928',null,'19720928',null,'6',null,null,null,'18',null);
INSERT INTO kern.his_persnation (id,persnation,dataanvgel,dateindegel,tsreg,tsverval,actieinh,actieverval,actieaanpgel,rdnverlies,rdnverk,nadereaandverval) VALUES('7','7','19800616',null,'19800616',null,'7',null,null,null,'18',null);
INSERT INTO kern.his_persnation (id,persnation,dataanvgel,dateindegel,tsreg,tsverval,actieinh,actieverval,actieaanpgel,rdnverlies,rdnverk,nadereaandverval) VALUES('8','8','19810418',null,'19810418',null,'8',null,null,null,'18',null);
INSERT INTO kern.his_persnation (id,persnation,dataanvgel,dateindegel,tsreg,tsverval,actieinh,actieverval,actieaanpgel,rdnverlies,rdnverk,nadereaandverval) VALUES('9','9','19940101',null,'19940101',null,'9',null,null,null,'18',null);
INSERT INTO kern.his_persnation (id,persnation,dataanvgel,dateindegel,tsreg,tsverval,actieinh,actieverval,actieaanpgel,rdnverlies,rdnverk,nadereaandverval) VALUES('10','10','19691231',null,'19691231',null,'10',null,null,null,'18',null);
INSERT INTO kern.his_persnation (id,persnation,dataanvgel,dateindegel,tsreg,tsverval,actieinh,actieverval,actieaanpgel,rdnverlies,rdnverk,nadereaandverval) VALUES('11','11','19690516',null,'19690516',null,'11',null,null,null,'18',null);
INSERT INTO kern.his_persnation (id,persnation,dataanvgel,dateindegel,tsreg,tsverval,actieinh,actieverval,actieaanpgel,rdnverlies,rdnverk,nadereaandverval) VALUES('12','12','19771210',null,'19771210',null,'12',null,null,null,'18',null);
INSERT INTO kern.his_persnation (id,persnation,dataanvgel,dateindegel,tsreg,tsverval,actieinh,actieverval,actieaanpgel,rdnverlies,rdnverk,nadereaandverval) VALUES('13','13','19550602',null,'19550602',null,'13',null,null,null,'18',null);
INSERT INTO kern.his_persnation (id,persnation,dataanvgel,dateindegel,tsreg,tsverval,actieinh,actieverval,actieaanpgel,rdnverlies,rdnverk,nadereaandverval) VALUES('14','14','19780611',null,'19780611',null,'14',null,null,null,'18',null);
INSERT INTO kern.his_persnation (id,persnation,dataanvgel,dateindegel,tsreg,tsverval,actieinh,actieverval,actieaanpgel,rdnverlies,rdnverk,nadereaandverval) VALUES('15','15','19880425',null,'19880425',null,'15',null,null,null,'18',null);
INSERT INTO kern.his_persnation (id,persnation,dataanvgel,dateindegel,tsreg,tsverval,actieinh,actieverval,actieaanpgel,rdnverlies,rdnverk,nadereaandverval) VALUES('16','16','19881210',null,'19881210',null,'16',null,null,null,'18',null);
INSERT INTO kern.his_persnation (id,persnation,dataanvgel,dateindegel,tsreg,tsverval,actieinh,actieverval,actieaanpgel,rdnverlies,rdnverk,nadereaandverval) VALUES('17','17','19960523',null,'19960523',null,'17',null,null,null,'18',null);
INSERT INTO kern.his_persnation (id,persnation,dataanvgel,dateindegel,tsreg,tsverval,actieinh,actieverval,actieaanpgel,rdnverlies,rdnverk,nadereaandverval) VALUES('18','18','19941005',null,'19941005',null,'18',null,null,null,'18',null);
INSERT INTO kern.his_persnation (id,persnation,dataanvgel,dateindegel,tsreg,tsverval,actieinh,actieverval,actieaanpgel,rdnverlies,rdnverk,nadereaandverval) VALUES('19','19','19941005',null,'19941005',null,'19',null,null,null,'18',null);
INSERT INTO kern.his_persnation (id,persnation,dataanvgel,dateindegel,tsreg,tsverval,actieinh,actieverval,actieaanpgel,rdnverlies,rdnverk,nadereaandverval) VALUES('20','20','19760103',null,'19760103','20130820','20','48',null,null,'18',null);
INSERT INTO kern.his_persnation (id,persnation,dataanvgel,dateindegel,tsreg,tsverval,actieinh,actieverval,actieaanpgel,rdnverlies,rdnverk,nadereaandverval) VALUES('21','21','19961003',null,'19961003',null,'21',null,null,null,'18',null);
INSERT INTO kern.his_persnation (id,persnation,dataanvgel,dateindegel,tsreg,tsverval,actieinh,actieverval,actieaanpgel,rdnverlies,rdnverk,nadereaandverval) VALUES('22','22','19951003',null,'19951003',null,'22',null,null,null,'18',null);
INSERT INTO kern.his_persnation (id,persnation,dataanvgel,dateindegel,tsreg,tsverval,actieinh,actieverval,actieaanpgel,rdnverlies,rdnverk,nadereaandverval) VALUES('23','23','19941003',null,'19941003',null,'23',null,null,null,'18',null);
INSERT INTO kern.his_persnation (id,persnation,dataanvgel,dateindegel,tsreg,tsverval,actieinh,actieverval,actieaanpgel,rdnverlies,rdnverk,nadereaandverval) VALUES('24','24','19770401',null,'19770401',null,'24',null,null,null,'18',null);
INSERT INTO kern.his_persnation (id,persnation,dataanvgel,dateindegel,tsreg,tsverval,actieinh,actieverval,actieaanpgel,rdnverlies,rdnverk,nadereaandverval) VALUES('25','25','19880611',null,'19880611',null,'25',null,null,null,'18',null);
INSERT INTO kern.his_persnation (id,persnation,dataanvgel,dateindegel,tsreg,tsverval,actieinh,actieverval,actieaanpgel,rdnverlies,rdnverk,nadereaandverval) VALUES('26','26','19910721',null,'19910721',null,'26',null,null,null,'18',null);
INSERT INTO kern.his_persnation (id,persnation,dataanvgel,dateindegel,tsreg,tsverval,actieinh,actieverval,actieaanpgel,rdnverlies,rdnverk,nadereaandverval) VALUES('27','27','19910911',null,'19910911',null,'27',null,null,null,'18',null);
INSERT INTO kern.his_persnation (id,persnation,dataanvgel,dateindegel,tsreg,tsverval,actieinh,actieverval,actieaanpgel,rdnverlies,rdnverk,nadereaandverval) VALUES('28','28','19900722',null,'19900722',null,'28',null,null,null,'18',null);
INSERT INTO kern.his_persnation (id,persnation,dataanvgel,dateindegel,tsreg,tsverval,actieinh,actieverval,actieaanpgel,rdnverlies,rdnverk,nadereaandverval) VALUES('29','29','19200430',null,'19200430',null,'29',null,null,null,'18',null);
INSERT INTO kern.his_persnation (id,persnation,dataanvgel,dateindegel,tsreg,tsverval,actieinh,actieverval,actieaanpgel,rdnverlies,rdnverk,nadereaandverval) VALUES('30','30','19220419',null,'19220419',null,'30',null,null,null,'18',null);
INSERT INTO kern.his_persnation (id,persnation,dataanvgel,dateindegel,tsreg,tsverval,actieinh,actieverval,actieaanpgel,rdnverlies,rdnverk,nadereaandverval) VALUES('31','31','19920219',null,'19920219',null,'31',null,null,null,'18',null);
INSERT INTO kern.his_persnation (id,persnation,dataanvgel,dateindegel,tsreg,tsverval,actieinh,actieverval,actieaanpgel,rdnverlies,rdnverk,nadereaandverval) VALUES('32','32','19510923',null,'19510923',null,'32',null,null,null,'18',null);
INSERT INTO kern.his_persnation (id,persnation,dataanvgel,dateindegel,tsreg,tsverval,actieinh,actieverval,actieaanpgel,rdnverlies,rdnverk,nadereaandverval) VALUES('33','33','19531116',null,'19531116',null,'33',null,null,null,'18',null);
INSERT INTO kern.his_persnation (id,persnation,dataanvgel,dateindegel,tsreg,tsverval,actieinh,actieverval,actieaanpgel,rdnverlies,rdnverk,nadereaandverval) VALUES('34','34','19390402',null,'19390402',null,'34',null,null,null,'18',null);
INSERT INTO kern.his_persnation (id,persnation,dataanvgel,dateindegel,tsreg,tsverval,actieinh,actieverval,actieaanpgel,rdnverlies,rdnverk,nadereaandverval) VALUES('35','35','19841203',null,'19841203',null,'35',null,null,null,'18',null);
INSERT INTO kern.his_persnation (id,persnation,dataanvgel,dateindegel,tsreg,tsverval,actieinh,actieverval,actieaanpgel,rdnverlies,rdnverk,nadereaandverval) VALUES('36','36','19851011',null,'19851011',null,'36',null,null,null,'18',null);
INSERT INTO kern.his_persnation (id,persnation,dataanvgel,dateindegel,tsreg,tsverval,actieinh,actieverval,actieaanpgel,rdnverlies,rdnverk,nadereaandverval) VALUES('37','37','20050112',null,'20050112',null,'37',null,null,null,'18',null);
INSERT INTO kern.his_persnation (id,persnation,dataanvgel,dateindegel,tsreg,tsverval,actieinh,actieverval,actieaanpgel,rdnverlies,rdnverk,nadereaandverval) VALUES('38','38','20051201',null,'20051201',null,'38',null,null,null,'18',null);
INSERT INTO kern.his_persnation (id,persnation,dataanvgel,dateindegel,tsreg,tsverval,actieinh,actieverval,actieaanpgel,rdnverlies,rdnverk,nadereaandverval) VALUES('39','39','20050112',null,'20050112',null,'39',null,null,null,'18',null);
INSERT INTO kern.his_persnation (id,persnation,dataanvgel,dateindegel,tsreg,tsverval,actieinh,actieverval,actieaanpgel,rdnverlies,rdnverk,nadereaandverval) VALUES('40','40','20051201',null,'20051201',null,'40',null,null,null,'18',null);
INSERT INTO kern.his_persnation (id,persnation,dataanvgel,dateindegel,tsreg,tsverval,actieinh,actieverval,actieaanpgel,rdnverlies,rdnverk,nadereaandverval) VALUES('41','41','19680809',null,'19680809',null,'41',null,null,null,'18',null);
INSERT INTO kern.his_persnation (id,persnation,dataanvgel,dateindegel,tsreg,tsverval,actieinh,actieverval,actieaanpgel,rdnverlies,rdnverk,nadereaandverval) VALUES('42','42','19580921',null,'19580921',null,'42',null,null,null,'18',null);
INSERT INTO kern.his_persnation (id,persnation,dataanvgel,dateindegel,tsreg,tsverval,actieinh,actieverval,actieaanpgel,rdnverlies,rdnverk,nadereaandverval) VALUES('43','43','19951004',null,'19951004',null,'43',null,null,null,'18',null);
INSERT INTO kern.his_persnation (id,persnation,dataanvgel,dateindegel,tsreg,tsverval,actieinh,actieverval,actieaanpgel,rdnverlies,rdnverk,nadereaandverval) VALUES('44','44','20051201',null,'20051201',null,'44',null,null,null,'18',null);
INSERT INTO kern.his_persnation (id,persnation,dataanvgel,dateindegel,tsreg,tsverval,actieinh,actieverval,actieaanpgel,rdnverlies,rdnverk,nadereaandverval) VALUES('45','45','20050112',null,'20050112',null,'45',null,null,null,'18',null);
INSERT INTO kern.his_persnation (id,persnation,dataanvgel,dateindegel,tsreg,tsverval,actieinh,actieverval,actieaanpgel,rdnverlies,rdnverk,nadereaandverval) VALUES('46','46','20121005',null,'20121005',null,'46',null,null,null,null,null);
INSERT INTO kern.his_persnation (id,persnation,dataanvgel,dateindegel,tsreg,tsverval,actieinh,actieverval,actieaanpgel,rdnverlies,rdnverk,nadereaandverval) VALUES('47','20','19760103','20130820','20130820',null,'47',null,'48','69',null,null);
INSERT INTO kern.his_persnation (id,persnation,dataanvgel,dateindegel,tsreg,tsverval,actieinh,actieverval,actieaanpgel,rdnverlies,rdnverk,nadereaandverval) VALUES('48','47','19760103',null,'19760103',null,'49',null,null,null,null,null);

commit;


--------------------------------------------------
--- EIND
--- Sheet: (his_persnation)
--- Handler: SheetHandlerImplSimpleInsert
--- Aantal: (48)
--------------------------------------------------
--------------------------------------------------
--- START
--- Sheet: (his_persinschr)
--- Handler: SheetHandlerImplSimpleInsert
--------------------------------------------------

begin;

INSERT INTO kern.his_persinschr (id,pers,tsreg,tsverval,actieinh,actieverval,datinschr,versienr,nadereaandverval,dattijdstempel) VALUES('1','1','19811002',null,'1',null,'19811002','1',null,'19811002');
INSERT INTO kern.his_persinschr (id,pers,tsreg,tsverval,actieinh,actieverval,datinschr,versienr,nadereaandverval,dattijdstempel) VALUES('2','2','19820528',null,'2',null,'19820528','1',null,'19820528');
INSERT INTO kern.his_persinschr (id,pers,tsreg,tsverval,actieinh,actieverval,datinschr,versienr,nadereaandverval,dattijdstempel) VALUES('3','3','19660302',null,'3',null,'19660302','1',null,'19660302');
INSERT INTO kern.his_persinschr (id,pers,tsreg,tsverval,actieinh,actieverval,datinschr,versienr,nadereaandverval,dattijdstempel) VALUES('4','4','19691227',null,'4',null,'19691227','1',null,'19691227');
INSERT INTO kern.his_persinschr (id,pers,tsreg,tsverval,actieinh,actieverval,datinschr,versienr,nadereaandverval,dattijdstempel) VALUES('5','5','19710717',null,'5',null,'19710717','1',null,'19710717');
INSERT INTO kern.his_persinschr (id,pers,tsreg,tsverval,actieinh,actieverval,datinschr,versienr,nadereaandverval,dattijdstempel) VALUES('6','6','19720928',null,'6',null,'19720928','1',null,'19720928');
INSERT INTO kern.his_persinschr (id,pers,tsreg,tsverval,actieinh,actieverval,datinschr,versienr,nadereaandverval,dattijdstempel) VALUES('7','7','19800616',null,'7',null,'19800616','1',null,'19800616');
INSERT INTO kern.his_persinschr (id,pers,tsreg,tsverval,actieinh,actieverval,datinschr,versienr,nadereaandverval,dattijdstempel) VALUES('8','8','19810418',null,'8',null,'19810418','1',null,'19810418');
INSERT INTO kern.his_persinschr (id,pers,tsreg,tsverval,actieinh,actieverval,datinschr,versienr,nadereaandverval,dattijdstempel) VALUES('9','9','19940101',null,'9',null,'19940101','1',null,'19940101');
INSERT INTO kern.his_persinschr (id,pers,tsreg,tsverval,actieinh,actieverval,datinschr,versienr,nadereaandverval,dattijdstempel) VALUES('10','10','19691231',null,'10',null,'19691231','1',null,'19691231');
INSERT INTO kern.his_persinschr (id,pers,tsreg,tsverval,actieinh,actieverval,datinschr,versienr,nadereaandverval,dattijdstempel) VALUES('11','11','19690516',null,'11',null,'19690516','1',null,'19690516');
INSERT INTO kern.his_persinschr (id,pers,tsreg,tsverval,actieinh,actieverval,datinschr,versienr,nadereaandverval,dattijdstempel) VALUES('12','12','19771210',null,'12',null,'19771210','1',null,'19771210');
INSERT INTO kern.his_persinschr (id,pers,tsreg,tsverval,actieinh,actieverval,datinschr,versienr,nadereaandverval,dattijdstempel) VALUES('13','13','19550602',null,'13',null,'19550602','1',null,'19550602');
INSERT INTO kern.his_persinschr (id,pers,tsreg,tsverval,actieinh,actieverval,datinschr,versienr,nadereaandverval,dattijdstempel) VALUES('14','14','19780611',null,'14',null,'19780611','1',null,'19780611');
INSERT INTO kern.his_persinschr (id,pers,tsreg,tsverval,actieinh,actieverval,datinschr,versienr,nadereaandverval,dattijdstempel) VALUES('15','15','19880425',null,'15',null,'19880425','1',null,'19880425');
INSERT INTO kern.his_persinschr (id,pers,tsreg,tsverval,actieinh,actieverval,datinschr,versienr,nadereaandverval,dattijdstempel) VALUES('16','16','19881210',null,'16',null,'19881210','1',null,'19881210');
INSERT INTO kern.his_persinschr (id,pers,tsreg,tsverval,actieinh,actieverval,datinschr,versienr,nadereaandverval,dattijdstempel) VALUES('17','17','19960523',null,'17',null,'19960523','1',null,'19960523');
INSERT INTO kern.his_persinschr (id,pers,tsreg,tsverval,actieinh,actieverval,datinschr,versienr,nadereaandverval,dattijdstempel) VALUES('18','18','19941005',null,'18',null,'19941005','1',null,'19941005');
INSERT INTO kern.his_persinschr (id,pers,tsreg,tsverval,actieinh,actieverval,datinschr,versienr,nadereaandverval,dattijdstempel) VALUES('19','19','19941005',null,'19',null,'19941005','1',null,'19941005');
INSERT INTO kern.his_persinschr (id,pers,tsreg,tsverval,actieinh,actieverval,datinschr,versienr,nadereaandverval,dattijdstempel) VALUES('20','20','19760103',null,'20',null,'19760103','1',null,'19760103');
INSERT INTO kern.his_persinschr (id,pers,tsreg,tsverval,actieinh,actieverval,datinschr,versienr,nadereaandverval,dattijdstempel) VALUES('21','21','19961003',null,'21',null,'19961003','1',null,'19961003');
INSERT INTO kern.his_persinschr (id,pers,tsreg,tsverval,actieinh,actieverval,datinschr,versienr,nadereaandverval,dattijdstempel) VALUES('22','22','19951003',null,'22',null,'19951003','1',null,'19951003');
INSERT INTO kern.his_persinschr (id,pers,tsreg,tsverval,actieinh,actieverval,datinschr,versienr,nadereaandverval,dattijdstempel) VALUES('23','23','19941003',null,'23',null,'19941003','1',null,'19941003');
INSERT INTO kern.his_persinschr (id,pers,tsreg,tsverval,actieinh,actieverval,datinschr,versienr,nadereaandverval,dattijdstempel) VALUES('24','24','19770401',null,'24',null,'19770401','1',null,'19770401');
INSERT INTO kern.his_persinschr (id,pers,tsreg,tsverval,actieinh,actieverval,datinschr,versienr,nadereaandverval,dattijdstempel) VALUES('25','25','19880611',null,'25',null,'19880611','1',null,'19880611');
INSERT INTO kern.his_persinschr (id,pers,tsreg,tsverval,actieinh,actieverval,datinschr,versienr,nadereaandverval,dattijdstempel) VALUES('26','26','19910721',null,'26',null,'19910721','1',null,'19910721');
INSERT INTO kern.his_persinschr (id,pers,tsreg,tsverval,actieinh,actieverval,datinschr,versienr,nadereaandverval,dattijdstempel) VALUES('27','27','19910911',null,'27',null,'19910911','1',null,'19910911');
INSERT INTO kern.his_persinschr (id,pers,tsreg,tsverval,actieinh,actieverval,datinschr,versienr,nadereaandverval,dattijdstempel) VALUES('28','28','19900722',null,'28',null,'19900722','1',null,'19900722');
INSERT INTO kern.his_persinschr (id,pers,tsreg,tsverval,actieinh,actieverval,datinschr,versienr,nadereaandverval,dattijdstempel) VALUES('29','29','19200430',null,'29',null,'19200430','1',null,'19200430');
INSERT INTO kern.his_persinschr (id,pers,tsreg,tsverval,actieinh,actieverval,datinschr,versienr,nadereaandverval,dattijdstempel) VALUES('30','30','19220419',null,'30',null,'19220419','1',null,'19220419');
INSERT INTO kern.his_persinschr (id,pers,tsreg,tsverval,actieinh,actieverval,datinschr,versienr,nadereaandverval,dattijdstempel) VALUES('31','31','19920219',null,'31',null,'19920219','1',null,'19920219');
INSERT INTO kern.his_persinschr (id,pers,tsreg,tsverval,actieinh,actieverval,datinschr,versienr,nadereaandverval,dattijdstempel) VALUES('32','32','19510923',null,'32',null,'19510923','1',null,'19510923');
INSERT INTO kern.his_persinschr (id,pers,tsreg,tsverval,actieinh,actieverval,datinschr,versienr,nadereaandverval,dattijdstempel) VALUES('33','33','19531116',null,'33',null,'19531116','1',null,'19531116');
INSERT INTO kern.his_persinschr (id,pers,tsreg,tsverval,actieinh,actieverval,datinschr,versienr,nadereaandverval,dattijdstempel) VALUES('34','34','19390402',null,'34',null,'19390402','1',null,'19390402');
INSERT INTO kern.his_persinschr (id,pers,tsreg,tsverval,actieinh,actieverval,datinschr,versienr,nadereaandverval,dattijdstempel) VALUES('35','35','19841203',null,'35',null,'19841203','1',null,'19841203');
INSERT INTO kern.his_persinschr (id,pers,tsreg,tsverval,actieinh,actieverval,datinschr,versienr,nadereaandverval,dattijdstempel) VALUES('36','36','19851011',null,'36',null,'19851011','1',null,'19851011');
INSERT INTO kern.his_persinschr (id,pers,tsreg,tsverval,actieinh,actieverval,datinschr,versienr,nadereaandverval,dattijdstempel) VALUES('37','37','20050112',null,'37',null,'20050112','1',null,'20050112');
INSERT INTO kern.his_persinschr (id,pers,tsreg,tsverval,actieinh,actieverval,datinschr,versienr,nadereaandverval,dattijdstempel) VALUES('38','38','20051201',null,'38',null,'20051201','1',null,'20051201');
INSERT INTO kern.his_persinschr (id,pers,tsreg,tsverval,actieinh,actieverval,datinschr,versienr,nadereaandverval,dattijdstempel) VALUES('39','39','20050112',null,'39',null,'20050112','1',null,'20050112');
INSERT INTO kern.his_persinschr (id,pers,tsreg,tsverval,actieinh,actieverval,datinschr,versienr,nadereaandverval,dattijdstempel) VALUES('40','40','20051201',null,'40',null,'20051201','1',null,'20051201');
INSERT INTO kern.his_persinschr (id,pers,tsreg,tsverval,actieinh,actieverval,datinschr,versienr,nadereaandverval,dattijdstempel) VALUES('41','41','19680809',null,'41',null,'19680809','1',null,'19680809');
INSERT INTO kern.his_persinschr (id,pers,tsreg,tsverval,actieinh,actieverval,datinschr,versienr,nadereaandverval,dattijdstempel) VALUES('42','42','19580921',null,'42',null,'19580921','1',null,'19580921');
INSERT INTO kern.his_persinschr (id,pers,tsreg,tsverval,actieinh,actieverval,datinschr,versienr,nadereaandverval,dattijdstempel) VALUES('43','43','19951004',null,'43',null,'19951004','1',null,'19951004');
INSERT INTO kern.his_persinschr (id,pers,tsreg,tsverval,actieinh,actieverval,datinschr,versienr,nadereaandverval,dattijdstempel) VALUES('44','44','20051201',null,'44',null,'20051201','1',null,'20051201');
INSERT INTO kern.his_persinschr (id,pers,tsreg,tsverval,actieinh,actieverval,datinschr,versienr,nadereaandverval,dattijdstempel) VALUES('45','45','20050112',null,'45',null,'20050112','1',null,'20050112');

commit;


--------------------------------------------------
--- EIND
--- Sheet: (his_persinschr)
--- Handler: SheetHandlerImplSimpleInsert
--- Aantal: (45)
--------------------------------------------------
--------------------------------------------------
--- START
--- Sheet: (his_persbijhouding)
--- Handler: SheetHandlerImplSimpleInsert
--------------------------------------------------

begin;

INSERT INTO kern.his_persbijhouding (id,pers,dataanvgel,dateindegel,tsreg,tsverval,actieinh,actieverval,nadereaandverval,actieaanpgel,bijhpartij,bijhaard,naderebijhaard,indonverwdocaanw) VALUES('3','1','20050328',null,'20050328',null,'1000',null,null,null,'347','1','1','false');
INSERT INTO kern.his_persbijhouding (id,pers,dataanvgel,dateindegel,tsreg,tsverval,actieinh,actieverval,nadereaandverval,actieaanpgel,bijhpartij,bijhaard,naderebijhaard,indonverwdocaanw) VALUES('2','1','20030327','20050328','20050328',null,'999',null,null,'1000','229','1','1','false');
INSERT INTO kern.his_persbijhouding (id,pers,dataanvgel,dateindegel,tsreg,tsverval,actieinh,actieverval,nadereaandverval,actieaanpgel,bijhpartij,bijhaard,naderebijhaard,indonverwdocaanw) VALUES('121','1','20030327',null,'20030327','20050328','999','1000',null,null,'229','1','1','false');
INSERT INTO kern.his_persbijhouding (id,pers,dataanvgel,dateindegel,tsreg,tsverval,actieinh,actieverval,nadereaandverval,actieaanpgel,bijhpartij,bijhaard,naderebijhaard,indonverwdocaanw) VALUES('1','1','19811002','20030327','20030327',null,'1',null,null,'999','521','1','1','false');
INSERT INTO kern.his_persbijhouding (id,pers,dataanvgel,dateindegel,tsreg,tsverval,actieinh,actieverval,nadereaandverval,actieaanpgel,bijhpartij,bijhaard,naderebijhaard,indonverwdocaanw) VALUES('122','1','19811002',null,'19811002','20030327','1','999',null,null,'521','1','1','false');
INSERT INTO kern.his_persbijhouding (id,pers,dataanvgel,dateindegel,tsreg,tsverval,actieinh,actieverval,nadereaandverval,actieaanpgel,bijhpartij,bijhaard,naderebijhaard,indonverwdocaanw) VALUES('6','2','20050328',null,'20050328',null,'997',null,null,null,'347','1','1','false');
INSERT INTO kern.his_persbijhouding (id,pers,dataanvgel,dateindegel,tsreg,tsverval,actieinh,actieverval,nadereaandverval,actieaanpgel,bijhpartij,bijhaard,naderebijhaard,indonverwdocaanw) VALUES('5','2','20030327','20050328','20050328',null,'996',null,null,'997','229','1','1','false');
INSERT INTO kern.his_persbijhouding (id,pers,dataanvgel,dateindegel,tsreg,tsverval,actieinh,actieverval,nadereaandverval,actieaanpgel,bijhpartij,bijhaard,naderebijhaard,indonverwdocaanw) VALUES('123','2','20030327',null,'20030327','20050328','996','997',null,null,'229','1','1','false');
INSERT INTO kern.his_persbijhouding (id,pers,dataanvgel,dateindegel,tsreg,tsverval,actieinh,actieverval,nadereaandverval,actieaanpgel,bijhpartij,bijhaard,naderebijhaard,indonverwdocaanw) VALUES('4','2','19820528','20030327','20030327',null,'2',null,null,'996','602','1','1','false');
INSERT INTO kern.his_persbijhouding (id,pers,dataanvgel,dateindegel,tsreg,tsverval,actieinh,actieverval,nadereaandverval,actieaanpgel,bijhpartij,bijhaard,naderebijhaard,indonverwdocaanw) VALUES('124','2','19820528',null,'19820528','20030327','2','996',null,null,'602','1','1','false');
INSERT INTO kern.his_persbijhouding (id,pers,dataanvgel,dateindegel,tsreg,tsverval,actieinh,actieverval,nadereaandverval,actieaanpgel,bijhpartij,bijhaard,naderebijhaard,indonverwdocaanw) VALUES('9','3','19901201',null,'19901201',null,'994',null,null,null,'347','1','1','false');
INSERT INTO kern.his_persbijhouding (id,pers,dataanvgel,dateindegel,tsreg,tsverval,actieinh,actieverval,nadereaandverval,actieaanpgel,bijhpartij,bijhaard,naderebijhaard,indonverwdocaanw) VALUES('8','3','19901111','19901201','19901201',null,'993',null,null,'994','950','1','1','false');
INSERT INTO kern.his_persbijhouding (id,pers,dataanvgel,dateindegel,tsreg,tsverval,actieinh,actieverval,nadereaandverval,actieaanpgel,bijhpartij,bijhaard,naderebijhaard,indonverwdocaanw) VALUES('125','3','19901111',null,'19901111','19901201','993','994',null,null,'950','1','1','false');
INSERT INTO kern.his_persbijhouding (id,pers,dataanvgel,dateindegel,tsreg,tsverval,actieinh,actieverval,nadereaandverval,actieaanpgel,bijhpartij,bijhaard,naderebijhaard,indonverwdocaanw) VALUES('7','3','19660302','19901111','19901111',null,'3',null,null,'993','521','1','1','false');
INSERT INTO kern.his_persbijhouding (id,pers,dataanvgel,dateindegel,tsreg,tsverval,actieinh,actieverval,nadereaandverval,actieaanpgel,bijhpartij,bijhaard,naderebijhaard,indonverwdocaanw) VALUES('126','3','19660302',null,'19660302','19901111','3','993',null,null,'521','1','1','false');
INSERT INTO kern.his_persbijhouding (id,pers,dataanvgel,dateindegel,tsreg,tsverval,actieinh,actieverval,nadereaandverval,actieaanpgel,bijhpartij,bijhaard,naderebijhaard,indonverwdocaanw) VALUES('12','4','19901201',null,'19901201',null,'991',null,null,null,'347','1','1','false');
INSERT INTO kern.his_persbijhouding (id,pers,dataanvgel,dateindegel,tsreg,tsverval,actieinh,actieverval,nadereaandverval,actieaanpgel,bijhpartij,bijhaard,naderebijhaard,indonverwdocaanw) VALUES('11','4','19901111','19901201','19901201',null,'990',null,null,'991','950','1','1','false');
INSERT INTO kern.his_persbijhouding (id,pers,dataanvgel,dateindegel,tsreg,tsverval,actieinh,actieverval,nadereaandverval,actieaanpgel,bijhpartij,bijhaard,naderebijhaard,indonverwdocaanw) VALUES('127','4','19901111',null,'19901111','19901201','990','991',null,null,'950','1','1','false');
INSERT INTO kern.his_persbijhouding (id,pers,dataanvgel,dateindegel,tsreg,tsverval,actieinh,actieverval,nadereaandverval,actieaanpgel,bijhpartij,bijhaard,naderebijhaard,indonverwdocaanw) VALUES('10','4','19691227','19901111','19901111',null,'4',null,null,'990','347','1','1','false');
INSERT INTO kern.his_persbijhouding (id,pers,dataanvgel,dateindegel,tsreg,tsverval,actieinh,actieverval,nadereaandverval,actieaanpgel,bijhpartij,bijhaard,naderebijhaard,indonverwdocaanw) VALUES('128','4','19691227',null,'19691227','19901111','4','990',null,null,'347','1','1','false');
INSERT INTO kern.his_persbijhouding (id,pers,dataanvgel,dateindegel,tsreg,tsverval,actieinh,actieverval,nadereaandverval,actieaanpgel,bijhpartij,bijhaard,naderebijhaard,indonverwdocaanw) VALUES('15','5','19981201',null,'19981201',null,'988',null,null,null,'347','1','1','false');
INSERT INTO kern.his_persbijhouding (id,pers,dataanvgel,dateindegel,tsreg,tsverval,actieinh,actieverval,nadereaandverval,actieaanpgel,bijhpartij,bijhaard,naderebijhaard,indonverwdocaanw) VALUES('14','5','19970605','19981201','19981201',null,'987',null,null,'988','403','1','1','false');
INSERT INTO kern.his_persbijhouding (id,pers,dataanvgel,dateindegel,tsreg,tsverval,actieinh,actieverval,nadereaandverval,actieaanpgel,bijhpartij,bijhaard,naderebijhaard,indonverwdocaanw) VALUES('129','5','19970605',null,'19970605','19981201','987','988',null,null,'403','1','1','false');
INSERT INTO kern.his_persbijhouding (id,pers,dataanvgel,dateindegel,tsreg,tsverval,actieinh,actieverval,nadereaandverval,actieaanpgel,bijhpartij,bijhaard,naderebijhaard,indonverwdocaanw) VALUES('13','5','19710717','19970605','19970605',null,'5',null,null,'987','347','1','1','false');
INSERT INTO kern.his_persbijhouding (id,pers,dataanvgel,dateindegel,tsreg,tsverval,actieinh,actieverval,nadereaandverval,actieaanpgel,bijhpartij,bijhaard,naderebijhaard,indonverwdocaanw) VALUES('130','5','19710717',null,'19710717','19970605','5','987',null,null,'347','1','1','false');
INSERT INTO kern.his_persbijhouding (id,pers,dataanvgel,dateindegel,tsreg,tsverval,actieinh,actieverval,nadereaandverval,actieaanpgel,bijhpartij,bijhaard,naderebijhaard,indonverwdocaanw) VALUES('18','6','19981201',null,'19981201',null,'985',null,null,null,'347','1','1','false');
INSERT INTO kern.his_persbijhouding (id,pers,dataanvgel,dateindegel,tsreg,tsverval,actieinh,actieverval,nadereaandverval,actieaanpgel,bijhpartij,bijhaard,naderebijhaard,indonverwdocaanw) VALUES('17','6','19970605','19981201','19981201',null,'984',null,null,'985','403','1','1','false');
INSERT INTO kern.his_persbijhouding (id,pers,dataanvgel,dateindegel,tsreg,tsverval,actieinh,actieverval,nadereaandverval,actieaanpgel,bijhpartij,bijhaard,naderebijhaard,indonverwdocaanw) VALUES('131','6','19970605',null,'19970605','19981201','984','985',null,null,'403','1','1','false');
INSERT INTO kern.his_persbijhouding (id,pers,dataanvgel,dateindegel,tsreg,tsverval,actieinh,actieverval,nadereaandverval,actieaanpgel,bijhpartij,bijhaard,naderebijhaard,indonverwdocaanw) VALUES('16','6','19720928','19970605','19970605',null,'6',null,null,'984','366','1','1','false');
INSERT INTO kern.his_persbijhouding (id,pers,dataanvgel,dateindegel,tsreg,tsverval,actieinh,actieverval,nadereaandverval,actieaanpgel,bijhpartij,bijhaard,naderebijhaard,indonverwdocaanw) VALUES('132','6','19720928',null,'19720928','19970605','6','984',null,null,'366','1','1','false');
INSERT INTO kern.his_persbijhouding (id,pers,dataanvgel,dateindegel,tsreg,tsverval,actieinh,actieverval,nadereaandverval,actieaanpgel,bijhpartij,bijhaard,naderebijhaard,indonverwdocaanw) VALUES('21','7','20110205',null,'20110205',null,'982',null,null,null,'347','1','1','false');
INSERT INTO kern.his_persbijhouding (id,pers,dataanvgel,dateindegel,tsreg,tsverval,actieinh,actieverval,nadereaandverval,actieaanpgel,bijhpartij,bijhaard,naderebijhaard,indonverwdocaanw) VALUES('20','7','20031024','20110205','20110205',null,'981',null,null,'982','1415','1','1','false');
INSERT INTO kern.his_persbijhouding (id,pers,dataanvgel,dateindegel,tsreg,tsverval,actieinh,actieverval,nadereaandverval,actieaanpgel,bijhpartij,bijhaard,naderebijhaard,indonverwdocaanw) VALUES('133','7','20031024',null,'20031024','20110205','981','982',null,null,'1415','1','1','false');
INSERT INTO kern.his_persbijhouding (id,pers,dataanvgel,dateindegel,tsreg,tsverval,actieinh,actieverval,nadereaandverval,actieaanpgel,bijhpartij,bijhaard,naderebijhaard,indonverwdocaanw) VALUES('19','7','19800616','20031024','20031024',null,'7',null,null,'981','602','1','1','false');
INSERT INTO kern.his_persbijhouding (id,pers,dataanvgel,dateindegel,tsreg,tsverval,actieinh,actieverval,nadereaandverval,actieaanpgel,bijhpartij,bijhaard,naderebijhaard,indonverwdocaanw) VALUES('134','7','19800616',null,'19800616','20031024','7','981',null,null,'602','1','1','false');
INSERT INTO kern.his_persbijhouding (id,pers,dataanvgel,dateindegel,tsreg,tsverval,actieinh,actieverval,nadereaandverval,actieaanpgel,bijhpartij,bijhaard,naderebijhaard,indonverwdocaanw) VALUES('24','8','20110205',null,'20110205',null,'979',null,null,null,'347','1','1','false');
INSERT INTO kern.his_persbijhouding (id,pers,dataanvgel,dateindegel,tsreg,tsverval,actieinh,actieverval,nadereaandverval,actieaanpgel,bijhpartij,bijhaard,naderebijhaard,indonverwdocaanw) VALUES('23','8','20031024','20110205','20110205',null,'978',null,null,'979','1415','1','1','false');
INSERT INTO kern.his_persbijhouding (id,pers,dataanvgel,dateindegel,tsreg,tsverval,actieinh,actieverval,nadereaandverval,actieaanpgel,bijhpartij,bijhaard,naderebijhaard,indonverwdocaanw) VALUES('135','8','20031024',null,'20031024','20110205','978','979',null,null,'1415','1','1','false');
INSERT INTO kern.his_persbijhouding (id,pers,dataanvgel,dateindegel,tsreg,tsverval,actieinh,actieverval,nadereaandverval,actieaanpgel,bijhpartij,bijhaard,naderebijhaard,indonverwdocaanw) VALUES('22','8','19810418','20031024','20031024',null,'8',null,null,'978','347','1','1','false');
INSERT INTO kern.his_persbijhouding (id,pers,dataanvgel,dateindegel,tsreg,tsverval,actieinh,actieverval,nadereaandverval,actieaanpgel,bijhpartij,bijhaard,naderebijhaard,indonverwdocaanw) VALUES('136','8','19810418',null,'19810418','20031024','8','978',null,null,'347','1','1','false');
INSERT INTO kern.his_persbijhouding (id,pers,dataanvgel,dateindegel,tsreg,tsverval,actieinh,actieverval,nadereaandverval,actieaanpgel,bijhpartij,bijhaard,naderebijhaard,indonverwdocaanw) VALUES('26','9','20110205',null,'20110205',null,'976',null,null,null,'347','1','1','false');
INSERT INTO kern.his_persbijhouding (id,pers,dataanvgel,dateindegel,tsreg,tsverval,actieinh,actieverval,nadereaandverval,actieaanpgel,bijhpartij,bijhaard,naderebijhaard,indonverwdocaanw) VALUES('25','9','19940101','20110205','20110205',null,'9',null,null,'976','1415','1','1','false');
INSERT INTO kern.his_persbijhouding (id,pers,dataanvgel,dateindegel,tsreg,tsverval,actieinh,actieverval,nadereaandverval,actieaanpgel,bijhpartij,bijhaard,naderebijhaard,indonverwdocaanw) VALUES('137','9','19940101',null,'19940101','20110205','9','976',null,null,'1415','1','1','false');
INSERT INTO kern.his_persbijhouding (id,pers,dataanvgel,dateindegel,tsreg,tsverval,actieinh,actieverval,nadereaandverval,actieaanpgel,bijhpartij,bijhaard,naderebijhaard,indonverwdocaanw) VALUES('29','10','20090928',null,'20090928',null,'974',null,null,null,'347','1','1','false');
INSERT INTO kern.his_persbijhouding (id,pers,dataanvgel,dateindegel,tsreg,tsverval,actieinh,actieverval,nadereaandverval,actieaanpgel,bijhpartij,bijhaard,naderebijhaard,indonverwdocaanw) VALUES('28','10','19960304','20090928','20090928',null,'973',null,null,'974','775','1','1','false');
INSERT INTO kern.his_persbijhouding (id,pers,dataanvgel,dateindegel,tsreg,tsverval,actieinh,actieverval,nadereaandverval,actieaanpgel,bijhpartij,bijhaard,naderebijhaard,indonverwdocaanw) VALUES('138','10','19960304',null,'19960304','20090928','973','974',null,null,'775','1','1','false');
INSERT INTO kern.his_persbijhouding (id,pers,dataanvgel,dateindegel,tsreg,tsverval,actieinh,actieverval,nadereaandverval,actieaanpgel,bijhpartij,bijhaard,naderebijhaard,indonverwdocaanw) VALUES('27','10','19691231','19960304','19960304',null,'10',null,null,'973','602','1','1','false');
INSERT INTO kern.his_persbijhouding (id,pers,dataanvgel,dateindegel,tsreg,tsverval,actieinh,actieverval,nadereaandverval,actieaanpgel,bijhpartij,bijhaard,naderebijhaard,indonverwdocaanw) VALUES('139','10','19691231',null,'19691231','19960304','10','973',null,null,'602','1','1','false');
INSERT INTO kern.his_persbijhouding (id,pers,dataanvgel,dateindegel,tsreg,tsverval,actieinh,actieverval,nadereaandverval,actieaanpgel,bijhpartij,bijhaard,naderebijhaard,indonverwdocaanw) VALUES('32','11','20090928',null,'20090928',null,'971',null,null,null,'347','1','1','false');
INSERT INTO kern.his_persbijhouding (id,pers,dataanvgel,dateindegel,tsreg,tsverval,actieinh,actieverval,nadereaandverval,actieaanpgel,bijhpartij,bijhaard,naderebijhaard,indonverwdocaanw) VALUES('31','11','19960304','20090928','20090928',null,'970',null,null,'971','775','1','1','false');
INSERT INTO kern.his_persbijhouding (id,pers,dataanvgel,dateindegel,tsreg,tsverval,actieinh,actieverval,nadereaandverval,actieaanpgel,bijhpartij,bijhaard,naderebijhaard,indonverwdocaanw) VALUES('140','11','19960304',null,'19960304','20090928','970','971',null,null,'775','1','1','false');
INSERT INTO kern.his_persbijhouding (id,pers,dataanvgel,dateindegel,tsreg,tsverval,actieinh,actieverval,nadereaandverval,actieaanpgel,bijhpartij,bijhaard,naderebijhaard,indonverwdocaanw) VALUES('30','11','19690516','19960304','19960304',null,'11',null,null,'970','602','1','1','false');
INSERT INTO kern.his_persbijhouding (id,pers,dataanvgel,dateindegel,tsreg,tsverval,actieinh,actieverval,nadereaandverval,actieaanpgel,bijhpartij,bijhaard,naderebijhaard,indonverwdocaanw) VALUES('141','11','19690516',null,'19690516','19960304','11','970',null,null,'602','1','1','false');
INSERT INTO kern.his_persbijhouding (id,pers,dataanvgel,dateindegel,tsreg,tsverval,actieinh,actieverval,nadereaandverval,actieaanpgel,bijhpartij,bijhaard,naderebijhaard,indonverwdocaanw) VALUES('34','12','20000228',null,'20000228',null,'968',null,null,null,'347','1','1','false');
INSERT INTO kern.his_persbijhouding (id,pers,dataanvgel,dateindegel,tsreg,tsverval,actieinh,actieverval,nadereaandverval,actieaanpgel,bijhpartij,bijhaard,naderebijhaard,indonverwdocaanw) VALUES('33','12','19771210','20000228','20000228',null,'12',null,null,'968','629','1','1','false');
INSERT INTO kern.his_persbijhouding (id,pers,dataanvgel,dateindegel,tsreg,tsverval,actieinh,actieverval,nadereaandverval,actieaanpgel,bijhpartij,bijhaard,naderebijhaard,indonverwdocaanw) VALUES('142','12','19771210',null,'19771210','20000228','12','968',null,null,'629','1','1','false');
INSERT INTO kern.his_persbijhouding (id,pers,dataanvgel,dateindegel,tsreg,tsverval,actieinh,actieverval,nadereaandverval,actieaanpgel,bijhpartij,bijhaard,naderebijhaard,indonverwdocaanw) VALUES('36','13','19920508',null,'19920508',null,'966',null,null,null,'347','1','1','false');
INSERT INTO kern.his_persbijhouding (id,pers,dataanvgel,dateindegel,tsreg,tsverval,actieinh,actieverval,nadereaandverval,actieaanpgel,bijhpartij,bijhaard,naderebijhaard,indonverwdocaanw) VALUES('35','13','19550602','19920508','19920508',null,'13',null,null,'966','991','1','1','false');
INSERT INTO kern.his_persbijhouding (id,pers,dataanvgel,dateindegel,tsreg,tsverval,actieinh,actieverval,nadereaandverval,actieaanpgel,bijhpartij,bijhaard,naderebijhaard,indonverwdocaanw) VALUES('143','13','19550602',null,'19550602','19920508','13','966',null,null,'991','1','1','false');
INSERT INTO kern.his_persbijhouding (id,pers,dataanvgel,dateindegel,tsreg,tsverval,actieinh,actieverval,nadereaandverval,actieaanpgel,bijhpartij,bijhaard,naderebijhaard,indonverwdocaanw) VALUES('38','14','20111111',null,'20111111',null,'506',null,null,null,'347','1','4','false');
INSERT INTO kern.his_persbijhouding (id,pers,dataanvgel,dateindegel,tsreg,tsverval,actieinh,actieverval,nadereaandverval,actieaanpgel,bijhpartij,bijhaard,naderebijhaard,indonverwdocaanw) VALUES('37','14','19780611','20111111','20111111',null,'14',null,null,null,'347','1','1','false');
INSERT INTO kern.his_persbijhouding (id,pers,dataanvgel,dateindegel,tsreg,tsverval,actieinh,actieverval,nadereaandverval,actieaanpgel,bijhpartij,bijhaard,naderebijhaard,indonverwdocaanw) VALUES('144','14','19780611',null,'19780611','20111111','14',null,null,null,'347','1','1','false');
INSERT INTO kern.his_persbijhouding (id,pers,dataanvgel,dateindegel,tsreg,tsverval,actieinh,actieverval,nadereaandverval,actieaanpgel,bijhpartij,bijhaard,naderebijhaard,indonverwdocaanw) VALUES('40','15','20110425',null,'20110425',null,'963',null,null,null,'347','1','1','false');
INSERT INTO kern.his_persbijhouding (id,pers,dataanvgel,dateindegel,tsreg,tsverval,actieinh,actieverval,nadereaandverval,actieaanpgel,bijhpartij,bijhaard,naderebijhaard,indonverwdocaanw) VALUES('39','15','19880425','20110425','20110425',null,'15',null,null,'963','94','1','1','false');
INSERT INTO kern.his_persbijhouding (id,pers,dataanvgel,dateindegel,tsreg,tsverval,actieinh,actieverval,nadereaandverval,actieaanpgel,bijhpartij,bijhaard,naderebijhaard,indonverwdocaanw) VALUES('145','15','19880425',null,'19880425','20110425','15','963',null,null,'94','1','1','false');
INSERT INTO kern.his_persbijhouding (id,pers,dataanvgel,dateindegel,tsreg,tsverval,actieinh,actieverval,nadereaandverval,actieaanpgel,bijhpartij,bijhaard,naderebijhaard,indonverwdocaanw) VALUES('43','16','20100626',null,'20100626',null,'961',null,null,null,'347','1','1','false');
INSERT INTO kern.his_persbijhouding (id,pers,dataanvgel,dateindegel,tsreg,tsverval,actieinh,actieverval,nadereaandverval,actieaanpgel,bijhpartij,bijhaard,naderebijhaard,indonverwdocaanw) VALUES('42','16','19880425','20100626','20100626',null,'960',null,null,'961','741','1','1','false');
INSERT INTO kern.his_persbijhouding (id,pers,dataanvgel,dateindegel,tsreg,tsverval,actieinh,actieverval,nadereaandverval,actieaanpgel,bijhpartij,bijhaard,naderebijhaard,indonverwdocaanw) VALUES('146','16','19880425',null,'19880425','20100626','960','961',null,null,'741','1','1','false');
INSERT INTO kern.his_persbijhouding (id,pers,dataanvgel,dateindegel,tsreg,tsverval,actieinh,actieverval,nadereaandverval,actieaanpgel,bijhpartij,bijhaard,naderebijhaard,indonverwdocaanw) VALUES('41','16','18991210','19880425','19880425',null,'16',null,null,'960','521','1','1','false');
INSERT INTO kern.his_persbijhouding (id,pers,dataanvgel,dateindegel,tsreg,tsverval,actieinh,actieverval,nadereaandverval,actieaanpgel,bijhpartij,bijhaard,naderebijhaard,indonverwdocaanw) VALUES('147','16','18991210',null,'18991210','19880425','16','960',null,null,'521','1','1','false');
INSERT INTO kern.his_persbijhouding (id,pers,dataanvgel,dateindegel,tsreg,tsverval,actieinh,actieverval,nadereaandverval,actieaanpgel,bijhpartij,bijhaard,naderebijhaard,indonverwdocaanw) VALUES('45','17','20030327',null,'20030327',null,'958',null,null,null,'347','1','1','false');
INSERT INTO kern.his_persbijhouding (id,pers,dataanvgel,dateindegel,tsreg,tsverval,actieinh,actieverval,nadereaandverval,actieaanpgel,bijhpartij,bijhaard,naderebijhaard,indonverwdocaanw) VALUES('44','17','19820523','20030327','20030327',null,'17',null,null,'958','403','1','1','false');
INSERT INTO kern.his_persbijhouding (id,pers,dataanvgel,dateindegel,tsreg,tsverval,actieinh,actieverval,nadereaandverval,actieaanpgel,bijhpartij,bijhaard,naderebijhaard,indonverwdocaanw) VALUES('148','17','19820523',null,'19820523','20030327','17','958',null,null,'403','1','1','false');
INSERT INTO kern.his_persbijhouding (id,pers,dataanvgel,dateindegel,tsreg,tsverval,actieinh,actieverval,nadereaandverval,actieaanpgel,bijhpartij,bijhaard,naderebijhaard,indonverwdocaanw) VALUES('47','18','19911002',null,'19911002',null,'956',null,null,null,'347','1','1','false');
INSERT INTO kern.his_persbijhouding (id,pers,dataanvgel,dateindegel,tsreg,tsverval,actieinh,actieverval,nadereaandverval,actieaanpgel,bijhpartij,bijhaard,naderebijhaard,indonverwdocaanw) VALUES('46','18','19840411','19911002','19911002',null,'18',null,null,'956','508','1','1','false');
INSERT INTO kern.his_persbijhouding (id,pers,dataanvgel,dateindegel,tsreg,tsverval,actieinh,actieverval,nadereaandverval,actieaanpgel,bijhpartij,bijhaard,naderebijhaard,indonverwdocaanw) VALUES('149','18','19840411',null,'19840411','19911002','18','956',null,null,'508','1','1','false');
INSERT INTO kern.his_persbijhouding (id,pers,dataanvgel,dateindegel,tsreg,tsverval,actieinh,actieverval,nadereaandverval,actieaanpgel,bijhpartij,bijhaard,naderebijhaard,indonverwdocaanw) VALUES('49','19','19901111',null,'19901111',null,'954',null,null,null,'347','1','1','false');
INSERT INTO kern.his_persbijhouding (id,pers,dataanvgel,dateindegel,tsreg,tsverval,actieinh,actieverval,nadereaandverval,actieaanpgel,bijhpartij,bijhaard,naderebijhaard,indonverwdocaanw) VALUES('48','19','19741026','19901111','19901111',null,'19',null,null,'954','522','1','1','false');
INSERT INTO kern.his_persbijhouding (id,pers,dataanvgel,dateindegel,tsreg,tsverval,actieinh,actieverval,nadereaandverval,actieaanpgel,bijhpartij,bijhaard,naderebijhaard,indonverwdocaanw) VALUES('150','19','19741026',null,'19741026','19901111','19','954',null,null,'522','1','1','false');
INSERT INTO kern.his_persbijhouding (id,pers,dataanvgel,dateindegel,tsreg,tsverval,actieinh,actieverval,nadereaandverval,actieaanpgel,bijhpartij,bijhaard,naderebijhaard,indonverwdocaanw) VALUES('51','20','19820528',null,'19820528',null,'952',null,null,null,'347','1','1','false');
INSERT INTO kern.his_persbijhouding (id,pers,dataanvgel,dateindegel,tsreg,tsverval,actieinh,actieverval,nadereaandverval,actieaanpgel,bijhpartij,bijhaard,naderebijhaard,indonverwdocaanw) VALUES('50','20','19760103','19820528','19820528',null,'20',null,null,'952','403','1','1','false');
INSERT INTO kern.his_persbijhouding (id,pers,dataanvgel,dateindegel,tsreg,tsverval,actieinh,actieverval,nadereaandverval,actieaanpgel,bijhpartij,bijhaard,naderebijhaard,indonverwdocaanw) VALUES('151','20','19760103',null,'19760103','19820528','20','952',null,null,'403','1','1','false');
INSERT INTO kern.his_persbijhouding (id,pers,dataanvgel,dateindegel,tsreg,tsverval,actieinh,actieverval,nadereaandverval,actieaanpgel,bijhpartij,bijhaard,naderebijhaard,indonverwdocaanw) VALUES('53','21','20010328',null,'20010328',null,'950',null,null,null,'347','1','1','false');
INSERT INTO kern.his_persbijhouding (id,pers,dataanvgel,dateindegel,tsreg,tsverval,actieinh,actieverval,nadereaandverval,actieaanpgel,bijhpartij,bijhaard,naderebijhaard,indonverwdocaanw) VALUES('52','21','19920516','20010328','20010328',null,'21',null,null,'950','342','1','1','false');
INSERT INTO kern.his_persbijhouding (id,pers,dataanvgel,dateindegel,tsreg,tsverval,actieinh,actieverval,nadereaandverval,actieaanpgel,bijhpartij,bijhaard,naderebijhaard,indonverwdocaanw) VALUES('152','21','19920516',null,'19920516','20010328','21','950',null,null,'342','1','1','false');
INSERT INTO kern.his_persbijhouding (id,pers,dataanvgel,dateindegel,tsreg,tsverval,actieinh,actieverval,nadereaandverval,actieaanpgel,bijhpartij,bijhaard,naderebijhaard,indonverwdocaanw) VALUES('55','22','20101002',null,'20101002',null,'948',null,null,null,'347','1','1','false');
INSERT INTO kern.his_persbijhouding (id,pers,dataanvgel,dateindegel,tsreg,tsverval,actieinh,actieverval,nadereaandverval,actieaanpgel,bijhpartij,bijhaard,naderebijhaard,indonverwdocaanw) VALUES('54','22','19951003','20101002','20101002',null,'22',null,null,'948','508','1','1','false');
INSERT INTO kern.his_persbijhouding (id,pers,dataanvgel,dateindegel,tsreg,tsverval,actieinh,actieverval,nadereaandverval,actieaanpgel,bijhpartij,bijhaard,naderebijhaard,indonverwdocaanw) VALUES('153','22','19951003',null,'19951003','20101002','22','948',null,null,'508','1','1','false');
INSERT INTO kern.his_persbijhouding (id,pers,dataanvgel,dateindegel,tsreg,tsverval,actieinh,actieverval,nadereaandverval,actieaanpgel,bijhpartij,bijhaard,naderebijhaard,indonverwdocaanw) VALUES('57','23','19970605',null,'19970605',null,'946',null,null,null,'347','1','1','false');
INSERT INTO kern.his_persbijhouding (id,pers,dataanvgel,dateindegel,tsreg,tsverval,actieinh,actieverval,nadereaandverval,actieaanpgel,bijhpartij,bijhaard,naderebijhaard,indonverwdocaanw) VALUES('56','23','19680310','19970605','19970605',null,'23',null,null,'946','403','1','1','false');
INSERT INTO kern.his_persbijhouding (id,pers,dataanvgel,dateindegel,tsreg,tsverval,actieinh,actieverval,nadereaandverval,actieaanpgel,bijhpartij,bijhaard,naderebijhaard,indonverwdocaanw) VALUES('154','23','19680310',null,'19680310','19970605','23','946',null,null,'403','1','1','false');
INSERT INTO kern.his_persbijhouding (id,pers,dataanvgel,dateindegel,tsreg,tsverval,actieinh,actieverval,nadereaandverval,actieaanpgel,bijhpartij,bijhaard,naderebijhaard,indonverwdocaanw) VALUES('59','24','19790928',null,'19790928',null,'944',null,null,null,'347','1','1','false');
INSERT INTO kern.his_persbijhouding (id,pers,dataanvgel,dateindegel,tsreg,tsverval,actieinh,actieverval,nadereaandverval,actieaanpgel,bijhpartij,bijhaard,naderebijhaard,indonverwdocaanw) VALUES('58','24','19770401','19790928','19790928',null,'24',null,null,'944','366','1','1','false');
INSERT INTO kern.his_persbijhouding (id,pers,dataanvgel,dateindegel,tsreg,tsverval,actieinh,actieverval,nadereaandverval,actieaanpgel,bijhpartij,bijhaard,naderebijhaard,indonverwdocaanw) VALUES('155','24','19770401',null,'19770401','19790928','24','944',null,null,'366','1','1','false');
INSERT INTO kern.his_persbijhouding (id,pers,dataanvgel,dateindegel,tsreg,tsverval,actieinh,actieverval,nadereaandverval,actieaanpgel,bijhpartij,bijhaard,naderebijhaard,indonverwdocaanw) VALUES('61','25','19950929',null,'19950929',null,'942',null,null,null,'347','1','1','false');
INSERT INTO kern.his_persbijhouding (id,pers,dataanvgel,dateindegel,tsreg,tsverval,actieinh,actieverval,nadereaandverval,actieaanpgel,bijhpartij,bijhaard,naderebijhaard,indonverwdocaanw) VALUES('60','25','19880611','19950929','19950929',null,'25',null,null,'942','366','1','1','false');
INSERT INTO kern.his_persbijhouding (id,pers,dataanvgel,dateindegel,tsreg,tsverval,actieinh,actieverval,nadereaandverval,actieaanpgel,bijhpartij,bijhaard,naderebijhaard,indonverwdocaanw) VALUES('156','25','19880611',null,'19880611','19950929','25','942',null,null,'366','1','1','false');
INSERT INTO kern.his_persbijhouding (id,pers,dataanvgel,dateindegel,tsreg,tsverval,actieinh,actieverval,nadereaandverval,actieaanpgel,bijhpartij,bijhaard,naderebijhaard,indonverwdocaanw) VALUES('63','26','20000101',null,'20000101',null,'940',null,null,null,'347','1','1','false');
INSERT INTO kern.his_persbijhouding (id,pers,dataanvgel,dateindegel,tsreg,tsverval,actieinh,actieverval,nadereaandverval,actieaanpgel,bijhpartij,bijhaard,naderebijhaard,indonverwdocaanw) VALUES('62','26','19910721','20000101','20000101',null,'26',null,null,'940','506','1','1','false');
INSERT INTO kern.his_persbijhouding (id,pers,dataanvgel,dateindegel,tsreg,tsverval,actieinh,actieverval,nadereaandverval,actieaanpgel,bijhpartij,bijhaard,naderebijhaard,indonverwdocaanw) VALUES('157','26','19910721',null,'19910721','20000101','26','940',null,null,'506','1','1','false');
INSERT INTO kern.his_persbijhouding (id,pers,dataanvgel,dateindegel,tsreg,tsverval,actieinh,actieverval,nadereaandverval,actieaanpgel,bijhpartij,bijhaard,naderebijhaard,indonverwdocaanw) VALUES('65','27','20031024',null,'20031024',null,'938',null,null,null,'347','1','1','false');
INSERT INTO kern.his_persbijhouding (id,pers,dataanvgel,dateindegel,tsreg,tsverval,actieinh,actieverval,nadereaandverval,actieaanpgel,bijhpartij,bijhaard,naderebijhaard,indonverwdocaanw) VALUES('64','27','19910911','20031024','20031024',null,'27',null,null,'938','1415','1','1','false');
INSERT INTO kern.his_persbijhouding (id,pers,dataanvgel,dateindegel,tsreg,tsverval,actieinh,actieverval,nadereaandverval,actieaanpgel,bijhpartij,bijhaard,naderebijhaard,indonverwdocaanw) VALUES('158','27','19910911',null,'19910911','20031024','27','938',null,null,'1415','1','1','false');
INSERT INTO kern.his_persbijhouding (id,pers,dataanvgel,dateindegel,tsreg,tsverval,actieinh,actieverval,nadereaandverval,actieaanpgel,bijhpartij,bijhaard,naderebijhaard,indonverwdocaanw) VALUES('67','28','19990616',null,'19990616',null,'936',null,null,null,'347','1','1','false');
INSERT INTO kern.his_persbijhouding (id,pers,dataanvgel,dateindegel,tsreg,tsverval,actieinh,actieverval,nadereaandverval,actieaanpgel,bijhpartij,bijhaard,naderebijhaard,indonverwdocaanw) VALUES('66','28','19900722','19990616','19990616',null,'28',null,null,'936','977','1','1','false');
INSERT INTO kern.his_persbijhouding (id,pers,dataanvgel,dateindegel,tsreg,tsverval,actieinh,actieverval,nadereaandverval,actieaanpgel,bijhpartij,bijhaard,naderebijhaard,indonverwdocaanw) VALUES('159','28','19900722',null,'19900722','19990616','28','936',null,null,'977','1','1','false');
INSERT INTO kern.his_persbijhouding (id,pers,dataanvgel,dateindegel,tsreg,tsverval,actieinh,actieverval,nadereaandverval,actieaanpgel,bijhpartij,bijhaard,naderebijhaard,indonverwdocaanw) VALUES('68','29','19200430',null,'19200430',null,'29',null,null,null,'2','1','1','false');
INSERT INTO kern.his_persbijhouding (id,pers,dataanvgel,dateindegel,tsreg,tsverval,actieinh,actieverval,nadereaandverval,actieaanpgel,bijhpartij,bijhaard,naderebijhaard,indonverwdocaanw) VALUES('72','30','20120620',null,'20120620',null,'934',null,null,null,'347','1','1','false');
INSERT INTO kern.his_persbijhouding (id,pers,dataanvgel,dateindegel,tsreg,tsverval,actieinh,actieverval,nadereaandverval,actieaanpgel,bijhpartij,bijhaard,naderebijhaard,indonverwdocaanw) VALUES('71','30','20091201','20120620','20120620',null,'933',null,null,'934','347','1','1','false');
INSERT INTO kern.his_persbijhouding (id,pers,dataanvgel,dateindegel,tsreg,tsverval,actieinh,actieverval,nadereaandverval,actieaanpgel,bijhpartij,bijhaard,naderebijhaard,indonverwdocaanw) VALUES('160','30','20091201',null,'20091201','20120620','933','934',null,null,'347','1','1','false');
INSERT INTO kern.his_persbijhouding (id,pers,dataanvgel,dateindegel,tsreg,tsverval,actieinh,actieverval,nadereaandverval,actieaanpgel,bijhpartij,bijhaard,naderebijhaard,indonverwdocaanw) VALUES('70','30','20060201','20091201','20091201',null,'932',null,null,'933','347','1','1','false');
INSERT INTO kern.his_persbijhouding (id,pers,dataanvgel,dateindegel,tsreg,tsverval,actieinh,actieverval,nadereaandverval,actieaanpgel,bijhpartij,bijhaard,naderebijhaard,indonverwdocaanw) VALUES('161','30','20060201',null,'20060201','20091201','932','933',null,null,'347','1','1','false');
INSERT INTO kern.his_persbijhouding (id,pers,dataanvgel,dateindegel,tsreg,tsverval,actieinh,actieverval,nadereaandverval,actieaanpgel,bijhpartij,bijhaard,naderebijhaard,indonverwdocaanw) VALUES('69','30','19220419','20060201','20060201',null,'30',null,null,'932','1239','1','1','false');
INSERT INTO kern.his_persbijhouding (id,pers,dataanvgel,dateindegel,tsreg,tsverval,actieinh,actieverval,nadereaandverval,actieaanpgel,bijhpartij,bijhaard,naderebijhaard,indonverwdocaanw) VALUES('162','30','19220419',null,'19220419','20060201','30','932',null,null,'1239','1','1','false');
INSERT INTO kern.his_persbijhouding (id,pers,dataanvgel,dateindegel,tsreg,tsverval,actieinh,actieverval,nadereaandverval,actieaanpgel,bijhpartij,bijhaard,naderebijhaard,indonverwdocaanw) VALUES('76','31','20120306',null,'20120306',null,'930',null,null,null,'347','1','1','false');
INSERT INTO kern.his_persbijhouding (id,pers,dataanvgel,dateindegel,tsreg,tsverval,actieinh,actieverval,nadereaandverval,actieaanpgel,bijhpartij,bijhaard,naderebijhaard,indonverwdocaanw) VALUES('75','31','20010926','20120306','20120306',null,'929',null,null,'930','347','1','1','false');
INSERT INTO kern.his_persbijhouding (id,pers,dataanvgel,dateindegel,tsreg,tsverval,actieinh,actieverval,nadereaandverval,actieaanpgel,bijhpartij,bijhaard,naderebijhaard,indonverwdocaanw) VALUES('163','31','20010926',null,'20010926','20120306','929','930',null,null,'347','1','1','false');
INSERT INTO kern.his_persbijhouding (id,pers,dataanvgel,dateindegel,tsreg,tsverval,actieinh,actieverval,nadereaandverval,actieaanpgel,bijhpartij,bijhaard,naderebijhaard,indonverwdocaanw) VALUES('74','31','20000827','20010926','20010926',null,'928',null,null,'929','347','1','1','false');
INSERT INTO kern.his_persbijhouding (id,pers,dataanvgel,dateindegel,tsreg,tsverval,actieinh,actieverval,nadereaandverval,actieaanpgel,bijhpartij,bijhaard,naderebijhaard,indonverwdocaanw) VALUES('164','31','20000827',null,'20000827','20010926','928','929',null,null,'347','1','1','false');
INSERT INTO kern.his_persbijhouding (id,pers,dataanvgel,dateindegel,tsreg,tsverval,actieinh,actieverval,nadereaandverval,actieaanpgel,bijhpartij,bijhaard,naderebijhaard,indonverwdocaanw) VALUES('73','31','19920219','20000827','20000827',null,'31',null,null,'928','977','1','1','false');
INSERT INTO kern.his_persbijhouding (id,pers,dataanvgel,dateindegel,tsreg,tsverval,actieinh,actieverval,nadereaandverval,actieaanpgel,bijhpartij,bijhaard,naderebijhaard,indonverwdocaanw) VALUES('165','31','19920219',null,'19920219','20000827','31','928',null,null,'977','1','1','false');
INSERT INTO kern.his_persbijhouding (id,pers,dataanvgel,dateindegel,tsreg,tsverval,actieinh,actieverval,nadereaandverval,actieaanpgel,bijhpartij,bijhaard,naderebijhaard,indonverwdocaanw) VALUES('80','32','20120621',null,'20120621',null,'926',null,null,null,'347','1','1','false');
INSERT INTO kern.his_persbijhouding (id,pers,dataanvgel,dateindegel,tsreg,tsverval,actieinh,actieverval,nadereaandverval,actieaanpgel,bijhpartij,bijhaard,naderebijhaard,indonverwdocaanw) VALUES('79','32','20010301','20120621','20120621',null,'925',null,null,'926','347','1','1','false');
INSERT INTO kern.his_persbijhouding (id,pers,dataanvgel,dateindegel,tsreg,tsverval,actieinh,actieverval,nadereaandverval,actieaanpgel,bijhpartij,bijhaard,naderebijhaard,indonverwdocaanw) VALUES('166','32','20010301',null,'20010301','20120621','925','926',null,null,'347','1','1','false');
INSERT INTO kern.his_persbijhouding (id,pers,dataanvgel,dateindegel,tsreg,tsverval,actieinh,actieverval,nadereaandverval,actieaanpgel,bijhpartij,bijhaard,naderebijhaard,indonverwdocaanw) VALUES('78','32','19670601','20010301','20010301',null,'924',null,null,'925','347','1','1','false');
INSERT INTO kern.his_persbijhouding (id,pers,dataanvgel,dateindegel,tsreg,tsverval,actieinh,actieverval,nadereaandverval,actieaanpgel,bijhpartij,bijhaard,naderebijhaard,indonverwdocaanw) VALUES('167','32','19670601',null,'19670601','20010301','924','925',null,null,'347','1','1','false');
INSERT INTO kern.his_persbijhouding (id,pers,dataanvgel,dateindegel,tsreg,tsverval,actieinh,actieverval,nadereaandverval,actieaanpgel,bijhpartij,bijhaard,naderebijhaard,indonverwdocaanw) VALUES('77','32','19510923','19670601','19670601',null,'32',null,null,'924','522','1','1','false');
INSERT INTO kern.his_persbijhouding (id,pers,dataanvgel,dateindegel,tsreg,tsverval,actieinh,actieverval,nadereaandverval,actieaanpgel,bijhpartij,bijhaard,naderebijhaard,indonverwdocaanw) VALUES('168','32','19510923',null,'19510923','19670601','32','924',null,null,'522','1','1','false');
INSERT INTO kern.his_persbijhouding (id,pers,dataanvgel,dateindegel,tsreg,tsverval,actieinh,actieverval,nadereaandverval,actieaanpgel,bijhpartij,bijhaard,naderebijhaard,indonverwdocaanw) VALUES('84','33','20120621',null,'20120621',null,'922',null,null,null,'347','1','1','false');
INSERT INTO kern.his_persbijhouding (id,pers,dataanvgel,dateindegel,tsreg,tsverval,actieinh,actieverval,nadereaandverval,actieaanpgel,bijhpartij,bijhaard,naderebijhaard,indonverwdocaanw) VALUES('83','33','20010301','20120621','20120621',null,'921',null,null,'922','347','1','1','false');
INSERT INTO kern.his_persbijhouding (id,pers,dataanvgel,dateindegel,tsreg,tsverval,actieinh,actieverval,nadereaandverval,actieaanpgel,bijhpartij,bijhaard,naderebijhaard,indonverwdocaanw) VALUES('169','33','20010301',null,'20010301','20120621','921','922',null,null,'347','1','1','false');
INSERT INTO kern.his_persbijhouding (id,pers,dataanvgel,dateindegel,tsreg,tsverval,actieinh,actieverval,nadereaandverval,actieaanpgel,bijhpartij,bijhaard,naderebijhaard,indonverwdocaanw) VALUES('82','33','19670601','20010301','20010301',null,'920',null,null,'921','347','1','1','false');
INSERT INTO kern.his_persbijhouding (id,pers,dataanvgel,dateindegel,tsreg,tsverval,actieinh,actieverval,nadereaandverval,actieaanpgel,bijhpartij,bijhaard,naderebijhaard,indonverwdocaanw) VALUES('170','33','19670601',null,'19670601','20010301','920','921',null,null,'347','1','1','false');
INSERT INTO kern.his_persbijhouding (id,pers,dataanvgel,dateindegel,tsreg,tsverval,actieinh,actieverval,nadereaandverval,actieaanpgel,bijhpartij,bijhaard,naderebijhaard,indonverwdocaanw) VALUES('81','33','19531116','19670601','19670601',null,'33',null,null,'920','506','1','1','false');
INSERT INTO kern.his_persbijhouding (id,pers,dataanvgel,dateindegel,tsreg,tsverval,actieinh,actieverval,nadereaandverval,actieaanpgel,bijhpartij,bijhaard,naderebijhaard,indonverwdocaanw) VALUES('171','33','19531116',null,'19531116','19670601','33','920',null,null,'506','1','1','false');
INSERT INTO kern.his_persbijhouding (id,pers,dataanvgel,dateindegel,tsreg,tsverval,actieinh,actieverval,nadereaandverval,actieaanpgel,bijhpartij,bijhaard,naderebijhaard,indonverwdocaanw) VALUES('88','34','20090701',null,'20090701',null,'918',null,null,null,'347','1','1','false');
INSERT INTO kern.his_persbijhouding (id,pers,dataanvgel,dateindegel,tsreg,tsverval,actieinh,actieverval,nadereaandverval,actieaanpgel,bijhpartij,bijhaard,naderebijhaard,indonverwdocaanw) VALUES('87','34','20080218','20090701','20090701',null,'917',null,null,'918','347','1','1','false');
INSERT INTO kern.his_persbijhouding (id,pers,dataanvgel,dateindegel,tsreg,tsverval,actieinh,actieverval,nadereaandverval,actieaanpgel,bijhpartij,bijhaard,naderebijhaard,indonverwdocaanw) VALUES('172','34','20080218',null,'20080218','20090701','917','918',null,null,'347','1','1','false');
INSERT INTO kern.his_persbijhouding (id,pers,dataanvgel,dateindegel,tsreg,tsverval,actieinh,actieverval,nadereaandverval,actieaanpgel,bijhpartij,bijhaard,naderebijhaard,indonverwdocaanw) VALUES('86','34','20070406','20080218','20080218',null,'916',null,null,'917','347','1','1','false');
INSERT INTO kern.his_persbijhouding (id,pers,dataanvgel,dateindegel,tsreg,tsverval,actieinh,actieverval,nadereaandverval,actieaanpgel,bijhpartij,bijhaard,naderebijhaard,indonverwdocaanw) VALUES('173','34','20070406',null,'20070406','20080218','916','917',null,null,'347','1','1','false');
INSERT INTO kern.his_persbijhouding (id,pers,dataanvgel,dateindegel,tsreg,tsverval,actieinh,actieverval,nadereaandverval,actieaanpgel,bijhpartij,bijhaard,naderebijhaard,indonverwdocaanw) VALUES('85','34','19390402','20070406','20070406',null,'34',null,null,'916','403','1','1','false');
INSERT INTO kern.his_persbijhouding (id,pers,dataanvgel,dateindegel,tsreg,tsverval,actieinh,actieverval,nadereaandverval,actieaanpgel,bijhpartij,bijhaard,naderebijhaard,indonverwdocaanw) VALUES('174','34','19390402',null,'19390402','20070406','34','916',null,null,'403','1','1','false');
INSERT INTO kern.his_persbijhouding (id,pers,dataanvgel,dateindegel,tsreg,tsverval,actieinh,actieverval,nadereaandverval,actieaanpgel,bijhpartij,bijhaard,naderebijhaard,indonverwdocaanw) VALUES('92','35','20090301',null,'20090301',null,'914',null,null,null,'347','1','1','false');
INSERT INTO kern.his_persbijhouding (id,pers,dataanvgel,dateindegel,tsreg,tsverval,actieinh,actieverval,nadereaandverval,actieaanpgel,bijhpartij,bijhaard,naderebijhaard,indonverwdocaanw) VALUES('91','35','20081101','20090301','20090301',null,'913',null,null,'914','347','1','1','false');
INSERT INTO kern.his_persbijhouding (id,pers,dataanvgel,dateindegel,tsreg,tsverval,actieinh,actieverval,nadereaandverval,actieaanpgel,bijhpartij,bijhaard,naderebijhaard,indonverwdocaanw) VALUES('175','35','20081101',null,'20081101','20090301','913','914',null,null,'347','1','1','false');
INSERT INTO kern.his_persbijhouding (id,pers,dataanvgel,dateindegel,tsreg,tsverval,actieinh,actieverval,nadereaandverval,actieaanpgel,bijhpartij,bijhaard,naderebijhaard,indonverwdocaanw) VALUES('90','35','20050101','20081101','20081101',null,'912',null,null,'913','347','1','1','false');
INSERT INTO kern.his_persbijhouding (id,pers,dataanvgel,dateindegel,tsreg,tsverval,actieinh,actieverval,nadereaandverval,actieaanpgel,bijhpartij,bijhaard,naderebijhaard,indonverwdocaanw) VALUES('176','35','20050101',null,'20050101','20081101','912','913',null,null,'347','1','1','false');
INSERT INTO kern.his_persbijhouding (id,pers,dataanvgel,dateindegel,tsreg,tsverval,actieinh,actieverval,nadereaandverval,actieaanpgel,bijhpartij,bijhaard,naderebijhaard,indonverwdocaanw) VALUES('89','35','19841203','20050101','20050101',null,'35',null,null,'912','342','1','1','false');
INSERT INTO kern.his_persbijhouding (id,pers,dataanvgel,dateindegel,tsreg,tsverval,actieinh,actieverval,nadereaandverval,actieaanpgel,bijhpartij,bijhaard,naderebijhaard,indonverwdocaanw) VALUES('177','35','19841203',null,'19841203','20050101','35','912',null,null,'342','1','1','false');
INSERT INTO kern.his_persbijhouding (id,pers,dataanvgel,dateindegel,tsreg,tsverval,actieinh,actieverval,nadereaandverval,actieaanpgel,bijhpartij,bijhaard,naderebijhaard,indonverwdocaanw) VALUES('96','36','20090301',null,'20090301',null,'910',null,null,null,'347','1','1','false');
INSERT INTO kern.his_persbijhouding (id,pers,dataanvgel,dateindegel,tsreg,tsverval,actieinh,actieverval,nadereaandverval,actieaanpgel,bijhpartij,bijhaard,naderebijhaard,indonverwdocaanw) VALUES('95','36','20081101','20090301','20090301',null,'909',null,null,'910','347','1','1','false');
INSERT INTO kern.his_persbijhouding (id,pers,dataanvgel,dateindegel,tsreg,tsverval,actieinh,actieverval,nadereaandverval,actieaanpgel,bijhpartij,bijhaard,naderebijhaard,indonverwdocaanw) VALUES('178','36','20081101',null,'20081101','20090301','909','910',null,null,'347','1','1','false');
INSERT INTO kern.his_persbijhouding (id,pers,dataanvgel,dateindegel,tsreg,tsverval,actieinh,actieverval,nadereaandverval,actieaanpgel,bijhpartij,bijhaard,naderebijhaard,indonverwdocaanw) VALUES('94','36','20050101','20081101','20081101',null,'908',null,null,'909','347','1','1','false');
INSERT INTO kern.his_persbijhouding (id,pers,dataanvgel,dateindegel,tsreg,tsverval,actieinh,actieverval,nadereaandverval,actieaanpgel,bijhpartij,bijhaard,naderebijhaard,indonverwdocaanw) VALUES('179','36','20050101',null,'20050101','20081101','908','909',null,null,'347','1','1','false');
INSERT INTO kern.his_persbijhouding (id,pers,dataanvgel,dateindegel,tsreg,tsverval,actieinh,actieverval,nadereaandverval,actieaanpgel,bijhpartij,bijhaard,naderebijhaard,indonverwdocaanw) VALUES('93','36','19851011','20050101','20050101',null,'36',null,null,'908','342','1','1','false');
INSERT INTO kern.his_persbijhouding (id,pers,dataanvgel,dateindegel,tsreg,tsverval,actieinh,actieverval,nadereaandverval,actieaanpgel,bijhpartij,bijhaard,naderebijhaard,indonverwdocaanw) VALUES('180','36','19851011',null,'19851011','20050101','36','908',null,null,'342','1','1','false');
INSERT INTO kern.his_persbijhouding (id,pers,dataanvgel,dateindegel,tsreg,tsverval,actieinh,actieverval,nadereaandverval,actieaanpgel,bijhpartij,bijhaard,naderebijhaard,indonverwdocaanw) VALUES('99','37','20090301',null,'20090301',null,'906',null,null,null,'347','1','1','false');
INSERT INTO kern.his_persbijhouding (id,pers,dataanvgel,dateindegel,tsreg,tsverval,actieinh,actieverval,nadereaandverval,actieaanpgel,bijhpartij,bijhaard,naderebijhaard,indonverwdocaanw) VALUES('98','37','20081101','20090301','20090301',null,'905',null,null,'906','347','1','1','false');
INSERT INTO kern.his_persbijhouding (id,pers,dataanvgel,dateindegel,tsreg,tsverval,actieinh,actieverval,nadereaandverval,actieaanpgel,bijhpartij,bijhaard,naderebijhaard,indonverwdocaanw) VALUES('181','37','20081101',null,'20081101','20090301','905','906',null,null,'347','1','1','false');
INSERT INTO kern.his_persbijhouding (id,pers,dataanvgel,dateindegel,tsreg,tsverval,actieinh,actieverval,nadereaandverval,actieaanpgel,bijhpartij,bijhaard,naderebijhaard,indonverwdocaanw) VALUES('97','37','20050112','20081101','20081101',null,'37',null,null,'905','347','1','1','false');
INSERT INTO kern.his_persbijhouding (id,pers,dataanvgel,dateindegel,tsreg,tsverval,actieinh,actieverval,nadereaandverval,actieaanpgel,bijhpartij,bijhaard,naderebijhaard,indonverwdocaanw) VALUES('182','37','20050112',null,'20050112','20081101','37','905',null,null,'347','1','1','false');
INSERT INTO kern.his_persbijhouding (id,pers,dataanvgel,dateindegel,tsreg,tsverval,actieinh,actieverval,nadereaandverval,actieaanpgel,bijhpartij,bijhaard,naderebijhaard,indonverwdocaanw) VALUES('102','38','20090301',null,'20090301',null,'903',null,null,null,'347','1','1','false');
INSERT INTO kern.his_persbijhouding (id,pers,dataanvgel,dateindegel,tsreg,tsverval,actieinh,actieverval,nadereaandverval,actieaanpgel,bijhpartij,bijhaard,naderebijhaard,indonverwdocaanw) VALUES('101','38','20081101','20090301','20090301',null,'902',null,null,'903','347','1','1','false');
INSERT INTO kern.his_persbijhouding (id,pers,dataanvgel,dateindegel,tsreg,tsverval,actieinh,actieverval,nadereaandverval,actieaanpgel,bijhpartij,bijhaard,naderebijhaard,indonverwdocaanw) VALUES('183','38','20081101',null,'20081101','20090301','902','903',null,null,'347','1','1','false');
INSERT INTO kern.his_persbijhouding (id,pers,dataanvgel,dateindegel,tsreg,tsverval,actieinh,actieverval,nadereaandverval,actieaanpgel,bijhpartij,bijhaard,naderebijhaard,indonverwdocaanw) VALUES('100','38','20051201','20081101','20081101',null,'38',null,null,'902','347','1','1','false');
INSERT INTO kern.his_persbijhouding (id,pers,dataanvgel,dateindegel,tsreg,tsverval,actieinh,actieverval,nadereaandverval,actieaanpgel,bijhpartij,bijhaard,naderebijhaard,indonverwdocaanw) VALUES('184','38','20051201',null,'20051201','20081101','38','902',null,null,'347','1','1','false');
INSERT INTO kern.his_persbijhouding (id,pers,dataanvgel,dateindegel,tsreg,tsverval,actieinh,actieverval,nadereaandverval,actieaanpgel,bijhpartij,bijhaard,naderebijhaard,indonverwdocaanw) VALUES('106','39','20120522',null,'20120522',null,'900',null,null,null,'347','1','1','false');
INSERT INTO kern.his_persbijhouding (id,pers,dataanvgel,dateindegel,tsreg,tsverval,actieinh,actieverval,nadereaandverval,actieaanpgel,bijhpartij,bijhaard,naderebijhaard,indonverwdocaanw) VALUES('105','39','20111201','20120522','20120522',null,'899',null,null,'900','347','1','1','false');
INSERT INTO kern.his_persbijhouding (id,pers,dataanvgel,dateindegel,tsreg,tsverval,actieinh,actieverval,nadereaandverval,actieaanpgel,bijhpartij,bijhaard,naderebijhaard,indonverwdocaanw) VALUES('185','39','20111201',null,'20111201','20120522','899','900',null,null,'347','1','1','false');
INSERT INTO kern.his_persbijhouding (id,pers,dataanvgel,dateindegel,tsreg,tsverval,actieinh,actieverval,nadereaandverval,actieaanpgel,bijhpartij,bijhaard,naderebijhaard,indonverwdocaanw) VALUES('104','39','20101201','20111201','20111201',null,'898',null,null,'899','347','1','1','false');
INSERT INTO kern.his_persbijhouding (id,pers,dataanvgel,dateindegel,tsreg,tsverval,actieinh,actieverval,nadereaandverval,actieaanpgel,bijhpartij,bijhaard,naderebijhaard,indonverwdocaanw) VALUES('186','39','20101201',null,'20101201','20111201','898','899',null,null,'347','1','1','false');
INSERT INTO kern.his_persbijhouding (id,pers,dataanvgel,dateindegel,tsreg,tsverval,actieinh,actieverval,nadereaandverval,actieaanpgel,bijhpartij,bijhaard,naderebijhaard,indonverwdocaanw) VALUES('103','39','19910315','20101201','20101201',null,'39',null,null,'898','347','1','1','false');
INSERT INTO kern.his_persbijhouding (id,pers,dataanvgel,dateindegel,tsreg,tsverval,actieinh,actieverval,nadereaandverval,actieaanpgel,bijhpartij,bijhaard,naderebijhaard,indonverwdocaanw) VALUES('187','39','19910315',null,'19910315','20101201','39','898',null,null,'347','1','1','false');
INSERT INTO kern.his_persbijhouding (id,pers,dataanvgel,dateindegel,tsreg,tsverval,actieinh,actieverval,nadereaandverval,actieaanpgel,bijhpartij,bijhaard,naderebijhaard,indonverwdocaanw) VALUES('107','40','20010517',null,'20010517',null,'40',null,null,null,'347','1','1','false');
INSERT INTO kern.his_persbijhouding (id,pers,dataanvgel,dateindegel,tsreg,tsverval,actieinh,actieverval,nadereaandverval,actieaanpgel,bijhpartij,bijhaard,naderebijhaard,indonverwdocaanw) VALUES('112','41','20090206',null,'20090206',null,'629',null,null,null,'347','1','7','false');
INSERT INTO kern.his_persbijhouding (id,pers,dataanvgel,dateindegel,tsreg,tsverval,actieinh,actieverval,nadereaandverval,actieaanpgel,bijhpartij,bijhaard,naderebijhaard,indonverwdocaanw) VALUES('111','41','20090201','20090206','20090206',null,'895',null,null,null,'347','1','1','false');
INSERT INTO kern.his_persbijhouding (id,pers,dataanvgel,dateindegel,tsreg,tsverval,actieinh,actieverval,nadereaandverval,actieaanpgel,bijhpartij,bijhaard,naderebijhaard,indonverwdocaanw) VALUES('188','41','20090201',null,'20090201','20090206','895',null,null,null,'347','1','1','false');
INSERT INTO kern.his_persbijhouding (id,pers,dataanvgel,dateindegel,tsreg,tsverval,actieinh,actieverval,nadereaandverval,actieaanpgel,bijhpartij,bijhaard,naderebijhaard,indonverwdocaanw) VALUES('110','41','20060523','20090201','20090201',null,'894',null,null,'895','347','1','1','false');
INSERT INTO kern.his_persbijhouding (id,pers,dataanvgel,dateindegel,tsreg,tsverval,actieinh,actieverval,nadereaandverval,actieaanpgel,bijhpartij,bijhaard,naderebijhaard,indonverwdocaanw) VALUES('189','41','20060523',null,'20060523','20090201','894','895',null,null,'347','1','1','false');
INSERT INTO kern.his_persbijhouding (id,pers,dataanvgel,dateindegel,tsreg,tsverval,actieinh,actieverval,nadereaandverval,actieaanpgel,bijhpartij,bijhaard,naderebijhaard,indonverwdocaanw) VALUES('109','41','20040819','20060523','20060523',null,'893',null,null,'894','347','1','1','false');
INSERT INTO kern.his_persbijhouding (id,pers,dataanvgel,dateindegel,tsreg,tsverval,actieinh,actieverval,nadereaandverval,actieaanpgel,bijhpartij,bijhaard,naderebijhaard,indonverwdocaanw) VALUES('190','41','20040819',null,'20040819','20060523','893','894',null,null,'347','1','1','false');
INSERT INTO kern.his_persbijhouding (id,pers,dataanvgel,dateindegel,tsreg,tsverval,actieinh,actieverval,nadereaandverval,actieaanpgel,bijhpartij,bijhaard,naderebijhaard,indonverwdocaanw) VALUES('108','41','19680809','20040819','20040819',null,'41',null,null,'893','347','1','1','false');
INSERT INTO kern.his_persbijhouding (id,pers,dataanvgel,dateindegel,tsreg,tsverval,actieinh,actieverval,nadereaandverval,actieaanpgel,bijhpartij,bijhaard,naderebijhaard,indonverwdocaanw) VALUES('191','41','19680809',null,'19680809','20040819','41','893',null,null,'347','1','1','false');
INSERT INTO kern.his_persbijhouding (id,pers,dataanvgel,dateindegel,tsreg,tsverval,actieinh,actieverval,nadereaandverval,actieaanpgel,bijhpartij,bijhaard,naderebijhaard,indonverwdocaanw) VALUES('114','42','20010328',null,'20010328',null,'891',null,null,null,'347','1','1','false');
INSERT INTO kern.his_persbijhouding (id,pers,dataanvgel,dateindegel,tsreg,tsverval,actieinh,actieverval,nadereaandverval,actieaanpgel,bijhpartij,bijhaard,naderebijhaard,indonverwdocaanw) VALUES('113','42','19580921','20010328','20010328',null,'42',null,null,'891','342','1','1','false');
INSERT INTO kern.his_persbijhouding (id,pers,dataanvgel,dateindegel,tsreg,tsverval,actieinh,actieverval,nadereaandverval,actieaanpgel,bijhpartij,bijhaard,naderebijhaard,indonverwdocaanw) VALUES('192','42','19580921',null,'19580921','20010328','42','891',null,null,'342','1','1','false');
INSERT INTO kern.his_persbijhouding (id,pers,dataanvgel,dateindegel,tsreg,tsverval,actieinh,actieverval,nadereaandverval,actieaanpgel,bijhpartij,bijhaard,naderebijhaard,indonverwdocaanw) VALUES('116','43','19820528',null,'19820528',null,'889',null,null,null,'347','1','1','false');
INSERT INTO kern.his_persbijhouding (id,pers,dataanvgel,dateindegel,tsreg,tsverval,actieinh,actieverval,nadereaandverval,actieaanpgel,bijhpartij,bijhaard,naderebijhaard,indonverwdocaanw) VALUES('115','43','19590922','19820528','19820528',null,'43',null,null,'889','403','1','1','false');
INSERT INTO kern.his_persbijhouding (id,pers,dataanvgel,dateindegel,tsreg,tsverval,actieinh,actieverval,nadereaandverval,actieaanpgel,bijhpartij,bijhaard,naderebijhaard,indonverwdocaanw) VALUES('193','43','19590922',null,'19590922','19820528','43','889',null,null,'403','1','1','false');
INSERT INTO kern.his_persbijhouding (id,pers,dataanvgel,dateindegel,tsreg,tsverval,actieinh,actieverval,nadereaandverval,actieaanpgel,bijhpartij,bijhaard,naderebijhaard,indonverwdocaanw) VALUES('118','44','20010328',null,'20010328',null,'887',null,null,null,'347','1','1','false');
INSERT INTO kern.his_persbijhouding (id,pers,dataanvgel,dateindegel,tsreg,tsverval,actieinh,actieverval,nadereaandverval,actieaanpgel,bijhpartij,bijhaard,naderebijhaard,indonverwdocaanw) VALUES('117','44','19601221','20010328','20010328',null,'44',null,null,'887','342','1','1','false');
INSERT INTO kern.his_persbijhouding (id,pers,dataanvgel,dateindegel,tsreg,tsverval,actieinh,actieverval,nadereaandverval,actieaanpgel,bijhpartij,bijhaard,naderebijhaard,indonverwdocaanw) VALUES('194','44','19601221',null,'19601221','20010328','44','887',null,null,'342','1','1','false');
INSERT INTO kern.his_persbijhouding (id,pers,dataanvgel,dateindegel,tsreg,tsverval,actieinh,actieverval,nadereaandverval,actieaanpgel,bijhpartij,bijhaard,naderebijhaard,indonverwdocaanw) VALUES('120','45','19911002',null,'19911002',null,'885',null,null,null,'347','1','1','false');
INSERT INTO kern.his_persbijhouding (id,pers,dataanvgel,dateindegel,tsreg,tsverval,actieinh,actieverval,nadereaandverval,actieaanpgel,bijhpartij,bijhaard,naderebijhaard,indonverwdocaanw) VALUES('119','45','19611222','19911002','19911002',null,'45',null,null,'885','508','1','1','false');
INSERT INTO kern.his_persbijhouding (id,pers,dataanvgel,dateindegel,tsreg,tsverval,actieinh,actieverval,nadereaandverval,actieaanpgel,bijhpartij,bijhaard,naderebijhaard,indonverwdocaanw) VALUES('195','45','19611222',null,'19611222','19911002','45','885',null,null,'508','1','1','false');

commit;


--------------------------------------------------
--- EIND
--- Sheet: (his_persbijhouding)
--- Handler: SheetHandlerImplSimpleInsert
--- Aantal: (195)
--------------------------------------------------
--------------------------------------------------
--- START
--- Sheet: (-end-)
--- Handler: SheetHandlerImplTimestamp
--------------------------------------------------

begin;

DELETE FROM test.ARTversion;
INSERT INTO test.ARTversion (ID, FullVersion, ReleaseVersion, BuildTimestamp, ExcelTimestamp) VALUES (1, 'TestdataGenerator ${project.version}-r${svnrevision}-b${buildnumber} (${timestamp})','${project.version}','${timestamp}','07-10-2015 16:01:06');

commit;


--------------------------------------------------
--- EIND
--- Sheet: (-end-)
--- Handler: SheetHandlerImplTimestamp
--- Aantal: (1)
--------------------------------------------------
--------------------------------------------------
--- END Generated from: /media/truecrypt1/source/bmr_44/art/art-data/testdata/src/main/resources/brp-testdata/SierraTestdata-KUC042-HP.xls
--------------------------------------------------