truncate activiteit, gebeurtenis, lo3_bericht cascade;

/* succesvol verwerkt en doorgevoerd, tak 4 */
INSERT INTO activiteit (activiteit_id, activiteit_type, activiteit_subtype, moeder_id, toestand, start_dt, laatste_actie_dt, uiterlijke_actie_dt, pl_id, communicatie_partner, nr_1, nr_2, nr_3, nr_4, nr_5, tekst_1, tekst_2, tekst_3, tekst_4, tekst_5, trace_level, creatie_dt) VALUES (33, 100, 1111, 35, 8000, '2013-06-27 10:54:47.017', '2013-06-27 10:54:47.252', '2013-07-02 10:54:47.017', 8, '0563', NULL, NULL, NULL, NULL, NULL, NULL, NULL, NULL, NULL, NULL, NULL, '2013-06-27 10:54:47.017712');
INSERT INTO activiteit (activiteit_id, activiteit_type, activiteit_subtype, moeder_id, toestand, start_dt, laatste_actie_dt, uiterlijke_actie_dt, pl_id, communicatie_partner, nr_1, nr_2, nr_3, nr_4, nr_5, tekst_1, tekst_2, tekst_3, tekst_4, tekst_5, trace_level, creatie_dt) VALUES (35, 102, 1305, NULL, 8022, '2013-06-27 10:54:47.155', '2013-06-27 10:54:47.266', '2013-06-27 10:54:47.155', NULL, '0563', NULL, NULL, NULL, NULL, NULL, NULL, NULL, NULL, NULL, NULL, NULL, '2013-06-27 10:54:47.156405');

INSERT INTO gebeurtenis (gebeurtenis_id, gebeurtenis_type, gebeurtenis_dt, gebeurtenis_oms, activiteit_id, activiteit_nieuwe_toestand, creatie_door, creatie_dt, gebeurtenis_hash) VALUES (17, 1919, '2013-06-27 10:54:47.178', 'blaat', 33, 10000, NULL, '2013-06-27 10:54:47.181696', NULL);
INSERT INTO gebeurtenis (gebeurtenis_id, gebeurtenis_type, gebeurtenis_dt, gebeurtenis_oms, activiteit_id, activiteit_nieuwe_toestand, creatie_door, creatie_dt, gebeurtenis_hash) VALUES (20, 1110, '2013-06-27 10:54:47.252', 'blaat', 33, 8000, NULL, '2013-06-27 10:54:47.253113', -4851319824358859304);

INSERT INTO lo3_bericht (lo3_bericht_id, aanduiding_in_uit, bericht_activiteit_id, medium, originator_or_recipient, spg_mailbox_instantie, eref, bref, eref2, berichtcyclus_id, tijdstip_verzending_ontvangst, dispatch_sequence_number, report_delivery_time, non_delivery_reason, non_receipt_reason, bericht_data, kop_random_key, kop_berichtsoort_nummer, kop_a_nummer, kop_oud_a_nummer, kop_herhaling, kop_foutreden, kop_datum_tijd, creatie_dt) VALUES (18, 'I', 33, 'N', '0563010', 1, NULL, 'eref43211234', NULL, NULL, '2013-06-27 10:54:47.015', NULL, NULL, NULL, NULL, '00000000Lg01201306271054470156929678748000000000000860011770110010692967874801200093017712530210007Johanna0240004Maas03100081975083103200041033033000460300410001V6110001E821000407628220008199409308230003PKA851000819750831861000819951001020110240004Maas030110240004Maas04051051000400016310003001851000819750831861000819940930070776810008199409306910004076270100010801000400138020017200701101130410008710001P08223091000405630920008200707151010001W1020010Middelburg1030008200707151110010Buitenhove1115010Buitenhove11200023411600064337HB1170010Middelburg11800160563010000002310119001605632000000023107210001T85100082008081586100082008081558143091000405630920008200707151010001W1020010Middelburg1030008200707151110010Buitenhove11200023411600064337HB7210001I851000820070715861000820070718140284010006601202851000820030627140284010006251201851000820020704140284010006802501851000819940603140284010006890201851000819940222', 0, 'Lg01', 6929678748, 0, NULL, NULL, NULL, '2013-06-27 10:54:47.02');


/* succesvol verwerkt en doorgevoerd, tak 4, niet in groene selectie, wel in oranje selectie */
INSERT INTO activiteit (activiteit_id, activiteit_type, activiteit_subtype, moeder_id, toestand, start_dt, laatste_actie_dt, uiterlijke_actie_dt, pl_id, communicatie_partner, nr_1, nr_2, nr_3, nr_4, nr_5, tekst_1, tekst_2, tekst_3, tekst_4, tekst_5, trace_level, creatie_dt) VALUES (36, 100, 1111, 37, 8000, '2013-06-27 10:54:47.017', '2013-06-27 10:54:47.252', '2013-07-02 10:54:47.017', 8, '0563', NULL, NULL, NULL, NULL, NULL, NULL, NULL, NULL, NULL, NULL, NULL, '2013-06-27 10:54:47.017712');
INSERT INTO activiteit (activiteit_id, activiteit_type, activiteit_subtype, moeder_id, toestand, start_dt, laatste_actie_dt, uiterlijke_actie_dt, pl_id, communicatie_partner, nr_1, nr_2, nr_3, nr_4, nr_5, tekst_1, tekst_2, tekst_3, tekst_4, tekst_5, trace_level, creatie_dt) VALUES (37, 102, 1305, NULL, 8022, '2013-06-27 10:54:47.155', '2013-06-27 10:54:47.266', '2013-06-27 10:54:47.155', NULL, '0563', NULL, NULL, NULL, NULL, NULL, NULL, NULL, NULL, NULL, NULL, NULL, '2013-06-27 10:54:47.156405');

INSERT INTO gebeurtenis (gebeurtenis_id, gebeurtenis_type, gebeurtenis_dt, gebeurtenis_oms, activiteit_id, activiteit_nieuwe_toestand, creatie_door, creatie_dt, gebeurtenis_hash) VALUES (21, 1919, '2013-06-27 10:54:47.178', 'blaat', 36, 10000, NULL, '2013-06-27 10:54:47.181696', NULL);
INSERT INTO gebeurtenis (gebeurtenis_id, gebeurtenis_type, gebeurtenis_dt, gebeurtenis_oms, activiteit_id, activiteit_nieuwe_toestand, creatie_door, creatie_dt, gebeurtenis_hash) VALUES (22, 1103, '2013-06-27 10:54:47.252', 'blaat', 36, 7000, NULL, '2013-06-27 10:54:47.253113', -4851319824358859304);
INSERT INTO gebeurtenis (gebeurtenis_id, gebeurtenis_type, gebeurtenis_dt, gebeurtenis_oms, activiteit_id, activiteit_nieuwe_toestand, creatie_door, creatie_dt, gebeurtenis_hash) VALUES (23, 1110, '2013-06-27 10:54:47.252', 'blaat', 36, 8000, NULL, '2013-06-27 10:54:47.253113', -4851319824358859304);

INSERT INTO lo3_bericht (lo3_bericht_id, aanduiding_in_uit, bericht_activiteit_id, medium, originator_or_recipient, spg_mailbox_instantie, eref, bref, eref2, berichtcyclus_id, tijdstip_verzending_ontvangst, dispatch_sequence_number, report_delivery_time, non_delivery_reason, non_receipt_reason, bericht_data, kop_random_key, kop_berichtsoort_nummer, kop_a_nummer, kop_oud_a_nummer, kop_herhaling, kop_foutreden, kop_datum_tijd, creatie_dt) VALUES (19, 'I', 36, 'N', '0563010', 1, NULL, 'eref12345678', NULL, NULL, '2013-06-27 10:54:47.015', NULL, NULL, NULL, NULL, '00000000Lg01201306271054470156929678748000000000000860011770110010692967874801200093017712530210007Johanna0240004Maas03100081975083103200041033033000460300410001V6110001E821000407628220008199409308230003PKA851000819750831861000819951001020110240004Maas030110240004Maas04051051000400016310003001851000819750831861000819940930070776810008199409306910004076270100010801000400138020017200701101130410008710001P08223091000405630920008200707151010001W1020010Middelburg1030008200707151110010Buitenhove1115010Buitenhove11200023411600064337HB1170010Middelburg11800160563010000002310119001605632000000023107210001T85100082008081586100082008081558143091000405630920008200707151010001W1020010Middelburg1030008200707151110010Buitenhove11200023411600064337HB7210001I851000820070715861000820070718140284010006601202851000820030627140284010006251201851000820020704140284010006802501851000819940603140284010006890201851000819940222', 0, 'Lg01', 6929678748, 0, NULL, NULL, NULL, '2013-06-27 10:54:47.02');


/* 9005, tak 3 */
INSERT INTO activiteit (activiteit_id, activiteit_type, activiteit_subtype, moeder_id, toestand, start_dt, laatste_actie_dt, uiterlijke_actie_dt, pl_id, communicatie_partner, nr_1, nr_2, nr_3, nr_4, nr_5, tekst_1, tekst_2, tekst_3, tekst_4, tekst_5, trace_level, creatie_dt) VALUES (38, 100, 1111, 39, 9005, '2013-06-27 10:54:47.017', '2013-06-27 10:54:47.252', '2013-07-02 10:54:47.017', 8, '0563', NULL, NULL, NULL, NULL, NULL, NULL, NULL, NULL, NULL, NULL, NULL, '2013-06-27 10:54:47.017712');
INSERT INTO activiteit (activiteit_id, activiteit_type, activiteit_subtype, moeder_id, toestand, start_dt, laatste_actie_dt, uiterlijke_actie_dt, pl_id, communicatie_partner, nr_1, nr_2, nr_3, nr_4, nr_5, tekst_1, tekst_2, tekst_3, tekst_4, tekst_5, trace_level, creatie_dt) VALUES (39, 102, 1305, NULL, 8022, '2013-06-27 10:54:47.155', '2013-06-27 10:54:47.266', '2013-06-27 10:54:47.155', NULL, '0563', NULL, NULL, NULL, NULL, NULL, NULL, NULL, NULL, NULL, NULL, NULL, '2013-06-27 10:54:47.156405');

INSERT INTO gebeurtenis (gebeurtenis_id, gebeurtenis_type, gebeurtenis_dt, gebeurtenis_oms, activiteit_id, activiteit_nieuwe_toestand, creatie_door, creatie_dt, gebeurtenis_hash) VALUES (24, 1919, '2013-06-27 10:54:47.178', 'blaat', 38, 10000, NULL, '2013-06-27 10:54:47.181696', NULL);

INSERT INTO lo3_bericht (lo3_bericht_id, aanduiding_in_uit, bericht_activiteit_id, medium, originator_or_recipient, spg_mailbox_instantie, eref, bref, eref2, berichtcyclus_id, tijdstip_verzending_ontvangst, dispatch_sequence_number, report_delivery_time, non_delivery_reason, non_receipt_reason, bericht_data, kop_random_key, kop_berichtsoort_nummer, kop_a_nummer, kop_oud_a_nummer, kop_herhaling, kop_foutreden, kop_datum_tijd, creatie_dt) VALUES (20, 'I', 38, 'N', '0563010', 1, NULL, 'eref13211234', NULL, NULL, '2013-06-27 10:54:47.015', NULL, NULL, NULL, NULL, '00000000Lg01201306271054470156929678748000000000000860011770110010692967874801200093017712530210007Johanna0240004Maas03100081975083103200041033033000460300410001V6110001E821000407628220008199409308230003PKA851000819750831861000819951001020110240004Maas030110240004Maas04051051000400016310003001851000819750831861000819940930070776810008199409306910004076270100010801000400138020017200701101130410008710001P08223091000405630920008200707151010001W1020010Middelburg1030008200707151110010Buitenhove1115010Buitenhove11200023411600064337HB1170010Middelburg11800160563010000002310119001605632000000023107210001T85100082008081586100082008081558143091000405630920008200707151010001W1020010Middelburg1030008200707151110010Buitenhove11200023411600064337HB7210001I851000820070715861000820070718140284010006601202851000820030627140284010006251201851000820020704140284010006802501851000819940603140284010006890201851000819940222', 0, 'Lg01', 6929678748, 0, NULL, NULL, NULL, '2013-06-27 10:54:47.02');

/* 7005, tak 3 */
INSERT INTO activiteit (activiteit_id, activiteit_type, activiteit_subtype, moeder_id, toestand, start_dt, laatste_actie_dt, uiterlijke_actie_dt, pl_id, communicatie_partner, nr_1, nr_2, nr_3, nr_4, nr_5, tekst_1, tekst_2, tekst_3, tekst_4, tekst_5, trace_level, creatie_dt) VALUES (44, 100, 1111, 45, 7005, '2013-06-27 10:54:47.017', '2013-06-27 10:54:47.252', '2013-07-02 10:54:47.017', 8, '0563', NULL, NULL, NULL, NULL, NULL, NULL, NULL, NULL, NULL, NULL, NULL, '2013-06-27 10:54:47.017712');
INSERT INTO activiteit (activiteit_id, activiteit_type, activiteit_subtype, moeder_id, toestand, start_dt, laatste_actie_dt, uiterlijke_actie_dt, pl_id, communicatie_partner, nr_1, nr_2, nr_3, nr_4, nr_5, tekst_1, tekst_2, tekst_3, tekst_4, tekst_5, trace_level, creatie_dt) VALUES (45, 102, 1305, NULL, 8022, '2013-06-27 10:54:47.155', '2013-06-27 10:54:47.266', '2013-06-27 10:54:47.155', NULL, '0563', NULL, NULL, NULL, NULL, NULL, NULL, NULL, NULL, NULL, NULL, NULL, '2013-06-27 10:54:47.156405');

INSERT INTO gebeurtenis (gebeurtenis_id, gebeurtenis_type, gebeurtenis_dt, gebeurtenis_oms, activiteit_id, activiteit_nieuwe_toestand, creatie_door, creatie_dt, gebeurtenis_hash) VALUES (29, 1919, '2013-06-27 10:54:47.178', 'blaat', 44, 10000, NULL, '2013-06-27 10:54:47.181696', NULL);

INSERT INTO lo3_bericht (lo3_bericht_id, aanduiding_in_uit, bericht_activiteit_id, medium, originator_or_recipient, spg_mailbox_instantie, eref, bref, eref2, berichtcyclus_id, tijdstip_verzending_ontvangst, dispatch_sequence_number, report_delivery_time, non_delivery_reason, non_receipt_reason, bericht_data, kop_random_key, kop_berichtsoort_nummer, kop_a_nummer, kop_oud_a_nummer, kop_herhaling, kop_foutreden, kop_datum_tijd, creatie_dt) VALUES (23, 'I', 44, 'N', '0563010', 1, NULL, 'eref53211234', NULL, NULL, '2013-06-27 10:54:47.015', NULL, NULL, NULL, NULL, '00000000Lg01201306271054470156929678748000000000000860011770110010692967874801200093017712530210007Johanna0240004Maas03100081975083103200041033033000460300410001V6110001E821000407628220008199409308230003PKA851000819750831861000819951001020110240004Maas030110240004Maas04051051000400016310003001851000819750831861000819940930070776810008199409306910004076270100010801000400138020017200701101130410008710001P08223091000405630920008200707151010001W1020010Middelburg1030008200707151110010Buitenhove1115010Buitenhove11200023411600064337HB1170010Middelburg11800160563010000002310119001605632000000023107210001T85100082008081586100082008081558143091000405630920008200707151010001W1020010Middelburg1030008200707151110010Buitenhove11200023411600064337HB7210001I851000820070715861000820070718140284010006601202851000820030627140284010006251201851000820020704140284010006802501851000819940603140284010006890201851000819940222', 0, 'Lg01', 6929678748, 0, NULL, NULL, NULL, '2013-06-27 10:54:47.02');


/* 8000 maar niet doorgevoerd, tak2 */
INSERT INTO activiteit (activiteit_id, activiteit_type, activiteit_subtype, moeder_id, toestand, start_dt, laatste_actie_dt, uiterlijke_actie_dt, pl_id, communicatie_partner, nr_1, nr_2, nr_3, nr_4, nr_5, tekst_1, tekst_2, tekst_3, tekst_4, tekst_5, trace_level, creatie_dt) VALUES (40, 100, 1111, 41, 8000, '2013-06-27 10:54:47.017', '2013-06-27 10:54:47.252', '2013-07-02 10:54:47.017', 8, '0563', NULL, NULL, NULL, NULL, NULL, NULL, NULL, NULL, NULL, NULL, NULL, '2013-06-27 10:54:47.017712');
INSERT INTO activiteit (activiteit_id, activiteit_type, activiteit_subtype, moeder_id, toestand, start_dt, laatste_actie_dt, uiterlijke_actie_dt, pl_id, communicatie_partner, nr_1, nr_2, nr_3, nr_4, nr_5, tekst_1, tekst_2, tekst_3, tekst_4, tekst_5, trace_level, creatie_dt) VALUES (41, 102, 1305, NULL, 8022, '2013-06-27 10:54:47.155', '2013-06-27 10:54:47.266', '2013-06-27 10:54:47.155', NULL, '0563', NULL, NULL, NULL, NULL, NULL, NULL, NULL, NULL, NULL, NULL, NULL, '2013-06-27 10:54:47.156405');

INSERT INTO gebeurtenis (gebeurtenis_id, gebeurtenis_type, gebeurtenis_dt, gebeurtenis_oms, activiteit_id, activiteit_nieuwe_toestand, creatie_door, creatie_dt, gebeurtenis_hash) VALUES (25, 1919, '2013-06-27 10:54:47.178', 'blaat', 40, 10000, NULL, '2013-06-27 10:54:47.181696', NULL);
INSERT INTO gebeurtenis (gebeurtenis_id, gebeurtenis_type, gebeurtenis_dt, gebeurtenis_oms, activiteit_id, activiteit_nieuwe_toestand, creatie_door, creatie_dt, gebeurtenis_hash) VALUES (26, 1112, '2013-06-27 10:54:47.252', 'blaat', 40, 8000, NULL, '2013-06-27 10:54:47.253113', -4851319824358859304);

INSERT INTO lo3_bericht (lo3_bericht_id, aanduiding_in_uit, bericht_activiteit_id, medium, originator_or_recipient, spg_mailbox_instantie, eref, bref, eref2, berichtcyclus_id, tijdstip_verzending_ontvangst, dispatch_sequence_number, report_delivery_time, non_delivery_reason, non_receipt_reason, bericht_data, kop_random_key, kop_berichtsoort_nummer, kop_a_nummer, kop_oud_a_nummer, kop_herhaling, kop_foutreden, kop_datum_tijd, creatie_dt) VALUES (21, 'I', 40, 'N', '0563010', 1, NULL, 'eref23211234', NULL, NULL, '2013-06-27 10:54:47.015', NULL, NULL, NULL, NULL, '00000000Lg01201306271054470156929678748000000000000860011770110010692967874801200093017712530210007Johanna0240004Maas03100081975083103200041033033000460300410001V6110001E821000407628220008199409308230003PKA851000819750831861000819951001020110240004Maas030110240004Maas04051051000400016310003001851000819750831861000819940930070776810008199409306910004076270100010801000400138020017200701101130410008710001P08223091000405630920008200707151010001W1020010Middelburg1030008200707151110010Buitenhove1115010Buitenhove11200023411600064337HB1170010Middelburg11800160563010000002310119001605632000000023107210001T85100082008081586100082008081558143091000405630920008200707151010001W1020010Middelburg1030008200707151110010Buitenhove11200023411600064337HB7210001I851000820070715861000820070718140284010006601202851000820030627140284010006251201851000820020704140284010006802501851000819940603140284010006890201851000819940222', 0, 'Lg01', 6929678748, 0, NULL, NULL, NULL, '2013-06-27 10:54:47.02');


/* 8000 maar niet doorgevoerd, tak2, niet in selectie */
INSERT INTO activiteit (activiteit_id, activiteit_type, activiteit_subtype, moeder_id, toestand, start_dt, laatste_actie_dt, uiterlijke_actie_dt, pl_id, communicatie_partner, nr_1, nr_2, nr_3, nr_4, nr_5, tekst_1, tekst_2, tekst_3, tekst_4, tekst_5, trace_level, creatie_dt) VALUES (46, 100, 1111, 47, 8000, '2013-06-27 10:54:47.017', '2013-06-27 10:54:47.252', '2013-07-02 10:54:47.017', 8, '0563', NULL, NULL, NULL, NULL, NULL, NULL, NULL, NULL, NULL, NULL, NULL, '2013-06-27 10:54:47.017712');
INSERT INTO activiteit (activiteit_id, activiteit_type, activiteit_subtype, moeder_id, toestand, start_dt, laatste_actie_dt, uiterlijke_actie_dt, pl_id, communicatie_partner, nr_1, nr_2, nr_3, nr_4, nr_5, tekst_1, tekst_2, tekst_3, tekst_4, tekst_5, trace_level, creatie_dt) VALUES (47, 102, 1305, NULL, 8022, '2013-06-27 10:54:47.155', '2013-06-27 10:54:47.266', '2013-06-27 10:54:47.155', NULL, '0563', NULL, NULL, NULL, NULL, NULL, NULL, NULL, NULL, NULL, NULL, NULL, '2013-06-27 10:54:47.156405');

INSERT INTO gebeurtenis (gebeurtenis_id, gebeurtenis_type, gebeurtenis_dt, gebeurtenis_oms, activiteit_id, activiteit_nieuwe_toestand, creatie_door, creatie_dt, gebeurtenis_hash) VALUES (30, 1919, '2013-06-27 10:54:47.178', 'blaat', 46, 10000, NULL, '2013-06-27 10:54:47.181696', NULL);
INSERT INTO gebeurtenis (gebeurtenis_id, gebeurtenis_type, gebeurtenis_dt, gebeurtenis_oms, activiteit_id, activiteit_nieuwe_toestand, creatie_door, creatie_dt, gebeurtenis_hash) VALUES (31, 1003, '2013-06-27 10:54:47.252', 'blaat', 46, 7000, NULL, '2013-06-27 10:54:47.253113', -4851319824358859304);
INSERT INTO gebeurtenis (gebeurtenis_id, gebeurtenis_type, gebeurtenis_dt, gebeurtenis_oms, activiteit_id, activiteit_nieuwe_toestand, creatie_door, creatie_dt, gebeurtenis_hash) VALUES (32, 1112, '2013-06-27 10:54:47.252', 'blaat', 46, 8000, NULL, '2013-06-27 10:54:47.253113', -4851319824358859304);

INSERT INTO lo3_bericht (lo3_bericht_id, aanduiding_in_uit, bericht_activiteit_id, medium, originator_or_recipient, spg_mailbox_instantie, eref, bref, eref2, berichtcyclus_id, tijdstip_verzending_ontvangst, dispatch_sequence_number, report_delivery_time, non_delivery_reason, non_receipt_reason, bericht_data, kop_random_key, kop_berichtsoort_nummer, kop_a_nummer, kop_oud_a_nummer, kop_herhaling, kop_foutreden, kop_datum_tijd, creatie_dt) VALUES (24, 'I', 46, 'N', '0563010', 1, NULL, 'eref63211234', NULL, NULL, '2013-06-27 10:54:47.015', NULL, NULL, NULL, NULL, '00000000Lg01201306271054470156929678748000000000000860011770110010692967874801200093017712530210007Johanna0240004Maas03100081975083103200041033033000460300410001V6110001E821000407628220008199409308230003PKA851000819750831861000819951001020110240004Maas030110240004Maas04051051000400016310003001851000819750831861000819940930070776810008199409306910004076270100010801000400138020017200701101130410008710001P08223091000405630920008200707151010001W1020010Middelburg1030008200707151110010Buitenhove1115010Buitenhove11200023411600064337HB1170010Middelburg11800160563010000002310119001605632000000023107210001T85100082008081586100082008081558143091000405630920008200707151010001W1020010Middelburg1030008200707151110010Buitenhove11200023411600064337HB7210001I851000820070715861000820070718140284010006601202851000820030627140284010006251201851000820020704140284010006802501851000819940603140284010006890201851000819940222', 0, 'Lg01', 6929678748, 0, NULL, NULL, NULL, '2013-06-27 10:54:47.02');



/* activiteit met gebeurtenis 1103 */
INSERT INTO activiteit (activiteit_id, activiteit_type, activiteit_subtype, moeder_id, toestand, start_dt, laatste_actie_dt, uiterlijke_actie_dt, pl_id, communicatie_partner, nr_1, nr_2, nr_3, nr_4, nr_5, tekst_1, tekst_2, tekst_3, tekst_4, tekst_5, trace_level, creatie_dt) VALUES (42, 100, 1111, 43, 7000, '2013-06-27 10:54:47.017', '2013-06-27 10:54:47.252', '2013-07-02 10:54:47.017', 8, '0563', NULL, NULL, NULL, NULL, NULL, NULL, NULL, NULL, NULL, NULL, NULL, '2013-06-27 10:54:47.017712');
INSERT INTO activiteit (activiteit_id, activiteit_type, activiteit_subtype, moeder_id, toestand, start_dt, laatste_actie_dt, uiterlijke_actie_dt, pl_id, communicatie_partner, nr_1, nr_2, nr_3, nr_4, nr_5, tekst_1, tekst_2, tekst_3, tekst_4, tekst_5, trace_level, creatie_dt) VALUES (43, 102, 1305, NULL, 8022, '2013-06-27 10:54:47.155', '2013-06-27 10:54:47.266', '2013-06-27 10:54:47.155', NULL, '0563', NULL, NULL, NULL, NULL, NULL, NULL, NULL, NULL, NULL, NULL, NULL, '2013-06-27 10:54:47.156405');

INSERT INTO gebeurtenis (gebeurtenis_id, gebeurtenis_type, gebeurtenis_dt, gebeurtenis_oms, activiteit_id, activiteit_nieuwe_toestand, creatie_door, creatie_dt, gebeurtenis_hash) VALUES (27, 1919, '2013-06-27 10:54:47.178', 'blaat', 42, 10000, NULL, '2013-06-27 10:54:47.181696', NULL);
INSERT INTO gebeurtenis (gebeurtenis_id, gebeurtenis_type, gebeurtenis_dt, gebeurtenis_oms, activiteit_id, activiteit_nieuwe_toestand, creatie_door, creatie_dt, gebeurtenis_hash) VALUES (28, 1103, '2013-06-27 10:54:47.252', 'blaat', 42, 7000, NULL, '2013-06-27 10:54:47.253113', -4851319824358859304);

INSERT INTO lo3_bericht (lo3_bericht_id, aanduiding_in_uit, bericht_activiteit_id, medium, originator_or_recipient, spg_mailbox_instantie, eref, bref, eref2, berichtcyclus_id, tijdstip_verzending_ontvangst, dispatch_sequence_number, report_delivery_time, non_delivery_reason, non_receipt_reason, bericht_data, kop_random_key, kop_berichtsoort_nummer, kop_a_nummer, kop_oud_a_nummer, kop_herhaling, kop_foutreden, kop_datum_tijd, creatie_dt) VALUES (22, 'I', 42, 'N', '0563010', 1, NULL, 'eref33211234', NULL, NULL, '2013-06-27 10:54:47.015', NULL, NULL, NULL, NULL, '00000000Lg01201306271054470156929678748000000000000860011770110010692967874801200093017712530210007Johanna0240004Maas03100081975083103200041033033000460300410001V6110001E821000407628220008199409308230003PKA851000819750831861000819951001020110240004Maas030110240004Maas04051051000400016310003001851000819750831861000819940930070776810008199409306910004076270100010801000400138020017200701101130410008710001P08223091000405630920008200707151010001W1020010Middelburg1030008200707151110010Buitenhove1115010Buitenhove11200023411600064337HB1170010Middelburg11800160563010000002310119001605632000000023107210001T85100082008081586100082008081558143091000405630920008200707151010001W1020010Middelburg1030008200707151110010Buitenhove11200023411600064337HB7210001I851000820070715861000820070718140284010006601202851000820030627140284010006251201851000820020704140284010006802501851000819940603140284010006890201851000819940222', 0, 'Lg01', 6929678748, 0, NULL, NULL, NULL, '2013-06-27 10:54:47.02');



/* activiteit met 2x gebeurtenis 1103 */
INSERT INTO activiteit (activiteit_id, activiteit_type, activiteit_subtype, moeder_id, toestand, start_dt, laatste_actie_dt, uiterlijke_actie_dt, pl_id, communicatie_partner, nr_1, nr_2, nr_3, nr_4, nr_5, tekst_1, tekst_2, tekst_3, tekst_4, tekst_5, trace_level, creatie_dt) VALUES (48, 100, 1111, 49, 8000, '2013-06-27 10:54:47.017', '2013-06-27 10:54:47.252', '2013-07-02 10:54:47.017', 8, '0563', NULL, NULL, NULL, NULL, NULL, NULL, NULL, NULL, NULL, NULL, NULL, '2013-06-27 10:54:47.017712');
INSERT INTO activiteit (activiteit_id, activiteit_type, activiteit_subtype, moeder_id, toestand, start_dt, laatste_actie_dt, uiterlijke_actie_dt, pl_id, communicatie_partner, nr_1, nr_2, nr_3, nr_4, nr_5, tekst_1, tekst_2, tekst_3, tekst_4, tekst_5, trace_level, creatie_dt) VALUES (49, 102, 1305, NULL, 8022, '2013-06-27 10:54:47.155', '2013-06-27 10:54:47.266', '2013-06-27 10:54:47.155', NULL, '0563', NULL, NULL, NULL, NULL, NULL, NULL, NULL, NULL, NULL, NULL, NULL, '2013-06-27 10:54:47.156405');

INSERT INTO gebeurtenis (gebeurtenis_id, gebeurtenis_type, gebeurtenis_dt, gebeurtenis_oms, activiteit_id, activiteit_nieuwe_toestand, creatie_door, creatie_dt, gebeurtenis_hash) VALUES (33, 1919, '2013-06-27 10:54:47.178', 'blaat', 48, 10000, NULL, '2013-06-27 10:54:47.181696', NULL);
INSERT INTO gebeurtenis (gebeurtenis_id, gebeurtenis_type, gebeurtenis_dt, gebeurtenis_oms, activiteit_id, activiteit_nieuwe_toestand, creatie_door, creatie_dt, gebeurtenis_hash) VALUES (34, 1103, '2013-06-27 10:54:47.252', 'blaat', 48, 7000, NULL, '2013-06-27 10:54:47.253113', -4851319824358859304);
INSERT INTO gebeurtenis (gebeurtenis_id, gebeurtenis_type, gebeurtenis_dt, gebeurtenis_oms, activiteit_id, activiteit_nieuwe_toestand, creatie_door, creatie_dt, gebeurtenis_hash) VALUES (35, 1103, '2013-06-27 10:54:47.252', 'blaat', 48, 7000, NULL, '2013-06-27 10:54:47.253113', -4851319824358859304);

INSERT INTO lo3_bericht (lo3_bericht_id, aanduiding_in_uit, bericht_activiteit_id, medium, originator_or_recipient, spg_mailbox_instantie, eref, bref, eref2, berichtcyclus_id, tijdstip_verzending_ontvangst, dispatch_sequence_number, report_delivery_time, non_delivery_reason, non_receipt_reason, bericht_data, kop_random_key, kop_berichtsoort_nummer, kop_a_nummer, kop_oud_a_nummer, kop_herhaling, kop_foutreden, kop_datum_tijd, creatie_dt) VALUES (25, 'I', 48, 'N', '0563010', 1, NULL, 'eref73211234', NULL, NULL, '2013-06-27 10:54:47.015', NULL, NULL, NULL, NULL, '00000000Lg01201306271054470156929678748000000000000860011770110010692967874801200093017712530210007Johanna0240004Maas03100081975083103200041033033000460300410001V6110001E821000407628220008199409308230003PKA851000819750831861000819951001020110240004Maas030110240004Maas04051051000400016310003001851000819750831861000819940930070776810008199409306910004076270100010801000400138020017200701101130410008710001P08223091000405630920008200707151010001W1020010Middelburg1030008200707151110010Buitenhove1115010Buitenhove11200023411600064337HB1170010Middelburg11800160563010000002310119001605632000000023107210001T85100082008081586100082008081558143091000405630920008200707151010001W1020010Middelburg1030008200707151110010Buitenhove11200023411600064337HB7210001I851000820070715861000820070718140284010006601202851000820030627140284010006251201851000820020704140284010006802501851000819940603140284010006890201851000819940222', 0, 'Lg01', 6929678748, 0, NULL, NULL, NULL, '2013-06-27 10:54:47.02');


/* Bericht zonder activiteit */
INSERT INTO lo3_bericht (lo3_bericht_id, aanduiding_in_uit, bericht_activiteit_id, medium, originator_or_recipient, spg_mailbox_instantie, eref, bref, eref2, berichtcyclus_id, tijdstip_verzending_ontvangst, dispatch_sequence_number, report_delivery_time, non_delivery_reason, non_receipt_reason, bericht_data, kop_random_key, kop_berichtsoort_nummer, kop_a_nummer, kop_oud_a_nummer, kop_herhaling, kop_foutreden, kop_datum_tijd, creatie_dt) VALUES (26, 'I', NULL, 'N', '0563010', 1, NULL, 'eref11111111', NULL, NULL, '2013-06-28 10:54:47.015', NULL, NULL, NULL, NULL, '00000000Lg01201306271054470156929678748000000000000860011770110010692967874801200093017712530210007Johanna0240004Maas03100081975083103200041033033000460300410001V6110001E821000407628220008199409308230003PKA851000819750831861000819951001020110240004Maas030110240004Maas04051051000400016310003001851000819750831861000819940930070776810008199409306910004076270100010801000400138020017200701101130410008710001P08223091000405630920008200707151010001W1020010Middelburg1030008200707151110010Buitenhove1115010Buitenhove11200023411600064337HB1170010Middelburg11800160563010000002310119001605632000000023107210001T85100082008081586100082008081558143091000405630920008200707151010001W1020010Middelburg1030008200707151110010Buitenhove11200023411600064337HB7210001I851000820070715861000820070718140284010006601202851000820030627140284010006251201851000820020704140284010006802501851000819940603140284010006890201851000819940222', 0, 'Lg01', 6929678748, 0, NULL, NULL, NULL, '2013-06-27 10:54:47.02'); 
