<?xml version='1.0' encoding='UTF-8'?>
<?artifactRepository class='org.eclipse.equinox.internal.p2.artifact.repository.simple.SimpleArtifactRepository' version='1.0.0'?>
<repository name='jBPM jPDL Updates - artifacts' type='org.eclipse.equinox.p2.artifact.repository.simpleRepository' version='1'>
  <properties size='2'>
    <property name='p2.compressed' value='false'/>
    <property name='p2.timestamp' value='1224859877303'/>
  </properties>
  <mappings size='3'>
    <rule filter='(&amp; (classifier=osgi.bundle))' output='${repoUrl}/plugins/${id}_${version}.jar'/>
    <rule filter='(&amp; (classifier=binary))' output='${repoUrl}/binary/${id}_${version}'/>
    <rule filter='(&amp; (classifier=org.eclipse.update.feature))' output='${repoUrl}/features/${id}_${version}.jar'/>
  </mappings>
  <artifacts size='4'>
    <artifact classifier='osgi.bundle' id='org.jbpm.gd.jpdl' version='3.1.7'>
      <properties size='3'>
        <property name='artifact.size' value='1202997'/>
        <property name='download.size' value='1202997'/>
        <property name='download.contentType' value='application/zip'/>
      </properties>
    </artifact>
    <artifact classifier='osgi.bundle' id='org.jbpm.gd.jpdl.help' version='3.1.7'>
      <properties size='3'>
        <property name='artifact.size' value='1857921'/>
        <property name='download.size' value='1857921'/>
        <property name='download.contentType' value='application/zip'/>
      </properties>
    </artifact>
    <artifact classifier='org.eclipse.update.feature' id='org.jbpm.gd.jpdl.docs' version='3.1.7'>
      <properties size='2'>
        <property name='artifact.size' value='9221'/>
        <property name='download.size' value='9221'/>
      </properties>
    </artifact>
    <artifact classifier='org.eclipse.update.feature' id='org.jbpm.gd.jpdl.feature' version='3.1.7'>
      <properties size='2'>
        <property name='artifact.size' value='8860'/>
        <property name='download.size' value='8860'/>
      </properties>
    </artifact>
  </artifacts>
</repository>
